Saison,Année,gameId,gameCode,gameStatusText,dateParis,heureParis,homeTeamId,homeTeamTricode,homeTeamScore,awayTeamId,awayTeamTricode,awayTeamScore,seriesGameNumber,gameLabel,poRoundDesc,ifNecessary
2011-2012,2012,0011100001,20111216/CHIIND,Final,2011-12-17,01:00,1610612754,IND,86,1610612741,CHI,95,,,,False
2011-2012,2012,0011100003,20111216/PHIWAS,Final,2011-12-17,01:00,1610612764,WAS,78,1610612755,PHI,103,,,,False
2011-2012,2012,0011100004,20111216/CLEDET,Final,2011-12-17,01:30,1610612765,DET,87,1610612739,CLE,91,,,,False
2011-2012,2012,0011100002,20111216/NOHMEM,Final,2011-12-17,02:00,1610612763,MEM,90,1610612740,NOH,97,,,,False
2011-2012,2012,0011100005,20111217/NYKNJN,Final,2011-12-17,20:00,1610612751,NJN,83,1610612752,NYK,92,,,,False
2011-2012,2012,0011100006,20111217/SASHOU,Final,2011-12-18,02:00,1610612745,HOU,101,1610612759,SAS,87,,,,False
2011-2012,2012,0011100007,20111217/MILMIN,Final,2011-12-18,02:00,1610612750,MIN,117,1610612749,MIL,96,,,,False
2011-2012,2012,0011100008,20111217/SACGSW,Final,2011-12-18,04:30,1610612744,GSW,107,1610612758,SAC,96,,,,False
2011-2012,2012,0011100009,20111218/BOSTOR,Final,2011-12-18,19:00,1610612761,TOR,75,1610612738,BOS,76,,,,False
2011-2012,2012,0011100010,20111218/ORLMIA,Final,2011-12-19,00:00,1610612748,MIA,118,1610612753,ORL,85,,,,False
2011-2012,2012,0011100011,20111218/OKCDAL,Final,2011-12-19,01:30,1610612742,DAL,92,1610612760,OKC,106,,,,False
2011-2012,2012,0011100012,20111219/ATLCHA,Final,2011-12-20,01:00,1610612766,CHA,79,1610612737,ATL,77,,,,False
2011-2012,2012,0011100013,20111219/UTAPOR,Final,2011-12-20,04:00,1610612757,POR,110,1610612762,UTA,90,,,,False
2011-2012,2012,0011100014,20111219/LACLAL,Final,2011-12-20,04:30,1610612747,LAL,95,1610612746,LAC,114,,,,False
2011-2012,2012,0011100015,20111220/WASPHI,Final,2011-12-21,01:00,1610612755,PHI,101,1610612764,WAS,94,,,,False
2011-2012,2012,0011100016,20111220/DETCLE,Final,2011-12-21,01:00,1610612739,CLE,89,1610612765,DET,90,,,,False
2011-2012,2012,0011100017,20111220/INDCHI,Final,2011-12-21,02:00,1610612741,CHI,93,1610612754,IND,85,,,,False
2011-2012,2012,0011100019,20111220/DALOKC,Final,2011-12-21,02:00,1610612760,OKC,87,1610612742,DAL,83,,,,False
2011-2012,2012,0011100018,20111220/PHXDEN,Final,2011-12-21,03:00,1610612743,DEN,127,1610612756,PHX,110,,,,False
2011-2012,2012,0011100020,20111220/GSWSAC,Final,2011-12-21,04:00,1610612758,SAC,95,1610612744,GSW,91,,,,False
2011-2012,2012,0011100021,20111221/MIAORL,Final,2011-12-22,01:00,1610612753,ORL,104,1610612748,MIA,100,,,,False
2011-2012,2012,0011100024,20111221/TORBOS,Final,2011-12-22,01:30,1610612738,BOS,81,1610612761,TOR,73,,,,False
2011-2012,2012,0011100025,20111221/NJNNYK,Final,2011-12-22,01:30,1610612752,NYK,88,1610612751,NJN,82,,,,False
2011-2012,2012,0011100022,20111221/MEMNOH,Final,2011-12-22,02:00,1610612740,NOH,95,1610612763,MEM,80,,,,False
2011-2012,2012,0011100026,20111221/MINMIL,Final,2011-12-22,02:00,1610612749,MIL,84,1610612750,MIN,85,,,,False
2011-2012,2012,0011100027,20111221/HOUSAS,Final,2011-12-22,02:30,1610612759,SAS,97,1610612745,HOU,95,,,,False
2011-2012,2012,0011100023,20111221/PORUTA,Final,2011-12-22,03:00,1610612762,UTA,92,1610612757,POR,89,,,,False
2011-2012,2012,0011100028,20111221/LALLAC,Final,2011-12-22,04:30,1610612746,LAC,108,1610612747,LAL,103,,,,False
2011-2012,2012,0011100030,20111222/CHAATL,Final,2011-12-23,01:30,1610612737,ATL,92,1610612766,CHA,75,,,,False
2011-2012,2012,0011100029,20111222/DENPHX,Final,2011-12-23,03:00,1610612756,PHX,85,1610612743,DEN,110,,,,False
2011-2012,2012,0021100001,20111225/BOSNYK,Final,2011-12-25,18:00,1610612752,NYK,106,1610612738,BOS,104,,,,False
2011-2012,2012,0021100002,20111225/MIADAL,Final,2011-12-25,20:30,1610612742,DAL,94,1610612748,MIA,105,,,,False
2011-2012,2012,0021100003,20111225/CHILAL,Final,2011-12-25,23:00,1610612747,LAL,87,1610612741,CHI,88,,,,False
2011-2012,2012,0021100004,20111225/ORLOKC,Final,2011-12-26,02:00,1610612760,OKC,97,1610612753,ORL,89,,,,False
2011-2012,2012,0021100005,20111225/LACGSW,Final,2011-12-26,04:30,1610612744,GSW,86,1610612746,LAC,105,,,,False
2011-2012,2012,0021100006,20111226/NJNWAS,Final,2011-12-27,01:00,1610612764,WAS,84,1610612751,NJN,90,,,,False
2011-2012,2012,0021100007,20111226/MILCHA,Final,2011-12-27,01:00,1610612766,CHA,96,1610612749,MIL,95,,,,False
2011-2012,2012,0021100008,20111226/HOUORL,Final,2011-12-27,01:00,1610612753,ORL,104,1610612745,HOU,95,,,,False
2011-2012,2012,0021100009,20111226/TORCLE,Final,2011-12-27,01:00,1610612739,CLE,96,1610612761,TOR,104,,,,False
2011-2012,2012,0021100010,20111226/DETIND,Final,2011-12-27,01:00,1610612754,IND,91,1610612765,DET,79,,,,False
2011-2012,2012,0021100011,20111226/OKCMIN,Final,2011-12-27,02:00,1610612750,MIN,100,1610612760,OKC,104,,,,False
2011-2012,2012,0021100012,20111226/DENDAL,Final,2011-12-27,02:30,1610612742,DAL,93,1610612743,DEN,115,,,,False
2011-2012,2012,0021100013,20111226/MEMSAS,Final,2011-12-27,02:30,1610612759,SAS,95,1610612763,MEM,82,,,,False
2011-2012,2012,0021100014,20111226/NOHPHX,Final,2011-12-27,03:00,1610612756,PHX,84,1610612740,NOH,85,,,,False
2011-2012,2012,0021100015,20111226/LALSAC,Final,2011-12-27,04:00,1610612758,SAC,100,1610612747,LAL,91,,,,False
2011-2012,2012,0021100016,20111226/PHIPOR,Final,2011-12-27,04:00,1610612757,POR,107,1610612755,PHI,103,,,,False
2011-2012,2012,0021100017,20111226/CHIGSW,Final,2011-12-27,04:30,1610612744,GSW,99,1610612741,CHI,91,,,,False
2011-2012,2012,0021100018,20111227/ATLNJN,Final,2011-12-28,01:30,1610612751,NJN,70,1610612737,ATL,106,,,,False
2011-2012,2012,0021100019,20111227/BOSMIA,Final,2011-12-28,02:00,1610612748,MIA,115,1610612738,BOS,107,,,,False
2011-2012,2012,0021100020,20111227/MINMIL,Final,2011-12-28,02:30,1610612749,MIL,98,1610612750,MIN,95,,,,False
2011-2012,2012,0021100021,20111227/SACPOR,Final,2011-12-28,04:00,1610612757,POR,101,1610612758,SAC,79,,,,False
2011-2012,2012,0021100022,20111227/UTALAL,Final,2011-12-28,04:30,1610612747,LAL,96,1610612762,UTA,71,,,,False
2011-2012,2012,0021100023,20111228/INDTOR,Final,2011-12-29,00:00,1610612761,TOR,85,1610612754,IND,90,,,,False
2011-2012,2012,0021100024,20111228/MIACHA,Final,2011-12-29,01:00,1610612766,CHA,95,1610612748,MIA,96,,,,False
2011-2012,2012,0021100025,20111228/WASATL,Final,2011-12-29,01:30,1610612737,ATL,101,1610612764,WAS,83,,,,False
2011-2012,2012,0021100026,20111228/CLEDET,Final,2011-12-29,01:30,1610612765,DET,89,1610612739,CLE,105,,,,False
2011-2012,2012,0021100027,20111228/OKCMEM,Final,2011-12-29,02:00,1610612763,MEM,95,1610612760,OKC,98,,,,False
2011-2012,2012,0021100028,20111228/BOSNOH,Final,2011-12-29,02:00,1610612740,NOH,97,1610612738,BOS,78,,,,False
2011-2012,2012,0021100029,20111228/LACSAS,Final,2011-12-29,02:30,1610612759,SAS,115,1610612746,LAC,90,,,,False
2011-2012,2012,0021100030,20111228/UTADEN,Final,2011-12-29,03:00,1610612743,DEN,117,1610612762,UTA,100,,,,False
2011-2012,2012,0021100031,20111228/PHIPHX,Final,2011-12-29,03:00,1610612756,PHX,83,1610612755,PHI,103,,,,False
2011-2012,2012,0021100032,20111228/NYKGSW,Final,2011-12-29,04:30,1610612744,GSW,92,1610612752,NYK,78,,,,False
2011-2012,2012,0021100033,20111229/NJNORL,Final,2011-12-30,01:00,1610612753,ORL,94,1610612751,NJN,78,,,,False
2011-2012,2012,0021100034,20111229/SASHOU,Final,2011-12-30,02:00,1610612745,HOU,105,1610612759,SAS,85,,,,False
2011-2012,2012,0021100035,20111229/DALOKC,Final,2011-12-30,02:00,1610612760,OKC,104,1610612742,DAL,102,,,,False
2011-2012,2012,0021100036,20111229/CHISAC,Final,2011-12-30,04:00,1610612758,SAC,98,1610612741,CHI,108,,,,False
2011-2012,2012,0021100037,20111229/DENPOR,Final,2011-12-30,04:00,1610612757,POR,111,1610612743,DEN,102,,,,False
2011-2012,2012,0021100038,20111229/NYKLAL,Final,2011-12-30,04:30,1610612747,LAL,99,1610612752,NYK,82,,,,False
2011-2012,2012,0021100039,20111230/ORLCHA,Final,2011-12-31,01:00,1610612766,CHA,79,1610612753,ORL,100,,,,False
2011-2012,2012,0021100040,20111230/CLEIND,Final/OT,2011-12-31,01:00,1610612754,IND,98,1610612739,CLE,91,,,,False
2011-2012,2012,0021100041,20111230/DETBOS,Final,2011-12-31,01:30,1610612738,BOS,96,1610612765,DET,85,,,,False
2011-2012,2012,0021100042,20111230/NJNATL,Final,2011-12-31,01:30,1610612737,ATL,105,1610612751,NJN,98,,,,False
2011-2012,2012,0021100043,20111230/HOUMEM,Final,2011-12-31,02:00,1610612763,MEM,113,1610612745,HOU,93,,,,False
2011-2012,2012,0021100044,20111230/PHXNOH,Final,2011-12-31,02:00,1610612740,NOH,78,1610612756,PHX,93,,,,False
2011-2012,2012,0021100045,20111230/MIAMIN,Final,2011-12-31,02:00,1610612750,MIN,101,1610612748,MIA,103,,,,False
2011-2012,2012,0021100046,20111230/WASMIL,Final,2011-12-31,02:30,1610612749,MIL,102,1610612764,WAS,81,,,,False
2011-2012,2012,0021100047,20111230/TORDAL,Final,2011-12-31,02:30,1610612742,DAL,99,1610612761,TOR,86,,,,False
2011-2012,2012,0021100048,20111230/PHIUTA,Final,2011-12-31,03:00,1610612762,UTA,102,1610612755,PHI,99,,,,False
2011-2012,2012,0021100049,20111230/CHILAC,Final,2011-12-31,04:30,1610612746,LAC,101,1610612741,CHI,114,,,,False
2011-2012,2012,0021100050,20111231/DENLAL,Final,2011-12-31,21:30,1610612747,LAL,92,1610612743,DEN,89,,,,False
2011-2012,2012,0021100051,20111231/INDDET,Final,2012-01-01,00:00,1610612765,DET,96,1610612754,IND,88,,,,False
2011-2012,2012,0021100052,20111231/ATLHOU,Final,2012-01-01,01:00,1610612745,HOU,95,1610612737,ATL,84,,,,False
2011-2012,2012,0021100053,20111231/PHXOKC,Final,2012-01-01,02:00,1610612760,OKC,107,1610612756,PHX,97,,,,False
2011-2012,2012,0021100054,20111231/NYKSAC,Final,2012-01-01,02:00,1610612758,SAC,92,1610612752,NYK,114,,,,False
2011-2012,2012,0021100055,20111231/UTASAS,Final,2012-01-01,02:30,1610612759,SAS,104,1610612762,UTA,89,,,,False
2011-2012,2012,0021100056,20111231/PHIGSW,Final,2012-01-01,03:00,1610612744,GSW,79,1610612755,PHI,107,,,,False
2011-2012,2012,0021100057,20120101/BOSWAS,Final,2012-01-02,00:00,1610612764,WAS,86,1610612738,BOS,94,,,,False
2011-2012,2012,0021100058,20120101/TORORL,Final,2012-01-02,00:00,1610612753,ORL,102,1610612761,TOR,96,,,,False
2011-2012,2012,0021100059,20120101/CHAMIA,Final,2012-01-02,00:00,1610612748,MIA,129,1610612766,CHA,90,,,,False
2011-2012,2012,0021100060,20120101/NJNCLE,Final,2012-01-02,00:00,1610612739,CLE,98,1610612751,NJN,82,,,,False
2011-2012,2012,0021100061,20120101/DALMIN,Final,2012-01-02,01:00,1610612750,MIN,99,1610612742,DAL,82,,,,False
2011-2012,2012,0021100062,20120101/MEMCHI,Final,2012-01-02,02:00,1610612741,CHI,104,1610612763,MEM,64,,,,False
2011-2012,2012,0021100063,20120101/LALDEN,Final,2012-01-02,02:00,1610612743,DEN,99,1610612747,LAL,90,,,,False
2011-2012,2012,0021100064,20120101/NOHSAC,Final,2012-01-02,03:00,1610612758,SAC,96,1610612740,NOH,80,,,,False
2011-2012,2012,0021100065,20120101/PORLAC,Final,2012-01-02,03:30,1610612746,LAC,93,1610612757,POR,88,,,,False
2011-2012,2012,0021100066,20120102/GSWPHX,Final,2012-01-02,21:30,1610612756,PHX,102,1610612744,GSW,91,,,,False
2011-2012,2012,0021100067,20120102/WASBOS,Final,2012-01-03,01:30,1610612738,BOS,100,1610612764,WAS,92,,,,False
2011-2012,2012,0021100068,20120102/INDNJN,Final,2012-01-03,01:30,1610612751,NJN,94,1610612754,IND,108,,,,False
2011-2012,2012,0021100069,20120102/TORNYK,Final,2012-01-03,01:30,1610612752,NYK,85,1610612761,TOR,90,,,,False
2011-2012,2012,0021100070,20120102/ATLMIA,Final,2012-01-03,01:30,1610612748,MIA,92,1610612737,ATL,100,,,,False
2011-2012,2012,0021100071,20120102/ORLDET,Final,2012-01-03,01:30,1610612765,DET,89,1610612753,ORL,78,,,,False
2011-2012,2012,0021100072,20120102/SASMIN,Final,2012-01-03,02:00,1610612750,MIN,106,1610612759,SAS,96,,,,False
2011-2012,2012,0021100073,20120102/OKCDAL,Final,2012-01-03,02:30,1610612742,DAL,100,1610612760,OKC,87,,,,False
2011-2012,2012,0021100074,20120102/MILDEN,Final,2012-01-03,03:00,1610612743,DEN,91,1610612749,MIL,86,,,,False
2011-2012,2012,0021100075,20120102/NOHUTA,Final,2012-01-03,03:00,1610612762,UTA,94,1610612740,NOH,90,,,,False
2011-2012,2012,0021100076,20120103/CHACLE,Final,2012-01-04,01:00,1610612739,CLE,115,1610612766,CHA,101,,,,False
2011-2012,2012,0021100077,20120103/ATLCHI,Final,2012-01-04,02:00,1610612741,CHI,76,1610612737,ATL,74,,,,False
2011-2012,2012,0021100078,20120103/SACMEM,Final,2012-01-04,02:00,1610612763,MEM,113,1610612758,SAC,96,,,,False
2011-2012,2012,0021100079,20120103/POROKC,Final,2012-01-04,02:00,1610612760,OKC,93,1610612757,POR,103,,,,False
2011-2012,2012,0021100080,20120103/MILUTA,Final,2012-01-04,03:00,1610612762,UTA,85,1610612749,MIL,73,,,,False
2011-2012,2012,0021100081,20120103/HOULAL,Final,2012-01-04,04:30,1610612747,LAL,108,1610612745,HOU,99,,,,False
2011-2012,2012,0021100082,20120104/CLETOR,Final,2012-01-05,01:00,1610612761,TOR,92,1610612739,CLE,77,,,,False
2011-2012,2012,0021100083,20120104/WASORL,Final,2012-01-05,01:00,1610612753,ORL,103,1610612764,WAS,85,,,,False
2011-2012,2012,0021100084,20120104/NJNBOS,Final,2012-01-05,01:30,1610612738,BOS,89,1610612751,NJN,70,,,,False
2011-2012,2012,0021100085,20120104/CHANYK,Final,2012-01-05,01:30,1610612752,NYK,110,1610612766,CHA,118,,,,False
2011-2012,2012,0021100086,20120104/INDMIA,Final,2012-01-05,01:30,1610612748,MIA,118,1610612754,IND,83,,,,False
2011-2012,2012,0021100087,20120104/CHIDET,Final,2012-01-05,01:30,1610612765,DET,83,1610612741,CHI,99,,,,False
2011-2012,2012,0021100088,20120104/PHINOH,Final,2012-01-05,02:00,1610612740,NOH,93,1610612755,PHI,101,,,,False
2011-2012,2012,0021100089,20120104/MEMMIN,Final,2012-01-05,02:00,1610612750,MIN,86,1610612763,MEM,90,,,,False
2011-2012,2012,0021100090,20120104/PHXDAL,Final,2012-01-05,02:30,1610612742,DAL,98,1610612756,PHX,89,,,,False
2011-2012,2012,0021100091,20120104/GSWSAS,Final,2012-01-05,02:30,1610612759,SAS,101,1610612744,GSW,95,,,,False
2011-2012,2012,0021100092,20120104/SACDEN,Final,2012-01-05,03:00,1610612743,DEN,110,1610612758,SAC,83,,,,False
2011-2012,2012,0021100093,20120104/HOULAC,Final,2012-01-05,04:30,1610612746,LAC,117,1610612745,HOU,89,,,,False
2011-2012,2012,0021100094,20120105/MIAATL,Final/OT3,2012-01-06,02:00,1610612737,ATL,109,1610612748,MIA,116,,,,False
2011-2012,2012,0021100095,20120105/DALSAS,Final,2012-01-06,02:30,1610612759,SAS,93,1610612742,DAL,71,,,,False
2011-2012,2012,0021100096,20120105/MILSAC,Final,2012-01-06,04:00,1610612758,SAC,103,1610612749,MIL,100,,,,False
2011-2012,2012,0021100097,20120105/LALPOR,Final,2012-01-06,04:30,1610612757,POR,107,1610612747,LAL,96,,,,False
2011-2012,2012,0021100098,20120106/NJNTOR,Final,2012-01-07,01:00,1610612761,TOR,85,1610612751,NJN,97,,,,False
2011-2012,2012,0021100099,20120106/DETPHI,Final,2012-01-07,01:00,1610612755,PHI,96,1610612765,DET,73,,,,False
2011-2012,2012,0021100100,20120106/NYKWAS,Final,2012-01-07,01:00,1610612764,WAS,96,1610612752,NYK,99,,,,False
2011-2012,2012,0021100101,20120106/ATLCHA,Final/OT,2012-01-07,01:00,1610612766,CHA,96,1610612737,ATL,102,,,,False
2011-2012,2012,0021100102,20120106/INDBOS,Final,2012-01-07,01:30,1610612738,BOS,74,1610612754,IND,87,,,,False
2011-2012,2012,0021100103,20120106/CHIORL,Final,2012-01-07,02:00,1610612753,ORL,83,1610612741,CHI,97,,,,False
2011-2012,2012,0021100104,20120106/DENNOH,Final,2012-01-07,02:00,1610612740,NOH,88,1610612743,DEN,96,,,,False
2011-2012,2012,0021100105,20120106/HOUOKC,Final,2012-01-07,02:00,1610612760,OKC,109,1610612745,HOU,94,,,,False
2011-2012,2012,0021100106,20120106/CLEMIN,Final,2012-01-07,02:00,1610612750,MIN,87,1610612739,CLE,98,,,,False
2011-2012,2012,0021100107,20120106/MEMUTA,Final,2012-01-07,03:00,1610612762,UTA,94,1610612763,MEM,85,,,,False
2011-2012,2012,0021100108,20120106/PORPHX,Final,2012-01-07,04:30,1610612756,PHX,102,1610612757,POR,77,,,,False
2011-2012,2012,0021100109,20120106/GSWLAL,Final,2012-01-07,04:30,1610612747,LAL,97,1610612744,GSW,90,,,,False
2011-2012,2012,0021100110,20120107/CHIATL,Final,2012-01-08,01:00,1610612737,ATL,109,1610612741,CHI,94,,,,False
2011-2012,2012,0021100111,20120107/CHAIND,Final,2012-01-08,01:00,1610612754,IND,99,1610612766,CHA,77,,,,False
2011-2012,2012,0021100112,20120107/MIANJN,Final,2012-01-08,01:30,1610612751,NJN,90,1610612748,MIA,101,,,,False
2011-2012,2012,0021100113,20120107/NYKDET,Final,2012-01-08,01:30,1610612765,DET,80,1610612752,NYK,103,,,,False
2011-2012,2012,0021100114,20120107/TORPHI,Final,2012-01-08,02:00,1610612755,PHI,97,1610612761,TOR,62,,,,False
2011-2012,2012,0021100115,20120107/OKCHOU,Final,2012-01-08,02:00,1610612745,HOU,95,1610612760,OKC,98,,,,False
2011-2012,2012,0021100116,20120107/DENSAS,Final,2012-01-08,02:30,1610612759,SAS,121,1610612743,DEN,117,,,,False
2011-2012,2012,0021100117,20120107/NOHDAL,Final,2012-01-08,03:00,1610612742,DAL,96,1610612740,NOH,81,,,,False
2011-2012,2012,0021100118,20120107/MILLAC,Final,2012-01-08,04:30,1610612746,LAC,92,1610612749,MIL,86,,,,False
2011-2012,2012,0021100119,20120107/UTAGSW,Final,2012-01-08,04:30,1610612744,GSW,87,1610612762,UTA,88,,,,False
2011-2012,2012,0021100120,20120108/MINWAS,Final,2012-01-08,19:00,1610612764,WAS,72,1610612750,MIN,93,,,,False
2011-2012,2012,0021100121,20120108/ORLSAC,Final,2012-01-09,00:00,1610612758,SAC,97,1610612753,ORL,104,,,,False
2011-2012,2012,0021100122,20120108/SASOKC,Final,2012-01-09,01:00,1610612760,OKC,108,1610612759,SAS,96,,,,False
2011-2012,2012,0021100123,20120108/MILPHX,Final,2012-01-09,02:00,1610612756,PHX,109,1610612749,MIL,93,,,,False
2011-2012,2012,0021100124,20120108/CLEPOR,Final,2012-01-09,03:00,1610612757,POR,98,1610612739,CLE,78,,,,False
2011-2012,2012,0021100125,20120108/MEMLAL,Final,2012-01-09,03:30,1610612747,LAL,90,1610612763,MEM,82,,,,False
2011-2012,2012,0021100126,20120109/MINTOR,Final,2012-01-10,01:00,1610612761,TOR,97,1610612750,MIN,87,,,,False
2011-2012,2012,0021100127,20120109/INDPHI,Final,2012-01-10,01:00,1610612755,PHI,96,1610612754,IND,86,,,,False
2011-2012,2012,0021100128,20120109/ATLNJN,Final,2012-01-10,01:30,1610612751,NJN,101,1610612737,ATL,106,,,,False
2011-2012,2012,0021100129,20120109/CHANYK,Final,2012-01-10,01:30,1610612752,NYK,91,1610612766,CHA,87,,,,False
2011-2012,2012,0021100130,20120109/DETCHI,Final,2012-01-10,02:00,1610612741,CHI,92,1610612765,DET,68,,,,False
2011-2012,2012,0021100131,20120109/NOHDEN,Final,2012-01-10,03:00,1610612743,DEN,81,1610612740,NOH,94,,,,False
2011-2012,2012,0021100132,20120110/SACPHI,Final,2012-01-11,01:00,1610612755,PHI,112,1610612758,SAC,85,,,,False
2011-2012,2012,0021100133,20120110/TORWAS,Final,2012-01-11,01:00,1610612764,WAS,93,1610612761,TOR,78,,,,False
2011-2012,2012,0021100134,20120110/HOUCHA,Final,2012-01-11,01:00,1610612766,CHA,70,1610612745,HOU,82,,,,False
2011-2012,2012,0021100135,20120110/DALDET,Final,2012-01-11,01:30,1610612765,DET,86,1610612742,DAL,100,,,,False
2011-2012,2012,0021100136,20120110/SASMIL,Final,2012-01-11,02:00,1610612749,MIL,106,1610612759,SAS,103,,,,False
2011-2012,2012,0021100137,20120110/OKCMEM,Final,2012-01-11,02:00,1610612763,MEM,95,1610612760,OKC,100,,,,False
2011-2012,2012,0021100138,20120110/CHIMIN,Final,2012-01-11,02:00,1610612750,MIN,100,1610612741,CHI,111,,,,False
2011-2012,2012,0021100139,20120110/CLEUTA,Final,2012-01-11,03:00,1610612762,UTA,113,1610612739,CLE,105,,,,False
2011-2012,2012,0021100140,20120110/LACPOR,Final,2012-01-11,04:00,1610612757,POR,105,1610612746,LAC,97,,,,False
2011-2012,2012,0021100141,20120110/PHXLAL,Final,2012-01-11,04:30,1610612747,LAL,99,1610612756,PHX,83,,,,False
2011-2012,2012,0021100142,20120110/MIAGSW,Final/OT,2012-01-11,04:30,1610612744,GSW,111,1610612748,MIA,106,,,,False
2011-2012,2012,0021100143,20120111/SACTOR,Final,2012-01-12,01:00,1610612761,TOR,91,1610612758,SAC,98,,,,False
2011-2012,2012,0021100144,20120111/ATLIND,Final,2012-01-12,01:00,1610612754,IND,96,1610612737,ATL,84,,,,False
2011-2012,2012,0021100145,20120111/PHINYK,Final,2012-01-12,01:30,1610612752,NYK,85,1610612755,PHI,79,,,,False
2011-2012,2012,0021100146,20120111/DALBOS,Final,2012-01-12,02:00,1610612738,BOS,85,1610612742,DAL,90,,,,False
2011-2012,2012,0021100147,20120111/WASCHI,Final,2012-01-12,02:00,1610612741,CHI,78,1610612764,WAS,64,,,,False
2011-2012,2012,0021100148,20120111/OKCNOH,Final,2012-01-12,02:00,1610612740,NOH,85,1610612760,OKC,95,,,,False
2011-2012,2012,0021100149,20120111/HOUSAS,Final/OT,2012-01-12,02:30,1610612759,SAS,101,1610612745,HOU,95,,,,False
2011-2012,2012,0021100150,20120111/NJNDEN,Final,2012-01-12,03:00,1610612743,DEN,123,1610612751,NJN,115,,,,False
2011-2012,2012,0021100151,20120111/LALUTA,Final/OT,2012-01-12,03:00,1610612762,UTA,87,1610612747,LAL,90,,,,False
2011-2012,2012,0021100152,20120111/ORLPOR,Final,2012-01-12,04:00,1610612757,POR,104,1610612753,ORL,107,,,,False
2011-2012,2012,0021100153,20120111/MIALAC,Final/OT,2012-01-12,04:30,1610612746,LAC,95,1610612748,MIA,89,,,,False
2011-2012,2012,0021100154,20120112/CHAATL,Final,2012-01-13,01:30,1610612737,ATL,111,1610612766,CHA,81,,,,False
2011-2012,2012,0021100155,20120112/DETMIL,Final,2012-01-13,02:00,1610612749,MIL,102,1610612765,DET,93,,,,False
2011-2012,2012,0021100156,20120112/NYKMEM,Final,2012-01-13,02:00,1610612763,MEM,94,1610612752,NYK,83,,,,False
2011-2012,2012,0021100157,20120112/CLEPHX,Final,2012-01-13,03:00,1610612756,PHX,90,1610612739,CLE,101,,,,False
2011-2012,2012,0021100158,20120112/ORLGSW,Final,2012-01-13,04:30,1610612744,GSW,109,1610612753,ORL,117,,,,False
2011-2012,2012,0021100159,20120113/INDTOR,Final,2012-01-14,01:00,1610612761,TOR,90,1610612754,IND,95,,,,False
2011-2012,2012,0021100160,20120113/WASPHI,Final,2012-01-14,01:00,1610612755,PHI,120,1610612764,WAS,89,,,,False
2011-2012,2012,0021100161,20120113/DETCHA,Final,2012-01-14,01:00,1610612766,CHA,81,1610612765,DET,98,,,,False
2011-2012,2012,0021100162,20120113/CHIBOS,Final,2012-01-14,02:00,1610612738,BOS,79,1610612741,CHI,88,,,,False
2011-2012,2012,0021100163,20120113/MINNOH,Final,2012-01-14,02:00,1610612740,NOH,80,1610612750,MIN,87,,,,False
2011-2012,2012,0021100164,20120113/SACHOU,Final,2012-01-14,02:00,1610612745,HOU,103,1610612758,SAC,89,,,,False
2011-2012,2012,0021100165,20120113/MILDAL,Final,2012-01-14,02:30,1610612742,DAL,102,1610612749,MIL,76,,,,False
2011-2012,2012,0021100166,20120113/PORSAS,Final,2012-01-14,02:30,1610612759,SAS,99,1610612757,POR,83,,,,False
2011-2012,2012,0021100167,20120113/NJNPHX,Final,2012-01-14,03:00,1610612756,PHX,103,1610612751,NJN,110,,,,False
2011-2012,2012,0021100168,20120113/MIADEN,Final,2012-01-14,04:30,1610612743,DEN,117,1610612748,MIA,104,,,,False
2011-2012,2012,0021100169,20120113/CLELAL,Final,2012-01-14,04:30,1610612747,LAL,97,1610612739,CLE,92,,,,False
2011-2012,2012,0021100170,20120114/PHIWAS,Final,2012-01-15,01:00,1610612764,WAS,90,1610612755,PHI,103,,,,False
2011-2012,2012,0021100171,20120114/GSWCHA,Final,2012-01-15,01:00,1610612766,CHA,112,1610612744,GSW,100,,,,False
2011-2012,2012,0021100172,20120114/MINATL,Final,2012-01-15,01:00,1610612737,ATL,93,1610612750,MIN,91,,,,False
2011-2012,2012,0021100173,20120114/BOSIND,Final,2012-01-15,01:00,1610612754,IND,97,1610612738,BOS,83,,,,False
2011-2012,2012,0021100174,20120114/TORCHI,Final,2012-01-15,02:00,1610612741,CHI,77,1610612761,TOR,64,,,,False
2011-2012,2012,0021100175,20120114/NOHMEM,Final,2012-01-15,02:00,1610612763,MEM,108,1610612740,NOH,99,,,,False
2011-2012,2012,0021100176,20120114/PORHOU,Final/OT,2012-01-15,02:00,1610612745,HOU,107,1610612757,POR,105,,,,False
2011-2012,2012,0021100177,20120114/NYKOKC,Final,2012-01-15,02:00,1610612760,OKC,104,1610612752,NYK,92,,,,False
2011-2012,2012,0021100178,20120114/SACDAL,Final,2012-01-15,03:00,1610612742,DAL,99,1610612758,SAC,60,,,,False
2011-2012,2012,0021100179,20120114/NJNUTA,Final,2012-01-15,03:00,1610612762,UTA,107,1610612751,NJN,94,,,,False
2011-2012,2012,0021100180,20120114/LALLAC,Final,2012-01-15,04:30,1610612746,LAC,102,1610612747,LAL,94,,,,False
2011-2012,2012,0021100181,20120115/GSWDET,Final,2012-01-16,00:00,1610612765,DET,91,1610612744,GSW,99,,,,False
2011-2012,2012,0021100182,20120115/UTADEN,Final,2012-01-16,02:00,1610612743,DEN,96,1610612762,UTA,106,,,,False
2011-2012,2012,0021100183,20120115/PHXSAS,Final,2012-01-16,03:00,1610612759,SAS,102,1610612756,PHX,91,,,,False
2011-2012,2012,0021100184,20120116/ORLNYK,Final,2012-01-16,19:00,1610612752,NYK,93,1610612753,ORL,102,,,,False
2011-2012,2012,0021100185,20120116/CHIMEM,Final,2012-01-16,19:00,1610612763,MEM,102,1610612741,CHI,86,,,,False
2011-2012,2012,0021100186,20120116/MILPHI,Final,2012-01-16,20:00,1610612755,PHI,94,1610612749,MIL,82,,,,False
2011-2012,2012,0021100187,20120116/HOUWAS,Final,2012-01-16,20:00,1610612764,WAS,106,1610612745,HOU,114,,,,False
2011-2012,2012,0021100188,20120116/CLECHA,Final,2012-01-16,20:00,1610612766,CHA,94,1610612739,CLE,102,,,,False
2011-2012,2012,0021100190,20120116/PORNOH,Final,2012-01-16,21:00,1610612740,NOH,77,1610612757,POR,84,,,,False
2011-2012,2012,0021100191,20120116/NJNLAC,Final,2012-01-16,21:30,1610612746,LAC,101,1610612751,NJN,91,,,,False
2011-2012,2012,0021100189,20120116/TORATL,Final,2012-01-16,22:00,1610612737,ATL,93,1610612761,TOR,84,,,,False
2011-2012,2012,0021100192,20120116/OKCBOS,Final,2012-01-17,02:00,1610612738,BOS,88,1610612760,OKC,97,,,,False
2011-2012,2012,0021100193,20120116/SACMIN,Final,2012-01-17,02:00,1610612750,MIN,99,1610612758,SAC,86,,,,False
2011-2012,2012,0021100194,20120116/DALLAL,Final,2012-01-17,04:30,1610612747,LAL,73,1610612742,DAL,70,,,,False
2011-2012,2012,0021100195,20120117/CHAORL,Final,2012-01-18,01:00,1610612753,ORL,96,1610612766,CHA,89,,,,False
2011-2012,2012,0021100196,20120117/GSWCLE,Final,2012-01-18,01:00,1610612739,CLE,95,1610612744,GSW,105,,,,False
2011-2012,2012,0021100197,20120117/SASMIA,Final,2012-01-18,01:30,1610612748,MIA,120,1610612759,SAS,98,,,,False
2011-2012,2012,0021100198,20120117/PHXCHI,Final,2012-01-18,02:00,1610612741,CHI,118,1610612756,PHX,97,,,,False
2011-2012,2012,0021100199,20120117/DENMIL,Final,2012-01-18,02:00,1610612749,MIL,95,1610612743,DEN,105,,,,False
2011-2012,2012,0021100200,20120117/DETHOU,Final,2012-01-18,02:00,1610612745,HOU,97,1610612765,DET,80,,,,False
2011-2012,2012,0021100201,20120117/LACUTA,Final,2012-01-18,03:00,1610612762,UTA,108,1610612746,LAC,79,,,,False
2011-2012,2012,0021100202,20120118/DENPHI,Final/OT,2012-01-19,01:00,1610612755,PHI,104,1610612743,DEN,108,,,,False
2011-2012,2012,0021100203,20120118/OKCWAS,Final,2012-01-19,01:00,1610612764,WAS,105,1610612760,OKC,102,,,,False
2011-2012,2012,0021100204,20120118/SASORL,Final/OT,2012-01-19,01:00,1610612753,ORL,83,1610612759,SAS,85,,,,False
2011-2012,2012,0021100205,20120118/TORBOS,Final,2012-01-19,01:30,1610612738,BOS,96,1610612761,TOR,73,,,,False
2011-2012,2012,0021100206,20120118/GSWNJN,Final,2012-01-19,01:30,1610612751,NJN,107,1610612744,GSW,100,,,,False
2011-2012,2012,0021100207,20120118/PHXNYK,Final,2012-01-19,01:30,1610612752,NYK,88,1610612756,PHX,91,,,,False
2011-2012,2012,0021100208,20120118/PORATL,Final,2012-01-19,02:00,1610612737,ATL,92,1610612757,POR,89,,,,False
2011-2012,2012,0021100209,20120118/MEMNOH,Final,2012-01-19,02:00,1610612740,NOH,87,1610612763,MEM,93,,,,False
2011-2012,2012,0021100210,20120118/DETMIN,Final,2012-01-19,02:00,1610612750,MIN,93,1610612765,DET,85,,,,False
2011-2012,2012,0021100211,20120118/INDSAC,Final,2012-01-19,04:00,1610612758,SAC,92,1610612754,IND,88,,,,False
2011-2012,2012,0021100212,20120118/DALLAC,Final,2012-01-19,04:30,1610612746,LAC,91,1610612742,DAL,89,,,,False
2011-2012,2012,0021100213,20120119/LALMIA,Final,2012-01-20,02:00,1610612748,MIA,98,1610612747,LAL,87,,,,False
2011-2012,2012,0021100214,20120119/NOHHOU,Final/OT,2012-01-20,02:00,1610612745,HOU,90,1610612740,NOH,88,,,,False
2011-2012,2012,0021100215,20120119/DALUTA,Final,2012-01-20,04:30,1610612762,UTA,91,1610612742,DAL,94,,,,False
2011-2012,2012,0021100216,20120120/PORTOR,Final,2012-01-21,01:00,1610612761,TOR,84,1610612757,POR,94,,,,False
2011-2012,2012,0021100217,20120120/ATLPHI,Final,2012-01-21,01:00,1610612755,PHI,90,1610612737,ATL,76,,,,False
2011-2012,2012,0021100218,20120120/DENWAS,Final,2012-01-21,01:00,1610612764,WAS,104,1610612743,DEN,108,,,,False
2011-2012,2012,0021100219,20120120/PHXBOS,Final,2012-01-21,01:30,1610612738,BOS,71,1610612756,PHX,79,,,,False
2011-2012,2012,0021100220,20120120/MILNYK,Final,2012-01-21,01:30,1610612752,NYK,86,1610612749,MIL,100,,,,False
2011-2012,2012,0021100221,20120120/MEMDET,Final,2012-01-21,01:30,1610612765,DET,81,1610612763,MEM,98,,,,False
2011-2012,2012,0021100222,20120120/CHICLE,Final,2012-01-21,01:30,1610612739,CLE,75,1610612741,CHI,114,,,,False
2011-2012,2012,0021100223,20120120/LALORL,Final,2012-01-21,02:00,1610612753,ORL,92,1610612747,LAL,80,,,,False
2011-2012,2012,0021100224,20120120/SACSAS,Final,2012-01-21,02:30,1610612759,SAS,86,1610612758,SAC,88,,,,False
2011-2012,2012,0021100225,20120120/MINLAC,Final,2012-01-21,04:30,1610612746,LAC,98,1610612750,MIN,101,,,,False
2011-2012,2012,0021100226,20120120/INDGSW,Final,2012-01-21,04:30,1610612744,GSW,91,1610612754,IND,94,,,,False
2011-2012,2012,0021100227,20120121/CLEATL,Final,2012-01-22,01:00,1610612737,ATL,121,1610612739,CLE,94,,,,False
2011-2012,2012,0021100228,20120121/DENNYK,Final/OT2,2012-01-22,01:30,1610612752,NYK,114,1610612743,DEN,119,,,,False
2011-2012,2012,0021100229,20120121/PHIMIA,Final,2012-01-22,01:30,1610612748,MIA,113,1610612755,PHI,92,,,,False
2011-2012,2012,0021100230,20120121/PORDET,Final,2012-01-22,01:30,1610612765,DET,94,1610612757,POR,91,,,,False
2011-2012,2012,0021100231,20120121/OKCNJN,Final,2012-01-22,02:00,1610612751,NJN,74,1610612760,OKC,84,,,,False
2011-2012,2012,0021100232,20120121/CHACHI,Final,2012-01-22,02:00,1610612741,CHI,95,1610612766,CHA,89,,,,False
2011-2012,2012,0021100233,20120121/SACMEM,Final,2012-01-22,02:00,1610612763,MEM,128,1610612758,SAC,95,,,,False
2011-2012,2012,0021100234,20120121/DALNOH,Final,2012-01-22,02:00,1610612740,NOH,81,1610612742,DAL,83,,,,False
2011-2012,2012,0021100235,20120121/SASHOU,Final,2012-01-22,02:00,1610612745,HOU,105,1610612759,SAS,102,,,,False
2011-2012,2012,0021100236,20120121/MINUTA,Final,2012-01-22,03:00,1610612762,UTA,108,1610612750,MIN,98,,,,False
2011-2012,2012,0021100237,20120122/BOSWAS,Final,2012-01-22,19:00,1610612764,WAS,94,1610612738,BOS,100,,,,False
2011-2012,2012,0021100238,20120122/TORLAC,Final,2012-01-22,21:30,1610612746,LAC,103,1610612761,TOR,91,,,,False
2011-2012,2012,0021100239,20120122/CHANJN,Final,2012-01-23,00:00,1610612751,NJN,97,1610612766,CHA,87,,,,False
2011-2012,2012,0021100240,20120122/MILMIA,Final,2012-01-23,00:00,1610612748,MIA,82,1610612749,MIL,91,,,,False
2011-2012,2012,0021100241,20120122/INDLAL,Final,2012-01-23,03:30,1610612747,LAL,96,1610612754,IND,98,,,,False
2011-2012,2012,0021100242,20120123/WASPHI,Final,2012-01-24,01:00,1610612755,PHI,103,1610612764,WAS,83,,,,False
2011-2012,2012,0021100243,20120123/ORLBOS,Final,2012-01-24,01:30,1610612738,BOS,87,1610612753,ORL,56,,,,False
2011-2012,2012,0021100244,20120123/NJNCHI,Final,2012-01-24,02:00,1610612741,CHI,110,1610612751,NJN,95,,,,False
2011-2012,2012,0021100245,20120123/ATLMIL,Final,2012-01-24,02:00,1610612749,MIL,92,1610612737,ATL,97,,,,False
2011-2012,2012,0021100246,20120123/SASNOH,Final,2012-01-24,02:00,1610612740,NOH,102,1610612759,SAS,104,,,,False
2011-2012,2012,0021100247,20120123/DETOKC,Final,2012-01-24,02:00,1610612760,OKC,99,1610612765,DET,79,,,,False
2011-2012,2012,0021100248,20120123/HOUMIN,Final,2012-01-24,02:00,1610612750,MIN,92,1610612745,HOU,107,,,,False
2011-2012,2012,0021100249,20120123/PHXDAL,Final,2012-01-24,02:30,1610612742,DAL,93,1610612756,PHX,87,,,,False
2011-2012,2012,0021100250,20120123/SACPOR,Final,2012-01-24,04:00,1610612757,POR,101,1610612758,SAC,89,,,,False
2011-2012,2012,0021100251,20120123/MEMGSW,Final,2012-01-24,04:30,1610612744,GSW,90,1610612763,MEM,91,,,,False
2011-2012,2012,0021100252,20120124/NYKCHA,Final,2012-01-25,01:00,1610612766,CHA,78,1610612752,NYK,111,,,,False
2011-2012,2012,0021100253,20120124/ORLIND,Final,2012-01-25,01:00,1610612754,IND,83,1610612753,ORL,102,,,,False
2011-2012,2012,0021100254,20120124/CLEMIA,Final,2012-01-25,01:30,1610612748,MIA,92,1610612739,CLE,85,,,,False
2011-2012,2012,0021100255,20120124/TORPHX,Final,2012-01-25,03:00,1610612756,PHX,96,1610612761,TOR,99,,,,False
2011-2012,2012,0021100256,20120124/MEMPOR,Final,2012-01-25,04:00,1610612757,POR,97,1610612763,MEM,84,,,,False
2011-2012,2012,0021100257,20120125/NJNPHI,Final/OT,2012-01-26,01:00,1610612755,PHI,90,1610612751,NJN,97,,,,False
2011-2012,2012,0021100258,20120125/CHAWAS,Final,2012-01-26,01:00,1610612764,WAS,92,1610612766,CHA,75,,,,False
2011-2012,2012,0021100259,20120125/NYKCLE,Final,2012-01-26,01:00,1610612739,CLE,91,1610612752,NYK,81,,,,False
2011-2012,2012,0021100260,20120125/MIADET,Final,2012-01-26,01:30,1610612765,DET,98,1610612748,MIA,101,,,,False
2011-2012,2012,0021100261,20120125/INDCHI,Final,2012-01-26,02:00,1610612741,CHI,90,1610612754,IND,95,,,,False
2011-2012,2012,0021100262,20120125/MILHOU,Final,2012-01-26,02:00,1610612745,HOU,99,1610612749,MIL,105,,,,False
2011-2012,2012,0021100263,20120125/NOHOKC,Final,2012-01-26,02:00,1610612760,OKC,101,1610612740,NOH,91,,,,False
2011-2012,2012,0021100264,20120125/MINDAL,Final,2012-01-26,02:30,1610612742,DAL,90,1610612750,MIN,105,,,,False
2011-2012,2012,0021100265,20120125/ATLSAS,Final,2012-01-26,02:30,1610612759,SAS,105,1610612737,ATL,83,,,,False
2011-2012,2012,0021100266,20120125/TORUTA,Final/OT2,2012-01-26,03:00,1610612762,UTA,106,1610612761,TOR,111,,,,False
2011-2012,2012,0021100267,20120125/DENSAC,Final,2012-01-26,04:00,1610612758,SAC,93,1610612743,DEN,122,,,,False
2011-2012,2012,0021100268,20120125/LACLAL,Final,2012-01-26,04:30,1610612747,LAL,96,1610612746,LAC,91,,,,False
2011-2012,2012,0021100269,20120125/PORGSW,Final,2012-01-26,04:30,1610612744,GSW,101,1610612757,POR,93,,,,False
2011-2012,2012,0021100270,20120126/BOSORL,Final,2012-01-27,02:00,1610612753,ORL,83,1610612738,BOS,91,,,,False
2011-2012,2012,0021100271,20120126/MEMLAC,Final,2012-01-27,04:30,1610612746,LAC,98,1610612763,MEM,91,,,,False
2011-2012,2012,0021100272,20120127/CHAPHI,Final,2012-01-28,01:00,1610612755,PHI,89,1610612766,CHA,72,,,,False
2011-2012,2012,0021100273,20120127/INDBOS,Final,2012-01-28,01:30,1610612738,BOS,94,1610612754,IND,87,,,,False
2011-2012,2012,0021100274,20120127/ATLDET,Final/OT,2012-01-28,01:30,1610612765,DET,101,1610612737,ATL,107,,,,False
2011-2012,2012,0021100275,20120127/NJNCLE,Final,2012-01-28,01:30,1610612739,CLE,96,1610612751,NJN,99,,,,False
2011-2012,2012,0021100276,20120127/NYKMIA,Final,2012-01-28,02:00,1610612748,MIA,99,1610612752,NYK,89,,,,False
2011-2012,2012,0021100277,20120127/MILCHI,Final,2012-01-28,02:00,1610612741,CHI,107,1610612749,MIL,100,,,,False
2011-2012,2012,0021100278,20120127/ORLNOH,Final,2012-01-28,02:00,1610612740,NOH,93,1610612753,ORL,67,,,,False
2011-2012,2012,0021100279,20120127/WASHOU,Final,2012-01-28,02:00,1610612745,HOU,103,1610612764,WAS,76,,,,False
2011-2012,2012,0021100280,20120127/SASMIN,Final,2012-01-28,02:00,1610612750,MIN,87,1610612759,SAS,79,,,,False
2011-2012,2012,0021100281,20120127/UTADAL,Final,2012-01-28,02:30,1610612742,DAL,116,1610612762,UTA,101,,,,False
2011-2012,2012,0021100282,20120127/TORDEN,Final,2012-01-28,03:00,1610612743,DEN,96,1610612761,TOR,81,,,,False
2011-2012,2012,0021100283,20120127/PHXPOR,Final,2012-01-28,04:00,1610612757,POR,109,1610612756,PHX,71,,,,False
2011-2012,2012,0021100284,20120127/OKCGSW,Final,2012-01-28,04:30,1610612744,GSW,109,1610612760,OKC,120,,,,False
2011-2012,2012,0021100285,20120128/DETPHI,Final,2012-01-29,01:00,1610612755,PHI,95,1610612765,DET,74,,,,False
2011-2012,2012,0021100286,20120128/WASCHA,Final,2012-01-29,01:00,1610612766,CHA,99,1610612764,WAS,102,,,,False
2011-2012,2012,0021100287,20120128/NYKHOU,Final,2012-01-29,02:00,1610612745,HOU,97,1610612752,NYK,84,,,,False
2011-2012,2012,0021100288,20120128/LALMIL,Final,2012-01-29,02:30,1610612749,MIL,100,1610612747,LAL,89,,,,False
2011-2012,2012,0021100289,20120128/SACUTA,Final,2012-01-29,03:00,1610612762,UTA,96,1610612758,SAC,93,,,,False
2011-2012,2012,0021100290,20120128/MEMPHX,Final,2012-01-29,03:00,1610612756,PHX,86,1610612763,MEM,84,,,,False
2011-2012,2012,0021100291,20120129/CHIMIA,Final,2012-01-29,21:30,1610612748,MIA,97,1610612741,CHI,93,,,,False
2011-2012,2012,0021100292,20120129/CLEBOS,Final,2012-01-30,00:00,1610612738,BOS,87,1610612739,CLE,88,,,,False
2011-2012,2012,0021100293,20120129/TORNJN,Final,2012-01-30,00:00,1610612751,NJN,73,1610612761,TOR,94,,,,False
2011-2012,2012,0021100294,20120129/INDORL,Final,2012-01-30,00:00,1610612753,ORL,85,1610612754,IND,106,,,,False
2011-2012,2012,0021100295,20120129/SASDAL,Final/OT,2012-01-30,00:30,1610612742,DAL,101,1610612759,SAS,100,,,,False
2011-2012,2012,0021100296,20120129/ATLNOH,Final,2012-01-30,01:00,1610612740,NOH,72,1610612737,ATL,94,,,,False
2011-2012,2012,0021100297,20120129/LALMIN,Final,2012-01-30,01:00,1610612750,MIN,101,1610612747,LAL,106,,,,False
2011-2012,2012,0021100298,20120129/LACDEN,Final,2012-01-30,02:00,1610612743,DEN,105,1610612746,LAC,109,,,,False
2011-2012,2012,0021100299,20120130/ORLPHI,Final,2012-01-31,01:00,1610612755,PHI,74,1610612753,ORL,69,,,,False
2011-2012,2012,0021100300,20120130/CHIWAS,Final,2012-01-31,01:00,1610612764,WAS,88,1610612741,CHI,98,,,,False
2011-2012,2012,0021100301,20120130/NOHMIA,Final,2012-01-31,01:30,1610612748,MIA,109,1610612740,NOH,95,,,,False
2011-2012,2012,0021100302,20120130/DETMIL,Final,2012-01-31,02:00,1610612749,MIL,103,1610612765,DET,82,,,,False
2011-2012,2012,0021100303,20120130/SASMEM,Final,2012-01-31,02:00,1610612763,MEM,73,1610612759,SAS,83,,,,False
2011-2012,2012,0021100304,20120130/MINHOU,Final,2012-01-31,02:00,1610612745,HOU,108,1610612750,MIN,120,,,,False
2011-2012,2012,0021100305,20120130/PORUTA,Final,2012-01-31,03:00,1610612762,UTA,93,1610612757,POR,89,,,,False
2011-2012,2012,0021100306,20120130/DALPHX,Final,2012-01-31,03:00,1610612756,PHX,99,1610612742,DAL,122,,,,False
2011-2012,2012,0021100307,20120130/OKCLAC,Final,2012-01-31,04:30,1610612746,LAC,112,1610612760,OKC,100,,,,False
2011-2012,2012,0021100308,20120131/ATLTOR,Final,2012-02-01,01:00,1610612761,TOR,77,1610612737,ATL,100,,,,False
2011-2012,2012,0021100309,20120131/BOSCLE,Final,2012-02-01,01:00,1610612739,CLE,90,1610612738,BOS,93,,,,False
2011-2012,2012,0021100310,20120131/NJNIND,Final,2012-02-01,01:00,1610612754,IND,106,1610612751,NJN,99,,,,False
2011-2012,2012,0021100311,20120131/DETNYK,Final,2012-02-01,01:30,1610612752,NYK,113,1610612765,DET,86,,,,False
2011-2012,2012,0021100312,20120131/DENMEM,Final/OT,2012-02-01,02:00,1610612763,MEM,100,1610612743,DEN,97,,,,False
2011-2012,2012,0021100313,20120131/CHALAL,Final,2012-02-01,04:30,1610612747,LAL,106,1610612766,CHA,73,,,,False
2011-2012,2012,0021100314,20120131/SACGSW,Final,2012-02-01,04:30,1610612744,GSW,93,1610612758,SAC,90,,,,False
2011-2012,2012,0021100315,20120201/CHIPHI,Final,2012-02-02,01:00,1610612755,PHI,98,1610612741,CHI,82,,,,False
2011-2012,2012,0021100316,20120201/WASORL,Final,2012-02-02,01:00,1610612753,ORL,109,1610612764,WAS,103,,,,False
2011-2012,2012,0021100317,20120201/TORBOS,Final,2012-02-02,01:30,1610612738,BOS,100,1610612761,TOR,64,,,,False
2011-2012,2012,0021100318,20120201/DETNJN,Final,2012-02-02,01:30,1610612751,NJN,99,1610612765,DET,96,,,,False
2011-2012,2012,0021100319,20120201/MIAMIL,Final,2012-02-02,02:00,1610612749,MIL,105,1610612748,MIA,97,,,,False
2011-2012,2012,0021100320,20120201/PHXNOH,Final,2012-02-02,02:00,1610612740,NOH,103,1610612756,PHX,120,,,,False
2011-2012,2012,0021100321,20120201/OKCDAL,Final,2012-02-02,02:00,1610612742,DAL,86,1610612760,OKC,95,,,,False
2011-2012,2012,0021100322,20120201/INDMIN,Final,2012-02-02,02:00,1610612750,MIN,99,1610612754,IND,109,,,,False
2011-2012,2012,0021100323,20120201/HOUSAS,Final,2012-02-02,02:30,1610612759,SAS,99,1610612745,HOU,91,,,,False
2011-2012,2012,0021100324,20120201/CHAPOR,Final,2012-02-02,04:00,1610612757,POR,112,1610612766,CHA,68,,,,False
2011-2012,2012,0021100325,20120201/LACUTA,Final,2012-02-02,04:30,1610612762,UTA,105,1610612746,LAC,107,,,,False
2011-2012,2012,0021100326,20120202/MEMATL,Final,2012-02-03,01:30,1610612737,ATL,77,1610612763,MEM,96,,,,False
2011-2012,2012,0021100327,20120202/CHINYK,Final,2012-02-03,02:00,1610612752,NYK,102,1610612741,CHI,105,,,,False
2011-2012,2012,0021100328,20120202/NOHSAS,Final,2012-02-03,02:30,1610612759,SAS,93,1610612740,NOH,81,,,,False
2011-2012,2012,0021100329,20120202/PORSAC,Final,2012-02-03,04:00,1610612758,SAC,95,1610612757,POR,92,,,,False
2011-2012,2012,0021100330,20120202/DENLAC,Final,2012-02-03,04:30,1610612746,LAC,91,1610612743,DEN,112,,,,False
2011-2012,2012,0021100331,20120202/UTAGSW,Final,2012-02-03,04:30,1610612744,GSW,119,1610612762,UTA,101,,,,False
2011-2012,2012,0021100332,20120203/WASTOR,Final,2012-02-04,01:00,1610612761,TOR,106,1610612764,WAS,89,,,,False
2011-2012,2012,0021100333,20120203/MIAPHI,Final,2012-02-04,01:00,1610612755,PHI,79,1610612748,MIA,99,,,,False
2011-2012,2012,0021100334,20120203/CLEORL,Final,2012-02-04,01:00,1610612753,ORL,102,1610612739,CLE,94,,,,False
2011-2012,2012,0021100335,20120203/MINNJN,Final,2012-02-04,01:30,1610612751,NJN,105,1610612750,MIN,108,,,,False
2011-2012,2012,0021100336,20120203/MILDET,Final,2012-02-04,01:30,1610612765,DET,88,1610612749,MIL,80,,,,False
2011-2012,2012,0021100337,20120203/NYKBOS,Final,2012-02-04,02:00,1610612738,BOS,91,1610612752,NYK,89,,,,False
2011-2012,2012,0021100338,20120203/PHXHOU,Final,2012-02-04,02:00,1610612745,HOU,99,1610612756,PHX,81,,,,False
2011-2012,2012,0021100339,20120203/MEMOKC,Final,2012-02-04,02:00,1610612760,OKC,101,1610612763,MEM,94,,,,False
2011-2012,2012,0021100340,20120203/INDDAL,Final,2012-02-04,02:30,1610612742,DAL,87,1610612754,IND,98,,,,False
2011-2012,2012,0021100341,20120203/LALDEN,Final,2012-02-04,04:30,1610612743,DEN,89,1610612747,LAL,93,,,,False
2011-2012,2012,0021100342,20120204/LACWAS,Final,2012-02-05,01:00,1610612764,WAS,81,1610612746,LAC,107,,,,False
2011-2012,2012,0021100343,20120204/PHIATL,Final,2012-02-05,01:00,1610612737,ATL,87,1610612755,PHI,98,,,,False
2011-2012,2012,0021100344,20120204/ORLIND,Final,2012-02-05,01:00,1610612754,IND,81,1610612753,ORL,85,,,,False
2011-2012,2012,0021100345,20120204/NJNNYK,Final,2012-02-05,01:30,1610612752,NYK,99,1610612751,NJN,92,,,,False
2011-2012,2012,0021100346,20120204/NOHDET,Final,2012-02-05,01:30,1610612765,DET,89,1610612740,NOH,87,,,,False
2011-2012,2012,0021100347,20120204/DALCLE,Final,2012-02-05,01:30,1610612739,CLE,91,1610612742,DAL,88,,,,False
2011-2012,2012,0021100348,20120204/HOUMIN,Final,2012-02-05,02:00,1610612750,MIN,100,1610612745,HOU,91,,,,False
2011-2012,2012,0021100349,20120204/CHIMIL,Final,2012-02-05,02:30,1610612749,MIL,90,1610612741,CHI,113,,,,False
2011-2012,2012,0021100350,20120204/OKCSAS,Final,2012-02-05,02:30,1610612759,SAS,107,1610612760,OKC,96,,,,False
2011-2012,2012,0021100351,20120204/LALUTA,Final,2012-02-05,03:00,1610612762,UTA,96,1610612747,LAL,87,,,,False
2011-2012,2012,0021100352,20120204/CHAPHX,Final,2012-02-05,03:00,1610612756,PHX,95,1610612766,CHA,89,,,,False
2011-2012,2012,0021100353,20120204/GSWSAC,Final/OT,2012-02-05,04:00,1610612758,SAC,114,1610612744,GSW,106,,,,False
2011-2012,2012,0021100354,20120204/DENPOR,Final,2012-02-05,04:00,1610612757,POR,117,1610612743,DEN,97,,,,False
2011-2012,2012,0021100355,20120205/MEMBOS,Final,2012-02-05,18:00,1610612738,BOS,98,1610612763,MEM,80,,,,False
2011-2012,2012,0021100356,20120205/TORMIA,Final,2012-02-05,19:00,1610612748,MIA,95,1610612761,TOR,89,,,,False
2011-2012,2012,0021100357,20120206/LALPHI,Final,2012-02-07,01:00,1610612755,PHI,95,1610612747,LAL,90,,,,False
2011-2012,2012,0021100358,20120206/TORWAS,Final/OT,2012-02-07,01:00,1610612764,WAS,111,1610612761,TOR,108,,,,False
2011-2012,2012,0021100359,20120206/LACORL,Final/OT,2012-02-07,01:00,1610612753,ORL,102,1610612746,LAC,107,,,,False
2011-2012,2012,0021100360,20120206/CHINJN,Final,2012-02-07,01:30,1610612751,NJN,87,1610612741,CHI,108,,,,False
2011-2012,2012,0021100361,20120206/UTANYK,Final,2012-02-07,01:30,1610612752,NYK,99,1610612762,UTA,88,,,,False
2011-2012,2012,0021100362,20120206/PHXATL,Final,2012-02-07,01:30,1610612737,ATL,90,1610612756,PHX,99,,,,False
2011-2012,2012,0021100363,20120206/SASMEM,Final,2012-02-07,02:00,1610612763,MEM,84,1610612759,SAS,89,,,,False
2011-2012,2012,0021100364,20120206/SACNOH,Final,2012-02-07,02:00,1610612740,NOH,92,1610612758,SAC,100,,,,False
2011-2012,2012,0021100365,20120206/HOUDEN,Final,2012-02-07,03:00,1610612743,DEN,90,1610612745,HOU,99,,,,False
2011-2012,2012,0021100366,20120206/OKCPOR,Final/OT,2012-02-07,04:00,1610612757,POR,107,1610612760,OKC,111,,,,False
2011-2012,2012,0021100367,20120207/UTAIND,Final,2012-02-08,01:00,1610612754,IND,104,1610612762,UTA,99,,,,False
2011-2012,2012,0021100368,20120207/CHABOS,Final,2012-02-08,01:30,1610612738,BOS,94,1610612766,CHA,84,,,,False
2011-2012,2012,0021100369,20120207/CLEMIA,Final,2012-02-08,01:30,1610612748,MIA,107,1610612739,CLE,91,,,,False
2011-2012,2012,0021100370,20120207/PHXMIL,Final,2012-02-08,02:00,1610612749,MIL,105,1610612756,PHX,107,,,,False
2011-2012,2012,0021100371,20120207/SACMIN,Final,2012-02-08,02:00,1610612750,MIN,86,1610612758,SAC,84,,,,False
2011-2012,2012,0021100372,20120207/OKCGSW,Final,2012-02-08,04:30,1610612744,GSW,116,1610612760,OKC,119,,,,False
2011-2012,2012,0021100373,20120208/MILTOR,Final,2012-02-09,01:00,1610612761,TOR,99,1610612749,MIL,105,,,,False
2011-2012,2012,0021100374,20120208/SASPHI,Final,2012-02-09,01:00,1610612755,PHI,90,1610612759,SAS,100,,,,False
2011-2012,2012,0021100375,20120208/NYKWAS,Final,2012-02-09,01:00,1610612764,WAS,93,1610612752,NYK,107,,,,False
2011-2012,2012,0021100376,20120208/MIAORL,Final,2012-02-09,01:00,1610612753,ORL,102,1610612748,MIA,89,,,,False
2011-2012,2012,0021100377,20120208/LACCLE,Final,2012-02-09,01:00,1610612739,CLE,99,1610612746,LAC,92,,,,False
2011-2012,2012,0021100378,20120208/DETNJN,Final,2012-02-09,01:30,1610612751,NJN,92,1610612765,DET,99,,,,False
2011-2012,2012,0021100379,20120208/INDATL,Final,2012-02-09,01:30,1610612737,ATL,97,1610612754,IND,87,,,,False
2011-2012,2012,0021100380,20120208/MINMEM,Final,2012-02-09,02:00,1610612763,MEM,85,1610612750,MIN,80,,,,False
2011-2012,2012,0021100381,20120208/CHINOH,Final,2012-02-09,02:00,1610612740,NOH,67,1610612741,CHI,90,,,,False
2011-2012,2012,0021100382,20120208/DALDEN,Final,2012-02-09,03:00,1610612743,DEN,95,1610612742,DAL,105,,,,False
2011-2012,2012,0021100383,20120208/HOUPOR,Final,2012-02-09,04:00,1610612757,POR,96,1610612745,HOU,103,,,,False
2011-2012,2012,0021100384,20120209/LALBOS,Final/OT,2012-02-10,02:00,1610612738,BOS,87,1610612747,LAL,88,,,,False
2011-2012,2012,0021100385,20120209/GSWDEN,Final,2012-02-10,03:00,1610612743,DEN,101,1610612744,GSW,109,,,,False
2011-2012,2012,0021100386,20120209/HOUPHX,Final,2012-02-10,03:00,1610612756,PHX,89,1610612745,HOU,96,,,,False
2011-2012,2012,0021100387,20120209/OKCSAC,Final,2012-02-10,04:30,1610612758,SAC,106,1610612760,OKC,101,,,,False
2011-2012,2012,0021100388,20120210/BOSTOR,Final,2012-02-11,01:00,1610612761,TOR,86,1610612738,BOS,74,,,,False
2011-2012,2012,0021100389,20120210/LACPHI,Final,2012-02-11,01:00,1610612755,PHI,77,1610612746,LAC,78,,,,False
2011-2012,2012,0021100390,20120210/MIAWAS,Final,2012-02-11,01:00,1610612764,WAS,89,1610612748,MIA,106,,,,False
2011-2012,2012,0021100391,20120210/CHICHA,Final,2012-02-11,01:00,1610612766,CHA,64,1610612741,CHI,95,,,,False
2011-2012,2012,0021100392,20120210/ATLORL,Final/OT,2012-02-11,01:00,1610612753,ORL,87,1610612737,ATL,89,,,,False
2011-2012,2012,0021100393,20120210/NJNDET,Final,2012-02-11,01:30,1610612765,DET,109,1610612751,NJN,92,,,,False
2011-2012,2012,0021100394,20120210/MILCLE,Final/OT,2012-02-11,01:30,1610612739,CLE,112,1610612749,MIL,113,,,,False
2011-2012,2012,0021100395,20120210/LALNYK,Final,2012-02-11,02:00,1610612752,NYK,92,1610612747,LAL,85,,,,False
2011-2012,2012,0021100396,20120210/INDMEM,Final,2012-02-11,02:00,1610612763,MEM,98,1610612754,IND,92,,,,False
2011-2012,2012,0021100397,20120210/PORNOH,Final,2012-02-11,02:00,1610612740,NOH,86,1610612757,POR,94,,,,False
2011-2012,2012,0021100398,20120210/DALMIN,Final,2012-02-11,02:00,1610612750,MIN,97,1610612742,DAL,104,,,,False
2011-2012,2012,0021100399,20120210/OKCUTA,Final,2012-02-11,04:30,1610612762,UTA,87,1610612760,OKC,101,,,,False
2011-2012,2012,0021100400,20120211/LACCHA,Final,2012-02-12,01:00,1610612766,CHA,86,1610612746,LAC,111,,,,False
2011-2012,2012,0021100401,20120211/DENIND,Final,2012-02-12,01:00,1610612754,IND,109,1610612743,DEN,113,,,,False
2011-2012,2012,0021100402,20120211/PHICLE,Final,2012-02-12,01:30,1610612739,CLE,84,1610612755,PHI,99,,,,False
2011-2012,2012,0021100403,20120211/SASNJN,Final,2012-02-12,02:00,1610612751,NJN,89,1610612759,SAS,103,,,,False
2011-2012,2012,0021100404,20120211/NYKMIN,Final,2012-02-12,02:00,1610612750,MIN,98,1610612752,NYK,100,,,,False
2011-2012,2012,0021100405,20120211/PORDAL,Final/OT2,2012-02-12,02:30,1610612742,DAL,97,1610612757,POR,94,,,,False
2011-2012,2012,0021100406,20120211/ORLMIL,Final,2012-02-12,03:00,1610612749,MIL,94,1610612753,ORL,99,,,,False
2011-2012,2012,0021100407,20120211/PHXSAC,Final,2012-02-12,04:00,1610612758,SAC,84,1610612756,PHX,98,,,,False
2011-2012,2012,0021100408,20120212/LALTOR,Final,2012-02-12,19:00,1610612761,TOR,92,1610612747,LAL,94,,,,False
2011-2012,2012,0021100409,20120212/CHIBOS,Final,2012-02-12,21:30,1610612738,BOS,95,1610612741,CHI,91,,,,False
2011-2012,2012,0021100410,20120212/WASDET,Final,2012-02-13,00:00,1610612765,DET,77,1610612764,WAS,98,,,,False
2011-2012,2012,0021100411,20120212/MIAATL,Final,2012-02-13,01:00,1610612737,ATL,87,1610612748,MIA,107,,,,False
2011-2012,2012,0021100412,20120212/HOUGSW,Final,2012-02-13,03:00,1610612744,GSW,106,1610612745,HOU,97,,,,False
2011-2012,2012,0021100413,20120212/UTAMEM,Final,2012-02-13,03:30,1610612763,MEM,88,1610612762,UTA,98,,,,False
2011-2012,2012,0021100414,20120213/PHICHA,Final,2012-02-14,01:00,1610612766,CHA,89,1610612755,PHI,98,,,,False
2011-2012,2012,0021100415,20120213/MINORL,Final,2012-02-14,01:00,1610612753,ORL,102,1610612750,MIN,89,,,,False
2011-2012,2012,0021100416,20120213/MIAMIL,Final,2012-02-14,02:00,1610612749,MIL,96,1610612748,MIA,114,,,,False
2011-2012,2012,0021100417,20120213/UTANOH,Final,2012-02-14,02:00,1610612740,NOH,86,1610612762,UTA,80,,,,False
2011-2012,2012,0021100418,20120213/LACDAL,Final,2012-02-14,02:30,1610612742,DAL,96,1610612746,LAC,92,,,,False
2011-2012,2012,0021100419,20120213/PHXGSW,Final,2012-02-14,04:30,1610612744,GSW,102,1610612756,PHX,96,,,,False
2011-2012,2012,0021100420,20120214/NYKTOR,Final,2012-02-15,01:00,1610612761,TOR,87,1610612752,NYK,90,,,,False
2011-2012,2012,0021100421,20120214/MIAIND,Final,2012-02-15,01:00,1610612754,IND,90,1610612748,MIA,105,,,,False
2011-2012,2012,0021100422,20120214/SASDET,Final,2012-02-15,01:30,1610612765,DET,95,1610612759,SAS,99,,,,False
2011-2012,2012,0021100423,20120214/SACCHI,Final,2012-02-15,02:00,1610612741,CHI,121,1610612758,SAC,115,,,,False
2011-2012,2012,0021100424,20120214/HOUMEM,Final,2012-02-15,02:00,1610612763,MEM,93,1610612745,HOU,83,,,,False
2011-2012,2012,0021100425,20120214/UTAOKC,Final,2012-02-15,02:00,1610612760,OKC,111,1610612762,UTA,85,,,,False
2011-2012,2012,0021100426,20120214/PHXDEN,Final,2012-02-15,03:00,1610612743,DEN,109,1610612756,PHX,92,,,,False
2011-2012,2012,0021100427,20120214/WASPOR,Final,2012-02-15,04:00,1610612757,POR,109,1610612764,WAS,124,,,,False
2011-2012,2012,0021100428,20120214/ATLLAL,Final,2012-02-15,04:30,1610612747,LAL,86,1610612737,ATL,78,,,,False
2011-2012,2012,0021100429,20120215/SASTOR,Final,2012-02-16,01:00,1610612761,TOR,106,1610612759,SAS,113,,,,False
2011-2012,2012,0021100430,20120215/PHIORL,Final,2012-02-16,01:00,1610612753,ORL,103,1610612755,PHI,87,,,,False
2011-2012,2012,0021100431,20120215/DETBOS,Final,2012-02-16,01:30,1610612738,BOS,88,1610612765,DET,98,,,,False
2011-2012,2012,0021100432,20120215/MEMNJN,Final,2012-02-16,01:30,1610612751,NJN,100,1610612763,MEM,105,,,,False
2011-2012,2012,0021100433,20120215/SACNYK,Final,2012-02-16,01:30,1610612752,NYK,100,1610612758,SAC,85,,,,False
2011-2012,2012,0021100434,20120215/INDCLE,Final,2012-02-16,01:30,1610612739,CLE,98,1610612754,IND,87,,,,False
2011-2012,2012,0021100435,20120215/NOHMIL,Final,2012-02-16,02:00,1610612749,MIL,89,1610612740,NOH,92,,,,False
2011-2012,2012,0021100436,20120215/OKCHOU,Final,2012-02-16,02:00,1610612745,HOU,96,1610612760,OKC,95,,,,False
2011-2012,2012,0021100437,20120215/CHAMIN,Final,2012-02-16,02:00,1610612750,MIN,102,1610612766,CHA,90,,,,False
2011-2012,2012,0021100438,20120215/DENDAL,Final,2012-02-16,02:30,1610612742,DAL,102,1610612743,DEN,84,,,,False
2011-2012,2012,0021100439,20120215/ATLPHX,Final,2012-02-16,03:00,1610612756,PHX,99,1610612737,ATL,101,,,,False
2011-2012,2012,0021100440,20120215/PORGSW,Final,2012-02-16,04:00,1610612744,GSW,91,1610612757,POR,93,,,,False
2011-2012,2012,0021100441,20120215/WASLAC,Final,2012-02-16,04:30,1610612746,LAC,102,1610612764,WAS,84,,,,False
2011-2012,2012,0021100442,20120216/NJNIND,Final,2012-02-17,01:00,1610612754,IND,93,1610612751,NJN,88,,,,False
2011-2012,2012,0021100443,20120216/BOSCHI,Final,2012-02-17,02:00,1610612741,CHI,89,1610612738,BOS,80,,,,False
2011-2012,2012,0021100444,20120216/LACPOR,Final,2012-02-17,04:30,1610612757,POR,71,1610612746,LAC,74,,,,False
2011-2012,2012,0021100445,20120217/CHATOR,Final,2012-02-18,01:00,1610612761,TOR,91,1610612766,CHA,98,,,,False
2011-2012,2012,0021100447,20120217/MILORL,Final,2012-02-18,01:00,1610612753,ORL,94,1610612749,MIL,85,,,,False
2011-2012,2012,0021100448,20120217/SACDET,Final,2012-02-18,01:30,1610612765,DET,114,1610612758,SAC,108,,,,False
2011-2012,2012,0021100449,20120217/MIACLE,Final,2012-02-18,01:30,1610612739,CLE,87,1610612748,MIA,111,,,,False
2011-2012,2012,0021100446,20120217/DALPHI,Final,2012-02-18,02:00,1610612755,PHI,75,1610612742,DAL,82,,,,False
2011-2012,2012,0021100450,20120217/NOHNYK,Final,2012-02-18,02:00,1610612752,NYK,85,1610612740,NOH,89,,,,False
2011-2012,2012,0021100451,20120217/DENMEM,Final,2012-02-18,02:00,1610612763,MEM,103,1610612743,DEN,102,,,,False
2011-2012,2012,0021100452,20120217/MINHOU,Final,2012-02-18,02:00,1610612745,HOU,98,1610612750,MIN,111,,,,False
2011-2012,2012,0021100453,20120217/GSWOKC,Final,2012-02-18,02:00,1610612760,OKC,110,1610612744,GSW,87,,,,False
2011-2012,2012,0021100454,20120217/WASUTA,Final,2012-02-18,03:00,1610612762,UTA,114,1610612764,WAS,100,,,,False
2011-2012,2012,0021100455,20120217/PHXLAL,Final,2012-02-18,04:30,1610612747,LAL,111,1610612756,PHX,99,,,,False
2011-2012,2012,0021100456,20120218/SASLAC,Final/OT,2012-02-18,21:30,1610612746,LAC,100,1610612759,SAS,103,,,,False
2011-2012,2012,0021100457,20120218/NJNCHI,Final,2012-02-18,22:00,1610612741,CHI,85,1610612751,NJN,97,,,,False
2011-2012,2012,0021100458,20120218/GSWMEM,Final,2012-02-19,02:00,1610612763,MEM,104,1610612744,GSW,103,,,,False
2011-2012,2012,0021100459,20120218/ATLPOR,Final,2012-02-19,04:00,1610612757,POR,97,1610612737,ATL,77,,,,False
2011-2012,2012,0021100460,20120219/DALNYK,Final,2012-02-19,19:00,1610612752,NYK,104,1610612742,DAL,97,,,,False
2011-2012,2012,0021100461,20120219/ORLMIA,Final,2012-02-19,21:30,1610612748,MIA,90,1610612753,ORL,78,,,,False
2011-2012,2012,0021100462,20120219/BOSDET,Final,2012-02-20,00:00,1610612765,DET,96,1610612738,BOS,81,,,,False
2011-2012,2012,0021100463,20120219/SACCLE,Final,2012-02-20,00:00,1610612739,CLE,93,1610612758,SAC,92,,,,False
2011-2012,2012,0021100464,20120219/CHAIND,Final,2012-02-20,00:00,1610612754,IND,108,1610612766,CHA,73,,,,False
2011-2012,2012,0021100465,20120219/MILNJN,Final,2012-02-20,01:00,1610612751,NJN,85,1610612749,MIL,92,,,,False
2011-2012,2012,0021100466,20120219/UTAHOU,Final,2012-02-20,01:00,1610612745,HOU,101,1610612762,UTA,85,,,,False
2011-2012,2012,0021100467,20120219/PHIMIN,Final,2012-02-20,01:00,1610612750,MIN,92,1610612755,PHI,91,,,,False
2011-2012,2012,0021100468,20120219/DENOKC,Final/OT,2012-02-20,02:00,1610612760,OKC,124,1610612743,DEN,118,,,,False
2011-2012,2012,0021100469,20120219/LALPHX,Final,2012-02-20,02:00,1610612756,PHX,102,1610612747,LAL,90,,,,False
2011-2012,2012,0021100470,20120220/ATLCHI,Final,2012-02-20,22:00,1610612741,CHI,90,1610612737,ATL,79,,,,False
2011-2012,2012,0021100471,20120220/NJNNYK,Final,2012-02-21,01:30,1610612752,NYK,92,1610612751,NJN,100,,,,False
2011-2012,2012,0021100472,20120220/ORLMIL,Final,2012-02-21,02:00,1610612749,MIL,90,1610612753,ORL,93,,,,False
2011-2012,2012,0021100473,20120220/MEMHOU,Final,2012-02-21,02:00,1610612745,HOU,97,1610612763,MEM,93,,,,False
2011-2012,2012,0021100474,20120220/BOSDAL,Final,2012-02-21,02:00,1610612742,DAL,89,1610612738,BOS,73,,,,False
2011-2012,2012,0021100475,20120220/NOHOKC,Final,2012-02-21,02:00,1610612760,OKC,101,1610612740,NOH,93,,,,False
2011-2012,2012,0021100476,20120220/MINDEN,Final/OT,2012-02-21,03:00,1610612743,DEN,103,1610612750,MIN,101,,,,False
2011-2012,2012,0021100477,20120220/SASUTA,Final,2012-02-21,03:00,1610612762,UTA,102,1610612759,SAS,106,,,,False
2011-2012,2012,0021100478,20120220/WASPHX,Final,2012-02-21,03:00,1610612756,PHX,104,1610612764,WAS,88,,,,False
2011-2012,2012,0021100479,20120220/PORLAL,Final,2012-02-21,04:30,1610612747,LAL,103,1610612757,POR,92,,,,False
2011-2012,2012,0021100480,20120220/LACGSW,Final,2012-02-21,04:30,1610612744,GSW,104,1610612746,LAC,97,,,,False
2011-2012,2012,0021100481,20120221/DETCLE,Final,2012-02-22,01:00,1610612739,CLE,101,1610612765,DET,100,,,,False
2011-2012,2012,0021100482,20120221/NOHIND,Final/OT,2012-02-22,01:00,1610612754,IND,117,1610612740,NOH,108,,,,False
2011-2012,2012,0021100483,20120221/SACMIA,Final,2012-02-22,01:30,1610612748,MIA,120,1610612758,SAC,108,,,,False
2011-2012,2012,0021100484,20120221/PHIMEM,Final,2012-02-22,02:00,1610612763,MEM,89,1610612755,PHI,76,,,,False
2011-2012,2012,0021100485,20120221/SASPOR,Final,2012-02-22,04:00,1610612757,POR,137,1610612759,SAS,97,,,,False
2011-2012,2012,0021100486,20120222/DETTOR,Final,2012-02-23,01:00,1610612761,TOR,103,1610612765,DET,93,,,,False
2011-2012,2012,0021100487,20120222/SACWAS,Final,2012-02-23,01:00,1610612764,WAS,107,1610612758,SAC,115,,,,False
2011-2012,2012,0021100488,20120222/INDCHA,Final,2012-02-23,01:00,1610612766,CHA,88,1610612754,IND,102,,,,False
2011-2012,2012,0021100489,20120222/NOHCLE,Final,2012-02-23,01:00,1610612739,CLE,84,1610612740,NOH,89,,,,False
2011-2012,2012,0021100490,20120222/BOSOKC,Final,2012-02-23,01:00,1610612760,OKC,119,1610612738,BOS,104,,,,False
2011-2012,2012,0021100491,20120222/ORLNJN,Final,2012-02-23,01:30,1610612751,NJN,91,1610612753,ORL,108,,,,False
2011-2012,2012,0021100492,20120222/ATLNYK,Final,2012-02-23,01:30,1610612752,NYK,99,1610612737,ATL,82,,,,False
2011-2012,2012,0021100493,20120222/MILCHI,Final,2012-02-23,02:00,1610612741,CHI,110,1610612749,MIL,91,,,,False
2011-2012,2012,0021100494,20120222/PHIHOU,Final,2012-02-23,02:00,1610612745,HOU,93,1610612755,PHI,87,,,,False
2011-2012,2012,0021100495,20120222/UTAMIN,Final,2012-02-23,02:00,1610612750,MIN,100,1610612762,UTA,98,,,,False
2011-2012,2012,0021100496,20120222/GSWPHX,Final,2012-02-23,03:00,1610612756,PHX,104,1610612744,GSW,106,,,,False
2011-2012,2012,0021100497,20120222/LALDAL,Final,2012-02-23,03:30,1610612742,DAL,91,1610612747,LAL,96,,,,False
2011-2012,2012,0021100498,20120222/DENLAC,Final,2012-02-23,04:30,1610612746,LAC,103,1610612743,DEN,95,,,,False
2011-2012,2012,0021100499,20120223/NYKMIA,Final,2012-02-24,01:00,1610612748,MIA,102,1610612752,NYK,88,,,,False
2011-2012,2012,0021100500,20120223/ORLATL,Final,2012-02-24,01:30,1610612737,ATL,83,1610612753,ORL,78,,,,False
2011-2012,2012,0021100501,20120223/SASDEN,Final,2012-02-24,03:00,1610612743,DEN,99,1610612759,SAS,114,,,,False
2011-2012,2012,0021100502,20120223/LALOKC,Final,2012-02-24,03:30,1610612760,OKC,100,1610612747,LAL,85,,,,False
2011-2012,2012,0031100003,20120224/WSTEST,Final,2012-02-25,01:00,1610616839,EST,86,1610616840,WST,54,,,,False
2011-2012,2012,0031100002,20120224/SHQCHK,Final,2012-02-25,03:00,1610616841,CHK,146,1610616842,SHQ,133,,Rising Stars,,False
2011-2012,2012,0031100001,20120226/WSTEST,Final,2012-02-27,01:00,1610616833,EST,149,1610616834,WST,152,,All-Star Game,,False
2011-2012,2012,0021100503,20120228/BOSCLE,Final,2012-02-29,01:00,1610612739,CLE,83,1610612738,BOS,86,,,,False
2011-2012,2012,0021100504,20120228/GSWIND,Final,2012-02-29,01:00,1610612754,IND,102,1610612744,GSW,78,,,,False
2011-2012,2012,0021100505,20120228/PHIDET,Final,2012-02-29,01:30,1610612765,DET,68,1610612755,PHI,97,,,,False
2011-2012,2012,0021100506,20120228/NOHCHI,Final,2012-02-29,02:00,1610612741,CHI,99,1610612740,NOH,95,,,,False
2011-2012,2012,0021100507,20120228/WASMIL,Final,2012-02-29,02:00,1610612749,MIL,119,1610612764,WAS,118,,,,False
2011-2012,2012,0021100508,20120228/TORHOU,Final,2012-02-29,02:00,1610612745,HOU,88,1610612761,TOR,85,,,,False
2011-2012,2012,0021100509,20120228/NJNDAL,Final,2012-02-29,02:30,1610612742,DAL,92,1610612751,NJN,93,,,,False
2011-2012,2012,0021100510,20120228/UTASAC,Final,2012-02-29,04:00,1610612758,SAC,103,1610612762,UTA,96,,,,False
2011-2012,2012,0021100511,20120228/MINLAC,Final,2012-02-29,04:30,1610612746,LAC,97,1610612750,MIN,109,,,,False
2011-2012,2012,0021100512,20120229/OKCPHI,Final,2012-03-01,01:00,1610612755,PHI,88,1610612760,OKC,92,,,,False
2011-2012,2012,0021100513,20120229/ORLWAS,Final,2012-03-01,01:00,1610612764,WAS,95,1610612753,ORL,102,,,,False
2011-2012,2012,0021100514,20120229/MILBOS,Final,2012-03-01,01:30,1610612738,BOS,102,1610612749,MIL,96,,,,False
2011-2012,2012,0021100515,20120229/CLENYK,Final,2012-03-01,01:30,1610612752,NYK,120,1610612739,CLE,103,,,,False
2011-2012,2012,0021100516,20120229/GSWATL,Final,2012-03-01,01:30,1610612737,ATL,82,1610612744,GSW,85,,,,False
2011-2012,2012,0021100517,20120229/CHADET,Final,2012-03-01,01:30,1610612765,DET,109,1610612766,CHA,94,,,,False
2011-2012,2012,0021100518,20120229/DALMEM,Final,2012-03-01,02:00,1610612763,MEM,96,1610612742,DAL,85,,,,False
2011-2012,2012,0021100519,20120229/TORNOH,Final,2012-03-01,02:00,1610612740,NOH,84,1610612761,TOR,95,,,,False
2011-2012,2012,0021100520,20120229/CHISAS,Final,2012-03-01,03:00,1610612759,SAS,89,1610612741,CHI,96,,,,False
2011-2012,2012,0021100521,20120229/PORDEN,Final,2012-03-01,03:00,1610612743,DEN,104,1610612757,POR,95,,,,False
2011-2012,2012,0021100522,20120229/HOUUTA,Final,2012-03-01,03:00,1610612762,UTA,104,1610612745,HOU,83,,,,False
2011-2012,2012,0021100523,20120229/MINLAL,Final,2012-03-01,04:30,1610612747,LAL,104,1610612750,MIN,85,,,,False
2011-2012,2012,0021100524,20120301/OKCORL,Final,2012-03-02,02:00,1610612753,ORL,102,1610612760,OKC,105,,,,False
2011-2012,2012,0021100525,20120301/MINPHX,Final,2012-03-02,03:00,1610612756,PHX,104,1610612750,MIN,95,,,,False
2011-2012,2012,0021100526,20120301/LACSAC,Final,2012-03-02,04:00,1610612758,SAC,100,1610612746,LAC,108,,,,False
2011-2012,2012,0021100527,20120301/MIAPOR,Final,2012-03-02,04:30,1610612757,POR,93,1610612748,MIA,107,,,,False
2011-2012,2012,0021100528,20120302/MEMTOR,Final,2012-03-03,01:00,1610612761,TOR,99,1610612763,MEM,102,,,,False
2011-2012,2012,0021100529,20120302/NJNBOS,Final,2012-03-03,01:30,1610612738,BOS,107,1610612751,NJN,94,,,,False
2011-2012,2012,0021100530,20120302/MILATL,Final,2012-03-03,01:30,1610612737,ATL,99,1610612749,MIL,94,,,,False
2011-2012,2012,0021100531,20120302/CHICLE,Final,2012-03-03,01:30,1610612739,CLE,91,1610612741,CHI,112,,,,False
2011-2012,2012,0021100532,20120302/GSWPHI,Final,2012-03-03,02:00,1610612755,PHI,105,1610612744,GSW,83,,,,False
2011-2012,2012,0021100533,20120302/DALNOH,Final,2012-03-03,02:00,1610612740,NOH,97,1610612742,DAL,92,,,,False
2011-2012,2012,0021100534,20120302/DENHOU,Final,2012-03-03,02:00,1610612745,HOU,105,1610612743,DEN,117,,,,False
2011-2012,2012,0021100535,20120302/CHASAS,Final,2012-03-03,02:30,1610612759,SAS,102,1610612766,CHA,72,,,,False
2011-2012,2012,0021100536,20120302/MIAUTA,Final,2012-03-03,03:00,1610612762,UTA,99,1610612748,MIA,98,,,,False
2011-2012,2012,0021100537,20120302/LACPHX,Final,2012-03-03,04:30,1610612756,PHX,81,1610612746,LAC,78,,,,False
2011-2012,2012,0021100538,20120302/SACLAL,Final,2012-03-03,04:30,1610612747,LAL,115,1610612758,SAC,107,,,,False
2011-2012,2012,0021100539,20120303/CLEWAS,Final,2012-03-04,01:00,1610612764,WAS,101,1610612739,CLE,98,,,,False
2011-2012,2012,0021100540,20120303/OKCATL,Final,2012-03-04,01:00,1610612737,ATL,97,1610612760,OKC,90,,,,False
2011-2012,2012,0021100541,20120303/MILORL,Final,2012-03-04,01:00,1610612753,ORL,114,1610612749,MIL,98,,,,False
2011-2012,2012,0021100542,20120303/DETMEM,Final,2012-03-04,02:00,1610612763,MEM,100,1610612765,DET,83,,,,False
2011-2012,2012,0021100543,20120303/INDNOH,Final,2012-03-04,02:00,1610612740,NOH,84,1610612754,IND,102,,,,False
2011-2012,2012,0021100544,20120303/UTADAL,Final,2012-03-04,02:30,1610612742,DAL,102,1610612762,UTA,96,,,,False
2011-2012,2012,0021100545,20120303/MINPOR,Final,2012-03-04,04:00,1610612757,POR,110,1610612750,MIN,122,,,,False
2011-2012,2012,0021100546,20120304/NYKBOS,Final/OT,2012-03-04,19:00,1610612738,BOS,115,1610612752,NYK,111,,,,False
2011-2012,2012,0021100547,20120304/MIALAL,Final,2012-03-04,21:30,1610612747,LAL,93,1610612748,MIA,83,,,,False
2011-2012,2012,0021100548,20120304/GSWTOR,Final,2012-03-05,00:00,1610612761,TOR,83,1610612744,GSW,75,,,,False
2011-2012,2012,0021100549,20120304/NJNCHA,Final,2012-03-05,00:00,1610612766,CHA,101,1610612751,NJN,104,,,,False
2011-2012,2012,0021100550,20120304/CHIPHI,Final,2012-03-05,01:00,1610612755,PHI,91,1610612741,CHI,96,,,,False
2011-2012,2012,0021100551,20120304/LACHOU,Final/OT,2012-03-05,01:00,1610612745,HOU,103,1610612746,LAC,105,,,,False
2011-2012,2012,0021100552,20120304/SACPHX,Final,2012-03-05,02:00,1610612756,PHX,96,1610612758,SAC,88,,,,False
2011-2012,2012,0021100553,20120304/DENSAS,Final,2012-03-05,03:30,1610612759,SAS,94,1610612743,DEN,99,,,,False
2011-2012,2012,0021100554,20120305/ORLTOR,Final,2012-03-06,01:00,1610612761,TOR,88,1610612753,ORL,92,,,,False
2011-2012,2012,0021100555,20120305/GSWWAS,Final,2012-03-06,01:00,1610612764,WAS,100,1610612744,GSW,120,,,,False
2011-2012,2012,0021100556,20120305/UTACLE,Final,2012-03-06,01:00,1610612739,CLE,100,1610612762,UTA,109,,,,False
2011-2012,2012,0021100557,20120305/INDCHI,Final,2012-03-06,02:00,1610612741,CHI,92,1610612754,IND,72,,,,False
2011-2012,2012,0021100558,20120305/PHIMIL,Final,2012-03-06,02:00,1610612749,MIL,97,1610612755,PHI,93,,,,False
2011-2012,2012,0021100559,20120305/DALOKC,Final,2012-03-06,02:00,1610612760,OKC,95,1610612742,DAL,91,,,,False
2011-2012,2012,0021100560,20120305/LACMIN,Final,2012-03-06,02:00,1610612750,MIN,95,1610612746,LAC,94,,,,False
2011-2012,2012,0021100561,20120305/SACDEN,Final/OT,2012-03-06,03:00,1610612743,DEN,119,1610612758,SAC,116,,,,False
2011-2012,2012,0021100562,20120305/NOHPOR,Final,2012-03-06,04:00,1610612757,POR,86,1610612740,NOH,74,,,,False
2011-2012,2012,0021100563,20120306/ORLCHA,Final,2012-03-07,01:00,1610612766,CHA,100,1610612753,ORL,84,,,,False
2011-2012,2012,0021100564,20120306/ATLIND,Final,2012-03-07,01:00,1610612754,IND,96,1610612737,ATL,101,,,,False
2011-2012,2012,0021100565,20120306/HOUBOS,Final/OT,2012-03-07,01:30,1610612738,BOS,97,1610612745,HOU,92,,,,False
2011-2012,2012,0021100566,20120306/NJNMIA,Final,2012-03-07,01:30,1610612748,MIA,108,1610612751,NJN,78,,,,False
2011-2012,2012,0021100567,20120306/LALDET,Final/OT,2012-03-07,01:30,1610612765,DET,88,1610612747,LAL,85,,,,False
2011-2012,2012,0021100568,20120306/NYKDAL,Final,2012-03-07,02:30,1610612742,DAL,95,1610612752,NYK,85,,,,False
2011-2012,2012,0021100569,20120307/HOUTOR,Final,2012-03-08,01:00,1610612761,TOR,116,1610612745,HOU,98,,,,False
2011-2012,2012,0021100570,20120307/BOSPHI,Final,2012-03-08,01:00,1610612755,PHI,103,1610612738,BOS,71,,,,False
2011-2012,2012,0021100571,20120307/LALWAS,Final,2012-03-08,01:00,1610612764,WAS,106,1610612747,LAL,101,,,,False
2011-2012,2012,0021100572,20120307/UTACHA,Final,2012-03-08,01:00,1610612766,CHA,93,1610612762,UTA,99,,,,False
2011-2012,2012,0021100573,20120307/ATLMIA,Final,2012-03-08,01:30,1610612748,MIA,89,1610612737,ATL,86,,,,False
2011-2012,2012,0021100574,20120307/LACNJN,Final,2012-03-08,02:00,1610612751,NJN,101,1610612746,LAC,100,,,,False
2011-2012,2012,0021100575,20120307/CHIMIL,Final,2012-03-08,02:00,1610612749,MIL,104,1610612741,CHI,106,,,,False
2011-2012,2012,0021100576,20120307/PHXOKC,Final,2012-03-08,02:00,1610612760,OKC,115,1610612756,PHX,104,,,,False
2011-2012,2012,0021100577,20120307/PORMIN,Final,2012-03-08,02:00,1610612750,MIN,106,1610612757,POR,94,,,,False
2011-2012,2012,0021100578,20120307/NYKSAS,Final,2012-03-08,02:30,1610612759,SAS,118,1610612752,NYK,105,,,,False
2011-2012,2012,0021100579,20120307/CLEDEN,Final,2012-03-08,03:00,1610612743,DEN,99,1610612739,CLE,100,,,,False
2011-2012,2012,0021100580,20120307/NOHSAC,Final,2012-03-08,04:00,1610612758,SAC,99,1610612740,NOH,98,,,,False
2011-2012,2012,0021100581,20120307/MEMGSW,Final,2012-03-08,04:30,1610612744,GSW,92,1610612763,MEM,110,,,,False
2011-2012,2012,0021100582,20120308/ORLCHI,Final,2012-03-09,02:00,1610612741,CHI,94,1610612753,ORL,99,,,,False
2011-2012,2012,0021100583,20120308/DALPHX,Final,2012-03-09,04:30,1610612756,PHX,96,1610612742,DAL,94,,,,False
2011-2012,2012,0021100584,20120309/UTAPHI,Final,2012-03-10,01:00,1610612755,PHI,104,1610612762,UTA,91,,,,False
2011-2012,2012,0021100585,20120309/NJNCHA,Final,2012-03-10,01:00,1610612766,CHA,74,1610612751,NJN,83,,,,False
2011-2012,2012,0021100586,20120309/PORBOS,Final,2012-03-10,01:30,1610612738,BOS,104,1610612757,POR,86,,,,False
2011-2012,2012,0021100587,20120309/ATLDET,Final,2012-03-10,01:30,1610612765,DET,86,1610612737,ATL,85,,,,False
2011-2012,2012,0021100588,20120309/CLEOKC,Final,2012-03-10,02:00,1610612760,OKC,90,1610612739,CLE,96,,,,False
2011-2012,2012,0021100589,20120309/LALMIN,Final,2012-03-10,02:00,1610612750,MIN,102,1610612747,LAL,105,,,,False
2011-2012,2012,0021100590,20120309/NYKMIL,Final,2012-03-10,02:30,1610612749,MIL,119,1610612752,NYK,114,,,,False
2011-2012,2012,0021100591,20120309/LACSAS,Final,2012-03-10,02:30,1610612759,SAS,108,1610612746,LAC,120,,,,False
2011-2012,2012,0021100592,20120309/NOHDEN,Final,2012-03-10,03:00,1610612743,DEN,110,1610612740,NOH,97,,,,False
2011-2012,2012,0021100593,20120309/DALSAC,Final,2012-03-10,04:00,1610612758,SAC,110,1610612742,DAL,97,,,,False
2011-2012,2012,0021100594,20120310/PORWAS,Final,2012-03-11,01:00,1610612764,WAS,99,1610612757,POR,110,,,,False
2011-2012,2012,0021100595,20120310/INDMIA,Final/OT,2012-03-11,01:30,1610612748,MIA,93,1610612754,IND,91,,,,False
2011-2012,2012,0021100596,20120310/TORDET,Final,2012-03-11,01:30,1610612765,DET,105,1610612761,TOR,86,,,,False
2011-2012,2012,0021100597,20120310/HOUNJN,Final,2012-03-11,02:00,1610612751,NJN,106,1610612745,HOU,112,,,,False
2011-2012,2012,0021100598,20120310/UTACHI,Final,2012-03-11,02:00,1610612741,CHI,111,1610612762,UTA,97,,,,False
2011-2012,2012,0021100599,20120310/CHAOKC,Final,2012-03-11,02:00,1610612760,OKC,122,1610612766,CHA,95,,,,False
2011-2012,2012,0021100600,20120310/NOHMIN,Final,2012-03-11,02:00,1610612750,MIN,89,1610612740,NOH,95,,,,False
2011-2012,2012,0021100601,20120310/MEMPHX,Final,2012-03-11,03:00,1610612756,PHX,98,1610612763,MEM,91,,,,False
2011-2012,2012,0021100602,20120310/DALGSW,Final,2012-03-11,04:30,1610612744,GSW,111,1610612742,DAL,87,,,,False
2011-2012,2012,0021100603,20120311/PHINYK,Final,2012-03-11,17:00,1610612752,NYK,94,1610612755,PHI,106,,,,False
2011-2012,2012,0021100604,20120311/BOSLAL,Final,2012-03-11,20:30,1610612747,LAL,97,1610612738,BOS,94,,,,False
2011-2012,2012,0021100605,20120311/MILTOR,Final,2012-03-11,23:00,1610612761,TOR,99,1610612749,MIL,105,,,,False
2011-2012,2012,0021100606,20120311/INDORL,Final,2012-03-11,23:00,1610612753,ORL,107,1610612754,IND,94,,,,False
2011-2012,2012,0021100607,20120311/HOUCLE,Final,2012-03-11,23:00,1610612739,CLE,118,1610612745,HOU,107,,,,False
2011-2012,2012,0021100608,20120311/MEMDEN,Final,2012-03-12,01:00,1610612743,DEN,91,1610612763,MEM,94,,,,False
2011-2012,2012,0021100609,20120311/ATLSAC,Final,2012-03-12,02:00,1610612758,SAC,99,1610612737,ATL,106,,,,False
2011-2012,2012,0021100610,20120311/GSWLAC,Final,2012-03-12,02:30,1610612746,LAC,93,1610612744,GSW,97,,,,False
2011-2012,2012,0021100611,20120312/MILNJN,Final,2012-03-13,00:30,1610612751,NJN,99,1610612749,MIL,105,,,,False
2011-2012,2012,0021100612,20120312/NYKCHI,Final,2012-03-13,01:00,1610612741,CHI,104,1610612752,NYK,99,,,,False
2011-2012,2012,0021100613,20120312/CHANOH,Final,2012-03-13,01:00,1610612740,NOH,71,1610612766,CHA,73,,,,False
2011-2012,2012,0021100614,20120312/WASSAS,Final,2012-03-13,01:30,1610612759,SAS,112,1610612764,WAS,97,,,,False
2011-2012,2012,0021100615,20120312/DETUTA,Final,2012-03-13,02:00,1610612762,UTA,105,1610612765,DET,90,,,,False
2011-2012,2012,0021100616,20120312/MINPHX,Final,2012-03-13,03:00,1610612756,PHX,124,1610612750,MIN,127,,,,False
2011-2012,2012,0021100617,20120312/BOSLAC,Final,2012-03-13,03:30,1610612746,LAC,85,1610612738,BOS,94,,,,False
2011-2012,2012,0021100618,20120313/MIAORL,Final/OT,2012-03-14,00:00,1610612753,ORL,104,1610612748,MIA,98,,,,False
2011-2012,2012,0021100619,20120313/TORCLE,Final,2012-03-14,00:00,1610612739,CLE,88,1610612761,TOR,96,,,,False
2011-2012,2012,0021100620,20120313/PORIND,Final,2012-03-14,00:00,1610612754,IND,92,1610612757,POR,75,,,,False
2011-2012,2012,0021100621,20120313/LALMEM,Final/OT2,2012-03-14,01:00,1610612763,MEM,111,1610612747,LAL,116,,,,False
2011-2012,2012,0021100622,20120313/HOUOKC,Final,2012-03-14,01:00,1610612760,OKC,103,1610612745,HOU,104,,,,False
2011-2012,2012,0021100623,20120313/WASDAL,Final,2012-03-14,01:30,1610612742,DAL,107,1610612764,WAS,98,,,,False
2011-2012,2012,0021100624,20120313/ATLDEN,Final/OT,2012-03-14,02:00,1610612743,DEN,118,1610612737,ATL,117,,,,False
2011-2012,2012,0021100625,20120313/GSWSAC,Final,2012-03-14,03:00,1610612758,SAC,89,1610612744,GSW,115,,,,False
2011-2012,2012,0021100626,20120314/PHIIND,Final,2012-03-15,00:00,1610612754,IND,111,1610612755,PHI,94,,,,False
2011-2012,2012,0021100627,20120314/TORNJN,Final,2012-03-15,00:30,1610612751,NJN,98,1610612761,TOR,84,,,,False
2011-2012,2012,0021100628,20120314/PORNYK,Final,2012-03-15,00:30,1610612752,NYK,121,1610612757,POR,79,,,,False
2011-2012,2012,0021100630,20120314/CLEMIL,Final,2012-03-15,01:00,1610612749,MIL,115,1610612739,CLE,105,,,,False
2011-2012,2012,0021100631,20120314/LALNOH,Final/OT,2012-03-15,01:00,1610612740,NOH,101,1610612747,LAL,107,,,,False
2011-2012,2012,0021100632,20120314/CHAHOU,Final,2012-03-15,01:00,1610612745,HOU,107,1610612766,CHA,87,,,,False
2011-2012,2012,0021100633,20120314/ORLSAS,Final,2012-03-15,01:30,1610612759,SAS,122,1610612753,ORL,111,,,,False
2011-2012,2012,0021100629,20120314/MIACHI,Final,2012-03-15,02:30,1610612741,CHI,106,1610612748,MIA,102,,,,False
2011-2012,2012,0021100634,20120314/DETSAC,Final,2012-03-15,03:00,1610612758,SAC,112,1610612765,DET,124,,,,False
2011-2012,2012,0021100635,20120314/UTAPHX,Final,2012-03-15,03:30,1610612756,PHX,120,1610612762,UTA,111,,,,False
2011-2012,2012,0021100636,20120314/ATLLAC,Final,2012-03-15,03:30,1610612746,LAC,96,1610612737,ATL,82,,,,False
2011-2012,2012,0021100637,20120314/BOSGSW,Final,2012-03-15,03:30,1610612744,GSW,103,1610612738,BOS,105,,,,False
2011-2012,2012,0021100638,20120315/WASNOH,Final,2012-03-16,01:00,1610612740,NOH,89,1610612764,WAS,99,,,,False
2011-2012,2012,0021100639,20120315/CHADAL,Final,2012-03-16,01:30,1610612742,DAL,101,1610612766,CHA,96,,,,False
2011-2012,2012,0021100640,20120315/OKCDEN,Final,2012-03-16,02:00,1610612743,DEN,90,1610612760,OKC,103,,,,False
2011-2012,2012,0021100641,20120315/MINUTA,Final/OT,2012-03-16,02:00,1610612762,UTA,111,1610612750,MIN,105,,,,False
2011-2012,2012,0021100642,20120315/PHXLAC,Final,2012-03-16,03:30,1610612746,LAC,87,1610612756,PHX,91,,,,False
2011-2012,2012,0021100643,20120316/MIAPHI,Final,2012-03-17,00:00,1610612755,PHI,78,1610612748,MIA,84,,,,False
2011-2012,2012,0021100644,20120316/NJNORL,Final,2012-03-17,00:00,1610612753,ORL,86,1610612751,NJN,70,,,,False
2011-2012,2012,0021100645,20120316/INDNYK,Final,2012-03-17,00:30,1610612752,NYK,115,1610612754,IND,100,,,,False
2011-2012,2012,0021100646,20120316/WASATL,Final,2012-03-17,00:30,1610612737,ATL,102,1610612764,WAS,88,,,,False
2011-2012,2012,0021100647,20120316/PORCHI,Final,2012-03-17,01:00,1610612741,CHI,89,1610612757,POR,100,,,,False
2011-2012,2012,0021100648,20120316/TORMEM,Final/OT,2012-03-17,01:00,1610612763,MEM,110,1610612761,TOR,114,,,,False
2011-2012,2012,0021100649,20120316/SASOKC,Final,2012-03-17,02:30,1610612760,OKC,105,1610612759,SAS,114,,,,False
2011-2012,2012,0021100650,20120316/DETPHX,Final,2012-03-17,03:00,1610612756,PHX,109,1610612765,DET,101,,,,False
2011-2012,2012,0021100651,20120316/BOSSAC,Final,2012-03-17,03:00,1610612758,SAC,120,1610612738,BOS,95,,,,False
2011-2012,2012,0021100652,20120316/MINLAL,Final,2012-03-17,03:30,1610612747,LAL,97,1610612750,MIN,92,,,,False
2011-2012,2012,0021100653,20120316/MILGSW,Final,2012-03-17,03:30,1610612744,GSW,98,1610612749,MIL,120,,,,False
2011-2012,2012,0021100654,20120317/HOULAC,Final,2012-03-17,20:30,1610612746,LAC,95,1610612745,HOU,91,,,,False
2011-2012,2012,0021100655,20120317/TORCHA,Final,2012-03-18,00:00,1610612766,CHA,107,1610612761,TOR,103,,,,False
2011-2012,2012,0021100656,20120317/NYKIND,Final,2012-03-18,00:00,1610612754,IND,88,1610612752,NYK,102,,,,False
2011-2012,2012,0021100657,20120317/NOHNJN,Final,2012-03-18,01:00,1610612751,NJN,94,1610612740,NOH,102,,,,False
2011-2012,2012,0021100658,20120317/PHICHI,Final,2012-03-18,01:00,1610612741,CHI,89,1610612755,PHI,80,,,,False
2011-2012,2012,0021100659,20120317/SASDAL,Final,2012-03-18,02:00,1610612742,DAL,106,1610612759,SAS,99,,,,False
2011-2012,2012,0021100660,20120317/BOSDEN,Final,2012-03-18,02:00,1610612743,DEN,98,1610612738,BOS,91,,,,False
2011-2012,2012,0021100661,20120317/GSWUTA,Final/OT,2012-03-18,02:00,1610612762,UTA,99,1610612744,GSW,92,,,,False
2011-2012,2012,0021100662,20120318/ATLCLE,Final,2012-03-18,20:00,1610612739,CLE,87,1610612737,ATL,103,,,,False
2011-2012,2012,0021100663,20120318/DETLAC,Final/OT,2012-03-18,20:30,1610612746,LAC,87,1610612765,DET,83,,,,False
2011-2012,2012,0021100664,20120318/WASMEM,Final,2012-03-18,23:00,1610612763,MEM,97,1610612764,WAS,92,,,,False
2011-2012,2012,0021100665,20120318/MINSAC,Final,2012-03-18,23:00,1610612758,SAC,115,1610612750,MIN,99,,,,False
2011-2012,2012,0021100666,20120318/ORLMIA,Final,2012-03-19,00:00,1610612748,MIA,91,1610612753,ORL,81,,,,False
2011-2012,2012,0021100667,20120318/HOUPHX,Final,2012-03-19,02:00,1610612756,PHX,99,1610612745,HOU,86,,,,False
2011-2012,2012,0021100668,20120318/POROKC,Final,2012-03-19,02:30,1610612760,OKC,111,1610612757,POR,95,,,,False
2011-2012,2012,0021100669,20120318/UTALAL,Final,2012-03-19,02:30,1610612747,LAL,99,1610612762,UTA,103,,,,False
2011-2012,2012,0021100670,20120319/PHICHA,Final,2012-03-20,00:00,1610612766,CHA,80,1610612755,PHI,105,,,,False
2011-2012,2012,0021100671,20120319/CLENJN,Final,2012-03-20,00:30,1610612751,NJN,100,1610612739,CLE,105,,,,False
2011-2012,2012,0021100672,20120319/BOSATL,Final,2012-03-20,00:30,1610612737,ATL,76,1610612738,BOS,79,,,,False
2011-2012,2012,0021100673,20120319/CHIORL,Final,2012-03-20,01:00,1610612753,ORL,59,1610612741,CHI,85,,,,False
2011-2012,2012,0021100674,20120319/DALDEN,Final,2012-03-20,03:30,1610612743,DEN,95,1610612742,DAL,112,,,,False
2011-2012,2012,0021100675,20120319/MINGSW,Final,2012-03-20,03:30,1610612744,GSW,93,1610612750,MIN,97,,,,False
2011-2012,2012,0021100676,20120320/LACIND,Final,2012-03-21,00:00,1610612754,IND,104,1610612746,LAC,89,,,,False
2011-2012,2012,0021100677,20120320/TORNYK,Final,2012-03-21,00:30,1610612752,NYK,106,1610612761,TOR,87,,,,False
2011-2012,2012,0021100678,20120320/PHXMIA,Final,2012-03-21,00:30,1610612748,MIA,99,1610612756,PHX,95,,,,False
2011-2012,2012,0021100679,20120320/LALHOU,Final,2012-03-21,01:00,1610612745,HOU,107,1610612747,LAL,104,,,,False
2011-2012,2012,0021100680,20120320/OKCUTA,Final,2012-03-21,02:00,1610612762,UTA,97,1610612760,OKC,90,,,,False
2011-2012,2012,0021100681,20120320/MEMSAC,Final,2012-03-21,03:00,1610612758,SAC,119,1610612763,MEM,110,,,,False
2011-2012,2012,0021100682,20120320/MILPOR,Final,2012-03-21,03:00,1610612757,POR,87,1610612749,MIL,116,,,,False
2011-2012,2012,0021100683,20120321/CHITOR,Final,2012-03-22,00:00,1610612761,TOR,82,1610612741,CHI,94,,,,False
2011-2012,2012,0021100684,20120321/NYKPHI,Final,2012-03-22,00:00,1610612755,PHI,79,1610612752,NYK,82,,,,False
2011-2012,2012,0021100685,20120321/PHXORL,Final,2012-03-22,00:00,1610612753,ORL,103,1610612756,PHX,93,,,,False
2011-2012,2012,0021100686,20120321/WASNJN,Final,2012-03-22,00:30,1610612751,NJN,89,1610612764,WAS,108,,,,False
2011-2012,2012,0021100687,20120321/CLEATL,Final/OT,2012-03-22,00:30,1610612737,ATL,103,1610612739,CLE,102,,,,False
2011-2012,2012,0021100688,20120321/GSWNOH,Final,2012-03-22,01:00,1610612740,NOH,92,1610612744,GSW,101,,,,False
2011-2012,2012,0021100689,20120321/LACOKC,Final,2012-03-22,01:00,1610612760,OKC,114,1610612746,LAC,91,,,,False
2011-2012,2012,0021100690,20120321/MINSAS,Final,2012-03-22,01:30,1610612759,SAS,116,1610612750,MIN,100,,,,False
2011-2012,2012,0021100691,20120321/DETDEN,Final,2012-03-22,02:00,1610612743,DEN,116,1610612765,DET,115,,,,False
2011-2012,2012,0021100692,20120321/LALDAL,Final,2012-03-22,02:30,1610612742,DAL,93,1610612747,LAL,109,,,,False
2011-2012,2012,0021100693,20120322/INDWAS,Final,2012-03-23,00:00,1610612764,WAS,83,1610612754,IND,85,,,,False
2011-2012,2012,0021100694,20120322/BOSMIL,Final,2012-03-23,01:00,1610612749,MIL,91,1610612738,BOS,100,,,,False
2011-2012,2012,0021100695,20120322/LACNOH,Final,2012-03-23,01:00,1610612740,NOH,97,1610612746,LAC,90,,,,False
2011-2012,2012,0021100696,20120322/GSWHOU,Final,2012-03-23,01:00,1610612745,HOU,109,1610612744,GSW,83,,,,False
2011-2012,2012,0021100697,20120322/UTASAC,Final,2012-03-23,03:00,1610612758,SAC,102,1610612762,UTA,103,,,,False
2011-2012,2012,0021100698,20120322/MEMPOR,Final,2012-03-23,03:00,1610612757,POR,97,1610612763,MEM,93,,,,False
2011-2012,2012,0021100699,20120323/NYKTOR,Final,2012-03-24,00:00,1610612761,TOR,96,1610612752,NYK,79,,,,False
2011-2012,2012,0021100700,20120323/MILCHA,Final,2012-03-24,00:00,1610612766,CHA,92,1610612749,MIL,112,,,,False
2011-2012,2012,0021100701,20120323/CLEORL,Final,2012-03-24,00:00,1610612753,ORL,93,1610612739,CLE,80,,,,False
2011-2012,2012,0021100702,20120323/PHXIND,Final,2012-03-24,00:00,1610612754,IND,111,1610612756,PHX,113,,,,False
2011-2012,2012,0021100703,20120323/NJNATL,Final,2012-03-24,00:30,1610612737,ATL,93,1610612751,NJN,84,,,,False
2011-2012,2012,0021100704,20120323/MIADET,Final,2012-03-24,00:30,1610612765,DET,73,1610612748,MIA,88,,,,False
2011-2012,2012,0021100705,20120323/BOSPHI,Final,2012-03-24,01:00,1610612755,PHI,99,1610612738,BOS,86,,,,False
2011-2012,2012,0021100706,20120323/MINOKC,Final/OT2,2012-03-24,01:00,1610612760,OKC,149,1610612750,MIN,140,,,,False
2011-2012,2012,0021100707,20120323/DALSAS,Final,2012-03-24,01:30,1610612759,SAS,104,1610612742,DAL,87,,,,False
2011-2012,2012,0021100708,20120323/DENUTA,Final,2012-03-24,03:30,1610612762,UTA,121,1610612743,DEN,102,,,,False
2011-2012,2012,0021100709,20120323/PORLAL,Final,2012-03-24,03:30,1610612747,LAL,103,1610612757,POR,96,,,,False
2011-2012,2012,0021100710,20120324/MEMLAC,Final,2012-03-24,20:00,1610612746,LAC,101,1610612763,MEM,85,,,,False
2011-2012,2012,0021100711,20120324/ATLWAS,Final,2012-03-25,00:00,1610612764,WAS,92,1610612737,ATL,95,,,,False
2011-2012,2012,0021100712,20120324/CHANJN,Final,2012-03-25,00:30,1610612751,NJN,102,1610612766,CHA,89,,,,False
2011-2012,2012,0021100713,20120324/DETNYK,Final,2012-03-25,00:30,1610612752,NYK,101,1610612765,DET,79,,,,False
2011-2012,2012,0021100714,20120324/TORCHI,Final/OT,2012-03-25,01:00,1610612741,CHI,102,1610612761,TOR,101,,,,False
2011-2012,2012,0021100715,20120324/SASNOH,Final,2012-03-25,01:00,1610612740,NOH,86,1610612759,SAS,89,,,,False
2011-2012,2012,0021100716,20120324/DALHOU,Final/OT,2012-03-25,01:00,1610612745,HOU,99,1610612742,DAL,101,,,,False
2011-2012,2012,0021100717,20120324/INDMIL,Final,2012-03-25,01:30,1610612749,MIL,104,1610612754,IND,125,,,,False
2011-2012,2012,0021100718,20120324/SACGSW,Final,2012-03-25,04:30,1610612744,GSW,111,1610612758,SAC,108,,,,False
2011-2012,2012,0021100719,20120325/PHXCLE,Final,2012-03-25,21:00,1610612739,CLE,83,1610612756,PHX,108,,,,False
2011-2012,2012,0021100720,20120325/DENMIN,Final,2012-03-25,21:30,1610612750,MIN,117,1610612743,DEN,100,,,,False
2011-2012,2012,0021100721,20120325/WASBOS,Final,2012-03-26,00:00,1610612738,BOS,88,1610612764,WAS,76,,,,False
2011-2012,2012,0021100722,20120325/UTAATL,Final/OT4,2012-03-26,00:00,1610612737,ATL,139,1610612762,UTA,133,,,,False
2011-2012,2012,0021100723,20120325/PHISAS,Final,2012-03-26,01:00,1610612759,SAS,93,1610612755,PHI,76,,,,False
2011-2012,2012,0021100724,20120325/MIAOKC,Final,2012-03-26,02:00,1610612760,OKC,103,1610612748,MIA,87,,,,False
2011-2012,2012,0021100725,20120325/GSWPOR,Final,2012-03-26,03:00,1610612757,POR,90,1610612744,GSW,87,,,,False
2011-2012,2012,0021100726,20120325/MEMLAL,Final,2012-03-26,04:30,1610612747,LAL,96,1610612763,MEM,102,,,,False
2011-2012,2012,0021100727,20120326/ORLTOR,Final,2012-03-27,01:00,1610612761,TOR,101,1610612753,ORL,117,,,,False
2011-2012,2012,0021100728,20120326/DETWAS,Final,2012-03-27,01:00,1610612764,WAS,77,1610612765,DET,79,,,,False
2011-2012,2012,0021100729,20120326/BOSCHA,Final,2012-03-27,01:00,1610612766,CHA,95,1610612738,BOS,102,,,,False
2011-2012,2012,0021100730,20120326/MIAIND,Final,2012-03-27,01:00,1610612754,IND,105,1610612748,MIA,90,,,,False
2011-2012,2012,0021100731,20120326/UTANJN,Final,2012-03-27,01:30,1610612751,NJN,84,1610612762,UTA,105,,,,False
2011-2012,2012,0021100732,20120326/MILNYK,Final,2012-03-27,01:30,1610612752,NYK,89,1610612749,MIL,80,,,,False
2011-2012,2012,0021100733,20120326/DENCHI,Final,2012-03-27,02:00,1610612741,CHI,91,1610612743,DEN,108,,,,False
2011-2012,2012,0021100734,20120326/SACHOU,Final/OT,2012-03-27,02:00,1610612745,HOU,113,1610612758,SAC,106,,,,False
2011-2012,2012,0021100735,20120326/NOHLAC,Final,2012-03-27,04:30,1610612746,LAC,97,1610612740,NOH,85,,,,False
2011-2012,2012,0021100736,20120327/CLEPHI,Final,2012-03-28,01:00,1610612755,PHI,103,1610612739,CLE,85,,,,False
2011-2012,2012,0021100737,20120327/ATLMIL,Final,2012-03-28,02:00,1610612749,MIL,108,1610612737,ATL,101,,,,False
2011-2012,2012,0021100738,20120327/MINMEM,Final,2012-03-28,02:00,1610612763,MEM,93,1610612750,MIN,86,,,,False
2011-2012,2012,0021100739,20120327/HOUDAL,Final,2012-03-28,02:30,1610612742,DAL,90,1610612745,HOU,81,,,,False
2011-2012,2012,0021100740,20120327/SASPHX,Final,2012-03-28,04:00,1610612756,PHX,100,1610612759,SAS,107,,,,False
2011-2012,2012,0021100741,20120327/OKCPOR,Final,2012-03-28,04:00,1610612757,POR,95,1610612760,OKC,109,,,,False
2011-2012,2012,0021100742,20120327/LALGSW,Final,2012-03-28,04:30,1610612744,GSW,101,1610612747,LAL,104,,,,False
2011-2012,2012,0021100743,20120328/DENTOR,Final,2012-03-29,01:00,1610612761,TOR,105,1610612743,DEN,96,,,,False
2011-2012,2012,0021100744,20120328/ORLNYK,Final,2012-03-29,01:00,1610612752,NYK,108,1610612753,ORL,86,,,,False
2011-2012,2012,0021100745,20120328/MINCHA,Final,2012-03-29,01:00,1610612766,CHA,83,1610612750,MIN,88,,,,False
2011-2012,2012,0021100746,20120328/DETCLE,Final,2012-03-29,01:00,1610612739,CLE,75,1610612765,DET,87,,,,False
2011-2012,2012,0021100747,20120328/UTABOS,Final,2012-03-29,01:30,1610612738,BOS,94,1610612762,UTA,82,,,,False
2011-2012,2012,0021100748,20120328/INDNJN,Final,2012-03-29,01:30,1610612751,NJN,100,1610612754,IND,84,,,,False
2011-2012,2012,0021100749,20120328/CHIATL,Final,2012-03-29,01:30,1610612737,ATL,77,1610612741,CHI,98,,,,False
2011-2012,2012,0021100750,20120328/SASSAC,Final,2012-03-29,04:00,1610612758,SAC,112,1610612759,SAS,117,,,,False
2011-2012,2012,0021100751,20120328/PHXLAC,Final,2012-03-29,04:30,1610612746,LAC,103,1610612756,PHX,86,,,,False
2011-2012,2012,0021100752,20120328/NOHGSW,Final,2012-03-29,04:30,1610612744,GSW,87,1610612740,NOH,102,,,,False
2011-2012,2012,0021100753,20120329/WASIND,Final,2012-03-30,01:00,1610612754,IND,93,1610612764,WAS,89,,,,False
2011-2012,2012,0021100754,20120329/DALMIA,Final,2012-03-30,02:00,1610612748,MIA,106,1610612742,DAL,85,,,,False
2011-2012,2012,0021100755,20120329/NOHPOR,Final,2012-03-30,04:00,1610612757,POR,99,1610612740,NOH,93,,,,False
2011-2012,2012,0021100756,20120329/OKCLAL,Final,2012-03-30,04:30,1610612747,LAL,93,1610612760,OKC,102,,,,False
2011-2012,2012,0021100757,20120330/MIATOR,Final,2012-03-31,01:00,1610612761,TOR,101,1610612748,MIA,113,,,,False
2011-2012,2012,0021100758,20120330/PHIWAS,Final,2012-03-31,01:00,1610612764,WAS,97,1610612755,PHI,76,,,,False
2011-2012,2012,0021100759,20120330/DENCHA,Final,2012-03-31,01:00,1610612766,CHA,88,1610612743,DEN,99,,,,False
2011-2012,2012,0021100760,20120330/NYKATL,Final,2012-03-31,01:30,1610612737,ATL,100,1610612752,NYK,90,,,,False
2011-2012,2012,0021100761,20120330/MILCLE,Final,2012-03-31,01:30,1610612739,CLE,84,1610612749,MIL,121,,,,False
2011-2012,2012,0021100762,20120330/DALORL,Final,2012-03-31,02:00,1610612753,ORL,98,1610612742,DAL,100,,,,False
2011-2012,2012,0021100763,20120330/DETCHI,Final,2012-03-31,02:00,1610612741,CHI,83,1610612765,DET,71,,,,False
2011-2012,2012,0021100764,20120330/MEMHOU,Final,2012-03-31,02:00,1610612745,HOU,98,1610612763,MEM,89,,,,False
2011-2012,2012,0021100765,20120330/BOSMIN,Final,2012-03-31,02:00,1610612750,MIN,79,1610612738,BOS,100,,,,False
2011-2012,2012,0021100766,20120330/SACUTA,Final,2012-03-31,03:00,1610612762,UTA,103,1610612758,SAC,104,,,,False
2011-2012,2012,0021100767,20120330/PORLAC,Final,2012-03-31,04:30,1610612746,LAC,98,1610612757,POR,97,,,,False
2011-2012,2012,0021100768,20120330/NJNGSW,Final,2012-03-31,04:30,1610612744,GSW,100,1610612751,NJN,102,,,,False
2011-2012,2012,0021100769,20120331/NOHLAL,Final,2012-03-31,21:30,1610612747,LAL,88,1610612740,NOH,85,,,,False
2011-2012,2012,0021100770,20120331/CLENYK,Final,2012-04-01,01:30,1610612752,NYK,91,1610612739,CLE,75,,,,False
2011-2012,2012,0021100771,20120331/ATLPHI,Final,2012-04-01,01:30,1610612755,PHI,95,1610612737,ATL,90,,,,False
2011-2012,2012,0021100772,20120331/CHADET,Final/OT,2012-04-01,01:30,1610612765,DET,110,1610612766,CHA,107,,,,False
2011-2012,2012,0021100773,20120331/MEMMIL,Final,2012-04-01,02:30,1610612749,MIL,95,1610612763,MEM,99,,,,False
2011-2012,2012,0021100774,20120331/INDSAS,Final,2012-04-01,02:30,1610612759,SAS,112,1610612754,IND,103,,,,False
2011-2012,2012,0021100775,20120331/NJNSAC,Final,2012-04-01,04:00,1610612758,SAC,99,1610612751,NJN,111,,,,False
2011-2012,2012,0021100776,20120331/UTALAC,Final,2012-04-01,04:30,1610612746,LAC,105,1610612762,UTA,96,,,,False
2011-2012,2012,0021100777,20120401/CHIOKC,Final,2012-04-01,19:00,1610612760,OKC,92,1610612741,CHI,78,,,,False
2011-2012,2012,0021100778,20120401/MIABOS,Final,2012-04-01,21:30,1610612738,BOS,91,1610612748,MIA,72,,,,False
2011-2012,2012,0021100779,20120401/WASTOR,Final,2012-04-02,00:00,1610612761,TOR,99,1610612764,WAS,92,,,,False
2011-2012,2012,0021100780,20120401/DENORL,Final,2012-04-02,00:00,1610612753,ORL,101,1610612743,DEN,104,,,,False
2011-2012,2012,0021100781,20120401/INDHOU,Final/OT,2012-04-02,01:00,1610612745,HOU,102,1610612754,IND,104,,,,False
2011-2012,2012,0021100782,20120401/NOHPHX,Final,2012-04-02,03:00,1610612756,PHX,92,1610612740,NOH,75,,,,False
2011-2012,2012,0021100783,20120401/MINPOR,Final,2012-04-02,03:00,1610612757,POR,119,1610612750,MIN,106,,,,False
2011-2012,2012,0021100784,20120401/GSWLAL,Final,2012-04-02,03:30,1610612747,LAL,120,1610612744,GSW,112,,,,False
2011-2012,2012,0021100785,20120402/MILWAS,Final,2012-04-03,01:00,1610612764,WAS,98,1610612749,MIL,112,,,,False
2011-2012,2012,0021100786,20120402/HOUCHI,Final,2012-04-03,02:00,1610612741,CHI,93,1610612745,HOU,99,,,,False
2011-2012,2012,0021100787,20120402/MEMOKC,Final,2012-04-03,02:00,1610612760,OKC,88,1610612763,MEM,94,,,,False
2011-2012,2012,0021100788,20120402/LACDAL,Final,2012-04-03,02:30,1610612742,DAL,75,1610612746,LAC,94,,,,False
2011-2012,2012,0021100789,20120402/MINSAC,Final,2012-04-03,04:00,1610612758,SAC,116,1610612750,MIN,108,,,,False
2011-2012,2012,0021100790,20120402/UTAPOR,Final,2012-04-03,04:00,1610612757,POR,97,1610612762,UTA,102,,,,False
2011-2012,2012,0021100791,20120403/CHATOR,Final,2012-04-04,01:00,1610612761,TOR,92,1610612766,CHA,87,,,,False
2011-2012,2012,0021100792,20120403/SASCLE,Final,2012-04-04,01:00,1610612739,CLE,90,1610612759,SAS,125,,,,False
2011-2012,2012,0021100793,20120403/NYKIND,Final,2012-04-04,01:00,1610612754,IND,112,1610612752,NYK,104,,,,False
2011-2012,2012,0021100794,20120403/PHIMIA,Final,2012-04-04,01:30,1610612748,MIA,99,1610612755,PHI,93,,,,False
2011-2012,2012,0021100795,20120403/ORLDET,Final,2012-04-04,01:30,1610612765,DET,102,1610612753,ORL,95,,,,False
2011-2012,2012,0021100796,20120403/GSWMEM,Final,2012-04-04,02:00,1610612763,MEM,98,1610612744,GSW,94,,,,False
2011-2012,2012,0021100797,20120403/PHXSAC,Final,2012-04-04,04:00,1610612758,SAC,100,1610612756,PHX,109,,,,False
2011-2012,2012,0021100798,20120403/NJNLAL,Final,2012-04-04,04:30,1610612747,LAL,91,1610612751,NJN,87,,,,False
2011-2012,2012,0021100799,20120404/TORPHI,Final,2012-04-05,01:00,1610612755,PHI,78,1610612761,TOR,99,,,,False
2011-2012,2012,0021100800,20120404/INDWAS,Final,2012-04-05,01:00,1610612764,WAS,96,1610612754,IND,109,,,,False
2011-2012,2012,0021100801,20120404/SASBOS,Final,2012-04-05,01:30,1610612738,BOS,86,1610612759,SAS,87,,,,False
2011-2012,2012,0021100802,20120404/CHAATL,Final,2012-04-05,01:30,1610612737,ATL,120,1610612766,CHA,93,,,,False
2011-2012,2012,0021100803,20120404/OKCMIA,Final,2012-04-05,02:00,1610612748,MIA,98,1610612760,OKC,93,,,,False
2011-2012,2012,0021100804,20120404/CLEMIL,Final,2012-04-05,02:00,1610612749,MIL,107,1610612739,CLE,98,,,,False
2011-2012,2012,0021100805,20120404/DENNOH,Final,2012-04-05,02:00,1610612740,NOH,94,1610612743,DEN,92,,,,False
2011-2012,2012,0021100806,20120404/GSWMIN,Final,2012-04-05,02:00,1610612750,MIN,94,1610612744,GSW,97,,,,False
2011-2012,2012,0021100807,20120404/MEMDAL,Final,2012-04-05,02:30,1610612742,DAL,95,1610612763,MEM,85,,,,False
2011-2012,2012,0021100808,20120404/PHXUTA,Final,2012-04-05,03:00,1610612762,UTA,105,1610612756,PHX,107,,,,False
2011-2012,2012,0021100809,20120404/NJNPOR,Final,2012-04-05,04:00,1610612757,POR,101,1610612751,NJN,88,,,,False
2011-2012,2012,0021100810,20120404/LALLAC,Final,2012-04-05,04:30,1610612746,LAC,108,1610612747,LAL,113,,,,False
2011-2012,2012,0021100811,20120405/NYKORL,Final,2012-04-06,01:00,1610612753,ORL,80,1610612752,NYK,96,,,,False
2011-2012,2012,0021100812,20120405/WASDET,Final,2012-04-06,01:30,1610612765,DET,99,1610612764,WAS,94,,,,False
2011-2012,2012,0021100813,20120405/BOSCHI,Final,2012-04-06,03:30,1610612741,CHI,93,1610612738,BOS,86,,,,False
2011-2012,2012,0021100814,20120405/LACSAC,Final,2012-04-06,04:00,1610612758,SAC,85,1610612746,LAC,93,,,,False
2011-2012,2012,0021100815,20120406/OKCIND,Final,2012-04-07,01:00,1610612754,IND,103,1610612760,OKC,98,,,,False
2011-2012,2012,0021100816,20120406/CLETOR,Final,2012-04-07,01:30,1610612761,TOR,80,1610612739,CLE,84,,,,False
2011-2012,2012,0021100817,20120406/WASNJN,Final,2012-04-07,01:30,1610612751,NJN,110,1610612764,WAS,98,,,,False
2011-2012,2012,0021100818,20120406/DETATL,Final,2012-04-07,01:30,1610612737,ATL,101,1610612765,DET,96,,,,False
2011-2012,2012,0021100819,20120406/MEMMIA,Final,2012-04-07,01:30,1610612748,MIA,82,1610612763,MEM,97,,,,False
2011-2012,2012,0021100820,20120406/CHAMIL,Final,2012-04-07,02:30,1610612749,MIL,95,1610612766,CHA,90,,,,False
2011-2012,2012,0021100821,20120406/PORDAL,Final/OT,2012-04-07,02:30,1610612742,DAL,97,1610612757,POR,99,,,,False
2011-2012,2012,0021100822,20120406/NOHSAS,Final,2012-04-07,02:30,1610612759,SAS,128,1610612740,NOH,103,,,,False
2011-2012,2012,0021100823,20120406/PHXDEN,Final,2012-04-07,03:00,1610612743,DEN,105,1610612756,PHX,99,,,,False
2011-2012,2012,0021100824,20120406/GSWUTA,Final,2012-04-07,03:00,1610612762,UTA,104,1610612744,GSW,98,,,,False
2011-2012,2012,0021100825,20120406/HOULAL,Final,2012-04-07,04:30,1610612747,LAL,107,1610612745,HOU,112,,,,False
2011-2012,2012,0021100827,20120407/BOSIND,Final,2012-04-08,01:00,1610612754,IND,72,1610612738,BOS,86,,,,False
2011-2012,2012,0021100826,20120407/ATLCHA,Final,2012-04-08,02:00,1610612766,CHA,96,1610612737,ATL,116,,,,False
2011-2012,2012,0021100828,20120407/ORLPHI,Final,2012-04-08,02:00,1610612755,PHI,82,1610612753,ORL,88,,,,False
2011-2012,2012,0021100829,20120407/DALMEM,Final,2012-04-08,02:00,1610612763,MEM,94,1610612742,DAL,89,,,,False
2011-2012,2012,0021100830,20120407/MINNOH,Final,2012-04-08,02:00,1610612740,NOH,99,1610612750,MIN,90,,,,False
2011-2012,2012,0021100831,20120407/PORMIL,Final,2012-04-08,02:30,1610612749,MIL,116,1610612757,POR,94,,,,False
2011-2012,2012,0021100832,20120407/LALPHX,Final,2012-04-08,04:00,1610612756,PHX,125,1610612747,LAL,105,,,,False
2011-2012,2012,0021100833,20120407/SACLAC,Final,2012-04-08,04:30,1610612746,LAC,109,1610612758,SAC,94,,,,False
2011-2012,2012,0021100834,20120407/DENGSW,Final,2012-04-08,04:30,1610612744,GSW,112,1610612743,DEN,97,,,,False
2011-2012,2012,0021100835,20120408/CHINYK,Final/OT,2012-04-08,19:00,1610612752,NYK,100,1610612741,CHI,99,,,,False
2011-2012,2012,0021100836,20120408/PHIBOS,Final,2012-04-09,00:00,1610612738,BOS,103,1610612755,PHI,79,,,,False
2011-2012,2012,0021100837,20120408/CLENJN,Final/OT,2012-04-09,00:00,1610612751,NJN,122,1610612739,CLE,117,,,,False
2011-2012,2012,0021100838,20120408/DETMIA,Final,2012-04-09,00:00,1610612748,MIA,98,1610612765,DET,75,,,,False
2011-2012,2012,0021100839,20120408/UTASAS,Final,2012-04-09,01:00,1610612759,SAS,114,1610612762,UTA,104,,,,False
2011-2012,2012,0021100840,20120408/TOROKC,Final,2012-04-09,01:00,1610612760,OKC,91,1610612761,TOR,75,,,,False
2011-2012,2012,0021100841,20120408/HOUSAC,Final,2012-04-09,03:00,1610612758,SAC,87,1610612745,HOU,104,,,,False
2011-2012,2012,0021100842,20120409/WASCHA,Final,2012-04-10,01:00,1610612766,CHA,85,1610612764,WAS,113,,,,False
2011-2012,2012,0021100843,20120409/DETORL,Final,2012-04-10,01:00,1610612753,ORL,119,1610612765,DET,89,,,,False
2011-2012,2012,0021100844,20120409/TORIND,Final,2012-04-10,01:00,1610612754,IND,103,1610612761,TOR,98,,,,False
2011-2012,2012,0021100845,20120409/OKCMIL,Final,2012-04-10,02:00,1610612749,MIL,89,1610612760,OKC,109,,,,False
2011-2012,2012,0021100846,20120409/LACMEM,Final,2012-04-10,02:00,1610612763,MEM,94,1610612746,LAC,85,,,,False
2011-2012,2012,0021100847,20120409/LALNOH,Final,2012-04-10,02:00,1610612740,NOH,91,1610612747,LAL,93,,,,False
2011-2012,2012,0021100848,20120409/PHXMIN,Final,2012-04-10,03:00,1610612750,MIN,90,1610612756,PHX,114,,,,False
2011-2012,2012,0021100849,20120409/GSWDEN,Final,2012-04-10,03:00,1610612743,DEN,123,1610612744,GSW,84,,,,False
2011-2012,2012,0021100850,20120409/SASUTA,Final,2012-04-10,03:00,1610612762,UTA,91,1610612759,SAS,84,,,,False
2011-2012,2012,0021100851,20120409/HOUPOR,Final,2012-04-10,04:00,1610612757,POR,89,1610612745,HOU,94,,,,False
2011-2012,2012,0021100852,20120410/ORLWAS,Final,2012-04-11,01:00,1610612764,WAS,93,1610612753,ORL,85,,,,False
2011-2012,2012,0021100853,20120410/BOSMIA,Final,2012-04-11,01:00,1610612748,MIA,107,1610612738,BOS,115,,,,False
2011-2012,2012,0021100854,20120410/CHACLE,Final,2012-04-11,01:00,1610612739,CLE,103,1610612766,CHA,90,,,,False
2011-2012,2012,0021100855,20120410/PHINJN,Final,2012-04-11,01:30,1610612751,NJN,88,1610612755,PHI,107,,,,False
2011-2012,2012,0021100856,20120410/SACDAL,Final,2012-04-11,02:30,1610612742,DAL,110,1610612758,SAC,100,,,,False
2011-2012,2012,0021100857,20120410/NYKCHI,Final,2012-04-11,03:30,1610612741,CHI,98,1610612752,NYK,86,,,,False
2011-2012,2012,0021100858,20120411/PHITOR,Final,2012-04-12,01:00,1610612761,TOR,75,1610612755,PHI,93,,,,False
2011-2012,2012,0021100859,20120411/INDCLE,Final/OT,2012-04-12,01:00,1610612739,CLE,98,1610612754,IND,104,,,,False
2011-2012,2012,0021100860,20120411/ATLBOS,Final/OT,2012-04-12,02:00,1610612738,BOS,88,1610612737,ATL,86,,,,False
2011-2012,2012,0021100861,20120411/NYKMIL,Final,2012-04-12,02:00,1610612749,MIL,107,1610612752,NYK,111,,,,False
2011-2012,2012,0021100862,20120411/PHXMEM,Final,2012-04-12,02:00,1610612763,MEM,104,1610612756,PHX,93,,,,False
2011-2012,2012,0021100863,20120411/SACNOH,Final,2012-04-12,02:00,1610612740,NOH,105,1610612758,SAC,96,,,,False
2011-2012,2012,0021100864,20120411/UTAHOU,Final,2012-04-12,02:00,1610612745,HOU,91,1610612762,UTA,103,,,,False
2011-2012,2012,0021100865,20120411/LACOKC,Final,2012-04-12,02:00,1610612760,OKC,98,1610612746,LAC,100,,,,False
2011-2012,2012,0021100866,20120411/LALSAS,Final,2012-04-12,02:30,1610612759,SAS,84,1610612747,LAL,98,,,,False
2011-2012,2012,0021100867,20120411/MINDEN,Final,2012-04-12,03:00,1610612743,DEN,113,1610612750,MIN,107,,,,False
2011-2012,2012,0021100868,20120411/GSWPOR,Final,2012-04-12,04:30,1610612757,POR,118,1610612744,GSW,110,,,,False
2011-2012,2012,0021100869,20120412/DETCHA,Final,2012-04-13,01:00,1610612766,CHA,85,1610612765,DET,109,,,,False
2011-2012,2012,0021100870,20120412/MIACHI,Final/OT,2012-04-13,02:00,1610612741,CHI,96,1610612748,MIA,86,,,,False
2011-2012,2012,0021100871,20120412/LACMIN,Final,2012-04-13,02:00,1610612750,MIN,82,1610612746,LAC,95,,,,False
2011-2012,2012,0021100872,20120412/MEMSAS,Final,2012-04-13,02:30,1610612759,SAS,107,1610612763,MEM,97,,,,False
2011-2012,2012,0021100873,20120412/DALGSW,Final,2012-04-13,04:30,1610612744,GSW,103,1610612742,DAL,112,,,,False
2011-2012,2012,0021100874,20120413/BOSTOR,Final,2012-04-14,01:00,1610612761,TOR,84,1610612738,BOS,79,,,,False
2011-2012,2012,0021100875,20120413/NJNPHI,Final,2012-04-14,01:00,1610612755,PHI,89,1610612751,NJN,95,,,,False
2011-2012,2012,0021100876,20120413/ATLORL,Final,2012-04-14,01:00,1610612753,ORL,81,1610612737,ATL,109,,,,False
2011-2012,2012,0021100877,20120413/CLEIND,Final,2012-04-14,01:00,1610612754,IND,102,1610612739,CLE,83,,,,False
2011-2012,2012,0021100878,20120413/WASNYK,Final,2012-04-14,01:30,1610612752,NYK,103,1610612764,WAS,65,,,,False
2011-2012,2012,0021100879,20120413/CHAMIA,Final,2012-04-14,01:30,1610612748,MIA,105,1610612766,CHA,82,,,,False
2011-2012,2012,0021100880,20120413/MILDET,Final,2012-04-14,02:00,1610612765,DET,97,1610612749,MIL,113,,,,False
2011-2012,2012,0021100881,20120413/UTANOH,Final,2012-04-14,02:00,1610612740,NOH,96,1610612762,UTA,85,,,,False
2011-2012,2012,0021100882,20120413/PHXHOU,Final,2012-04-14,02:00,1610612745,HOU,105,1610612756,PHX,112,,,,False
2011-2012,2012,0021100883,20120413/SACOKC,Final,2012-04-14,02:00,1610612760,OKC,115,1610612758,SAC,89,,,,False
2011-2012,2012,0021100884,20120413/DENLAL,Final,2012-04-14,04:30,1610612747,LAL,103,1610612743,DEN,97,,,,False
2011-2012,2012,0021100885,20120413/DALPOR,Final,2012-04-14,04:30,1610612757,POR,94,1610612742,DAL,97,,,,False
2011-2012,2012,0021100886,20120414/GSWLAC,Final,2012-04-14,21:30,1610612746,LAC,112,1610612744,GSW,104,,,,False
2011-2012,2012,0021100887,20120414/CLEWAS,Final,2012-04-15,01:00,1610612764,WAS,89,1610612739,CLE,98,,,,False
2011-2012,2012,0021100888,20120414/BOSNJN,Final,2012-04-15,01:30,1610612751,NJN,82,1610612738,BOS,94,,,,False
2011-2012,2012,0021100889,20120414/UTAMEM,Final,2012-04-15,02:00,1610612763,MEM,103,1610612762,UTA,98,,,,False
2011-2012,2012,0021100890,20120414/OKCMIN,Final,2012-04-15,02:00,1610612750,MIN,110,1610612760,OKC,115,,,,False
2011-2012,2012,0021100891,20120414/INDMIL,Final,2012-04-15,02:30,1610612749,MIL,99,1610612754,IND,105,,,,False
2011-2012,2012,0021100892,20120414/PHXSAS,Final,2012-04-15,03:00,1610612759,SAS,105,1610612756,PHX,91,,,,False
2011-2012,2012,0021100893,20120415/MIANYK,Final,2012-04-15,19:00,1610612752,NYK,85,1610612748,MIA,93,,,,False
2011-2012,2012,0021100894,20120415/DALLAL,Final/OT,2012-04-15,21:30,1610612747,LAL,112,1610612742,DAL,108,,,,False
2011-2012,2012,0021100895,20120415/BOSCHA,Final,2012-04-16,00:00,1610612766,CHA,82,1610612738,BOS,94,,,,False
2011-2012,2012,0021100896,20120415/TORATL,Final,2012-04-16,00:00,1610612737,ATL,86,1610612761,TOR,102,,,,False
2011-2012,2012,0021100897,20120415/CHIDET,Final/OT,2012-04-16,00:00,1610612765,DET,94,1610612741,CHI,100,,,,False
2011-2012,2012,0021100898,20120415/ORLCLE,Final,2012-04-16,00:00,1610612739,CLE,84,1610612753,ORL,100,,,,False
2011-2012,2012,0021100899,20120415/PORSAC,Final,2012-04-16,00:00,1610612758,SAC,104,1610612757,POR,103,,,,False
2011-2012,2012,0021100900,20120415/MEMNOH,Final,2012-04-16,01:00,1610612740,NOH,88,1610612763,MEM,75,,,,False
2011-2012,2012,0021100901,20120415/HOUDEN,Final,2012-04-16,02:00,1610612743,DEN,101,1610612745,HOU,86,,,,False
2011-2012,2012,0021100902,20120416/ATLTOR,Final,2012-04-17,01:00,1610612761,TOR,87,1610612737,ATL,109,,,,False
2011-2012,2012,0021100903,20120416/NOHCHA,Final,2012-04-17,01:00,1610612766,CHA,67,1610612740,NOH,75,,,,False
2011-2012,2012,0021100904,20120416/PHIORL,Final,2012-04-17,01:00,1610612753,ORL,113,1610612755,PHI,100,,,,False
2011-2012,2012,0021100905,20120416/MININD,Final,2012-04-17,01:00,1610612754,IND,111,1610612750,MIN,88,,,,False
2011-2012,2012,0021100906,20120416/MIANJN,Final,2012-04-17,01:30,1610612751,NJN,98,1610612748,MIA,101,,,,False
2011-2012,2012,0021100907,20120416/WASCHI,Final,2012-04-17,02:00,1610612741,CHI,84,1610612764,WAS,87,,,,False
2011-2012,2012,0021100908,20120416/DENHOU,Final,2012-04-17,02:00,1610612745,HOU,102,1610612743,DEN,105,,,,False
2011-2012,2012,0021100909,20120416/DALUTA,Final/OT3,2012-04-17,03:00,1610612762,UTA,123,1610612742,DAL,121,,,,False
2011-2012,2012,0021100910,20120416/PORPHX,Final,2012-04-17,04:00,1610612756,PHX,125,1610612757,POR,107,,,,False
2011-2012,2012,0021100911,20120416/OKCLAC,Final,2012-04-17,04:30,1610612746,LAC,92,1610612760,OKC,77,,,,False
2011-2012,2012,0021100912,20120416/SASGSW,Final,2012-04-17,04:30,1610612744,GSW,99,1610612759,SAS,120,,,,False
2011-2012,2012,0021100913,20120417/INDPHI,Final,2012-04-18,01:00,1610612755,PHI,97,1610612754,IND,102,,,,False
2011-2012,2012,0021100914,20120417/CLEDET,Final,2012-04-18,01:30,1610612765,DET,116,1610612739,CLE,77,,,,False
2011-2012,2012,0021100915,20120417/BOSNYK,Final,2012-04-18,02:00,1610612752,NYK,118,1610612738,BOS,110,,,,False
2011-2012,2012,0021100916,20120417/MEMMIN,Final,2012-04-18,02:00,1610612750,MIN,84,1610612763,MEM,91,,,,False
2011-2012,2012,0021100917,20120417/SASLAL,Final,2012-04-18,04:30,1610612747,LAL,91,1610612759,SAS,112,,,,False
2011-2012,2012,0021100918,20120418/MILWAS,Final,2012-04-19,01:00,1610612764,WAS,121,1610612749,MIL,112,,,,False
2011-2012,2012,0021100919,20120418/CHICHA,Final,2012-04-19,01:00,1610612766,CHA,68,1610612741,CHI,100,,,,False
2011-2012,2012,0021100920,20120418/PHICLE,Final,2012-04-19,01:00,1610612739,CLE,87,1610612755,PHI,103,,,,False
2011-2012,2012,0021100921,20120418/NYKNJN,Final,2012-04-19,01:30,1610612751,NJN,95,1610612752,NYK,104,,,,False
2011-2012,2012,0021100922,20120418/DETATL,Final,2012-04-19,01:30,1610612737,ATL,116,1610612765,DET,84,,,,False
2011-2012,2012,0021100923,20120418/TORMIA,Final,2012-04-19,01:30,1610612748,MIA,96,1610612761,TOR,72,,,,False
2011-2012,2012,0021100924,20120418/ORLBOS,Final,2012-04-19,02:00,1610612738,BOS,102,1610612753,ORL,98,,,,False
2011-2012,2012,0021100925,20120418/NOHMEM,Final,2012-04-19,02:00,1610612763,MEM,103,1610612740,NOH,91,,,,False
2011-2012,2012,0021100926,20120418/HOUDAL,Final,2012-04-19,02:30,1610612742,DAL,117,1610612745,HOU,110,,,,False
2011-2012,2012,0021100927,20120418/LACDEN,Final,2012-04-19,03:00,1610612743,DEN,98,1610612746,LAC,104,,,,False
2011-2012,2012,0021100928,20120418/OKCPHX,Final,2012-04-19,04:00,1610612756,PHX,97,1610612760,OKC,109,,,,False
2011-2012,2012,0021100929,20120418/SASSAC,Final,2012-04-19,04:00,1610612758,SAC,102,1610612759,SAS,127,,,,False
2011-2012,2012,0021100930,20120418/UTAPOR,Final,2012-04-19,04:00,1610612757,POR,91,1610612762,UTA,112,,,,False
2011-2012,2012,0021100931,20120418/LALGSW,Final,2012-04-19,04:30,1610612744,GSW,87,1610612747,LAL,99,,,,False
2011-2012,2012,0021100932,20120419/MILIND,Final,2012-04-20,01:00,1610612754,IND,118,1610612749,MIL,109,,,,False
2011-2012,2012,0021100933,20120419/MINDET,Final,2012-04-20,01:30,1610612765,DET,80,1610612750,MIN,91,,,,False
2011-2012,2012,0021100934,20120419/CHIMIA,Final,2012-04-20,02:00,1610612748,MIA,83,1610612741,CHI,72,,,,False
2011-2012,2012,0021100935,20120419/HOUNOH,Final/OT,2012-04-20,02:00,1610612740,NOH,105,1610612745,HOU,99,,,,False
2011-2012,2012,0021100936,20120419/LACPHX,Final,2012-04-20,04:30,1610612756,PHX,93,1610612746,LAC,90,,,,False
2011-2012,2012,0021100937,20120420/MEMCHA,Final,2012-04-21,01:00,1610612766,CHA,80,1610612763,MEM,85,,,,False
2011-2012,2012,0021100938,20120420/BOSATL,Final,2012-04-21,01:00,1610612737,ATL,97,1610612738,BOS,92,,,,False
2011-2012,2012,0021100939,20120420/NYKCLE,Final,2012-04-21,01:30,1610612739,CLE,98,1610612752,NYK,90,,,,False
2011-2012,2012,0021100940,20120420/GSWDAL,Final,2012-04-21,02:30,1610612742,DAL,104,1610612744,GSW,94,,,,False
2011-2012,2012,0021100941,20120420/LALSAS,Final,2012-04-21,03:30,1610612759,SAS,121,1610612747,LAL,97,,,,False
2011-2012,2012,0021100942,20120420/OKCSAC,Final,2012-04-21,04:00,1610612758,SAC,92,1610612760,OKC,103,,,,False
2011-2012,2012,0021100943,20120421/DENPHX,Final,2012-04-21,23:30,1610612756,PHX,107,1610612743,DEN,118,,,,False
2011-2012,2012,0021100944,20120421/PHIIND,Final/OT,2012-04-22,01:00,1610612754,IND,106,1610612755,PHI,109,,,,False
2011-2012,2012,0021100945,20120421/WASMIA,Final,2012-04-22,01:30,1610612748,MIA,84,1610612764,WAS,86,,,,False
2011-2012,2012,0021100946,20120421/DALCHI,Final,2012-04-22,02:00,1610612741,CHI,93,1610612742,DAL,83,,,,False
2011-2012,2012,0021100947,20120421/PORMEM,Final,2012-04-22,02:00,1610612763,MEM,93,1610612757,POR,89,,,,False
2011-2012,2012,0021100948,20120421/GSWHOU,Final,2012-04-22,02:00,1610612745,HOU,99,1610612744,GSW,96,,,,False
2011-2012,2012,0021100949,20120421/NJNMIL,Final,2012-04-22,02:30,1610612749,MIL,106,1610612751,NJN,95,,,,False
2011-2012,2012,0021100950,20120421/ORLUTA,Final/OT,2012-04-22,04:30,1610612762,UTA,117,1610612753,ORL,107,,,,False
2011-2012,2012,0021100951,20120422/NYKATL,Final,2012-04-22,19:00,1610612737,ATL,112,1610612752,NYK,113,,,,False
2011-2012,2012,0021100952,20120422/OKCLAL,Final/OT2,2012-04-22,21:30,1610612747,LAL,114,1610612760,OKC,106,,,,False
2011-2012,2012,0021100953,20120422/SACCHA,Final,2012-04-23,00:00,1610612766,CHA,88,1610612758,SAC,114,,,,False
2011-2012,2012,0021100954,20120422/HOUMIA,Final,2012-04-23,00:00,1610612748,MIA,97,1610612745,HOU,88,,,,False
2011-2012,2012,0021100955,20120422/TORDET,Final,2012-04-23,00:00,1610612765,DET,76,1610612761,TOR,73,,,,False
2011-2012,2012,0021100956,20120422/CLESAS,Final,2012-04-23,01:00,1610612759,SAS,114,1610612739,CLE,98,,,,False
2011-2012,2012,0021100957,20120422/GSWMIN,Final,2012-04-23,01:00,1610612750,MIN,88,1610612744,GSW,93,,,,False
2011-2012,2012,0021100958,20120422/ORLDEN,Final,2012-04-23,02:00,1610612743,DEN,101,1610612753,ORL,74,,,,False
2011-2012,2012,0021100959,20120422/NOHLAC,Final,2012-04-23,03:30,1610612746,LAC,107,1610612740,NOH,98,,,,False
2011-2012,2012,0021100960,20120423/CHAWAS,Final,2012-04-24,01:00,1610612764,WAS,101,1610612766,CHA,73,,,,False
2011-2012,2012,0021100961,20120423/DETIND,Final,2012-04-24,01:00,1610612754,IND,103,1610612765,DET,97,,,,False
2011-2012,2012,0021100962,20120423/PHINJN,Final,2012-04-24,01:30,1610612751,NJN,87,1610612755,PHI,105,,,,False
2011-2012,2012,0021100963,20120423/TORMIL,Final,2012-04-24,02:00,1610612749,MIL,92,1610612761,TOR,86,,,,False
2011-2012,2012,0021100964,20120423/CLEMEM,Final,2012-04-24,02:00,1610612763,MEM,109,1610612739,CLE,101,,,,False
2011-2012,2012,0021100965,20120423/PORSAS,Final,2012-04-24,02:30,1610612759,SAS,124,1610612757,POR,89,,,,False
2011-2012,2012,0021100966,20120424/LACATL,Final,2012-04-25,01:30,1610612737,ATL,109,1610612746,LAC,102,,,,False
2011-2012,2012,0021100967,20120424/MIABOS,Final,2012-04-25,02:00,1610612738,BOS,78,1610612748,MIA,66,,,,False
2011-2012,2012,0021100968,20120424/SACOKC,Final,2012-04-25,02:00,1610612760,OKC,118,1610612758,SAC,110,,,,False
2011-2012,2012,0021100969,20120424/PHXUTA,Final,2012-04-25,04:30,1610612762,UTA,100,1610612756,PHX,88,,,,False
2011-2012,2012,0021100970,20120424/NOHGSW,Final,2012-04-25,04:30,1610612744,GSW,81,1610612740,NOH,83,,,,False
2011-2012,2012,0021100971,20120425/CHAORL,Final,2012-04-26,01:00,1610612753,ORL,102,1610612766,CHA,95,,,,False
2011-2012,2012,0021100972,20120425/WASCLE,Final,2012-04-26,01:00,1610612739,CLE,85,1610612764,WAS,96,,,,False
2011-2012,2012,0021100973,20120425/CHIIND,Final,2012-04-26,01:00,1610612754,IND,87,1610612741,CHI,92,,,,False
2011-2012,2012,0021100974,20120425/LACNYK,Final,2012-04-26,02:00,1610612752,NYK,99,1610612746,LAC,93,,,,False
2011-2012,2012,0021100975,20120425/PHIMIL,Final,2012-04-26,02:00,1610612749,MIL,85,1610612755,PHI,90,,,,False
2011-2012,2012,0021100976,20120425/DENOKC,Final,2012-04-26,02:00,1610612760,OKC,101,1610612743,DEN,106,,,,False
2011-2012,2012,0021100977,20120425/SASPHX,Final,2012-04-26,04:30,1610612756,PHX,106,1610612759,SAS,110,,,,False
2011-2012,2012,0021100980,20120426/NJNTOR,Final,2012-04-27,01:00,1610612761,TOR,98,1610612751,NJN,67,,,,False
2011-2012,2012,0021100978,20120426/PHIDET,Final,2012-04-27,02:00,1610612765,DET,108,1610612755,PHI,86,,,,False
2011-2012,2012,0021100979,20120426/MILBOS,Final,2012-04-27,02:00,1610612738,BOS,87,1610612749,MIL,74,,,,False
2011-2012,2012,0021100981,20120426/MIAWAS,Final,2012-04-27,02:00,1610612764,WAS,104,1610612748,MIA,70,,,,False
2011-2012,2012,0021100982,20120426/NYKCHA,Final,2012-04-27,02:00,1610612766,CHA,84,1610612752,NYK,104,,,,False
2011-2012,2012,0021100983,20120426/DALATL,Final,2012-04-27,02:00,1610612737,ATL,106,1610612742,DAL,89,,,,False
2011-2012,2012,0021100984,20120426/CLECHI,Final,2012-04-27,02:00,1610612741,CHI,107,1610612739,CLE,75,,,,False
2011-2012,2012,0021100985,20120426/ORLMEM,Final,2012-04-27,02:00,1610612763,MEM,88,1610612753,ORL,76,,,,False
2011-2012,2012,0021100986,20120426/NOHHOU,Final,2012-04-27,02:00,1610612745,HOU,84,1610612740,NOH,77,,,,False
2011-2012,2012,0021100987,20120426/DENMIN,Final,2012-04-27,02:00,1610612750,MIN,102,1610612743,DEN,131,,,,False
2011-2012,2012,0021100988,20120426/PORUTA,Final,2012-04-27,02:00,1610612762,UTA,96,1610612757,POR,94,,,,False
2011-2012,2012,0021100989,20120426/LALSAC,Final,2012-04-27,04:30,1610612758,SAC,113,1610612747,LAL,96,,,,False
2011-2012,2012,0021100990,20120426/SASGSW,Final,2012-04-27,04:30,1610612744,GSW,101,1610612759,SAS,107,,,,False
2011-2012,2012,0041100101,20120428/PHICHI,Final,2012-04-28,19:00,1610612741,CHI,103,1610612755,PHI,91,Game 1,East - First Round,1st Round,False
2011-2012,2012,0041100111,20120428/NYKMIA,Final,2012-04-28,21:30,1610612748,MIA,100,1610612752,NYK,67,Game 1,East - First Round,1st Round,False
2011-2012,2012,0041100121,20120428/ORLIND,Final,2012-04-29,01:00,1610612754,IND,77,1610612753,ORL,81,Game 1,East - First Round,1st Round,False
2011-2012,2012,0041100151,20120428/DALOKC,Final,2012-04-29,03:30,1610612760,OKC,99,1610612742,DAL,98,Game 1,West - First Round,1st Round,False
2011-2012,2012,0041100141,20120429/UTASAS,Final,2012-04-29,19:00,1610612759,SAS,106,1610612762,UTA,91,Game 1,West - First Round,1st Round,False
2011-2012,2012,0041100161,20120429/DENLAL,Final,2012-04-29,21:30,1610612747,LAL,103,1610612743,DEN,88,Game 1,West - First Round,1st Round,False
2011-2012,2012,0041100131,20120429/BOSATL,Final,2012-04-30,01:00,1610612737,ATL,83,1610612738,BOS,74,Game 1,East - First Round,1st Round,False
2011-2012,2012,0041100171,20120429/LACMEM,Final,2012-04-30,03:30,1610612763,MEM,98,1610612746,LAC,99,Game 1,West - First Round,1st Round,False
2011-2012,2012,0041100112,20120430/NYKMIA,Final,2012-05-01,01:00,1610612748,MIA,104,1610612752,NYK,94,Game 2,East - First Round,1st Round,False
2011-2012,2012,0041100122,20120430/ORLIND,Final,2012-05-01,01:30,1610612754,IND,93,1610612753,ORL,78,Game 2,East - First Round,1st Round,False
2011-2012,2012,0041100152,20120430/DALOKC,Final,2012-05-01,03:30,1610612760,OKC,102,1610612742,DAL,99,Game 2,West - First Round,1st Round,False
2011-2012,2012,0041100132,20120501/BOSATL,Final,2012-05-02,01:30,1610612737,ATL,80,1610612738,BOS,87,Game 2,East - First Round,1st Round,False
2011-2012,2012,0041100102,20120501/PHICHI,Final,2012-05-02,02:00,1610612741,CHI,92,1610612755,PHI,109,Game 2,East - First Round,1st Round,False
2011-2012,2012,0041100162,20120501/DENLAL,Final,2012-05-02,04:30,1610612747,LAL,104,1610612743,DEN,100,Game 2,West - First Round,1st Round,False
2011-2012,2012,0041100142,20120502/UTASAS,Final,2012-05-03,01:00,1610612759,SAS,114,1610612762,UTA,83,Game 2,West - First Round,1st Round,False
2011-2012,2012,0041100123,20120502/INDORL,Final,2012-05-03,01:30,1610612753,ORL,74,1610612754,IND,97,Game 3,East - First Round,1st Round,False
2011-2012,2012,0041100172,20120502/LACMEM,Final,2012-05-03,03:30,1610612763,MEM,105,1610612746,LAC,98,Game 2,West - First Round,1st Round,False
2011-2012,2012,0041100113,20120503/MIANYK,Final,2012-05-04,01:00,1610612752,NYK,70,1610612748,MIA,87,Game 3,East - First Round,1st Round,False
2011-2012,2012,0041100153,20120503/OKCDAL,Final,2012-05-04,03:30,1610612742,DAL,79,1610612760,OKC,95,Game 3,West - First Round,1st Round,False
2011-2012,2012,0041100133,20120504/ATLBOS,Final/OT,2012-05-05,01:30,1610612738,BOS,90,1610612737,ATL,84,Game 3,East - First Round,1st Round,False
2011-2012,2012,0041100103,20120504/CHIPHI,Final,2012-05-05,02:00,1610612755,PHI,79,1610612741,CHI,74,Game 3,East - First Round,1st Round,False
2011-2012,2012,0041100163,20120504/LALDEN,Final,2012-05-05,04:30,1610612743,DEN,99,1610612747,LAL,84,Game 3,West - First Round,1st Round,False
2011-2012,2012,0041100124,20120505/INDORL,Final/OT,2012-05-05,20:00,1610612753,ORL,99,1610612754,IND,101,Game 4,East - First Round,1st Round,False
2011-2012,2012,0041100173,20120505/MEMLAC,Final,2012-05-05,22:30,1610612746,LAC,87,1610612763,MEM,86,Game 3,West - First Round,1st Round,False
2011-2012,2012,0041100154,20120505/OKCDAL,Final,2012-05-06,01:30,1610612742,DAL,97,1610612760,OKC,103,Game 4,West - First Round,1st Round,False
2011-2012,2012,0041100143,20120505/SASUTA,Final,2012-05-06,04:00,1610612762,UTA,90,1610612759,SAS,102,Game 3,West - First Round,1st Round,False
2011-2012,2012,0041100104,20120506/CHIPHI,Final,2012-05-06,19:00,1610612755,PHI,89,1610612741,CHI,82,Game 4,East - First Round,1st Round,False
2011-2012,2012,0041100114,20120506/MIANYK,Final,2012-05-06,21:30,1610612752,NYK,89,1610612748,MIA,87,Game 4,East - First Round,1st Round,False
2011-2012,2012,0041100134,20120506/ATLBOS,Final,2012-05-07,01:00,1610612738,BOS,101,1610612737,ATL,79,Game 4,East - First Round,1st Round,False
2011-2012,2012,0041100164,20120506/LALDEN,Final,2012-05-07,03:30,1610612743,DEN,88,1610612747,LAL,92,Game 4,West - First Round,1st Round,False
2011-2012,2012,0041100144,20120507/SASUTA,Final,2012-05-08,02:00,1610612762,UTA,81,1610612759,SAS,87,Game 4,West - First Round,1st Round,False
2011-2012,2012,0041100174,20120507/MEMLAC,Final/OT,2012-05-08,04:30,1610612746,LAC,101,1610612763,MEM,97,Game 4,West - First Round,1st Round,False
2011-2012,2012,0041100125,20120508/ORLIND,Final,2012-05-09,01:00,1610612754,IND,105,1610612753,ORL,87,Game 5,East - First Round,1st Round,False
2011-2012,2012,0041100135,20120508/BOSATL,Final,2012-05-09,02:00,1610612737,ATL,87,1610612738,BOS,86,Game 5,East - First Round,1st Round,False
2011-2012,2012,0041100105,20120508/PHICHI,Final,2012-05-09,03:30,1610612741,CHI,77,1610612755,PHI,69,Game 5,East - First Round,1st Round,False
2011-2012,2012,0041100165,20120508/DENLAL,Final,2012-05-09,04:30,1610612747,LAL,99,1610612743,DEN,102,Game 5,West - First Round,1st Round,False
2011-2012,2012,0041100115,20120509/NYKMIA,Final,2012-05-10,01:00,1610612748,MIA,106,1610612752,NYK,94,Game 5,East - First Round,1st Round,False
2011-2012,2012,0041100175,20120509/LACMEM,Final,2012-05-10,03:30,1610612763,MEM,92,1610612746,LAC,80,Game 5,West - First Round,1st Round,False
2011-2012,2012,0041100106,20120510/CHIPHI,Final,2012-05-11,01:00,1610612755,PHI,79,1610612741,CHI,78,Game 6,East - First Round,1st Round,False
2011-2012,2012,0041100136,20120510/ATLBOS,Final,2012-05-11,02:00,1610612738,BOS,83,1610612737,ATL,80,Game 6,East - First Round,1st Round,False
2011-2012,2012,0041100166,20120510/LALDEN,Final,2012-05-11,04:30,1610612743,DEN,113,1610612747,LAL,96,Game 6,West - First Round,1st Round,False
2011-2012,2012,0041100176,20120511/MEMLAC,Final,2012-05-12,03:00,1610612746,LAC,88,1610612763,MEM,90,Game 6,West - First Round,1st Round,False
2011-2012,2012,0041100211,20120512/PHIBOS,Final,2012-05-13,02:00,1610612738,BOS,92,1610612755,PHI,91,Game 1,East - Conf. Semifinals,Conf. Semifinals,False
2011-2012,2012,0041100167,20120512/DENLAL,Final,2012-05-13,04:30,1610612747,LAL,96,1610612743,DEN,87,Game 7,West - First Round,1st Round,False
2011-2012,2012,0041100177,20120513/LACMEM,Final,2012-05-13,19:00,1610612763,MEM,72,1610612746,LAC,82,Game 7,West - First Round,1st Round,False
2011-2012,2012,0041100201,20120513/INDMIA,Final,2012-05-13,21:30,1610612748,MIA,95,1610612754,IND,86,Game 1,East - Conf. Semifinals,Conf. Semifinals,False
2011-2012,2012,0041100212,20120514/PHIBOS,Final,2012-05-15,01:00,1610612738,BOS,81,1610612755,PHI,82,Game 2,East - Conf. Semifinals,Conf. Semifinals,False
2011-2012,2012,0041100231,20120514/LALOKC,Final,2012-05-15,03:30,1610612760,OKC,119,1610612747,LAL,90,Game 1,West - Conf. Semifinals,Conf. Semifinals,False
2011-2012,2012,0041100202,20120515/INDMIA,Final,2012-05-16,01:00,1610612748,MIA,75,1610612754,IND,78,Game 2,East - Conf. Semifinals,Conf. Semifinals,False
2011-2012,2012,0041100221,20120515/LACSAS,Final,2012-05-16,03:30,1610612759,SAS,108,1610612746,LAC,92,Game 1,West - Conf. Semifinals,Conf. Semifinals,False
2011-2012,2012,0041100213,20120516/BOSPHI,Final,2012-05-17,01:00,1610612755,PHI,91,1610612738,BOS,107,Game 3,East - Conf. Semifinals,Conf. Semifinals,False
2011-2012,2012,0041100232,20120516/LALOKC,Final,2012-05-17,03:30,1610612760,OKC,77,1610612747,LAL,75,Game 2,West - Conf. Semifinals,Conf. Semifinals,False
2011-2012,2012,0041100203,20120517/MIAIND,Final,2012-05-18,01:00,1610612754,IND,94,1610612748,MIA,75,Game 3,East - Conf. Semifinals,Conf. Semifinals,False
2011-2012,2012,0041100222,20120517/LACSAS,Final,2012-05-18,03:30,1610612759,SAS,105,1610612746,LAC,88,Game 2,West - Conf. Semifinals,Conf. Semifinals,False
2011-2012,2012,0041100214,20120518/BOSPHI,Final,2012-05-19,02:00,1610612755,PHI,92,1610612738,BOS,83,Game 4,East - Conf. Semifinals,Conf. Semifinals,False
2011-2012,2012,0041100233,20120518/OKCLAL,Final,2012-05-19,04:30,1610612747,LAL,99,1610612760,OKC,96,Game 3,West - Conf. Semifinals,Conf. Semifinals,False
2011-2012,2012,0041100223,20120519/SASLAC,Final,2012-05-19,21:30,1610612746,LAC,86,1610612759,SAS,96,Game 3,West - Conf. Semifinals,Conf. Semifinals,False
2011-2012,2012,0041100234,20120519/OKCLAL,Final,2012-05-20,04:30,1610612747,LAL,100,1610612760,OKC,103,Game 4,West - Conf. Semifinals,Conf. Semifinals,False
2011-2012,2012,0041100204,20120520/MIAIND,Final,2012-05-20,21:30,1610612754,IND,93,1610612748,MIA,101,Game 4,East - Conf. Semifinals,Conf. Semifinals,False
2011-2012,2012,0041100224,20120520/SASLAC,Final,2012-05-21,04:30,1610612746,LAC,99,1610612759,SAS,102,Game 4,West - Conf. Semifinals,Conf. Semifinals,False
2011-2012,2012,0041100215,20120521/PHIBOS,Final,2012-05-22,01:00,1610612738,BOS,101,1610612755,PHI,85,Game 5,East - Conf. Semifinals,Conf. Semifinals,False
2011-2012,2012,0041100235,20120521/LALOKC,Final,2012-05-22,03:30,1610612760,OKC,106,1610612747,LAL,90,Game 5,West - Conf. Semifinals,Conf. Semifinals,False
2011-2012,2012,0041100205,20120522/INDMIA,Final,2012-05-23,02:00,1610612748,MIA,115,1610612754,IND,83,Game 5,East - Conf. Semifinals,Conf. Semifinals,False
2011-2012,2012,0041100216,20120523/BOSPHI,Final,2012-05-24,02:00,1610612755,PHI,82,1610612738,BOS,75,Game 6,East - Conf. Semifinals,Conf. Semifinals,False
2011-2012,2012,0041100206,20120524/MIAIND,Final,2012-05-25,02:00,1610612754,IND,93,1610612748,MIA,105,Game 6,East - Conf. Semifinals,Conf. Semifinals,False
2011-2012,2012,0041100217,20120526/PHIBOS,Final,2012-05-27,02:00,1610612738,BOS,85,1610612755,PHI,75,Game 7,East - Conf. Semifinals,Conf. Semifinals,False
2011-2012,2012,0041100311,20120527/OKCSAS,Final,2012-05-28,02:30,1610612759,SAS,101,1610612760,OKC,98,Game 1,West - Conf. Finals,Conf. Finals,False
2011-2012,2012,0041100301,20120528/BOSMIA,Final,2012-05-29,02:30,1610612748,MIA,93,1610612738,BOS,79,Game 1,East - Conf. Finals,Conf. Finals,False
2011-2012,2012,0041100312,20120529/OKCSAS,Final,2012-05-30,03:00,1610612759,SAS,120,1610612760,OKC,111,Game 2,West - Conf. Finals,Conf. Finals,False
2011-2012,2012,0041100302,20120530/BOSMIA,Final/OT,2012-05-31,02:30,1610612748,MIA,115,1610612738,BOS,111,Game 2,East - Conf. Finals,Conf. Finals,False
2011-2012,2012,0041100313,20120531/SASOKC,Final,2012-06-01,03:00,1610612760,OKC,102,1610612759,SAS,82,Game 3,West - Conf. Finals,Conf. Finals,False
2011-2012,2012,0041100303,20120601/MIABOS,Final,2012-06-02,02:30,1610612738,BOS,101,1610612748,MIA,91,Game 3,East - Conf. Finals,Conf. Finals,False
2011-2012,2012,0041100314,20120602/SASOKC,Final,2012-06-03,02:30,1610612760,OKC,109,1610612759,SAS,103,Game 4,West - Conf. Finals,Conf. Finals,False
2011-2012,2012,0041100304,20120603/MIABOS,Final/OT,2012-06-04,02:30,1610612738,BOS,93,1610612748,MIA,91,Game 4,East - Conf. Finals,Conf. Finals,False
2011-2012,2012,0041100315,20120604/OKCSAS,Final,2012-06-05,03:00,1610612759,SAS,103,1610612760,OKC,108,Game 5,West - Conf. Finals,Conf. Finals,False
2011-2012,2012,0041100305,20120605/BOSMIA,Final,2012-06-06,02:30,1610612748,MIA,90,1610612738,BOS,94,Game 5,East - Conf. Finals,Conf. Finals,False
2011-2012,2012,0041100316,20120606/SASOKC,Final,2012-06-07,03:00,1610612760,OKC,107,1610612759,SAS,99,Game 6,West - Conf. Finals,Conf. Finals,False
2011-2012,2012,0041100306,20120607/MIABOS,Final,2012-06-08,02:30,1610612738,BOS,79,1610612748,MIA,98,Game 6,East - Conf. Finals,Conf. Finals,False
2011-2012,2012,0041100307,20120609/BOSMIA,Final,2012-06-10,02:30,1610612748,MIA,101,1610612738,BOS,88,Game 7,East - Conf. Finals,Conf. Finals,False
2011-2012,2012,0041100401,20120612/MIAOKC,Final,2012-06-13,03:00,1610612760,OKC,105,1610612748,MIA,94,Game 1,NBA Finals,NBA Finals,False
2011-2012,2012,0041100402,20120614/MIAOKC,Final,2012-06-15,03:00,1610612760,OKC,96,1610612748,MIA,100,Game 2,NBA Finals,NBA Finals,False
2011-2012,2012,0041100403,20120617/OKCMIA,Final,2012-06-18,02:00,1610612748,MIA,91,1610612760,OKC,85,Game 3,NBA Finals,NBA Finals,False
2011-2012,2012,0041100404,20120619/OKCMIA,Final,2012-06-20,03:00,1610612748,MIA,104,1610612760,OKC,98,Game 4,NBA Finals,NBA Finals,False
2011-2012,2012,0041100405,20120621/OKCMIA,Final,2012-06-22,03:00,1610612748,MIA,121,1610612760,OKC,106,Game 5,NBA Finals,NBA Finals,False
