Saison,Année,gameId,gameCode,gameStatusText,dateParis,heureParis,homeTeamId,homeTeamTricode,homeTeamScore,awayTeamId,awayTeamTricode,awayTeamScore,seriesGameNumber,gameLabel,poRoundDesc,ifNecessary
2004-2005,2005,0010400002,20041010/GSWSAC,,2004-10-11,03:00,1610612758,SAC,0,1610612744,GSW,0,,,,False
2004-2005,2005,0010400003,20041010/MIAHOU,,2004-10-11,02:30,1610612745,HOU,0,1610612748,MIA,0,,,,False
2004-2005,2005,0010400004,20041011/WASIND,,2004-10-12,01:00,1610612754,IND,0,1610612764,WAS,0,,,,False
2004-2005,2005,0010400005,20041012/MEMORL,,2004-10-13,01:00,1610612753,ORL,0,1610612763,MEM,0,,,,False
2004-2005,2005,0010400006,20041012/CHIBOS,,2004-10-13,01:00,1610612738,BOS,0,1610612741,CHI,0,,,,False
2004-2005,2005,0010400007,20041012/WASPHI,,2004-10-13,01:30,1610612755,PHI,0,1610612764,WAS,0,,,,False
2004-2005,2005,0010400008,20041012/SEALAL,10:30 pm ET,2004-10-13,04:30,1610612747,LAL,0,1610612760,SEA,0,,,,False
2004-2005,2005,0010400009,20041013/DALNOH,,2004-10-14,02:00,1610612740,NOH,0,1610612742,DAL,0,,,,False
2004-2005,2005,0010400010,20041013/LACPHX,,2004-10-14,04:00,1610612756,PHX,0,1610612746,LAC,0,,,,False
2004-2005,2005,0010400011,20041013/SEAPOR,,2004-10-14,04:00,1610612757,POR,0,1610612760,SEA,0,,,,False
2004-2005,2005,0010400012,20041013/ORLATL,,2004-10-14,01:30,1610612737,ATL,0,1610612753,ORL,0,,,,False
2004-2005,2005,0010400013,20041013/BOSDET,,2004-10-14,01:30,1610612765,DET,0,1610612738,BOS,0,,,,False
2004-2005,2005,0010400014,20041013/MINMIL,,2004-10-14,02:30,1610612749,MIL,0,1610612750,MIN,0,,,,False
2004-2005,2005,0010400015,20041014/NJNNYK,,2004-10-15,01:00,1610612752,NYK,0,1610612751,NJN,0,,,,False
2004-2005,2005,0010400016,20041014/WASCHA,,2004-10-15,01:00,1610612766,CHA,0,1610612764,WAS,0,,,,False
2004-2005,2005,0010400017,20041014/CLEMEM,,2004-10-15,02:00,1610612763,MEM,0,1610612739,CLE,0,,,,False
2004-2005,2005,0010400018,20041014/MILDEN,,2004-10-15,03:00,1610612743,DEN,0,1610612749,MIL,0,,,,False
2004-2005,2005,0010400019,20041014/MINATL,,2004-10-15,02:30,1610612737,ATL,0,1610612750,MIN,0,,,,False
2004-2005,2005,0010400020,20041014/PORGSW,,2004-10-15,04:30,1610612744,GSW,0,1610612757,POR,0,,,,False
2004-2005,2005,0010400021,20041014/SACHOU,,2004-10-14,13:30,1610612745,HOU,0,1610612758,SAC,0,,,,False
2004-2005,2005,0010400022,20041015/PHITOR,,2004-10-16,01:00,1610612761,TOR,0,1610612755,PHI,0,,,,False
2004-2005,2005,0010400023,20041015/NOHCHI,,2004-10-16,02:30,1610612741,CHI,0,1610612740,NOH,0,,,,False
2004-2005,2005,0010400024,20041015/ORLMIA,,2004-10-16,02:00,1610612748,MIA,0,1610612753,ORL,0,,,,False
2004-2005,2005,0010400025,20041016/SASNYK,,2004-10-16,19:00,1610612752,NYK,0,1610612759,SAS,0,,,,False
2004-2005,2005,0010400026,20041016/INDMEM,,2004-10-17,02:00,1610612763,MEM,0,1610612754,IND,0,,,,False
2004-2005,2005,0010400027,20041016/LACNOH,,2004-10-17,02:00,1610612740,NOH,0,1610612746,LAC,0,,,,False
2004-2005,2005,0010400028,20041016/CHAPOR,,2004-10-17,04:00,1610612757,POR,0,1610612766,CHA,0,,,,False
2004-2005,2005,0010400029,20041016/PHXSEA,,2004-10-17,04:00,1610612760,SEA,0,1610612756,PHX,0,,,,False
2004-2005,2005,0010400030,20041016/BOSNJN,,2004-10-17,01:30,1610612751,NJN,0,1610612738,BOS,0,,,,False
2004-2005,2005,0010400031,20041016/DETMIA,,2004-10-17,02:30,1610612748,MIA,0,1610612765,DET,0,,,,False
2004-2005,2005,0010400032,20041016/CHICLE,,2004-10-17,02:30,1610612739,CLE,0,1610612741,CHI,0,,,,False
2004-2005,2005,0010400033,20041016/DENMIL,,2004-10-17,02:30,1610612749,MIL,0,1610612743,DEN,0,,,,False
2004-2005,2005,0010400034,20041017/HOUSAC,,2004-10-17,06:01,1610612758,SAC,0,1610612745,HOU,0,,,,False
2004-2005,2005,0010400035,20041017/TORPHI,,2004-10-17,19:00,1610612755,PHI,0,1610612761,TOR,0,,,,False
2004-2005,2005,0010400036,20041017/MINDET,,2004-10-18,00:00,1610612765,DET,0,1610612750,MIN,0,,,,False
2004-2005,2005,0010400037,20041017/UTASEA,,2004-10-18,04:00,1610612760,SEA,0,1610612762,UTA,0,,,,False
2004-2005,2005,0010400038,20041017/GSWLAL,,2004-10-18,03:30,1610612747,LAL,0,1610612744,GSW,0,,,,False
2004-2005,2005,0010400039,20041017/DALORL,,2004-10-18,01:00,1610612753,ORL,0,1610612742,DAL,0,,,,False
2004-2005,2005,0010400040,20041018/NJNCLE,,2004-10-19,01:30,1610612739,CLE,0,1610612751,NJN,0,,,,False
2004-2005,2005,0010400041,20041018/ATLMIA,,2004-10-19,01:30,1610612748,MIA,0,1610612737,ATL,0,,,,False
2004-2005,2005,0010400042,20041019/MININD,,2004-10-20,02:00,1610612754,IND,0,1610612750,MIN,0,,,,False
2004-2005,2005,0010400043,20041019/PHINOH,,2004-10-20,02:00,1610612740,NOH,0,1610612755,PHI,0,,,,False
2004-2005,2005,0010400044,20041019/NYKUTA,,2004-10-20,03:00,1610612762,UTA,0,1610612752,NYK,0,,,,False
2004-2005,2005,0010400045,20041019/CHANJN,,2004-10-20,01:30,1610612751,NJN,0,1610612766,CHA,0,,,,False
2004-2005,2005,0010400046,20041019/BOSCHI,,2004-10-20,02:30,1610612741,CHI,0,1610612738,BOS,0,,,,False
2004-2005,2005,0010400047,20041019/MILDAL,,2004-10-20,02:30,1610612742,DAL,0,1610612749,MIL,0,,,,False
2004-2005,2005,0010400048,20041019/PHXSAS,,2004-10-20,02:30,1610612759,SAS,0,1610612756,PHX,0,,,,False
2004-2005,2005,0010400049,20041019/GSWLAC,,2004-10-20,04:30,1610612746,LAC,0,1610612744,GSW,0,,,,False
2004-2005,2005,0010400050,20041019/SACLAL,,2004-10-20,04:30,1610612747,LAL,0,1610612758,SAC,0,,,,False
2004-2005,2005,0010400051,20041020/MEMATL,,2004-10-20,17:00,1610612737,ATL,0,1610612763,MEM,0,,,,False
2004-2005,2005,0010400052,20041020/TRETOR,,2004-10-21,01:00,1610612761,TOR,0,68,TRE,0,,,,False
2004-2005,2005,0010400053,20041020/WASDET,,2004-10-21,01:00,1610612765,DET,0,1610612764,WAS,0,,,,False
2004-2005,2005,0010400054,20041020/UTAPHX,,2004-10-21,04:00,1610612756,PHX,0,1610612762,UTA,0,,,,False
2004-2005,2005,0010400055,20041020/CHACLE,,2004-10-21,01:30,1610612739,CLE,0,1610612766,CHA,0,,,,False
2004-2005,2005,0010400056,20041021/DENLAC,,2004-10-22,01:30,1610612746,LAC,0,1610612743,DEN,0,,,,False
2004-2005,2005,0010400057,20041021/MILMEM,,2004-10-22,02:00,1610612763,MEM,0,1610612749,MIL,0,,,,False
2004-2005,2005,0010400058,20041021/PORTOR,,2004-10-22,01:00,1610612761,TOR,0,1610612757,POR,0,,,,False
2004-2005,2005,0010400059,20041021/ORLNOH,,2004-10-22,02:00,1610612740,NOH,0,1610612753,ORL,0,,,,False
2004-2005,2005,0010400060,20041021/GSWLAL,,2004-10-22,04:30,1610612747,LAL,0,1610612744,GSW,0,,,,False
2004-2005,2005,0010400061,20041021/CHIHOU,,2004-10-22,02:30,1610612745,HOU,0,1610612741,CHI,0,,,,False
2004-2005,2005,0010400062,20041021/NYKDAL,,2004-10-22,02:30,1610612742,DAL,0,1610612752,NYK,0,,,,False
2004-2005,2005,0010400063,20041021/PHISAS,,2004-10-22,02:30,1610612759,SAS,0,1610612755,PHI,0,,,,False
2004-2005,2005,0010400064,20041022/DENGSW,Final,2004-10-23,01:30,1610612744,GSW,86,1610612743,DEN,105,,,,False
2004-2005,2005,0010400065,20041022/PORCHA,Final,2004-10-23,01:00,1610612766,CHA,69,1610612757,POR,63,,,,False
2004-2005,2005,0010400066,20041022/NYKMIN,Final,2004-10-23,02:00,1610612750,MIN,102,1610612752,NYK,82,,,,False
2004-2005,2005,0010400067,20041022/SACUTA,Final,2004-10-23,03:00,1610612762,UTA,103,1610612758,SAC,88,,,,False
2004-2005,2005,0010400068,20041022/NJNBOS,Final,2004-10-23,01:30,1610612738,BOS,83,1610612751,NJN,96,,,,False
2004-2005,2005,0010400069,20041022/LACLAL,Final,2004-10-23,04:30,1610612747,LAL,113,1610612746,LAC,102,,,,False
2004-2005,2005,0010400070,20041022/MIAATL,Final,2004-10-23,02:00,1610612737,ATL,82,1610612748,MIA,113,,,,False
2004-2005,2005,0010400071,20041022/WASDET,Final,2004-10-23,02:00,1610612765,DET,100,1610612764,WAS,82,,,,False
2004-2005,2005,0010400072,20041023/HOUORL,Final,2004-10-24,01:00,1610612753,ORL,95,1610612745,HOU,72,,,,False
2004-2005,2005,0010400073,20041023/ATLMEM,Final,2004-10-24,02:00,1610612763,MEM,104,1610612737,ATL,72,,,,False
2004-2005,2005,0010400074,20041023/INDMIN,Final,2004-10-24,02:00,1610612750,MIN,104,1610612754,IND,106,,,,False
2004-2005,2005,0010400075,20041023/NOHSAC,Final,2004-10-24,04:00,1610612758,SAC,92,1610612740,NOH,87,,,,False
2004-2005,2005,0010400076,20041023/CLEBOS,Final,2004-10-24,01:30,1610612738,BOS,91,1610612739,CLE,96,,,,False
2004-2005,2005,0010400077,20041023/NJNPHI,Final,2004-10-24,01:30,1610612755,PHI,86,1610612751,NJN,81,,,,False
2004-2005,2005,0010400078,20041023/TORCHI,Final,2004-10-24,02:30,1610612741,CHI,89,1610612761,TOR,91,,,,False
2004-2005,2005,0010400079,20041023/DALMIL,Final,2004-10-24,02:30,1610612749,MIL,89,1610612742,DAL,91,,,,False
2004-2005,2005,0010400080,20041023/SEASAS,Final,2004-10-24,02:30,1610612759,SAS,91,1610612760,SEA,82,,,,False
2004-2005,2005,0010400086,20041024/PHXLAL,,2004-10-25,04:30,1610612747,LAL,0,1610612756,PHX,0,,,,False
2004-2005,2005,0010400081,20041024/UTADET,Final,2004-10-25,00:00,1610612765,DET,82,1610612762,UTA,75,,,,False
2004-2005,2005,0010400082,20041024/NOHLAC,Final,2004-10-25,03:30,1610612746,LAC,97,1610612740,NOH,96,,,,False
2004-2005,2005,0010400083,20041024/DALNYK,Final,2004-10-25,01:00,1610612752,NYK,102,1610612742,DAL,86,,,,False
2004-2005,2005,0010400084,20041024/CHAWAS,Final,2004-10-25,01:00,1610612764,WAS,97,1610612766,CHA,85,,,,False
2004-2005,2005,0010400085,20041024/INDDEN,Final,2004-10-25,03:00,1610612743,DEN,98,1610612754,IND,80,,,,False
2004-2005,2005,0010400088,20041025/BOSCLE,,2004-10-26,01:30,1610612739,CLE,0,1610612738,BOS,0,,,,False
2004-2005,2005,0010400090,20041025/SEALAL,,2004-10-26,04:30,1610612747,LAL,0,1610612760,SEA,0,,,,False
2004-2005,2005,0010400087,20041025/GSWPOR,Final,2004-10-26,04:00,1610612757,POR,84,1610612744,GSW,87,,,,False
2004-2005,2005,0010400089,20041025/WASCHI,Final,2004-10-26,02:30,1610612741,CHI,100,1610612764,WAS,95,,,,False
2004-2005,2005,0010400091,20041026/MIACHA,Final,2004-10-26,17:00,1610612766,CHA,82,1610612748,MIA,74,,,,False
2004-2005,2005,0010400092,20041026/UTAPHI,Final,2004-10-27,01:00,1610612755,PHI,97,1610612762,UTA,88,,,,False
2004-2005,2005,0010400093,20041026/MEMIND,Final,2004-10-27,02:00,1610612754,IND,102,1610612763,MEM,96,,,,False
2004-2005,2005,0010400094,20041026/TORDEN,Final,2004-10-27,03:00,1610612743,DEN,102,1610612761,TOR,98,,,,False
2004-2005,2005,0010400095,20041026/SEAPHX,Final,2004-10-27,03:00,1610612756,PHX,103,1610612760,SEA,95,,,,False
2004-2005,2005,0010400096,20041026/NYKNJN,Final,2004-10-27,02:00,1610612751,NJN,79,1610612752,NYK,86,,,,False
2004-2005,2005,0010400097,20041026/SASDAL,Final,2004-10-27,02:30,1610612742,DAL,94,1610612759,SAS,98,,,,False
2004-2005,2005,0010400099,20041027/ATLCHA,,2004-10-28,01:00,1610612766,CHA,0,1610612737,ATL,0,,,,False
2004-2005,2005,0010400104,20041027/SASHOU,,2004-10-28,02:30,1610612745,HOU,0,1610612759,SAS,0,,,,False
2004-2005,2005,0010400105,20041027/LACGSW,Final,2004-10-28,04:30,1610612744,GSW,84,1610612746,LAC,78,,,,False
2004-2005,2005,0010400098,20041027/DETBOS,Final,2004-10-28,00:00,1610612738,BOS,96,1610612765,DET,84,,,,False
2004-2005,2005,0010400100,20041027/MIAORL,Final,2004-10-28,01:00,1610612753,ORL,109,1610612748,MIA,103,,,,False
2004-2005,2005,0010400101,20041027/CHIIND,Final,2004-10-28,02:00,1610612754,IND,91,1610612741,CHI,71,,,,False
2004-2005,2005,0010400102,20041027/MILMIN,Final,2004-10-28,02:00,1610612750,MIN,75,1610612749,MIL,76,,,,False
2004-2005,2005,0010400103,20041027/TORPOR,Final,2004-10-28,04:00,1610612757,POR,97,1610612761,TOR,95,,,,False
2004-2005,2005,0010400106,20041028/MEMMIL,,2004-10-29,02:00,1610612749,MIL,0,1610612763,MEM,0,,,,False
2004-2005,2005,0010400109,20041028/ATLCLE,,2004-10-29,01:30,1610612739,CLE,0,1610612737,ATL,0,,,,False
2004-2005,2005,0010400112,20041028/WASLAL,,2004-10-29,02:30,1610612747,LAL,0,1610612764,WAS,0,,,,False
2004-2005,2005,0010400113,20041028/PHXLAC,Final,2004-10-29,04:30,1610612746,LAC,88,1610612756,PHX,109,,,,False
2004-2005,2005,0010400110,20041028/SACDAL,Final,2004-10-29,02:30,1610612742,DAL,112,1610612758,SAC,93,,,,False
2004-2005,2005,0010400111,20041028/DENHOU,Final,2004-10-29,02:30,1610612745,HOU,88,1610612743,DEN,93,,,,False
2004-2005,2005,0010400107,20041028/PHINJN,Final,2004-10-29,01:30,1610612751,NJN,96,1610612755,PHI,94,,,,False
2004-2005,2005,0010400108,20041028/UTANYK,Final,2004-10-29,01:30,1610612752,NYK,93,1610612762,UTA,85,,,,False
2004-2005,2005,0010400114,20041029/CLETOR,Final,2004-10-30,01:00,1610612761,TOR,100,1610612739,CLE,92,,,,False
2004-2005,2005,0010400115,20041029/DENIND,Final,2004-10-30,02:00,1610612754,IND,79,1610612743,DEN,98,,,,False
2004-2005,2005,0010400116,20041029/DETMIN,Final,2004-10-30,02:00,1610612750,MIN,102,1610612765,DET,95,,,,False
2004-2005,2005,0010400117,20041029/PORSEA,Final,2004-10-30,04:30,1610612760,SEA,91,1610612757,POR,87,,,,False
2004-2005,2005,0010400118,20041029/NOHSAS,Final,2004-10-30,02:30,1610612759,SAS,102,1610612740,NOH,86,,,,False
2004-2005,2005,0010400119,20041029/PHXSAC,Final,2004-10-30,04:30,1610612758,SAC,96,1610612756,PHX,124,,,,False
2004-2005,2005,0020400001,20041102/HOUDET,Final,2004-11-03,02:00,1610612765,DET,87,1610612745,HOU,79,,,,False
2004-2005,2005,0020400002,20041102/SACDAL,Final,2004-11-03,02:30,1610612742,DAL,107,1610612758,SAC,98,,,,False
2004-2005,2005,0020400003,20041102/DENLAL,Final,2004-11-03,04:30,1610612747,LAL,89,1610612743,DEN,78,,,,False
2004-2005,2005,0020400004,20041103/HOUTOR,Final,2004-11-04,01:00,1610612761,TOR,95,1610612745,HOU,88,,,,False
2004-2005,2005,0020400005,20041103/MILORL,Final,2004-11-04,01:00,1610612753,ORL,93,1610612749,MIL,92,,,,False
2004-2005,2005,0020400006,20041103/INDCLE,Final/OT2,2004-11-04,01:00,1610612739,CLE,104,1610612754,IND,109,,,,False
2004-2005,2005,0020400007,20041103/PHIBOS,Final,2004-11-04,01:30,1610612738,BOS,95,1610612755,PHI,98,,,,False
2004-2005,2005,0020400008,20041103/MIANJN,Final,2004-11-04,02:00,1610612751,NJN,77,1610612748,MIA,100,,,,False
2004-2005,2005,0020400009,20041103/WASMEM,Final,2004-11-04,02:00,1610612763,MEM,91,1610612764,WAS,103,,,,False
2004-2005,2005,0020400010,20041103/DALNOH,Final,2004-11-04,02:00,1610612740,NOH,91,1610612742,DAL,106,,,,False
2004-2005,2005,0020400011,20041103/NYKMIN,Final,2004-11-04,02:00,1610612750,MIN,99,1610612752,NYK,93,,,,False
2004-2005,2005,0020400012,20041103/SACSAS,Final,2004-11-04,02:30,1610612759,SAS,101,1610612758,SAC,85,,,,False
2004-2005,2005,0020400013,20041103/ATLPHX,Final,2004-11-04,03:00,1610612756,PHX,112,1610612737,ATL,82,,,,False
2004-2005,2005,0020400014,20041103/LALUTA,Final,2004-11-04,04:30,1610612762,UTA,104,1610612747,LAL,78,,,,False
2004-2005,2005,0020400015,20041103/SEALAC,Final,2004-11-04,04:30,1610612746,LAC,114,1610612760,SEA,84,,,,False
2004-2005,2005,0020400016,20041103/PORGSW,Final,2004-11-04,04:30,1610612744,GSW,75,1610612757,POR,78,,,,False
2004-2005,2005,0020400017,20041104/WASCHA,Final,2004-11-05,01:00,1610612766,CHA,96,1610612764,WAS,103,,,,False
2004-2005,2005,0020400018,20041104/CLEMIA,Final,2004-11-05,02:00,1610612748,MIA,92,1610612739,CLE,86,,,,False
2004-2005,2005,0020400019,20041104/MINDEN,Final/OT,2004-11-05,04:30,1610612743,DEN,94,1610612750,MIN,92,,,,False
2004-2005,2005,0020400020,20041105/DETTOR,Final,2004-11-06,01:00,1610612761,TOR,101,1610612765,DET,89,,,,False
2004-2005,2005,0020400021,20041105/PHXPHI,Final,2004-11-06,01:00,1610612755,PHI,98,1610612756,PHX,108,,,,False
2004-2005,2005,0020400022,20041105/INDBOS,Final,2004-11-06,01:30,1610612738,BOS,94,1610612754,IND,101,,,,False
2004-2005,2005,0020400023,20041105/HOUMEM,Final,2004-11-06,02:00,1610612763,MEM,81,1610612745,HOU,89,,,,False
2004-2005,2005,0020400024,20041105/ORLNOH,Final,2004-11-06,02:00,1610612740,NOH,89,1610612753,ORL,90,,,,False
2004-2005,2005,0020400025,20041105/NJNCHI,Final/OT2,2004-11-06,02:30,1610612741,CHI,106,1610612751,NJN,111,,,,False
2004-2005,2005,0020400026,20041105/LACPOR,Final,2004-11-06,04:00,1610612757,POR,94,1610612746,LAC,81,,,,False
2004-2005,2005,0020400027,20041105/SASLAL,Final,2004-11-06,04:30,1610612747,LAL,96,1610612759,SAS,105,,,,False
2004-2005,2005,0020400028,20041105/UTAGSW,Final,2004-11-06,04:30,1610612744,GSW,80,1610612762,UTA,102,,,,False
2004-2005,2005,0020400029,20041105/ATLSEA,Final,2004-11-06,04:30,1610612760,SEA,106,1610612737,ATL,85,,,,False
2004-2005,2005,0020400030,20041106/MIAWAS,Final,2004-11-07,01:00,1610612764,WAS,106,1610612748,MIA,118,,,,False
2004-2005,2005,0020400031,20041106/ORLCHA,Final,2004-11-07,01:00,1610612766,CHA,111,1610612753,ORL,100,,,,False
2004-2005,2005,0020400032,20041106/BOSNYK,Final,2004-11-07,01:30,1610612752,NYK,73,1610612738,BOS,107,,,,False
2004-2005,2005,0020400033,20041106/PHIDET,Final,2004-11-07,01:30,1610612765,DET,99,1610612755,PHI,91,,,,False
2004-2005,2005,0020400034,20041106/PHXNJN,Final,2004-11-07,02:00,1610612751,NJN,80,1610612756,PHX,112,,,,False
2004-2005,2005,0020400035,20041106/CHIIND,Final,2004-11-07,02:00,1610612754,IND,100,1610612741,CHI,90,,,,False
2004-2005,2005,0020400036,20041106/NOHMIN,Final,2004-11-07,02:00,1610612750,MIN,99,1610612740,NOH,92,,,,False
2004-2005,2005,0020400037,20041106/CLEMIL,Final,2004-11-07,02:30,1610612749,MIL,102,1610612739,CLE,88,,,,False
2004-2005,2005,0020400038,20041106/SACHOU,Final/OT,2004-11-07,02:30,1610612745,HOU,104,1610612758,SAC,101,,,,False
2004-2005,2005,0020400039,20041106/MEMDAL,Final,2004-11-07,02:30,1610612742,DAL,112,1610612763,MEM,88,,,,False
2004-2005,2005,0020400040,20041106/UTADEN,Final,2004-11-07,03:00,1610612743,DEN,82,1610612762,UTA,107,,,,False
2004-2005,2005,0020400041,20041106/LACGSW,Final,2004-11-07,04:30,1610612744,GSW,86,1610612746,LAC,94,,,,False
2004-2005,2005,0020400042,20041107/PORTOR,Final,2004-11-07,18:30,1610612761,TOR,101,1610612757,POR,97,,,,False
2004-2005,2005,0020400043,20041107/SASSEA,Final,2004-11-08,02:00,1610612760,SEA,113,1610612759,SAS,94,,,,False
2004-2005,2005,0020400044,20041107/ATLLAL,Final,2004-11-08,03:30,1610612747,LAL,106,1610612737,ATL,90,,,,False
2004-2005,2005,0020400045,20041108/GSWDAL,Final/OT,2004-11-09,02:30,1610612742,DAL,101,1610612744,GSW,98,,,,False
2004-2005,2005,0020400046,20041108/DENUTA,Final,2004-11-09,03:00,1610612762,UTA,102,1610612743,DEN,91,,,,False
2004-2005,2005,0020400047,20041108/DETLAC,Final/OT2,2004-11-09,04:30,1610612746,LAC,96,1610612765,DET,99,,,,False
2004-2005,2005,0020400048,20041109/DALORL,Final,2004-11-10,01:00,1610612753,ORL,94,1610612742,DAL,84,,,,False
2004-2005,2005,0020400049,20041109/PORNJN,Final,2004-11-10,01:30,1610612751,NJN,64,1610612757,POR,60,,,,False
2004-2005,2005,0020400050,20041109/PHINYK,Final,2004-11-10,01:30,1610612752,NYK,96,1610612755,PHI,88,,,,False
2004-2005,2005,0020400051,20041109/CLEATL,Final,2004-11-10,01:30,1610612737,ATL,79,1610612739,CLE,93,,,,False
2004-2005,2005,0020400052,20041109/WASMIA,Final,2004-11-10,01:30,1610612748,MIA,103,1610612764,WAS,93,,,,False
2004-2005,2005,0020400053,20041109/LALNOH,Final,2004-11-10,02:00,1610612740,NOH,98,1610612747,LAL,106,,,,False
2004-2005,2005,0020400054,20041109/INDMIN,Final,2004-11-10,02:00,1610612750,MIN,101,1610612754,IND,102,,,,False
2004-2005,2005,0020400055,20041109/PHXCHI,Final,2004-11-10,02:30,1610612741,CHI,74,1610612756,PHX,94,,,,False
2004-2005,2005,0020400056,20041109/MEMHOU,Final,2004-11-10,02:30,1610612745,HOU,90,1610612763,MEM,87,,,,False
2004-2005,2005,0020400057,20041109/SEADEN,Final,2004-11-10,03:00,1610612743,DEN,88,1610612760,SEA,108,,,,False
2004-2005,2005,0020400058,20041109/TORSAC,Final,2004-11-10,04:00,1610612758,SAC,108,1610612761,TOR,92,,,,False
2004-2005,2005,0020400059,20041110/PORBOS,Final,2004-11-11,01:00,1610612738,BOS,90,1610612757,POR,88,,,,False
2004-2005,2005,0020400060,20041110/NJNPHI,Final/OT,2004-11-11,01:00,1610612755,PHI,108,1610612751,NJN,101,,,,False
2004-2005,2005,0020400061,20041110/ORLWAS,Final,2004-11-11,01:00,1610612764,WAS,106,1610612753,ORL,96,,,,False
2004-2005,2005,0020400062,20041110/LACIND,Final,2004-11-11,01:00,1610612754,IND,68,1610612746,LAC,102,,,,False
2004-2005,2005,0020400063,20041110/PHXCLE,Final/OT,2004-11-11,02:00,1610612739,CLE,114,1610612756,PHX,109,,,,False
2004-2005,2005,0020400064,20041110/CHAMIL,Final,2004-11-11,02:00,1610612749,MIL,102,1610612766,CHA,100,,,,False
2004-2005,2005,0020400065,20041110/LALMEM,Final,2004-11-11,02:00,1610612763,MEM,110,1610612747,LAL,87,,,,False
2004-2005,2005,0020400066,20041110/GSWSAS,Final,2004-11-11,02:30,1610612759,SAS,91,1610612744,GSW,73,,,,False
2004-2005,2005,0020400067,20041110/TORUTA,Final,2004-11-11,03:00,1610612762,UTA,95,1610612761,TOR,104,,,,False
2004-2005,2005,0020400068,20041110/SACSEA,Final,2004-11-11,04:30,1610612760,SEA,108,1610612758,SAC,78,,,,False
2004-2005,2005,0020400069,20041111/DALMIA,Final,2004-11-12,02:00,1610612748,MIA,93,1610612742,DAL,113,,,,False
2004-2005,2005,0020400070,20041111/MINHOU,Final,2004-11-12,02:30,1610612745,HOU,91,1610612750,MIN,96,,,,False
2004-2005,2005,0020400071,20041111/DETDEN,Final,2004-11-12,04:30,1610612743,DEN,117,1610612765,DET,109,,,,False
2004-2005,2005,0020400072,20041112/INDPHI,Final/OT,2004-11-13,01:00,1610612755,PHI,106,1610612754,IND,104,,,,False
2004-2005,2005,0020400073,20041112/LALORL,Final,2004-11-13,01:00,1610612753,ORL,122,1610612747,LAL,113,,,,False
2004-2005,2005,0020400074,20041112/CHABOS,Final,2004-11-13,01:30,1610612738,BOS,91,1610612766,CHA,74,,,,False
2004-2005,2005,0020400075,20041112/LACNYK,Final,2004-11-13,01:30,1610612752,NYK,110,1610612746,LAC,98,,,,False
2004-2005,2005,0020400076,20041112/GSWMEM,Final,2004-11-13,02:00,1610612763,MEM,96,1610612744,GSW,67,,,,False
2004-2005,2005,0020400077,20041112/ATLNOH,Final,2004-11-13,02:00,1610612740,NOH,95,1610612737,ATL,96,,,,False
2004-2005,2005,0020400078,20041112/MIASAS,Final,2004-11-13,02:00,1610612759,SAS,93,1610612748,MIA,84,,,,False
2004-2005,2005,0020400079,20041112/TORSEA,Final,2004-11-13,04:30,1610612760,SEA,88,1610612761,TOR,87,,,,False
2004-2005,2005,0020400080,20041113/DALNJN,Final,2004-11-13,19:00,1610612751,NJN,78,1610612742,DAL,94,,,,False
2004-2005,2005,0020400081,20041113/WASCLE,Final,2004-11-13,19:00,1610612739,CLE,105,1610612764,WAS,76,,,,False
2004-2005,2005,0020400082,20041113/GSWCHA,Final,2004-11-14,01:00,1610612766,CHA,87,1610612744,GSW,103,,,,False
2004-2005,2005,0020400083,20041113/SASATL,Final,2004-11-14,01:00,1610612737,ATL,88,1610612759,SAS,103,,,,False
2004-2005,2005,0020400084,20041113/NYKIND,Final,2004-11-14,02:00,1610612754,IND,103,1610612752,NYK,97,,,,False
2004-2005,2005,0020400085,20041113/LACCHI,Final,2004-11-14,02:30,1610612741,CHI,96,1610612746,LAC,97,,,,False
2004-2005,2005,0020400086,20041113/NOHMIL,Final,2004-11-14,02:30,1610612749,MIL,94,1610612740,NOH,91,,,,False
2004-2005,2005,0020400087,20041113/LALHOU,Final,2004-11-14,02:30,1610612745,HOU,79,1610612747,LAL,84,,,,False
2004-2005,2005,0020400088,20041113/DETUTA,Final,2004-11-14,03:00,1610612762,UTA,108,1610612765,DET,93,,,,False
2004-2005,2005,0020400089,20041113/SACPHX,Final,2004-11-14,03:00,1610612756,PHX,111,1610612758,SAC,113,,,,False
2004-2005,2005,0020400090,20041113/TORPOR,Final,2004-11-14,04:00,1610612757,POR,105,1610612761,TOR,105,,,,False
2004-2005,2005,0020400091,20041114/DALWAS,Final,2004-11-14,19:00,1610612764,WAS,113,1610612742,DAL,122,,,,False
2004-2005,2005,0020400092,20041114/ORLPHI,Final,2004-11-14,20:00,1610612755,PHI,96,1610612753,ORL,87,,,,False
2004-2005,2005,0020400093,20041114/MILMIA,Final/OT2,2004-11-15,00:00,1610612748,MIA,112,1610612749,MIL,110,,,,False
2004-2005,2005,0020400094,20041114/MEMSEA,Final,2004-11-15,02:00,1610612760,SEA,118,1610612763,MEM,113,,,,False
2004-2005,2005,0020400095,20041114/DENSAC,Final,2004-11-15,03:00,1610612758,SAC,101,1610612743,DEN,89,,,,False
2004-2005,2005,0020400096,20041115/GSWCLE,Final,2004-11-16,01:00,1610612739,CLE,99,1610612744,GSW,88,,,,False
2004-2005,2005,0020400097,20041115/HOUNJN,Final,2004-11-16,01:30,1610612751,NJN,69,1610612745,HOU,80,,,,False
2004-2005,2005,0020400098,20041116/SEAPHI,Final,2004-11-17,01:00,1610612755,PHI,95,1610612760,SEA,103,,,,False
2004-2005,2005,0020400099,20041116/UTACHA,Final,2004-11-17,01:00,1610612766,CHA,105,1610612762,UTA,107,,,,False
2004-2005,2005,0020400100,20041116/HOUATL,Final,2004-11-17,01:30,1610612737,ATL,88,1610612745,HOU,84,,,,False
2004-2005,2005,0020400101,20041116/MIAMIN,Final,2004-11-17,02:00,1610612750,MIN,108,1610612748,MIA,97,,,,False
2004-2005,2005,0020400102,20041116/PHXDAL,Final,2004-11-17,02:30,1610612742,DAL,101,1610612756,PHX,107,,,,False
2004-2005,2005,0020400103,20041116/NYKSAS,Final,2004-11-17,02:30,1610612759,SAS,99,1610612752,NYK,81,,,,False
2004-2005,2005,0020400104,20041116/CHISAC,Final,2004-11-17,04:00,1610612758,SAC,113,1610612741,CHI,106,,,,False
2004-2005,2005,0020400105,20041116/TORLAC,Final,2004-11-17,04:30,1610612746,LAC,101,1610612761,TOR,89,,,,False
2004-2005,2005,0020400106,20041117/BOSWAS,Final/OT,2004-11-18,01:00,1610612764,WAS,110,1610612738,BOS,105,,,,False
2004-2005,2005,0020400107,20041117/UTAORL,Final,2004-11-18,01:00,1610612753,ORL,107,1610612762,UTA,92,,,,False
2004-2005,2005,0020400108,20041117/ATLIND,Final,2004-11-18,01:00,1610612754,IND,93,1610612737,ATL,86,,,,False
2004-2005,2005,0020400109,20041117/SEANJN,Final,2004-11-18,01:30,1610612751,NJN,68,1610612760,SEA,79,,,,False
2004-2005,2005,0020400110,20041117/MINDET,Final,2004-11-18,01:30,1610612765,DET,93,1610612750,MIN,85,,,,False
2004-2005,2005,0020400111,20041117/PHXNOH,Final,2004-11-18,02:00,1610612740,NOH,84,1610612756,PHX,95,,,,False
2004-2005,2005,0020400112,20041117/MIAMIL,Final,2004-11-18,03:00,1610612749,MIL,106,1610612748,MIA,113,,,,False
2004-2005,2005,0020400113,20041117/TORDEN,Final,2004-11-18,03:00,1610612743,DEN,112,1610612761,TOR,106,,,,False
2004-2005,2005,0020400114,20041117/MEMPOR,Final,2004-11-18,04:00,1610612757,POR,82,1610612763,MEM,101,,,,False
2004-2005,2005,0020400115,20041117/LACLAL,Final,2004-11-18,04:30,1610612747,LAL,103,1610612746,LAC,89,,,,False
2004-2005,2005,0020400116,20041117/CHIGSW,Final,2004-11-18,04:30,1610612744,GSW,98,1610612741,CHI,85,,,,False
2004-2005,2005,0020400117,20041118/SASPHI,Final,2004-11-19,01:00,1610612755,PHI,80,1610612759,SAS,88,,,,False
2004-2005,2005,0020400118,20041118/CLECHA,Final,2004-11-19,01:00,1610612766,CHA,91,1610612739,CLE,106,,,,False
2004-2005,2005,0020400119,20041118/NYKHOU,Final,2004-11-19,03:30,1610612745,HOU,92,1610612752,NYK,93,,,,False
2004-2005,2005,0020400120,20041119/SEATOR,Final,2004-11-20,01:00,1610612761,TOR,94,1610612760,SEA,101,,,,False
2004-2005,2005,0020400121,20041119/SASBOS,Final,2004-11-20,01:30,1610612738,BOS,84,1610612759,SAS,92,,,,False
2004-2005,2005,0020400122,20041119/UTAMIA,Final/OT,2004-11-20,01:30,1610612748,MIA,107,1610612762,UTA,105,,,,False
2004-2005,2005,0020400123,20041119/INDDET,Final,2004-11-20,02:00,1610612765,DET,82,1610612754,IND,97,,,,False
2004-2005,2005,0020400124,20041119/NYKDAL,Final,2004-11-20,02:30,1610612742,DAL,103,1610612752,NYK,101,,,,False
2004-2005,2005,0020400125,20041119/CHIDEN,Final,2004-11-20,03:00,1610612743,DEN,99,1610612741,CHI,81,,,,False
2004-2005,2005,0020400126,20041119/LALPHX,Final,2004-11-20,03:00,1610612756,PHX,107,1610612747,LAL,102,,,,False
2004-2005,2005,0020400127,20041119/MILPOR,Final,2004-11-20,04:00,1610612757,POR,110,1610612749,MIL,98,,,,False
2004-2005,2005,0020400128,20041119/MEMSAC,Final,2004-11-20,04:30,1610612758,SAC,107,1610612763,MEM,105,,,,False
2004-2005,2005,0020400129,20041120/HOULAC,Final/OT,2004-11-20,21:30,1610612746,LAC,86,1610612745,HOU,91,,,,False
2004-2005,2005,0020400130,20041120/UTAATL,Final,2004-11-21,01:00,1610612737,ATL,79,1610612762,UTA,92,,,,False
2004-2005,2005,0020400131,20041120/CHACLE,Final,2004-11-21,01:30,1610612739,CLE,100,1610612766,CHA,84,,,,False
2004-2005,2005,0020400132,20041120/WASNJN,Final,2004-11-21,02:00,1610612751,NJN,86,1610612764,WAS,97,,,,False
2004-2005,2005,0020400133,20041120/ORLIND,Final,2004-11-21,02:00,1610612754,IND,83,1610612753,ORL,86,,,,False
2004-2005,2005,0020400134,20041120/MINNOH,Final,2004-11-21,02:00,1610612740,NOH,94,1610612750,MIN,99,,,,False
2004-2005,2005,0020400135,20041120/MEMGSW,Final,2004-11-21,04:30,1610612744,GSW,87,1610612763,MEM,100,,,,False
2004-2005,2005,0020400136,20041121/SASTOR,Final,2004-11-21,19:00,1610612761,TOR,96,1610612759,SAS,91,,,,False
2004-2005,2005,0020400137,20041121/PHXLAC,Final,2004-11-21,21:30,1610612746,LAC,111,1610612756,PHX,122,,,,False
2004-2005,2005,0020400138,20041121/SEABOS,Final,2004-11-22,00:00,1610612738,BOS,102,1610612760,SEA,83,,,,False
2004-2005,2005,0020400139,20041121/PHIMIA,Final,2004-11-22,00:00,1610612748,MIA,93,1610612755,PHI,83,,,,False
2004-2005,2005,0020400140,20041121/CHADET,Final/OT2,2004-11-22,00:00,1610612765,DET,117,1610612766,CHA,116,,,,False
2004-2005,2005,0020400141,20041121/CLENYK,Final,2004-11-22,01:30,1610612752,NYK,98,1610612739,CLE,88,,,,False
2004-2005,2005,0020400142,20041121/HOUPOR,Final,2004-11-22,02:00,1610612757,POR,93,1610612745,HOU,97,,,,False
2004-2005,2005,0020400143,20041121/DALDEN,Final,2004-11-22,03:00,1610612743,DEN,110,1610612742,DAL,84,,,,False
2004-2005,2005,0020400144,20041121/MILSAC,Final,2004-11-22,03:00,1610612758,SAC,88,1610612749,MIL,79,,,,False
2004-2005,2005,0020400145,20041121/CHILAL,Final,2004-11-22,03:30,1610612747,LAL,102,1610612741,CHI,93,,,,False
2004-2005,2005,0020400146,20041122/SASMEM,Final,2004-11-23,02:00,1610612763,MEM,93,1610612759,SAS,90,,,,False
2004-2005,2005,0020400147,20041122/MINDAL,Final,2004-11-23,02:30,1610612742,DAL,82,1610612750,MIN,83,,,,False
2004-2005,2005,0020400148,20041122/NOHUTA,Final,2004-11-23,03:00,1610612762,UTA,75,1610612740,NOH,76,,,,False
2004-2005,2005,0020400149,20041122/CHIPHX,Final,2004-11-23,03:00,1610612756,PHX,100,1610612741,CHI,82,,,,False
2004-2005,2005,0020400150,20041123/TORWAS,Final,2004-11-24,01:00,1610612764,WAS,102,1610612761,TOR,86,,,,False
2004-2005,2005,0020400151,20041123/DETCHA,Final,2004-11-24,01:00,1610612766,CHA,91,1610612765,DET,89,,,,False
2004-2005,2005,0020400152,20041123/BOSIND,Final,2004-11-24,01:00,1610612754,IND,106,1610612738,BOS,96,,,,False
2004-2005,2005,0020400153,20041123/ATLNYK,Final,2004-11-24,01:30,1610612752,NYK,104,1610612737,ATL,88,,,,False
2004-2005,2005,0020400154,20041123/PORMIA,Final,2004-11-24,01:30,1610612748,MIA,87,1610612757,POR,99,,,,False
2004-2005,2005,0020400155,20041123/SEAMIN,Final,2004-11-24,02:00,1610612750,MIN,92,1610612760,SEA,103,,,,False
2004-2005,2005,0020400156,20041123/NJNDEN,Final,2004-11-24,03:00,1610612743,DEN,90,1610612751,NJN,88,,,,False
2004-2005,2005,0020400157,20041123/HOUSAC,Final,2004-11-24,04:00,1610612758,SAC,102,1610612745,HOU,96,,,,False
2004-2005,2005,0020400158,20041123/MILLAL,Final,2004-11-24,04:30,1610612747,LAL,100,1610612749,MIL,96,,,,False
2004-2005,2005,0020400159,20041123/NOHGSW,Final/OT3,2004-11-24,04:30,1610612744,GSW,115,1610612740,NOH,109,,,,False
2004-2005,2005,0020400160,20041124/NYKTOR,Final,2004-11-25,01:00,1610612761,TOR,114,1610612752,NYK,91,,,,False
2004-2005,2005,0020400161,20041124/BOSPHI,Final,2004-11-25,01:00,1610612755,PHI,110,1610612738,BOS,97,,,,False
2004-2005,2005,0020400162,20041124/PORORL,Final,2004-11-25,01:00,1610612753,ORL,83,1610612757,POR,89,,,,False
2004-2005,2005,0020400163,20041124/DETCLE,Final,2004-11-25,01:00,1610612739,CLE,92,1610612765,DET,76,,,,False
2004-2005,2005,0020400164,20041124/MIAATL,Final,2004-11-25,01:30,1610612737,ATL,93,1610612748,MIA,99,,,,False
2004-2005,2005,0020400165,20041124/SEAMEM,Final,2004-11-25,02:00,1610612763,MEM,84,1610612760,SEA,93,,,,False
2004-2005,2005,0020400166,20041124/DALSAS,Final,2004-11-25,02:30,1610612759,SAS,94,1610612742,DAL,80,,,,False
2004-2005,2005,0020400167,20041124/CHIUTA,Final,2004-11-25,03:00,1610612762,UTA,99,1610612741,CHI,101,,,,False
2004-2005,2005,0020400168,20041124/MILPHX,Final,2004-11-25,03:00,1610612756,PHX,111,1610612749,MIL,104,,,,False
2004-2005,2005,0020400169,20041125/MININD,Final,2004-11-26,02:00,1610612754,IND,106,1610612750,MIN,102,,,,False
2004-2005,2005,0020400170,20041125/NJNLAC,Final,2004-11-26,04:30,1610612746,LAC,101,1610612751,NJN,88,,,,False
2004-2005,2005,0020400171,20041126/PORDAL,Final,2004-11-26,19:00,1610612742,DAL,92,1610612757,POR,83,,,,False
2004-2005,2005,0020400172,20041126/CLEBOS,Final,2004-11-27,01:30,1610612738,BOS,96,1610612739,CLE,98,,,,False
2004-2005,2005,0020400173,20041126/WASPHI,Final/OT,2004-11-26,19:00,1610612755,PHI,116,1610612764,WAS,114,,,,False
2004-2005,2005,0020400174,20041126/ORLATL,Final,2004-11-27,01:30,1610612737,ATL,99,1610612753,ORL,117,,,,False
2004-2005,2005,0020400175,20041126/MIADET,Final,2004-11-27,02:00,1610612765,DET,78,1610612748,MIA,77,,,,False
2004-2005,2005,0020400176,20041126/CHAIND,Final,2004-11-27,02:00,1610612754,IND,82,1610612766,CHA,77,,,,False
2004-2005,2005,0020400177,20041126/MEMMIN,Final,2004-11-27,02:00,1610612750,MIN,115,1610612763,MEM,90,,,,False
2004-2005,2005,0020400178,20041126/SASDEN,Final,2004-11-27,03:00,1610612743,DEN,75,1610612759,SAS,89,,,,False
2004-2005,2005,0020400179,20041126/HOUUTA,Final,2004-11-27,03:00,1610612762,UTA,90,1610612745,HOU,80,,,,False
2004-2005,2005,0020400180,20041126/NOHPHX,Final,2004-11-27,03:00,1610612756,PHX,95,1610612740,NOH,86,,,,False
2004-2005,2005,0020400181,20041126/SACLAL,Final,2004-11-27,04:30,1610612747,LAL,106,1610612758,SAC,109,,,,False
2004-2005,2005,0020400182,20041126/LACGSW,Final,2004-11-27,04:30,1610612744,GSW,87,1610612746,LAC,98,,,,False
2004-2005,2005,0020400183,20041126/NJNSEA,Final,2004-11-27,04:30,1610612760,SEA,92,1610612751,NJN,79,,,,False
2004-2005,2005,0020400184,20041127/TORNYK,Final,2004-11-27,19:00,1610612752,NYK,108,1610612761,TOR,102,,,,False
2004-2005,2005,0020400185,20041127/ATLCHA,Final,2004-11-28,01:00,1610612766,CHA,107,1610612737,ATL,92,,,,False
2004-2005,2005,0020400186,20041127/PHIORL,Final,2004-11-28,01:00,1610612753,ORL,105,1610612755,PHI,99,,,,False
2004-2005,2005,0020400187,20041127/CHICLE,Final,2004-11-28,01:30,1610612739,CLE,96,1610612741,CHI,74,,,,False
2004-2005,2005,0020400188,20041127/DALMEM,Final,2004-11-28,02:00,1610612763,MEM,85,1610612742,DAL,98,,,,False
2004-2005,2005,0020400189,20041127/DENHOU,Final,2004-11-28,02:30,1610612745,HOU,76,1610612743,DEN,82,,,,False
2004-2005,2005,0020400190,20041127/UTASAS,Final,2004-11-28,02:30,1610612759,SAS,109,1610612762,UTA,76,,,,False
2004-2005,2005,0020400191,20041127/DETMIL,Final,2004-11-28,03:00,1610612749,MIL,96,1610612765,DET,90,,,,False
2004-2005,2005,0020400192,20041128/WASTOR,Final/OT,2004-11-28,21:00,1610612761,TOR,109,1610612764,WAS,114,,,,False
2004-2005,2005,0020400193,20041128/GSWLAC,Final,2004-11-28,21:30,1610612746,LAC,103,1610612744,GSW,91,,,,False
2004-2005,2005,0020400194,20041128/BOSMIA,Final,2004-11-29,00:00,1610612748,MIA,106,1610612738,BOS,104,,,,False
2004-2005,2005,0020400195,20041128/NJNPOR,Final,2004-11-29,00:00,1610612757,POR,83,1610612751,NJN,71,,,,False
2004-2005,2005,0020400196,20041128/MINSAC,Final,2004-11-29,03:00,1610612758,SAC,110,1610612750,MIN,121,,,,False
2004-2005,2005,0020400197,20041128/INDSEA,Final,2004-11-29,03:00,1610612760,SEA,103,1610612754,IND,95,,,,False
2004-2005,2005,0020400198,20041128/NOHLAL,Final,2004-11-29,03:30,1610612747,LAL,89,1610612740,NOH,76,,,,False
2004-2005,2005,0020400199,20041129/BOSORL,Final,2004-11-30,01:00,1610612753,ORL,101,1610612738,BOS,117,,,,False
2004-2005,2005,0020400200,20041129/NOHDEN,Final,2004-11-30,03:00,1610612743,DEN,76,1610612740,NOH,67,,,,False
2004-2005,2005,0020400201,20041129/CLELAC,Final,2004-11-30,04:30,1610612746,LAC,94,1610612739,CLE,82,,,,False
2004-2005,2005,0020400202,20041130/CHANJN,Final,2004-12-01,01:30,1610612751,NJN,99,1610612766,CHA,86,,,,False
2004-2005,2005,0020400203,20041130/NYKATL,Final/OT,2004-12-01,01:30,1610612737,ATL,109,1610612752,NYK,111,,,,False
2004-2005,2005,0020400204,20041130/TORMIA,Final,2004-12-01,01:30,1610612748,MIA,92,1610612761,TOR,94,,,,False
2004-2005,2005,0020400205,20041130/LALMIL,Final,2004-12-01,02:00,1610612749,MIL,90,1610612747,LAL,95,,,,False
2004-2005,2005,0020400206,20041130/SACMEM,Final,2004-12-01,02:00,1610612763,MEM,93,1610612758,SAC,98,,,,False
2004-2005,2005,0020400207,20041130/DETHOU,Final,2004-12-01,02:30,1610612745,HOU,72,1610612765,DET,93,,,,False
2004-2005,2005,0020400208,20041130/SASDAL,Final,2004-12-01,02:30,1610612742,DAL,89,1610612759,SAS,107,,,,False
2004-2005,2005,0020400209,20041130/PHXUTA,Final,2004-12-01,03:00,1610612762,UTA,102,1610612756,PHX,115,,,,False
2004-2005,2005,0020400210,20041130/SEAPOR,Final,2004-12-01,04:00,1610612757,POR,100,1610612760,SEA,94,,,,False
2004-2005,2005,0020400211,20041201/MILBOS,Final,2004-12-02,01:00,1610612738,BOS,101,1610612749,MIL,100,,,,False
2004-2005,2005,0020400212,20041201/NJNWAS,Final,2004-12-02,01:00,1610612764,WAS,95,1610612751,NJN,68,,,,False
2004-2005,2005,0020400213,20041201/TORORL,Final,2004-12-02,01:00,1610612753,ORL,129,1610612761,TOR,108,,,,False
2004-2005,2005,0020400214,20041201/MEMNYK,Final,2004-12-02,01:30,1610612752,NYK,90,1610612763,MEM,85,,,,False
2004-2005,2005,0020400215,20041201/SACNOH,Final,2004-12-02,02:00,1610612740,NOH,81,1610612758,SAC,94,,,,False
2004-2005,2005,0020400216,20041201/LALCHI,Final,2004-12-02,02:30,1610612741,CHI,92,1610612747,LAL,84,,,,False
2004-2005,2005,0020400217,20041201/PHISAS,Final,2004-12-02,02:30,1610612759,SAS,105,1610612755,PHI,72,,,,False
2004-2005,2005,0020400218,20041201/CLEPHX,Final,2004-12-02,03:00,1610612756,PHX,120,1610612739,CLE,101,,,,False
2004-2005,2005,0020400219,20041201/UTASEA,Final/OT,2004-12-02,04:00,1610612760,SEA,129,1610612762,UTA,119,,,,False
2004-2005,2005,0020400220,20041201/INDLAC,Final,2004-12-02,04:30,1610612746,LAC,88,1610612754,IND,76,,,,False
2004-2005,2005,0020400221,20041201/MINGSW,Final,2004-12-02,04:30,1610612744,GSW,99,1610612750,MIN,107,,,,False
2004-2005,2005,0020400222,20041202/HOUDAL,Final/OT,2004-12-03,02:00,1610612742,DAL,113,1610612745,HOU,106,,,,False
2004-2005,2005,0020400223,20041202/CLEDEN,Final,2004-12-03,04:30,1610612743,DEN,73,1610612739,CLE,92,,,,False
2004-2005,2005,0020400224,20041203/TORBOS,Final,2004-12-04,01:30,1610612738,BOS,91,1610612761,TOR,89,,,,False
2004-2005,2005,0020400225,20041203/ORLNYK,Final,2004-12-04,01:30,1610612752,NYK,98,1610612753,ORL,104,,,,False
2004-2005,2005,0020400226,20041203/WASATL,Final,2004-12-04,01:30,1610612737,ATL,90,1610612764,WAS,114,,,,False
2004-2005,2005,0020400227,20041203/PHIMEM,Final,2004-12-04,02:00,1610612763,MEM,94,1610612755,PHI,86,,,,False
2004-2005,2005,0020400228,20041203/DETSAS,Final,2004-12-04,02:00,1610612759,SAS,80,1610612765,DET,77,,,,False
2004-2005,2005,0020400229,20041203/MIACHI,Final,2004-12-04,02:30,1610612741,CHI,81,1610612748,MIA,105,,,,False
2004-2005,2005,0020400230,20041203/MINPHX,Final,2004-12-04,03:00,1610612756,PHX,93,1610612750,MIN,97,,,,False
2004-2005,2005,0020400231,20041203/GSWLAL,Final,2004-12-04,04:30,1610612747,LAL,97,1610612744,GSW,88,,,,False
2004-2005,2005,0020400232,20041203/INDSAC,Final,2004-12-04,04:30,1610612758,SAC,113,1610612754,IND,87,,,,False
2004-2005,2005,0020400233,20041204/NYKCHA,Final,2004-12-05,01:00,1610612766,CHA,107,1610612752,NYK,101,,,,False
2004-2005,2005,0020400234,20041204/MEMORL,Final,2004-12-05,01:00,1610612753,ORL,96,1610612763,MEM,91,,,,False
2004-2005,2005,0020400235,20041204/ATLNJN,Final,2004-12-05,01:30,1610612751,NJN,109,1610612737,ATL,88,,,,False
2004-2005,2005,0020400236,20041204/TORCLE,Final,2004-12-05,01:30,1610612739,CLE,105,1610612761,TOR,97,,,,False
2004-2005,2005,0020400237,20041204/CHIWAS,Final,2004-12-05,02:00,1610612764,WAS,95,1610612741,CHI,88,,,,False
2004-2005,2005,0020400238,20041204/DETNOH,Final,2004-12-05,02:00,1610612740,NOH,69,1610612765,DET,92,,,,False
2004-2005,2005,0020400239,20041204/SASMIL,Final,2004-12-05,02:30,1610612749,MIL,83,1610612759,SAS,104,,,,False
2004-2005,2005,0020400240,20041204/PHIHOU,Final,2004-12-05,02:30,1610612745,HOU,77,1610612755,PHI,76,,,,False
2004-2005,2005,0020400241,20041204/UTADAL,Final,2004-12-05,02:30,1610612742,DAL,109,1610612762,UTA,86,,,,False
2004-2005,2005,0020400242,20041204/MIADEN,Final,2004-12-05,03:00,1610612743,DEN,104,1610612748,MIA,95,,,,False
2004-2005,2005,0020400243,20041204/MINLAC,Final/OT,2004-12-05,04:30,1610612746,LAC,100,1610612750,MIN,107,,,,False
2004-2005,2005,0020400244,20041204/INDGSW,Final,2004-12-05,04:30,1610612744,GSW,104,1610612754,IND,96,,,,False
2004-2005,2005,0020400245,20041204/PORSEA,Final,2004-12-05,04:30,1610612760,SEA,99,1610612757,POR,89,,,,False
2004-2005,2005,0020400246,20041205/BOSSAC,Final,2004-12-06,03:00,1610612758,SAC,119,1610612738,BOS,105,,,,False
2004-2005,2005,0020400247,20041205/PHXPOR,Final,2004-12-06,03:00,1610612757,POR,99,1610612756,PHX,121,,,,False
2004-2005,2005,0020400248,20041206/TORNJN,Final,2004-12-07,01:30,1610612751,NJN,88,1610612761,TOR,86,,,,False
2004-2005,2005,0020400249,20041206/PHIATL,Final,2004-12-07,01:30,1610612737,ATL,96,1610612755,PHI,92,,,,False
2004-2005,2005,0020400250,20041206/SASCHI,Final,2004-12-07,02:30,1610612741,CHI,75,1610612759,SAS,91,,,,False
2004-2005,2005,0020400251,20041206/DETDAL,Final,2004-12-07,02:30,1610612742,DAL,85,1610612765,DET,101,,,,False
2004-2005,2005,0020400252,20041206/ORLDEN,Final,2004-12-07,03:00,1610612743,DEN,115,1610612753,ORL,102,,,,False
2004-2005,2005,0020400253,20041206/MIAUTA,Final,2004-12-07,03:00,1610612762,UTA,80,1610612748,MIA,100,,,,False
2004-2005,2005,0020400254,20041206/CHALAC,Final/OT2,2004-12-07,04:30,1610612746,LAC,99,1610612766,CHA,93,,,,False
2004-2005,2005,0020400255,20041206/BOSGSW,Final,2004-12-07,04:30,1610612744,GSW,110,1610612738,BOS,106,,,,False
2004-2005,2005,0020400256,20041207/NJNCLE,Final,2004-12-08,01:00,1610612739,CLE,103,1610612751,NJN,97,,,,False
2004-2005,2005,0020400257,20041207/MILIND,Final,2004-12-08,01:00,1610612754,IND,86,1610612749,MIL,89,,,,False
2004-2005,2005,0020400258,20041207/NYKMEM,Final,2004-12-08,02:00,1610612763,MEM,96,1610612752,NYK,88,,,,False
2004-2005,2005,0020400259,20041207/DALMIN,Final,2004-12-08,02:00,1610612750,MIN,87,1610612742,DAL,97,,,,False
2004-2005,2005,0020400260,20041207/NOHHOU,Final,2004-12-08,02:30,1610612745,HOU,89,1610612740,NOH,81,,,,False
2004-2005,2005,0020400261,20041207/GSWPHX,Final,2004-12-08,03:00,1610612756,PHX,118,1610612744,GSW,104,,,,False
2004-2005,2005,0020400262,20041207/CHASAC,Final,2004-12-08,04:00,1610612758,SAC,109,1610612766,CHA,92,,,,False
2004-2005,2005,0020400263,20041208/MINPHI,Final,2004-12-09,01:00,1610612755,PHI,84,1610612750,MIN,119,,,,False
2004-2005,2005,0020400264,20041208/DENWAS,Final,2004-12-09,01:00,1610612764,WAS,105,1610612743,DEN,111,,,,False
2004-2005,2005,0020400265,20041208/MEMATL,Final,2004-12-09,01:30,1610612737,ATL,89,1610612763,MEM,97,,,,False
2004-2005,2005,0020400266,20041208/TORDET,Final/OT,2004-12-09,01:30,1610612765,DET,90,1610612761,TOR,86,,,,False
2004-2005,2005,0020400267,20041208/MIAMIL,Final,2004-12-09,02:00,1610612749,MIL,96,1610612748,MIA,101,,,,False
2004-2005,2005,0020400268,20041208/NYKNOH,Final,2004-12-09,02:00,1610612740,NOH,79,1610612752,NYK,86,,,,False
2004-2005,2005,0020400269,20041208/CLECHI,Final,2004-12-09,02:30,1610612741,CHI,113,1610612739,CLE,85,,,,False
2004-2005,2005,0020400270,20041208/SEASAS,Final,2004-12-09,02:30,1610612759,SAS,96,1610612760,SEA,102,,,,False
2004-2005,2005,0020400271,20041208/ORLUTA,Final,2004-12-09,03:00,1610612762,UTA,100,1610612753,ORL,106,,,,False
2004-2005,2005,0020400272,20041208/PHXLAL,Final,2004-12-09,04:30,1610612747,LAL,110,1610612756,PHX,113,,,,False
2004-2005,2005,0020400273,20041209/SASHOU,Final,2004-12-10,02:00,1610612745,HOU,81,1610612759,SAS,80,,,,False
2004-2005,2005,0020400274,20041209/SEADAL,Final,2004-12-10,02:30,1610612742,DAL,102,1610612760,SEA,107,,,,False
2004-2005,2005,0020400275,20041209/BOSPOR,Final,2004-12-10,04:30,1610612757,POR,89,1610612738,BOS,87,,,,False
2004-2005,2005,0020400276,20041210/DENTOR,Final,2004-12-11,01:00,1610612761,TOR,87,1610612743,DEN,101,,,,False
2004-2005,2005,0020400277,20041210/NYKWAS,Final,2004-12-11,01:00,1610612764,WAS,106,1610612752,NYK,104,,,,False
2004-2005,2005,0020400278,20041210/NOHNJN,Final/OT,2004-12-11,01:30,1610612751,NJN,94,1610612740,NOH,91,,,,False
2004-2005,2005,0020400279,20041210/MEMMIA,Final,2004-12-11,01:30,1610612748,MIA,92,1610612763,MEM,84,,,,False
2004-2005,2005,0020400280,20041210/ATLDET,Final,2004-12-11,02:00,1610612765,DET,72,1610612737,ATL,88,,,,False
2004-2005,2005,0020400281,20041210/PHICHI,Final,2004-12-11,02:00,1610612741,CHI,88,1610612755,PHI,93,,,,False
2004-2005,2005,0020400282,20041210/SACMIN,Final,2004-12-11,02:00,1610612750,MIN,113,1610612758,SAC,105,,,,False
2004-2005,2005,0020400283,20041210/INDMIL,Final,2004-12-11,02:30,1610612749,MIL,95,1610612754,IND,86,,,,False
2004-2005,2005,0020400284,20041210/CHAPHX,Final,2004-12-11,03:00,1610612756,PHX,115,1610612766,CHA,106,,,,False
2004-2005,2005,0020400285,20041210/PORUTA,Final/OT,2004-12-11,04:30,1610612762,UTA,92,1610612757,POR,87,,,,False
2004-2005,2005,0020400286,20041210/ORLGSW,Final,2004-12-11,04:30,1610612744,GSW,109,1610612753,ORL,113,,,,False
2004-2005,2005,0020400287,20041211/NJNATL,Final,2004-12-12,01:00,1610612737,ATL,90,1610612751,NJN,95,,,,False
2004-2005,2005,0020400288,20041211/SACIND,Final/OT,2004-12-12,02:00,1610612754,IND,92,1610612758,SAC,97,,,,False
2004-2005,2005,0020400289,20041211/DETMEM,Final,2004-12-12,02:00,1610612763,MEM,72,1610612765,DET,68,,,,False
2004-2005,2005,0020400290,20041211/MINCHI,Final,2004-12-12,02:30,1610612741,CHI,99,1610612750,MIN,88,,,,False
2004-2005,2005,0020400291,20041211/DALHOU,Final,2004-12-12,02:30,1610612745,HOU,78,1610612742,DAL,102,,,,False
2004-2005,2005,0020400292,20041211/CLESAS,Final,2004-12-12,02:30,1610612759,SAS,116,1610612739,CLE,97,,,,False
2004-2005,2005,0020400293,20041211/BOSSEA,Final,2004-12-12,04:00,1610612760,SEA,84,1610612738,BOS,98,,,,False
2004-2005,2005,0020400294,20041211/LALLAC,Final,2004-12-12,04:30,1610612746,LAC,87,1610612747,LAL,89,,,,False
2004-2005,2005,0020400295,20041212/DENNYK,Final,2004-12-12,18:00,1610612752,NYK,107,1610612743,DEN,96,,,,False
2004-2005,2005,0020400296,20041212/MIATOR,Final,2004-12-12,19:00,1610612761,TOR,98,1610612748,MIA,106,,,,False
2004-2005,2005,0020400297,20041212/NOHWAS,Final,2004-12-12,19:00,1610612764,WAS,88,1610612740,NOH,69,,,,False
2004-2005,2005,0020400298,20041212/MILPHI,Final,2004-12-12,20:00,1610612755,PHI,107,1610612749,MIL,101,,,,False
2004-2005,2005,0020400299,20041212/UTAPOR,Final,2004-12-13,02:00,1610612757,POR,98,1610612762,UTA,88,,,,False
2004-2005,2005,0020400300,20041212/CHAGSW,Final,2004-12-13,03:00,1610612744,GSW,99,1610612766,CHA,87,,,,False
2004-2005,2005,0020400301,20041212/ORLLAL,Final,2004-12-13,03:30,1610612747,LAL,105,1610612753,ORL,98,,,,False
2004-2005,2005,0020400302,20041213/WASMIA,Final,2004-12-14,01:30,1610612748,MIA,106,1610612764,WAS,83,,,,False
2004-2005,2005,0020400303,20041213/CLEMEM,Final,2004-12-14,02:00,1610612763,MEM,86,1610612739,CLE,92,,,,False
2004-2005,2005,0020400304,20041213/DALCHI,Final,2004-12-14,02:30,1610612741,CHI,93,1610612742,DAL,94,,,,False
2004-2005,2005,0020400305,20041213/ORLPHX,Final,2004-12-14,03:00,1610612756,PHX,121,1610612753,ORL,100,,,,False
2004-2005,2005,0020400306,20041213/BOSLAC,Final/OT2,2004-12-14,04:30,1610612746,LAC,127,1610612738,BOS,134,,,,False
2004-2005,2005,0020400307,20041214/DENPHI,Final,2004-12-15,01:00,1610612755,PHI,110,1610612743,DEN,102,,,,False
2004-2005,2005,0020400308,20041214/NOHCHA,Final/OT,2004-12-15,01:00,1610612766,CHA,94,1610612740,NOH,93,,,,False
2004-2005,2005,0020400309,20041214/NYKNJN,Final,2004-12-15,01:30,1610612751,NJN,79,1610612752,NYK,87,,,,False
2004-2005,2005,0020400310,20041214/INDATL,Final/OT,2004-12-15,01:30,1610612737,ATL,97,1610612754,IND,108,,,,False
2004-2005,2005,0020400311,20041214/SACMIL,Final,2004-12-15,02:00,1610612749,MIL,86,1610612758,SAC,89,,,,False
2004-2005,2005,0020400312,20041214/PORMIN,Final,2004-12-15,02:00,1610612750,MIN,100,1610612757,POR,89,,,,False
2004-2005,2005,0020400313,20041214/GSWDAL,Final,2004-12-15,02:30,1610612742,DAL,107,1610612744,GSW,111,,,,False
2004-2005,2005,0020400314,20041214/LACUTA,Final,2004-12-15,03:00,1610612762,UTA,93,1610612746,LAC,91,,,,False
2004-2005,2005,0020400315,20041214/LALSEA,Final,2004-12-15,04:00,1610612760,SEA,108,1610612747,LAL,93,,,,False
2004-2005,2005,0020400316,20041215/DENBOS,Final,2004-12-16,01:00,1610612738,BOS,99,1610612743,DEN,100,,,,False
2004-2005,2005,0020400317,20041215/MINTOR,Final,2004-12-16,01:00,1610612761,TOR,96,1610612750,MIN,90,,,,False
2004-2005,2005,0020400318,20041215/MIAWAS,Final,2004-12-16,01:00,1610612764,WAS,93,1610612748,MIA,98,,,,False
2004-2005,2005,0020400319,20041215/PORCLE,Final,2004-12-16,01:00,1610612739,CLE,112,1610612757,POR,88,,,,False
2004-2005,2005,0020400320,20041215/DETNYK,Final,2004-12-16,02:00,1610612752,NYK,93,1610612765,DET,94,,,,False
2004-2005,2005,0020400321,20041215/CHIMEM,Final,2004-12-16,02:00,1610612763,MEM,88,1610612741,CHI,96,,,,False
2004-2005,2005,0020400322,20041215/GSWNOH,Final,2004-12-16,02:00,1610612740,NOH,98,1610612744,GSW,89,,,,False
2004-2005,2005,0020400323,20041215/ATLHOU,Final,2004-12-16,02:30,1610612745,HOU,92,1610612737,ATL,69,,,,False
2004-2005,2005,0020400324,20041215/ORLSAS,Final,2004-12-16,02:30,1610612759,SAS,94,1610612753,ORL,91,,,,False
2004-2005,2005,0020400325,20041215/UTAPHX,Final,2004-12-16,04:30,1610612756,PHX,108,1610612762,UTA,86,,,,False
2004-2005,2005,0020400326,20041216/CLEDET,Final,2004-12-17,02:00,1610612765,DET,81,1610612739,CLE,69,,,,False
2004-2005,2005,0020400327,20041216/MILCHI,Final,2004-12-17,02:30,1610612741,CHI,85,1610612749,MIL,77,,,,False
2004-2005,2005,0020400328,20041216/LALSAC,Final,2004-12-17,04:30,1610612758,SAC,99,1610612747,LAL,115,,,,False
2004-2005,2005,0020400329,20041217/NYKPHI,Final/OT,2004-12-18,01:00,1610612755,PHI,107,1610612752,NYK,113,,,,False
2004-2005,2005,0020400330,20041217/TORIND,Final,2004-12-18,01:00,1610612754,IND,89,1610612761,TOR,86,,,,False
2004-2005,2005,0020400331,20041217/UTABOS,Final,2004-12-18,01:30,1610612738,BOS,114,1610612762,UTA,106,,,,False
2004-2005,2005,0020400332,20041217/PORATL,Final,2004-12-18,01:30,1610612737,ATL,84,1610612757,POR,100,,,,False
2004-2005,2005,0020400333,20041217/DENMIA,Final,2004-12-18,02:00,1610612748,MIA,107,1610612743,DEN,100,,,,False
2004-2005,2005,0020400334,20041217/NJNMEM,Final,2004-12-18,02:00,1610612763,MEM,89,1610612751,NJN,84,,,,False
2004-2005,2005,0020400335,20041217/SASNOH,Final,2004-12-18,02:00,1610612740,NOH,67,1610612759,SAS,83,,,,False
2004-2005,2005,0020400336,20041217/LACMIN,Final,2004-12-18,02:00,1610612750,MIN,113,1610612746,LAC,86,,,,False
2004-2005,2005,0020400337,20041217/GSWHOU,Final,2004-12-18,02:30,1610612745,HOU,100,1610612744,GSW,83,,,,False
2004-2005,2005,0020400338,20041217/WASLAL,Final/OT,2004-12-18,04:30,1610612747,LAL,116,1610612764,WAS,120,,,,False
2004-2005,2005,0020400339,20041217/PHXSEA,Final,2004-12-18,04:30,1610612760,SEA,110,1610612756,PHX,112,,,,False
2004-2005,2005,0020400340,20041218/HOUCHA,Final/OT,2004-12-19,01:00,1610612766,CHA,101,1610612745,HOU,100,,,,False
2004-2005,2005,0020400341,20041218/DENORL,Final,2004-12-19,01:00,1610612753,ORL,117,1610612743,DEN,95,,,,False
2004-2005,2005,0020400342,20041218/PORDET,Final,2004-12-19,01:30,1610612765,DET,74,1610612757,POR,75,,,,False
2004-2005,2005,0020400343,20041218/BOSCLE,Final/OT,2004-12-19,01:30,1610612739,CLE,107,1610612738,BOS,114,,,,False
2004-2005,2005,0020400344,20041218/INDCHI,Final,2004-12-19,02:30,1610612741,CHI,85,1610612754,IND,71,,,,False
2004-2005,2005,0020400345,20041218/PHIMIL,Final,2004-12-19,02:30,1610612749,MIL,97,1610612755,PHI,116,,,,False
2004-2005,2005,0020400346,20041218/ATLDAL,Final,2004-12-19,02:30,1610612742,DAL,89,1610612737,ATL,68,,,,False
2004-2005,2005,0020400347,20041218/GSWSAS,Final,2004-12-19,02:30,1610612759,SAS,104,1610612744,GSW,85,,,,False
2004-2005,2005,0020400348,20041218/WASPHX,Final,2004-12-19,03:00,1610612756,PHX,110,1610612764,WAS,96,,,,False
2004-2005,2005,0020400349,20041219/NJNTOR,Final,2004-12-19,21:00,1610612761,TOR,110,1610612751,NJN,99,,,,False
2004-2005,2005,0020400350,20041219/UTANYK,Final,2004-12-19,21:00,1610612752,NYK,94,1610612762,UTA,93,,,,False
2004-2005,2005,0020400351,20041219/ORLMIA,Final,2004-12-20,00:00,1610612748,MIA,117,1610612753,ORL,107,,,,False
2004-2005,2005,0020400352,20041219/NOHSAC,Final,2004-12-20,03:00,1610612758,SAC,107,1610612740,NOH,71,,,,False
2004-2005,2005,0020400353,20041219/MEMLAC,Final,2004-12-20,03:30,1610612746,LAC,82,1610612763,MEM,92,,,,False
2004-2005,2005,0020400354,20041220/UTAPHI,Final,2004-12-21,01:00,1610612755,PHI,101,1610612762,UTA,103,,,,False
2004-2005,2005,0020400355,20041220/PORCHI,Final,2004-12-21,02:30,1610612741,CHI,92,1610612757,POR,87,,,,False
2004-2005,2005,0020400356,20041220/TORHOU,Final,2004-12-21,02:30,1610612745,HOU,114,1610612761,TOR,102,,,,False
2004-2005,2005,0020400357,20041220/PHXDEN,Final,2004-12-21,03:00,1610612743,DEN,105,1610612756,PHX,107,,,,False
2004-2005,2005,0020400358,20041220/MEMLAL,Final,2004-12-21,04:30,1610612747,LAL,72,1610612763,MEM,82,,,,False
2004-2005,2005,0020400359,20041220/WASGSW,Final,2004-12-21,04:30,1610612744,GSW,101,1610612764,WAS,103,,,,False
2004-2005,2005,0020400360,20041221/NJNCHA,Final,2004-12-22,01:00,1610612766,CHA,91,1610612751,NJN,94,,,,False
2004-2005,2005,0020400361,20041221/MINCLE,Final,2004-12-22,01:00,1610612739,CLE,107,1610612750,MIN,97,,,,False
2004-2005,2005,0020400362,20041221/DALNYK,Final,2004-12-22,01:30,1610612752,NYK,94,1610612742,DAL,123,,,,False
2004-2005,2005,0020400363,20041221/BOSMIA,Final,2004-12-22,01:30,1610612748,MIA,108,1610612738,BOS,100,,,,False
2004-2005,2005,0020400364,20041221/WASSAC,Final,2004-12-22,04:00,1610612758,SAC,104,1610612764,WAS,93,,,,False
2004-2005,2005,0020400365,20041221/NOHLAC,Final/OT,2004-12-22,04:30,1610612746,LAC,100,1610612740,NOH,91,,,,False
2004-2005,2005,0020400366,20041222/NYKBOS,Final,2004-12-23,01:00,1610612738,BOS,114,1610612752,NYK,109,,,,False
2004-2005,2005,0020400367,20041222/UTATOR,Final,2004-12-23,01:00,1610612761,TOR,98,1610612762,UTA,86,,,,False
2004-2005,2005,0020400368,20041222/SASORL,Final,2004-12-23,01:00,1610612753,ORL,93,1610612759,SAS,87,,,,False
2004-2005,2005,0020400369,20041222/PHIIND,Final,2004-12-23,01:00,1610612754,IND,90,1610612755,PHI,102,,,,False
2004-2005,2005,0020400370,20041222/CLENJN,Final,2004-12-23,01:30,1610612751,NJN,92,1610612739,CLE,90,,,,False
2004-2005,2005,0020400371,20041222/DALATL,Final,2004-12-23,01:30,1610612737,ATL,113,1610612742,DAL,100,,,,False
2004-2005,2005,0020400372,20041222/CHIDET,Final,2004-12-23,01:30,1610612765,DET,82,1610612741,CHI,89,,,,False
2004-2005,2005,0020400373,20041222/PORMIL,Final,2004-12-23,02:00,1610612749,MIL,95,1610612757,POR,104,,,,False
2004-2005,2005,0020400374,20041222/CHAHOU,Final,2004-12-23,02:30,1610612745,HOU,87,1610612766,CHA,90,,,,False
2004-2005,2005,0020400375,20041222/MEMGSW,Final,2004-12-23,04:00,1610612744,GSW,109,1610612763,MEM,99,,,,False
2004-2005,2005,0020400376,20041222/DENSEA,Final,2004-12-23,04:00,1610612760,SEA,98,1610612743,DEN,83,,,,False
2004-2005,2005,0020400377,20041222/NOHLAL,Final,2004-12-23,04:30,1610612747,LAL,101,1610612740,NOH,89,,,,False
2004-2005,2005,0020400378,20041223/MINSAS,Final,2004-12-24,02:00,1610612759,SAS,96,1610612750,MIN,82,,,,False
2004-2005,2005,0020400379,20041223/MEMPHX,Final,2004-12-24,03:00,1610612756,PHX,109,1610612763,MEM,102,,,,False
2004-2005,2005,0020400380,20041223/MIASAC,Final,2004-12-24,04:30,1610612758,SAC,107,1610612748,MIA,109,,,,False
2004-2005,2005,0020400381,20041225/DETIND,Final,2004-12-25,18:30,1610612754,IND,93,1610612765,DET,98,,,,False
2004-2005,2005,0020400382,20041225/MIALAL,Final/OT,2004-12-25,21:00,1610612747,LAL,102,1610612748,MIA,104,,,,False
2004-2005,2005,0020400383,20041226/CHANYK,Final,2004-12-26,19:00,1610612752,NYK,91,1610612766,CHA,82,,,,False
2004-2005,2005,0020400384,20041226/NOHCLE,Final,2004-12-27,01:00,1610612739,CLE,100,1610612740,NOH,91,,,,False
2004-2005,2005,0020400385,20041226/CHIMIL,Final,2004-12-27,01:00,1610612749,MIL,99,1610612741,CHI,92,,,,False
2004-2005,2005,0020400386,20041226/BOSSAS,Final,2004-12-27,01:00,1610612759,SAS,107,1610612738,BOS,90,,,,False
2004-2005,2005,0020400387,20041226/WASMIN,Final,2004-12-27,02:00,1610612750,MIN,109,1610612764,WAS,74,,,,False
2004-2005,2005,0020400388,20041226/TORPHX,Final,2004-12-27,02:00,1610612756,PHX,106,1610612761,TOR,94,,,,False
2004-2005,2005,0020400389,20041226/LACHOU,Final,2004-12-27,02:30,1610612745,HOU,96,1610612746,LAC,79,,,,False
2004-2005,2005,0020400390,20041226/DALDEN,Final,2004-12-27,03:00,1610612743,DEN,88,1610612742,DAL,102,,,,False
2004-2005,2005,0020400391,20041226/GSWSAC,Final,2004-12-27,03:00,1610612758,SAC,94,1610612744,GSW,98,,,,False
2004-2005,2005,0020400392,20041227/CHAWAS,Final,2004-12-28,01:00,1610612764,WAS,106,1610612766,CHA,87,,,,False
2004-2005,2005,0020400393,20041227/NYKORL,Final,2004-12-28,01:00,1610612753,ORL,111,1610612752,NYK,119,,,,False
2004-2005,2005,0020400394,20041227/NOHIND,Final,2004-12-28,01:00,1610612754,IND,100,1610612740,NOH,82,,,,False
2004-2005,2005,0020400395,20041227/ATLMIA,Final,2004-12-28,01:30,1610612748,MIA,116,1610612737,ATL,102,,,,False
2004-2005,2005,0020400396,20041227/NJNDET,Final/OT,2004-12-28,01:30,1610612765,DET,100,1610612751,NJN,90,,,,False
2004-2005,2005,0020400397,20041227/LACMEM,Final,2004-12-28,02:00,1610612763,MEM,96,1610612746,LAC,76,,,,False
2004-2005,2005,0020400398,20041227/SEAUTA,Final,2004-12-28,03:00,1610612762,UTA,88,1610612760,SEA,98,,,,False
2004-2005,2005,0020400399,20041227/PHIPOR,Final,2004-12-28,04:00,1610612757,POR,104,1610612755,PHI,111,,,,False
2004-2005,2005,0020400400,20041227/DENGSW,Final,2004-12-28,04:30,1610612744,GSW,104,1610612743,DEN,101,,,,False
2004-2005,2005,0020400401,20041228/CLEATL,Final,2004-12-29,01:30,1610612737,ATL,102,1610612739,CLE,111,,,,False
2004-2005,2005,0020400402,20041228/HOUMIL,Final,2004-12-29,02:00,1610612749,MIL,115,1610612745,HOU,87,,,,False
2004-2005,2005,0020400403,20041228/NJNCHI,Final,2004-12-29,02:30,1610612741,CHI,80,1610612751,NJN,84,,,,False
2004-2005,2005,0020400404,20041228/BOSDAL,Final,2004-12-29,02:30,1610612742,DAL,113,1610612738,BOS,94,,,,False
2004-2005,2005,0020400405,20041228/PHXSAS,Final,2004-12-29,02:30,1610612759,SAS,115,1610612756,PHX,94,,,,False
2004-2005,2005,0020400406,20041228/PHISEA,Final,2004-12-29,04:00,1610612760,SEA,107,1610612755,PHI,114,,,,False
2004-2005,2005,0020400407,20041228/TORLAL,Final,2004-12-29,04:30,1610612747,LAL,117,1610612761,TOR,99,,,,False
2004-2005,2005,0020400408,20041229/DETWAS,Final,2004-12-30,01:00,1610612764,WAS,105,1610612765,DET,107,,,,False
2004-2005,2005,0020400409,20041229/INDCHA,Final,2004-12-30,01:00,1610612766,CHA,71,1610612754,IND,74,,,,False
2004-2005,2005,0020400410,20041229/MILORL,Final,2004-12-30,01:00,1610612753,ORL,105,1610612749,MIL,111,,,,False
2004-2005,2005,0020400411,20041229/HOUCLE,Final,2004-12-30,01:00,1610612739,CLE,87,1610612745,HOU,98,,,,False
2004-2005,2005,0020400412,20041229/MINNYK,Final,2004-12-30,01:30,1610612752,NYK,100,1610612750,MIN,87,,,,False
2004-2005,2005,0020400413,20041229/BOSMEM,Final,2004-12-30,02:00,1610612763,MEM,117,1610612738,BOS,109,,,,False
2004-2005,2005,0020400414,20041229/PHXNOH,Final,2004-12-30,02:00,1610612740,NOH,96,1610612756,PHX,107,,,,False
2004-2005,2005,0020400415,20041229/UTALAC,Final,2004-12-30,04:30,1610612746,LAC,101,1610612762,UTA,90,,,,False
2004-2005,2005,0020400416,20041229/TORGSW,Final,2004-12-30,04:30,1610612744,GSW,111,1610612761,TOR,105,,,,False
2004-2005,2005,0020400417,20041230/SEAATL,Final,2004-12-30,20:00,1610612737,ATL,79,1610612760,SEA,94,,,,False
2004-2005,2005,0020400418,20041230/INDNJN,Final,2004-12-31,01:30,1610612751,NJN,83,1610612754,IND,96,,,,False
2004-2005,2005,0020400419,20041230/MIADET,Final,2004-12-31,02:00,1610612765,DET,78,1610612748,MIA,89,,,,False
2004-2005,2005,0020400420,20041230/SASPOR,Final,2004-12-31,04:30,1610612757,POR,80,1610612759,SAS,114,,,,False
2004-2005,2005,0020400421,20041231/WASBOS,Final,2004-12-31,21:00,1610612738,BOS,108,1610612764,WAS,103,,,,False
2004-2005,2005,0020400422,20041231/SEACHA,Final,2005-01-01,01:00,1610612766,CHA,97,1610612760,SEA,103,,,,False
2004-2005,2005,0020400423,20041231/PHIDEN,Final,2005-01-01,02:00,1610612743,DEN,97,1610612755,PHI,92,,,,False
2004-2005,2005,0020400424,20041231/SACUTA,Final,2005-01-01,02:00,1610612762,UTA,102,1610612758,SAC,109,,,,False
2004-2005,2005,0020400425,20041231/SASLAC,Final,2005-01-01,03:30,1610612746,LAC,79,1610612759,SAS,98,,,,False
2004-2005,2005,0020400426,20041231/MILHOU,Final,2005-01-01,04:00,1610612745,HOU,105,1610612749,MIL,90,,,,False
2004-2005,2005,0020400427,20050101/NJNNYK,Final,2005-01-02,01:30,1610612752,NYK,87,1610612751,NJN,93,,,,False
2004-2005,2005,0020400428,20050101/CHAMIA,Final,2005-01-02,01:30,1610612748,MIA,113,1610612766,CHA,90,,,,False
2004-2005,2005,0020400429,20050101/MEMMIN,Final,2005-01-02,02:00,1610612750,MIN,95,1610612763,MEM,104,,,,False
2004-2005,2005,0020400430,20050101/ORLCHI,Final,2005-01-02,02:30,1610612741,CHI,105,1610612753,ORL,90,,,,False
2004-2005,2005,0020400431,20050101/GSWPOR,Final,2005-01-02,04:00,1610612757,POR,97,1610612744,GSW,88,,,,False
2004-2005,2005,0020400432,20050102/ATLWAS,Final,2005-01-02,18:00,1610612764,WAS,104,1610612737,ATL,101,,,,False
2004-2005,2005,0020400433,20050102/PHILAC,Final,2005-01-02,21:30,1610612746,LAC,89,1610612755,PHI,83,,,,False
2004-2005,2005,0020400434,20050102/BOSDET,Final,2005-01-03,00:00,1610612765,DET,100,1610612738,BOS,88,,,,False
2004-2005,2005,0020400435,20050102/PORPHX,Final,2005-01-03,02:00,1610612756,PHX,117,1610612757,POR,98,,,,False
2004-2005,2005,0020400436,20050102/UTAHOU,Final,2005-01-03,02:30,1610612745,HOU,99,1610612762,UTA,80,,,,False
2004-2005,2005,0020400437,20050102/MILDAL,Final,2005-01-03,02:30,1610612742,DAL,123,1610612749,MIL,104,,,,False
2004-2005,2005,0020400438,20050102/SASSAC,Final,2005-01-03,03:00,1610612758,SAC,86,1610612759,SAS,81,,,,False
2004-2005,2005,0020400439,20050102/DENLAL,Final,2005-01-03,03:30,1610612747,LAL,99,1610612743,DEN,91,,,,False
2004-2005,2005,0020400440,20050103/NOHBOS,Final,2005-01-04,01:00,1610612738,BOS,108,1610612740,NOH,90,,,,False
2004-2005,2005,0020400441,20050103/ORLTOR,Final,2005-01-04,01:00,1610612761,TOR,105,1610612753,ORL,94,,,,False
2004-2005,2005,0020400442,20050103/CLECHA,Final,2005-01-04,01:00,1610612766,CHA,83,1610612739,CLE,94,,,,False
2004-2005,2005,0020400443,20050103/SEAMIA,Final,2005-01-04,01:30,1610612748,MIA,96,1610612760,SEA,98,,,,False
2004-2005,2005,0020400444,20050103/UTAMEM,Final,2005-01-04,02:00,1610612763,MEM,92,1610612762,UTA,82,,,,False
2004-2005,2005,0020400445,20050103/DETCHI,Final,2005-01-04,02:30,1610612741,CHI,80,1610612765,DET,87,,,,False
2004-2005,2005,0020400446,20050103/LACDEN,Final,2005-01-04,03:00,1610612743,DEN,98,1610612746,LAC,102,,,,False
2004-2005,2005,0020400447,20050103/PHIGSW,Final,2005-01-04,04:30,1610612744,GSW,104,1610612755,PHI,112,,,,False
2004-2005,2005,0020400448,20050104/NJNWAS,Final,2005-01-05,01:00,1610612764,WAS,112,1610612751,NJN,88,,,,False
2004-2005,2005,0020400449,20050104/MILIND,Final,2005-01-05,01:00,1610612754,IND,116,1610612749,MIL,99,,,,False
2004-2005,2005,0020400450,20050104/SACNYK,Final,2005-01-05,01:30,1610612752,NYK,98,1610612758,SAC,105,,,,False
2004-2005,2005,0020400451,20050104/PHXMIN,Final,2005-01-05,02:00,1610612750,MIN,115,1610612756,PHX,122,,,,False
2004-2005,2005,0020400452,20050104/LALSAS,Final,2005-01-05,02:30,1610612759,SAS,100,1610612747,LAL,83,,,,False
2004-2005,2005,0020400453,20050105/GSWBOS,Final,2005-01-06,01:00,1610612738,BOS,84,1610612744,GSW,83,,,,False
2004-2005,2005,0020400454,20050105/SACTOR,Final,2005-01-06,01:00,1610612761,TOR,96,1610612758,SAC,93,,,,False
2004-2005,2005,0020400455,20050105/MINCHA,Final,2005-01-06,01:00,1610612766,CHA,102,1610612750,MIN,84,,,,False
2004-2005,2005,0020400456,20050105/SEAORL,Final,2005-01-06,01:00,1610612753,ORL,105,1610612760,SEA,87,,,,False
2004-2005,2005,0020400457,20050105/ATLCLE,Final,2005-01-06,01:00,1610612739,CLE,101,1610612737,ATL,85,,,,False
2004-2005,2005,0020400458,20050105/NYKMIA,Final,2005-01-06,01:30,1610612748,MIA,102,1610612752,NYK,94,,,,False
2004-2005,2005,0020400459,20050105/NJNMIL,Final,2005-01-06,02:00,1610612749,MIL,97,1610612751,NJN,74,,,,False
2004-2005,2005,0020400460,20050105/CHINOH,Final,2005-01-06,02:00,1610612740,NOH,89,1610612741,CHI,95,,,,False
2004-2005,2005,0020400461,20050105/LALDAL,Final,2005-01-06,02:30,1610612742,DAL,118,1610612747,LAL,104,,,,False
2004-2005,2005,0020400462,20050105/PHXHOU,Final,2005-01-06,03:00,1610612745,HOU,98,1610612756,PHX,108,,,,False
2004-2005,2005,0020400463,20050105/PHIUTA,Final,2005-01-06,03:00,1610612762,UTA,99,1610612755,PHI,106,,,,False
2004-2005,2005,0020400464,20050105/PORLAC,Final,2005-01-06,04:30,1610612746,LAC,102,1610612757,POR,98,,,,False
2004-2005,2005,0020400465,20050106/SEAWAS,Final,2005-01-07,01:00,1610612764,WAS,107,1610612760,SEA,96,,,,False
2004-2005,2005,0020400466,20050106/MEMDET,Final,2005-01-07,01:30,1610612765,DET,79,1610612763,MEM,101,,,,False
2004-2005,2005,0020400467,20050106/INDSAS,Final,2005-01-07,03:30,1610612759,SAS,111,1610612754,IND,98,,,,False
2004-2005,2005,0020400468,20050107/MILTOR,Final/OT,2005-01-08,01:00,1610612761,TOR,105,1610612749,MIL,107,,,,False
2004-2005,2005,0020400469,20050107/CHAORL,Final,2005-01-08,01:00,1610612753,ORL,111,1610612766,CHA,91,,,,False
2004-2005,2005,0020400470,20050107/DETBOS,Final,2005-01-08,01:30,1610612738,BOS,104,1610612765,DET,110,,,,False
2004-2005,2005,0020400471,20050107/GSWNJN,Final,2005-01-08,01:30,1610612751,NJN,82,1610612744,GSW,72,,,,False
2004-2005,2005,0020400472,20050107/SACATL,Final,2005-01-08,01:30,1610612737,ATL,97,1610612758,SAC,100,,,,False
2004-2005,2005,0020400473,20050107/NOHMEM,Final,2005-01-08,02:00,1610612763,MEM,84,1610612740,NOH,76,,,,False
2004-2005,2005,0020400474,20050107/PHIMIN,Final,2005-01-08,02:00,1610612750,MIN,89,1610612755,PHI,84,,,,False
2004-2005,2005,0020400475,20050107/UTACHI,Final,2005-01-08,02:30,1610612741,CHI,84,1610612762,UTA,78,,,,False
2004-2005,2005,0020400476,20050107/MIAPOR,Final,2005-01-08,04:00,1610612757,POR,92,1610612748,MIA,103,,,,False
2004-2005,2005,0020400477,20050107/HOULAL,Final,2005-01-08,04:30,1610612747,LAL,111,1610612745,HOU,104,,,,False
2004-2005,2005,0020400478,20050108/NYKCLE,Final,2005-01-08,19:30,1610612739,CLE,104,1610612752,NYK,79,,,,False
2004-2005,2005,0020400479,20050108/DENSAS,Final,2005-01-08,19:30,1610612759,SAS,99,1610612743,DEN,90,,,,False
2004-2005,2005,0020400480,20050108/PHXLAC,Final,2005-01-09,04:30,1610612746,LAC,91,1610612756,PHX,108,,,,False
2004-2005,2005,0020400481,20050108/MINWAS,Final,2005-01-09,01:00,1610612764,WAS,117,1610612750,MIN,114,,,,False
2004-2005,2005,0020400482,20050108/NJNORL,Final,2005-01-09,01:00,1610612753,ORL,104,1610612751,NJN,101,,,,False
2004-2005,2005,0020400483,20050108/SACNOH,Final/OT,2005-01-09,02:00,1610612740,NOH,121,1610612758,SAC,117,,,,False
2004-2005,2005,0020400484,20050108/BOSCHI,Final,2005-01-09,02:30,1610612741,CHI,102,1610612738,BOS,91,,,,False
2004-2005,2005,0020400485,20050108/UTAMIL,Final,2005-01-09,02:30,1610612749,MIL,89,1610612762,UTA,86,,,,False
2004-2005,2005,0020400486,20050108/INDDAL,Final,2005-01-09,02:30,1610612742,DAL,121,1610612754,IND,101,,,,False
2004-2005,2005,0020400487,20050109/GSWTOR,Final,2005-01-09,19:00,1610612761,TOR,109,1610612744,GSW,87,,,,False
2004-2005,2005,0020400488,20050109/PORNYK,Final,2005-01-10,01:30,1610612752,NYK,113,1610612757,POR,105,,,,False
2004-2005,2005,0020400489,20050109/INDPHX,Final,2005-01-10,02:00,1610612756,PHX,124,1610612754,IND,89,,,,False
2004-2005,2005,0020400490,20050109/MIASEA,Final,2005-01-10,02:00,1610612760,SEA,108,1610612748,MIA,98,,,,False
2004-2005,2005,0020400491,20050109/HOUDEN,Final,2005-01-10,03:00,1610612743,DEN,98,1610612745,HOU,116,,,,False
2004-2005,2005,0020400492,20050110/ORLBOS,Final,2005-01-11,01:00,1610612738,BOS,119,1610612753,ORL,101,,,,False
2004-2005,2005,0020400493,20050110/PORPHI,Final,2005-01-11,01:00,1610612755,PHI,100,1610612757,POR,109,,,,False
2004-2005,2005,0020400494,20050110/LALMIN,Final,2005-01-11,02:00,1610612750,MIN,96,1610612747,LAL,105,,,,False
2004-2005,2005,0020400495,20050110/GSWCHI,Final,2005-01-11,02:30,1610612741,CHI,94,1610612744,GSW,85,,,,False
2004-2005,2005,0020400496,20050110/SASUTA,Final,2005-01-11,03:00,1610612762,UTA,97,1610612759,SAS,96,,,,False
2004-2005,2005,0020400497,20050111/CHACLE,Final/OT,2005-01-12,01:00,1610612739,CLE,100,1610612766,CHA,98,,,,False
2004-2005,2005,0020400498,20050111/DETNJN,Final,2005-01-12,01:30,1610612751,NJN,80,1610612765,DET,89,,,,False
2004-2005,2005,0020400499,20050111/NOHNYK,Final,2005-01-12,01:30,1610612752,NYK,82,1610612740,NOH,88,,,,False
2004-2005,2005,0020400500,20050111/MILATL,Final,2005-01-12,01:30,1610612737,ATL,103,1610612749,MIL,80,,,,False
2004-2005,2005,0020400501,20050111/INDMEM,Final,2005-01-12,02:00,1610612763,MEM,85,1610612754,IND,86,,,,False
2004-2005,2005,0020400502,20050111/MIAPHX,Final,2005-01-12,03:00,1610612756,PHX,122,1610612748,MIA,107,,,,False
2004-2005,2005,0020400503,20050111/DENSAC,Final,2005-01-12,04:00,1610612758,SAC,109,1610612743,DEN,100,,,,False
2004-2005,2005,0020400504,20050111/LACSEA,Final,2005-01-12,04:00,1610612760,SEA,104,1610612746,LAC,99,,,,False
2004-2005,2005,0020400505,20050112/BOSTOR,Final,2005-01-13,01:00,1610612761,TOR,104,1610612738,BOS,93,,,,False
2004-2005,2005,0020400506,20050112/PORWAS,Final,2005-01-13,01:00,1610612764,WAS,104,1610612757,POR,100,,,,False
2004-2005,2005,0020400507,20050112/NOHDET,Final,2005-01-13,01:30,1610612765,DET,90,1610612740,NOH,76,,,,False
2004-2005,2005,0020400508,20050112/ORLMIN,Final,2005-01-13,02:00,1610612750,MIN,80,1610612753,ORL,87,,,,False
2004-2005,2005,0020400509,20050112/PHICHI,Final,2005-01-13,02:30,1610612741,CHI,110,1610612755,PHI,78,,,,False
2004-2005,2005,0020400510,20050112/MILSAS,Final,2005-01-13,02:30,1610612759,SAS,94,1610612749,MIL,79,,,,False
2004-2005,2005,0020400511,20050112/HOUDAL,Final,2005-01-13,03:00,1610612742,DAL,114,1610612745,HOU,124,,,,False
2004-2005,2005,0020400512,20050112/LALDEN,Final,2005-01-13,03:00,1610612743,DEN,95,1610612747,LAL,83,,,,False
2004-2005,2005,0020400513,20050112/PHXUTA,Final,2005-01-13,03:00,1610612762,UTA,115,1610612756,PHX,108,,,,False
2004-2005,2005,0020400514,20050112/SEALAC,Final,2005-01-13,04:30,1610612746,LAC,103,1610612760,SEA,92,,,,False
2004-2005,2005,0020400515,20050112/MIAGSW,Final,2005-01-13,04:30,1610612744,GSW,91,1610612748,MIA,98,,,,False
2004-2005,2005,0020400516,20050113/NJNHOU,Final/OT,2005-01-14,02:00,1610612745,HOU,94,1610612751,NJN,85,,,,False
2004-2005,2005,0020400517,20050113/UTASAC,Final,2005-01-14,04:00,1610612758,SAC,107,1610612762,UTA,93,,,,False
2004-2005,2005,0020400518,20050113/CLELAL,Final,2005-01-14,04:30,1610612747,LAL,98,1610612739,CLE,94,,,,False
2004-2005,2005,0020400519,20050114/TORPHI,Final,2005-01-15,01:00,1610612755,PHI,106,1610612761,TOR,96,,,,False
2004-2005,2005,0020400520,20050114/MEMCHA,Final,2005-01-15,01:00,1610612766,CHA,89,1610612763,MEM,109,,,,False
2004-2005,2005,0020400521,20050114/PHXIND,Final,2005-01-15,01:00,1610612754,IND,101,1610612756,PHX,83,,,,False
2004-2005,2005,0020400522,20050114/ATLBOS,Final,2005-01-15,01:30,1610612738,BOS,106,1610612737,ATL,94,,,,False
2004-2005,2005,0020400523,20050114/ORLDET,Final,2005-01-15,02:00,1610612765,DET,101,1610612753,ORL,94,,,,False
2004-2005,2005,0020400524,20050114/PORNOH,Final,2005-01-15,02:00,1610612740,NOH,112,1610612757,POR,106,,,,False
2004-2005,2005,0020400525,20050114/DALSAS,Final,2005-01-15,02:00,1610612759,SAS,98,1610612742,DAL,95,,,,False
2004-2005,2005,0020400526,20050114/WASMIL,Final,2005-01-15,02:30,1610612749,MIL,103,1610612764,WAS,105,,,,False
2004-2005,2005,0020400527,20050114/MINDEN,Final,2005-01-15,04:30,1610612743,DEN,83,1610612750,MIN,93,,,,False
2004-2005,2005,0020400528,20050114/MIALAC,Final/OT2,2005-01-15,04:30,1610612746,LAC,114,1610612748,MIA,112,,,,False
2004-2005,2005,0020400529,20050114/GSWSEA,Final,2005-01-15,04:30,1610612760,SEA,103,1610612744,GSW,84,,,,False
2004-2005,2005,0020400530,20050115/NYKCHI,Final,2005-01-15,21:30,1610612741,CHI,86,1610612752,NYK,84,,,,False
2004-2005,2005,0020400531,20050115/PHXWAS,Final,2005-01-16,01:00,1610612764,WAS,108,1610612756,PHX,103,,,,False
2004-2005,2005,0020400532,20050115/CHAATL,Final,2005-01-16,00:00,1610612737,ATL,103,1610612766,CHA,95,,,,False
2004-2005,2005,0020400533,20050115/PHIDET,Final,2005-01-16,01:30,1610612765,DET,99,1610612755,PHI,95,,,,False
2004-2005,2005,0020400534,20050115/ORLIND,Final,2005-01-16,02:00,1610612754,IND,84,1610612753,ORL,85,,,,False
2004-2005,2005,0020400535,20050115/MILMEM,Final,2005-01-16,02:00,1610612763,MEM,101,1610612749,MIL,82,,,,False
2004-2005,2005,0020400536,20050115/PORMIN,Final,2005-01-16,02:00,1610612750,MIN,92,1610612757,POR,84,,,,False
2004-2005,2005,0020400537,20050115/SASHOU,Final,2005-01-16,02:30,1610612745,HOU,73,1610612759,SAS,67,,,,False
2004-2005,2005,0020400538,20050115/NJNDAL,Final,2005-01-16,02:30,1610612742,DAL,98,1610612751,NJN,93,,,,False
2004-2005,2005,0020400539,20050115/CLEUTA,Final,2005-01-16,03:00,1610612762,UTA,71,1610612739,CLE,84,,,,False
2004-2005,2005,0020400540,20050115/LACSAC,Final,2005-01-16,04:00,1610612758,SAC,99,1610612746,LAC,95,,,,False
2004-2005,2005,0020400541,20050115/LALGSW,Final,2005-01-16,04:30,1610612744,GSW,102,1610612747,LAL,104,,,,False
2004-2005,2005,0020400542,20050116/NOHTOR,Final,2005-01-16,19:00,1610612761,TOR,102,1610612740,NOH,99,,,,False
2004-2005,2005,0020400543,20050116/CLESEA,Final,2005-01-17,03:00,1610612760,SEA,105,1610612739,CLE,97,,,,False
2004-2005,2005,0020400544,20050117/CHINYK,Final,2005-01-17,19:00,1610612752,NYK,86,1610612741,CHI,88,,,,False
2004-2005,2005,0020400545,20050117/MILCHA,Final,2005-01-17,19:00,1610612766,CHA,92,1610612749,MIL,99,,,,False
2004-2005,2005,0020400546,20050117/NOHPHI,Final,2005-01-17,20:00,1610612755,PHI,95,1610612740,NOH,91,,,,False
2004-2005,2005,0020400547,20050117/NJNATL,Final,2005-01-17,20:00,1610612737,ATL,84,1610612751,NJN,85,,,,False
2004-2005,2005,0020400548,20050117/PHXDET,Final,2005-01-17,21:30,1610612765,DET,94,1610612756,PHX,80,,,,False
2004-2005,2005,0020400549,20050117/SACLAC,Final,2005-01-17,21:30,1610612746,LAC,83,1610612758,SAC,89,,,,False
2004-2005,2005,0020400550,20050117/WASSAS,Final,2005-01-17,23:00,1610612759,SAS,101,1610612764,WAS,73,,,,False
2004-2005,2005,0020400551,20050117/TORMIN,Final,2005-01-18,00:00,1610612750,MIN,91,1610612761,TOR,100,,,,False
2004-2005,2005,0020400552,20050117/HOUMEM,Final,2005-01-18,02:00,1610612763,MEM,99,1610612745,HOU,80,,,,False
2004-2005,2005,0020400553,20050117/UTALAL,Final,2005-01-18,04:30,1610612747,LAL,94,1610612762,UTA,102,,,,False
2004-2005,2005,0020400554,20050117/DENGSW,Final,2005-01-18,04:30,1610612744,GSW,107,1610612743,DEN,97,,,,False
2004-2005,2005,0020400555,20050118/DETORL,Final,2005-01-19,01:00,1610612753,ORL,103,1610612765,DET,101,,,,False
2004-2005,2005,0020400556,20050118/INDHOU,Final,2005-01-19,02:30,1610612745,HOU,74,1610612754,IND,87,,,,False
2004-2005,2005,0020400557,20050118/WASDAL,Final,2005-01-19,02:30,1610612742,DAL,137,1610612764,WAS,120,,,,False
2004-2005,2005,0020400558,20050118/PORSAC,Final/OT,2005-01-19,04:00,1610612758,SAC,113,1610612757,POR,107,,,,False
2004-2005,2005,0020400559,20050118/DENSEA,Final/OT,2005-01-19,04:00,1610612760,SEA,110,1610612743,DEN,116,,,,False
2004-2005,2005,0020400560,20050119/CHIBOS,Final,2005-01-20,01:00,1610612738,BOS,92,1610612741,CHI,83,,,,False
2004-2005,2005,0020400561,20050119/NYKTOR,Final,2005-01-20,01:00,1610612761,TOR,98,1610612752,NYK,81,,,,False
2004-2005,2005,0020400562,20050119/PHICHA,Final,2005-01-20,01:00,1610612766,CHA,105,1610612755,PHI,107,,,,False
2004-2005,2005,0020400563,20050119/MILNJN,Final,2005-01-20,01:30,1610612751,NJN,96,1610612749,MIL,90,,,,False
2004-2005,2005,0020400564,20050119/ATLMIA,Final,2005-01-20,01:30,1610612748,MIA,111,1610612737,ATL,92,,,,False
2004-2005,2005,0020400565,20050119/INDNOH,Final,2005-01-20,02:00,1610612740,NOH,90,1610612754,IND,87,,,,False
2004-2005,2005,0020400566,20050119/LACSAS,Final,2005-01-20,02:30,1610612759,SAS,80,1610612746,LAC,79,,,,False
2004-2005,2005,0020400567,20050119/MEMPHX,Final,2005-01-20,03:00,1610612756,PHX,79,1610612763,MEM,88,,,,False
2004-2005,2005,0020400568,20050119/CLEPOR,Final,2005-01-20,04:00,1610612757,POR,101,1610612739,CLE,107,,,,False
2004-2005,2005,0020400569,20050119/MINLAL,Final,2005-01-20,04:30,1610612747,LAL,93,1610612750,MIN,90,,,,False
2004-2005,2005,0020400570,20050120/LACDAL,Final,2005-01-21,02:30,1610612742,DAL,99,1610612746,LAC,77,,,,False
2004-2005,2005,0020400571,20050120/HOUORL,Final,2005-01-21,02:00,1610612753,ORL,99,1610612745,HOU,108,,,,False
2004-2005,2005,0020400572,20050120/CLESAC,Final,2005-01-21,04:30,1610612758,SAC,123,1610612739,CLE,96,,,,False
2004-2005,2005,0020400573,20050121/TORWAS,Final,2005-01-22,01:00,1610612764,WAS,118,1610612761,TOR,109,,,,False
2004-2005,2005,0020400574,20050121/DALCHA,Final,2005-01-22,01:00,1610612766,CHA,99,1610612742,DAL,105,,,,False
2004-2005,2005,0020400575,20050121/BOSNJN,Final,2005-01-22,01:30,1610612751,NJN,104,1610612738,BOS,98,,,,False
2004-2005,2005,0020400576,20050121/HOUNYK,Final,2005-01-22,01:30,1610612752,NYK,91,1610612745,HOU,92,,,,False
2004-2005,2005,0020400577,20050121/INDMIA,Final/OT,2005-01-22,02:00,1610612748,MIA,100,1610612754,IND,106,,,,False
2004-2005,2005,0020400578,20050121/ATLCHI,Final,2005-01-22,02:30,1610612741,CHI,95,1610612737,ATL,85,,,,False
2004-2005,2005,0020400579,20050121/DETMIL,Final,2005-01-22,02:30,1610612749,MIL,89,1610612765,DET,86,,,,False
2004-2005,2005,0020400580,20050121/SASPHX,Final/OT,2005-01-22,04:30,1610612756,PHX,123,1610612759,SAS,128,,,,False
2004-2005,2005,0020400581,20050121/MEMDEN,Final,2005-01-22,04:30,1610612743,DEN,92,1610612763,MEM,82,,,,False
2004-2005,2005,0020400582,20050121/GSWLAL,Final,2005-01-22,04:30,1610612747,LAL,105,1610612744,GSW,101,,,,False
2004-2005,2005,0020400583,20050121/MINSEA,Final,2005-01-22,04:30,1610612760,SEA,107,1610612750,MIN,112,,,,False
2004-2005,2005,0020400584,20050122/BOSATL,Final,2005-01-23,01:00,1610612737,ATL,100,1610612738,BOS,96,,,,False
2004-2005,2005,0020400585,20050122/PHIORL,Final,2005-01-23,01:00,1610612753,ORL,115,1610612755,PHI,111,,,,False
2004-2005,2005,0020400586,20050122/CHIDET,Final,2005-01-23,01:30,1610612765,DET,89,1610612741,CHI,100,,,,False
2004-2005,2005,0020400587,20050122/WASIND,Final,2005-01-23,02:00,1610612754,IND,93,1610612764,WAS,95,,,,False
2004-2005,2005,0020400588,20050122/LACNOH,Final,2005-01-23,02:00,1610612740,NOH,88,1610612746,LAC,85,,,,False
2004-2005,2005,0020400589,20050122/MEMUTA,Final,2005-01-23,03:00,1610612762,UTA,94,1610612763,MEM,110,,,,False
2004-2005,2005,0020400590,20050122/MINPOR,Final,2005-01-23,04:00,1610612757,POR,83,1610612750,MIN,92,,,,False
2004-2005,2005,0020400591,20050122/CLEGSW,Final,2005-01-23,04:30,1610612744,GSW,87,1610612739,CLE,105,,,,False
2004-2005,2005,0020400592,20050123/CHATOR,Final,2005-01-23,19:00,1610612761,TOR,103,1610612766,CHA,92,,,,False
2004-2005,2005,0020400593,20050123/DENDAL,Final,2005-01-23,19:00,1610612742,DAL,95,1610612743,DEN,93,,,,False
2004-2005,2005,0020400594,20050123/MILNYK,Final,2005-01-23,21:00,1610612752,NYK,96,1610612749,MIL,101,,,,False
2004-2005,2005,0020400596,20050123/NJNPHX,Final,2005-01-24,02:00,1610612756,PHX,113,1610612751,NJN,105,,,,False
2004-2005,2005,0020400597,20050123/SASSAC,Final,2005-01-24,03:00,1610612758,SAC,73,1610612759,SAS,103,,,,False
2004-2005,2005,0020400598,20050123/UTASEA,Final,2005-01-24,03:00,1610612760,SEA,122,1610612762,UTA,105,,,,False
2004-2005,2005,0020400601,20050123/NOHMIA,Final,2005-01-24,00:00,1610612748,MIA,97,1610612740,NOH,68,,,,False
2004-2005,2005,0020400595,20050124/MIAPHI,Final,2005-01-25,01:00,1610612755,PHI,106,1610612748,MIA,98,,,,False
2004-2005,2005,0020400599,20050124/WASCLE,Final,2005-01-25,01:00,1610612739,CLE,97,1610612764,WAS,106,,,,False
2004-2005,2005,0020400600,20050124/CHIATL,Final,2005-01-25,01:30,1610612737,ATL,82,1610612741,CHI,107,,,,False
2004-2005,2005,0020400602,20050124/DETMIN,Final,2005-01-25,02:00,1610612750,MIN,86,1610612765,DET,83,,,,False
2004-2005,2005,0020400603,20050124/ORLHOU,Final,2005-01-25,02:30,1610612745,HOU,89,1610612753,ORL,78,,,,False
2004-2005,2005,0020400604,20050124/SASPOR,Final,2005-01-25,04:00,1610612757,POR,107,1610612759,SAS,99,,,,False
2004-2005,2005,0020400605,20050124/DALLAC,Final,2005-01-25,04:30,1610612746,LAC,97,1610612742,DAL,87,,,,False
2004-2005,2005,0020400606,20050125/BOSCHA,Final,2005-01-26,01:00,1610612766,CHA,92,1610612738,BOS,97,,,,False
2004-2005,2005,0020400607,20050125/PHXNYK,Final,2005-01-26,01:30,1610612752,NYK,118,1610612756,PHX,133,,,,False
2004-2005,2005,0020400608,20050125/ORLMEM,Final,2005-01-26,02:00,1610612763,MEM,95,1610612753,ORL,83,,,,False
2004-2005,2005,0020400609,20050125/DENCHI,Final,2005-01-26,02:30,1610612741,CHI,111,1610612743,DEN,107,,,,False
2004-2005,2005,0020400610,20050125/NJNSAC,Final,2005-01-26,04:00,1610612758,SAC,113,1610612751,NJN,93,,,,False
2004-2005,2005,0020400611,20050125/SEALAL,Final,2005-01-26,04:30,1610612747,LAL,93,1610612760,SEA,104,,,,False
2004-2005,2005,0020400612,20050126/INDBOS,Final,2005-01-27,01:00,1610612738,BOS,100,1610612754,IND,86,,,,False
2004-2005,2005,0020400613,20050126/MIATOR,Final,2005-01-27,01:00,1610612761,TOR,96,1610612748,MIA,111,,,,False
2004-2005,2005,0020400614,20050126/PHIWAS,Final,2005-01-27,01:00,1610612764,WAS,117,1610612755,PHI,107,,,,False
2004-2005,2005,0020400615,20050126/MEMCLE,Final,2005-01-27,01:00,1610612739,CLE,114,1610612763,MEM,111,,,,False
2004-2005,2005,0020400616,20050126/DENDET,Final,2005-01-27,01:30,1610612765,DET,87,1610612743,DEN,70,,,,False
2004-2005,2005,0020400617,20050126/PHXMIL,Final,2005-01-27,02:00,1610612749,MIL,115,1610612756,PHX,121,,,,False
2004-2005,2005,0020400618,20050126/HOUNOH,Final,2005-01-27,02:00,1610612740,NOH,77,1610612745,HOU,82,,,,False
2004-2005,2005,0020400619,20050126/ATLMIN,Final,2005-01-27,02:00,1610612750,MIN,104,1610612737,ATL,87,,,,False
2004-2005,2005,0020400620,20050126/SEAUTA,Final,2005-01-27,03:00,1610612762,UTA,109,1610612760,SEA,100,,,,False
2004-2005,2005,0020400621,20050126/DALPOR,Final,2005-01-27,04:00,1610612757,POR,88,1610612742,DAL,95,,,,False
2004-2005,2005,0020400622,20050126/LALLAC,Final,2005-01-27,04:30,1610612746,LAC,105,1610612747,LAL,89,,,,False
2004-2005,2005,0020400623,20050126/NJNGSW,Final,2005-01-27,04:30,1610612744,GSW,99,1610612751,NJN,113,,,,False
2004-2005,2005,0020400624,20050127/DETIND,Final,2005-01-28,01:00,1610612754,IND,76,1610612765,DET,88,,,,False
2004-2005,2005,0020400625,20050127/CHACHI,Final,2005-01-28,02:30,1610612741,CHI,101,1610612766,CHA,93,,,,False
2004-2005,2005,0020400626,20050127/SACSAS,Final,2005-01-28,03:30,1610612759,SAS,90,1610612758,SAC,80,,,,False
2004-2005,2005,0020400627,20050128/CLENYK,Final,2005-01-29,01:00,1610612752,NYK,99,1610612739,CLE,96,,,,False
2004-2005,2005,0020400628,20050128/TORCHA,Final,2005-01-29,01:00,1610612766,CHA,101,1610612761,TOR,94,,,,False
2004-2005,2005,0020400629,20050128/WASORL,Final,2005-01-29,01:00,1610612753,ORL,108,1610612764,WAS,101,,,,False
2004-2005,2005,0020400630,20050128/PHXBOS,Final,2005-01-29,01:30,1610612738,BOS,119,1610612756,PHX,128,,,,False
2004-2005,2005,0020400631,20050128/MIAATL,Final,2005-01-29,01:30,1610612737,ATL,96,1610612748,MIA,106,,,,False
2004-2005,2005,0020400632,20050128/PHINOH,Final/OT,2005-01-29,02:00,1610612740,NOH,99,1610612755,PHI,95,,,,False
2004-2005,2005,0020400633,20050128/UTAMIN,Final,2005-01-29,02:00,1610612750,MIN,93,1610612762,UTA,91,,,,False
2004-2005,2005,0020400634,20050128/DENMIL,Final,2005-01-29,02:30,1610612749,MIL,100,1610612743,DEN,106,,,,False
2004-2005,2005,0020400635,20050128/SACHOU,Final/OT,2005-01-29,03:30,1610612745,HOU,111,1610612758,SAC,117,,,,False
2004-2005,2005,0020400636,20050128/LACPOR,Final,2005-01-29,04:00,1610612757,POR,90,1610612746,LAC,86,,,,False
2004-2005,2005,0020400637,20050128/NJNLAL,Final,2005-01-29,04:30,1610612747,LAL,103,1610612751,NJN,109,,,,False
2004-2005,2005,0020400638,20050128/SEAGSW,Final,2005-01-29,04:30,1610612744,GSW,85,1610612760,SEA,88,,,,False
2004-2005,2005,0020400639,20050129/ORLWAS,Final,2005-01-30,01:00,1610612764,WAS,97,1610612753,ORL,103,,,,False
2004-2005,2005,0020400640,20050129/NYKDET,Final,2005-01-30,01:30,1610612765,DET,91,1610612752,NYK,61,,,,False
2004-2005,2005,0020400641,20050129/DENIND,Final,2005-01-30,02:00,1610612754,IND,88,1610612743,DEN,95,,,,False
2004-2005,2005,0020400642,20050129/ATLMEM,Final,2005-01-30,02:00,1610612763,MEM,84,1610612737,ATL,83,,,,False
2004-2005,2005,0020400643,20050129/BOSCHI,Final,2005-01-30,02:30,1610612741,CHI,97,1610612738,BOS,101,,,,False
2004-2005,2005,0020400644,20050129/PHIDAL,Final,2005-01-30,02:30,1610612742,DAL,89,1610612755,PHI,93,,,,False
2004-2005,2005,0020400645,20050129/NOHSAS,Final,2005-01-30,02:30,1610612759,SAS,93,1610612740,NOH,83,,,,False
2004-2005,2005,0020400646,20050129/NJNUTA,Final,2005-01-30,03:00,1610612762,UTA,82,1610612751,NJN,99,,,,False
2004-2005,2005,0020400647,20050129/GSWLAC,Final,2005-01-30,04:30,1610612746,LAC,96,1610612744,GSW,85,,,,False
2004-2005,2005,0020400648,20050130/HOUMIA,Final,2005-01-30,19:00,1610612748,MIA,104,1610612745,HOU,95,,,,False
2004-2005,2005,0020400649,20050130/PHXTOR,Final,2005-01-30,22:30,1610612761,TOR,105,1610612756,PHX,123,,,,False
2004-2005,2005,0020400650,20050130/SACMIN,Final,2005-01-30,21:30,1610612750,MIN,84,1610612758,SAC,94,,,,False
2004-2005,2005,0020400651,20050130/MILCLE,Final,2005-01-31,00:30,1610612739,CLE,104,1610612749,MIL,87,,,,False
2004-2005,2005,0020400652,20050130/CHALAL,Final,2005-01-31,03:30,1610612747,LAL,101,1610612766,CHA,90,,,,False
2004-2005,2005,0020400653,20050131/HOUBOS,Final,2005-02-01,01:00,1610612738,BOS,94,1610612745,HOU,97,,,,False
2004-2005,2005,0020400654,20050131/INDPHI,Final,2005-02-01,01:00,1610612755,PHI,89,1610612754,IND,88,,,,False
2004-2005,2005,0020400655,20050131/ORLATL,Final,2005-02-01,01:30,1610612737,ATL,80,1610612753,ORL,79,,,,False
2004-2005,2005,0020400656,20050131/MEMNOH,Final,2005-02-01,02:00,1610612740,NOH,91,1610612763,MEM,98,,,,False
2004-2005,2005,0020400657,20050131/SASSEA,Final,2005-02-01,04:00,1610612760,SEA,84,1610612759,SAS,103,,,,False
2004-2005,2005,0020400658,20050131/NYKLAC,Final,2005-02-01,04:30,1610612746,LAC,96,1610612752,NYK,89,,,,False
2004-2005,2005,0020400659,20050201/DETWAS,Final,2005-02-02,01:00,1610612764,WAS,96,1610612765,DET,105,,,,False
2004-2005,2005,0020400660,20050201/CLEORL,Final,2005-02-02,01:00,1610612753,ORL,105,1610612739,CLE,102,,,,False
2004-2005,2005,0020400661,20050201/CHINJN,Final,2005-02-02,01:30,1610612751,NJN,107,1610612741,CHI,97,,,,False
2004-2005,2005,0020400662,20050201/MINMIL,Final,2005-02-02,02:00,1610612749,MIL,91,1610612750,MIN,86,,,,False
2004-2005,2005,0020400663,20050201/PHXMEM,Final,2005-02-02,02:00,1610612763,MEM,108,1610612756,PHX,97,,,,False
2004-2005,2005,0020400664,20050201/MIADAL,Final,2005-02-02,02:30,1610612742,DAL,109,1610612748,MIA,104,,,,False
2004-2005,2005,0020400665,20050201/NYKDEN,Final,2005-02-02,03:00,1610612743,DEN,96,1610612752,NYK,76,,,,False
2004-2005,2005,0020400666,20050201/CHAUTA,Final,2005-02-02,03:00,1610612762,UTA,105,1610612766,CHA,109,,,,False
2004-2005,2005,0020400667,20050201/SEASAC,Final,2005-02-02,04:00,1610612758,SAC,101,1610612760,SEA,106,,,,False
2004-2005,2005,0020400668,20050201/PORLAL,Final,2005-02-02,04:30,1610612747,LAL,92,1610612757,POR,79,,,,False
2004-2005,2005,0020400669,20050202/NJNBOS,Final,2005-02-03,01:00,1610612738,BOS,110,1610612751,NJN,89,,,,False
2004-2005,2005,0020400670,20050202/HOUPHI,Final,2005-02-03,01:00,1610612755,PHI,95,1610612745,HOU,118,,,,False
2004-2005,2005,0020400671,20050202/TORIND,Final,2005-02-03,01:00,1610612754,IND,97,1610612761,TOR,98,,,,False
2004-2005,2005,0020400672,20050202/ATLDET,Final,2005-02-03,01:30,1610612765,DET,99,1610612737,ATL,84,,,,False
2004-2005,2005,0020400673,20050202/DALNOH,Final,2005-02-03,02:00,1610612740,NOH,82,1610612742,DAL,90,,,,False
2004-2005,2005,0020400674,20050202/PHXMIN,Final,2005-02-03,02:00,1610612750,MIN,79,1610612756,PHX,108,,,,False
2004-2005,2005,0020400675,20050202/DENPOR,Final,2005-02-03,04:00,1610612757,POR,97,1610612743,DEN,94,,,,False
2004-2005,2005,0020400676,20050202/SACGSW,Final/OT,2005-02-03,04:30,1610612744,GSW,107,1610612758,SAC,111,,,,False
2004-2005,2005,0020400677,20050203/CLEMIA,Final,2005-02-04,02:00,1610612748,MIA,100,1610612739,CLE,88,,,,False
2004-2005,2005,0020400678,20050203/LACMEM,Final,2005-02-04,02:00,1610612763,MEM,103,1610612746,LAC,106,,,,False
2004-2005,2005,0020400679,20050203/SASLAL,Final,2005-02-04,04:30,1610612747,LAL,91,1610612759,SAS,103,,,,False
2004-2005,2005,0020400680,20050204/WASTOR,Final,2005-02-05,01:00,1610612761,TOR,103,1610612764,WAS,100,,,,False
2004-2005,2005,0020400681,20050204/ATLPHI,Final,2005-02-05,01:00,1610612755,PHI,103,1610612737,ATL,85,,,,False
2004-2005,2005,0020400682,20050204/DALIND,Final,2005-02-05,01:00,1610612754,IND,95,1610612742,DAL,94,,,,False
2004-2005,2005,0020400683,20050204/ORLBOS,Final,2005-02-05,01:30,1610612738,BOS,112,1610612753,ORL,100,,,,False
2004-2005,2005,0020400684,20050204/LACMIL,Final,2005-02-05,02:30,1610612749,MIL,92,1610612746,LAC,90,,,,False
2004-2005,2005,0020400685,20050204/HOUMIN,Final/OT,2005-02-05,03:30,1610612750,MIN,113,1610612745,HOU,119,,,,False
2004-2005,2005,0020400686,20050204/NYKSAC,Final,2005-02-05,04:00,1610612758,SAC,116,1610612752,NYK,115,,,,False
2004-2005,2005,0020400687,20050204/CHAPOR,Final,2005-02-05,04:00,1610612757,POR,101,1610612766,CHA,89,,,,False
2004-2005,2005,0020400688,20050204/NOHGSW,Final,2005-02-05,04:30,1610612744,GSW,90,1610612740,NOH,82,,,,False
2004-2005,2005,0020400689,20050205/DETNJN,Final,2005-02-05,19:00,1610612751,NJN,107,1610612765,DET,85,,,,False
2004-2005,2005,0020400690,20050205/MILWAS,Final,2005-02-06,01:00,1610612764,WAS,112,1610612749,MIL,94,,,,False
2004-2005,2005,0020400691,20050205/INDATL,Final,2005-02-06,01:00,1610612737,ATL,79,1610612754,IND,84,,,,False
2004-2005,2005,0020400692,20050205/CHIMIA,Final,2005-02-06,01:30,1610612748,MIA,108,1610612741,CHI,97,,,,False
2004-2005,2005,0020400693,20050205/ORLCLE,Final,2005-02-06,01:30,1610612739,CLE,101,1610612753,ORL,92,,,,False
2004-2005,2005,0020400694,20050205/GSWDEN,Final,2005-02-06,03:00,1610612743,DEN,107,1610612744,GSW,91,,,,False
2004-2005,2005,0020400695,20050205/NOHUTA,Final,2005-02-06,03:00,1610612762,UTA,108,1610612740,NOH,92,,,,False
2004-2005,2005,0020400696,20050205/NYKPHX,Final,2005-02-06,03:00,1610612756,PHX,114,1610612752,NYK,106,,,,False
2004-2005,2005,0020400697,20050205/SACPOR,Final,2005-02-06,04:00,1610612757,POR,114,1610612758,SAC,108,,,,False
2004-2005,2005,0020400698,20050205/CHASEA,Final,2005-02-06,04:00,1610612760,SEA,113,1610612766,CHA,99,,,,False
2004-2005,2005,0020400699,20050206/DALTOR,Final,2005-02-06,19:00,1610612761,TOR,113,1610612742,DAL,122,,,,False
2004-2005,2005,0020400700,20050206/LACPHI,Final,2005-02-06,19:00,1610612755,PHI,106,1610612746,LAC,104,,,,False
2004-2005,2005,0020400701,20050206/BOSMIN,Final,2005-02-06,19:00,1610612750,MIN,100,1610612738,BOS,103,,,,False
2004-2005,2005,0020400702,20050206/LALHOU,Final,2005-02-06,21:30,1610612745,HOU,103,1610612747,LAL,102,,,,False
2004-2005,2005,0020400703,20050207/INDWAS,Final,2005-02-08,01:00,1610612764,WAS,108,1610612754,IND,104,,,,False
2004-2005,2005,0020400704,20050207/PHINJN,Final/OT,2005-02-08,01:30,1610612751,NJN,107,1610612755,PHI,97,,,,False
2004-2005,2005,0020400705,20050207/LALATL,Final,2005-02-08,01:30,1610612737,ATL,114,1610612747,LAL,108,,,,False
2004-2005,2005,0020400706,20050207/GSWMIA,Final,2005-02-08,01:30,1610612748,MIA,105,1610612744,GSW,96,,,,False
2004-2005,2005,0020400707,20050207/NYKUTA,Final/OT,2005-02-08,03:00,1610612762,UTA,99,1610612752,NYK,102,,,,False
2004-2005,2005,0020400708,20050208/SASCHA,Final,2005-02-09,01:00,1610612766,CHA,85,1610612759,SAS,104,,,,False
2004-2005,2005,0020400709,20050208/GSWORL,Final,2005-02-09,01:00,1610612753,ORL,109,1610612744,GSW,113,,,,False
2004-2005,2005,0020400710,20050208/TORCLE,Final,2005-02-09,01:00,1610612739,CLE,104,1610612761,TOR,91,,,,False
2004-2005,2005,0020400711,20050208/BOSMIL,Final,2005-02-09,02:00,1610612749,MIL,121,1610612738,BOS,97,,,,False
2004-2005,2005,0020400712,20050208/MINMEM,Final,2005-02-09,02:00,1610612763,MEM,108,1610612750,MIN,96,,,,False
2004-2005,2005,0020400713,20050208/CHIDAL,Final,2005-02-09,02:30,1610612742,DAL,100,1610612741,CHI,107,,,,False
2004-2005,2005,0020400714,20050208/UTADEN,Final,2005-02-09,03:00,1610612743,DEN,97,1610612762,UTA,87,,,,False
2004-2005,2005,0020400715,20050208/PHXSAC,Final,2005-02-09,04:00,1610612758,SAC,123,1610612756,PHX,125,,,,False
2004-2005,2005,0020400716,20050208/NOHSEA,Final,2005-02-09,04:00,1610612760,SEA,108,1610612740,NOH,91,,,,False
2004-2005,2005,0020400717,20050209/LACBOS,Final,2005-02-10,01:00,1610612738,BOS,94,1610612746,LAC,89,,,,False
2004-2005,2005,0020400718,20050209/MILTOR,Final,2005-02-10,01:00,1610612761,TOR,107,1610612749,MIL,110,,,,False
2004-2005,2005,0020400719,20050209/MEMPHI,Final,2005-02-10,01:00,1610612755,PHI,95,1610612763,MEM,98,,,,False
2004-2005,2005,0020400720,20050209/SASWAS,Final,2005-02-10,01:00,1610612764,WAS,95,1610612759,SAS,87,,,,False
2004-2005,2005,0020400721,20050209/CHAIND,Final,2005-02-10,01:00,1610612754,IND,94,1610612766,CHA,87,,,,False
2004-2005,2005,0020400722,20050209/LALNJN,Final/OT,2005-02-10,01:30,1610612751,NJN,103,1610612747,LAL,104,,,,False
2004-2005,2005,0020400723,20050209/MIANYK,Final/OT,2005-02-10,01:30,1610612752,NYK,110,1610612748,MIA,116,,,,False
2004-2005,2005,0020400724,20050209/DENMIN,Final,2005-02-10,02:00,1610612750,MIN,98,1610612743,DEN,92,,,,False
2004-2005,2005,0020400725,20050209/CHIHOU,Final,2005-02-10,02:30,1610612745,HOU,105,1610612741,CHI,92,,,,False
2004-2005,2005,0020400726,20050209/NOHPOR,Final,2005-02-10,04:00,1610612757,POR,80,1610612740,NOH,91,,,,False
2004-2005,2005,0020400727,20050210/ATLORL,Final,2005-02-11,01:00,1610612753,ORL,101,1610612737,ATL,96,,,,False
2004-2005,2005,0020400728,20050210/LALDET,Final,2005-02-11,02:00,1610612765,DET,103,1610612747,LAL,81,,,,False
2004-2005,2005,0020400729,20050210/SACSEA,Final,2005-02-11,04:30,1610612760,SEA,115,1610612758,SAC,107,,,,False
2004-2005,2005,0020400730,20050211/PHITOR,Final,2005-02-12,01:00,1610612761,TOR,91,1610612755,PHI,106,,,,False
2004-2005,2005,0020400731,20050211/LACWAS,Final,2005-02-12,01:00,1610612764,WAS,94,1610612746,LAC,91,,,,False
2004-2005,2005,0020400732,20050211/MIACHA,Final,2005-02-12,01:00,1610612766,CHA,87,1610612748,MIA,97,,,,False
2004-2005,2005,0020400733,20050211/HOUIND,Final,2005-02-12,01:00,1610612754,IND,83,1610612745,HOU,91,,,,False
2004-2005,2005,0020400734,20050211/NYKBOS,Final,2005-02-12,01:30,1610612738,BOS,111,1610612752,NYK,94,,,,False
2004-2005,2005,0020400735,20050211/SASNJN,Final,2005-02-12,01:30,1610612751,NJN,91,1610612759,SAS,101,,,,False
2004-2005,2005,0020400736,20050211/DENCLE,Final,2005-02-12,02:00,1610612739,CLE,101,1610612743,DEN,106,,,,False
2004-2005,2005,0020400737,20050211/PORMEM,Final,2005-02-12,02:00,1610612763,MEM,88,1610612757,POR,82,,,,False
2004-2005,2005,0020400738,20050211/GSWNOH,Final,2005-02-12,02:00,1610612740,NOH,111,1610612744,GSW,108,,,,False
2004-2005,2005,0020400739,20050211/MINUTA,Final,2005-02-12,03:00,1610612762,UTA,100,1610612750,MIN,82,,,,False
2004-2005,2005,0020400740,20050211/SEAPHX,Final,2005-02-12,03:00,1610612756,PHX,105,1610612760,SEA,113,,,,False
2004-2005,2005,0020400741,20050211/DALSAC,Final,2005-02-12,04:30,1610612758,SAC,113,1610612742,DAL,115,,,,False
2004-2005,2005,0020400742,20050212/ORLPHI,Final,2005-02-13,01:00,1610612755,PHI,112,1610612753,ORL,99,,,,False
2004-2005,2005,0020400743,20050212/WASDET,Final,2005-02-13,01:30,1610612765,DET,107,1610612764,WAS,86,,,,False
2004-2005,2005,0020400744,20050212/ATLMIL,Final,2005-02-13,02:30,1610612749,MIL,113,1610612737,ATL,83,,,,False
2004-2005,2005,0020400745,20050213/SASMIA,Final,2005-02-13,19:00,1610612748,MIA,96,1610612759,SAS,92,,,,False
2004-2005,2005,0020400746,20050213/LALCLE,Final,2005-02-13,21:30,1610612739,CLE,103,1610612747,LAL,89,,,,False
2004-2005,2005,0020400747,20050213/CHIMIN,Final,2005-02-13,21:30,1610612750,MIN,83,1610612741,CHI,87,,,,False
2004-2005,2005,0020400748,20050213/SACBOS,Final,2005-02-14,00:00,1610612738,BOS,100,1610612758,SAC,104,,,,False
2004-2005,2005,0020400749,20050213/LACTOR,Final,2005-02-14,00:00,1610612761,TOR,109,1610612746,LAC,106,,,,False
2004-2005,2005,0020400750,20050213/DENNJN,Final,2005-02-14,00:00,1610612751,NJN,94,1610612743,DEN,79,,,,False
2004-2005,2005,0020400751,20050213/CHANYK,Final,2005-02-14,00:00,1610612752,NYK,102,1610612766,CHA,99,,,,False
2004-2005,2005,0020400752,20050213/NOHORL,Final,2005-02-14,00:00,1610612753,ORL,97,1610612740,NOH,94,,,,False
2004-2005,2005,0020400753,20050213/MEMIND,Final,2005-02-14,00:00,1610612754,IND,76,1610612763,MEM,73,,,,False
2004-2005,2005,0020400754,20050213/DALSEA,Final,2005-02-14,02:00,1610612760,SEA,92,1610612742,DAL,95,,,,False
2004-2005,2005,0020400755,20050213/PORHOU,Final,2005-02-14,02:30,1610612745,HOU,81,1610612757,POR,80,,,,False
2004-2005,2005,0020400756,20050213/PHXGSW,Final/OT,2005-02-14,03:00,1610612744,GSW,102,1610612756,PHX,106,,,,False
2004-2005,2005,0020400757,20050214/NYKPHI,Final,2005-02-15,01:00,1610612755,PHI,106,1610612752,NYK,105,,,,False
2004-2005,2005,0020400758,20050214/PORCHA,Final,2005-02-15,01:00,1610612766,CHA,77,1610612757,POR,80,,,,False
2004-2005,2005,0020400759,20050214/MILDET,Final,2005-02-15,01:30,1610612765,DET,107,1610612749,MIL,83,,,,False
2004-2005,2005,0020400760,20050214/WASNOH,Final,2005-02-15,02:00,1610612740,NOH,98,1610612764,WAS,96,,,,False
2004-2005,2005,0020400761,20050214/UTAPHX,Final,2005-02-15,03:00,1610612756,PHX,136,1610612762,UTA,128,,,,False
2004-2005,2005,0020400762,20050215/LACORL,Final,2005-02-16,01:00,1610612753,ORL,99,1610612746,LAC,94,,,,False
2004-2005,2005,0020400763,20050215/DENATL,Final,2005-02-16,01:30,1610612737,ATL,96,1610612743,DEN,100,,,,False
2004-2005,2005,0020400764,20050215/NJNMIN,Final,2005-02-16,02:00,1610612750,MIN,82,1610612751,NJN,71,,,,False
2004-2005,2005,0020400765,20050215/SACCHI,Final,2005-02-16,02:30,1610612741,CHI,107,1610612758,SAC,102,,,,False
2004-2005,2005,0020400766,20050215/WASHOU,Final,2005-02-16,02:30,1610612745,HOU,123,1610612764,WAS,93,,,,False
2004-2005,2005,0020400767,20050215/UTALAL,Final,2005-02-16,04:30,1610612747,LAL,102,1610612762,UTA,95,,,,False
2004-2005,2005,0020400768,20050215/DALGSW,Final,2005-02-16,04:30,1610612744,GSW,107,1610612742,DAL,114,,,,False
2004-2005,2005,0020400769,20050216/MEMBOS,Final,2005-02-17,01:00,1610612738,BOS,90,1610612763,MEM,88,,,,False
2004-2005,2005,0020400770,20050216/CHITOR,Final,2005-02-17,01:00,1610612761,TOR,115,1610612741,CHI,121,,,,False
2004-2005,2005,0020400771,20050216/DETPHI,Final,2005-02-17,01:00,1610612755,PHI,75,1610612765,DET,93,,,,False
2004-2005,2005,0020400772,20050216/DENCHA,Final,2005-02-17,01:00,1610612766,CHA,94,1610612743,DEN,88,,,,False
2004-2005,2005,0020400773,20050216/ATLCLE,Final,2005-02-17,01:00,1610612739,CLE,111,1610612737,ATL,89,,,,False
2004-2005,2005,0020400774,20050216/PORIND,Final,2005-02-17,01:00,1610612754,IND,95,1610612757,POR,87,,,,False
2004-2005,2005,0020400775,20050216/SACNJN,Final,2005-02-17,01:30,1610612751,NJN,96,1610612758,SAC,85,,,,False
2004-2005,2005,0020400776,20050216/MILNYK,Final,2005-02-17,01:30,1610612752,NYK,108,1610612749,MIL,90,,,,False
2004-2005,2005,0020400777,20050216/LACMIA,Final,2005-02-17,01:30,1610612748,MIA,113,1610612746,LAC,95,,,,False
2004-2005,2005,0020400778,20050216/SASNOH,Final,2005-02-17,03:00,1610612740,NOH,78,1610612759,SAS,101,,,,False
2004-2005,2005,0020400779,20050216/GSWSEA,Final,2005-02-17,03:00,1610612760,SEA,110,1610612744,GSW,117,,,,False
2004-2005,2005,0020400780,20050217/CLEMIN,Final,2005-02-18,02:00,1610612750,MIN,94,1610612739,CLE,88,,,,False
2004-2005,2005,0020400781,20050217/DALPHX,Final,2005-02-18,04:30,1610612756,PHX,113,1610612742,DAL,119,,,,False
2004-2005,2005,0030400004,20050218/ESTWST,,2005-02-19,01:00,1610616834,WST,0,1610616833,EST,0,,All-Star Game,,False
2004-2005,2005,0030400002,20050218/RKESPH,Final,2005-02-19,03:00,1610616838,SPH,133,1610616837,RKE,104,,Rising Stars,,False
2004-2005,2005,0030400003,20050219/ESTWST,,2005-02-20,02:00,1610616834,WST,0,1610616833,EST,0,,All-Star Game,,False
2004-2005,2005,0030400005,20050219/ESTWST,,2005-02-19,23:00,1610616834,WST,0,1610616833,EST,0,,All-Star Game,,False
2004-2005,2005,0030400006,20050219/ESTWST,,2005-02-20,00:00,1610616834,WST,0,1610616833,EST,0,,All-Star Game,,False
2004-2005,2005,0030400007,20050219/ESTWST,,2005-02-20,01:00,1610616834,WST,0,1610616833,EST,0,,All-Star Game,,False
2004-2005,2005,0030400001,20050220/ESTWST,Final,2005-02-21,02:00,1610616834,WST,115,1610616833,EST,125,,All-Star Game,,False
2004-2005,2005,0020400782,20050222/MILCHA,Final,2005-02-23,01:00,1610612766,CHA,102,1610612749,MIL,112,,,,False
2004-2005,2005,0020400783,20050222/INDORL,Final,2005-02-23,01:00,1610612753,ORL,84,1610612754,IND,108,,,,False
2004-2005,2005,0020400784,20050222/TORNJN,Final,2005-02-23,01:30,1610612751,NJN,82,1610612761,TOR,100,,,,False
2004-2005,2005,0020400785,20050222/NYKDET,Final,2005-02-23,01:30,1610612765,DET,97,1610612752,NYK,88,,,,False
2004-2005,2005,0020400786,20050222/MIACHI,Final/OT,2005-02-23,02:30,1610612741,CHI,105,1610612748,MIA,101,,,,False
2004-2005,2005,0020400787,20050222/SEAHOU,Final,2005-02-23,02:30,1610612745,HOU,85,1610612760,SEA,87,,,,False
2004-2005,2005,0020400788,20050222/ATLSAC,Final,2005-02-23,04:00,1610612758,SAC,114,1610612737,ATL,104,,,,False
2004-2005,2005,0020400789,20050222/BOSLAL,Final,2005-02-23,04:30,1610612747,LAL,104,1610612738,BOS,95,,,,False
2004-2005,2005,0020400790,20050223/MEMWAS,Final,2005-02-24,01:00,1610612764,WAS,93,1610612763,MEM,83,,,,False
2004-2005,2005,0020400791,20050223/CHICLE,Final,2005-02-24,01:00,1610612739,CLE,100,1610612741,CHI,91,,,,False
2004-2005,2005,0020400792,20050223/MIAIND,Final/OT,2005-02-24,01:00,1610612754,IND,93,1610612748,MIA,91,,,,False
2004-2005,2005,0020400793,20050223/NJNMIL,Final,2005-02-24,02:00,1610612749,MIL,100,1610612751,NJN,81,,,,False
2004-2005,2005,0020400794,20050223/SEANOH,Final,2005-02-24,02:00,1610612740,NOH,85,1610612760,SEA,103,,,,False
2004-2005,2005,0020400795,20050223/HOUSAS,Final,2005-02-24,03:00,1610612759,SAS,99,1610612745,HOU,81,,,,False
2004-2005,2005,0020400796,20050223/BOSDEN,Final,2005-02-24,03:00,1610612743,DEN,107,1610612738,BOS,86,,,,False
2004-2005,2005,0020400797,20050223/DALUTA,Final,2005-02-24,03:00,1610612762,UTA,83,1610612742,DAL,101,,,,False
2004-2005,2005,0020400798,20050223/LACPHX,Final,2005-02-24,03:00,1610612756,PHX,118,1610612746,LAC,101,,,,False
2004-2005,2005,0020400799,20050223/LALPOR,Final,2005-02-24,04:00,1610612757,POR,83,1610612747,LAL,86,,,,False
2004-2005,2005,0020400800,20050223/ATLGSW,Final,2005-02-24,04:30,1610612744,GSW,101,1610612737,ATL,96,,,,False
2004-2005,2005,0020400801,20050224/PHINYK,Final,2005-02-25,01:00,1610612752,NYK,113,1610612755,PHI,101,,,,False
2004-2005,2005,0020400802,20050224/SACDAL,Final,2005-02-25,03:30,1610612742,DAL,122,1610612758,SAC,113,,,,False
2004-2005,2005,0020400803,20050224/MINLAC,Final,2005-02-25,04:30,1610612746,LAC,92,1610612750,MIN,86,,,,False
2004-2005,2005,0020400804,20050225/CHANJN,Final,2005-02-26,01:30,1610612751,NJN,93,1610612766,CHA,86,,,,False
2004-2005,2005,0020400805,20050225/CLEIND,Final,2005-02-26,02:00,1610612754,IND,106,1610612739,CLE,82,,,,False
2004-2005,2005,0020400806,20050225/DENMEM,Final/OT,2005-02-26,02:00,1610612763,MEM,94,1610612743,DEN,97,,,,False
2004-2005,2005,0020400807,20050225/WASCHI,Final,2005-02-26,02:30,1610612741,CHI,97,1610612764,WAS,90,,,,False
2004-2005,2005,0020400808,20050225/TORMIL,Final,2005-02-26,02:30,1610612749,MIL,102,1610612761,TOR,106,,,,False
2004-2005,2005,0020400809,20050225/BOSUTA,Final,2005-02-26,03:00,1610612762,UTA,102,1610612738,BOS,109,,,,False
2004-2005,2005,0020400810,20050225/ATLPOR,Final,2005-02-26,04:00,1610612757,POR,102,1610612737,ATL,101,,,,False
2004-2005,2005,0020400811,20050225/DETLAL,Final,2005-02-26,04:30,1610612747,LAL,90,1610612765,DET,111,,,,False
2004-2005,2005,0020400812,20050225/MINSEA,Final,2005-02-26,04:30,1610612760,SEA,98,1610612750,MIN,88,,,,False
2004-2005,2005,0020400813,20050226/ORLMIA,Final,2005-02-26,19:00,1610612748,MIA,101,1610612753,ORL,98,,,,False
2004-2005,2005,0020400814,20050226/CHICHA,Final,2005-02-27,01:00,1610612766,CHA,90,1610612741,CHI,94,,,,False
2004-2005,2005,0020400815,20050226/INDNYK,Final,2005-02-27,01:30,1610612752,NYK,90,1610612754,IND,79,,,,False
2004-2005,2005,0020400816,20050226/SACPHI,Final,2005-02-27,01:30,1610612755,PHI,99,1610612758,SAC,101,,,,False
2004-2005,2005,0020400817,20050226/PHXDAL,Final,2005-02-27,02:30,1610612742,DAL,123,1610612756,PHX,124,,,,False
2004-2005,2005,0020400818,20050226/MEMSAS,Final,2005-02-27,02:30,1610612759,SAS,82,1610612763,MEM,84,,,,False
2004-2005,2005,0020400819,20050227/LALTOR,Final,2005-02-27,19:00,1610612761,TOR,108,1610612747,LAL,102,,,,False
2004-2005,2005,0020400820,20050227/CLENJN,Final,2005-02-27,19:00,1610612751,NJN,104,1610612739,CLE,98,,,,False
2004-2005,2005,0020400821,20050227/SEAMIL,Final,2005-02-27,21:00,1610612749,MIL,99,1610612760,SEA,73,,,,False
2004-2005,2005,0020400822,20050227/UTAHOU,Final,2005-02-27,22:00,1610612745,HOU,92,1610612762,UTA,99,,,,False
2004-2005,2005,0020400823,20050227/SACWAS,Final,2005-02-28,00:00,1610612764,WAS,108,1610612758,SAC,110,,,,False
2004-2005,2005,0020400824,20050227/DENNOH,Final,2005-02-28,01:00,1610612740,NOH,93,1610612743,DEN,94,,,,False
2004-2005,2005,0020400825,20050227/MIAORL,Final,2005-02-28,01:30,1610612753,ORL,103,1610612748,MIA,112,,,,False
2004-2005,2005,0020400826,20050227/BOSPHX,Final/OT,2005-02-28,02:00,1610612756,PHX,113,1610612738,BOS,120,,,,False
2004-2005,2005,0020400827,20050227/MINPOR,Final,2005-02-28,02:00,1610612757,POR,83,1610612750,MIN,91,,,,False
2004-2005,2005,0020400828,20050227/DETGSW,Final,2005-02-28,03:00,1610612744,GSW,88,1610612765,DET,94,,,,False
2004-2005,2005,0020400829,20050227/ATLLAC,Final,2005-02-28,03:30,1610612746,LAC,111,1610612737,ATL,104,,,,False
2004-2005,2005,0020400830,20050228/SASCLE,Final,2005-03-01,01:00,1610612739,CLE,92,1610612759,SAS,94,,,,False
2004-2005,2005,0020400831,20050228/LALNYK,Final/OT,2005-03-01,01:30,1610612752,NYK,117,1610612747,LAL,115,,,,False
2004-2005,2005,0020400832,20050228/NOHDAL,Final,2005-03-01,02:30,1610612742,DAL,90,1610612740,NOH,86,,,,False
2004-2005,2005,0020400833,20050228/LACUTA,Final,2005-03-01,03:00,1610612762,UTA,87,1610612746,LAC,86,,,,False
2004-2005,2005,0020400834,20050301/GSWMEM,Final,2005-03-01,20:00,1610612763,MEM,99,1610612744,GSW,97,,,,False
2004-2005,2005,0020400835,20050301/SACCHA,Final,2005-03-02,01:00,1610612766,CHA,94,1610612758,SAC,87,,,,False
2004-2005,2005,0020400836,20050301/SEAIND,Final,2005-03-02,01:00,1610612754,IND,93,1610612760,SEA,101,,,,False
2004-2005,2005,0020400837,20050301/PHIMIL,Final,2005-03-02,02:00,1610612749,MIL,111,1610612755,PHI,118,,,,False
2004-2005,2005,0020400838,20050301/HOUCHI,Final,2005-03-02,02:30,1610612741,CHI,89,1610612745,HOU,119,,,,False
2004-2005,2005,0020400839,20050301/ATLDEN,Final,2005-03-02,03:00,1610612743,DEN,97,1610612737,ATL,74,,,,False
2004-2005,2005,0020400840,20050301/DETPOR,Final,2005-03-02,04:00,1610612757,POR,93,1610612765,DET,103,,,,False
2004-2005,2005,0020400841,20050302/NJNPHI,Final,2005-03-03,01:00,1610612755,PHI,93,1610612751,NJN,99,,,,False
2004-2005,2005,0020400842,20050302/HOUWAS,Final,2005-03-03,01:00,1610612764,WAS,101,1610612745,HOU,98,,,,False
2004-2005,2005,0020400843,20050302/SACORL,Final,2005-03-03,01:00,1610612753,ORL,114,1610612758,SAC,111,,,,False
2004-2005,2005,0020400844,20050302/SEACLE,Final,2005-03-03,01:00,1610612739,CLE,86,1610612760,SEA,103,,,,False
2004-2005,2005,0020400845,20050302/LALBOS,Final,2005-03-03,01:30,1610612738,BOS,104,1610612747,LAL,101,,,,False
2004-2005,2005,0020400846,20050302/GSWMIN,Final,2005-03-03,02:00,1610612750,MIN,93,1610612744,GSW,99,,,,False
2004-2005,2005,0020400847,20050302/TORSAS,Final,2005-03-03,02:30,1610612759,SAS,92,1610612761,TOR,86,,,,False
2004-2005,2005,0020400848,20050302/CHANOH,Final,2005-03-03,03:00,1610612740,NOH,94,1610612766,CHA,85,,,,False
2004-2005,2005,0020400849,20050302/ATLUTA,Final,2005-03-03,03:00,1610612762,UTA,96,1610612737,ATL,74,,,,False
2004-2005,2005,0020400850,20050302/DALLAC,Final,2005-03-03,04:30,1610612746,LAC,101,1610612742,DAL,92,,,,False
2004-2005,2005,0020400851,20050303/MIANJN,Final,2005-03-04,01:30,1610612751,NJN,90,1610612748,MIA,106,,,,False
2004-2005,2005,0020400852,20050303/INDDEN,Final,2005-03-04,02:00,1610612743,DEN,96,1610612754,IND,87,,,,False
2004-2005,2005,0020400853,20050303/DETPHX,Final,2005-03-04,04:30,1610612756,PHX,100,1610612765,DET,97,,,,False
2004-2005,2005,0020400854,20050304/CLEPHI,Final,2005-03-05,01:00,1610612755,PHI,98,1610612739,CLE,89,,,,False
2004-2005,2005,0020400855,20050304/GSWWAS,Final,2005-03-05,01:00,1610612764,WAS,90,1610612744,GSW,103,,,,False
2004-2005,2005,0020400856,20050304/NYKORL,Final,2005-03-05,01:00,1610612753,ORL,111,1610612752,NYK,89,,,,False
2004-2005,2005,0020400857,20050304/CHABOS,Final,2005-03-05,01:30,1610612738,BOS,104,1610612766,CHA,84,,,,False
2004-2005,2005,0020400858,20050304/SACMIA,Final,2005-03-05,02:00,1610612748,MIA,104,1610612758,SAC,83,,,,False
2004-2005,2005,0020400859,20050304/TORMEM,Final,2005-03-05,02:00,1610612763,MEM,86,1610612761,TOR,75,,,,False
2004-2005,2005,0020400860,20050304/UTANOH,Final,2005-03-05,02:00,1610612740,NOH,92,1610612762,UTA,85,,,,False
2004-2005,2005,0020400861,20050304/MILMIN,Final,2005-03-05,02:00,1610612750,MIN,103,1610612749,MIL,97,,,,False
2004-2005,2005,0020400862,20050304/CHISAS,Final,2005-03-05,02:30,1610612759,SAS,102,1610612741,CHI,99,,,,False
2004-2005,2005,0020400863,20050304/INDPOR,Final,2005-03-05,04:00,1610612757,POR,97,1610612754,IND,106,,,,False
2004-2005,2005,0020400864,20050304/DALLAL,Final,2005-03-05,04:30,1610612747,LAL,108,1610612742,DAL,103,,,,False
2004-2005,2005,0020400865,20050304/DETSEA,Final,2005-03-05,04:30,1610612760,SEA,95,1610612765,DET,87,,,,False
2004-2005,2005,0020400866,20050305/DENLAC,Final,2005-03-06,04:30,1610612746,LAC,89,1610612743,DEN,105,,,,False
2004-2005,2005,0020400867,20050305/WASCHA,Final,2005-03-06,01:00,1610612766,CHA,84,1610612764,WAS,86,,,,False
2004-2005,2005,0020400868,20050305/PHIATL,Final,2005-03-06,01:00,1610612737,ATL,97,1610612755,PHI,98,,,,False
2004-2005,2005,0020400869,20050305/ORLNJN,Final,2005-03-06,01:30,1610612751,NJN,81,1610612753,ORL,105,,,,False
2004-2005,2005,0020400870,20050305/CHIMIL,Final,2005-03-06,02:30,1610612749,MIL,95,1610612741,CHI,87,,,,False
2004-2005,2005,0020400871,20050305/PORPHX,Final,2005-03-06,03:00,1610612756,PHX,129,1610612757,POR,116,,,,False
2004-2005,2005,0020400872,20050306/DALHOU,Final,2005-03-06,19:00,1610612745,HOU,90,1610612742,DAL,69,,,,False
2004-2005,2005,0020400873,20050306/DETSAC,Final,2005-03-06,21:30,1610612758,SAC,100,1610612765,DET,85,,,,False
2004-2005,2005,0020400874,20050306/MINBOS,Final,2005-03-07,00:00,1610612738,BOS,97,1610612750,MIN,99,,,,False
2004-2005,2005,0020400875,20050306/TORNOH,Final,2005-03-07,01:00,1610612740,NOH,84,1610612761,TOR,95,,,,False
2004-2005,2005,0020400876,20050306/UTASAS,Final,2005-03-07,01:00,1610612759,SAS,101,1610612762,UTA,94,,,,False
2004-2005,2005,0020400877,20050306/GSWNYK,Final,2005-03-07,01:30,1610612752,NYK,115,1610612744,GSW,99,,,,False
2004-2005,2005,0020400878,20050306/MIACLE,Final,2005-03-07,01:30,1610612739,CLE,82,1610612748,MIA,102,,,,False
2004-2005,2005,0020400879,20050306/PHXSEA,Final,2005-03-07,03:00,1610612760,SEA,99,1610612756,PHX,110,,,,False
2004-2005,2005,0020400880,20050306/INDLAL,Final,2005-03-07,03:30,1610612747,LAL,103,1610612754,IND,94,,,,False
2004-2005,2005,0020400881,20050307/PHIMIA,Final,2005-03-08,01:30,1610612748,MIA,108,1610612755,PHI,100,,,,False
2004-2005,2005,0020400882,20050307/MILCHI,Final,2005-03-08,02:30,1610612741,CHI,90,1610612749,MIL,85,,,,False
2004-2005,2005,0020400883,20050307/TORDAL,Final,2005-03-08,02:30,1610612742,DAL,113,1610612761,TOR,105,,,,False
2004-2005,2005,0020400884,20050307/PORDEN,Final,2005-03-08,03:00,1610612743,DEN,111,1610612757,POR,98,,,,False
2004-2005,2005,0020400885,20050307/MEMLAC,Final,2005-03-08,04:30,1610612746,LAC,102,1610612763,MEM,105,,,,False
2004-2005,2005,0020400886,20050308/GSWPHI,Final,2005-03-09,01:00,1610612755,PHI,85,1610612744,GSW,104,,,,False
2004-2005,2005,0020400887,20050308/ORLCLE,Final,2005-03-09,01:00,1610612739,CLE,111,1610612753,ORL,92,,,,False
2004-2005,2005,0020400888,20050308/WASNYK,Final,2005-03-09,01:30,1610612752,NYK,93,1610612764,WAS,83,,,,False
2004-2005,2005,0020400889,20050308/ATLMIL,Final,2005-03-09,02:00,1610612749,MIL,105,1610612737,ATL,101,,,,False
2004-2005,2005,0020400890,20050308/CHAMIN,Final,2005-03-09,02:00,1610612750,MIN,102,1610612766,CHA,97,,,,False
2004-2005,2005,0020400891,20050308/NJNSAS,Final,2005-03-09,02:30,1610612759,SAS,90,1610612751,NJN,74,,,,False
2004-2005,2005,0020400892,20050308/INDUTA,Final,2005-03-09,03:00,1610612762,UTA,83,1610612754,IND,89,,,,False
2004-2005,2005,0020400893,20050308/MEMSAC,Final,2005-03-09,04:00,1610612758,SAC,85,1610612763,MEM,82,,,,False
2004-2005,2005,0020400894,20050308/HOUSEA,Final,2005-03-09,04:00,1610612760,SEA,95,1610612745,HOU,97,,,,False
2004-2005,2005,0020400895,20050308/LACLAL,Final,2005-03-09,04:30,1610612747,LAL,101,1610612746,LAC,110,,,,False
2004-2005,2005,0020400896,20050309/ATLBOS,Final,2005-03-10,01:00,1610612738,BOS,95,1610612737,ATL,91,,,,False
2004-2005,2005,0020400897,20050309/ORLTOR,Final,2005-03-10,01:00,1610612761,TOR,106,1610612753,ORL,96,,,,False
2004-2005,2005,0020400898,20050309/GSWDET,Final,2005-03-10,01:30,1610612765,DET,92,1610612744,GSW,88,,,,False
2004-2005,2005,0020400899,20050309/NJNNOH,Final/OT,2005-03-10,02:00,1610612740,NOH,85,1610612751,NJN,86,,,,False
2004-2005,2005,0020400900,20050309/SASPHX,Final,2005-03-10,03:00,1610612756,PHX,107,1610612759,SAS,101,,,,False
2004-2005,2005,0020400901,20050309/CHIPOR,Final,2005-03-10,04:00,1610612757,POR,84,1610612741,CHI,97,,,,False
2004-2005,2005,0020400902,20050310/MINMIA,Final,2005-03-11,01:00,1610612748,MIA,107,1610612750,MIN,90,,,,False
2004-2005,2005,0020400903,20050310/LALDAL,Final,2005-03-11,03:30,1610612742,DAL,95,1610612747,LAL,100,,,,False
2004-2005,2005,0020400904,20050311/ATLTOR,Final/OT,2005-03-12,01:00,1610612761,TOR,112,1610612737,ATL,116,,,,False
2004-2005,2005,0020400905,20050311/CHAPHI,Final,2005-03-12,01:00,1610612755,PHI,112,1610612766,CHA,80,,,,False
2004-2005,2005,0020400906,20050311/MINORL,Final,2005-03-12,01:00,1610612753,ORL,96,1610612750,MIN,101,,,,False
2004-2005,2005,0020400907,20050311/GSWIND,Final,2005-03-12,01:00,1610612754,IND,101,1610612744,GSW,83,,,,False
2004-2005,2005,0020400908,20050311/DETBOS,Final/OT2,2005-03-12,01:30,1610612738,BOS,115,1610612765,DET,113,,,,False
2004-2005,2005,0020400909,20050311/DALMIL,Final,2005-03-12,02:30,1610612749,MIL,110,1610612742,DAL,112,,,,False
2004-2005,2005,0020400910,20050311/MEMUTA,Final,2005-03-12,03:00,1610612762,UTA,82,1610612763,MEM,94,,,,False
2004-2005,2005,0020400911,20050311/HOUPHX,Final,2005-03-12,03:00,1610612756,PHX,107,1610612745,HOU,127,,,,False
2004-2005,2005,0020400912,20050311/LACSAC,Final,2005-03-12,04:00,1610612758,SAC,113,1610612746,LAC,112,,,,False
2004-2005,2005,0020400913,20050311/CHISEA,Final,2005-03-12,04:30,1610612760,SEA,97,1610612741,CHI,100,,,,False
2004-2005,2005,0020400914,20050312/NJNMIA,Final,2005-03-12,19:00,1610612748,MIA,90,1610612751,NJN,65,,,,False
2004-2005,2005,0020400915,20050312/LALCHA,Final,2005-03-13,01:00,1610612766,CHA,116,1610612747,LAL,117,,,,False
2004-2005,2005,0020400916,20050312/GSWATL,Final,2005-03-13,01:00,1610612737,ATL,92,1610612744,GSW,105,,,,False
2004-2005,2005,0020400917,20050312/MILNOH,Final,2005-03-13,02:00,1610612740,NOH,111,1610612749,MIL,107,,,,False
2004-2005,2005,0020400918,20050312/DENSAS,Final,2005-03-13,02:30,1610612759,SAS,87,1610612743,DEN,90,,,,False
2004-2005,2005,0020400919,20050312/MEMPOR,Final,2005-03-13,04:00,1610612757,POR,80,1610612763,MEM,66,,,,False
2004-2005,2005,0020400920,20050313/DALMIN,Final,2005-03-13,19:00,1610612750,MIN,93,1610612742,DAL,102,,,,False
2004-2005,2005,0020400921,20050313/CHILAC,Final,2005-03-13,21:30,1610612746,LAC,83,1610612741,CHI,78,,,,False
2004-2005,2005,0020400922,20050313/HOUSAC,Final,2005-03-13,21:30,1610612758,SAC,96,1610612745,HOU,111,,,,False
2004-2005,2005,0020400923,20050313/WASBOS,Final,2005-03-14,00:00,1610612738,BOS,105,1610612764,WAS,101,,,,False
2004-2005,2005,0020400924,20050313/PHITOR,Final,2005-03-14,00:00,1610612761,TOR,128,1610612755,PHI,110,,,,False
2004-2005,2005,0020400925,20050313/SEANYK,Final,2005-03-14,00:00,1610612752,NYK,80,1610612760,SEA,90,,,,False
2004-2005,2005,0020400926,20050313/NJNORL,Final,2005-03-14,00:00,1610612753,ORL,82,1610612751,NJN,98,,,,False
2004-2005,2005,0020400927,20050313/UTADET,Final,2005-03-14,00:00,1610612765,DET,64,1610612762,UTA,62,,,,False
2004-2005,2005,0020400928,20050313/INDCLE,Final,2005-03-14,01:00,1610612739,CLE,98,1610612754,IND,86,,,,False
2004-2005,2005,0020400929,20050313/PHXDEN,Final,2005-03-14,03:00,1610612743,DEN,101,1610612756,PHX,106,,,,False
2004-2005,2005,0020400930,20050314/LALWAS,Final,2005-03-15,01:00,1610612764,WAS,95,1610612747,LAL,81,,,,False
2004-2005,2005,0020400931,20050314/BOSCHA,Final,2005-03-15,01:00,1610612766,CHA,110,1610612738,BOS,119,,,,False
2004-2005,2005,0020400932,20050314/DETATL,Final/OT,2005-03-15,01:30,1610612737,ATL,108,1610612765,DET,114,,,,False
2004-2005,2005,0020400933,20050314/MILMIA,Final,2005-03-15,01:30,1610612748,MIA,110,1610612749,MIL,71,,,,False
2004-2005,2005,0020400934,20050314/PORMEM,Final,2005-03-15,02:00,1610612763,MEM,104,1610612757,POR,83,,,,False
2004-2005,2005,0020400935,20050314/NOHSAS,Final,2005-03-15,02:30,1610612759,SAS,112,1610612740,NOH,89,,,,False
2004-2005,2005,0020400936,20050314/HOUGSW,Final,2005-03-15,04:30,1610612744,GSW,94,1610612745,HOU,97,,,,False
2004-2005,2005,0020400937,20050315/LALPHI,Final,2005-03-16,01:00,1610612755,PHI,108,1610612747,LAL,91,,,,False
2004-2005,2005,0020400938,20050315/UTACLE,Final,2005-03-16,01:00,1610612739,CLE,92,1610612762,UTA,73,,,,False
2004-2005,2005,0020400939,20050315/MIANYK,Final,2005-03-16,01:30,1610612752,NYK,96,1610612748,MIA,98,,,,False
2004-2005,2005,0020400940,20050315/SEACHI,Final,2005-03-16,02:30,1610612741,CHI,93,1610612760,SEA,99,,,,False
2004-2005,2005,0020400941,20050315/MINDAL,Final,2005-03-16,02:30,1610612742,DAL,91,1610612750,MIN,100,,,,False
2004-2005,2005,0020400942,20050315/ORLSAC,Final,2005-03-16,04:00,1610612758,SAC,105,1610612753,ORL,94,,,,False
2004-2005,2005,0020400943,20050316/TORBOS,Final,2005-03-17,01:00,1610612738,BOS,110,1610612761,TOR,109,,,,False
2004-2005,2005,0020400944,20050316/UTAIND,Final,2005-03-17,01:00,1610612754,IND,103,1610612762,UTA,84,,,,False
2004-2005,2005,0020400945,20050316/CHINJN,Final,2005-03-17,01:30,1610612751,NJN,100,1610612741,CHI,84,,,,False
2004-2005,2005,0020400946,20050316/WASATL,Final,2005-03-17,01:30,1610612737,ATL,93,1610612764,WAS,122,,,,False
2004-2005,2005,0020400947,20050316/SEADET,Final,2005-03-17,01:30,1610612765,DET,102,1610612760,SEA,95,,,,False
2004-2005,2005,0020400948,20050316/CLEMIL,Final,2005-03-17,02:00,1610612749,MIL,96,1610612739,CLE,88,,,,False
2004-2005,2005,0020400949,20050316/MEMNOH,Final,2005-03-17,02:00,1610612740,NOH,82,1610612763,MEM,88,,,,False
2004-2005,2005,0020400950,20050316/PORHOU,Final,2005-03-17,02:30,1610612745,HOU,108,1610612757,POR,77,,,,False
2004-2005,2005,0020400951,20050316/MINSAS,Final,2005-03-17,03:00,1610612759,SAS,89,1610612750,MIN,73,,,,False
2004-2005,2005,0020400952,20050316/CHADEN,Final,2005-03-17,03:00,1610612743,DEN,120,1610612766,CHA,101,,,,False
2004-2005,2005,0020400953,20050316/ORLLAC,Final,2005-03-17,04:30,1610612746,LAC,110,1610612753,ORL,102,,,,False
2004-2005,2005,0020400954,20050317/LALMIA,Final,2005-03-18,02:00,1610612748,MIA,102,1610612747,LAL,89,,,,False
2004-2005,2005,0020400955,20050317/PORDAL,Final,2005-03-18,02:30,1610612742,DAL,98,1610612757,POR,94,,,,False
2004-2005,2005,0020400956,20050317/SACGSW,Final,2005-03-18,04:30,1610612744,GSW,100,1610612758,SAC,97,,,,False
2004-2005,2005,0020400957,20050318/UTANJN,Final,2005-03-19,01:30,1610612751,NJN,94,1610612762,UTA,80,,,,False
2004-2005,2005,0020400958,20050318/NYKATL,Final,2005-03-19,01:30,1610612737,ATL,92,1610612752,NYK,106,,,,False
2004-2005,2005,0020400959,20050318/PHICLE,Final,2005-03-19,01:30,1610612739,CLE,81,1610612755,PHI,93,,,,False
2004-2005,2005,0020400960,20050318/LALIND,Final,2005-03-19,01:30,1610612754,IND,103,1610612747,LAL,97,,,,False
2004-2005,2005,0020400961,20050318/TORDET,Final,2005-03-19,02:00,1610612765,DET,103,1610612761,TOR,92,,,,False
2004-2005,2005,0020400962,20050318/MINMEM,Final,2005-03-19,02:00,1610612763,MEM,88,1610612750,MIN,83,,,,False
2004-2005,2005,0020400963,20050318/NOHCHI,Final,2005-03-19,02:30,1610612741,CHI,90,1610612740,NOH,94,,,,False
2004-2005,2005,0020400964,20050318/WASMIL,Final,2005-03-19,02:30,1610612749,MIL,99,1610612764,WAS,90,,,,False
2004-2005,2005,0020400965,20050318/BOSHOU,Final,2005-03-19,02:30,1610612745,HOU,92,1610612738,BOS,103,,,,False
2004-2005,2005,0020400966,20050318/CHASAS,Final,2005-03-19,02:30,1610612759,SAS,93,1610612766,CHA,76,,,,False
2004-2005,2005,0020400967,20050318/LACDEN,Final,2005-03-19,03:00,1610612743,DEN,115,1610612746,LAC,96,,,,False
2004-2005,2005,0020400968,20050318/GSWPHX,Final,2005-03-19,03:00,1610612756,PHX,100,1610612744,GSW,110,,,,False
2004-2005,2005,0020400969,20050318/ORLSEA,Final,2005-03-19,04:30,1610612760,SEA,98,1610612753,ORL,90,,,,False
2004-2005,2005,0020400970,20050319/CHIPHI,Final,2005-03-20,01:00,1610612755,PHI,88,1610612741,CHI,94,,,,False
2004-2005,2005,0020400971,20050319/UTAWAS,Final,2005-03-20,01:00,1610612764,WAS,96,1610612762,UTA,95,,,,False
2004-2005,2005,0020400972,20050319/NYKMIA,Final,2005-03-20,01:30,1610612748,MIA,97,1610612752,NYK,82,,,,False
2004-2005,2005,0020400973,20050319/BOSNOH,Final,2005-03-20,02:00,1610612740,NOH,100,1610612738,BOS,113,,,,False
2004-2005,2005,0020400974,20050319/CHADAL,Final,2005-03-20,02:30,1610612742,DAL,104,1610612766,CHA,93,,,,False
2004-2005,2005,0020400975,20050319/ORLPOR,Final,2005-03-20,04:00,1610612757,POR,92,1610612753,ORL,97,,,,False
2004-2005,2005,0020400976,20050319/SACLAC,Final/OT,2005-03-20,04:30,1610612746,LAC,107,1610612758,SAC,111,,,,False
2004-2005,2005,0020400977,20050320/CLETOR,Final,2005-03-20,19:00,1610612761,TOR,105,1610612739,CLE,98,,,,False
2004-2005,2005,0020400978,20050320/SASDET,Final,2005-03-20,21:30,1610612765,DET,110,1610612759,SAS,101,,,,False
2004-2005,2005,0020400979,20050320/NJNIND,Final,2005-03-20,21:30,1610612754,IND,85,1610612751,NJN,94,,,,False
2004-2005,2005,0020400980,20050320/PHXMEM,Final,2005-03-20,21:30,1610612763,MEM,91,1610612756,PHX,97,,,,False
2004-2005,2005,0020400981,20050320/HOUMIN,Final,2005-03-21,01:30,1610612750,MIN,94,1610612745,HOU,86,,,,False
2004-2005,2005,0020400982,20050320/MILDEN,Final,2005-03-21,03:00,1610612743,DEN,114,1610612749,MIL,103,,,,False
2004-2005,2005,0020400983,20050320/GSWSAC,Final,2005-03-21,03:00,1610612758,SAC,94,1610612744,GSW,104,,,,False
2004-2005,2005,0020400984,20050320/SEALAL,Final,2005-03-21,03:30,1610612747,LAL,100,1610612760,SEA,102,,,,False
2004-2005,2005,0020400985,20050321/ORLCHA,Final,2005-03-22,01:00,1610612766,CHA,102,1610612753,ORL,97,,,,False
2004-2005,2005,0020400986,20050321/SASNYK,Final,2005-03-22,01:30,1610612752,NYK,88,1610612759,SAS,75,,,,False
2004-2005,2005,0020400987,20050321/ATLCHI,Final,2005-03-22,02:30,1610612741,CHI,105,1610612737,ATL,91,,,,False
2004-2005,2005,0020400988,20050321/NOHDAL,Final,2005-03-22,02:30,1610612742,DAL,103,1610612740,NOH,86,,,,False
2004-2005,2005,0020400989,20050321/PORLAC,Final,2005-03-22,04:30,1610612746,LAC,96,1610612757,POR,89,,,,False
2004-2005,2005,0020400990,20050322/DETCLE,Final,2005-03-23,01:00,1610612739,CLE,91,1610612765,DET,76,,,,False
2004-2005,2005,0020400991,20050322/INDNJN,Final,2005-03-23,01:30,1610612751,NJN,98,1610612754,IND,91,,,,False
2004-2005,2005,0020400992,20050322/PHXATL,Final,2005-03-23,01:30,1610612737,ATL,94,1610612756,PHX,105,,,,False
2004-2005,2005,0020400993,20050322/WASDEN,Final,2005-03-23,03:00,1610612743,DEN,127,1610612764,WAS,98,,,,False
2004-2005,2005,0020400994,20050322/LALUTA,Final,2005-03-23,03:00,1610612762,UTA,115,1610612747,LAL,107,,,,False
2004-2005,2005,0020400995,20050322/MIAHOU,Final,2005-03-23,03:30,1610612745,HOU,84,1610612748,MIA,82,,,,False
2004-2005,2005,0020400996,20050322/PORSAC,Final,2005-03-23,04:00,1610612758,SAC,112,1610612757,POR,93,,,,False
2004-2005,2005,0020400997,20050322/MILSEA,Final,2005-03-23,04:00,1610612760,SEA,92,1610612749,MIL,84,,,,False
2004-2005,2005,0020400998,20050323/CHITOR,Final,2005-03-24,01:00,1610612761,TOR,85,1610612741,CHI,94,,,,False
2004-2005,2005,0020400999,20050323/PHXCHA,Final,2005-03-24,01:00,1610612766,CHA,105,1610612756,PHX,120,,,,False
2004-2005,2005,0020401000,20050323/SASIND,Final,2005-03-24,01:00,1610612754,IND,100,1610612759,SAS,93,,,,False
2004-2005,2005,0020401001,20050323/BOSNYK,Final,2005-03-24,01:30,1610612752,NYK,107,1610612738,BOS,82,,,,False
2004-2005,2005,0020401002,20050323/DETPHI,Final,2005-03-24,02:00,1610612755,PHI,107,1610612765,DET,84,,,,False
2004-2005,2005,0020401003,20050323/NOHMIN,Final,2005-03-24,02:00,1610612750,MIN,107,1610612740,NOH,102,,,,False
2004-2005,2005,0020401004,20050323/MILLAC,Final,2005-03-24,04:30,1610612746,LAC,116,1610612749,MIL,108,,,,False
2004-2005,2005,0020401005,20050323/DALGSW,Final,2005-03-24,04:30,1610612744,GSW,97,1610612742,DAL,109,,,,False
2004-2005,2005,0020401006,20050324/CHAORL,Final,2005-03-25,01:00,1610612753,ORL,94,1610612766,CHA,108,,,,False
2004-2005,2005,0020401007,20050324/MEMNJN,Final,2005-03-25,01:30,1610612751,NJN,96,1610612763,MEM,105,,,,False
2004-2005,2005,0020401008,20050324/CLEHOU,Final,2005-03-25,02:30,1610612745,HOU,99,1610612739,CLE,80,,,,False
2004-2005,2005,0020401009,20050324/LALDEN,Final,2005-03-25,03:00,1610612743,DEN,117,1610612747,LAL,96,,,,False
2004-2005,2005,0020401010,20050324/WASUTA,Final,2005-03-25,03:00,1610612762,UTA,84,1610612764,WAS,85,,,,False
2004-2005,2005,0020401011,20050324/DALSAC,Final,2005-03-25,04:00,1610612758,SAC,109,1610612742,DAL,101,,,,False
2004-2005,2005,0020401012,20050324/SEAPOR,Final,2005-03-25,04:00,1610612757,POR,91,1610612760,SEA,96,,,,False
2004-2005,2005,0020401013,20050325/TORPHI,Final,2005-03-26,01:00,1610612755,PHI,103,1610612761,TOR,101,,,,False
2004-2005,2005,0020401014,20050325/CHIBOS,Final,2005-03-26,01:30,1610612738,BOS,86,1610612741,CHI,94,,,,False
2004-2005,2005,0020401015,20050325/PHXMIA,Final,2005-03-26,02:00,1610612748,MIA,125,1610612756,PHX,115,,,,False
2004-2005,2005,0020401016,20050325/INDDET,Final,2005-03-26,02:00,1610612765,DET,81,1610612754,IND,94,,,,False
2004-2005,2005,0020401017,20050325/HOUNOH,Final,2005-03-26,02:00,1610612740,NOH,68,1610612745,HOU,81,,,,False
2004-2005,2005,0020401018,20050325/ATLSAS,Final,2005-03-26,02:30,1610612759,SAS,111,1610612737,ATL,95,,,,False
2004-2005,2005,0020401019,20050325/WASLAC,Final,2005-03-26,04:30,1610612746,LAC,98,1610612764,WAS,94,,,,False
2004-2005,2005,0020401020,20050325/MILGSW,Final/OT,2005-03-26,04:30,1610612744,GSW,118,1610612749,MIL,117,,,,False
2004-2005,2005,0020401021,20050325/NYKSEA,Final/OT,2005-03-26,04:30,1610612760,SEA,109,1610612752,NYK,101,,,,False
2004-2005,2005,0020401022,20050326/MINNJN,Final,2005-03-26,19:00,1610612751,NJN,75,1610612750,MIN,96,,,,False
2004-2005,2005,0020401023,20050326/MIACHA,Final,2005-03-27,01:00,1610612766,CHA,94,1610612748,MIA,92,,,,False
2004-2005,2005,0020401024,20050326/TORATL,Final,2005-03-27,01:00,1610612737,ATL,104,1610612761,TOR,109,,,,False
2004-2005,2005,0020401025,20050326/PHXORL,Final,2005-03-27,01:00,1610612753,ORL,116,1610612756,PHX,118,,,,False
2004-2005,2005,0020401026,20050326/BOSDET,Final/OT,2005-03-27,01:30,1610612765,DET,105,1610612738,BOS,99,,,,False
2004-2005,2005,0020401027,20050326/NOHMEM,Final,2005-03-27,03:00,1610612763,MEM,85,1610612740,NOH,96,,,,False
2004-2005,2005,0020401028,20050326/INDCHI,Final,2005-03-27,03:30,1610612741,CHI,100,1610612754,IND,96,,,,False
2004-2005,2005,0020401029,20050326/CLEDAL,Final,2005-03-27,03:30,1610612742,DAL,117,1610612739,CLE,86,,,,False
2004-2005,2005,0020401030,20050326/SACDEN,Final,2005-03-27,04:00,1610612743,DEN,113,1610612758,SAC,99,,,,False
2004-2005,2005,0020401031,20050326/MILUTA,Final,2005-03-27,04:00,1610612762,UTA,94,1610612749,MIL,89,,,,False
2004-2005,2005,0020401032,20050326/NYKPOR,Final,2005-03-27,05:00,1610612757,POR,103,1610612752,NYK,96,,,,False
2004-2005,2005,0020401033,20050327/HOUSAS,Final,2005-03-27,20:00,1610612759,SAS,83,1610612745,HOU,70,,,,False
2004-2005,2005,0020401034,20050327/LACMIN,Final,2005-03-27,22:30,1610612750,MIN,89,1610612746,LAC,85,,,,False
2004-2005,2005,0020401035,20050327/PHILAL,Final,2005-03-28,02:30,1610612747,LAL,89,1610612755,PHI,96,,,,False
2004-2005,2005,0020401036,20050327/WASSEA,Final,2005-03-28,03:00,1610612760,SEA,94,1610612764,WAS,95,,,,False
2004-2005,2005,0020401037,20050328/NJNCHA,Final,2005-03-29,02:00,1610612766,CHA,91,1610612751,NJN,95,,,,False
2004-2005,2005,0020401038,20050328/ATLORL,Final,2005-03-29,02:00,1610612753,ORL,109,1610612737,ATL,102,,,,False
2004-2005,2005,0020401039,20050328/DALDET,Final,2005-03-29,02:30,1610612765,DET,88,1610612742,DAL,95,,,,False
2004-2005,2005,0020401040,20050328/INDMIL,Final,2005-03-29,03:00,1610612749,MIL,76,1610612754,IND,90,,,,False
2004-2005,2005,0020401041,20050328/CLENOH,Final/OT,2005-03-29,03:00,1610612740,NOH,108,1610612739,CLE,109,,,,False
2004-2005,2005,0020401042,20050328/MEMCHI,Final,2005-03-29,03:30,1610612741,CHI,94,1610612763,MEM,86,,,,False
2004-2005,2005,0020401043,20050328/HOUUTA,Final,2005-03-29,04:00,1610612762,UTA,85,1610612745,HOU,99,,,,False
2004-2005,2005,0020401044,20050328/DENPHX,Final,2005-03-29,04:00,1610612756,PHX,123,1610612743,DEN,114,,,,False
2004-2005,2005,0020401045,20050328/PHISAC,Final,2005-03-29,05:00,1610612758,SAC,118,1610612755,PHI,109,,,,False
2004-2005,2005,0020401046,20050328/WASPOR,Final,2005-03-29,05:00,1610612757,POR,106,1610612764,WAS,114,,,,False
2004-2005,2005,0020401047,20050328/NYKGSW,Final,2005-03-29,05:30,1610612744,GSW,108,1610612752,NYK,100,,,,False
2004-2005,2005,0020401048,20050329/LACCLE,Final,2005-03-30,02:00,1610612739,CLE,94,1610612746,LAC,84,,,,False
2004-2005,2005,0020401049,20050329/TORMIA,Final,2005-03-30,02:30,1610612748,MIA,103,1610612761,TOR,91,,,,False
2004-2005,2005,0020401050,20050329/SEAMEM,Final,2005-03-30,03:00,1610612763,MEM,99,1610612760,SEA,102,,,,False
2004-2005,2005,0020401051,20050329/NYKLAL,Final,2005-03-30,05:30,1610612747,LAL,117,1610612752,NYK,107,,,,False
2004-2005,2005,0020401052,20050330/DALBOS,Final,2005-03-31,02:00,1610612738,BOS,100,1610612742,DAL,112,,,,False
2004-2005,2005,0020401053,20050330/ATLWAS,Final,2005-03-31,02:00,1610612764,WAS,102,1610612737,ATL,99,,,,False
2004-2005,2005,0020401054,20050330/CHICHA,Final,2005-03-31,02:00,1610612766,CHA,99,1610612741,CHI,102,,,,False
2004-2005,2005,0020401055,20050330/TORORL,Final,2005-03-31,02:00,1610612753,ORL,108,1610612761,TOR,96,,,,False
2004-2005,2005,0020401056,20050330/LACNJN,Final,2005-03-31,02:30,1610612751,NJN,95,1610612746,LAC,78,,,,False
2004-2005,2005,0020401057,20050330/SACDET,Final,2005-03-31,02:30,1610612765,DET,99,1610612758,SAC,82,,,,False
2004-2005,2005,0020401058,20050330/GSWMIL,Final,2005-03-31,03:00,1610612749,MIL,109,1610612744,GSW,113,,,,False
2004-2005,2005,0020401059,20050330/SEASAS,Final,2005-03-31,03:30,1610612759,SAS,89,1610612760,SEA,76,,,,False
2004-2005,2005,0020401060,20050330/DENUTA,Final,2005-03-31,04:00,1610612762,UTA,98,1610612743,DEN,109,,,,False
2004-2005,2005,0020401061,20050330/PHIPHX,Final,2005-03-31,05:00,1610612756,PHX,116,1610612755,PHI,87,,,,False
2004-2005,2005,0020401062,20050330/HOUPOR,Final,2005-03-31,05:00,1610612757,POR,84,1610612745,HOU,100,,,,False
2004-2005,2005,0020401063,20050331/MIAIND,Final/OT,2005-04-01,03:00,1610612754,IND,114,1610612748,MIA,108,,,,False
2004-2005,2005,0020401064,20050331/CLECHI,Final/OT,2005-04-01,03:00,1610612741,CHI,102,1610612739,CLE,90,,,,False
2004-2005,2005,0020401065,20050331/MINLAL,Final,2005-04-01,05:30,1610612747,LAL,96,1610612750,MIN,105,,,,False
2004-2005,2005,0020401066,20050401/DALPHI,Final,2005-04-02,02:00,1610612755,PHI,83,1610612742,DAL,100,,,,False
2004-2005,2005,0020401067,20050401/TORCHA,Final,2005-04-02,02:00,1610612766,CHA,107,1610612761,TOR,119,,,,False
2004-2005,2005,0020401068,20050401/WASORL,Final,2005-04-02,02:00,1610612753,ORL,102,1610612764,WAS,111,,,,False
2004-2005,2005,0020401069,20050401/BOSATL,Final,2005-04-02,02:30,1610612737,ATL,100,1610612738,BOS,116,,,,False
2004-2005,2005,0020401070,20050401/NJNNYK,Final,2005-04-02,03:00,1610612752,NYK,91,1610612751,NJN,93,,,,False
2004-2005,2005,0020401071,20050401/LACDET,Final,2005-04-02,03:00,1610612765,DET,97,1610612746,LAC,84,,,,False
2004-2005,2005,0020401072,20050401/SACCLE,Final,2005-04-02,03:00,1610612739,CLE,109,1610612758,SAC,128,,,,False
2004-2005,2005,0020401073,20050401/MEMMIL,Final,2005-04-02,03:30,1610612749,MIL,82,1610612763,MEM,93,,,,False
2004-2005,2005,0020401074,20050401/NOHHOU,Final,2005-04-02,03:30,1610612745,HOU,73,1610612740,NOH,76,,,,False
2004-2005,2005,0020401075,20050401/GSWUTA,Final,2005-04-02,04:00,1610612762,UTA,91,1610612744,GSW,108,,,,False
2004-2005,2005,0020401076,20050401/MINPHX,Final,2005-04-02,04:00,1610612756,PHX,107,1610612750,MIN,98,,,,False
2004-2005,2005,0020401077,20050401/SASDEN,Final,2005-04-02,05:30,1610612743,DEN,102,1610612759,SAS,84,,,,False
2004-2005,2005,0020401078,20050401/PORSEA,Final,2005-04-02,05:30,1610612760,SEA,89,1610612757,POR,87,,,,False
2004-2005,2005,0020401079,20050402/ORLNJN,Final,2005-04-03,02:30,1610612751,NJN,102,1610612753,ORL,103,,,,False
2004-2005,2005,0020401080,20050402/MIANOH,Final,2005-04-03,03:00,1610612740,NOH,99,1610612748,MIA,111,,,,False
2004-2005,2005,0020401081,20050402/CHACHI,Final,2005-04-03,03:30,1610612741,CHI,112,1610612766,CHA,97,,,,False
2004-2005,2005,0020401082,20050402/LALSAS,Final,2005-04-03,03:30,1610612759,SAS,95,1610612747,LAL,94,,,,False
2004-2005,2005,0020401083,20050402/DENPOR,Final,2005-04-03,05:00,1610612757,POR,97,1610612743,DEN,103,,,,False
2004-2005,2005,0020401084,20050403/INDWAS,Final,2005-04-03,19:00,1610612764,WAS,76,1610612754,IND,79,,,,False
2004-2005,2005,0020401085,20050403/DALCLE,Final,2005-04-03,21:30,1610612739,CLE,100,1610612742,DAL,80,,,,False
2004-2005,2005,0020401086,20050403/NYKMIL,Final,2005-04-03,20:00,1610612749,MIL,106,1610612752,NYK,102,,,,False
2004-2005,2005,0020401087,20050403/MINSAC,Final,2005-04-03,21:30,1610612758,SAC,100,1610612750,MIN,112,,,,False
2004-2005,2005,0020401088,20050403/PHIBOS,Final,2005-04-03,19:00,1610612738,BOS,93,1610612755,PHI,97,,,,False
2004-2005,2005,0020401089,20050403/DETTOR,Final,2005-04-04,00:00,1610612761,TOR,103,1610612765,DET,113,,,,False
2004-2005,2005,0020401090,20050403/LACATL,Final,2005-04-04,00:00,1610612737,ATL,91,1610612746,LAC,111,,,,False
2004-2005,2005,0020401091,20050403/SEAGSW,Final,2005-04-04,00:00,1610612744,GSW,101,1610612760,SEA,92,,,,False
2004-2005,2005,0020401092,20050403/LALMEM,Final,2005-04-04,02:00,1610612763,MEM,102,1610612747,LAL,82,,,,False
2004-2005,2005,0020401093,20050403/PHXHOU,Final,2005-04-04,02:30,1610612745,HOU,78,1610612756,PHX,91,,,,False
2004-2005,2005,0020401094,20050405/BOSWAS,Final,2005-04-06,01:00,1610612764,WAS,108,1610612738,BOS,116,,,,False
2004-2005,2005,0020401095,20050405/LACCHA,Final,2005-04-06,01:00,1610612766,CHA,102,1610612746,LAC,104,,,,False
2004-2005,2005,0020401096,20050405/NJNCLE,Final,2005-04-06,01:00,1610612739,CLE,80,1610612751,NJN,111,,,,False
2004-2005,2005,0020401097,20050405/INDNYK,Final,2005-04-06,01:30,1610612752,NYK,79,1610612754,IND,97,,,,False
2004-2005,2005,0020401098,20050405/NOHATL,Final,2005-04-06,01:30,1610612737,ATL,86,1610612740,NOH,96,,,,False
2004-2005,2005,0020401099,20050405/CHIMIA,Final,2005-04-06,01:30,1610612748,MIA,104,1610612741,CHI,86,,,,False
2004-2005,2005,0020401100,20050405/DENMEM,Final,2005-04-06,02:00,1610612763,MEM,91,1610612743,DEN,94,,,,False
2004-2005,2005,0020401101,20050405/ORLDAL,Final,2005-04-06,02:30,1610612742,DAL,114,1610612753,ORL,105,,,,False
2004-2005,2005,0020401102,20050405/PORUTA,Final,2005-04-06,03:00,1610612762,UTA,90,1610612757,POR,79,,,,False
2004-2005,2005,0020401103,20050405/LALPHX,Final,2005-04-06,04:00,1610612756,PHX,125,1610612747,LAL,99,,,,False
2004-2005,2005,0020401104,20050405/SEASAC,Final,2005-04-06,04:00,1610612758,SAC,122,1610612760,SEA,101,,,,False
2004-2005,2005,0020401105,20050405/HOUGSW,Final,2005-04-06,04:30,1610612744,GSW,122,1610612745,HOU,117,,,,False
2004-2005,2005,0020401106,20050406/MILBOS,Final,2005-04-07,01:00,1610612738,BOS,103,1610612749,MIL,97,,,,False
2004-2005,2005,0020401107,20050406/MEMTOR,Final,2005-04-07,01:00,1610612761,TOR,74,1610612763,MEM,104,,,,False
2004-2005,2005,0020401108,20050406/CHAPHI,Final,2005-04-07,01:00,1610612755,PHI,106,1610612766,CHA,103,,,,False
2004-2005,2005,0020401109,20050406/CHIORL,Final/OT,2005-04-07,01:00,1610612753,ORL,101,1610612741,CHI,102,,,,False
2004-2005,2005,0020401110,20050406/CLEIND,Final,2005-04-07,01:00,1610612754,IND,98,1610612739,CLE,77,,,,False
2004-2005,2005,0020401111,20050406/WASDET,Final,2005-04-07,01:30,1610612765,DET,105,1610612764,WAS,93,,,,False
2004-2005,2005,0020401112,20050406/DENNOH,Final,2005-04-07,02:00,1610612740,NOH,83,1610612743,DEN,94,,,,False
2004-2005,2005,0020401113,20050406/LACSAS,Final,2005-04-07,02:30,1610612759,SAS,91,1610612746,LAC,82,,,,False
2004-2005,2005,0020401114,20050406/UTAMIN,Final,2005-04-07,03:30,1610612750,MIN,111,1610612762,UTA,86,,,,False
2004-2005,2005,0020401115,20050406/GSWPOR,Final,2005-04-07,04:00,1610612757,POR,102,1610612744,GSW,104,,,,False
2004-2005,2005,0020401116,20050407/NYKNJN,Final,2005-04-08,01:30,1610612751,NJN,110,1610612752,NYK,98,,,,False
2004-2005,2005,0020401117,20050407/SASDAL,Final,2005-04-08,02:00,1610612742,DAL,104,1610612759,SAS,68,,,,False
2004-2005,2005,0020401118,20050407/HOULAL,Final,2005-04-08,04:30,1610612747,LAL,100,1610612745,HOU,114,,,,False
2004-2005,2005,0020401119,20050408/ATLTOR,Final/OT,2005-04-09,01:00,1610612761,TOR,109,1610612737,ATL,101,,,,False
2004-2005,2005,0020401120,20050408/CLEPHI,Final,2005-04-09,01:00,1610612755,PHI,103,1610612739,CLE,98,,,,False
2004-2005,2005,0020401121,20050408/DETORL,Final,2005-04-09,01:00,1610612753,ORL,102,1610612765,DET,114,,,,False
2004-2005,2005,0020401122,20050408/CHINYK,Final,2005-04-09,02:00,1610612752,NYK,94,1610612741,CHI,102,,,,False
2004-2005,2005,0020401123,20050408/WASIND,Final,2005-04-09,02:00,1610612754,IND,93,1610612764,WAS,83,,,,False
2004-2005,2005,0020401124,20050408/MIAMEM,Final,2005-04-09,02:00,1610612763,MEM,97,1610612748,MIA,81,,,,False
2004-2005,2005,0020401125,20050408/UTANOH,Final,2005-04-09,02:00,1610612740,NOH,87,1610612762,UTA,98,,,,False
2004-2005,2005,0020401126,20050408/CHAMIL,Final,2005-04-09,02:30,1610612749,MIL,93,1610612766,CHA,75,,,,False
2004-2005,2005,0020401127,20050408/DENMIN,Final,2005-04-09,03:30,1610612750,MIN,104,1610612743,DEN,107,,,,False
2004-2005,2005,0020401128,20050408/SACPOR,Final,2005-04-09,04:00,1610612757,POR,115,1610612758,SAC,119,,,,False
2004-2005,2005,0020401129,20050408/PHXGSW,Final,2005-04-09,04:30,1610612744,GSW,127,1610612756,PHX,119,,,,False
2004-2005,2005,0020401130,20050408/LALSEA,Final,2005-04-09,04:30,1610612760,SEA,94,1610612747,LAL,117,,,,False
2004-2005,2005,0020401131,20050409/BOSNJN,Final,2005-04-09,19:00,1610612751,NJN,99,1610612738,BOS,86,,,,False
2004-2005,2005,0020401132,20050409/PHIWAS,Final,2005-04-10,01:00,1610612764,WAS,106,1610612755,PHI,112,,,,False
2004-2005,2005,0020401133,20050409/MINATL,Final,2005-04-10,01:00,1610612737,ATL,105,1610612750,MIN,98,,,,False
2004-2005,2005,0020401134,20050409/MILCLE,Final,2005-04-10,01:30,1610612739,CLE,98,1610612749,MIL,81,,,,False
2004-2005,2005,0020401135,20050409/TORCHI,Final,2005-04-10,02:30,1610612741,CHI,110,1610612761,TOR,97,,,,False
2004-2005,2005,0020401136,20050409/UTADAL,Final,2005-04-10,02:30,1610612742,DAL,88,1610612762,UTA,81,,,,False
2004-2005,2005,0020401137,20050409/SEADEN,Final,2005-04-10,03:00,1610612743,DEN,121,1610612760,SEA,105,,,,False
2004-2005,2005,0020401138,20050409/HOUPHX,Final,2005-04-10,04:00,1610612756,PHX,97,1610612745,HOU,98,,,,False
2004-2005,2005,0020401139,20050409/SASLAC,Final/OT2,2005-04-10,04:30,1610612746,LAC,124,1610612759,SAS,125,,,,False
2004-2005,2005,0020401140,20050410/DETMIA,Final,2005-04-10,19:00,1610612748,MIA,72,1610612765,DET,80,,,,False
2004-2005,2005,0020401141,20050410/NYKIND,Final/OT,2005-04-10,21:30,1610612754,IND,112,1610612752,NYK,113,,,,False
2004-2005,2005,0020401142,20050410/LALSAC,Final,2005-04-10,21:30,1610612758,SAC,124,1610612747,LAL,105,,,,False
2004-2005,2005,0020401143,20050410/PORNOH,Final,2005-04-11,01:00,1610612740,NOH,81,1610612757,POR,90,,,,False
2004-2005,2005,0020401144,20050410/CHAMEM,Final,2005-04-11,02:00,1610612763,MEM,102,1610612766,CHA,95,,,,False
2004-2005,2005,0020401145,20050410/SASGSW,Final/OT2,2005-04-11,03:00,1610612744,GSW,134,1610612759,SAS,136,,,,False
2004-2005,2005,0020401146,20050411/INDTOR,Final,2005-04-12,01:00,1610612761,TOR,90,1610612754,IND,94,,,,False
2004-2005,2005,0020401147,20050411/MILWAS,Final,2005-04-12,01:00,1610612764,WAS,119,1610612749,MIL,112,,,,False
2004-2005,2005,0020401148,20050411/CLEORL,Final,2005-04-12,01:00,1610612753,ORL,106,1610612739,CLE,114,,,,False
2004-2005,2005,0020401149,20050411/CHAATL,Final/OT,2005-04-12,01:30,1610612737,ATL,105,1610612766,CHA,110,,,,False
2004-2005,2005,0020401150,20050411/DETCHI,Final/OT,2005-04-12,02:30,1610612741,CHI,84,1610612765,DET,85,,,,False
2004-2005,2005,0020401151,20050411/MEMDAL,Final,2005-04-12,02:30,1610612742,DAL,110,1610612763,MEM,89,,,,False
2004-2005,2005,0020401152,20050411/GSWDEN,Final,2005-04-12,03:00,1610612743,DEN,122,1610612744,GSW,106,,,,False
2004-2005,2005,0020401153,20050411/HOUSEA,Final,2005-04-12,04:00,1610612760,SEA,78,1610612745,HOU,90,,,,False
2004-2005,2005,0020401154,20050411/PHXLAL,Final,2005-04-12,04:30,1610612747,LAL,97,1610612756,PHX,108,,,,False
2004-2005,2005,0020401155,20050412/BOSPHI,Final,2005-04-13,01:00,1610612755,PHI,98,1610612738,BOS,105,,,,False
2004-2005,2005,0020401156,20050412/TORNYK,Final,2005-04-13,01:30,1610612752,NYK,93,1610612761,TOR,105,,,,False
2004-2005,2005,0020401157,20050412/PORSAS,Final,2005-04-13,02:30,1610612759,SAS,95,1610612757,POR,89,,,,False
2004-2005,2005,0020401158,20050412/NOHPHX,Final,2005-04-13,04:00,1610612756,PHX,99,1610612740,NOH,85,,,,False
2004-2005,2005,0020401159,20050412/UTALAC,Final,2005-04-13,04:30,1610612746,LAC,94,1610612762,UTA,85,,,,False
2004-2005,2005,0020401160,20050413/CHIWAS,Final,2005-04-14,02:00,1610612764,WAS,93,1610612741,CHI,82,,,,False
2004-2005,2005,0020401161,20050413/ATLCHA,Final,2005-04-14,01:00,1610612766,CHA,105,1610612737,ATL,84,,,,False
2004-2005,2005,0020401162,20050413/ORLDET,Final,2005-04-14,01:30,1610612765,DET,103,1610612753,ORL,94,,,,False
2004-2005,2005,0020401163,20050413/NJNIND,Final,2005-04-14,02:00,1610612754,IND,90,1610612751,NJN,86,,,,False
2004-2005,2005,0020401164,20050413/BOSMIL,Final,2005-04-14,02:00,1610612749,MIL,108,1610612738,BOS,111,,,,False
2004-2005,2005,0020401165,20050413/GSWMIN,Final,2005-04-14,02:00,1610612750,MIN,116,1610612744,GSW,100,,,,False
2004-2005,2005,0020401166,20050413/MEMHOU,Final,2005-04-14,02:30,1610612745,HOU,100,1610612763,MEM,92,,,,False
2004-2005,2005,0020401167,20050413/NOHDEN,Final,2005-04-14,03:00,1610612743,DEN,116,1610612740,NOH,102,,,,False
2004-2005,2005,0020401168,20050413/DALSEA,Final,2005-04-14,04:30,1610612760,SEA,90,1610612742,DAL,95,,,,False
2004-2005,2005,0020401169,20050413/SASUTA,Final,2005-04-14,03:00,1610612762,UTA,93,1610612759,SAS,91,,,,False
2004-2005,2005,0020401170,20050414/MIAPHI,Final/OT,2005-04-15,02:00,1610612755,PHI,126,1610612748,MIA,119,,,,False
2004-2005,2005,0020401171,20050414/NYKCLE,Final,2005-04-15,02:00,1610612739,CLE,89,1610612752,NYK,95,,,,False
2004-2005,2005,0020401172,20050414/DALPOR,Final,2005-04-15,04:30,1610612757,POR,90,1610612742,DAL,102,,,,False
2004-2005,2005,0020401173,20050415/NJNTOR,Final,2005-04-16,01:00,1610612761,TOR,90,1610612751,NJN,101,,,,False
2004-2005,2005,0020401174,20050415/CLEWAS,Final,2005-04-16,02:00,1610612764,WAS,119,1610612739,CLE,111,,,,False
2004-2005,2005,0020401175,20050415/MIABOS,Final,2005-04-16,01:30,1610612738,BOS,101,1610612748,MIA,99,,,,False
2004-2005,2005,0020401176,20050415/MILDET,Final,2005-04-16,02:00,1610612765,DET,99,1610612749,MIL,73,,,,False
2004-2005,2005,0020401177,20050415/PHIIND,Final,2005-04-16,02:00,1610612754,IND,86,1610612755,PHI,90,,,,False
2004-2005,2005,0020401178,20050415/ORLCHI,Final,2005-04-16,02:30,1610612741,CHI,117,1610612753,ORL,77,,,,False
2004-2005,2005,0020401179,20050415/MEMDEN,Final,2005-04-16,03:00,1610612743,DEN,111,1610612763,MEM,102,,,,False
2004-2005,2005,0020401180,20050415/MINUTA,Final,2005-04-16,03:00,1610612762,UTA,84,1610612750,MIN,100,,,,False
2004-2005,2005,0020401181,20050415/LACPHX,Final,2005-04-16,04:00,1610612756,PHX,98,1610612746,LAC,91,,,,False
2004-2005,2005,0020401182,20050415/SACLAL,Final,2005-04-16,04:30,1610612747,LAL,106,1610612758,SAC,115,,,,False
2004-2005,2005,0020401183,20050415/PORGSW,Final,2005-04-16,04:30,1610612744,GSW,108,1610612757,POR,88,,,,False
2004-2005,2005,0020401184,20050415/NOHSEA,Final,2005-04-16,04:30,1610612760,SEA,97,1610612740,NOH,72,,,,False
2004-2005,2005,0020401185,20050416/NYKCHA,Final,2005-04-16,19:00,1610612766,CHA,98,1610612752,NYK,100,,,,False
2004-2005,2005,0020401186,20050416/CHIATL,Final,2005-04-17,01:00,1610612737,ATL,105,1610612741,CHI,114,,,,False
2004-2005,2005,0020401187,20050416/DENHOU,Final,2005-04-17,01:30,1610612745,HOU,115,1610612743,DEN,87,,,,False
2004-2005,2005,0020401188,20050416/ORLMIL,Final,2005-04-17,02:30,1610612749,MIL,113,1610612753,ORL,103,,,,False
2004-2005,2005,0020401189,20050416/MEMSAS,Final,2005-04-17,02:30,1610612759,SAS,97,1610612763,MEM,75,,,,False
2004-2005,2005,0020401190,20050416/SACPHX,Final,2005-04-17,04:00,1610612756,PHX,116,1610612758,SAC,98,,,,False
2004-2005,2005,0020401191,20050416/NOHLAC,Final,2005-04-17,04:30,1610612746,LAC,94,1610612740,NOH,89,,,,False
2004-2005,2005,0020401192,20050417/CHAWAS,Final,2005-04-17,19:00,1610612764,WAS,106,1610612766,CHA,104,,,,False
2004-2005,2005,0020401193,20050417/INDMIA,Final,2005-04-17,21:30,1610612748,MIA,84,1610612754,IND,80,,,,False
2004-2005,2005,0020401194,20050417/CLEDET,Final,2005-04-17,19:00,1610612765,DET,90,1610612739,CLE,87,,,,False
2004-2005,2005,0020401195,20050417/SEAMIN,Final,2005-04-17,21:30,1610612750,MIN,94,1610612760,SEA,109,,,,False
2004-2005,2005,0020401196,20050417/DALLAL,Final,2005-04-17,21:30,1610612747,LAL,112,1610612742,DAL,114,,,,False
2004-2005,2005,0020401197,20050417/BOSTOR,Final,2005-04-18,00:00,1610612761,TOR,98,1610612738,BOS,103,,,,False
2004-2005,2005,0020401198,20050417/PHINJN,Final,2005-04-18,00:00,1610612751,NJN,104,1610612755,PHI,83,,,,False
2004-2005,2005,0020401199,20050417/ATLNYK,Final/OT,2005-04-18,01:30,1610612752,NYK,135,1610612737,ATL,139,,,,False
2004-2005,2005,0020401200,20050417/UTAPOR,Final,2005-04-18,02:00,1610612757,POR,100,1610612762,UTA,82,,,,False
2004-2005,2005,0020401201,20050418/MILPHI,Final,2005-04-19,01:00,1610612755,PHI,122,1610612749,MIL,106,,,,False
2004-2005,2005,0020401202,20050418/INDORL,Final,2005-04-19,01:00,1610612753,ORL,92,1610612754,IND,88,,,,False
2004-2005,2005,0020401203,20050418/SASMEM,Final,2005-04-19,02:00,1610612763,MEM,94,1610612759,SAS,92,,,,False
2004-2005,2005,0020401204,20050418/MINNOH,Final,2005-04-19,02:00,1610612740,NOH,99,1610612750,MIN,102,,,,False
2004-2005,2005,0020401205,20050418/LACHOU,Final,2005-04-19,02:30,1610612745,HOU,115,1610612746,LAC,90,,,,False
2004-2005,2005,0020401206,20050418/SACUTA,Final,2005-04-19,03:00,1610612762,UTA,92,1610612758,SAC,82,,,,False
2004-2005,2005,0020401207,20050418/DENPHX,Final,2005-04-19,04:00,1610612756,PHX,128,1610612743,DEN,114,,,,False
2004-2005,2005,0020401208,20050418/LALGSW,Final,2005-04-19,04:30,1610612744,GSW,126,1610612747,LAL,99,,,,False
2004-2005,2005,0020401209,20050419/BOSCLE,Final,2005-04-20,01:00,1610612739,CLE,100,1610612738,BOS,86,,,,False
2004-2005,2005,0020401210,20050419/WASNJN,Final,2005-04-20,01:30,1610612751,NJN,109,1610612764,WAS,101,,,,False
2004-2005,2005,0020401211,20050419/DETATL,Final,2005-04-20,01:30,1610612737,ATL,68,1610612765,DET,95,,,,False
2004-2005,2005,0020401212,20050419/CHAMIA,Final,2005-04-20,01:30,1610612748,MIA,99,1610612766,CHA,80,,,,False
2004-2005,2005,0020401213,20050419/TORMIL,Final,2005-04-20,02:00,1610612749,MIL,109,1610612761,TOR,127,,,,False
2004-2005,2005,0020401214,20050419/NYKCHI,Final,2005-04-20,02:30,1610612741,CHI,92,1610612752,NYK,91,,,,False
2004-2005,2005,0020401215,20050419/SEADAL,Final,2005-04-20,02:30,1610612742,DAL,101,1610612760,SEA,96,,,,False
2004-2005,2005,0020401216,20050419/PORDEN,Final,2005-04-20,03:00,1610612743,DEN,119,1610612757,POR,115,,,,False
2004-2005,2005,0020401217,20050420/NJNBOS,Final,2005-04-21,01:00,1610612738,BOS,93,1610612751,NJN,102,,,,False
2004-2005,2005,0020401218,20050420/CLETOR,Final,2005-04-21,01:00,1610612761,TOR,95,1610612739,CLE,104,,,,False
2004-2005,2005,0020401219,20050420/ATLPHI,Final,2005-04-21,01:00,1610612755,PHI,110,1610612737,ATL,86,,,,False
2004-2005,2005,0020401220,20050420/DETCHA,Final,2005-04-21,01:00,1610612766,CHA,97,1610612765,DET,86,,,,False
2004-2005,2005,0020401221,20050420/MIAORL,Final,2005-04-21,01:00,1610612753,ORL,93,1610612748,MIA,98,,,,False
2004-2005,2005,0020401222,20050420/WASNYK,Final,2005-04-21,01:30,1610612752,NYK,113,1610612764,WAS,105,,,,False
2004-2005,2005,0020401223,20050420/CHIIND,Final,2005-04-21,02:00,1610612754,IND,85,1610612741,CHI,83,,,,False
2004-2005,2005,0020401224,20050420/DALMEM,Final,2005-04-21,02:00,1610612763,MEM,88,1610612742,DAL,108,,,,False
2004-2005,2005,0020401225,20050420/LACNOH,Final,2005-04-21,02:00,1610612740,NOH,75,1610612746,LAC,86,,,,False
2004-2005,2005,0020401226,20050420/SASMIN,Final,2005-04-21,02:00,1610612750,MIN,95,1610612759,SAS,73,,,,False
2004-2005,2005,0020401227,20050420/SEAHOU,Final,2005-04-21,02:30,1610612745,HOU,106,1610612760,SEA,78,,,,False
2004-2005,2005,0020401228,20050420/LALPOR,Final,2005-04-21,04:00,1610612757,POR,106,1610612747,LAL,103,,,,False
2004-2005,2005,0020401229,20050420/UTAGSW,Final,2005-04-21,04:30,1610612744,GSW,106,1610612762,UTA,89,,,,False
2004-2005,2005,0020401230,20050420/PHXSAC,Final,2005-04-21,04:30,1610612758,SAC,132,1610612756,PHX,107,,,,False
2004-2005,2005,0040400111,20050423/PHIDET,Final,2005-04-23,21:00,1610612765,DET,106,1610612755,PHI,85,Game 1,East - First Round,1st Round,False
2004-2005,2005,0040400171,20050423/HOUDAL,Final,2005-04-23,23:30,1610612742,DAL,86,1610612745,HOU,98,Game 1,West - First Round,1st Round,False
2004-2005,2005,0040400121,20050423/INDBOS,Final,2005-04-24,02:00,1610612738,BOS,102,1610612754,IND,82,Game 1,East - First Round,1st Round,False
2004-2005,2005,0040400161,20050423/SACSEA,Final,2005-04-24,04:30,1610612760,SEA,87,1610612758,SAC,82,Game 1,West - First Round,1st Round,False
2004-2005,2005,0040400101,20050424/NJNMIA,Final,2005-04-24,21:00,1610612748,MIA,116,1610612751,NJN,98,Game 1,East - First Round,1st Round,False
2004-2005,2005,0040400131,20050424/WASCHI,Final,2005-04-24,23:30,1610612741,CHI,103,1610612764,WAS,94,Game 1,East - First Round,1st Round,False
2004-2005,2005,0040400141,20050424/MEMPHX,Final,2005-04-25,04:30,1610612756,PHX,114,1610612763,MEM,103,Game 1,West - First Round,1st Round,False
2004-2005,2005,0040400151,20050424/DENSAS,Final,2005-04-25,02:00,1610612759,SAS,87,1610612743,DEN,93,Game 1,West - First Round,1st Round,False
2004-2005,2005,0040400122,20050425/INDBOS,Final,2005-04-26,01:00,1610612738,BOS,79,1610612754,IND,82,Game 2,East - First Round,1st Round,False
2004-2005,2005,0040400172,20050425/HOUDAL,Final,2005-04-26,03:30,1610612742,DAL,111,1610612745,HOU,113,Game 2,West - First Round,1st Round,False
2004-2005,2005,0040400102,20050426/NJNMIA,Final,2005-04-27,02:00,1610612748,MIA,104,1610612751,NJN,87,Game 2,East - First Round,1st Round,False
2004-2005,2005,0040400112,20050426/PHIDET,Final,2005-04-27,01:30,1610612765,DET,99,1610612755,PHI,84,Game 2,East - First Round,1st Round,False
2004-2005,2005,0040400162,20050426/SACSEA,Final,2005-04-27,04:30,1610612760,SEA,105,1610612758,SAC,93,Game 2,West - First Round,1st Round,False
2004-2005,2005,0040400132,20050427/WASCHI,Final,2005-04-28,02:30,1610612741,CHI,113,1610612764,WAS,103,Game 2,East - First Round,1st Round,False
2004-2005,2005,0040400142,20050427/MEMPHX,Final,2005-04-28,04:30,1610612756,PHX,108,1610612763,MEM,103,Game 2,West - First Round,1st Round,False
2004-2005,2005,0040400152,20050427/DENSAS,Final,2005-04-28,02:00,1610612759,SAS,104,1610612743,DEN,76,Game 2,West - First Round,1st Round,False
2004-2005,2005,0040400103,20050428/MIANJN,Final/OT2,2005-04-29,01:00,1610612751,NJN,105,1610612748,MIA,108,Game 3,East - First Round,1st Round,False
2004-2005,2005,0040400123,20050428/BOSIND,Final,2005-04-29,02:30,1610612754,IND,99,1610612738,BOS,76,Game 3,East - First Round,1st Round,False
2004-2005,2005,0040400173,20050428/DALHOU,Final,2005-04-29,03:30,1610612745,HOU,102,1610612742,DAL,106,Game 3,West - First Round,1st Round,False
2004-2005,2005,0040400113,20050429/DETPHI,Final,2005-04-30,02:00,1610612755,PHI,115,1610612765,DET,104,Game 3,East - First Round,1st Round,False
2004-2005,2005,0040400143,20050429/PHXMEM,Final,2005-04-30,03:00,1610612763,MEM,90,1610612756,PHX,110,Game 3,West - First Round,1st Round,False
2004-2005,2005,0040400163,20050429/SEASAC,Final,2005-04-30,04:30,1610612758,SAC,116,1610612760,SEA,104,Game 3,West - First Round,1st Round,False
2004-2005,2005,0040400124,20050430/BOSIND,Final,2005-05-01,02:00,1610612754,IND,79,1610612738,BOS,110,Game 4,East - First Round,1st Round,False
2004-2005,2005,0040400133,20050430/CHIWAS,Final,2005-04-30,21:00,1610612764,WAS,117,1610612741,CHI,99,Game 3,East - First Round,1st Round,False
2004-2005,2005,0040400153,20050430/SASDEN,Final,2005-05-01,04:30,1610612743,DEN,78,1610612759,SAS,86,Game 3,West - First Round,1st Round,False
2004-2005,2005,0040400174,20050430/DALHOU,Final,2005-04-30,23:30,1610612745,HOU,93,1610612742,DAL,97,Game 4,West - First Round,1st Round,False
2004-2005,2005,0040400104,20050501/MIANJN,Final,2005-05-01,21:30,1610612751,NJN,97,1610612748,MIA,110,Game 4,East - First Round,1st Round,False
2004-2005,2005,0040400114,20050501/DETPHI,Final/OT,2005-05-01,19:00,1610612755,PHI,92,1610612765,DET,97,Game 4,East - First Round,1st Round,False
2004-2005,2005,0040400144,20050501/PHXMEM,Final,2005-05-02,02:00,1610612763,MEM,115,1610612756,PHX,123,Game 4,West - First Round,1st Round,False
2004-2005,2005,0040400164,20050501/SEASAC,Final,2005-05-02,04:30,1610612758,SAC,102,1610612760,SEA,115,Game 4,West - First Round,1st Round,False
2004-2005,2005,0040400134,20050502/CHIWAS,Final,2005-05-03,01:30,1610612764,WAS,106,1610612741,CHI,99,Game 4,East - First Round,1st Round,False
2004-2005,2005,0040400154,20050502/SASDEN,Final/OT,2005-05-03,04:30,1610612743,DEN,115,1610612759,SAS,126,Game 4,West - First Round,1st Round,False
2004-2005,2005,0040400175,20050502/HOUDAL,Final,2005-05-03,02:00,1610612742,DAL,103,1610612745,HOU,100,Game 5,West - First Round,1st Round,False
2004-2005,2005,0040400115,20050503/PHIDET,Final,2005-05-04,02:00,1610612765,DET,88,1610612755,PHI,78,Game 5,East - First Round,1st Round,False
2004-2005,2005,0040400125,20050503/INDBOS,Final,2005-05-04,01:30,1610612738,BOS,85,1610612754,IND,90,Game 5,East - First Round,1st Round,False
2004-2005,2005,0040400165,20050503/SACSEA,Final,2005-05-04,04:30,1610612760,SEA,122,1610612758,SAC,118,Game 5,West - First Round,1st Round,False
2004-2005,2005,0040400135,20050504/WASCHI,Final,2005-05-05,01:00,1610612741,CHI,110,1610612764,WAS,112,Game 5,East - First Round,1st Round,False
2004-2005,2005,0040400155,20050504/DENSAS,Final,2005-05-05,03:30,1610612759,SAS,99,1610612743,DEN,89,Game 5,West - First Round,1st Round,False
2004-2005,2005,0040400126,20050505/BOSIND,Final/OT,2005-05-06,01:00,1610612754,IND,89,1610612738,BOS,92,Game 6,East - First Round,1st Round,False
2004-2005,2005,0040400176,20050505/DALHOU,Final,2005-05-06,03:30,1610612745,HOU,101,1610612742,DAL,83,Game 6,West - First Round,1st Round,False
2004-2005,2005,0040400136,20050506/CHIWAS,Final,2005-05-07,02:00,1610612764,WAS,94,1610612741,CHI,91,Game 6,East - First Round,1st Round,False
2004-2005,2005,0040400127,20050507/INDBOS,Final,2005-05-08,01:00,1610612738,BOS,70,1610612754,IND,97,Game 7,East - First Round,1st Round,False
2004-2005,2005,0040400177,20050507/HOUDAL,Final,2005-05-08,03:30,1610612742,DAL,116,1610612745,HOU,76,Game 7,West - First Round,1st Round,False
2004-2005,2005,0040400201,20050508/WASMIA,Final,2005-05-08,21:30,1610612748,MIA,105,1610612764,WAS,86,Game 1,East - Conf. Semifinals,Conf. Semifinals,False
2004-2005,2005,0040400231,20050508/SEASAS,Final,2005-05-09,02:00,1610612759,SAS,103,1610612760,SEA,81,Game 1,West - Conf. Semifinals,Conf. Semifinals,False
2004-2005,2005,0040400211,20050509/INDDET,Final,2005-05-10,02:00,1610612765,DET,96,1610612754,IND,81,Game 1,East - Conf. Semifinals,Conf. Semifinals,False
2004-2005,2005,0040400221,20050509/DALPHX,Final,2005-05-10,04:30,1610612756,PHX,127,1610612742,DAL,102,Game 1,West - Conf. Semifinals,Conf. Semifinals,False
2004-2005,2005,0040400202,20050510/WASMIA,Final,2005-05-11,01:00,1610612748,MIA,108,1610612764,WAS,102,Game 2,East - Conf. Semifinals,Conf. Semifinals,False
2004-2005,2005,0040400232,20050510/SEASAS,Final,2005-05-11,03:30,1610612759,SAS,108,1610612760,SEA,91,Game 2,West - Conf. Semifinals,Conf. Semifinals,False
2004-2005,2005,0040400212,20050511/INDDET,Final,2005-05-12,02:00,1610612765,DET,83,1610612754,IND,92,Game 2,East - Conf. Semifinals,Conf. Semifinals,False
2004-2005,2005,0040400222,20050511/DALPHX,Final,2005-05-12,04:30,1610612756,PHX,106,1610612742,DAL,108,Game 2,West - Conf. Semifinals,Conf. Semifinals,False
2004-2005,2005,0040400203,20050512/MIAWAS,Final,2005-05-13,02:00,1610612764,WAS,95,1610612748,MIA,102,Game 3,East - Conf. Semifinals,Conf. Semifinals,False
2004-2005,2005,0040400233,20050512/SASSEA,Final,2005-05-13,04:30,1610612760,SEA,92,1610612759,SAS,91,Game 3,West - Conf. Semifinals,Conf. Semifinals,False
2004-2005,2005,0040400213,20050513/DETIND,Final,2005-05-14,01:00,1610612754,IND,79,1610612765,DET,74,Game 3,East - Conf. Semifinals,Conf. Semifinals,False
2004-2005,2005,0040400223,20050513/PHXDAL,Final,2005-05-14,03:30,1610612742,DAL,102,1610612756,PHX,119,Game 3,West - Conf. Semifinals,Conf. Semifinals,False
2004-2005,2005,0040400204,20050514/MIAWAS,Final,2005-05-15,02:00,1610612764,WAS,95,1610612748,MIA,99,Game 4,East - Conf. Semifinals,Conf. Semifinals,False
2004-2005,2005,0040400214,20050515/DETIND,Final,2005-05-15,21:30,1610612754,IND,76,1610612765,DET,89,Game 4,East - Conf. Semifinals,Conf. Semifinals,False
2004-2005,2005,0040400224,20050515/PHXDAL,Final,2005-05-16,03:30,1610612742,DAL,119,1610612756,PHX,109,Game 4,West - Conf. Semifinals,Conf. Semifinals,False
2004-2005,2005,0040400234,20050515/SASSEA,Final,2005-05-16,01:00,1610612760,SEA,101,1610612759,SAS,89,Game 4,West - Conf. Semifinals,Conf. Semifinals,False
2004-2005,2005,0040400215,20050517/INDDET,Final,2005-05-18,01:00,1610612765,DET,86,1610612754,IND,67,Game 5,East - Conf. Semifinals,Conf. Semifinals,False
2004-2005,2005,0040400235,20050517/SEASAS,Final,2005-05-18,03:30,1610612759,SAS,103,1610612760,SEA,90,Game 5,West - Conf. Semifinals,Conf. Semifinals,False
2004-2005,2005,0040400225,20050518/DALPHX,Final,2005-05-19,03:00,1610612756,PHX,114,1610612742,DAL,108,Game 5,West - Conf. Semifinals,Conf. Semifinals,False
2004-2005,2005,0040400216,20050519/DETIND,Final,2005-05-20,02:00,1610612754,IND,79,1610612765,DET,88,Game 6,East - Conf. Semifinals,Conf. Semifinals,False
2004-2005,2005,0040400236,20050519/SASSEA,Final,2005-05-20,04:30,1610612760,SEA,96,1610612759,SAS,98,Game 6,West - Conf. Semifinals,Conf. Semifinals,False
2004-2005,2005,0040400226,20050520/PHXDAL,Final/OT,2005-05-21,03:00,1610612742,DAL,126,1610612756,PHX,130,Game 6,West - Conf. Semifinals,Conf. Semifinals,False
2004-2005,2005,0040400311,20050522/SASPHX,Final,2005-05-22,21:30,1610612756,PHX,114,1610612759,SAS,121,Game 1,West - Conf. Finals,Conf. Finals,False
2004-2005,2005,0040400301,20050523/DETMIA,Final,2005-05-24,02:00,1610612748,MIA,81,1610612765,DET,90,Game 1,East - Conf. Finals,Conf. Finals,False
2004-2005,2005,0040400312,20050524/SASPHX,Final,2005-05-25,03:00,1610612756,PHX,108,1610612759,SAS,111,Game 2,West - Conf. Finals,Conf. Finals,False
2004-2005,2005,0040400302,20050525/DETMIA,Final,2005-05-26,02:00,1610612748,MIA,92,1610612765,DET,86,Game 2,East - Conf. Finals,Conf. Finals,False
2004-2005,2005,0040400313,20050528/PHXSAS,Final,2005-05-29,03:00,1610612759,SAS,102,1610612756,PHX,92,Game 3,West - Conf. Finals,Conf. Finals,False
2004-2005,2005,0040400303,20050529/MIADET,Final,2005-05-30,02:00,1610612765,DET,104,1610612748,MIA,113,Game 3,East - Conf. Finals,Conf. Finals,False
2004-2005,2005,0040400314,20050530/PHXSAS,Final,2005-05-31,02:30,1610612759,SAS,106,1610612756,PHX,111,Game 4,West - Conf. Finals,Conf. Finals,False
2004-2005,2005,0040400304,20050531/MIADET,Final,2005-06-01,02:00,1610612765,DET,106,1610612748,MIA,96,Game 4,East - Conf. Finals,Conf. Finals,False
2004-2005,2005,0040400315,20050601/SASPHX,Final,2005-06-02,03:00,1610612756,PHX,95,1610612759,SAS,101,Game 5,West - Conf. Finals,Conf. Finals,False
2004-2005,2005,0040400305,20050602/DETMIA,Final,2005-06-03,02:00,1610612748,MIA,88,1610612765,DET,76,Game 5,East - Conf. Finals,Conf. Finals,False
2004-2005,2005,0040400306,20050604/MIADET,Final,2005-06-05,02:00,1610612765,DET,91,1610612748,MIA,66,Game 6,East - Conf. Finals,Conf. Finals,False
2004-2005,2005,0040400307,20050606/DETMIA,Final,2005-06-07,02:00,1610612748,MIA,82,1610612765,DET,88,Game 7,East - Conf. Finals,Conf. Finals,False
2004-2005,2005,0040400401,20050609/DETSAS,Final,2005-06-10,03:00,1610612759,SAS,84,1610612765,DET,69,Game 1,NBA Finals,NBA Finals,False
2004-2005,2005,0040400402,20050612/DETSAS,Final,2005-06-13,03:00,1610612759,SAS,97,1610612765,DET,76,Game 2,NBA Finals,NBA Finals,False
2004-2005,2005,0040400403,20050614/SASDET,Final,2005-06-15,03:00,1610612765,DET,96,1610612759,SAS,79,Game 3,NBA Finals,NBA Finals,False
2004-2005,2005,0040400404,20050616/SASDET,Final,2005-06-17,03:00,1610612765,DET,102,1610612759,SAS,71,Game 4,NBA Finals,NBA Finals,False
2004-2005,2005,0040400405,20050619/SASDET,Final/OT,2005-06-20,03:00,1610612765,DET,95,1610612759,SAS,96,Game 5,NBA Finals,NBA Finals,False
2004-2005,2005,0040400406,20050621/DETSAS,Final,2005-06-22,03:00,1610612759,SAS,86,1610612765,DET,95,Game 6,NBA Finals,NBA Finals,False
2004-2005,2005,0040400407,20050623/DETSAS,Final,2005-06-24,03:00,1610612759,SAS,81,1610612765,DET,74,Game 7,NBA Finals,NBA Finals,False
2004-2005,2005,0040401000,,,2005-06-28,02:00,0,,0,0,,0,,,,False
2004-2005,2005,0040401001,,,2005-06-29,01:30,0,,0,0,,0,,,,False
