Saison,Année,gameId,gameCode,gameStatusText,dateParis,heureParis,homeTeamId,homeTeamTricode,homeTeamScore,awayTeamId,awayTeamTricode,awayTeamScore,seriesGameNumber,gameLabel,poRoundDesc,ifNecessary
2008-2009,2009,0010800001,20081005/DETMIA,Final/OT,2008-10-06,00:30,1610612748,MIA,91,1610612765,DET,95,,,,False
2008-2009,2009,0010800002,20081005/GSWNOH,Final,2008-10-06,01:00,1610612740,NOH,106,1610612744,GSW,103,,,,False
2008-2009,2009,0010800003,20081006/ATLORL,Final,2008-10-07,01:00,1610612753,ORL,101,1610612737,ATL,118,,,,False
2008-2009,2009,0010800004,20081006/MINMIL,Final,2008-10-07,02:00,1610612749,MIL,79,1610612750,MIN,117,,,,False
2008-2009,2009,0010800007,20081007/UTALAL,Final,2008-10-08,04:00,1610612747,LAL,90,1610612762,UTA,99,,,,False
2008-2009,2009,0010800005,20081007/TORCLE,Final,2008-10-08,01:00,1610612739,CLE,84,1610612761,TOR,104,,,,False
2008-2009,2009,0010800008,20081007/WASDAL,Final,2008-10-08,02:30,1610612742,DAL,108,1610612764,WAS,82,,,,False
2008-2009,2009,0010800009,20081007/MEMHOU,Final,2008-10-08,02:30,1610612745,HOU,96,1610612763,MEM,93,,,,False
2008-2009,2009,0010800006,20081007/SACPOR,Final,2008-10-08,04:00,1610612757,POR,110,1610612758,SAC,81,,,,False
2008-2009,2009,0010800016,20081008/ATLPHX,Final,2008-10-09,04:00,1610612756,PHX,96,1610612737,ATL,100,,,,False
2008-2009,2009,0010800015,20081008/OKCMIN,Final,2008-10-09,03:00,1610612750,MIN,88,1610612760,OKC,82,,,,False
2008-2009,2009,0010800010,20081008/NYKTOR,Final,2008-10-09,01:00,1610612761,TOR,113,1610612752,NYK,111,,,,False
2008-2009,2009,0010800011,20081008/BOSPHI,Final,2008-10-09,01:00,1610612755,PHI,98,1610612738,BOS,92,,,,False
2008-2009,2009,0010800012,20081008/CHAORL,Final,2008-10-09,01:00,1610612753,ORL,118,1610612766,CHA,80,,,,False
2008-2009,2009,0010800013,20081008/NOHIND,Final,2008-10-09,01:00,1610612754,IND,71,1610612740,NOH,105,,,,False
2008-2009,2009,0010800014,20081008/WASMEM,Final,2008-10-09,02:00,1610612763,MEM,80,1610612764,WAS,89,,,,False
2008-2009,2009,0010800018,20081008/MILDET,Final,2008-10-09,01:30,1610612765,DET,85,1610612749,MIL,71,,,,False
2008-2009,2009,0010800017,20081008/GSWPOR,Final,2008-10-09,04:00,1610612757,POR,95,1610612744,GSW,110,,,,False
2008-2009,2009,0010800023,20081009/NJNMIA,Final/OT,2008-10-09,20:00,1610612748,MIA,98,1610612751,NJN,100,,,,False
2008-2009,2009,0010800021,20081009/DALCHI,Final,2008-10-10,02:30,1610612741,CHI,102,1610612742,DAL,110,,,,False
2008-2009,2009,0010800022,20081009/SASHOU,Final,2008-10-10,02:30,1610612745,HOU,85,1610612759,SAS,78,,,,False
2008-2009,2009,0010800019,20081009/PHXUTA,Final,2008-10-10,03:00,1610612762,UTA,89,1610612756,PHX,96,,,,False
2008-2009,2009,0010800020,20081009/LACLAL,Final,2008-10-10,04:00,1610612747,LAL,80,1610612746,LAC,107,,,,False
2008-2009,2009,0010800024,20081010/NYKPHI,Final,2008-10-11,01:00,1610612755,PHI,104,1610612752,NYK,110,,,,False
2008-2009,2009,0010800025,20081010/DETWAS,Final,2008-10-11,01:00,1610612764,WAS,62,1610612765,DET,73,,,,False
2008-2009,2009,0010800026,20081010/MOSORL,Final,2008-10-11,01:00,1610612753,ORL,94,12308,MOS,66,,,,False
2008-2009,2009,0010800027,20081010/CHIIND,Final,2008-10-11,01:00,1610612754,IND,102,1610612741,CHI,95,,,,False
2008-2009,2009,0010800032,20081010/CLEBOS,Final,2008-10-11,01:30,1610612738,BOS,96,1610612739,CLE,94,,,,False
2008-2009,2009,0010800028,20081010/CHAMEM,Final,2008-10-11,02:00,1610612763,MEM,92,1610612766,CHA,79,,,,False
2008-2009,2009,0010800031,20081010/ATLPOR,Final,2008-10-11,02:00,1610612757,POR,102,1610612737,ATL,80,,,,False
2008-2009,2009,0010800033,20081010/DALMIL,Final,2008-10-11,02:30,1610612749,MIL,79,1610612742,DAL,105,,,,False
2008-2009,2009,0010800034,20081010/NOHSAS,Final,2008-10-11,02:30,1610612759,SAS,84,1610612740,NOH,89,,,,False
2008-2009,2009,0010800029,20081010/MINDEN,Final,2008-10-11,03:00,1610612743,DEN,118,1610612750,MIN,95,,,,False
2008-2009,2009,0010800030,20081010/OKCSAC,Final,2008-10-11,04:00,1610612758,SAC,94,1610612760,OKC,85,,,,False
2008-2009,2009,0010800036,20081011/HOUBOS,Final,2008-10-12,01:30,1610612738,BOS,90,1610612745,HOU,89,,,,False
2008-2009,2009,0010800037,20081011/DETMIL,Final,2008-10-12,02:30,1610612749,MIL,99,1610612765,DET,111,,,,False
2008-2009,2009,0010800035,20081011/DENPHX,Final,2008-10-12,04:00,1610612756,PHX,72,1610612743,DEN,77,,,,False
2008-2009,2009,0010800038,20081011/OKCGSW,Final,2008-10-12,04:30,1610612744,GSW,122,1610612760,OKC,102,,,,False
2008-2009,2009,0010800039,20081012/PHITOR,Final,2008-10-12,19:00,1610612761,TOR,79,1610612755,PHI,85,,,,False
2008-2009,2009,0010800042,20081012/MIANJN,Final,2008-10-12,20:00,1610612751,NJN,94,1610612748,MIA,92,,,,False
2008-2009,2009,0010800040,20081012/UTAPOR,Final,2008-10-13,00:00,1610612757,POR,80,1610612762,UTA,93,,,,False
2008-2009,2009,0010800041,20081012/SACLAL,Final,2008-10-13,03:30,1610612747,LAL,94,1610612758,SAC,89,,,,False
2008-2009,2009,0010800043,20081013/CHAATL,Final,2008-10-14,01:00,1610612737,ATL,88,1610612766,CHA,87,,,,False
2008-2009,2009,0010800044,20081013/INDMEM,Final,2008-10-14,02:00,1610612763,MEM,103,1610612754,IND,95,,,,False
2008-2009,2009,0010800045,20081013/OKCHOU,Final,2008-10-14,02:30,1610612745,HOU,104,1610612760,OKC,110,,,,False
2008-2009,2009,0010800052,20081014/WASNOH,Final,2008-10-14,20:00,1610612740,NOH,96,1610612764,WAS,80,,,,False
2008-2009,2009,0010800046,20081014/MOSTOR,Final,2008-10-15,01:00,1610612761,TOR,86,12308,MOS,78,,,,False
2008-2009,2009,0010800047,20081014/SASDET,Final,2008-10-15,01:00,1610612765,DET,64,1610612759,SAS,86,,,,False
2008-2009,2009,0010800049,20081014/PHINYK,Final,2008-10-15,01:30,1610612752,NYK,109,1610612755,PHI,116,,,,False
2008-2009,2009,0010800050,20081014/BOSCLE,Final,2008-10-15,01:30,1610612739,CLE,86,1610612738,BOS,90,,,,False
2008-2009,2009,0010800048,20081014/LACOKC,Final,2008-10-15,02:00,1610612760,OKC,88,1610612746,LAC,90,,,,False
2008-2009,2009,0010800051,20081014/MINCHI,Final,2008-10-15,02:30,1610612741,CHI,86,1610612750,MIN,96,,,,False
2008-2009,2009,0010800058,20081015/GSWMIL,Final,2008-10-15,14:00,1610612749,MIL,98,1610612744,GSW,94,,,,False
2008-2009,2009,0010800053,20081015/PHXATL,Final,2008-10-16,01:00,1610612737,ATL,100,1610612756,PHX,102,,,,False
2008-2009,2009,0010800054,20081015/DALIND,Final,2008-10-16,01:00,1610612754,IND,100,1610612742,DAL,93,,,,False
2008-2009,2009,0010800055,20081015/HOUMEM,Final,2008-10-16,02:00,1610612763,MEM,97,1610612745,HOU,101,,,,False
2008-2009,2009,0010800056,20081015/UTADEN,Final/OT,2008-10-16,03:00,1610612743,DEN,120,1610612762,UTA,119,,,,False
2008-2009,2009,0010800057,20081015/LACSAC,Final,2008-10-16,04:00,1610612758,SAC,112,1610612746,LAC,116,,,,False
2008-2009,2009,0010800059,20081016/ORLCHA,Final,2008-10-16,16:30,1610612766,CHA,84,1610612753,ORL,94,,,,False
2008-2009,2009,0010800060,20081016/MINTOR,Final,2008-10-17,01:00,1610612761,TOR,86,1610612750,MIN,90,,,,False
2008-2009,2009,0010800061,20081016/SASCLE,Final,2008-10-17,01:00,1610612739,CLE,70,1610612759,SAS,91,,,,False
2008-2009,2009,0010800062,20081016/BOSNJN,Final,2008-10-17,01:30,1610612751,NJN,108,1610612738,BOS,111,,,,False
2008-2009,2009,0010800063,20081016/DALDET,Final,2008-10-17,01:30,1610612765,DET,85,1610612742,DAL,81,,,,False
2008-2009,2009,0010800069,20081017/NOHWAS,Final,2008-10-17,21:30,1610612764,WAS,80,1610612740,NOH,102,,,,False
2008-2009,2009,0010800064,20081017/MEMIND,Final,2008-10-18,01:00,1610612754,IND,112,1610612763,MEM,86,,,,False
2008-2009,2009,0010800065,20081017/NYKBOS,Final,2008-10-18,01:30,1610612738,BOS,97,1610612752,NYK,104,,,,False
2008-2009,2009,0010800068,20081017/PHXDEN,Final,2008-10-18,01:30,1610612743,DEN,94,1610612756,PHX,91,,,,False
2008-2009,2009,0010800066,20081017/UTACHI,Final,2008-10-18,02:30,1610612741,CHI,108,1610612762,UTA,105,,,,False
2008-2009,2009,0010800067,20081017/SACHOU,Final,2008-10-18,02:30,1610612745,HOU,95,1610612758,SAC,90,,,,False
2008-2009,2009,0010800070,20081017/MILGSW,Final,2008-10-18,05:30,1610612744,GSW,109,1610612749,MIL,108,,,,False
2008-2009,2009,0010800072,20081018/ATLCHA,Final,2008-10-19,01:00,1610612766,CHA,96,1610612737,ATL,102,,,,False
2008-2009,2009,0010800071,20081018/TORLAC,Final,2008-10-19,01:30,1610612746,LAC,89,1610612761,TOR,93,,,,False
2008-2009,2009,0010800073,20081018/ORLMIA,Final,2008-10-19,01:30,1610612748,MIA,92,1610612753,ORL,100,,,,False
2008-2009,2009,0010800074,20081018/PHICLE,Final,2008-10-19,01:30,1610612739,CLE,100,1610612755,PHI,93,,,,False
2008-2009,2009,0010800075,20081018/UTACHI,Final,2008-10-19,02:30,1610612741,CHI,80,1610612762,UTA,88,,,,False
2008-2009,2009,0010800076,20081018/INDSAS,Final,2008-10-19,02:30,1610612759,SAS,106,1610612754,IND,98,,,,False
2008-2009,2009,0010800078,20081018/SACDAL,Final,2008-10-19,03:00,1610612742,DAL,124,1610612758,SAC,109,,,,False
2008-2009,2009,0010800077,20081018/BARLAL,Final,2008-10-19,04:30,1610612747,LAL,108,12304,BAR,104,,,,False
2008-2009,2009,0010800079,20081019/NJNBOS,Final,2008-10-19,21:30,1610612738,BOS,83,1610612751,NJN,66,,,,False
2008-2009,2009,0010800081,20081019/DENMIN,Final,2008-10-20,00:30,1610612750,MIN,111,1610612743,DEN,107,,,,False
2008-2009,2009,0010800080,20081019/LACBAR,Final,2008-10-20,01:30,12304,BAR,109,1610612746,LAC,114,,,,False
2008-2009,2009,0010800082,20081019/TORLAL,Final,2008-10-20,04:30,1610612747,LAL,112,1610612761,TOR,89,,,,False
2008-2009,2009,0010800083,20081020/ORLATL,Final,2008-10-21,01:00,1610612737,ATL,103,1610612753,ORL,109,,,,False
2008-2009,2009,0010800086,20081020/NYKNJN,Final,2008-10-21,01:30,1610612751,NJN,106,1610612752,NYK,114,,,,False
2008-2009,2009,0010800084,20081020/CHAPHX,Final/OT2,2008-10-21,04:00,1610612756,PHX,111,1610612766,CHA,108,,,,False
2008-2009,2009,0010800085,20081020/PORSAC,Final,2008-10-21,04:00,1610612758,SAC,98,1610612757,POR,112,,,,False
2008-2009,2009,0010800087,20081021/CLEPHI,Final,2008-10-22,01:00,1610612755,PHI,83,1610612739,CLE,91,,,,False
2008-2009,2009,0010800091,20081021/BOSNYK,Final,2008-10-22,01:30,1610612752,NYK,90,1610612738,BOS,101,,,,False
2008-2009,2009,0010800092,20081021/MEMMIA,Final,2008-10-22,01:30,1610612748,MIA,102,1610612763,MEM,85,,,,False
2008-2009,2009,0010800089,20081021/INDNOH,Final,2008-10-22,02:00,1610612740,NOH,101,1610612754,IND,96,,,,False
2008-2009,2009,0010800093,20081021/CHIDAL,Final,2008-10-22,02:30,1610612742,DAL,105,1610612741,CHI,109,,,,False
2008-2009,2009,0010800088,20081021/DENTOR,Final,2008-10-22,03:00,1610612761,TOR,94,1610612743,DEN,105,,,,False
2008-2009,2009,0010800090,20081021/CHALAL,Final,2008-10-22,04:00,1610612747,LAL,102,1610612766,CHA,98,,,,False
2008-2009,2009,0010800094,20081021/LRYGSW,Final,2008-10-22,04:30,1610612744,GSW,126,12314,LRY,106,,,,False
2008-2009,2009,0010800095,20081021/PHXLAC,Final,2008-10-22,04:30,1610612746,LAC,69,1610612756,PHX,86,,,,False
2008-2009,2009,0010800096,20081022/MEMORL,Final,2008-10-23,01:00,1610612753,ORL,101,1610612763,MEM,90,,,,False
2008-2009,2009,0010800098,20081022/PHINJN,Final,2008-10-23,01:30,1610612751,NJN,100,1610612755,PHI,118,,,,False
2008-2009,2009,0010800099,20081022/CLEDET,Final,2008-10-23,01:30,1610612765,DET,97,1610612739,CLE,79,,,,False
2008-2009,2009,0010800097,20081022/CHIMIN,Final,2008-10-23,02:00,1610612750,MIN,75,1610612741,CHI,85,,,,False
2008-2009,2009,0010800100,20081022/WASSAS,Final,2008-10-23,02:30,1610612759,SAS,95,1610612764,WAS,100,,,,False
2008-2009,2009,0010800101,20081022/PORLAC,Final,2008-10-23,04:30,1610612746,LAC,75,1610612757,POR,87,,,,False
2008-2009,2009,0010800107,20081023/ATLDET,Final,2008-10-24,01:30,1610612765,DET,87,1610612737,ATL,88,,,,False
2008-2009,2009,0010800102,20081023/MILMIN,Final,2008-10-24,02:00,1610612750,MIN,95,1610612749,MIL,76,,,,False
2008-2009,2009,0010800108,20081023/MIANOH,Final,2008-10-24,02:30,1610612740,NOH,100,1610612748,MIA,80,,,,False
2008-2009,2009,0010800109,20081023/INDDAL,Final,2008-10-24,02:30,1610612742,DAL,91,1610612754,IND,114,,,,False
2008-2009,2009,0010800103,20081023/PORUTA,Final,2008-10-24,03:00,1610612762,UTA,100,1610612757,POR,89,,,,False
2008-2009,2009,0010800104,20081023/OKCPHX,Final,2008-10-24,04:00,1610612756,PHX,102,1610612760,OKC,93,,,,False
2008-2009,2009,0010800105,20081023/HOUSAC,Final,2008-10-24,04:00,1610612758,SAC,97,1610612745,HOU,110,,,,False
2008-2009,2009,0010800106,20081023/CHALAL,Final,2008-10-24,04:00,1610612747,LAL,88,1610612766,CHA,77,,,,False
2008-2009,2009,0010800111,20081024/NJNNYK,Final,2008-10-25,01:30,1610612752,NYK,110,1610612751,NJN,111,,,,False
2008-2009,2009,0010800112,20081024/WASCLE,Final,2008-10-25,02:00,1610612739,CLE,107,1610612764,WAS,80,,,,False
2008-2009,2009,0010800113,20081024/MILCHI,Final/OT,2008-10-25,02:30,1610612741,CHI,112,1610612749,MIL,104,,,,False
2008-2009,2009,0010800114,20081024/MIASAS,Final,2008-10-25,02:30,1610612759,SAS,93,1610612748,MIA,96,,,,False
2008-2009,2009,0010800110,20081024/OKCLAL,Final,2008-10-25,04:30,1610612747,LAL,105,1610612760,OKC,94,,,,False
2008-2009,2009,0010800115,20081024/DENLAC,Final,2008-10-25,04:30,1610612746,LAC,92,1610612743,DEN,106,,,,False
2008-2009,2009,0020800001,20081028/CLEBOS,Final,2008-10-29,01:00,1610612738,BOS,90,1610612739,CLE,85,,,,False
2008-2009,2009,0020800002,20081028/MILCHI,Final,2008-10-29,01:30,1610612741,CHI,108,1610612749,MIL,95,,,,False
2008-2009,2009,0020800003,20081028/PORLAL,Final,2008-10-29,03:30,1610612747,LAL,96,1610612757,POR,76,,,,False
2008-2009,2009,0020800005,20081029/TORPHI,Final,2008-10-29,23:00,1610612755,PHI,84,1610612761,TOR,95,,,,False
2008-2009,2009,0020800004,20081029/ATLORL,Final,2008-10-30,00:00,1610612753,ORL,85,1610612737,ATL,99,,,,False
2008-2009,2009,0020800006,20081029/NJNWAS,Final,2008-10-30,00:00,1610612764,WAS,85,1610612751,NJN,95,,,,False
2008-2009,2009,0020800007,20081029/MIANYK,Final,2008-10-30,00:30,1610612752,NYK,120,1610612748,MIA,115,,,,False
2008-2009,2009,0020800008,20081029/INDDET,Final,2008-10-30,01:00,1610612765,DET,100,1610612754,IND,94,,,,False
2008-2009,2009,0020800009,20081029/SACMIN,Final,2008-10-30,01:00,1610612750,MIN,98,1610612758,SAC,96,,,,False
2008-2009,2009,0020800010,20081029/MILOKC,Final,2008-10-30,01:00,1610612760,OKC,87,1610612749,MIL,98,,,,False
2008-2009,2009,0020800011,20081029/PHXSAS,Final,2008-10-30,01:00,1610612759,SAS,98,1610612756,PHX,103,,,,False
2008-2009,2009,0020800012,20081029/MEMHOU,Final,2008-10-30,01:30,1610612745,HOU,82,1610612763,MEM,71,,,,False
2008-2009,2009,0020800013,20081029/DENUTA,Final,2008-10-30,02:00,1610612762,UTA,98,1610612743,DEN,94,,,,False
2008-2009,2009,0020800014,20081029/NOHGSW,Final,2008-10-30,03:30,1610612744,GSW,103,1610612740,NOH,108,,,,False
2008-2009,2009,0020800015,20081029/LALLAC,Final,2008-10-30,03:30,1610612746,LAC,79,1610612747,LAL,117,,,,False
2008-2009,2009,0020800016,20081030/CHACLE,Final,2008-10-31,00:00,1610612739,CLE,96,1610612766,CHA,79,,,,False
2008-2009,2009,0020800017,20081030/HOUDAL,Final,2008-10-31,01:00,1610612742,DAL,102,1610612745,HOU,112,,,,False
2008-2009,2009,0020800018,20081030/NOHPHX,Final,2008-10-31,03:30,1610612756,PHX,95,1610612740,NOH,108,,,,False
2008-2009,2009,0020800019,20081031/NYKPHI,Final,2008-11-01,00:00,1610612755,PHI,116,1610612752,NYK,87,,,,False
2008-2009,2009,0020800020,20081031/GSWTOR,Final/OT,2008-11-01,00:00,1610612761,TOR,112,1610612744,GSW,108,,,,False
2008-2009,2009,0020800021,20081031/SACMIA,Final,2008-11-01,00:30,1610612748,MIA,103,1610612758,SAC,77,,,,False
2008-2009,2009,0020800022,20081031/CHIBOS,Final,2008-11-01,01:00,1610612738,BOS,96,1610612741,CHI,80,,,,False
2008-2009,2009,0020800023,20081031/ORLMEM,Final,2008-11-01,01:00,1610612763,MEM,86,1610612753,ORL,84,,,,False
2008-2009,2009,0020800024,20081031/DENLAC,Final/OT,2008-11-01,03:30,1610612746,LAC,103,1610612743,DEN,113,,,,False
2008-2009,2009,0020800025,20081031/SASPOR,Final,2008-11-01,03:30,1610612757,POR,100,1610612759,SAS,99,,,,False
2008-2009,2009,0020800026,20081101/PHIATL,Final,2008-11-02,00:00,1610612737,ATL,95,1610612755,PHI,88,,,,False
2008-2009,2009,0020800027,20081101/MIACHA,Final,2008-11-02,00:00,1610612766,CHA,100,1610612748,MIA,87,,,,False
2008-2009,2009,0020800028,20081101/BOSIND,Final,2008-11-02,00:00,1610612754,IND,95,1610612738,BOS,79,,,,False
2008-2009,2009,0020800029,20081101/SACORL,Final,2008-11-02,00:00,1610612753,ORL,121,1610612758,SAC,103,,,,False
2008-2009,2009,0020800030,20081101/WASDET,Final,2008-11-02,00:30,1610612765,DET,117,1610612764,WAS,109,,,,False
2008-2009,2009,0020800031,20081101/GSWNJN,Final,2008-11-02,00:30,1610612751,NJN,97,1610612744,GSW,105,,,,False
2008-2009,2009,0020800032,20081101/DALMIN,Final,2008-11-02,01:00,1610612750,MIN,85,1610612742,DAL,95,,,,False
2008-2009,2009,0020800033,20081101/CLENOH,Final,2008-11-02,01:00,1610612740,NOH,104,1610612739,CLE,92,,,,False
2008-2009,2009,0020800034,20081101/MEMCHI,Final,2008-11-02,01:30,1610612741,CHI,96,1610612763,MEM,86,,,,False
2008-2009,2009,0020800035,20081101/OKCHOU,Final,2008-11-02,01:30,1610612745,HOU,89,1610612760,OKC,77,,,,False
2008-2009,2009,0020800036,20081101/TORMIL,Final,2008-11-02,01:30,1610612749,MIL,87,1610612761,TOR,91,,,,False
2008-2009,2009,0020800037,20081101/LALDEN,Final,2008-11-02,02:00,1610612743,DEN,97,1610612747,LAL,104,,,,False
2008-2009,2009,0020800038,20081101/LACUTA,Final,2008-11-02,02:00,1610612762,UTA,101,1610612746,LAC,79,,,,False
2008-2009,2009,0020800039,20081101/PORPHX,Final,2008-11-02,03:00,1610612756,PHX,107,1610612757,POR,96,,,,False
2008-2009,2009,0020800040,20081102/MILNYK,Final,2008-11-03,00:00,1610612752,NYK,86,1610612749,MIL,94,,,,False
2008-2009,2009,0020800041,20081102/MINOKC,Final,2008-11-03,01:00,1610612760,OKC,88,1610612750,MIN,85,,,,False
2008-2009,2009,0020800042,20081103/DETCHA,Final,2008-11-04,01:00,1610612766,CHA,83,1610612765,DET,101,,,,False
2008-2009,2009,0020800043,20081103/CHIORL,Final,2008-11-04,01:00,1610612753,ORL,96,1610612741,CHI,93,,,,False
2008-2009,2009,0020800044,20081103/SACPHI,Final,2008-11-04,01:00,1610612755,PHI,125,1610612758,SAC,91,,,,False
2008-2009,2009,0020800045,20081103/GSWMEM,Final,2008-11-04,02:00,1610612763,MEM,90,1610612744,GSW,79,,,,False
2008-2009,2009,0020800046,20081103/CLEDAL,Final,2008-11-04,02:30,1610612742,DAL,81,1610612739,CLE,100,,,,False
2008-2009,2009,0020800047,20081103/UTALAC,Final,2008-11-04,04:30,1610612746,LAC,73,1610612762,UTA,89,,,,False
2008-2009,2009,0020800048,20081104/PHXNJN,Final,2008-11-05,01:30,1610612751,NJN,86,1610612756,PHX,114,,,,False
2008-2009,2009,0020800049,20081104/BOSHOU,Final,2008-11-05,02:30,1610612745,HOU,99,1610612738,BOS,103,,,,False
2008-2009,2009,0020800050,20081104/DALSAS,Final,2008-11-05,02:30,1610612759,SAS,81,1610612742,DAL,98,,,,False
2008-2009,2009,0020800051,20081105/PHXIND,Final,2008-11-06,01:00,1610612754,IND,103,1610612756,PHX,113,,,,False
2008-2009,2009,0020800052,20081105/DETTOR,Final,2008-11-06,01:00,1610612761,TOR,93,1610612765,DET,100,,,,False
2008-2009,2009,0020800053,20081105/PHIMIA,Final,2008-11-06,01:30,1610612748,MIA,106,1610612755,PHI,83,,,,False
2008-2009,2009,0020800054,20081105/CHANYK,Final,2008-11-06,01:30,1610612752,NYK,101,1610612766,CHA,98,,,,False
2008-2009,2009,0020800055,20081105/CHICLE,Final,2008-11-06,02:00,1610612739,CLE,107,1610612741,CHI,93,,,,False
2008-2009,2009,0020800056,20081105/WASMIL,Final/OT,2008-11-06,02:00,1610612749,MIL,112,1610612764,WAS,104,,,,False
2008-2009,2009,0020800057,20081105/SASMIN,Final/OT2,2008-11-06,02:00,1610612750,MIN,125,1610612759,SAS,129,,,,False
2008-2009,2009,0020800058,20081105/ATLNOH,Final,2008-11-06,02:00,1610612740,NOH,79,1610612737,ATL,87,,,,False
2008-2009,2009,0020800059,20081105/BOSOKC,Final,2008-11-06,02:00,1610612760,OKC,83,1610612738,BOS,96,,,,False
2008-2009,2009,0020800060,20081105/PORUTA,Final,2008-11-06,03:00,1610612762,UTA,103,1610612757,POR,96,,,,False
2008-2009,2009,0020800061,20081105/MEMSAC,Final,2008-11-06,04:00,1610612758,SAC,100,1610612763,MEM,95,,,,False
2008-2009,2009,0020800062,20081105/DENGSW,Final,2008-11-06,04:30,1610612744,GSW,111,1610612743,DEN,101,,,,False
2008-2009,2009,0020800063,20081105/LACLAL,Final,2008-11-06,04:30,1610612747,LAL,106,1610612746,LAC,88,,,,False
2008-2009,2009,0020800064,20081106/PHIORL,Final,2008-11-07,02:00,1610612753,ORL,98,1610612755,PHI,88,,,,False
2008-2009,2009,0020800065,20081106/HOUPOR,Final/OT,2008-11-07,04:30,1610612757,POR,101,1610612745,HOU,99,,,,False
2008-2009,2009,0020800066,20081107/NOHCHA,Final,2008-11-08,01:00,1610612766,CHA,92,1610612740,NOH,89,,,,False
2008-2009,2009,0020800067,20081107/NYKWAS,Final,2008-11-08,01:00,1610612764,WAS,108,1610612752,NYK,114,,,,False
2008-2009,2009,0020800068,20081107/TORATL,Final,2008-11-08,01:30,1610612737,ATL,110,1610612761,TOR,92,,,,False
2008-2009,2009,0020800069,20081107/MILBOS,Final,2008-11-08,01:30,1610612738,BOS,101,1610612749,MIL,89,,,,False
2008-2009,2009,0020800070,20081107/INDCLE,Final,2008-11-08,01:30,1610612739,CLE,111,1610612754,IND,107,,,,False
2008-2009,2009,0020800071,20081107/DETNJN,Final,2008-11-08,01:30,1610612751,NJN,103,1610612765,DET,96,,,,False
2008-2009,2009,0020800072,20081107/MIASAS,Final,2008-11-08,02:00,1610612759,SAS,83,1610612748,MIA,99,,,,False
2008-2009,2009,0020800073,20081107/PHXCHI,Final,2008-11-08,02:30,1610612741,CHI,100,1610612756,PHX,83,,,,False
2008-2009,2009,0020800074,20081107/OKCUTA,Final,2008-11-08,03:00,1610612762,UTA,104,1610612760,OKC,97,,,,False
2008-2009,2009,0020800075,20081107/MINSAC,Final,2008-11-08,04:00,1610612758,SAC,121,1610612750,MIN,109,,,,False
2008-2009,2009,0020800076,20081107/DALDEN,Final,2008-11-08,04:30,1610612743,DEN,108,1610612742,DAL,105,,,,False
2008-2009,2009,0020800077,20081107/MEMGSW,Final,2008-11-08,04:30,1610612744,GSW,104,1610612763,MEM,109,,,,False
2008-2009,2009,0020800078,20081107/HOULAC,Final,2008-11-08,04:30,1610612746,LAC,83,1610612745,HOU,92,,,,False
2008-2009,2009,0020800079,20081108/NJNIND,Final,2008-11-09,01:00,1610612754,IND,98,1610612751,NJN,80,,,,False
2008-2009,2009,0020800080,20081108/WASORL,Final,2008-11-09,01:00,1610612753,ORL,106,1610612764,WAS,81,,,,False
2008-2009,2009,0020800081,20081108/MIANOH,Final,2008-11-09,02:00,1610612740,NOH,100,1610612748,MIA,89,,,,False
2008-2009,2009,0020800082,20081108/CLECHI,Final,2008-11-09,02:30,1610612741,CHI,97,1610612739,CLE,106,,,,False
2008-2009,2009,0020800083,20081108/PHXMIL,Final,2008-11-09,02:30,1610612749,MIL,96,1610612756,PHX,104,,,,False
2008-2009,2009,0020800084,20081108/MINPOR,Final,2008-11-09,04:00,1610612757,POR,97,1610612750,MIN,93,,,,False
2008-2009,2009,0020800085,20081109/TORCHA,Final,2008-11-09,19:00,1610612766,CHA,79,1610612761,TOR,89,,,,False
2008-2009,2009,0020800086,20081109/UTANYK,Final,2008-11-09,21:00,1610612752,NYK,107,1610612762,UTA,99,,,,False
2008-2009,2009,0020800087,20081109/DALLAC,Final,2008-11-09,21:30,1610612746,LAC,103,1610612742,DAL,92,,,,False
2008-2009,2009,0020800088,20081109/BOSDET,Final,2008-11-10,00:00,1610612765,DET,76,1610612738,BOS,88,,,,False
2008-2009,2009,0020800089,20081109/ATLOKC,Final,2008-11-10,01:00,1610612760,OKC,85,1610612737,ATL,89,,,,False
2008-2009,2009,0020800090,20081109/MEMDEN,Final,2008-11-10,02:00,1610612743,DEN,100,1610612763,MEM,90,,,,False
2008-2009,2009,0020800091,20081109/GSWSAC,Final,2008-11-10,03:00,1610612758,SAC,115,1610612744,GSW,98,,,,False
2008-2009,2009,0020800092,20081109/HOULAL,Final,2008-11-10,03:30,1610612747,LAL,111,1610612745,HOU,82,,,,False
2008-2009,2009,0020800093,20081110/OKCIND,Final,2008-11-11,01:00,1610612754,IND,107,1610612760,OKC,99,,,,False
2008-2009,2009,0020800094,20081110/PORORL,Final,2008-11-11,01:00,1610612753,ORL,99,1610612757,POR,106,,,,False
2008-2009,2009,0020800095,20081110/TORBOS,Final,2008-11-11,01:30,1610612738,BOS,94,1610612761,TOR,87,,,,False
2008-2009,2009,0020800096,20081110/NJNMIA,Final,2008-11-11,01:30,1610612748,MIA,99,1610612751,NJN,94,,,,False
2008-2009,2009,0020800097,20081110/MEMPHX,Final,2008-11-11,03:00,1610612756,PHX,107,1610612763,MEM,102,,,,False
2008-2009,2009,0020800098,20081111/DENCHA,Final,2008-11-12,01:00,1610612766,CHA,80,1610612743,DEN,88,,,,False
2008-2009,2009,0020800099,20081111/MILCLE,Final,2008-11-12,01:00,1610612739,CLE,99,1610612749,MIL,93,,,,False
2008-2009,2009,0020800100,20081111/UTAPHI,Final,2008-11-12,01:00,1610612755,PHI,80,1610612762,UTA,93,,,,False
2008-2009,2009,0020800101,20081111/ATLCHI,Final,2008-11-12,02:30,1610612741,CHI,108,1610612737,ATL,113,,,,False
2008-2009,2009,0020800102,20081111/LALDAL,Final,2008-11-12,02:30,1610612742,DAL,99,1610612747,LAL,106,,,,False
2008-2009,2009,0020800103,20081111/NYKSAS,Final,2008-11-12,02:30,1610612759,SAS,92,1610612752,NYK,80,,,,False
2008-2009,2009,0020800104,20081111/DETSAC,Final,2008-11-12,04:00,1610612758,SAC,92,1610612765,DET,100,,,,False
2008-2009,2009,0020800105,20081111/MINGSW,Final/OT,2008-11-12,04:30,1610612744,GSW,113,1610612750,MIN,110,,,,False
2008-2009,2009,0020800106,20081112/PHITOR,Final,2008-11-13,01:00,1610612761,TOR,96,1610612755,PHI,106,,,,False
2008-2009,2009,0020800107,20081112/ATLBOS,Final,2008-11-13,01:30,1610612738,BOS,103,1610612737,ATL,102,,,,False
2008-2009,2009,0020800109,20081112/INDNJN,Final,2008-11-13,01:30,1610612751,NJN,87,1610612754,IND,98,,,,False
2008-2009,2009,0020800108,20081112/PORMIA,Final,2008-11-13,02:00,1610612748,MIA,96,1610612757,POR,104,,,,False
2008-2009,2009,0020800110,20081112/NYKMEM,Final,2008-11-13,02:00,1610612763,MEM,103,1610612752,NYK,132,,,,False
2008-2009,2009,0020800111,20081112/SASMIL,Final,2008-11-13,02:00,1610612749,MIL,82,1610612759,SAS,78,,,,False
2008-2009,2009,0020800112,20081112/LALNOH,Final,2008-11-13,02:00,1610612740,NOH,86,1610612747,LAL,93,,,,False
2008-2009,2009,0020800113,20081112/ORLOKC,Final,2008-11-13,02:00,1610612760,OKC,92,1610612753,ORL,109,,,,False
2008-2009,2009,0020800114,20081112/UTAWAS,Final,2008-11-13,02:00,1610612764,WAS,95,1610612762,UTA,87,,,,False
2008-2009,2009,0020800115,20081112/SACLAC,Final,2008-11-13,04:30,1610612746,LAC,98,1610612758,SAC,103,,,,False
2008-2009,2009,0020800116,20081112/HOUPHX,Final,2008-11-13,04:30,1610612756,PHX,82,1610612745,HOU,94,,,,False
2008-2009,2009,0020800117,20081113/DENCLE,Final,2008-11-14,02:00,1610612739,CLE,110,1610612743,DEN,99,,,,False
2008-2009,2009,0020800118,20081113/DALCHI,Final,2008-11-14,02:30,1610612741,CHI,98,1610612742,DAL,91,,,,False
2008-2009,2009,0020800119,20081113/DETGSW,Final,2008-11-14,04:30,1610612744,GSW,102,1610612765,DET,107,,,,False
2008-2009,2009,0020800120,20081114/UTACHA,Final,2008-11-15,01:00,1610612766,CHA,104,1610612762,UTA,96,,,,False
2008-2009,2009,0020800121,20081114/PHIIND,Final,2008-11-15,01:00,1610612754,IND,92,1610612755,PHI,94,,,,False
2008-2009,2009,0020800122,20081114/WASMIA,Final,2008-11-15,01:30,1610612748,MIA,97,1610612764,WAS,77,,,,False
2008-2009,2009,0020800123,20081114/ATLNJN,Final,2008-11-15,01:30,1610612751,NJN,115,1610612737,ATL,108,,,,False
2008-2009,2009,0020800124,20081114/OKCNYK,Final,2008-11-15,01:30,1610612752,NYK,116,1610612760,OKC,106,,,,False
2008-2009,2009,0020800125,20081114/DENBOS,Final,2008-11-15,02:00,1610612738,BOS,85,1610612743,DEN,94,,,,False
2008-2009,2009,0020800126,20081114/MILMEM,Final/OT,2008-11-15,02:00,1610612763,MEM,96,1610612749,MIL,101,,,,False
2008-2009,2009,0020800127,20081114/PORNOH,Final,2008-11-15,02:00,1610612740,NOH,87,1610612757,POR,82,,,,False
2008-2009,2009,0020800128,20081114/ORLDAL,Final,2008-11-15,02:30,1610612742,DAL,100,1610612753,ORL,102,,,,False
2008-2009,2009,0020800129,20081114/HOUSAS,Final,2008-11-15,02:30,1610612759,SAS,77,1610612745,HOU,75,,,,False
2008-2009,2009,0020800130,20081114/PHXSAC,Final/OT,2008-11-15,04:00,1610612758,SAC,95,1610612756,PHX,97,,,,False
2008-2009,2009,0020800131,20081114/DETLAL,Final,2008-11-15,04:30,1610612747,LAL,95,1610612765,DET,106,,,,False
2008-2009,2009,0020800132,20081115/GSWLAC,Final,2008-11-15,21:30,1610612746,LAC,103,1610612744,GSW,121,,,,False
2008-2009,2009,0020800133,20081115/NJNATL,Final,2008-11-16,01:00,1610612737,ATL,107,1610612751,NJN,119,,,,False
2008-2009,2009,0020800134,20081115/OKCPHI,Final,2008-11-16,01:00,1610612755,PHI,110,1610612760,OKC,85,,,,False
2008-2009,2009,0020800135,20081115/UTACLE,Final,2008-11-16,01:30,1610612739,CLE,105,1610612762,UTA,93,,,,False
2008-2009,2009,0020800136,20081115/PORMIN,Final,2008-11-16,02:00,1610612750,MIN,83,1610612757,POR,88,,,,False
2008-2009,2009,0020800137,20081115/INDCHI,Final,2008-11-16,02:30,1610612741,CHI,104,1610612754,IND,91,,,,False
2008-2009,2009,0020800138,20081115/NOHHOU,Final,2008-11-16,02:30,1610612745,HOU,91,1610612740,NOH,82,,,,False
2008-2009,2009,0020800139,20081115/BOSMIL,Final/OT,2008-11-16,02:30,1610612749,MIL,97,1610612738,BOS,102,,,,False
2008-2009,2009,0020800140,20081116/MIATOR,Final,2008-11-16,19:00,1610612761,TOR,107,1610612748,MIA,96,,,,False
2008-2009,2009,0020800141,20081116/ORLCHA,Final,2008-11-16,23:30,1610612766,CHA,85,1610612753,ORL,90,,,,False
2008-2009,2009,0020800142,20081116/DALNYK,Final/OT,2008-11-17,00:00,1610612752,NYK,114,1610612742,DAL,124,,,,False
2008-2009,2009,0020800143,20081116/MINDEN,Final,2008-11-17,02:00,1610612743,DEN,90,1610612750,MIN,84,,,,False
2008-2009,2009,0020800144,20081116/DETPHX,Final,2008-11-17,02:00,1610612756,PHX,104,1610612765,DET,86,,,,False
2008-2009,2009,0020800145,20081116/SASSAC,Final,2008-11-17,03:00,1610612758,SAC,88,1610612759,SAS,90,,,,False
2008-2009,2009,0020800146,20081117/HOUOKC,Final,2008-11-18,02:00,1610612760,OKC,89,1610612745,HOU,100,,,,False
2008-2009,2009,0020800147,20081117/PHXUTA,Final,2008-11-18,03:00,1610612762,UTA,109,1610612756,PHX,97,,,,False
2008-2009,2009,0020800148,20081117/SASLAC,Final,2008-11-18,04:30,1610612746,LAC,83,1610612759,SAS,86,,,,False
2008-2009,2009,0020800149,20081118/DALCHA,Final,2008-11-19,01:00,1610612766,CHA,83,1610612742,DAL,100,,,,False
2008-2009,2009,0020800150,20081118/ATLIND,Final,2008-11-19,01:00,1610612754,IND,113,1610612737,ATL,96,,,,False
2008-2009,2009,0020800151,20081118/TORORL,Final,2008-11-19,01:00,1610612753,ORL,103,1610612761,TOR,90,,,,False
2008-2009,2009,0020800152,20081118/MIAWAS,Final,2008-11-19,01:00,1610612764,WAS,87,1610612748,MIA,94,,,,False
2008-2009,2009,0020800153,20081118/NYKBOS,Final,2008-11-19,01:30,1610612738,BOS,110,1610612752,NYK,101,,,,False
2008-2009,2009,0020800154,20081118/CLENJN,Final,2008-11-19,01:30,1610612751,NJN,82,1610612739,CLE,106,,,,False
2008-2009,2009,0020800155,20081118/SACMEM,Final,2008-11-19,02:00,1610612763,MEM,109,1610612758,SAC,94,,,,False
2008-2009,2009,0020800156,20081118/MILDEN,Final,2008-11-19,03:00,1610612743,DEN,114,1610612749,MIL,105,,,,False
2008-2009,2009,0020800157,20081118/PORGSW,Final,2008-11-19,04:30,1610612744,GSW,111,1610612757,POR,106,,,,False
2008-2009,2009,0020800158,20081118/CHILAL,Final,2008-11-19,04:30,1610612747,LAL,116,1610612741,CHI,109,,,,False
2008-2009,2009,0020800159,20081119/WASATL,Final,2008-11-20,01:00,1610612737,ATL,91,1610612764,WAS,87,,,,False
2008-2009,2009,0020800160,20081119/CLEDET,Final,2008-11-20,01:30,1610612765,DET,96,1610612739,CLE,89,,,,False
2008-2009,2009,0020800161,20081119/TORMIA,Final,2008-11-20,01:30,1610612748,MIA,95,1610612761,TOR,101,,,,False
2008-2009,2009,0020800162,20081119/DALHOU,Final,2008-11-20,02:00,1610612745,HOU,86,1610612742,DAL,96,,,,False
2008-2009,2009,0020800163,20081119/PHIMIN,Final,2008-11-20,02:00,1610612750,MIN,102,1610612755,PHI,96,,,,False
2008-2009,2009,0020800164,20081119/SACNOH,Final,2008-11-20,02:00,1610612740,NOH,96,1610612758,SAC,105,,,,False
2008-2009,2009,0020800165,20081119/LACOKC,Final,2008-11-20,02:00,1610612760,OKC,88,1610612746,LAC,108,,,,False
2008-2009,2009,0020800166,20081119/DENSAS,Final,2008-11-20,02:30,1610612759,SAS,81,1610612743,DEN,91,,,,False
2008-2009,2009,0020800167,20081119/MILUTA,Final,2008-11-20,03:00,1610612762,UTA,105,1610612749,MIL,94,,,,False
2008-2009,2009,0020800168,20081119/CHIPOR,Final,2008-11-20,04:30,1610612757,POR,116,1610612741,CHI,74,,,,False
2008-2009,2009,0020800169,20081120/DETBOS,Final,2008-11-21,02:00,1610612738,BOS,98,1610612765,DET,80,,,,False
2008-2009,2009,0020800170,20081120/LALPHX,Final,2008-11-21,04:30,1610612756,PHX,92,1610612747,LAL,105,,,,False
2008-2009,2009,0020800171,20081121/ORLIND,Final/OT,2008-11-22,01:00,1610612754,IND,98,1610612753,ORL,100,,,,False
2008-2009,2009,0020800172,20081121/LACPHI,Final,2008-11-22,01:00,1610612755,PHI,89,1610612746,LAC,88,,,,False
2008-2009,2009,0020800173,20081121/NJNTOR,Final/OT,2008-11-22,01:00,1610612761,TOR,127,1610612751,NJN,129,,,,False
2008-2009,2009,0020800174,20081121/HOUWAS,Final,2008-11-22,01:00,1610612764,WAS,91,1610612745,HOU,103,,,,False
2008-2009,2009,0020800175,20081121/CHAATL,Final,2008-11-22,01:30,1610612737,ATL,88,1610612766,CHA,83,,,,False
2008-2009,2009,0020800176,20081121/BOSMIN,Final,2008-11-22,02:00,1610612750,MIN,78,1610612738,BOS,95,,,,False
2008-2009,2009,0020800177,20081121/MEMDAL,Final,2008-11-22,02:30,1610612742,DAL,91,1610612763,MEM,76,,,,False
2008-2009,2009,0020800178,20081121/NYKMIL,Final,2008-11-22,02:30,1610612749,MIL,104,1610612752,NYK,87,,,,False
2008-2009,2009,0020800179,20081121/UTASAS,Final,2008-11-22,02:30,1610612759,SAS,119,1610612762,UTA,94,,,,False
2008-2009,2009,0020800180,20081121/NOHOKC,Final,2008-11-22,03:30,1610612760,OKC,80,1610612740,NOH,105,,,,False
2008-2009,2009,0020800181,20081121/PORSAC,Final,2008-11-22,04:00,1610612758,SAC,96,1610612757,POR,117,,,,False
2008-2009,2009,0020800182,20081121/CHIGSW,Final,2008-11-22,04:30,1610612744,GSW,110,1610612741,CHI,115,,,,False
2008-2009,2009,0020800183,20081121/DENLAL,Final,2008-11-22,04:30,1610612747,LAL,104,1610612743,DEN,90,,,,False
2008-2009,2009,0020800184,20081122/MILCHA,Final,2008-11-23,01:00,1610612766,CHA,74,1610612749,MIL,79,,,,False
2008-2009,2009,0020800185,20081122/HOUORL,Final,2008-11-23,01:00,1610612753,ORL,95,1610612745,HOU,100,,,,False
2008-2009,2009,0020800186,20081122/ATLCLE,Final,2008-11-23,01:30,1610612739,CLE,110,1610612737,ATL,96,,,,False
2008-2009,2009,0020800187,20081122/INDMIA,Final,2008-11-23,01:30,1610612748,MIA,109,1610612754,IND,100,,,,False
2008-2009,2009,0020800188,20081122/LACNJN,Final,2008-11-23,01:30,1610612751,NJN,112,1610612746,LAC,95,,,,False
2008-2009,2009,0020800189,20081122/WASNYK,Final,2008-11-23,01:30,1610612752,NYK,122,1610612764,WAS,117,,,,False
2008-2009,2009,0020800190,20081122/UTAMEM,Final,2008-11-23,02:00,1610612763,MEM,94,1610612762,UTA,103,,,,False
2008-2009,2009,0020800191,20081122/OKCNOH,Final,2008-11-23,02:00,1610612740,NOH,109,1610612760,OKC,97,,,,False
2008-2009,2009,0020800192,20081122/PORPHX,Final,2008-11-23,03:00,1610612756,PHX,102,1610612757,POR,92,,,,False
2008-2009,2009,0020800193,20081123/BOSTOR,Final,2008-11-23,18:30,1610612761,TOR,103,1610612738,BOS,118,,,,False
2008-2009,2009,0020800194,20081123/GSWPHI,Final,2008-11-23,23:00,1610612755,PHI,89,1610612744,GSW,81,,,,False
2008-2009,2009,0020800195,20081123/MINDET,Final,2008-11-24,00:00,1610612765,DET,80,1610612750,MIN,106,,,,False
2008-2009,2009,0020800196,20081123/CHIDEN,Final,2008-11-24,03:00,1610612743,DEN,114,1610612741,CHI,101,,,,False
2008-2009,2009,0020800197,20081123/SACLAL,Final,2008-11-24,03:30,1610612747,LAL,118,1610612758,SAC,108,,,,False
2008-2009,2009,0020800198,20081124/PHICHA,Final,2008-11-25,01:00,1610612766,CHA,93,1610612755,PHI,84,,,,False
2008-2009,2009,0020800199,20081124/MILORL,Final,2008-11-25,01:00,1610612753,ORL,108,1610612749,MIL,101,,,,False
2008-2009,2009,0020800200,20081124/HOUMIA,Final,2008-11-25,01:30,1610612748,MIA,98,1610612745,HOU,107,,,,False
2008-2009,2009,0020800201,20081124/SASMEM,Final,2008-11-25,02:00,1610612763,MEM,81,1610612759,SAS,94,,,,False
2008-2009,2009,0020800202,20081124/CHIUTA,Final,2008-11-25,03:00,1610612762,UTA,100,1610612741,CHI,101,,,,False
2008-2009,2009,0020800203,20081124/SACPOR,Final,2008-11-25,04:00,1610612757,POR,91,1610612758,SAC,90,,,,False
2008-2009,2009,0020800204,20081124/NOHLAC,Final,2008-11-25,04:30,1610612746,LAC,87,1610612740,NOH,99,,,,False
2008-2009,2009,0020800205,20081125/GSWWAS,Final,2008-11-26,01:00,1610612764,WAS,124,1610612744,GSW,100,,,,False
2008-2009,2009,0020800206,20081125/CLENYK,Final,2008-11-26,01:30,1610612752,NYK,101,1610612739,CLE,119,,,,False
2008-2009,2009,0020800207,20081125/PHXOKC,Final,2008-11-26,02:00,1610612760,OKC,98,1610612756,PHX,99,,,,False
2008-2009,2009,0020800208,20081125/INDDAL,Final,2008-11-26,02:30,1610612742,DAL,109,1610612754,IND,106,,,,False
2008-2009,2009,0020800209,20081125/NJNLAL,Final,2008-11-26,04:30,1610612747,LAL,120,1610612751,NJN,93,,,,False
2008-2009,2009,0020800210,20081126/MILATL,Final,2008-11-27,01:00,1610612737,ATL,102,1610612749,MIL,96,,,,False
2008-2009,2009,0020800211,20081126/OKCCLE,Final,2008-11-27,01:00,1610612739,CLE,117,1610612760,OKC,82,,,,False
2008-2009,2009,0020800212,20081126/CHATOR,Final,2008-11-27,01:00,1610612761,TOR,93,1610612766,CHA,86,,,,False
2008-2009,2009,0020800213,20081126/GSWBOS,Final,2008-11-27,01:30,1610612738,BOS,119,1610612744,GSW,111,,,,False
2008-2009,2009,0020800214,20081126/ORLPHI,Final,2008-11-27,01:30,1610612755,PHI,94,1610612753,ORL,96,,,,False
2008-2009,2009,0020800215,20081126/NYKDET,Final,2008-11-27,02:00,1610612765,DET,110,1610612752,NYK,96,,,,False
2008-2009,2009,0020800216,20081126/PHXMIN,Final,2008-11-27,02:00,1610612750,MIN,102,1610612756,PHX,110,,,,False
2008-2009,2009,0020800217,20081126/INDHOU,Final,2008-11-27,02:30,1610612745,HOU,90,1610612754,IND,91,,,,False
2008-2009,2009,0020800218,20081126/CHISAS,Final,2008-11-27,02:30,1610612759,SAS,98,1610612741,CHI,88,,,,False
2008-2009,2009,0020800219,20081126/MEMUTA,Final,2008-11-27,03:00,1610612762,UTA,117,1610612763,MEM,100,,,,False
2008-2009,2009,0020800220,20081126/MIAPOR,Final,2008-11-27,04:00,1610612757,POR,106,1610612748,MIA,68,,,,False
2008-2009,2009,0020800221,20081126/NJNSAC,Final/OT,2008-11-27,04:00,1610612758,SAC,114,1610612751,NJN,116,,,,False
2008-2009,2009,0020800222,20081126/DENLAC,Final,2008-11-27,04:30,1610612746,LAC,105,1610612743,DEN,106,,,,False
2008-2009,2009,0020800223,20081127/ORLWAS,Final,2008-11-28,02:00,1610612764,WAS,90,1610612753,ORL,105,,,,False
2008-2009,2009,0020800224,20081127/NOHDEN,Final,2008-11-28,04:30,1610612743,DEN,101,1610612740,NOH,105,,,,False
2008-2009,2009,0020800225,20081128/ATLTOR,Final,2008-11-29,01:00,1610612761,TOR,93,1610612737,ATL,88,,,,False
2008-2009,2009,0020800226,20081128/PHIBOS,Final,2008-11-29,01:30,1610612738,BOS,102,1610612755,PHI,78,,,,False
2008-2009,2009,0020800227,20081128/GSWCLE,Final,2008-11-29,01:30,1610612739,CLE,112,1610612744,GSW,97,,,,False
2008-2009,2009,0020800228,20081128/MILDET,Final,2008-11-29,02:00,1610612765,DET,107,1610612749,MIL,97,,,,False
2008-2009,2009,0020800229,20081128/CHAIND,Final/OT,2008-11-29,02:00,1610612754,IND,108,1610612766,CHA,115,,,,False
2008-2009,2009,0020800230,20081128/MINOKC,Final,2008-11-29,02:00,1610612760,OKC,103,1610612750,MIN,105,,,,False
2008-2009,2009,0020800231,20081128/MIAPHX,Final,2008-11-29,02:00,1610612756,PHX,92,1610612748,MIA,107,,,,False
2008-2009,2009,0020800232,20081128/MEMSAS,Final,2008-11-29,02:30,1610612759,SAS,109,1610612763,MEM,98,,,,False
2008-2009,2009,0020800233,20081128/SACUTA,Final,2008-11-29,03:00,1610612762,UTA,120,1610612758,SAC,94,,,,False
2008-2009,2009,0020800234,20081128/NOHPOR,Final,2008-11-29,04:00,1610612757,POR,101,1610612740,NOH,86,,,,False
2008-2009,2009,0020800235,20081128/DALLAL,Final,2008-11-29,04:30,1610612747,LAL,114,1610612742,DAL,107,,,,False
2008-2009,2009,0020800236,20081129/BOSCHA,Final,2008-11-30,01:00,1610612766,CHA,84,1610612738,BOS,89,,,,False
2008-2009,2009,0020800237,20081129/INDORL,Final,2008-11-30,01:00,1610612753,ORL,110,1610612754,IND,96,,,,False
2008-2009,2009,0020800238,20081129/ATLWAS,Final,2008-11-30,01:00,1610612764,WAS,98,1610612737,ATL,102,,,,False
2008-2009,2009,0020800239,20081129/GSWNYK,Final,2008-11-30,01:30,1610612752,NYK,138,1610612744,GSW,125,,,,False
2008-2009,2009,0020800240,20081129/OKCMEM,Final,2008-11-30,02:00,1610612763,MEM,103,1610612760,OKC,111,,,,False
2008-2009,2009,0020800241,20081129/DENMIN,Final,2008-11-30,02:00,1610612750,MIN,97,1610612743,DEN,106,,,,False
2008-2009,2009,0020800242,20081129/SASHOU,Final,2008-11-30,02:30,1610612745,HOU,103,1610612759,SAS,84,,,,False
2008-2009,2009,0020800243,20081129/CLEMIL,Final,2008-11-30,03:00,1610612749,MIL,85,1610612739,CLE,97,,,,False
2008-2009,2009,0020800244,20081129/NJNUTA,Final,2008-11-30,03:00,1610612762,UTA,88,1610612751,NJN,105,,,,False
2008-2009,2009,0020800245,20081129/DALSAC,Final,2008-11-30,04:00,1610612758,SAC,78,1610612742,DAL,101,,,,False
2008-2009,2009,0020800246,20081129/MIALAC,Final,2008-11-30,04:30,1610612746,LAC,97,1610612748,MIA,96,,,,False
2008-2009,2009,0020800247,20081130/PORDET,Final,2008-11-30,21:00,1610612765,DET,85,1610612757,POR,96,,,,False
2008-2009,2009,0020800248,20081130/CHIPHI,Final,2008-11-30,23:00,1610612755,PHI,92,1610612741,CHI,103,,,,False
2008-2009,2009,0020800249,20081130/HOUDEN,Final,2008-12-01,02:00,1610612743,DEN,104,1610612745,HOU,94,,,,False
2008-2009,2009,0020800250,20081130/NJNPHX,Final,2008-12-01,02:00,1610612756,PHX,109,1610612751,NJN,117,,,,False
2008-2009,2009,0020800251,20081130/TORLAL,Final,2008-12-01,03:30,1610612747,LAL,112,1610612761,TOR,99,,,,False
2008-2009,2009,0020800252,20081201/MINCHA,Final,2008-12-02,01:00,1610612766,CHA,100,1610612750,MIN,90,,,,False
2008-2009,2009,0020800253,20081201/ORLBOS,Final,2008-12-02,01:30,1610612738,BOS,107,1610612753,ORL,88,,,,False
2008-2009,2009,0020800254,20081201/MIAGSW,Final/OT,2008-12-02,04:30,1610612744,GSW,129,1610612748,MIA,130,,,,False
2008-2009,2009,0020800255,20081202/LALIND,Final,2008-12-03,01:00,1610612754,IND,118,1610612747,LAL,117,,,,False
2008-2009,2009,0020800256,20081202/WASNJN,Final,2008-12-03,01:30,1610612751,NJN,88,1610612764,WAS,108,,,,False
2008-2009,2009,0020800257,20081202/PORNYK,Final,2008-12-03,01:30,1610612752,NYK,97,1610612757,POR,104,,,,False
2008-2009,2009,0020800258,20081202/PHICHI,Final/OT,2008-12-03,02:30,1610612741,CHI,95,1610612755,PHI,103,,,,False
2008-2009,2009,0020800259,20081202/LACDAL,Final,2008-12-03,02:30,1610612742,DAL,100,1610612746,LAC,98,,,,False
2008-2009,2009,0020800260,20081202/DETSAS,Final,2008-12-03,02:30,1610612759,SAS,77,1610612765,DET,89,,,,False
2008-2009,2009,0020800261,20081202/TORDEN,Final,2008-12-03,03:00,1610612743,DEN,132,1610612761,TOR,93,,,,False
2008-2009,2009,0020800262,20081202/UTASAC,Final,2008-12-03,04:00,1610612758,SAC,94,1610612762,UTA,99,,,,False
2008-2009,2009,0020800263,20081203/MEMATL,Final,2008-12-04,01:00,1610612737,ATL,105,1610612763,MEM,95,,,,False
2008-2009,2009,0020800264,20081203/OKCCHA,Final,2008-12-04,01:00,1610612766,CHA,103,1610612760,OKC,97,,,,False
2008-2009,2009,0020800265,20081203/NYKCLE,Final,2008-12-04,01:00,1610612739,CLE,118,1610612752,NYK,82,,,,False
2008-2009,2009,0020800266,20081203/MINORL,Final,2008-12-04,01:00,1610612753,ORL,100,1610612750,MIN,89,,,,False
2008-2009,2009,0020800267,20081203/LALPHI,Final,2008-12-04,01:00,1610612755,PHI,102,1610612747,LAL,114,,,,False
2008-2009,2009,0020800268,20081203/PORWAS,Final,2008-12-04,01:00,1610612764,WAS,92,1610612757,POR,98,,,,False
2008-2009,2009,0020800269,20081203/INDBOS,Final,2008-12-04,01:30,1610612738,BOS,114,1610612754,IND,96,,,,False
2008-2009,2009,0020800270,20081203/CHIMIL,Final,2008-12-04,02:00,1610612749,MIL,97,1610612741,CHI,90,,,,False
2008-2009,2009,0020800271,20081203/PHXNOH,Final,2008-12-04,02:00,1610612740,NOH,104,1610612756,PHX,91,,,,False
2008-2009,2009,0020800272,20081203/LACHOU,Final,2008-12-04,02:30,1610612745,HOU,103,1610612746,LAC,96,,,,False
2008-2009,2009,0020800273,20081203/MIAUTA,Final,2008-12-04,03:00,1610612762,UTA,89,1610612748,MIA,93,,,,False
2008-2009,2009,0020800274,20081204/PHXDAL,Final,2008-12-05,02:00,1610612742,DAL,112,1610612756,PHX,97,,,,False
2008-2009,2009,0020800275,20081204/SASDEN,Final,2008-12-05,04:30,1610612743,DEN,91,1610612759,SAS,108,,,,False
2008-2009,2009,0020800276,20081205/OKCORL,Final,2008-12-06,01:00,1610612753,ORL,98,1610612760,OKC,89,,,,False
2008-2009,2009,0020800277,20081205/LALWAS,Final,2008-12-06,01:00,1610612764,WAS,104,1610612747,LAL,106,,,,False
2008-2009,2009,0020800278,20081205/NYKATL,Final,2008-12-06,01:30,1610612737,ATL,98,1610612752,NYK,95,,,,False
2008-2009,2009,0020800279,20081205/INDCLE,Final,2008-12-06,01:30,1610612739,CLE,97,1610612754,IND,73,,,,False
2008-2009,2009,0020800280,20081205/MINNJN,Final,2008-12-06,01:30,1610612751,NJN,113,1610612750,MIN,84,,,,False
2008-2009,2009,0020800281,20081205/PORBOS,Final,2008-12-06,02:00,1610612738,BOS,93,1610612757,POR,78,,,,False
2008-2009,2009,0020800282,20081205/PHIDET,Final,2008-12-06,02:00,1610612765,DET,91,1610612755,PHI,96,,,,False
2008-2009,2009,0020800283,20081205/LACMEM,Final,2008-12-06,02:00,1610612763,MEM,93,1610612746,LAC,81,,,,False
2008-2009,2009,0020800284,20081205/GSWHOU,Final,2008-12-06,02:30,1610612745,HOU,131,1610612744,GSW,112,,,,False
2008-2009,2009,0020800285,20081205/CHAMIL,Final,2008-12-06,02:30,1610612749,MIL,101,1610612766,CHA,96,,,,False
2008-2009,2009,0020800286,20081205/TORUTA,Final,2008-12-06,04:30,1610612762,UTA,114,1610612761,TOR,87,,,,False
2008-2009,2009,0020800287,20081206/CLECHA,Final,2008-12-07,01:00,1610612766,CHA,74,1610612739,CLE,94,,,,False
2008-2009,2009,0020800288,20081206/OKCMIA,Final,2008-12-07,01:30,1610612748,MIA,105,1610612760,OKC,99,,,,False
2008-2009,2009,0020800289,20081206/NJNPHI,Final,2008-12-07,01:30,1610612755,PHI,84,1610612751,NJN,95,,,,False
2008-2009,2009,0020800290,20081206/LACMIN,Final,2008-12-07,02:00,1610612750,MIN,84,1610612746,LAC,107,,,,False
2008-2009,2009,0020800291,20081206/MEMNOH,Final,2008-12-07,02:00,1610612740,NOH,106,1610612763,MEM,87,,,,False
2008-2009,2009,0020800292,20081206/WASCHI,Final,2008-12-07,02:30,1610612741,CHI,117,1610612764,WAS,110,,,,False
2008-2009,2009,0020800293,20081206/ATLDAL,Final,2008-12-07,02:30,1610612742,DAL,100,1610612737,ATL,98,,,,False
2008-2009,2009,0020800294,20081206/GSWSAS,Final,2008-12-07,02:30,1610612759,SAS,123,1610612744,GSW,88,,,,False
2008-2009,2009,0020800295,20081206/UTAPHX,Final,2008-12-07,03:00,1610612756,PHX,106,1610612762,UTA,104,,,,False
2008-2009,2009,0020800296,20081206/DENSAC,Final,2008-12-07,04:00,1610612758,SAC,85,1610612743,DEN,118,,,,False
2008-2009,2009,0020800297,20081207/DETNYK,Final,2008-12-07,18:00,1610612752,NYK,104,1610612765,DET,92,,,,False
2008-2009,2009,0020800298,20081207/PORTOR,Final,2008-12-07,19:00,1610612761,TOR,97,1610612757,POR,98,,,,False
2008-2009,2009,0020800299,20081207/BOSIND,Final/OT,2008-12-08,00:00,1610612754,IND,117,1610612738,BOS,122,,,,False
2008-2009,2009,0020800300,20081207/MILLAL,Final,2008-12-08,03:30,1610612747,LAL,105,1610612749,MIL,92,,,,False
2008-2009,2009,0020800301,20081208/CHAMIA,Final,2008-12-09,01:30,1610612748,MIA,100,1610612766,CHA,96,,,,False
2008-2009,2009,0020800302,20081208/HOUMEM,Final,2008-12-09,02:00,1610612763,MEM,109,1610612745,HOU,97,,,,False
2008-2009,2009,0020800303,20081208/GSWOKC,Final,2008-12-09,02:00,1610612760,OKC,102,1610612744,GSW,112,,,,False
2008-2009,2009,0020800304,20081208/ORLLAC,Final,2008-12-09,04:30,1610612746,LAC,88,1610612753,ORL,95,,,,False
2008-2009,2009,0020800305,20081209/TORCLE,Final,2008-12-10,01:00,1610612739,CLE,114,1610612761,TOR,94,,,,False
2008-2009,2009,0020800306,20081209/DETWAS,Final,2008-12-10,01:00,1610612764,WAS,107,1610612765,DET,94,,,,False
2008-2009,2009,0020800307,20081209/UTAMIN,Final,2008-12-10,02:00,1610612750,MIN,96,1610612762,UTA,99,,,,False
2008-2009,2009,0020800308,20081209/NYKCHI,Final,2008-12-10,02:30,1610612741,CHI,105,1610612752,NYK,100,,,,False
2008-2009,2009,0020800309,20081209/SASDAL,Final/OT2,2008-12-10,02:30,1610612742,DAL,126,1610612759,SAS,133,,,,False
2008-2009,2009,0020800310,20081209/ATLHOU,Final,2008-12-10,02:30,1610612745,HOU,92,1610612737,ATL,84,,,,False
2008-2009,2009,0020800311,20081209/MILPHX,Final,2008-12-10,03:00,1610612756,PHX,125,1610612749,MIL,110,,,,False
2008-2009,2009,0020800312,20081209/ORLPOR,Final,2008-12-10,04:00,1610612757,POR,108,1610612753,ORL,109,,,,False
2008-2009,2009,0020800313,20081209/LALSAC,Final,2008-12-10,04:00,1610612758,SAC,113,1610612747,LAL,101,,,,False
2008-2009,2009,0020800314,20081210/INDTOR,Final,2008-12-11,01:00,1610612761,TOR,101,1610612754,IND,88,,,,False
2008-2009,2009,0020800315,20081210/NYKNJN,Final,2008-12-11,01:30,1610612751,NJN,109,1610612752,NYK,121,,,,False
2008-2009,2009,0020800316,20081210/CHANOH,Final,2008-12-11,02:00,1610612740,NOH,105,1610612766,CHA,89,,,,False
2008-2009,2009,0020800317,20081210/MEMOKC,Final,2008-12-11,02:00,1610612760,OKC,102,1610612763,MEM,108,,,,False
2008-2009,2009,0020800318,20081210/CLEPHI,Final,2008-12-11,02:00,1610612755,PHI,93,1610612739,CLE,101,,,,False
2008-2009,2009,0020800319,20081210/ATLSAS,Final,2008-12-11,02:30,1610612759,SAS,95,1610612737,ATL,89,,,,False
2008-2009,2009,0020800320,20081210/MINDEN,Final,2008-12-11,03:00,1610612743,DEN,116,1610612750,MIN,105,,,,False
2008-2009,2009,0020800321,20081210/MILGSW,Final,2008-12-11,04:30,1610612744,GSW,119,1610612749,MIL,96,,,,False
2008-2009,2009,0020800322,20081210/PHXLAL,Final,2008-12-11,04:30,1610612747,LAL,115,1610612756,PHX,110,,,,False
2008-2009,2009,0020800323,20081211/BOSWAS,Final,2008-12-12,02:00,1610612764,WAS,88,1610612738,BOS,122,,,,False
2008-2009,2009,0020800324,20081211/CHADAL,Final,2008-12-12,02:30,1610612742,DAL,95,1610612766,CHA,90,,,,False
2008-2009,2009,0020800325,20081211/PORUTA,Final,2008-12-12,04:30,1610612762,UTA,97,1610612757,POR,88,,,,False
2008-2009,2009,0020800326,20081212/PHICLE,Final,2008-12-13,01:30,1610612739,CLE,88,1610612755,PHI,72,,,,False
2008-2009,2009,0020800327,20081212/ATLMIA,Final,2008-12-13,01:30,1610612748,MIA,73,1610612737,ATL,87,,,,False
2008-2009,2009,0020800328,20081212/TORNJN,Final,2008-12-13,01:30,1610612751,NJN,79,1610612761,TOR,101,,,,False
2008-2009,2009,0020800329,20081212/NOHBOS,Final,2008-12-13,02:00,1610612738,BOS,94,1610612740,NOH,82,,,,False
2008-2009,2009,0020800330,20081212/INDDET,Final,2008-12-13,02:00,1610612765,DET,114,1610612754,IND,110,,,,False
2008-2009,2009,0020800331,20081212/CHIMEM,Final,2008-12-13,02:00,1610612763,MEM,103,1610612741,CHI,96,,,,False
2008-2009,2009,0020800332,20081212/SASMIN,Final,2008-12-13,02:00,1610612750,MIN,86,1610612759,SAS,98,,,,False
2008-2009,2009,0020800333,20081212/ORLPHX,Final,2008-12-13,03:00,1610612756,PHX,113,1610612753,ORL,112,,,,False
2008-2009,2009,0020800334,20081212/LACPOR,Final/OT2,2008-12-13,04:00,1610612757,POR,112,1610612746,LAC,120,,,,False
2008-2009,2009,0020800335,20081212/HOUGSW,Final,2008-12-13,04:30,1610612744,GSW,108,1610612745,HOU,119,,,,False
2008-2009,2009,0020800336,20081212/SACLAL,Final,2008-12-13,04:30,1610612747,LAL,112,1610612758,SAC,103,,,,False
2008-2009,2009,0020800337,20081213/CLEATL,Final,2008-12-14,01:00,1610612737,ATL,97,1610612739,CLE,92,,,,False
2008-2009,2009,0020800338,20081213/DETCHA,Final,2008-12-14,01:00,1610612766,CHA,86,1610612765,DET,90,,,,False
2008-2009,2009,0020800339,20081213/WASPHI,Final,2008-12-14,01:30,1610612755,PHI,104,1610612764,WAS,89,,,,False
2008-2009,2009,0020800340,20081213/NJNCHI,Final,2008-12-14,02:30,1610612741,CHI,113,1610612751,NJN,104,,,,False
2008-2009,2009,0020800341,20081213/OKCDAL,Final,2008-12-14,02:30,1610612742,DAL,103,1610612760,OKC,99,,,,False
2008-2009,2009,0020800342,20081213/INDMIL,Final,2008-12-14,02:30,1610612749,MIL,121,1610612754,IND,103,,,,False
2008-2009,2009,0020800343,20081213/GSWDEN,Final,2008-12-14,03:00,1610612743,DEN,123,1610612744,GSW,105,,,,False
2008-2009,2009,0020800344,20081213/ORLUTA,Final,2008-12-14,03:00,1610612762,UTA,94,1610612753,ORL,103,,,,False
2008-2009,2009,0020800345,20081213/NYKSAC,Final,2008-12-14,04:00,1610612758,SAC,90,1610612752,NYK,114,,,,False
2008-2009,2009,0020800346,20081213/HOULAC,Final,2008-12-14,04:30,1610612746,LAC,95,1610612745,HOU,82,,,,False
2008-2009,2009,0020800347,20081214/NOHTOR,Final,2008-12-14,18:30,1610612761,TOR,91,1610612740,NOH,99,,,,False
2008-2009,2009,0020800348,20081214/MIAMEM,Final,2008-12-14,22:00,1610612763,MEM,102,1610612748,MIA,86,,,,False
2008-2009,2009,0020800349,20081214/OKCSAS,Final,2008-12-15,01:00,1610612759,SAS,109,1610612760,OKC,104,,,,False
2008-2009,2009,0020800350,20081214/MINLAL,Final,2008-12-15,03:30,1610612747,LAL,98,1610612750,MIN,86,,,,False
2008-2009,2009,0020800351,20081215/CHAATL,Final,2008-12-16,01:00,1610612737,ATL,83,1610612766,CHA,79,,,,False
2008-2009,2009,0020800352,20081215/NJNTOR,Final,2008-12-16,01:00,1610612761,TOR,87,1610612751,NJN,94,,,,False
2008-2009,2009,0020800353,20081215/INDWAS,Final,2008-12-16,01:00,1610612764,WAS,98,1610612754,IND,118,,,,False
2008-2009,2009,0020800354,20081215/UTABOS,Final,2008-12-16,01:30,1610612738,BOS,100,1610612762,UTA,91,,,,False
2008-2009,2009,0020800355,20081215/MILMIA,Final,2008-12-16,01:30,1610612748,MIA,83,1610612749,MIL,98,,,,False
2008-2009,2009,0020800356,20081215/DENDAL,Final,2008-12-16,02:30,1610612742,DAL,88,1610612743,DEN,98,,,,False
2008-2009,2009,0020800357,20081215/NYKPHX,Final,2008-12-16,03:00,1610612756,PHX,111,1610612752,NYK,103,,,,False
2008-2009,2009,0020800358,20081215/MINSAC,Final,2008-12-16,04:00,1610612758,SAC,118,1610612750,MIN,103,,,,False
2008-2009,2009,0020800359,20081215/ORLGSW,Final,2008-12-16,04:30,1610612744,GSW,98,1610612753,ORL,109,,,,False
2008-2009,2009,0020800360,20081216/CHICHA,Final/OT,2008-12-17,01:00,1610612766,CHA,110,1610612741,CHI,101,,,,False
2008-2009,2009,0020800361,20081216/NOHMEM,Final,2008-12-17,02:00,1610612763,MEM,84,1610612740,NOH,91,,,,False
2008-2009,2009,0020800362,20081216/LACOKC,Final,2008-12-17,02:00,1610612760,OKC,88,1610612746,LAC,98,,,,False
2008-2009,2009,0020800363,20081216/DENHOU,Final,2008-12-17,02:30,1610612745,HOU,108,1610612743,DEN,96,,,,False
2008-2009,2009,0020800364,20081216/SACPOR,Final,2008-12-17,04:00,1610612757,POR,109,1610612758,SAC,77,,,,False
2008-2009,2009,0020800365,20081216/NYKLAL,Final,2008-12-17,04:30,1610612747,LAL,116,1610612752,NYK,114,,,,False
2008-2009,2009,0020800366,20081217/BOSATL,Final,2008-12-18,01:00,1610612737,ATL,85,1610612738,BOS,88,,,,False
2008-2009,2009,0020800367,20081217/GSWIND,Final,2008-12-18,01:00,1610612754,IND,127,1610612744,GSW,120,,,,False
2008-2009,2009,0020800368,20081217/MILPHI,Final,2008-12-18,01:00,1610612755,PHI,93,1610612749,MIL,88,,,,False
2008-2009,2009,0020800369,20081217/DALTOR,Final,2008-12-18,01:00,1610612761,TOR,86,1610612742,DAL,96,,,,False
2008-2009,2009,0020800370,20081217/WASDET,Final,2008-12-18,01:30,1610612765,DET,88,1610612764,WAS,74,,,,False
2008-2009,2009,0020800371,20081217/UTANJN,Final,2008-12-18,01:30,1610612751,NJN,92,1610612762,UTA,103,,,,False
2008-2009,2009,0020800372,20081217/CLEMIN,Final,2008-12-18,02:00,1610612750,MIN,70,1610612739,CLE,93,,,,False
2008-2009,2009,0020800373,20081217/LACCHI,Final/OT,2008-12-18,02:30,1610612741,CHI,115,1610612746,LAC,109,,,,False
2008-2009,2009,0020800374,20081217/SASNOH,Final,2008-12-18,03:30,1610612740,NOH,90,1610612759,SAS,83,,,,False
2008-2009,2009,0020800375,20081218/SASORL,Final,2008-12-19,02:00,1610612753,ORL,90,1610612759,SAS,78,,,,False
2008-2009,2009,0020800376,20081218/PHXPOR,Final,2008-12-19,04:30,1610612757,POR,124,1610612756,PHX,119,,,,False
2008-2009,2009,0020800377,20081219/LACIND,Final/OT2,2008-12-20,01:00,1610612754,IND,109,1610612746,LAC,117,,,,False
2008-2009,2009,0020800378,20081219/PHIWAS,Final,2008-12-20,01:00,1610612764,WAS,103,1610612755,PHI,109,,,,False
2008-2009,2009,0020800379,20081219/GSWATL,Final,2008-12-20,01:30,1610612737,ATL,115,1610612744,GSW,99,,,,False
2008-2009,2009,0020800380,20081219/CHIBOS,Final,2008-12-20,01:30,1610612738,BOS,126,1610612741,CHI,108,,,,False
2008-2009,2009,0020800381,20081219/DALNJN,Final,2008-12-20,01:30,1610612751,NJN,121,1610612742,DAL,97,,,,False
2008-2009,2009,0020800382,20081219/MILNYK,Final,2008-12-20,01:30,1610612752,NYK,81,1610612749,MIL,105,,,,False
2008-2009,2009,0020800383,20081219/UTADET,Final/OT2,2008-12-20,02:00,1610612765,DET,114,1610612762,UTA,120,,,,False
2008-2009,2009,0020800384,20081219/CHAMEM,Final,2008-12-20,02:00,1610612763,MEM,83,1610612766,CHA,112,,,,False
2008-2009,2009,0020800385,20081219/LALMIA,Final,2008-12-20,02:00,1610612748,MIA,89,1610612747,LAL,87,,,,False
2008-2009,2009,0020800386,20081219/TOROKC,Final,2008-12-20,02:00,1610612760,OKC,91,1610612761,TOR,83,,,,False
2008-2009,2009,0020800387,20081219/SACHOU,Final,2008-12-20,02:30,1610612745,HOU,107,1610612758,SAC,96,,,,False
2008-2009,2009,0020800388,20081219/CLEDEN,Final,2008-12-20,04:30,1610612743,DEN,88,1610612739,CLE,105,,,,False
2008-2009,2009,0020800389,20081220/GSWCHA,Final,2008-12-21,01:00,1610612766,CHA,103,1610612744,GSW,110,,,,False
2008-2009,2009,0020800390,20081220/LALORL,Final,2008-12-21,01:00,1610612753,ORL,106,1610612747,LAL,103,,,,False
2008-2009,2009,0020800391,20081220/INDPHI,Final,2008-12-21,01:30,1610612755,PHI,94,1610612754,IND,95,,,,False
2008-2009,2009,0020800392,20081220/HOUMIN,Final,2008-12-21,02:00,1610612750,MIN,102,1610612745,HOU,109,,,,False
2008-2009,2009,0020800393,20081220/MIANJN,Final,2008-12-21,02:00,1610612751,NJN,103,1610612748,MIA,106,,,,False
2008-2009,2009,0020800394,20081220/SACNOH,Final,2008-12-21,02:00,1610612740,NOH,99,1610612758,SAC,90,,,,False
2008-2009,2009,0020800395,20081220/UTACHI,Final,2008-12-21,02:30,1610612741,CHI,106,1610612762,UTA,98,,,,False
2008-2009,2009,0020800396,20081220/LACMIL,Final,2008-12-21,02:30,1610612749,MIL,119,1610612746,LAC,85,,,,False
2008-2009,2009,0020800397,20081220/TORSAS,Final,2008-12-21,02:30,1610612759,SAS,107,1610612761,TOR,97,,,,False
2008-2009,2009,0020800398,20081220/DENPHX,Final,2008-12-21,03:00,1610612756,PHX,108,1610612743,DEN,101,,,,False
2008-2009,2009,0020800399,20081221/DETATL,Final,2008-12-21,20:00,1610612737,ATL,85,1610612765,DET,78,,,,False
2008-2009,2009,0020800400,20081221/NYKBOS,Final,2008-12-22,00:00,1610612738,BOS,124,1610612752,NYK,105,,,,False
2008-2009,2009,0020800401,20081221/DALWAS,Final,2008-12-22,00:00,1610612764,WAS,86,1610612742,DAL,97,,,,False
2008-2009,2009,0020800402,20081221/CLEOKC,Final,2008-12-22,01:00,1610612760,OKC,91,1610612739,CLE,102,,,,False
2008-2009,2009,0020800403,20081222/GSWORL,Final,2008-12-23,01:00,1610612753,ORL,113,1610612744,GSW,81,,,,False
2008-2009,2009,0020800404,20081222/HOUNJN,Final,2008-12-23,01:30,1610612751,NJN,91,1610612745,HOU,114,,,,False
2008-2009,2009,0020800405,20081222/LALMEM,Final,2008-12-23,02:00,1610612763,MEM,96,1610612747,LAL,105,,,,False
2008-2009,2009,0020800406,20081222/SACSAS,Final,2008-12-23,02:30,1610612759,SAS,101,1610612758,SAC,85,,,,False
2008-2009,2009,0020800407,20081222/PORDEN,Final,2008-12-23,03:00,1610612743,DEN,97,1610612757,POR,89,,,,False
2008-2009,2009,0020800408,20081222/TORLAC,Final,2008-12-23,04:30,1610612746,LAC,75,1610612761,TOR,97,,,,False
2008-2009,2009,0020800409,20081223/OKCATL,Final,2008-12-24,01:00,1610612737,ATL,99,1610612760,OKC,88,,,,False
2008-2009,2009,0020800410,20081223/WASCHA,Final,2008-12-24,01:00,1610612766,CHA,80,1610612764,WAS,72,,,,False
2008-2009,2009,0020800411,20081223/HOUCLE,Final,2008-12-24,01:00,1610612739,CLE,99,1610612745,HOU,90,,,,False
2008-2009,2009,0020800412,20081223/NJNIND,Final,2008-12-24,01:00,1610612754,IND,107,1610612751,NJN,108,,,,False
2008-2009,2009,0020800413,20081223/PHIBOS,Final,2008-12-24,01:30,1610612738,BOS,110,1610612755,PHI,91,,,,False
2008-2009,2009,0020800414,20081223/GSWMIA,Final,2008-12-24,01:30,1610612748,MIA,96,1610612744,GSW,88,,,,False
2008-2009,2009,0020800415,20081223/CHIDET,Final,2008-12-24,02:00,1610612765,DET,104,1610612741,CHI,98,,,,False
2008-2009,2009,0020800416,20081223/UTAMIL,Final,2008-12-24,02:00,1610612749,MIL,94,1610612762,UTA,86,,,,False
2008-2009,2009,0020800417,20081223/LALNOH,Final,2008-12-24,02:00,1610612740,NOH,87,1610612747,LAL,100,,,,False
2008-2009,2009,0020800418,20081223/MEMDAL,Final,2008-12-24,02:30,1610612742,DAL,100,1610612763,MEM,82,,,,False
2008-2009,2009,0020800419,20081223/MINSAS,Final,2008-12-24,02:30,1610612759,SAS,99,1610612750,MIN,93,,,,False
2008-2009,2009,0020800420,20081223/DENPOR,Final,2008-12-24,04:00,1610612757,POR,101,1610612743,DEN,92,,,,False
2008-2009,2009,0020800421,20081225/NOHORL,Final,2008-12-25,18:00,1610612753,ORL,88,1610612740,NOH,68,,,,False
2008-2009,2009,0020800422,20081225/SASPHX,Final,2008-12-25,20:30,1610612756,PHX,90,1610612759,SAS,91,,,,False
2008-2009,2009,0020800423,20081225/BOSLAL,Final,2008-12-25,23:00,1610612747,LAL,92,1610612738,BOS,83,,,,False
2008-2009,2009,0020800424,20081225/WASCLE,Final,2008-12-26,02:00,1610612739,CLE,93,1610612764,WAS,89,,,,False
2008-2009,2009,0020800425,20081225/DALPOR,Final,2008-12-26,04:30,1610612757,POR,94,1610612742,DAL,102,,,,False
2008-2009,2009,0020800426,20081226/CHIMIA,Final,2008-12-26,23:00,1610612748,MIA,90,1610612741,CHI,77,,,,False
2008-2009,2009,0020800427,20081226/CHANJN,Final,2008-12-27,01:30,1610612751,NJN,87,1610612766,CHA,95,,,,False
2008-2009,2009,0020800428,20081226/MINNYK,Final,2008-12-27,01:30,1610612752,NYK,107,1610612750,MIN,120,,,,False
2008-2009,2009,0020800429,20081226/OKCDET,Final,2008-12-27,02:00,1610612765,DET,90,1610612760,OKC,88,,,,False
2008-2009,2009,0020800430,20081226/INDMEM,Final,2008-12-27,02:00,1610612763,MEM,108,1610612754,IND,105,,,,False
2008-2009,2009,0020800431,20081226/HOUNOH,Final,2008-12-27,02:00,1610612740,NOH,88,1610612745,HOU,79,,,,False
2008-2009,2009,0020800432,20081226/PHIDEN,Final,2008-12-27,03:00,1610612743,DEN,105,1610612755,PHI,101,,,,False
2008-2009,2009,0020800433,20081226/DALUTA,Final,2008-12-27,03:00,1610612762,UTA,97,1610612742,DAL,88,,,,False
2008-2009,2009,0020800434,20081226/TORSAC,Final,2008-12-27,04:00,1610612758,SAC,101,1610612761,TOR,107,,,,False
2008-2009,2009,0020800435,20081226/BOSGSW,Final,2008-12-27,04:30,1610612744,GSW,99,1610612738,BOS,89,,,,False
2008-2009,2009,0020800436,20081227/CHIATL,Final,2008-12-28,01:00,1610612737,ATL,129,1610612741,CHI,117,,,,False
2008-2009,2009,0020800437,20081227/NJNCHA,Final/OT,2008-12-28,01:00,1610612766,CHA,103,1610612751,NJN,114,,,,False
2008-2009,2009,0020800438,20081227/OKCWAS,Final,2008-12-28,01:00,1610612764,WAS,104,1610612760,OKC,95,,,,False
2008-2009,2009,0020800439,20081227/ORLMIN,Final,2008-12-28,02:00,1610612750,MIN,94,1610612753,ORL,118,,,,False
2008-2009,2009,0020800440,20081227/UTAHOU,Final/OT2,2008-12-28,02:30,1610612745,HOU,120,1610612762,UTA,115,,,,False
2008-2009,2009,0020800441,20081227/DETMIL,Final,2008-12-28,02:30,1610612749,MIL,76,1610612765,DET,87,,,,False
2008-2009,2009,0020800442,20081227/MEMSAS,Final/OT2,2008-12-28,02:30,1610612759,SAS,106,1610612763,MEM,103,,,,False
2008-2009,2009,0020800443,20081227/TORPOR,Final,2008-12-28,04:00,1610612757,POR,102,1610612761,TOR,89,,,,False
2008-2009,2009,0020800444,20081228/DENNYK,Final,2008-12-28,19:00,1610612752,NYK,110,1610612743,DEN,117,,,,False
2008-2009,2009,0020800445,20081228/DALLAC,Final,2008-12-28,21:30,1610612746,LAC,76,1610612742,DAL,98,,,,False
2008-2009,2009,0020800446,20081228/MIACLE,Final,2008-12-29,01:00,1610612739,CLE,93,1610612748,MIA,86,,,,False
2008-2009,2009,0020800447,20081228/NOHIND,Final,2008-12-29,01:00,1610612754,IND,103,1610612740,NOH,105,,,,False
2008-2009,2009,0020800448,20081228/BOSSAC,Final,2008-12-29,03:00,1610612758,SAC,63,1610612738,BOS,108,,,,False
2008-2009,2009,0020800449,20081228/GSWLAL,Final,2008-12-29,03:30,1610612747,LAL,130,1610612744,GSW,113,,,,False
2008-2009,2009,0020800450,20081229/DENATL,Final,2008-12-30,01:00,1610612737,ATL,109,1610612743,DEN,91,,,,False
2008-2009,2009,0020800451,20081229/ORLDET,Final,2008-12-30,01:30,1610612765,DET,88,1610612753,ORL,82,,,,False
2008-2009,2009,0020800452,20081229/CHINJN,Final,2008-12-30,01:30,1610612751,NJN,87,1610612741,CHI,100,,,,False
2008-2009,2009,0020800453,20081229/MEMMIN,Final/OT,2008-12-30,02:00,1610612750,MIN,108,1610612763,MEM,98,,,,False
2008-2009,2009,0020800454,20081229/PHXOKC,Final,2008-12-30,02:00,1610612760,OKC,102,1610612756,PHX,110,,,,False
2008-2009,2009,0020800455,20081229/WASHOU,Final,2008-12-30,02:30,1610612745,HOU,87,1610612764,WAS,89,,,,False
2008-2009,2009,0020800456,20081229/PHIUTA,Final,2008-12-30,03:00,1610612762,UTA,112,1610612755,PHI,95,,,,False
2008-2009,2009,0020800457,20081229/TORGSW,Final,2008-12-30,04:30,1610612744,GSW,117,1610612761,TOR,111,,,,False
2008-2009,2009,0020800458,20081230/NYKCHA,Final,2008-12-31,01:00,1610612766,CHA,89,1610612752,NYK,93,,,,False
2008-2009,2009,0020800459,20081230/ATLIND,Final,2008-12-31,01:00,1610612754,IND,104,1610612737,ATL,110,,,,False
2008-2009,2009,0020800460,20081230/CLEMIA,Final,2008-12-31,01:30,1610612748,MIA,104,1610612739,CLE,95,,,,False
2008-2009,2009,0020800461,20081230/PHXMEM,Final,2008-12-31,02:00,1610612763,MEM,89,1610612756,PHX,101,,,,False
2008-2009,2009,0020800462,20081230/WASNOH,Final,2008-12-31,02:00,1610612740,NOH,97,1610612764,WAS,85,,,,False
2008-2009,2009,0020800463,20081230/MINDAL,Final,2008-12-31,02:30,1610612742,DAL,107,1610612750,MIN,100,,,,False
2008-2009,2009,0020800464,20081230/MILSAS,Final,2008-12-31,02:30,1610612759,SAS,98,1610612749,MIL,100,,,,False
2008-2009,2009,0020800465,20081230/BOSPOR,Final,2008-12-31,04:00,1610612757,POR,91,1610612738,BOS,86,,,,False
2008-2009,2009,0020800466,20081230/LACSAC,Final,2008-12-31,04:00,1610612758,SAC,92,1610612746,LAC,90,,,,False
2008-2009,2009,0020800467,20081231/ORLCHI,Final,2008-12-31,20:00,1610612741,CHI,94,1610612753,ORL,113,,,,False
2008-2009,2009,0020800468,20081231/NJNDET,Final,2008-12-31,21:00,1610612765,DET,83,1610612751,NJN,75,,,,False
2008-2009,2009,0020800469,20081231/MILHOU,Final,2009-01-01,01:00,1610612745,HOU,85,1610612749,MIL,81,,,,False
2008-2009,2009,0020800470,20081231/DENTOR,Final,2009-01-01,01:00,1610612761,TOR,107,1610612743,DEN,114,,,,False
2008-2009,2009,0020800471,20081231/GSWOKC,Final,2009-01-01,02:00,1610612760,OKC,107,1610612744,GSW,100,,,,False
2008-2009,2009,0020800472,20081231/PHILAC,Final,2009-01-01,03:30,1610612746,LAC,92,1610612755,PHI,100,,,,False
2008-2009,2009,0020800473,20090102/MIAORL,Final,2009-01-03,01:00,1610612753,ORL,86,1610612748,MIA,76,,,,False
2008-2009,2009,0020800474,20090102/HOUTOR,Final,2009-01-03,01:00,1610612761,TOR,94,1610612745,HOU,73,,,,False
2008-2009,2009,0020800475,20090102/WASBOS,Final,2009-01-03,01:30,1610612738,BOS,108,1610612764,WAS,83,,,,False
2008-2009,2009,0020800476,20090102/CHICLE,Final,2009-01-03,01:30,1610612739,CLE,117,1610612741,CHI,92,,,,False
2008-2009,2009,0020800477,20090102/ATLNJN,Final/OT,2009-01-03,01:30,1610612751,NJN,93,1610612737,ATL,91,,,,False
2008-2009,2009,0020800478,20090102/INDNYK,Final,2009-01-03,01:30,1610612752,NYK,103,1610612754,IND,105,,,,False
2008-2009,2009,0020800479,20090102/SACDET,Final,2009-01-03,02:00,1610612765,DET,98,1610612758,SAC,92,,,,False
2008-2009,2009,0020800480,20090102/SASMEM,Final,2009-01-03,02:00,1610612763,MEM,80,1610612759,SAS,91,,,,False
2008-2009,2009,0020800481,20090102/GSWMIN,Final,2009-01-03,02:00,1610612750,MIN,115,1610612744,GSW,108,,,,False
2008-2009,2009,0020800482,20090102/DENOKC,Final,2009-01-03,02:00,1610612760,OKC,120,1610612743,DEN,122,,,,False
2008-2009,2009,0020800483,20090102/PHIDAL,Final,2009-01-03,02:30,1610612742,DAL,96,1610612755,PHI,86,,,,False
2008-2009,2009,0020800484,20090102/CHAMIL,Final,2009-01-03,02:30,1610612749,MIL,103,1610612766,CHA,75,,,,False
2008-2009,2009,0020800485,20090102/LACPHX,Final,2009-01-03,03:00,1610612756,PHX,106,1610612746,LAC,98,,,,False
2008-2009,2009,0020800486,20090102/NOHPOR,Final,2009-01-03,04:00,1610612757,POR,77,1610612740,NOH,92,,,,False
2008-2009,2009,0020800487,20090102/UTALAL,Final,2009-01-03,04:30,1610612747,LAL,113,1610612762,UTA,100,,,,False
2008-2009,2009,0020800488,20090103/HOUATL,Final,2009-01-04,01:00,1610612737,ATL,103,1610612745,HOU,100,,,,False
2008-2009,2009,0020800489,20090103/MILCHA,Final,2009-01-04,01:00,1610612766,CHA,102,1610612749,MIL,92,,,,False
2008-2009,2009,0020800490,20090103/SACIND,Final,2009-01-04,00:00,1610612754,IND,122,1610612758,SAC,117,,,,False
2008-2009,2009,0020800491,20090103/NJNMIA,Final/OT,2009-01-04,01:30,1610612748,MIA,101,1610612751,NJN,96,,,,False
2008-2009,2009,0020800492,20090103/MINCHI,Final,2009-01-04,02:30,1610612741,CHI,92,1610612750,MIN,102,,,,False
2008-2009,2009,0020800493,20090103/PHISAS,Final,2009-01-04,02:30,1610612759,SAS,108,1610612755,PHI,106,,,,False
2008-2009,2009,0020800494,20090103/NOHDEN,Final,2009-01-04,03:00,1610612743,DEN,105,1610612740,NOH,100,,,,False
2008-2009,2009,0020800495,20090104/ORLTOR,Final,2009-01-04,18:30,1610612761,TOR,108,1610612753,ORL,102,,,,False
2008-2009,2009,0020800496,20090104/CLEWAS,Final,2009-01-04,19:00,1610612764,WAS,80,1610612739,CLE,77,,,,False
2008-2009,2009,0020800497,20090104/DETLAC,Final,2009-01-04,21:30,1610612746,LAC,87,1610612765,DET,88,,,,False
2008-2009,2009,0020800498,20090104/DALMEM,Final,2009-01-04,22:00,1610612763,MEM,102,1610612742,DAL,82,,,,False
2008-2009,2009,0020800499,20090104/BOSNYK,Final,2009-01-05,00:00,1610612752,NYK,100,1610612738,BOS,88,,,,False
2008-2009,2009,0020800500,20090104/PORLAL,Final,2009-01-05,03:30,1610612747,LAL,100,1610612757,POR,86,,,,False
2008-2009,2009,0020800501,20090105/SASMIA,Final,2009-01-06,01:30,1610612748,MIA,84,1610612759,SAS,91,,,,False
2008-2009,2009,0020800502,20090105/SACNJN,Final,2009-01-06,01:30,1610612751,NJN,98,1610612758,SAC,90,,,,False
2008-2009,2009,0020800503,20090105/TORMIL,Final,2009-01-06,02:00,1610612749,MIL,107,1610612761,TOR,97,,,,False
2008-2009,2009,0020800504,20090105/INDDEN,Final,2009-01-06,03:00,1610612743,DEN,135,1610612754,IND,115,,,,False
2008-2009,2009,0020800505,20090105/GSWUTA,Final,2009-01-06,03:00,1610612762,UTA,119,1610612744,GSW,114,,,,False
2008-2009,2009,0020800506,20090106/BOSCHA,Final/OT,2009-01-07,01:00,1610612766,CHA,114,1610612738,BOS,106,,,,False
2008-2009,2009,0020800507,20090106/WASORL,Final,2009-01-07,01:00,1610612753,ORL,89,1610612764,WAS,80,,,,False
2008-2009,2009,0020800508,20090106/HOUPHI,Final,2009-01-07,01:00,1610612755,PHI,104,1610612745,HOU,96,,,,False
2008-2009,2009,0020800509,20090106/MINMEM,Final,2009-01-07,02:00,1610612763,MEM,87,1610612750,MIN,94,,,,False
2008-2009,2009,0020800510,20090106/NYKOKC,Final,2009-01-07,02:00,1610612760,OKC,107,1610612752,NYK,99,,,,False
2008-2009,2009,0020800511,20090106/SACCHI,Final,2009-01-07,02:30,1610612741,CHI,99,1610612758,SAC,94,,,,False
2008-2009,2009,0020800512,20090106/LACDAL,Final,2009-01-07,02:30,1610612742,DAL,107,1610612746,LAC,102,,,,False
2008-2009,2009,0020800513,20090106/NOHLAL,Final,2009-01-07,04:30,1610612747,LAL,105,1610612740,NOH,116,,,,False
2008-2009,2009,0020800514,20090107/ORLATL,Final,2009-01-08,01:00,1610612737,ATL,102,1610612753,ORL,106,,,,False
2008-2009,2009,0020800515,20090107/CHACLE,Final,2009-01-08,01:00,1610612739,CLE,111,1610612766,CHA,81,,,,False
2008-2009,2009,0020800516,20090107/TORWAS,Final,2009-01-08,01:00,1610612764,WAS,93,1610612761,TOR,99,,,,False
2008-2009,2009,0020800517,20090107/HOUBOS,Final,2009-01-08,01:30,1610612738,BOS,85,1610612745,HOU,89,,,,False
2008-2009,2009,0020800518,20090107/MEMNJN,Final,2009-01-08,01:30,1610612751,NJN,100,1610612763,MEM,89,,,,False
2008-2009,2009,0020800519,20090107/PHIMIL,Final,2009-01-08,02:00,1610612749,MIL,105,1610612755,PHI,110,,,,False
2008-2009,2009,0020800520,20090107/OKCMIN,Final,2009-01-08,02:00,1610612750,MIN,129,1610612760,OKC,87,,,,False
2008-2009,2009,0020800521,20090107/MIADEN,Final,2009-01-08,03:00,1610612743,DEN,108,1610612748,MIA,97,,,,False
2008-2009,2009,0020800522,20090107/INDPHX,Final,2009-01-08,03:00,1610612756,PHX,110,1610612754,IND,113,,,,False
2008-2009,2009,0020800523,20090107/NOHUTA,Final,2009-01-08,03:00,1610612762,UTA,116,1610612740,NOH,90,,,,False
2008-2009,2009,0020800524,20090107/DETPOR,Final,2009-01-08,04:00,1610612757,POR,84,1610612765,DET,83,,,,False
2008-2009,2009,0020800525,20090107/LALGSW,Final,2009-01-08,04:30,1610612744,GSW,106,1610612747,LAL,114,,,,False
2008-2009,2009,0020800526,20090108/NYKDAL,Final,2009-01-09,02:30,1610612742,DAL,99,1610612752,NYK,94,,,,False
2008-2009,2009,0020800527,20090108/LACSAS,Final,2009-01-09,02:30,1610612759,SAS,106,1610612746,LAC,84,,,,False
2008-2009,2009,0020800528,20090109/ATLORL,Final,2009-01-10,01:00,1610612753,ORL,121,1610612737,ATL,87,,,,False
2008-2009,2009,0020800529,20090109/CHAPHI,Final,2009-01-10,01:00,1610612755,PHI,93,1610612766,CHA,87,,,,False
2008-2009,2009,0020800530,20090109/MEMTOR,Final,2009-01-10,01:00,1610612761,TOR,103,1610612763,MEM,82,,,,False
2008-2009,2009,0020800531,20090109/BOSCLE,Final,2009-01-10,02:00,1610612739,CLE,98,1610612738,BOS,83,,,,False
2008-2009,2009,0020800532,20090109/LACNOH,Final,2009-01-10,02:00,1610612740,NOH,107,1610612746,LAC,80,,,,False
2008-2009,2009,0020800533,20090109/HOUOKC,Final,2009-01-10,02:00,1610612760,OKC,96,1610612745,HOU,98,,,,False
2008-2009,2009,0020800534,20090109/WASCHI,Final,2009-01-10,02:30,1610612741,CHI,98,1610612764,WAS,86,,,,False
2008-2009,2009,0020800535,20090109/NJNMIL,Final,2009-01-10,02:30,1610612749,MIL,104,1610612751,NJN,102,,,,False
2008-2009,2009,0020800536,20090109/DETDEN,Final,2009-01-10,03:00,1610612743,DEN,90,1610612765,DET,93,,,,False
2008-2009,2009,0020800537,20090109/MIASAC,Final/OT,2009-01-10,04:00,1610612758,SAC,115,1610612748,MIA,119,,,,False
2008-2009,2009,0020800538,20090109/INDLAL,Final,2009-01-10,04:30,1610612747,LAL,121,1610612754,IND,119,,,,False
2008-2009,2009,0020800539,20090109/DALPHX,Final,2009-01-10,04:30,1610612756,PHX,128,1610612742,DAL,100,,,,False
2008-2009,2009,0020800540,20090110/CHAWAS,Final,2009-01-11,01:00,1610612764,WAS,89,1610612766,CHA,92,,,,False
2008-2009,2009,0020800541,20090110/MILMIN,Final,2009-01-11,02:00,1610612750,MIN,106,1610612749,MIL,104,,,,False
2008-2009,2009,0020800542,20090110/OKCCHI,Final/OT,2009-01-11,02:30,1610612741,CHI,98,1610612760,OKC,109,,,,False
2008-2009,2009,0020800543,20090110/NYKHOU,Final,2009-01-11,02:30,1610612745,HOU,96,1610612752,NYK,76,,,,False
2008-2009,2009,0020800544,20090110/DETUTA,Final,2009-01-11,03:00,1610612762,UTA,99,1610612765,DET,82,,,,False
2008-2009,2009,0020800545,20090110/GSWPOR,Final,2009-01-11,04:00,1610612757,POR,113,1610612744,GSW,100,,,,False
2008-2009,2009,0020800546,20090111/BOSTOR,Final,2009-01-11,18:30,1610612761,TOR,88,1610612738,BOS,94,,,,False
2008-2009,2009,0020800547,20090111/PHIATL,Final,2009-01-11,20:00,1610612737,ATL,94,1610612755,PHI,109,,,,False
2008-2009,2009,0020800548,20090111/PHXLAC,Final,2009-01-11,21:30,1610612746,LAC,103,1610612756,PHX,109,,,,False
2008-2009,2009,0020800549,20090111/ORLSAS,Final,2009-01-12,02:30,1610612759,SAS,98,1610612753,ORL,105,,,,False
2008-2009,2009,0020800550,20090111/INDGSW,Final,2009-01-12,03:00,1610612744,GSW,120,1610612754,IND,117,,,,False
2008-2009,2009,0020800551,20090111/DALSAC,Final,2009-01-12,03:00,1610612758,SAC,102,1610612742,DAL,95,,,,False
2008-2009,2009,0020800552,20090111/MIALAL,Final,2009-01-12,03:30,1610612747,LAL,108,1610612748,MIA,105,,,,False
2008-2009,2009,0020800553,20090112/MILWAS,Final,2009-01-13,01:00,1610612764,WAS,91,1610612749,MIL,97,,,,False
2008-2009,2009,0020800554,20090112/TORBOS,Final/OT,2009-01-13,01:30,1610612738,BOS,115,1610612761,TOR,109,,,,False
2008-2009,2009,0020800555,20090112/OKCNJN,Final/OT,2009-01-13,01:30,1610612751,NJN,103,1610612760,OKC,99,,,,False
2008-2009,2009,0020800556,20090112/NYKNOH,Final,2009-01-13,02:00,1610612740,NOH,95,1610612752,NYK,101,,,,False
2008-2009,2009,0020800557,20090112/PORCHI,Final,2009-01-13,02:30,1610612741,CHI,95,1610612757,POR,109,,,,False
2008-2009,2009,0020800558,20090112/INDUTA,Final,2009-01-13,03:00,1610612762,UTA,120,1610612754,IND,113,,,,False
2008-2009,2009,0020800559,20090113/CHADET,Final,2009-01-14,01:30,1610612765,DET,78,1610612766,CHA,80,,,,False
2008-2009,2009,0020800560,20090113/CLEMEM,Final,2009-01-14,02:00,1610612763,MEM,87,1610612739,CLE,102,,,,False
2008-2009,2009,0020800561,20090113/MIAMIN,Final,2009-01-14,02:00,1610612750,MIN,96,1610612748,MIA,99,,,,False
2008-2009,2009,0020800562,20090113/LALHOU,Final,2009-01-14,02:30,1610612745,HOU,100,1610612747,LAL,105,,,,False
2008-2009,2009,0020800563,20090113/DALDEN,Final,2009-01-14,03:00,1610612743,DEN,99,1610612742,DAL,97,,,,False
2008-2009,2009,0020800564,20090113/ATLPHX,Final,2009-01-14,03:00,1610612756,PHX,107,1610612737,ATL,102,,,,False
2008-2009,2009,0020800565,20090113/ORLSAC,Final,2009-01-14,04:00,1610612758,SAC,107,1610612753,ORL,139,,,,False
2008-2009,2009,0020800566,20090114/DETIND,Final/OT,2009-01-15,01:00,1610612754,IND,110,1610612765,DET,106,,,,False
2008-2009,2009,0020800567,20090114/PORPHI,Final,2009-01-15,01:00,1610612755,PHI,100,1610612757,POR,79,,,,False
2008-2009,2009,0020800568,20090114/CHITOR,Final,2009-01-15,01:00,1610612761,TOR,98,1610612741,CHI,102,,,,False
2008-2009,2009,0020800569,20090114/NJNBOS,Final,2009-01-15,01:30,1610612738,BOS,118,1610612751,NJN,86,,,,False
2008-2009,2009,0020800570,20090114/WASNYK,Final,2009-01-15,01:30,1610612752,NYK,128,1610612764,WAS,122,,,,False
2008-2009,2009,0020800571,20090114/MIAMIL,Final,2009-01-15,02:00,1610612749,MIL,99,1610612748,MIA,102,,,,False
2008-2009,2009,0020800572,20090114/UTAOKC,Final,2009-01-15,02:00,1610612760,OKC,114,1610612762,UTA,93,,,,False
2008-2009,2009,0020800573,20090114/NOHDAL,Final,2009-01-15,02:30,1610612742,DAL,97,1610612740,NOH,104,,,,False
2008-2009,2009,0020800574,20090114/LALSAS,Final,2009-01-15,03:00,1610612759,SAS,112,1610612747,LAL,111,,,,False
2008-2009,2009,0020800575,20090114/SACGSW,Final/OT3,2009-01-15,04:30,1610612744,GSW,133,1610612758,SAC,135,,,,False
2008-2009,2009,0020800576,20090114/ATLLAC,Final,2009-01-15,04:30,1610612746,LAC,80,1610612737,ATL,97,,,,False
2008-2009,2009,0020800577,20090115/PORNJN,Final,2009-01-16,01:30,1610612751,NJN,99,1610612757,POR,105,,,,False
2008-2009,2009,0020800578,20090115/CLECHI,Final/OT,2009-01-16,02:00,1610612741,CHI,102,1610612739,CLE,93,,,,False
2008-2009,2009,0020800579,20090115/PHXDEN,Final/OT,2009-01-16,04:30,1610612743,DEN,119,1610612756,PHX,113,,,,False
2008-2009,2009,0020800580,20090116/TORIND,Final,2009-01-17,01:00,1610612754,IND,111,1610612761,TOR,104,,,,False
2008-2009,2009,0020800581,20090116/SASPHI,Final,2009-01-17,01:00,1610612755,PHI,109,1610612759,SAS,87,,,,False
2008-2009,2009,0020800582,20090116/NYKWAS,Final,2009-01-17,01:00,1610612764,WAS,96,1610612752,NYK,89,,,,False
2008-2009,2009,0020800583,20090116/NOHCLE,Final,2009-01-17,02:00,1610612739,CLE,92,1610612740,NOH,78,,,,False
2008-2009,2009,0020800584,20090116/UTAMEM,Final,2009-01-17,02:00,1610612763,MEM,91,1610612762,UTA,101,,,,False
2008-2009,2009,0020800585,20090116/DETOKC,Final,2009-01-17,02:00,1610612760,OKC,89,1610612765,DET,79,,,,False
2008-2009,2009,0020800586,20090116/MINPHX,Final,2009-01-17,03:00,1610612756,PHX,103,1610612750,MIN,105,,,,False
2008-2009,2009,0020800587,20090116/MILSAC,Final,2009-01-17,04:00,1610612758,SAC,122,1610612749,MIL,129,,,,False
2008-2009,2009,0020800588,20090116/ATLGSW,Final,2009-01-17,04:30,1610612744,GSW,119,1610612737,ATL,114,,,,False
2008-2009,2009,0020800589,20090116/ORLLAL,Final,2009-01-17,04:30,1610612747,LAL,103,1610612753,ORL,109,,,,False
2008-2009,2009,0020800590,20090117/BOSNJN,Final,2009-01-17,19:00,1610612751,NJN,85,1610612738,BOS,105,,,,False
2008-2009,2009,0020800591,20090117/PORCHA,Final/OT,2009-01-18,01:00,1610612766,CHA,102,1610612757,POR,97,,,,False
2008-2009,2009,0020800592,20090117/NOHDET,Final,2009-01-18,01:30,1610612765,DET,85,1610612740,NOH,91,,,,False
2008-2009,2009,0020800593,20090117/PHINYK,Final,2009-01-18,01:30,1610612752,NYK,97,1610612755,PHI,107,,,,False
2008-2009,2009,0020800594,20090117/SASCHI,Final,2009-01-18,02:30,1610612741,CHI,87,1610612759,SAS,92,,,,False
2008-2009,2009,0020800595,20090117/MIAHOU,Final,2009-01-18,02:30,1610612745,HOU,93,1610612748,MIA,86,,,,False
2008-2009,2009,0020800596,20090117/UTADAL,Final,2009-01-18,03:00,1610612742,DAL,115,1610612762,UTA,108,,,,False
2008-2009,2009,0020800597,20090117/ORLDEN,Final,2009-01-18,03:00,1610612743,DEN,88,1610612753,ORL,106,,,,False
2008-2009,2009,0020800598,20090117/MILLAC,Final,2009-01-18,04:30,1610612746,LAC,101,1610612749,MIL,92,,,,False
2008-2009,2009,0020800599,20090118/PHXTOR,Final,2009-01-18,18:30,1610612761,TOR,113,1610612756,PHX,117,,,,False
2008-2009,2009,0020800600,20090118/MIAOKC,Final,2009-01-19,01:00,1610612760,OKC,94,1610612748,MIA,104,,,,False
2008-2009,2009,0020800601,20090119/CHINYK,Final,2009-01-19,19:00,1610612752,NYK,102,1610612741,CHI,98,,,,False
2008-2009,2009,0020800602,20090119/DALPHI,Final,2009-01-19,19:00,1610612755,PHI,93,1610612742,DAL,95,,,,False
2008-2009,2009,0020800603,20090119/TORATL,Final,2009-01-19,20:00,1610612737,ATL,87,1610612761,TOR,84,,,,False
2008-2009,2009,0020800604,20090119/SASCHA,Final,2009-01-19,20:00,1610612766,CHA,84,1610612759,SAS,86,,,,False
2008-2009,2009,0020800605,20090119/DENHOU,Final,2009-01-19,20:00,1610612745,HOU,115,1610612743,DEN,113,,,,False
2008-2009,2009,0020800606,20090119/MINLAC,Final,2009-01-19,21:30,1610612746,LAC,86,1610612750,MIN,94,,,,False
2008-2009,2009,0020800607,20090119/INDNOH,Final,2009-01-19,21:30,1610612740,NOH,103,1610612754,IND,100,,,,False
2008-2009,2009,0020800608,20090119/WASGSW,Final,2009-01-19,22:00,1610612744,GSW,119,1610612764,WAS,98,,,,False
2008-2009,2009,0020800609,20090119/DETMEM,Final,2009-01-19,23:30,1610612763,MEM,79,1610612765,DET,87,,,,False
2008-2009,2009,0020800610,20090119/PHXBOS,Final,2009-01-20,02:00,1610612738,BOS,104,1610612756,PHX,87,,,,False
2008-2009,2009,0020800611,20090119/MILPOR,Final,2009-01-20,04:00,1610612757,POR,102,1610612749,MIL,85,,,,False
2008-2009,2009,0020800612,20090119/CLELAL,Final,2009-01-20,04:30,1610612747,LAL,105,1610612739,CLE,88,,,,False
2008-2009,2009,0020800613,20090120/ATLCHI,Final,2009-01-21,02:30,1610612741,CHI,102,1610612737,ATL,105,,,,False
2008-2009,2009,0020800614,20090120/INDSAS,Final,2009-01-21,02:30,1610612759,SAS,99,1610612754,IND,81,,,,False
2008-2009,2009,0020800615,20090120/SACDEN,Final,2009-01-21,03:00,1610612743,DEN,118,1610612758,SAC,99,,,,False
2008-2009,2009,0020800616,20090120/MINUTA,Final,2009-01-21,03:00,1610612762,UTA,112,1610612750,MIN,107,,,,False
2008-2009,2009,0020800617,20090121/MEMCHA,Final,2009-01-22,01:00,1610612766,CHA,101,1610612763,MEM,86,,,,False
2008-2009,2009,0020800618,20090121/TORDET,Final,2009-01-22,01:30,1610612765,DET,95,1610612761,TOR,76,,,,False
2008-2009,2009,0020800619,20090121/BOSMIA,Final,2009-01-22,01:30,1610612748,MIA,83,1610612738,BOS,98,,,,False
2008-2009,2009,0020800620,20090121/PHXNYK,Final,2009-01-22,01:30,1610612752,NYK,114,1610612756,PHX,109,,,,False
2008-2009,2009,0020800621,20090121/DALMIL,Final,2009-01-22,02:00,1610612749,MIL,133,1610612742,DAL,99,,,,False
2008-2009,2009,0020800622,20090121/NJNNOH,Final,2009-01-22,02:00,1610612740,NOH,102,1610612751,NJN,92,,,,False
2008-2009,2009,0020800623,20090121/UTAHOU,Final,2009-01-22,02:30,1610612745,HOU,108,1610612762,UTA,99,,,,False
2008-2009,2009,0020800624,20090121/CLEPOR,Final,2009-01-22,04:00,1610612757,POR,98,1610612739,CLE,104,,,,False
2008-2009,2009,0020800625,20090121/WASSAC,Final,2009-01-22,04:00,1610612758,SAC,107,1610612764,WAS,110,,,,False
2008-2009,2009,0020800626,20090121/OKCGSW,Final,2009-01-22,04:30,1610612744,GSW,121,1610612760,OKC,122,,,,False
2008-2009,2009,0020800627,20090121/LALLAC,Final,2009-01-22,04:30,1610612746,LAC,97,1610612747,LAL,108,,,,False
2008-2009,2009,0020800628,20090122/BOSORL,Final,2009-01-23,02:00,1610612753,ORL,80,1610612738,BOS,90,,,,False
2008-2009,2009,0020800629,20090122/WASLAL,Final,2009-01-23,04:30,1610612747,LAL,117,1610612764,WAS,97,,,,False
2008-2009,2009,0020800630,20090123/PHXCHA,Final,2009-01-24,01:00,1610612766,CHA,98,1610612756,PHX,76,,,,False
2008-2009,2009,0020800631,20090123/DALDET,Final,2009-01-24,01:00,1610612765,DET,91,1610612742,DAL,112,,,,False
2008-2009,2009,0020800632,20090123/HOUIND,Final,2009-01-24,01:00,1610612754,IND,107,1610612745,HOU,102,,,,False
2008-2009,2009,0020800633,20090123/MILATL,Final,2009-01-24,01:30,1610612737,ATL,117,1610612749,MIL,87,,,,False
2008-2009,2009,0020800634,20090123/MEMNYK,Final,2009-01-24,01:30,1610612752,NYK,108,1610612763,MEM,88,,,,False
2008-2009,2009,0020800635,20090123/NOHMIN,Final,2009-01-24,02:00,1610612750,MIN,116,1610612740,NOH,108,,,,False
2008-2009,2009,0020800636,20090123/TORCHI,Final,2009-01-24,02:30,1610612741,CHI,94,1610612761,TOR,114,,,,False
2008-2009,2009,0020800637,20090123/NJNSAS,Final,2009-01-24,02:30,1610612759,SAS,94,1610612751,NJN,91,,,,False
2008-2009,2009,0020800638,20090123/CLEGSW,Final,2009-01-24,04:30,1610612744,GSW,105,1610612739,CLE,106,,,,False
2008-2009,2009,0020800639,20090123/OKCLAC,Final,2009-01-24,04:30,1610612746,LAC,107,1610612760,OKC,104,,,,False
2008-2009,2009,0020800640,20090124/NYKPHI,Final,2009-01-25,01:00,1610612755,PHI,116,1610612752,NYK,110,,,,False
2008-2009,2009,0020800641,20090124/ORLMIA,Final,2009-01-25,01:30,1610612748,MIA,103,1610612753,ORL,97,,,,False
2008-2009,2009,0020800642,20090124/NJNMEM,Final,2009-01-25,02:00,1610612763,MEM,88,1610612751,NJN,99,,,,False
2008-2009,2009,0020800643,20090124/SACMIL,Final,2009-01-25,02:30,1610612749,MIL,106,1610612758,SAC,104,,,,False
2008-2009,2009,0020800644,20090124/CLEUTA,Final,2009-01-25,03:00,1610612762,UTA,97,1610612739,CLE,102,,,,False
2008-2009,2009,0020800645,20090124/WASPOR,Final,2009-01-25,04:00,1610612757,POR,100,1610612764,WAS,87,,,,False
2008-2009,2009,0020800646,20090125/DALBOS,Final,2009-01-25,19:00,1610612738,BOS,124,1610612742,DAL,100,,,,False
2008-2009,2009,0020800647,20090125/SASLAL,Final,2009-01-25,21:30,1610612747,LAL,99,1610612759,SAS,85,,,,False
2008-2009,2009,0020800648,20090125/PHXATL,Final,2009-01-26,00:00,1610612737,ATL,99,1610612756,PHX,104,,,,False
2008-2009,2009,0020800649,20090125/SACTOR,Final,2009-01-26,00:00,1610612761,TOR,113,1610612758,SAC,97,,,,False
2008-2009,2009,0020800650,20090125/HOUDET,Final,2009-01-26,00:30,1610612765,DET,105,1610612745,HOU,108,,,,False
2008-2009,2009,0020800651,20090125/CHAIND,Final,2009-01-26,01:00,1610612754,IND,98,1610612766,CHA,93,,,,False
2008-2009,2009,0020800652,20090125/CHIMIN,Final/OT,2009-01-26,01:00,1610612750,MIN,109,1610612741,CHI,108,,,,False
2008-2009,2009,0020800653,20090125/UTADEN,Final,2009-01-26,02:00,1610612743,DEN,117,1610612762,UTA,97,,,,False
2008-2009,2009,0020800654,20090125/LACGSW,Final,2009-01-26,03:00,1610612744,GSW,107,1610612746,LAC,92,,,,False
2008-2009,2009,0020800655,20090126/PHXWAS,Final,2009-01-27,01:00,1610612764,WAS,87,1610612756,PHX,103,,,,False
2008-2009,2009,0020800656,20090126/ATLMIA,Final,2009-01-27,01:30,1610612748,MIA,95,1610612737,ATL,79,,,,False
2008-2009,2009,0020800657,20090126/HOUNYK,Final,2009-01-27,01:30,1610612752,NYK,104,1610612745,HOU,98,,,,False
2008-2009,2009,0020800658,20090126/MINMIL,Final,2009-01-27,02:00,1610612749,MIL,83,1610612750,MIN,90,,,,False
2008-2009,2009,0020800659,20090126/PHINOH,Final,2009-01-27,02:00,1610612740,NOH,101,1610612755,PHI,86,,,,False
2008-2009,2009,0020800660,20090126/NJNOKC,Final,2009-01-27,02:00,1610612760,OKC,94,1610612751,NJN,85,,,,False
2008-2009,2009,0020800661,20090126/PORLAC,Final,2009-01-27,04:30,1610612746,LAC,88,1610612757,POR,113,,,,False
2008-2009,2009,0020800662,20090127/SACCLE,Final,2009-01-28,01:00,1610612739,CLE,117,1610612758,SAC,110,,,,False
2008-2009,2009,0020800663,20090127/INDORL,Final,2009-01-28,01:00,1610612753,ORL,135,1610612754,IND,111,,,,False
2008-2009,2009,0020800664,20090127/DENMEM,Final,2009-01-28,02:00,1610612763,MEM,85,1610612743,DEN,100,,,,False
2008-2009,2009,0020800665,20090127/SASUTA,Final,2009-01-28,03:00,1610612762,UTA,100,1610612759,SAS,106,,,,False
2008-2009,2009,0020800666,20090127/CHALAL,Final/OT2,2009-01-28,04:30,1610612747,LAL,110,1610612766,CHA,117,,,,False
2008-2009,2009,0020800667,20090128/MILIND,Final,2009-01-29,01:00,1610612754,IND,107,1610612749,MIL,99,,,,False
2008-2009,2009,0020800668,20090128/SACBOS,Final,2009-01-29,01:30,1610612738,BOS,119,1610612758,SAC,100,,,,False
2008-2009,2009,0020800669,20090128/WASMIA,Final,2009-01-29,01:30,1610612748,MIA,93,1610612764,WAS,71,,,,False
2008-2009,2009,0020800670,20090128/TORNJN,Final,2009-01-29,01:30,1610612751,NJN,106,1610612761,TOR,107,,,,False
2008-2009,2009,0020800671,20090128/ATLNYK,Final,2009-01-29,01:30,1610612752,NYK,112,1610612737,ATL,104,,,,False
2008-2009,2009,0020800672,20090128/DETMIN,Final,2009-01-29,02:00,1610612750,MIN,89,1610612765,DET,98,,,,False
2008-2009,2009,0020800673,20090128/DENNOH,Final,2009-01-29,02:00,1610612740,NOH,94,1610612743,DEN,81,,,,False
2008-2009,2009,0020800674,20090128/MEMOKC,Final/OT,2009-01-29,02:00,1610612760,OKC,114,1610612763,MEM,102,,,,False
2008-2009,2009,0020800675,20090128/PHIHOU,Final,2009-01-29,02:30,1610612745,HOU,93,1610612755,PHI,95,,,,False
2008-2009,2009,0020800676,20090128/GSWDAL,Final,2009-01-29,03:00,1610612742,DAL,117,1610612744,GSW,93,,,,False
2008-2009,2009,0020800677,20090128/CHAPOR,Final,2009-01-29,04:00,1610612757,POR,88,1610612766,CHA,74,,,,False
2008-2009,2009,0020800678,20090128/CHILAC,Final,2009-01-29,04:30,1610612746,LAC,75,1610612741,CHI,95,,,,False
2008-2009,2009,0020800679,20090129/CLEORL,Final,2009-01-30,02:00,1610612753,ORL,99,1610612739,CLE,88,,,,False
2008-2009,2009,0020800680,20090129/SASPHX,Final,2009-01-30,04:30,1610612756,PHX,104,1610612759,SAS,114,,,,False
2008-2009,2009,0020800681,20090130/BOSDET,Final,2009-01-31,01:00,1610612765,DET,78,1610612738,BOS,86,,,,False
2008-2009,2009,0020800682,20090130/MIAIND,Final,2009-01-31,01:00,1610612754,IND,114,1610612748,MIA,103,,,,False
2008-2009,2009,0020800683,20090130/WASPHI,Final,2009-01-31,01:00,1610612755,PHI,104,1610612764,WAS,94,,,,False
2008-2009,2009,0020800684,20090130/MILTOR,Final,2009-01-31,01:00,1610612761,TOR,85,1610612749,MIL,96,,,,False
2008-2009,2009,0020800685,20090130/NJNATL,Final,2009-01-31,01:30,1610612737,ATL,105,1610612751,NJN,88,,,,False
2008-2009,2009,0020800686,20090130/LACCLE,Final,2009-01-31,01:30,1610612739,CLE,112,1610612746,LAC,95,,,,False
2008-2009,2009,0020800687,20090130/LALMIN,Final,2009-01-31,02:00,1610612750,MIN,119,1610612747,LAL,132,,,,False
2008-2009,2009,0020800688,20090130/CHADEN,Final,2009-01-31,03:00,1610612743,DEN,110,1610612766,CHA,99,,,,False
2008-2009,2009,0020800689,20090130/OKCUTA,Final,2009-01-31,03:00,1610612762,UTA,110,1610612760,OKC,90,,,,False
2008-2009,2009,0020800690,20090130/GSWNOH,Final,2009-01-31,03:30,1610612740,NOH,87,1610612744,GSW,91,,,,False
2008-2009,2009,0020800691,20090130/CHISAC,Final,2009-01-31,04:00,1610612758,SAC,88,1610612741,CHI,109,,,,False
2008-2009,2009,0020800692,20090131/NYKIND,Final,2009-02-01,01:00,1610612754,IND,113,1610612752,NYK,122,,,,False
2008-2009,2009,0020800693,20090131/NJNPHI,Final,2009-02-01,01:00,1610612755,PHI,83,1610612751,NJN,85,,,,False
2008-2009,2009,0020800694,20090131/DALMIA,Final,2009-02-01,01:30,1610612748,MIA,96,1610612742,DAL,111,,,,False
2008-2009,2009,0020800695,20090131/LALMEM,Final,2009-02-01,02:00,1610612763,MEM,98,1610612747,LAL,115,,,,False
2008-2009,2009,0020800696,20090131/LACWAS,Final,2009-02-01,02:00,1610612764,WAS,106,1610612746,LAC,94,,,,False
2008-2009,2009,0020800697,20090131/GSWHOU,Final,2009-02-01,02:30,1610612745,HOU,110,1610612744,GSW,93,,,,False
2008-2009,2009,0020800698,20090131/ATLMIL,Final,2009-02-01,02:30,1610612749,MIL,110,1610612737,ATL,107,,,,False
2008-2009,2009,0020800699,20090131/NOHSAS,Final,2009-02-01,02:30,1610612759,SAS,106,1610612740,NOH,93,,,,False
2008-2009,2009,0020800700,20090131/CHIPHX,Final,2009-02-01,03:00,1610612756,PHX,111,1610612741,CHI,122,,,,False
2008-2009,2009,0020800701,20090131/UTAPOR,Final,2009-02-01,04:00,1610612757,POR,122,1610612762,UTA,108,,,,False
2008-2009,2009,0020800702,20090201/MINBOS,Final,2009-02-01,18:00,1610612738,BOS,109,1610612750,MIN,101,,,,False
2008-2009,2009,0020800703,20090201/ORLTOR,Final,2009-02-01,18:00,1610612761,TOR,90,1610612753,ORL,113,,,,False
2008-2009,2009,0020800704,20090201/CLEDET,Final,2009-02-01,20:30,1610612765,DET,80,1610612739,CLE,90,,,,False
2008-2009,2009,0020800705,20090201/OKCSAC,Final/OT,2009-02-01,21:00,1610612758,SAC,122,1610612760,OKC,118,,,,False
2008-2009,2009,0020800706,20090202/DALORL,Final,2009-02-03,01:00,1610612753,ORL,95,1610612742,DAL,105,,,,False
2008-2009,2009,0020800707,20090202/MEMWAS,Final,2009-02-03,01:00,1610612764,WAS,97,1610612763,MEM,113,,,,False
2008-2009,2009,0020800708,20090202/LACMIA,Final,2009-02-03,01:30,1610612748,MIA,119,1610612746,LAC,95,,,,False
2008-2009,2009,0020800709,20090202/LALNYK,Final,2009-02-03,01:30,1610612752,NYK,117,1610612747,LAL,126,,,,False
2008-2009,2009,0020800710,20090202/PORNOH,Final,2009-02-03,02:00,1610612740,NOH,89,1610612757,POR,97,,,,False
2008-2009,2009,0020800711,20090202/SACPHX,Final,2009-02-03,03:00,1610612756,PHX,129,1610612758,SAC,81,,,,False
2008-2009,2009,0020800712,20090202/CHAUTA,Final,2009-02-03,03:00,1610612762,UTA,105,1610612766,CHA,86,,,,False
2008-2009,2009,0020800713,20090202/SASGSW,Final/OT,2009-02-03,04:30,1610612744,GSW,105,1610612759,SAS,110,,,,False
2008-2009,2009,0020800714,20090203/TORCLE,Final,2009-02-04,01:00,1610612739,CLE,101,1610612761,TOR,83,,,,False
2008-2009,2009,0020800715,20090203/MININD,Final,2009-02-04,01:00,1610612754,IND,111,1610612750,MIN,116,,,,False
2008-2009,2009,0020800716,20090203/BOSPHI,Final,2009-02-04,01:00,1610612755,PHI,99,1610612738,BOS,100,,,,False
2008-2009,2009,0020800717,20090203/MILNJN,Final,2009-02-04,01:30,1610612751,NJN,99,1610612749,MIL,85,,,,False
2008-2009,2009,0020800718,20090203/CHIHOU,Final,2009-02-04,02:30,1610612745,HOU,107,1610612741,CHI,100,,,,False
2008-2009,2009,0020800719,20090203/SASDEN,Final,2009-02-04,03:00,1610612743,DEN,104,1610612759,SAS,96,,,,False
2008-2009,2009,0020800720,20090204/LACORL,Final,2009-02-05,01:00,1610612753,ORL,125,1610612746,LAC,96,,,,False
2008-2009,2009,0020800721,20090204/LALTOR,Final,2009-02-05,01:00,1610612761,TOR,107,1610612747,LAL,115,,,,False
2008-2009,2009,0020800722,20090204/NJNWAS,Final,2009-02-05,01:00,1610612764,WAS,88,1610612751,NJN,115,,,,False
2008-2009,2009,0020800723,20090204/MIADET,Final,2009-02-05,01:30,1610612765,DET,93,1610612748,MIA,90,,,,False
2008-2009,2009,0020800724,20090204/CLENYK,Final,2009-02-05,01:30,1610612752,NYK,102,1610612739,CLE,107,,,,False
2008-2009,2009,0020800725,20090204/HOUMEM,Final,2009-02-05,02:00,1610612763,MEM,104,1610612745,HOU,93,,,,False
2008-2009,2009,0020800726,20090204/ATLMIN,Final,2009-02-05,02:00,1610612750,MIN,86,1610612737,ATL,94,,,,False
2008-2009,2009,0020800727,20090204/CHINOH,Final,2009-02-05,02:00,1610612740,NOH,93,1610612741,CHI,107,,,,False
2008-2009,2009,0020800728,20090204/DENOKC,Final,2009-02-05,02:00,1610612760,OKC,113,1610612743,DEN,114,,,,False
2008-2009,2009,0020800729,20090204/PORDAL,Final,2009-02-05,02:30,1610612742,DAL,104,1610612757,POR,99,,,,False
2008-2009,2009,0020800730,20090204/PHXGSW,Final,2009-02-05,04:30,1610612744,GSW,124,1610612756,PHX,112,,,,False
2008-2009,2009,0020800731,20090205/INDPHI,Final,2009-02-06,01:00,1610612755,PHI,99,1610612754,IND,94,,,,False
2008-2009,2009,0020800732,20090205/LALBOS,Final/OT,2009-02-06,02:00,1610612738,BOS,109,1610612747,LAL,110,,,,False
2008-2009,2009,0020800733,20090205/DALUTA,Final,2009-02-06,04:30,1610612762,UTA,115,1610612742,DAL,87,,,,False
2008-2009,2009,0020800734,20090206/ATLCHA,Final,2009-02-07,01:00,1610612766,CHA,97,1610612737,ATL,102,,,,False
2008-2009,2009,0020800735,20090206/ORLIND,Final,2009-02-07,01:00,1610612754,IND,107,1610612753,ORL,102,,,,False
2008-2009,2009,0020800736,20090206/BOSNYK,Final,2009-02-07,01:30,1610612752,NYK,100,1610612738,BOS,110,,,,False
2008-2009,2009,0020800737,20090206/LACMEM,Final,2009-02-07,02:00,1610612763,MEM,105,1610612746,LAC,126,,,,False
2008-2009,2009,0020800738,20090206/TORNOH,Final,2009-02-07,02:00,1610612740,NOH,101,1610612761,TOR,92,,,,False
2008-2009,2009,0020800739,20090206/POROKC,Final,2009-02-07,02:00,1610612760,OKC,102,1610612757,POR,93,,,,False
2008-2009,2009,0020800740,20090206/DENWAS,Final,2009-02-07,02:00,1610612764,WAS,103,1610612743,DEN,124,,,,False
2008-2009,2009,0020800741,20090206/UTASAC,Final,2009-02-07,04:00,1610612758,SAC,107,1610612762,UTA,111,,,,False
2008-2009,2009,0020800742,20090206/GSWPHX,Final,2009-02-07,04:30,1610612756,PHX,115,1610612744,GSW,105,,,,False
2008-2009,2009,0020800743,20090207/LACATL,Final,2009-02-08,01:00,1610612737,ATL,97,1610612746,LAC,121,,,,False
2008-2009,2009,0020800744,20090207/MIAPHI,Final,2009-02-08,01:00,1610612755,PHI,94,1610612748,MIA,84,,,,False
2008-2009,2009,0020800745,20090207/DENNJN,Final,2009-02-08,01:30,1610612751,NJN,114,1610612743,DEN,70,,,,False
2008-2009,2009,0020800746,20090207/TORMEM,Final,2009-02-08,02:00,1610612763,MEM,78,1610612761,TOR,70,,,,False
2008-2009,2009,0020800747,20090207/CHIDAL,Final/OT,2009-02-08,02:30,1610612742,DAL,115,1610612741,CHI,114,,,,False
2008-2009,2009,0020800748,20090207/MINHOU,Final,2009-02-08,02:30,1610612745,HOU,107,1610612750,MIN,90,,,,False
2008-2009,2009,0020800749,20090207/DETMIL,Final/OT,2009-02-08,02:30,1610612749,MIL,121,1610612765,DET,126,,,,False
2008-2009,2009,0020800750,20090208/SASBOS,Final,2009-02-08,19:00,1610612738,BOS,99,1610612759,SAS,105,,,,False
2008-2009,2009,0020800751,20090208/LALCLE,Final,2009-02-08,21:30,1610612739,CLE,91,1610612747,LAL,101,,,,False
2008-2009,2009,0020800752,20090208/CHAMIA,Final,2009-02-09,00:00,1610612748,MIA,96,1610612766,CHA,92,,,,False
2008-2009,2009,0020800753,20090208/NJNORL,Final,2009-02-09,00:00,1610612753,ORL,101,1610612751,NJN,84,,,,False
2008-2009,2009,0020800754,20090208/NYKPOR,Final,2009-02-09,00:00,1610612757,POR,109,1610612752,NYK,108,,,,False
2008-2009,2009,0020800755,20090208/INDWAS,Final,2009-02-09,00:00,1610612764,WAS,119,1610612754,IND,117,,,,False
2008-2009,2009,0020800756,20090208/MINNOH,Final,2009-02-09,01:00,1610612740,NOH,101,1610612750,MIN,97,,,,False
2008-2009,2009,0020800757,20090208/SACOKC,Final,2009-02-09,01:00,1610612760,OKC,116,1610612758,SAC,113,,,,False
2008-2009,2009,0020800758,20090208/PHXDET,Final,2009-02-09,02:00,1610612765,DET,97,1610612756,PHX,107,,,,False
2008-2009,2009,0020800759,20090208/UTAGSW,Final,2009-02-09,03:00,1610612744,GSW,116,1610612762,UTA,96,,,,False
2008-2009,2009,0020800760,20090209/LACCHA,Final,2009-02-10,01:00,1610612766,CHA,94,1610612746,LAC,73,,,,False
2008-2009,2009,0020800761,20090209/PHXPHI,Final,2009-02-10,01:00,1610612755,PHI,108,1610612756,PHX,91,,,,False
2008-2009,2009,0020800762,20090209/NOHMEM,Final,2009-02-10,02:00,1610612763,MEM,85,1610612740,NOH,80,,,,False
2008-2009,2009,0020800763,20090209/HOUMIL,Final,2009-02-10,02:00,1610612749,MIL,124,1610612745,HOU,112,,,,False
2008-2009,2009,0020800764,20090210/WASATL,Final,2009-02-11,01:00,1610612737,ATL,111,1610612764,WAS,90,,,,False
2008-2009,2009,0020800765,20090210/CLEIND,Final,2009-02-11,01:00,1610612754,IND,96,1610612739,CLE,95,,,,False
2008-2009,2009,0020800766,20090210/DENMIA,Final,2009-02-11,01:30,1610612748,MIA,82,1610612743,DEN,99,,,,False
2008-2009,2009,0020800767,20090210/SASNJN,Final,2009-02-11,01:30,1610612751,NJN,93,1610612759,SAS,108,,,,False
2008-2009,2009,0020800768,20090210/TORMIN,Final,2009-02-11,02:00,1610612750,MIN,102,1610612761,TOR,110,,,,False
2008-2009,2009,0020800769,20090210/DETCHI,Final,2009-02-11,02:30,1610612741,CHI,107,1610612765,DET,102,,,,False
2008-2009,2009,0020800770,20090210/SACDAL,Final,2009-02-11,02:30,1610612742,DAL,118,1610612758,SAC,100,,,,False
2008-2009,2009,0020800771,20090210/NYKGSW,Final,2009-02-11,04:30,1610612744,GSW,144,1610612752,NYK,127,,,,False
2008-2009,2009,0020800772,20090210/OKCLAL,Final,2009-02-11,04:30,1610612747,LAL,105,1610612760,OKC,98,,,,False
2008-2009,2009,0020800773,20090211/WASCHA,Final,2009-02-12,01:00,1610612766,CHA,101,1610612764,WAS,89,,,,False
2008-2009,2009,0020800774,20090211/PHXCLE,Final,2009-02-12,01:00,1610612739,CLE,109,1610612756,PHX,92,,,,False
2008-2009,2009,0020800775,20090211/DENORL,Final,2009-02-12,01:00,1610612753,ORL,73,1610612743,DEN,82,,,,False
2008-2009,2009,0020800776,20090211/MEMPHI,Final,2009-02-12,01:00,1610612755,PHI,91,1610612763,MEM,87,,,,False
2008-2009,2009,0020800777,20090211/SASTOR,Final,2009-02-12,01:00,1610612761,TOR,91,1610612759,SAS,89,,,,False
2008-2009,2009,0020800778,20090211/ATLDET,Final,2009-02-12,01:30,1610612765,DET,95,1610612737,ATL,99,,,,False
2008-2009,2009,0020800779,20090211/INDMIL,Final,2009-02-12,02:00,1610612749,MIL,122,1610612754,IND,110,,,,False
2008-2009,2009,0020800780,20090211/BOSNOH,Final,2009-02-12,02:00,1610612740,NOH,77,1610612738,BOS,89,,,,False
2008-2009,2009,0020800781,20090211/SACHOU,Final,2009-02-12,02:30,1610612745,HOU,94,1610612758,SAC,82,,,,False
2008-2009,2009,0020800782,20090211/LALUTA,Final,2009-02-12,03:00,1610612762,UTA,113,1610612747,LAL,109,,,,False
2008-2009,2009,0020800783,20090211/OKCPOR,Final,2009-02-12,04:00,1610612757,POR,106,1610612760,OKC,92,,,,False
2008-2009,2009,0020800784,20090211/NYKLAC,Final/OT,2009-02-12,04:30,1610612746,LAC,128,1610612752,NYK,124,,,,False
2008-2009,2009,0020800785,20090212/MIACHI,Final,2009-02-13,01:00,1610612741,CHI,93,1610612748,MIA,95,,,,False
2008-2009,2009,0020800786,20090212/BOSDAL,Final,2009-02-13,03:30,1610612742,DAL,92,1610612738,BOS,99,,,,False
2008-2009,2009,0020800787,20090212/PORGSW,Final,2009-02-13,04:30,1610612744,GSW,105,1610612757,POR,98,,,,False
2008-2009,2009,0030800002,20090213/RKESPH,Final,2009-02-14,03:00,1610616838,SPH,122,1610616837,RKE,116,,Rising Stars,,False
2008-2009,2009,0030800004,20090214/ESTWST, 8:00 pm ET,2009-02-15,02:00,1610616834,WST,0,1610616833,EST,0,,All-Star Game,,False
2008-2009,2009,0030800008,20090214/ESTWST, 8:00 pm ET,2009-02-15,02:00,1610616834,WST,0,1610616833,EST,0,,All-Star Game,,False
2008-2009,2009,0030800005,20090214/ESTWST, 9:00 pm ET,2009-02-15,03:00,1610616834,WST,0,1610616833,EST,0,,All-Star Game,,False
2008-2009,2009,0030800006,20090214/ESTWST, 9:30 pm ET,2009-02-15,03:30,1610616834,WST,0,1610616833,EST,0,,All-Star Game,,False
2008-2009,2009,0030800007,20090214/ESTWST,10:00 pm ET,2009-02-15,04:00,1610616834,WST,0,1610616833,EST,0,,All-Star Game,,False
2008-2009,2009,0030800001,20090215/ESTWST,Final,2009-02-16,02:00,1610616834,WST,146,1610616833,EST,119,,All-Star Game,,False
2008-2009,2009,0020800788,20090217/PHIIND,Final,2009-02-18,01:00,1610612754,IND,100,1610612755,PHI,91,,,,False
2008-2009,2009,0020800789,20090217/CHAORL,Final/OT,2009-02-18,01:00,1610612753,ORL,107,1610612766,CHA,102,,,,False
2008-2009,2009,0020800790,20090217/MINWAS,Final,2009-02-18,01:00,1610612764,WAS,111,1610612750,MIN,103,,,,False
2008-2009,2009,0020800791,20090217/MILDET,Final,2009-02-18,01:30,1610612765,DET,86,1610612749,MIL,92,,,,False
2008-2009,2009,0020800792,20090217/SASNYK,Final/OT,2009-02-18,01:30,1610612752,NYK,112,1610612759,SAS,107,,,,False
2008-2009,2009,0020800793,20090217/NOHOKC,Final,2009-02-18,02:00,1610612760,OKC,98,1610612740,NOH,100,,,,False
2008-2009,2009,0020800794,20090217/NJNHOU,Final,2009-02-18,02:30,1610612745,HOU,114,1610612751,NJN,88,,,,False
2008-2009,2009,0020800795,20090217/LACPHX,Final,2009-02-18,03:00,1610612756,PHX,140,1610612746,LAC,100,,,,False
2008-2009,2009,0020800796,20090217/MEMUTA,Final,2009-02-18,03:00,1610612762,UTA,117,1610612763,MEM,99,,,,False
2008-2009,2009,0020800797,20090217/ATLLAL,Final,2009-02-18,04:30,1610612747,LAL,96,1610612737,ATL,83,,,,False
2008-2009,2009,0020800798,20090218/INDCHA,Final,2009-02-19,01:00,1610612766,CHA,103,1610612754,IND,94,,,,False
2008-2009,2009,0020800799,20090218/CLETOR,Final,2009-02-19,01:00,1610612761,TOR,76,1610612739,CLE,93,,,,False
2008-2009,2009,0020800803,20090218/DENPHI,Final,2009-02-19,01:00,1610612755,PHI,89,1610612743,DEN,101,,,,False
2008-2009,2009,0020800800,20090218/MINMIA,Final,2009-02-19,01:30,1610612748,MIA,104,1610612750,MIN,111,,,,False
2008-2009,2009,0020800801,20090218/CHIMIL,Final,2009-02-19,02:00,1610612749,MIL,104,1610612741,CHI,113,,,,False
2008-2009,2009,0020800802,20090218/ORLNOH,Final,2009-02-19,02:00,1610612740,NOH,117,1610612753,ORL,85,,,,False
2008-2009,2009,0020800804,20090218/NJNDAL,Final,2009-02-19,02:30,1610612742,DAL,113,1610612751,NJN,98,,,,False
2008-2009,2009,0020800805,20090218/MEMPOR,Final,2009-02-19,04:00,1610612757,POR,94,1610612763,MEM,90,,,,False
2008-2009,2009,0020800806,20090218/ATLSAC,Final,2009-02-19,04:00,1610612758,SAC,100,1610612737,ATL,105,,,,False
2008-2009,2009,0020800807,20090218/LALGSW,Final,2009-02-19,04:30,1610612744,GSW,121,1610612747,LAL,129,,,,False
2008-2009,2009,0020800808,20090218/PHXLAC,Final,2009-02-19,04:30,1610612746,LAC,119,1610612756,PHX,142,,,,False
2008-2009,2009,0020800809,20090219/SASDET,Final,2009-02-20,02:00,1610612765,DET,79,1610612759,SAS,83,,,,False
2008-2009,2009,0020800810,20090219/BOSUTA,Final,2009-02-20,04:30,1610612762,UTA,90,1610612738,BOS,85,,,,False
2008-2009,2009,0020800811,20090220/ORLCHA,Final,2009-02-21,01:00,1610612766,CHA,80,1610612753,ORL,92,,,,False
2008-2009,2009,0020800812,20090220/TORNYK,Final,2009-02-21,01:30,1610612752,NYK,127,1610612761,TOR,97,,,,False
2008-2009,2009,0020800813,20090220/SACMEM,Final,2009-02-21,02:00,1610612763,MEM,106,1610612758,SAC,115,,,,False
2008-2009,2009,0020800814,20090220/INDMIN,Final,2009-02-21,02:00,1610612750,MIN,105,1610612754,IND,112,,,,False
2008-2009,2009,0020800815,20090220/WASNJN,Final,2009-02-21,02:00,1610612751,NJN,96,1610612764,WAS,107,,,,False
2008-2009,2009,0020800817,20090220/DALHOU,Final,2009-02-21,02:00,1610612745,HOU,93,1610612742,DAL,86,,,,False
2008-2009,2009,0020800816,20090220/DENCHI,Final,2009-02-21,02:30,1610612741,CHI,116,1610612743,DEN,99,,,,False
2008-2009,2009,0020800818,20090220/CLEMIL,Final,2009-02-21,02:30,1610612749,MIL,103,1610612739,CLE,111,,,,False
2008-2009,2009,0020800819,20090220/OKCPHX,Final,2009-02-21,03:00,1610612756,PHX,140,1610612760,OKC,118,,,,False
2008-2009,2009,0020800820,20090220/ATLPOR,Final,2009-02-21,04:00,1610612757,POR,108,1610612737,ATL,98,,,,False
2008-2009,2009,0020800821,20090220/NOHLAL,Final/OT,2009-02-21,04:30,1610612747,LAL,115,1610612740,NOH,111,,,,False
2008-2009,2009,0020800822,20090221/PHIMIA,Final,2009-02-21,21:30,1610612748,MIA,97,1610612755,PHI,91,,,,False
2008-2009,2009,0020800823,20090221/SASWAS,Final,2009-02-22,02:00,1610612764,WAS,67,1610612759,SAS,98,,,,False
2008-2009,2009,0020800824,20090221/SACDAL,Final,2009-02-22,03:00,1610612742,DAL,116,1610612758,SAC,95,,,,False
2008-2009,2009,0020800825,20090221/NOHUTA,Final,2009-02-22,03:00,1610612762,UTA,102,1610612740,NOH,88,,,,False
2008-2009,2009,0020800826,20090221/OKCGSW,Final,2009-02-22,04:30,1610612744,GSW,133,1610612760,OKC,120,,,,False
2008-2009,2009,0020800827,20090222/CHIIND,Final,2009-02-22,18:00,1610612754,IND,98,1610612741,CHI,91,,,,False
2008-2009,2009,0020800828,20090222/NYKTOR,Final,2009-02-22,18:00,1610612761,TOR,111,1610612752,NYK,100,,,,False
2008-2009,2009,0020800829,20090222/BOSPHX,Final,2009-02-22,20:30,1610612756,PHX,108,1610612738,BOS,128,,,,False
2008-2009,2009,0020800830,20090222/CHAHOU,Final,2009-02-22,23:00,1610612745,HOU,99,1610612766,CHA,78,,,,False
2008-2009,2009,0020800831,20090222/DENMIL,Final,2009-02-22,23:00,1610612749,MIL,120,1610612743,DEN,117,,,,False
2008-2009,2009,0020800832,20090222/MIAORL,Final,2009-02-22,23:30,1610612753,ORL,122,1610612748,MIA,99,,,,False
2008-2009,2009,0020800833,20090222/LACPOR,Final,2009-02-23,00:00,1610612757,POR,116,1610612746,LAC,87,,,,False
2008-2009,2009,0020800834,20090222/LALMIN,Final,2009-02-23,01:00,1610612750,MIN,108,1610612747,LAL,111,,,,False
2008-2009,2009,0020800835,20090222/DETCLE,Final,2009-02-23,02:00,1610612739,CLE,99,1610612765,DET,78,,,,False
2008-2009,2009,0020800836,20090223/PHINJN,Final,2009-02-24,01:30,1610612751,NJN,98,1610612755,PHI,96,,,,False
2008-2009,2009,0020800837,20090223/INDNYK,Final,2009-02-24,01:30,1610612752,NYK,123,1610612754,IND,119,,,,False
2008-2009,2009,0020800838,20090223/BOSDEN,Final,2009-02-24,03:00,1610612743,DEN,76,1610612738,BOS,114,,,,False
2008-2009,2009,0020800839,20090223/ATLUTA,Final,2009-02-24,03:00,1610612762,UTA,108,1610612737,ATL,89,,,,False
2008-2009,2009,0020800840,20090223/NOHSAC,Final,2009-02-24,04:00,1610612758,SAC,105,1610612740,NOH,112,,,,False
2008-2009,2009,0020800841,20090223/GSWLAC,Final,2009-02-24,04:30,1610612746,LAC,118,1610612744,GSW,105,,,,False
2008-2009,2009,0020800842,20090224/MEMCLE,Final,2009-02-25,01:00,1610612739,CLE,94,1610612763,MEM,79,,,,False
2008-2009,2009,0020800843,20090224/MINTOR,Final,2009-02-25,01:00,1610612761,TOR,118,1610612750,MIN,110,,,,False
2008-2009,2009,0020800844,20090224/DETMIA,Final,2009-02-25,01:30,1610612748,MIA,103,1610612765,DET,91,,,,False
2008-2009,2009,0020800845,20090224/ORLCHI,Final,2009-02-25,02:00,1610612741,CHI,120,1610612753,ORL,102,,,,False
2008-2009,2009,0020800846,20090224/LALOKC,Final,2009-02-25,02:00,1610612760,OKC,93,1610612747,LAL,107,,,,False
2008-2009,2009,0020800847,20090224/PORHOU,Final,2009-02-25,02:30,1610612745,HOU,98,1610612757,POR,94,,,,False
2008-2009,2009,0020800848,20090224/DALSAS,Final,2009-02-25,02:30,1610612759,SAS,93,1610612742,DAL,76,,,,False
2008-2009,2009,0020800849,20090224/CHAPHX,Final,2009-02-25,03:00,1610612756,PHX,112,1610612766,CHA,102,,,,False
2008-2009,2009,0020800850,20090225/MEMIND,Final,2009-02-26,01:00,1610612754,IND,104,1610612763,MEM,99,,,,False
2008-2009,2009,0020800851,20090225/PHIWAS,Final,2009-02-26,01:00,1610612764,WAS,98,1610612755,PHI,106,,,,False
2008-2009,2009,0020800852,20090225/CHINJN,Final,2009-02-26,01:30,1610612751,NJN,111,1610612741,CHI,99,,,,False
2008-2009,2009,0020800853,20090225/ORLNYK,Final,2009-02-26,01:30,1610612752,NYK,109,1610612753,ORL,114,,,,False
2008-2009,2009,0020800854,20090225/UTAMIN,Final,2009-02-26,02:00,1610612750,MIN,103,1610612762,UTA,120,,,,False
2008-2009,2009,0020800855,20090225/DETNOH,Final,2009-02-26,02:00,1610612740,NOH,90,1610612765,DET,87,,,,False
2008-2009,2009,0020800856,20090225/MILDAL,Final,2009-02-26,02:30,1610612742,DAL,116,1610612749,MIL,96,,,,False
2008-2009,2009,0020800857,20090225/PORSAS,Final,2009-02-26,02:30,1610612759,SAS,99,1610612757,POR,84,,,,False
2008-2009,2009,0020800858,20090225/ATLDEN,Final,2009-02-26,03:00,1610612743,DEN,110,1610612737,ATL,109,,,,False
2008-2009,2009,0020800859,20090225/CHASAC,Final,2009-02-26,04:00,1610612758,SAC,91,1610612766,CHA,98,,,,False
2008-2009,2009,0020800860,20090225/BOSLAC,Final,2009-02-26,04:30,1610612746,LAC,93,1610612738,BOS,91,,,,False
2008-2009,2009,0020800861,20090226/CLEHOU,Final,2009-02-27,02:00,1610612745,HOU,93,1610612739,CLE,74,,,,False
2008-2009,2009,0020800862,20090226/PHXLAL,Final,2009-02-27,04:30,1610612747,LAL,132,1610612756,PHX,106,,,,False
2008-2009,2009,0020800864,20090227/DETORL,Final,2009-02-28,01:00,1610612753,ORL,85,1610612765,DET,93,,,,False
2008-2009,2009,0020800865,20090227/CHIWAS,Final,2009-02-28,01:00,1610612764,WAS,113,1610612741,CHI,90,,,,False
2008-2009,2009,0020800866,20090227/MIAATL,Final,2009-02-28,01:30,1610612737,ATL,91,1610612748,MIA,83,,,,False
2008-2009,2009,0020800867,20090227/INDBOS,Final,2009-02-28,01:30,1610612738,BOS,104,1610612754,IND,99,,,,False
2008-2009,2009,0020800868,20090227/PHINYK,Final,2009-02-28,01:30,1610612752,NYK,103,1610612755,PHI,108,,,,False
2008-2009,2009,0020800863,20090227/MILNOH,Final,2009-02-28,02:00,1610612740,NOH,95,1610612749,MIL,94,,,,False
2008-2009,2009,0020800869,20090227/PORMIN,Final,2009-02-28,02:00,1610612750,MIN,82,1610612757,POR,102,,,,False
2008-2009,2009,0020800870,20090227/OKCDAL,Final/OT,2009-02-28,02:30,1610612742,DAL,110,1610612760,OKC,108,,,,False
2008-2009,2009,0020800871,20090227/LALDEN,Final,2009-02-28,03:00,1610612743,DEN,90,1610612747,LAL,79,,,,False
2008-2009,2009,0020800872,20090227/TORPHX,Final,2009-02-28,03:00,1610612756,PHX,133,1610612761,TOR,113,,,,False
2008-2009,2009,0020800873,20090227/CLESAS,Final,2009-02-28,03:30,1610612759,SAS,86,1610612739,CLE,97,,,,False
2008-2009,2009,0020800874,20090227/LACSAC,Final,2009-02-28,04:00,1610612758,SAC,98,1610612746,LAC,86,,,,False
2008-2009,2009,0020800875,20090227/CHAGSW,Final,2009-02-28,04:30,1610612744,GSW,109,1610612766,CHA,112,,,,False
2008-2009,2009,0020800876,20090228/ORLPHI,Final,2009-03-01,01:00,1610612755,PHI,100,1610612753,ORL,106,,,,False
2008-2009,2009,0020800877,20090228/NYKMIA,Final,2009-03-01,01:30,1610612748,MIA,120,1610612752,NYK,115,,,,False
2008-2009,2009,0020800878,20090228/OKCMEM,Final,2009-03-01,02:00,1610612763,MEM,92,1610612760,OKC,99,,,,False
2008-2009,2009,0020800879,20090228/HOUCHI,Final,2009-03-01,02:30,1610612741,CHI,105,1610612745,HOU,102,,,,False
2008-2009,2009,0020800880,20090228/WASMIL,Final,2009-03-01,02:30,1610612749,MIL,109,1610612764,WAS,93,,,,False
2008-2009,2009,0020800881,20090228/SACUTA,Final,2009-03-01,03:00,1610612762,UTA,102,1610612758,SAC,89,,,,False
2008-2009,2009,0020800882,20090228/CHALAC,Final,2009-03-01,04:30,1610612746,LAC,95,1610612766,CHA,100,,,,False
2008-2009,2009,0020800883,20090301/DETBOS,Final,2009-03-01,19:00,1610612738,BOS,95,1610612765,DET,105,,,,False
2008-2009,2009,0020800884,20090301/LALPHX,Final,2009-03-01,21:30,1610612756,PHX,118,1610612747,LAL,111,,,,False
2008-2009,2009,0020800886,20090301/NOHNJN,Final,2009-03-02,00:00,1610612751,NJN,96,1610612740,NOH,99,,,,False
2008-2009,2009,0020800887,20090301/DENIND,Final,2009-03-02,01:00,1610612754,IND,100,1610612743,DEN,94,,,,False
2008-2009,2009,0020800888,20090301/HOUMIN,Final,2009-03-02,01:00,1610612750,MIN,94,1610612745,HOU,105,,,,False
2008-2009,2009,0020800885,20090301/CLEATL,Final,2009-03-02,02:00,1610612737,ATL,87,1610612739,CLE,88,,,,False
2008-2009,2009,0020800889,20090301/SASPOR,Final,2009-03-02,02:00,1610612757,POR,102,1610612759,SAS,84,,,,False
2008-2009,2009,0020800890,20090301/TORDAL,Final,2009-03-02,03:00,1610612742,DAL,109,1610612761,TOR,98,,,,False
2008-2009,2009,0020800891,20090301/UTAGSW,Final,2009-03-02,03:00,1610612744,GSW,104,1610612762,UTA,112,,,,False
2008-2009,2009,0020800892,20090302/NOHPHI,Final,2009-03-03,01:00,1610612755,PHI,91,1610612740,NOH,98,,,,False
2008-2009,2009,0020800893,20090302/ATLWAS,Final,2009-03-03,01:00,1610612764,WAS,89,1610612737,ATL,98,,,,False
2008-2009,2009,0020800894,20090302/CLEMIA,Final,2009-03-03,01:30,1610612748,MIA,100,1610612739,CLE,107,,,,False
2008-2009,2009,0020800895,20090302/DALOKC,Final,2009-03-03,02:00,1610612760,OKC,96,1610612742,DAL,87,,,,False
2008-2009,2009,0020800896,20090302/SASLAC,Final,2009-03-03,04:30,1610612746,LAC,78,1610612759,SAS,106,,,,False
2008-2009,2009,0020800897,20090303/CHICHA,Final,2009-03-04,01:00,1610612766,CHA,96,1610612741,CHI,80,,,,False
2008-2009,2009,0020800898,20090303/PHXORL,Final,2009-03-04,01:00,1610612753,ORL,111,1610612756,PHX,99,,,,False
2008-2009,2009,0020800899,20090303/DENDET,Final,2009-03-04,01:30,1610612765,DET,100,1610612743,DEN,95,,,,False
2008-2009,2009,0020800900,20090303/NJNMIL,Final,2009-03-04,02:00,1610612749,MIL,95,1610612751,NJN,99,,,,False
2008-2009,2009,0020800901,20090303/GSWMIN,Final,2009-03-04,02:00,1610612750,MIN,94,1610612744,GSW,118,,,,False
2008-2009,2009,0020800902,20090303/TORHOU,Final,2009-03-04,02:30,1610612745,HOU,107,1610612761,TOR,97,,,,False
2008-2009,2009,0020800903,20090303/INDSAC,Final,2009-03-04,04:00,1610612758,SAC,109,1610612754,IND,117,,,,False
2008-2009,2009,0020800904,20090303/MEMLAL,Final,2009-03-04,04:30,1610612747,LAL,99,1610612763,MEM,89,,,,False
2008-2009,2009,0020800905,20090304/MILCLE,Final,2009-03-05,01:00,1610612739,CLE,91,1610612749,MIL,73,,,,False
2008-2009,2009,0020800906,20090304/PHXMIA,Final,2009-03-05,01:30,1610612748,MIA,135,1610612756,PHX,129,,,,False
2008-2009,2009,0020800907,20090304/BOSNJN,Final,2009-03-05,01:30,1610612751,NJN,111,1610612738,BOS,115,,,,False
2008-2009,2009,0020800908,20090304/ATLNYK,Final,2009-03-05,01:30,1610612752,NYK,109,1610612737,ATL,105,,,,False
2008-2009,2009,0020800909,20090304/WASOKC,Final,2009-03-05,02:00,1610612760,OKC,88,1610612764,WAS,83,,,,False
2008-2009,2009,0020800910,20090304/GSWCHI,Final,2009-03-05,02:30,1610612741,CHI,110,1610612744,GSW,88,,,,False
2008-2009,2009,0020800911,20090304/SASDAL,Final,2009-03-05,03:00,1610612742,DAL,107,1610612759,SAS,102,,,,False
2008-2009,2009,0020800912,20090304/HOUUTA,Final,2009-03-05,03:00,1610612762,UTA,101,1610612745,HOU,94,,,,False
2008-2009,2009,0020800913,20090304/INDPOR,Final,2009-03-05,04:00,1610612757,POR,107,1610612754,IND,105,,,,False
2008-2009,2009,0020800914,20090304/MEMLAC,Final,2009-03-05,04:30,1610612746,LAC,95,1610612763,MEM,118,,,,False
2008-2009,2009,0020800915,20090305/DALNOH,Final,2009-03-06,02:00,1610612740,NOH,104,1610612742,DAL,88,,,,False
2008-2009,2009,0020800916,20090305/PORDEN,Final,2009-03-06,04:30,1610612743,DEN,106,1610612757,POR,90,,,,False
2008-2009,2009,0020800917,20090306/ATLCHA,Final,2009-03-07,01:00,1610612766,CHA,98,1610612737,ATL,91,,,,False
2008-2009,2009,0020800918,20090306/NJNORL,Final,2009-03-07,01:00,1610612753,ORL,105,1610612751,NJN,102,,,,False
2008-2009,2009,0020800919,20090306/MIATOR,Final,2009-03-07,01:00,1610612761,TOR,102,1610612748,MIA,108,,,,False
2008-2009,2009,0020800920,20090306/CLEBOS,Final,2009-03-07,02:00,1610612738,BOS,105,1610612739,CLE,94,,,,False
2008-2009,2009,0020800921,20090306/GSWDET,Final,2009-03-07,02:00,1610612765,DET,108,1610612744,GSW,91,,,,False
2008-2009,2009,0020800922,20090306/MILCHI,Final,2009-03-07,02:30,1610612741,CHI,117,1610612749,MIL,102,,,,False
2008-2009,2009,0020800923,20090306/PHXHOU,Final,2009-03-07,02:30,1610612745,HOU,116,1610612756,PHX,112,,,,False
2008-2009,2009,0020800924,20090306/WASSAS,Final,2009-03-07,02:30,1610612759,SAS,100,1610612764,WAS,78,,,,False
2008-2009,2009,0020800925,20090306/MINLAL,Final,2009-03-07,04:30,1610612747,LAL,110,1610612750,MIN,90,,,,False
2008-2009,2009,0020800926,20090306/DENUTA,Final,2009-03-07,04:30,1610612762,UTA,97,1610612743,DEN,91,,,,False
2008-2009,2009,0020800927,20090307/DETATL,Final,2009-03-08,01:00,1610612737,ATL,87,1610612765,DET,83,,,,False
2008-2009,2009,0020800928,20090307/MIACLE,Final,2009-03-08,01:30,1610612739,CLE,99,1610612748,MIA,89,,,,False
2008-2009,2009,0020800929,20090307/CHANYK,Final,2009-03-08,01:30,1610612752,NYK,105,1610612766,CHA,114,,,,False
2008-2009,2009,0020800930,20090307/PHIMEM,Final,2009-03-08,02:00,1610612763,MEM,105,1610612755,PHI,110,,,,False
2008-2009,2009,0020800931,20090307/OKCNOH,Final,2009-03-08,02:00,1610612740,NOH,108,1610612760,OKC,90,,,,False
2008-2009,2009,0020800932,20090307/WASDAL,Final,2009-03-08,02:30,1610612742,DAL,119,1610612764,WAS,103,,,,False
2008-2009,2009,0020800933,20090307/GSWMIL,Final,2009-03-08,02:30,1610612749,MIL,127,1610612744,GSW,120,,,,False
2008-2009,2009,0020800934,20090307/MINPOR,Final,2009-03-08,04:00,1610612757,POR,95,1610612750,MIN,93,,,,False
2008-2009,2009,0020800935,20090307/INDLAC,Final,2009-03-08,04:30,1610612746,LAC,105,1610612754,IND,106,,,,False
2008-2009,2009,0020800937,20090308/UTATOR,Final,2009-03-08,17:30,1610612761,TOR,101,1610612762,UTA,109,,,,False
2008-2009,2009,0020800936,20090308/ORLBOS,Final,2009-03-08,18:00,1610612738,BOS,79,1610612753,ORL,86,,,,False
2008-2009,2009,0020800938,20090308/PHXSAS,Final,2009-03-08,20:30,1610612759,SAS,103,1610612756,PHX,98,,,,False
2008-2009,2009,0020800939,20090308/NYKNJN,Final,2009-03-08,23:00,1610612751,NJN,106,1610612752,NYK,101,,,,False
2008-2009,2009,0020800940,20090308/MEMHOU,Final,2009-03-09,00:00,1610612745,HOU,93,1610612763,MEM,83,,,,False
2008-2009,2009,0020800941,20090308/PHIOKC,Final,2009-03-09,00:00,1610612760,OKC,89,1610612755,PHI,74,,,,False
2008-2009,2009,0020800942,20090308/DENSAC,Final,2009-03-09,02:00,1610612758,SAC,114,1610612743,DEN,106,,,,False
2008-2009,2009,0020800943,20090309/NOHATL,Final,2009-03-10,00:00,1610612737,ATL,89,1610612740,NOH,79,,,,False
2008-2009,2009,0020800944,20090309/ORLDET,Final,2009-03-10,00:30,1610612765,DET,98,1610612753,ORL,94,,,,False
2008-2009,2009,0020800945,20090309/CHIMIA,Final/OT2,2009-03-10,00:30,1610612748,MIA,130,1610612741,CHI,127,,,,False
2008-2009,2009,0020800946,20090309/WASMIN,Final,2009-03-10,01:00,1610612750,MIN,99,1610612764,WAS,110,,,,False
2008-2009,2009,0020800947,20090309/HOUDEN,Final,2009-03-10,02:00,1610612743,DEN,95,1610612745,HOU,97,,,,False
2008-2009,2009,0020800948,20090309/LALPOR,Final,2009-03-10,03:00,1610612757,POR,111,1610612747,LAL,94,,,,False
2008-2009,2009,0020800949,20090310/UTAIND,Final,2009-03-11,00:00,1610612754,IND,100,1610612762,UTA,112,,,,False
2008-2009,2009,0020800950,20090310/NYKMIL,Final,2009-03-11,01:00,1610612749,MIL,112,1610612752,NYK,120,,,,False
2008-2009,2009,0020800951,20090310/CHASAS,Final,2009-03-11,01:30,1610612759,SAS,100,1610612766,CHA,86,,,,False
2008-2009,2009,0020800952,20090310/DALPHX,Final,2009-03-11,03:00,1610612756,PHX,117,1610612742,DAL,122,,,,False
2008-2009,2009,0020800953,20090310/OKCSAC,Final,2009-03-11,03:00,1610612758,SAC,98,1610612760,OKC,99,,,,False
2008-2009,2009,0020800954,20090310/CLELAC,Final,2009-03-11,03:30,1610612746,LAC,83,1610612739,CLE,87,,,,False
2008-2009,2009,0020800955,20090311/UTAATL,Final,2009-03-12,00:00,1610612737,ATL,100,1610612762,UTA,93,,,,False
2008-2009,2009,0020800956,20090311/CHIORL,Final,2009-03-12,00:00,1610612753,ORL,107,1610612741,CHI,79,,,,False
2008-2009,2009,0020800957,20090311/TORPHI,Final,2009-03-12,00:00,1610612755,PHI,115,1610612761,TOR,106,,,,False
2008-2009,2009,0020800958,20090311/NOHWAS,Final,2009-03-12,00:00,1610612764,WAS,98,1610612740,NOH,109,,,,False
2008-2009,2009,0020800959,20090311/NYKDET,Final/OT,2009-03-12,00:30,1610612765,DET,111,1610612752,NYK,116,,,,False
2008-2009,2009,0020800960,20090311/BOSMIA,Final,2009-03-12,00:30,1610612748,MIA,107,1610612738,BOS,99,,,,False
2008-2009,2009,0020800961,20090311/MEMMIN,Final,2009-03-12,01:00,1610612750,MIN,104,1610612763,MEM,79,,,,False
2008-2009,2009,0020800962,20090311/LALHOU,Final,2009-03-12,01:30,1610612745,HOU,96,1610612747,LAL,102,,,,False
2008-2009,2009,0020800963,20090311/OKCDEN,Final,2009-03-12,02:00,1610612743,DEN,112,1610612760,OKC,99,,,,False
2008-2009,2009,0020800964,20090311/DALPOR,Final,2009-03-12,03:00,1610612757,POR,89,1610612742,DAL,93,,,,False
2008-2009,2009,0020800965,20090311/NJNGSW,Final,2009-03-12,03:30,1610612744,GSW,116,1610612751,NJN,112,,,,False
2008-2009,2009,0020800966,20090312/LALSAS,Final,2009-03-13,01:00,1610612759,SAS,95,1610612747,LAL,102,,,,False
2008-2009,2009,0020800967,20090312/CLEPHX,Final,2009-03-13,03:30,1610612756,PHX,111,1610612739,CLE,119,,,,False
2008-2009,2009,0020800968,20090313/HOUCHA,Final,2009-03-14,00:00,1610612766,CHA,86,1610612745,HOU,91,,,,False
2008-2009,2009,0020800969,20090313/CHIPHI,Final,2009-03-14,00:00,1610612755,PHI,104,1610612741,CHI,101,,,,False
2008-2009,2009,0020800970,20090313/DETTOR,Final/OT,2009-03-14,00:00,1610612761,TOR,95,1610612765,DET,99,,,,False
2008-2009,2009,0020800971,20090313/ORLWAS,Final,2009-03-14,00:00,1610612764,WAS,103,1610612753,ORL,112,,,,False
2008-2009,2009,0020800972,20090313/INDATL,Final,2009-03-14,00:30,1610612737,ATL,101,1610612754,IND,87,,,,False
2008-2009,2009,0020800973,20090313/MEMBOS,Final,2009-03-14,00:30,1610612738,BOS,102,1610612763,MEM,92,,,,False
2008-2009,2009,0020800974,20090313/NYKMIN,Final,2009-03-14,01:00,1610612750,MIN,94,1610612752,NYK,102,,,,False
2008-2009,2009,0020800975,20090313/NOHMIL,Final,2009-03-14,01:30,1610612749,MIL,86,1610612740,NOH,95,,,,False
2008-2009,2009,0020800976,20090313/NJNPOR,Final,2009-03-14,03:00,1610612757,POR,109,1610612751,NJN,100,,,,False
2008-2009,2009,0020800977,20090313/CLESAC,Final/OT,2009-03-14,03:00,1610612758,SAC,123,1610612739,CLE,126,,,,False
2008-2009,2009,0020800978,20090313/DALGSW,Final,2009-03-14,03:30,1610612744,GSW,119,1610612742,DAL,110,,,,False
2008-2009,2009,0020800979,20090314/UTAMIA,Final/OT3,2009-03-14,18:00,1610612748,MIA,140,1610612762,UTA,129,,,,False
2008-2009,2009,0020800980,20090314/CHAMIN,Final,2009-03-15,01:00,1610612750,MIN,108,1610612766,CHA,100,,,,False
2008-2009,2009,0020800981,20090314/NOHCHI,Final,2009-03-15,01:30,1610612741,CHI,97,1610612740,NOH,79,,,,False
2008-2009,2009,0020800982,20090314/SASHOU,Final,2009-03-15,01:30,1610612745,HOU,85,1610612759,SAS,88,,,,False
2008-2009,2009,0020800983,20090314/LACDEN,Final,2009-03-15,02:00,1610612743,DEN,107,1610612746,LAC,94,,,,False
2008-2009,2009,0020800984,20090314/OKCPHX,Final,2009-03-15,03:00,1610612756,PHX,106,1610612760,OKC,95,,,,False
2008-2009,2009,0020800990,20090315/INDTOR,Final,2009-03-15,17:30,1610612761,TOR,110,1610612754,IND,87,,,,False
2008-2009,2009,0020800985,20090315/PORATL,Final,2009-03-15,18:00,1610612737,ATL,98,1610612757,POR,80,,,,False
2008-2009,2009,0020800987,20090315/MEMDET,Final,2009-03-15,18:00,1610612765,DET,84,1610612763,MEM,89,,,,False
2008-2009,2009,0020800988,20090315/BOSMIL,Final,2009-03-15,18:00,1610612749,MIL,86,1610612738,BOS,77,,,,False
2008-2009,2009,0020800989,20090315/MIAPHI,Final,2009-03-15,18:00,1610612755,PHI,85,1610612748,MIA,77,,,,False
2008-2009,2009,0020800991,20090315/DALLAL,Final,2009-03-15,20:30,1610612747,LAL,107,1610612742,DAL,100,,,,False
2008-2009,2009,0020800986,20090315/NYKCLE,Final,2009-03-15,23:00,1610612739,CLE,98,1610612752,NYK,93,,,,False
2008-2009,2009,0020800992,20090315/UTAORL,Final,2009-03-15,23:00,1610612753,ORL,105,1610612762,UTA,87,,,,False
2008-2009,2009,0020800993,20090315/SACWAS,Final,2009-03-15,23:00,1610612764,WAS,106,1610612758,SAC,104,,,,False
2008-2009,2009,0020800994,20090315/PHXGSW,Final,2009-03-16,02:00,1610612744,GSW,130,1610612756,PHX,154,,,,False
2008-2009,2009,0020800995,20090315/NJNLAC,Final,2009-03-16,02:30,1610612746,LAC,107,1610612751,NJN,105,,,,False
2008-2009,2009,0020800996,20090316/TORCHA,Final,2009-03-17,00:00,1610612766,CHA,112,1610612761,TOR,86,,,,False
2008-2009,2009,0020800997,20090316/PORMEM,Final,2009-03-17,01:00,1610612763,MEM,92,1610612757,POR,103,,,,False
2008-2009,2009,0020800998,20090316/HOUNOH,Final,2009-03-17,01:00,1610612740,NOH,84,1610612745,HOU,95,,,,False
2008-2009,2009,0020800999,20090316/SASOKC,Final,2009-03-17,01:00,1610612760,OKC,78,1610612759,SAS,76,,,,False
2008-2009,2009,0020801000,20090316/NJNDEN,Final,2009-03-17,02:00,1610612743,DEN,121,1610612751,NJN,96,,,,False
2008-2009,2009,0020801001,20090317/SACATL,Final,2009-03-18,00:00,1610612737,ATL,119,1610612758,SAC,97,,,,False
2008-2009,2009,0020801002,20090317/ORLCLE,Final,2009-03-18,00:00,1610612739,CLE,97,1610612753,ORL,93,,,,False
2008-2009,2009,0020801003,20090317/BOSCHI,Final,2009-03-18,01:30,1610612741,CHI,127,1610612738,BOS,121,,,,False
2008-2009,2009,0020801004,20090317/DETDAL,Final,2009-03-18,01:30,1610612742,DAL,103,1610612765,DET,101,,,,False
2008-2009,2009,0020801005,20090317/MINSAS,Final,2009-03-18,01:30,1610612759,SAS,93,1610612750,MIN,86,,,,False
2008-2009,2009,0020801006,20090317/WASUTA,Final,2009-03-18,02:00,1610612762,UTA,103,1610612764,WAS,88,,,,False
2008-2009,2009,0020801007,20090317/LACGSW,Final,2009-03-18,03:30,1610612744,GSW,127,1610612746,LAC,120,,,,False
2008-2009,2009,0020801008,20090317/PHILAL,Final,2009-03-18,03:30,1610612747,LAL,93,1610612755,PHI,94,,,,False
2008-2009,2009,0020801009,20090318/MIABOS,Final/OT,2009-03-19,00:00,1610612738,BOS,112,1610612748,MIA,108,,,,False
2008-2009,2009,0020801010,20090318/SACCHA,Final,2009-03-19,00:00,1610612766,CHA,104,1610612758,SAC,88,,,,False
2008-2009,2009,0020801011,20090318/PORIND,Final,2009-03-19,00:00,1610612754,IND,85,1610612757,POR,95,,,,False
2008-2009,2009,0020801012,20090318/NJNNYK,Final,2009-03-19,00:30,1610612752,NYK,89,1610612751,NJN,115,,,,False
2008-2009,2009,0020801013,20090318/DENMEM,Final,2009-03-19,01:00,1610612763,MEM,109,1610612743,DEN,111,,,,False
2008-2009,2009,0020801014,20090318/ORLMIL,Final,2009-03-19,01:00,1610612749,MIL,80,1610612753,ORL,106,,,,False
2008-2009,2009,0020801015,20090318/MINNOH,Final,2009-03-19,01:00,1610612740,NOH,94,1610612750,MIN,93,,,,False
2008-2009,2009,0020801016,20090318/CHIOKC,Final,2009-03-19,01:00,1610612760,OKC,96,1610612741,CHI,103,,,,False
2008-2009,2009,0020801017,20090318/DETHOU,Final/OT2,2009-03-19,02:30,1610612745,HOU,106,1610612765,DET,101,,,,False
2008-2009,2009,0020801018,20090318/PHIPHX,Final,2009-03-19,03:00,1610612756,PHX,126,1610612755,PHI,116,,,,False
2008-2009,2009,0020801019,20090318/WASLAC,Final,2009-03-19,03:30,1610612746,LAC,123,1610612764,WAS,108,,,,False
2008-2009,2009,0020801020,20090319/DALATL,Final,2009-03-20,00:00,1610612737,ATL,95,1610612742,DAL,87,,,,False
2008-2009,2009,0020801021,20090319/PORCLE,Final/OT,2009-03-20,01:00,1610612739,CLE,97,1610612757,POR,92,,,,False
2008-2009,2009,0020801022,20090319/GSWLAL,Final,2009-03-20,03:30,1610612747,LAL,114,1610612744,GSW,106,,,,False
2008-2009,2009,0020801023,20090320/DALIND,Final,2009-03-21,00:00,1610612754,IND,92,1610612742,DAL,94,,,,False
2008-2009,2009,0020801024,20090320/CHATOR,Final,2009-03-21,00:00,1610612761,TOR,89,1610612766,CHA,102,,,,False
2008-2009,2009,0020801025,20090320/MIANJN,Final,2009-03-21,00:30,1610612751,NJN,96,1610612748,MIA,88,,,,False
2008-2009,2009,0020801026,20090320/SACNYK,Final,2009-03-21,00:30,1610612752,NYK,94,1610612758,SAC,121,,,,False
2008-2009,2009,0020801027,20090320/LACDET,Final,2009-03-21,01:00,1610612765,DET,108,1610612746,LAC,90,,,,False
2008-2009,2009,0020801028,20090320/MEMNOH,Final,2009-03-21,01:00,1610612740,NOH,96,1610612763,MEM,84,,,,False
2008-2009,2009,0020801029,20090320/UTAOKC,Final,2009-03-21,01:00,1610612760,OKC,94,1610612762,UTA,101,,,,False
2008-2009,2009,0020801030,20090320/MINHOU,Final,2009-03-21,01:30,1610612745,HOU,107,1610612750,MIN,88,,,,False
2008-2009,2009,0020801031,20090320/BOSSAS,Final,2009-03-21,01:30,1610612759,SAS,77,1610612738,BOS,80,,,,False
2008-2009,2009,0020801032,20090320/WASDEN,Final,2009-03-21,02:00,1610612743,DEN,116,1610612764,WAS,105,,,,False
2008-2009,2009,0020801033,20090320/PHIGSW,Final,2009-03-21,03:30,1610612744,GSW,119,1610612755,PHI,111,,,,False
2008-2009,2009,0020801034,20090321/ATLCLE,Final,2009-03-21,18:00,1610612739,CLE,102,1610612737,ATL,96,,,,False
2008-2009,2009,0020801035,20090321/INDCHA,Final,2009-03-22,00:00,1610612766,CHA,83,1610612754,IND,108,,,,False
2008-2009,2009,0020801036,20090321/NYKORL,Final,2009-03-22,00:00,1610612753,ORL,110,1610612752,NYK,103,,,,False
2008-2009,2009,0020801037,20090321/BOSMEM,Final,2009-03-22,01:00,1610612763,MEM,87,1610612738,BOS,105,,,,False
2008-2009,2009,0020801038,20090321/LALCHI,Final,2009-03-22,01:30,1610612741,CHI,109,1610612747,LAL,117,,,,False
2008-2009,2009,0020801039,20090321/PORMIL,Final,2009-03-22,01:30,1610612749,MIL,84,1610612757,POR,96,,,,False
2008-2009,2009,0020801040,20090321/WASPHX,Final,2009-03-22,03:00,1610612756,PHX,128,1610612764,WAS,96,,,,False
2008-2009,2009,0020801041,20090322/MIADET,Final,2009-03-22,18:00,1610612765,DET,96,1610612748,MIA,101,,,,False
2008-2009,2009,0020801042,20090322/HOUSAS,Final,2009-03-22,20:30,1610612759,SAS,85,1610612745,HOU,87,,,,False
2008-2009,2009,0020801043,20090322/OKCMIN,Final,2009-03-22,20:30,1610612750,MIN,90,1610612760,OKC,97,,,,False
2008-2009,2009,0020801044,20090322/LACTOR,Final,2009-03-22,20:30,1610612761,TOR,100,1610612746,LAC,76,,,,False
2008-2009,2009,0020801045,20090322/CLENJN,Final,2009-03-22,23:00,1610612751,NJN,88,1610612739,CLE,96,,,,False
2008-2009,2009,0020801046,20090322/GSWNOH,Final,2009-03-23,00:00,1610612740,NOH,99,1610612744,GSW,89,,,,False
2008-2009,2009,0020801047,20090322/PHISAC,Final,2009-03-23,02:00,1610612758,SAC,100,1610612755,PHI,112,,,,False
2008-2009,2009,0020801048,20090323/MINATL,Final,2009-03-24,00:00,1610612737,ATL,109,1610612750,MIN,97,,,,False
2008-2009,2009,0020801049,20090323/CHIWAS,Final,2009-03-24,00:00,1610612764,WAS,99,1610612741,CHI,101,,,,False
2008-2009,2009,0020801050,20090323/LACBOS,Final,2009-03-24,00:30,1610612738,BOS,90,1610612746,LAC,77,,,,False
2008-2009,2009,0020801051,20090323/MEMMIA,Final,2009-03-24,00:30,1610612748,MIA,94,1610612763,MEM,82,,,,False
2008-2009,2009,0020801052,20090323/ORLNYK,Final,2009-03-24,00:30,1610612752,NYK,102,1610612753,ORL,106,,,,False
2008-2009,2009,0020801053,20090323/DENPHX,Final,2009-03-24,03:00,1610612756,PHX,118,1610612743,DEN,115,,,,False
2008-2009,2009,0020801054,20090323/PHIPOR,Final/OT,2009-03-24,03:00,1610612757,POR,108,1610612755,PHI,114,,,,False
2008-2009,2009,0020801055,20090324/DETCHI,Final,2009-03-25,01:00,1610612741,CHI,99,1610612765,DET,91,,,,False
2008-2009,2009,0020801056,20090324/LALOKC,Final,2009-03-25,01:00,1610612760,OKC,89,1610612747,LAL,107,,,,False
2008-2009,2009,0020801057,20090324/GSWSAS,Final,2009-03-25,01:30,1610612759,SAS,107,1610612744,GSW,106,,,,False
2008-2009,2009,0020801058,20090324/HOUUTA,Final,2009-03-25,03:30,1610612762,UTA,99,1610612745,HOU,86,,,,False
2008-2009,2009,0020801059,20090325/SASATL,Final,2009-03-26,00:00,1610612737,ATL,92,1610612759,SAS,102,,,,False
2008-2009,2009,0020801060,20090325/NJNCLE,Final,2009-03-26,00:00,1610612739,CLE,98,1610612751,NJN,87,,,,False
2008-2009,2009,0020801061,20090325/MIAIND,Final,2009-03-26,00:00,1610612754,IND,90,1610612748,MIA,88,,,,False
2008-2009,2009,0020801062,20090325/MINPHI,Final,2009-03-26,00:00,1610612755,PHI,96,1610612750,MIN,88,,,,False
2008-2009,2009,0020801063,20090325/MILTOR,Final,2009-03-26,00:00,1610612761,TOR,115,1610612749,MIL,106,,,,False
2008-2009,2009,0020801064,20090325/CHAWAS,Final,2009-03-26,00:00,1610612764,WAS,95,1610612766,CHA,93,,,,False
2008-2009,2009,0020801065,20090325/LACNYK,Final/OT,2009-03-26,00:30,1610612752,NYK,135,1610612746,LAC,140,,,,False
2008-2009,2009,0020801066,20090325/DENNOH,Final,2009-03-26,01:00,1610612740,NOH,88,1610612743,DEN,101,,,,False
2008-2009,2009,0020801067,20090325/BOSORL,Final,2009-03-26,01:00,1610612753,ORL,84,1610612738,BOS,82,,,,False
2008-2009,2009,0020801068,20090325/GSWDAL,Final,2009-03-26,01:30,1610612742,DAL,128,1610612744,GSW,106,,,,False
2008-2009,2009,0020801069,20090325/UTAPHX,Final,2009-03-26,03:30,1610612756,PHX,118,1610612762,UTA,114,,,,False
2008-2009,2009,0020801070,20090326/LALDET,Final,2009-03-27,00:30,1610612765,DET,77,1610612747,LAL,92,,,,False
2008-2009,2009,0020801071,20090326/MIACHI,Final,2009-03-27,01:00,1610612741,CHI,106,1610612748,MIA,87,,,,False
2008-2009,2009,0020801072,20090326/PHXPOR,Final,2009-03-27,03:30,1610612757,POR,129,1610612756,PHX,109,,,,False
2008-2009,2009,0020801073,20090327/MILORL,Final,2009-03-28,00:00,1610612753,ORL,110,1610612749,MIL,94,,,,False
2008-2009,2009,0020801074,20090327/CHAPHI,Final,2009-03-28,00:00,1610612755,PHI,95,1610612766,CHA,100,,,,False
2008-2009,2009,0020801075,20090327/OKCTOR,Final,2009-03-28,00:00,1610612761,TOR,112,1610612760,OKC,96,,,,False
2008-2009,2009,0020801076,20090327/BOSATL,Final,2009-03-28,00:30,1610612737,ATL,93,1610612738,BOS,99,,,,False
2008-2009,2009,0020801077,20090327/MINCLE,Final,2009-03-28,00:30,1610612739,CLE,107,1610612750,MIN,85,,,,False
2008-2009,2009,0020801078,20090327/LALNJN,Final,2009-03-28,00:30,1610612751,NJN,95,1610612747,LAL,103,,,,False
2008-2009,2009,0020801079,20090327/NOHNYK,Final,2009-03-28,00:30,1610612752,NYK,103,1610612740,NOH,93,,,,False
2008-2009,2009,0020801080,20090327/DENDAL,Final,2009-03-28,01:30,1610612742,DAL,101,1610612743,DEN,103,,,,False
2008-2009,2009,0020801081,20090327/LACSAS,Final,2009-03-28,01:30,1610612759,SAS,111,1610612746,LAC,98,,,,False
2008-2009,2009,0020801082,20090327/MEMSAC,Final,2009-03-28,03:00,1610612758,SAC,95,1610612763,MEM,113,,,,False
2008-2009,2009,0020801083,20090328/INDCHI,Final,2009-03-28,19:00,1610612741,CHI,112,1610612754,IND,106,,,,False
2008-2009,2009,0020801084,20090328/NYKCHA,Final,2009-03-29,00:00,1610612766,CHA,96,1610612752,NYK,85,,,,False
2008-2009,2009,0020801085,20090328/DETWAS,Final,2009-03-29,00:00,1610612764,WAS,96,1610612765,DET,98,,,,False
2008-2009,2009,0020801086,20090328/MILMIA,Final,2009-03-29,00:30,1610612748,MIA,102,1610612749,MIL,85,,,,False
2008-2009,2009,0020801087,20090328/LACHOU,Final,2009-03-29,01:30,1610612745,HOU,110,1610612746,LAC,93,,,,False
2008-2009,2009,0020801088,20090328/GSWDEN,Final,2009-03-29,03:00,1610612743,DEN,129,1610612744,GSW,116,,,,False
2008-2009,2009,0020801089,20090328/PHXUTA,Final/OT,2009-03-29,03:00,1610612762,UTA,104,1610612756,PHX,99,,,,False
2008-2009,2009,0020801090,20090328/MEMPOR,Final,2009-03-29,04:00,1610612757,POR,86,1610612763,MEM,66,,,,False
2008-2009,2009,0020801091,20090329/DALCLE,Final,2009-03-29,19:00,1610612739,CLE,102,1610612742,DAL,74,,,,False
2008-2009,2009,0020801092,20090329/LALATL,Final,2009-03-29,21:30,1610612737,ATL,86,1610612747,LAL,76,,,,False
2008-2009,2009,0020801093,20090329/NJNMIN,Final,2009-03-29,21:30,1610612750,MIN,108,1610612751,NJN,99,,,,False
2008-2009,2009,0020801094,20090329/CHITOR,Final/OT,2009-03-29,21:30,1610612761,TOR,134,1610612741,CHI,129,,,,False
2008-2009,2009,0020801095,20090329/PHIDET,Final,2009-03-30,00:00,1610612765,DET,101,1610612755,PHI,97,,,,False
2008-2009,2009,0020801096,20090329/OKCBOS,Final,2009-03-30,01:00,1610612738,BOS,103,1610612760,OKC,84,,,,False
2008-2009,2009,0020801097,20090329/WASIND,Final,2009-03-30,01:00,1610612754,IND,124,1610612764,WAS,115,,,,False
2008-2009,2009,0020801098,20090329/SASNOH,Final,2009-03-30,02:00,1610612740,NOH,90,1610612759,SAS,86,,,,False
2008-2009,2009,0020801099,20090329/PHXSAC,Final,2009-03-30,03:00,1610612758,SAC,126,1610612756,PHX,118,,,,False
2008-2009,2009,0020801100,20090330/ORLMIA,Final,2009-03-31,01:30,1610612748,MIA,95,1610612753,ORL,101,,,,False
2008-2009,2009,0020801101,20090330/MILNJN,Final,2009-03-31,01:30,1610612751,NJN,78,1610612749,MIL,107,,,,False
2008-2009,2009,0020801102,20090330/NYKUTA,Final,2009-03-31,03:00,1610612762,UTA,112,1610612752,NYK,104,,,,False
2008-2009,2009,0020801103,20090330/MEMGSW,Final,2009-03-31,04:30,1610612744,GSW,109,1610612763,MEM,114,,,,False
2008-2009,2009,0020801104,20090331/LALCHA,Final,2009-04-01,01:00,1610612766,CHA,94,1610612747,LAL,84,,,,False
2008-2009,2009,0020801105,20090331/DETCLE,Final,2009-04-01,01:00,1610612739,CLE,79,1610612765,DET,73,,,,False
2008-2009,2009,0020801106,20090331/CHIIND,Final,2009-04-01,01:00,1610612754,IND,107,1610612741,CHI,105,,,,False
2008-2009,2009,0020801107,20090331/ATLPHI,Final,2009-04-01,01:00,1610612755,PHI,98,1610612737,ATL,85,,,,False
2008-2009,2009,0020801108,20090331/DALMIN,Final,2009-04-01,02:00,1610612750,MIN,88,1610612742,DAL,108,,,,False
2008-2009,2009,0020801109,20090331/OKCSAS,Final,2009-04-01,02:30,1610612759,SAS,95,1610612760,OKC,96,,,,False
2008-2009,2009,0020801110,20090331/NYKDEN,Final,2009-04-01,03:00,1610612743,DEN,111,1610612752,NYK,104,,,,False
2008-2009,2009,0020801111,20090331/UTAPOR,Final,2009-04-01,04:00,1610612757,POR,125,1610612762,UTA,104,,,,False
2008-2009,2009,0020801112,20090331/NOHSAC,Final,2009-04-01,04:00,1610612758,SAC,110,1610612740,NOH,111,,,,False
2008-2009,2009,0020801113,20090401/TORORL,Final,2009-04-02,01:00,1610612753,ORL,95,1610612761,TOR,99,,,,False
2008-2009,2009,0020801114,20090401/CHABOS,Final/OT2,2009-04-02,01:30,1610612738,BOS,111,1610612766,CHA,109,,,,False
2008-2009,2009,0020801115,20090401/DETNJN,Final,2009-04-02,01:30,1610612751,NJN,111,1610612765,DET,98,,,,False
2008-2009,2009,0020801116,20090401/WASMEM,Final,2009-04-02,02:00,1610612763,MEM,112,1610612764,WAS,107,,,,False
2008-2009,2009,0020801117,20090401/LALMIL,Final,2009-04-02,02:00,1610612749,MIL,98,1610612747,LAL,104,,,,False
2008-2009,2009,0020801118,20090401/MIADAL,Final,2009-04-02,02:30,1610612742,DAL,98,1610612748,MIA,96,,,,False
2008-2009,2009,0020801119,20090401/HOUPHX,Final,2009-04-02,04:00,1610612756,PHX,114,1610612745,HOU,109,,,,False
2008-2009,2009,0020801120,20090401/SACGSW,Final/OT,2009-04-02,04:30,1610612744,GSW,143,1610612758,SAC,141,,,,False
2008-2009,2009,0020801121,20090401/NOHLAC,Final,2009-04-02,04:30,1610612746,LAC,98,1610612740,NOH,104,,,,False
2008-2009,2009,0020801122,20090402/MILPHI,Final,2009-04-03,01:00,1610612755,PHI,105,1610612749,MIL,95,,,,False
2008-2009,2009,0020801123,20090402/CLEWAS,Final,2009-04-03,02:00,1610612764,WAS,109,1610612739,CLE,101,,,,False
2008-2009,2009,0020801124,20090402/UTADEN,Final,2009-04-03,04:30,1610612743,DEN,114,1610612762,UTA,104,,,,False
2008-2009,2009,0020801125,20090403/MIACHA,Final,2009-04-04,01:00,1610612766,CHA,92,1610612748,MIA,97,,,,False
2008-2009,2009,0020801126,20090403/SASIND,Final,2009-04-04,01:00,1610612754,IND,121,1610612759,SAS,126,,,,False
2008-2009,2009,0020801127,20090403/ATLBOS,Final,2009-04-04,01:30,1610612738,BOS,104,1610612737,ATL,92,,,,False
2008-2009,2009,0020801128,20090403/DALMEM,Final,2009-04-04,02:00,1610612763,MEM,107,1610612742,DAL,102,,,,False
2008-2009,2009,0020801129,20090403/POROKC,Final,2009-04-04,02:00,1610612760,OKC,72,1610612757,POR,107,,,,False
2008-2009,2009,0020801130,20090403/CLEORL,Final,2009-04-04,02:00,1610612753,ORL,116,1610612739,CLE,87,,,,False
2008-2009,2009,0020801131,20090403/MINUTA,Final,2009-04-04,03:00,1610612762,UTA,102,1610612750,MIN,103,,,,False
2008-2009,2009,0020801132,20090403/SACPHX,Final,2009-04-04,04:00,1610612756,PHX,139,1610612758,SAC,111,,,,False
2008-2009,2009,0020801133,20090403/NOHGSW,Final,2009-04-04,04:30,1610612744,GSW,111,1610612740,NOH,103,,,,False
2008-2009,2009,0020801134,20090403/HOULAL,Final,2009-04-04,04:30,1610612747,LAL,93,1610612745,HOU,81,,,,False
2008-2009,2009,0020801135,20090404/TORNYK,Final,2009-04-04,19:00,1610612752,NYK,95,1610612761,TOR,102,,,,False
2008-2009,2009,0020801136,20090404/NJNCHI,Final,2009-04-04,20:00,1610612741,CHI,103,1610612751,NJN,94,,,,False
2008-2009,2009,0020801137,20090404/DETPHI,Final,2009-04-04,21:00,1610612755,PHI,95,1610612765,DET,90,,,,False
2008-2009,2009,0020801138,20090404/ORLATL,Final,2009-04-05,01:00,1610612737,ATL,82,1610612753,ORL,88,,,,False
2008-2009,2009,0020801139,20090404/MIAWAS,Final,2009-04-05,01:00,1610612764,WAS,104,1610612748,MIA,118,,,,False
2008-2009,2009,0020801140,20090404/MEMMIL,Final,2009-04-05,02:30,1610612749,MIL,102,1610612763,MEM,107,,,,False
2008-2009,2009,0020801141,20090404/LACDEN,Final,2009-04-05,03:00,1610612743,DEN,120,1610612746,LAC,104,,,,False
2008-2009,2009,0020801142,20090405/SASCLE,Final,2009-04-05,19:00,1610612739,CLE,101,1610612759,SAS,81,,,,False
2008-2009,2009,0020801143,20090405/PHXDAL,Final,2009-04-05,21:30,1610612742,DAL,140,1610612756,PHX,116,,,,False
2008-2009,2009,0020801144,20090405/CHADET,Final,2009-04-06,00:00,1610612765,DET,104,1610612766,CHA,97,,,,False
2008-2009,2009,0020801145,20090405/NYKTOR,Final,2009-04-06,00:00,1610612761,TOR,103,1610612752,NYK,112,,,,False
2008-2009,2009,0020801146,20090405/PORHOU,Final,2009-04-06,01:00,1610612745,HOU,102,1610612757,POR,88,,,,False
2008-2009,2009,0020801147,20090405/DENMIN,Final,2009-04-06,01:00,1610612750,MIN,87,1610612743,DEN,110,,,,False
2008-2009,2009,0020801148,20090405/UTANOH,Final,2009-04-06,01:00,1610612740,NOH,94,1610612762,UTA,108,,,,False
2008-2009,2009,0020801149,20090405/INDOKC,Final,2009-04-06,01:00,1610612760,OKC,99,1610612754,IND,117,,,,False
2008-2009,2009,0020801150,20090405/PHINJN,Final,2009-04-06,01:30,1610612751,NJN,96,1610612755,PHI,67,,,,False
2008-2009,2009,0020801151,20090405/GSWSAC,Final,2009-04-06,03:00,1610612758,SAC,100,1610612744,GSW,105,,,,False
2008-2009,2009,0020801152,20090405/LACLAL,Final,2009-04-06,03:30,1610612747,LAL,88,1610612746,LAC,85,,,,False
2008-2009,2009,0020801153,20090407/PHICHA,Final,2009-04-08,01:00,1610612766,CHA,101,1610612755,PHI,98,,,,False
2008-2009,2009,0020801154,20090407/ATLTOR,Final,2009-04-08,01:00,1610612761,TOR,110,1610612737,ATL,118,,,,False
2008-2009,2009,0020801155,20090407/NOHMIA,Final/OT,2009-04-08,01:30,1610612748,MIA,87,1610612740,NOH,93,,,,False
2008-2009,2009,0020801156,20090407/PORMEM,Final,2009-04-08,02:00,1610612763,MEM,93,1610612757,POR,96,,,,False
2008-2009,2009,0020801157,20090407/SASOKC,Final,2009-04-08,02:00,1610612760,OKC,89,1610612759,SAS,99,,,,False
2008-2009,2009,0020801158,20090407/NYKCHI,Final,2009-04-08,02:30,1610612741,CHI,110,1610612752,NYK,103,,,,False
2008-2009,2009,0020801159,20090407/ORLHOU,Final,2009-04-08,02:30,1610612745,HOU,93,1610612753,ORL,83,,,,False
2008-2009,2009,0020801160,20090407/LALSAC,Final,2009-04-08,04:00,1610612758,SAC,104,1610612747,LAL,122,,,,False
2008-2009,2009,0020801161,20090407/MINLAC,Final,2009-04-08,04:30,1610612746,LAC,77,1610612750,MIN,87,,,,False
2008-2009,2009,0020801162,20090408/WASCLE,Final,2009-04-09,01:00,1610612739,CLE,98,1610612764,WAS,86,,,,False
2008-2009,2009,0020801163,20090408/TORIND,Final,2009-04-09,01:00,1610612754,IND,130,1610612761,TOR,101,,,,False
2008-2009,2009,0020801164,20090408/MEMORL,Final,2009-04-09,01:00,1610612753,ORL,81,1610612763,MEM,78,,,,False
2008-2009,2009,0020801169,20090408/PORSAS,Final,2009-04-09,01:00,1610612759,SAS,83,1610612757,POR,95,,,,False
2008-2009,2009,0020801165,20090408/NJNBOS,Final,2009-04-09,01:30,1610612738,BOS,106,1610612751,NJN,104,,,,False
2008-2009,2009,0020801166,20090408/DETNYK,Final,2009-04-09,01:30,1610612752,NYK,86,1610612765,DET,113,,,,False
2008-2009,2009,0020801167,20090408/ATLMIL,Final,2009-04-09,02:00,1610612749,MIL,105,1610612737,ATL,113,,,,False
2008-2009,2009,0020801168,20090408/PHXNOH,Final,2009-04-09,02:00,1610612740,NOH,100,1610612756,PHX,105,,,,False
2008-2009,2009,0020801170,20090408/OKCDEN,Final,2009-04-09,03:00,1610612743,DEN,122,1610612760,OKC,112,,,,False
2008-2009,2009,0020801171,20090408/UTADAL,Final,2009-04-09,03:30,1610612742,DAL,130,1610612762,UTA,101,,,,False
2008-2009,2009,0020801172,20090408/MINGSW,Final,2009-04-09,04:30,1610612744,GSW,97,1610612750,MIN,105,,,,False
2008-2009,2009,0020801173,20090409/PHICHI,Final,2009-04-10,02:00,1610612741,CHI,113,1610612755,PHI,99,,,,False
2008-2009,2009,0020801174,20090409/HOUSAC,Final,2009-04-10,04:00,1610612758,SAC,98,1610612745,HOU,115,,,,False
2008-2009,2009,0020801175,20090409/DENLAL,Final,2009-04-10,04:30,1610612747,LAL,116,1610612743,DEN,102,,,,False
2008-2009,2009,0020801177,20090410/CLEPHI,Final,2009-04-11,01:00,1610612755,PHI,92,1610612739,CLE,102,,,,False
2008-2009,2009,0020801178,20090410/INDATL,Final,2009-04-11,01:30,1610612737,ATL,122,1610612754,IND,118,,,,False
2008-2009,2009,0020801179,20090410/MIABOS,Final,2009-04-11,01:30,1610612738,BOS,105,1610612748,MIA,98,,,,False
2008-2009,2009,0020801176,20090410/NYKORL,Final,2009-04-11,02:00,1610612753,ORL,95,1610612752,NYK,105,,,,False
2008-2009,2009,0020801180,20090410/NJNDET,Final,2009-04-11,02:00,1610612765,DET,100,1610612751,NJN,93,,,,False
2008-2009,2009,0020801181,20090410/PHXMEM,Final,2009-04-11,02:00,1610612763,MEM,106,1610612756,PHX,89,,,,False
2008-2009,2009,0020801182,20090410/CHAOKC,Final,2009-04-11,02:00,1610612760,OKC,84,1610612766,CHA,81,,,,False
2008-2009,2009,0020801183,20090410/WASTOR,Final,2009-04-11,02:00,1610612761,TOR,98,1610612764,WAS,100,,,,False
2008-2009,2009,0020801184,20090410/NOHDAL,Final,2009-04-11,02:30,1610612742,DAL,100,1610612740,NOH,92,,,,False
2008-2009,2009,0020801185,20090410/UTASAS,Final,2009-04-11,02:30,1610612759,SAS,105,1610612762,UTA,99,,,,False
2008-2009,2009,0020801186,20090410/LALPOR,Final,2009-04-11,04:00,1610612757,POR,106,1610612747,LAL,98,,,,False
2008-2009,2009,0020801187,20090410/HOUGSW,Final,2009-04-11,04:30,1610612744,GSW,109,1610612745,HOU,113,,,,False
2008-2009,2009,0020801188,20090410/SACLAC,Final,2009-04-11,04:30,1610612746,LAC,109,1610612758,SAC,78,,,,False
2008-2009,2009,0020801189,20090411/DETIND,Final,2009-04-12,01:00,1610612754,IND,106,1610612765,DET,102,,,,False
2008-2009,2009,0020801190,20090411/ORLNJN,Final,2009-04-12,01:30,1610612751,NJN,103,1610612753,ORL,93,,,,False
2008-2009,2009,0020801191,20090411/PHXMIN,Final,2009-04-12,02:00,1610612750,MIN,97,1610612756,PHX,110,,,,False
2008-2009,2009,0020801192,20090411/CHACHI,Final,2009-04-12,02:30,1610612741,CHI,113,1610612766,CHA,106,,,,False
2008-2009,2009,0020801193,20090411/OKCMIL,Final,2009-04-12,02:30,1610612749,MIL,115,1610612760,OKC,98,,,,False
2008-2009,2009,0020801194,20090411/GSWUTA,Final,2009-04-12,03:00,1610612762,UTA,108,1610612744,GSW,118,,,,False
2008-2009,2009,0020801195,20090411/PORLAC,Final,2009-04-12,04:30,1610612746,LAC,72,1610612757,POR,87,,,,False
2008-2009,2009,0020801196,20090412/DALNOH,Final,2009-04-12,19:00,1610612740,NOH,102,1610612742,DAL,92,,,,False
2008-2009,2009,0020801197,20090412/BOSCLE,Final,2009-04-12,21:30,1610612739,CLE,107,1610612738,BOS,76,,,,False
2008-2009,2009,0020801198,20090412/NYKMIA,Final,2009-04-13,00:00,1610612748,MIA,122,1610612752,NYK,105,,,,False
2008-2009,2009,0020801199,20090412/PHITOR,Final,2009-04-13,00:00,1610612761,TOR,111,1610612755,PHI,104,,,,False
2008-2009,2009,0020801200,20090412/SASSAC,Final,2009-04-13,03:00,1610612758,SAC,92,1610612759,SAS,95,,,,False
2008-2009,2009,0020801201,20090412/MEMLAL,Final,2009-04-13,03:30,1610612747,LAL,92,1610612763,MEM,75,,,,False
2008-2009,2009,0020801202,20090413/CLEIND,Final,2009-04-14,01:00,1610612754,IND,109,1610612739,CLE,117,,,,False
2008-2009,2009,0020801203,20090413/TORWAS,Final,2009-04-14,01:00,1610612764,WAS,96,1610612761,TOR,97,,,,False
2008-2009,2009,0020801204,20090413/CHIDET,Final,2009-04-14,01:30,1610612765,DET,88,1610612741,CHI,91,,,,False
2008-2009,2009,0020801205,20090413/CHANJN,Final,2009-04-14,01:30,1610612751,NJN,91,1610612766,CHA,87,,,,False
2008-2009,2009,0020801206,20090413/ORLMIL,Final,2009-04-14,02:00,1610612749,MIL,98,1610612753,ORL,80,,,,False
2008-2009,2009,0020801207,20090413/MINDAL,Final,2009-04-14,02:30,1610612742,DAL,96,1610612750,MIN,94,,,,False
2008-2009,2009,0020801208,20090413/NOHHOU,Final,2009-04-14,02:30,1610612745,HOU,86,1610612740,NOH,66,,,,False
2008-2009,2009,0020801209,20090413/SACDEN,Final,2009-04-14,03:00,1610612743,DEN,118,1610612758,SAC,98,,,,False
2008-2009,2009,0020801210,20090413/LACUTA,Final,2009-04-14,03:00,1610612762,UTA,106,1610612746,LAC,85,,,,False
2008-2009,2009,0020801211,20090413/MEMPHX,Final,2009-04-14,04:00,1610612756,PHX,119,1610612763,MEM,110,,,,False
2008-2009,2009,0020801212,20090413/OKCPOR,Final,2009-04-14,04:00,1610612757,POR,113,1610612760,OKC,83,,,,False
2008-2009,2009,0020801213,20090413/SASGSW,Final,2009-04-14,04:30,1610612744,GSW,72,1610612759,SAS,101,,,,False
2008-2009,2009,0020801214,20090414/MIAATL,Final,2009-04-15,01:00,1610612737,ATL,81,1610612748,MIA,79,,,,False
2008-2009,2009,0020801215,20090414/BOSPHI,Final,2009-04-15,02:00,1610612755,PHI,98,1610612738,BOS,100,,,,False
2008-2009,2009,0020801216,20090414/UTALAL,Final,2009-04-15,04:30,1610612747,LAL,125,1610612762,UTA,112,,,,False
2008-2009,2009,0020801217,20090415/WASBOS,Final,2009-04-16,02:00,1610612738,BOS,115,1610612764,WAS,107,,,,False
2008-2009,2009,0020801218,20090415/TORCHI,Final,2009-04-16,02:00,1610612741,CHI,98,1610612761,TOR,109,,,,False
2008-2009,2009,0020801219,20090415/PHICLE,Final/OT,2009-04-16,02:00,1610612739,CLE,110,1610612755,PHI,111,,,,False
2008-2009,2009,0020801220,20090415/HOUDAL,Final,2009-04-16,02:00,1610612742,DAL,95,1610612745,HOU,84,,,,False
2008-2009,2009,0020801221,20090415/MILIND,Final,2009-04-16,02:00,1610612754,IND,115,1610612749,MIL,108,,,,False
2008-2009,2009,0020801222,20090415/ATLMEM,Final,2009-04-16,02:00,1610612763,MEM,98,1610612737,ATL,90,,,,False
2008-2009,2009,0020801223,20090415/DETMIA,Final/OT,2009-04-16,02:00,1610612748,MIA,102,1610612765,DET,96,,,,False
2008-2009,2009,0020801224,20090415/SACMIN,Final,2009-04-16,02:00,1610612750,MIN,90,1610612758,SAC,97,,,,False
2008-2009,2009,0020801225,20090415/NJNNYK,Final,2009-04-16,02:00,1610612752,NYK,102,1610612751,NJN,73,,,,False
2008-2009,2009,0020801226,20090415/CHAORL,Final,2009-04-16,02:00,1610612753,ORL,98,1610612766,CHA,73,,,,False
2008-2009,2009,0020801227,20090415/NOHSAS,Final/OT,2009-04-16,02:00,1610612759,SAS,105,1610612740,NOH,98,,,,False
2008-2009,2009,0020801228,20090415/OKCLAC,Final,2009-04-16,04:30,1610612746,LAC,85,1610612760,OKC,126,,,,False
2008-2009,2009,0020801229,20090415/GSWPHX,Final,2009-04-16,04:30,1610612756,PHX,117,1610612744,GSW,113,,,,False
2008-2009,2009,0020801230,20090415/DENPOR,Final,2009-04-16,04:30,1610612757,POR,104,1610612743,DEN,76,,,,False
2008-2009,2009,0040800111,20090418/CHIBOS,Final/OT,2009-04-18,18:30,1610612738,BOS,103,1610612741,CHI,105,Game 1,East - First Round,1st Round,False
2008-2009,2009,0040800101,20090418/DETCLE,Final,2009-04-18,21:00,1610612739,CLE,102,1610612765,DET,84,Game 1,East - First Round,1st Round,False
2008-2009,2009,0040800161,20090418/DALSAS,Final,2009-04-19,02:00,1610612759,SAS,97,1610612742,DAL,105,Game 1,West - First Round,1st Round,False
2008-2009,2009,0040800171,20090418/HOUPOR,Final,2009-04-19,04:30,1610612757,POR,81,1610612745,HOU,108,Game 1,West - First Round,1st Round,False
2008-2009,2009,0040800141,20090419/UTALAL,Final,2009-04-19,21:00,1610612747,LAL,113,1610612762,UTA,100,Game 1,West - First Round,1st Round,False
2008-2009,2009,0040800121,20090419/PHIORL,Final,2009-04-19,23:30,1610612753,ORL,98,1610612755,PHI,100,Game 1,East - First Round,1st Round,False
2008-2009,2009,0040800131,20090419/MIAATL,Final,2009-04-20,02:00,1610612737,ATL,90,1610612748,MIA,64,Game 1,East - First Round,1st Round,False
2008-2009,2009,0040800151,20090419/NOHDEN,Final,2009-04-20,04:30,1610612743,DEN,113,1610612740,NOH,84,Game 1,West - First Round,1st Round,False
2008-2009,2009,0040800112,20090420/CHIBOS,Final,2009-04-21,01:00,1610612738,BOS,118,1610612741,CHI,115,Game 2,East - First Round,1st Round,False
2008-2009,2009,0040800162,20090420/DALSAS,Final,2009-04-21,03:30,1610612759,SAS,105,1610612742,DAL,84,Game 2,West - First Round,1st Round,False
2008-2009,2009,0040800102,20090421/DETCLE,Final,2009-04-22,02:00,1610612739,CLE,94,1610612765,DET,82,Game 2,East - First Round,1st Round,False
2008-2009,2009,0040800172,20090421/HOUPOR,Final,2009-04-22,04:00,1610612757,POR,107,1610612745,HOU,103,Game 2,West - First Round,1st Round,False
2008-2009,2009,0040800142,20090421/UTALAL,Final,2009-04-22,04:30,1610612747,LAL,119,1610612762,UTA,109,Game 2,West - First Round,1st Round,False
2008-2009,2009,0040800122,20090422/PHIORL,Final,2009-04-23,01:00,1610612753,ORL,96,1610612755,PHI,87,Game 2,East - First Round,1st Round,False
2008-2009,2009,0040800132,20090422/MIAATL,Final,2009-04-23,02:00,1610612737,ATL,93,1610612748,MIA,108,Game 2,East - First Round,1st Round,False
2008-2009,2009,0040800152,20090422/NOHDEN,Final,2009-04-23,04:30,1610612743,DEN,108,1610612740,NOH,93,Game 2,West - First Round,1st Round,False
2008-2009,2009,0040800113,20090423/BOSCHI,Final,2009-04-24,02:00,1610612741,CHI,86,1610612738,BOS,107,Game 3,East - First Round,1st Round,False
2008-2009,2009,0040800163,20090423/SASDAL,Final,2009-04-24,02:30,1610612742,DAL,88,1610612759,SAS,67,Game 3,West - First Round,1st Round,False
2008-2009,2009,0040800143,20090423/LALUTA,Final,2009-04-24,04:30,1610612762,UTA,88,1610612747,LAL,86,Game 3,West - First Round,1st Round,False
2008-2009,2009,0040800103,20090424/CLEDET,Final,2009-04-25,01:00,1610612765,DET,68,1610612739,CLE,79,Game 3,East - First Round,1st Round,False
2008-2009,2009,0040800123,20090424/ORLPHI,Final,2009-04-25,02:00,1610612755,PHI,96,1610612753,ORL,94,Game 3,East - First Round,1st Round,False
2008-2009,2009,0040800173,20090424/PORHOU,Final,2009-04-25,03:30,1610612745,HOU,86,1610612757,POR,83,Game 3,West - First Round,1st Round,False
2008-2009,2009,0040800153,20090425/DENNOH,Final,2009-04-25,19:00,1610612740,NOH,95,1610612743,DEN,93,Game 3,West - First Round,1st Round,False
2008-2009,2009,0040800164,20090425/SASDAL,Final,2009-04-25,22:00,1610612742,DAL,99,1610612759,SAS,90,Game 4,West - First Round,1st Round,False
2008-2009,2009,0040800133,20090425/ATLMIA,Final,2009-04-26,00:30,1610612748,MIA,107,1610612737,ATL,78,Game 3,East - First Round,1st Round,False
2008-2009,2009,0040800144,20090425/LALUTA,Final,2009-04-26,03:00,1610612762,UTA,94,1610612747,LAL,108,Game 4,West - First Round,1st Round,False
2008-2009,2009,0040800114,20090426/BOSCHI,Final/OT2,2009-04-26,19:00,1610612741,CHI,121,1610612738,BOS,118,Game 4,East - First Round,1st Round,False
2008-2009,2009,0040800104,20090426/CLEDET,Final,2009-04-26,21:30,1610612765,DET,78,1610612739,CLE,99,Game 4,East - First Round,1st Round,False
2008-2009,2009,0040800124,20090426/ORLPHI,Final,2009-04-27,00:30,1610612755,PHI,81,1610612753,ORL,84,Game 4,East - First Round,1st Round,False
2008-2009,2009,0040800174,20090426/PORHOU,Final,2009-04-27,03:00,1610612745,HOU,89,1610612757,POR,88,Game 4,West - First Round,1st Round,False
2008-2009,2009,0040800134,20090427/ATLMIA,Final,2009-04-28,02:00,1610612748,MIA,71,1610612737,ATL,81,Game 4,East - First Round,1st Round,False
2008-2009,2009,0040800154,20090427/DENNOH,Final,2009-04-28,02:30,1610612740,NOH,63,1610612743,DEN,121,Game 4,West - First Round,1st Round,False
2008-2009,2009,0040800145,20090427/UTALAL,Final,2009-04-28,04:30,1610612747,LAL,107,1610612762,UTA,96,Game 5,West - First Round,1st Round,False
2008-2009,2009,0040800115,20090428/CHIBOS,Final/OT,2009-04-29,01:00,1610612738,BOS,106,1610612741,CHI,104,Game 5,East - First Round,1st Round,False
2008-2009,2009,0040800125,20090428/PHIORL,Final,2009-04-29,01:30,1610612753,ORL,91,1610612755,PHI,78,Game 5,East - First Round,1st Round,False
2008-2009,2009,0040800165,20090428/DALSAS,Final,2009-04-29,03:30,1610612759,SAS,93,1610612742,DAL,106,Game 5,West - First Round,1st Round,False
2008-2009,2009,0040800175,20090428/HOUPOR,Final,2009-04-29,04:00,1610612757,POR,88,1610612745,HOU,77,Game 5,West - First Round,1st Round,False
2008-2009,2009,0040800135,20090429/MIAATL,Final,2009-04-30,02:00,1610612737,ATL,106,1610612748,MIA,91,Game 5,East - First Round,1st Round,False
2008-2009,2009,0040800155,20090429/NOHDEN,Final,2009-04-30,04:30,1610612743,DEN,107,1610612740,NOH,86,Game 5,West - First Round,1st Round,False
2008-2009,2009,0040800116,20090430/BOSCHI,Final/OT3,2009-05-01,01:00,1610612741,CHI,128,1610612738,BOS,127,Game 6,East - First Round,1st Round,False
2008-2009,2009,0040800126,20090430/ORLPHI,Final,2009-05-01,01:30,1610612755,PHI,89,1610612753,ORL,114,Game 6,East - First Round,1st Round,False
2008-2009,2009,0040800176,20090430/PORHOU,Final,2009-05-01,03:30,1610612745,HOU,92,1610612757,POR,76,Game 6,West - First Round,1st Round,False
2008-2009,2009,0040800136,20090501/ATLMIA,Final,2009-05-02,02:00,1610612748,MIA,98,1610612737,ATL,72,Game 6,East - First Round,1st Round,False
2008-2009,2009,0040800117,20090502/CHIBOS,Final,2009-05-03,02:00,1610612738,BOS,109,1610612741,CHI,99,Game 7,East - First Round,1st Round,False
2008-2009,2009,0040800137,20090503/MIAATL,Final,2009-05-03,19:00,1610612737,ATL,91,1610612748,MIA,78,Game 7,East - First Round,1st Round,False
2008-2009,2009,0040800231,20090503/DALDEN,Final,2009-05-03,21:30,1610612743,DEN,109,1610612742,DAL,95,Game 1,West - Conf. Semifinals,Conf. Semifinals,False
2008-2009,2009,0040800221,20090504/HOULAL,Final,2009-05-05,04:30,1610612747,LAL,92,1610612745,HOU,100,Game 1,West - Conf. Semifinals,Conf. Semifinals,False
2008-2009,2009,0040800211,20090504/ORLBOS,Final,2009-05-05,02:00,1610612738,BOS,90,1610612753,ORL,95,Game 1,East - Conf. Semifinals,Conf. Semifinals,False
2008-2009,2009,0040800232,20090505/DALDEN,Final,2009-05-06,04:30,1610612743,DEN,117,1610612742,DAL,105,Game 2,West - Conf. Semifinals,Conf. Semifinals,False
2008-2009,2009,0040800201,20090505/ATLCLE,Final,2009-05-06,02:00,1610612739,CLE,99,1610612737,ATL,72,Game 1,East - Conf. Semifinals,Conf. Semifinals,False
2008-2009,2009,0040800222,20090506/HOULAL,Final,2009-05-07,04:30,1610612747,LAL,111,1610612745,HOU,98,Game 2,West - Conf. Semifinals,Conf. Semifinals,False
2008-2009,2009,0040800212,20090506/ORLBOS,Final,2009-05-07,02:00,1610612738,BOS,112,1610612753,ORL,94,Game 2,East - Conf. Semifinals,Conf. Semifinals,False
2008-2009,2009,0040800202,20090507/ATLCLE,Final,2009-05-08,02:00,1610612739,CLE,105,1610612737,ATL,85,Game 2,East - Conf. Semifinals,Conf. Semifinals,False
2008-2009,2009,0040800223,20090508/LALHOU,Final,2009-05-09,03:30,1610612745,HOU,94,1610612747,LAL,108,Game 3,West - Conf. Semifinals,Conf. Semifinals,False
2008-2009,2009,0040800213,20090508/BOSORL,Final,2009-05-09,01:00,1610612753,ORL,117,1610612738,BOS,96,Game 3,East - Conf. Semifinals,Conf. Semifinals,False
2008-2009,2009,0040800233,20090509/DENDAL,Final,2009-05-09,23:00,1610612742,DAL,105,1610612743,DEN,106,Game 3,West - Conf. Semifinals,Conf. Semifinals,False
2008-2009,2009,0040800203,20090509/CLEATL,Final,2009-05-10,02:00,1610612737,ATL,82,1610612739,CLE,97,Game 3,East - Conf. Semifinals,Conf. Semifinals,False
2008-2009,2009,0040800224,20090510/LALHOU,Final,2009-05-10,21:30,1610612745,HOU,99,1610612747,LAL,87,Game 4,West - Conf. Semifinals,Conf. Semifinals,False
2008-2009,2009,0040800214,20090510/BOSORL,Final,2009-05-11,02:00,1610612753,ORL,94,1610612738,BOS,95,Game 4,East - Conf. Semifinals,Conf. Semifinals,False
2008-2009,2009,0040800234,20090511/DENDAL,Final,2009-05-12,03:30,1610612742,DAL,119,1610612743,DEN,117,Game 4,West - Conf. Semifinals,Conf. Semifinals,False
2008-2009,2009,0040800204,20090511/CLEATL,Final,2009-05-12,01:00,1610612737,ATL,74,1610612739,CLE,84,Game 4,East - Conf. Semifinals,Conf. Semifinals,False
2008-2009,2009,0040800225,20090512/HOULAL,Final,2009-05-13,04:30,1610612747,LAL,118,1610612745,HOU,78,Game 5,West - Conf. Semifinals,Conf. Semifinals,False
2008-2009,2009,0040800215,20090512/ORLBOS,Final,2009-05-13,02:00,1610612738,BOS,92,1610612753,ORL,88,Game 5,East - Conf. Semifinals,Conf. Semifinals,False
2008-2009,2009,0040800235,20090513/DALDEN,Final,2009-05-14,03:00,1610612743,DEN,124,1610612742,DAL,110,Game 5,West - Conf. Semifinals,Conf. Semifinals,False
2008-2009,2009,0040800226,20090514/LALHOU,Final,2009-05-15,03:30,1610612745,HOU,95,1610612747,LAL,80,Game 6,West - Conf. Semifinals,Conf. Semifinals,False
2008-2009,2009,0040800216,20090514/BOSORL,Final,2009-05-15,01:00,1610612753,ORL,83,1610612738,BOS,75,Game 6,East - Conf. Semifinals,Conf. Semifinals,False
2008-2009,2009,0040800227,20090517/HOULAL,Final,2009-05-17,21:30,1610612747,LAL,89,1610612745,HOU,70,Game 7,West - Conf. Semifinals,Conf. Semifinals,False
2008-2009,2009,0040800217,20090517/ORLBOS,Final,2009-05-18,02:00,1610612738,BOS,82,1610612753,ORL,101,Game 7,East - Conf. Semifinals,Conf. Semifinals,False
2008-2009,2009,0040800311,20090519/DENLAL,Final,2009-05-20,03:00,1610612747,LAL,105,1610612743,DEN,103,Game 1,West - Conf. Finals,Conf. Finals,False
2008-2009,2009,0040800301,20090520/ORLCLE,Final,2009-05-21,02:30,1610612739,CLE,106,1610612753,ORL,107,Game 1,East - Conf. Finals,Conf. Finals,False
2008-2009,2009,0040800312,20090521/DENLAL,Final,2009-05-22,03:00,1610612747,LAL,103,1610612743,DEN,106,Game 2,West - Conf. Finals,Conf. Finals,False
2008-2009,2009,0040800302,20090522/ORLCLE,Final,2009-05-23,02:30,1610612739,CLE,96,1610612753,ORL,95,Game 2,East - Conf. Finals,Conf. Finals,False
2008-2009,2009,0040800313,20090523/LALDEN,Final,2009-05-24,02:30,1610612743,DEN,97,1610612747,LAL,103,Game 3,West - Conf. Finals,Conf. Finals,False
2008-2009,2009,0040800303,20090524/CLEORL,Final,2009-05-25,02:30,1610612753,ORL,99,1610612739,CLE,89,Game 3,East - Conf. Finals,Conf. Finals,False
2008-2009,2009,0040800314,20090525/LALDEN,Final,2009-05-26,03:00,1610612743,DEN,120,1610612747,LAL,101,Game 4,West - Conf. Finals,Conf. Finals,False
2008-2009,2009,0040800304,20090526/CLEORL,Final/OT,2009-05-27,02:30,1610612753,ORL,116,1610612739,CLE,114,Game 4,East - Conf. Finals,Conf. Finals,False
2008-2009,2009,0040800315,20090527/DENLAL,Final,2009-05-28,03:00,1610612747,LAL,103,1610612743,DEN,94,Game 5,West - Conf. Finals,Conf. Finals,False
2008-2009,2009,0040800305,20090528/ORLCLE,Final,2009-05-29,02:30,1610612739,CLE,112,1610612753,ORL,102,Game 5,East - Conf. Finals,Conf. Finals,False
2008-2009,2009,0040800316,20090529/LALDEN,Final,2009-05-30,03:00,1610612743,DEN,92,1610612747,LAL,119,Game 6,West - Conf. Finals,Conf. Finals,False
2008-2009,2009,0040800306,20090530/CLEORL,Final,2009-05-31,02:30,1610612753,ORL,103,1610612739,CLE,90,Game 6,East - Conf. Finals,Conf. Finals,False
2008-2009,2009,0040800401,20090604/ORLLAL,Final,2009-06-05,03:00,1610612747,LAL,100,1610612753,ORL,75,Game 1,NBA Finals,NBA Finals,False
2008-2009,2009,0040800402,20090607/ORLLAL,Final/OT,2009-06-08,02:00,1610612747,LAL,101,1610612753,ORL,96,Game 2,NBA Finals,NBA Finals,False
2008-2009,2009,0040800403,20090609/LALORL,Final,2009-06-10,03:00,1610612753,ORL,108,1610612747,LAL,104,Game 3,NBA Finals,NBA Finals,False
2008-2009,2009,0040800404,20090611/LALORL,Final/OT,2009-06-12,03:00,1610612753,ORL,91,1610612747,LAL,99,Game 4,NBA Finals,NBA Finals,False
2008-2009,2009,0040800405,20090614/LALORL,Final,2009-06-15,02:00,1610612753,ORL,86,1610612747,LAL,99,Game 5,NBA Finals,NBA Finals,False
