Saison,Année,gameId,gameCode,gameStatusText,dateParis,heureParis,homeTeamId,homeTeamTricode,homeTeamScore,awayTeamId,awayTeamTricode,awayTeamScore,seriesGameNumber,gameLabel,poRoundDesc,ifNecessary
2009-2010,2010,0010900001,20091001/DENUTA,Final,2009-10-02,03:00,1610612762,UTA,103,1610612743,DEN,87,,,,False
2009-2010,2010,0010900002,20091002/CHIIND,Final,2009-10-03,01:00,1610612754,IND,95,1610612741,CHI,104,,,,False
2009-2010,2010,0010900003,20091003/PARDEN,Final,2009-10-04,03:30,1610612743,DEN,102,12319,PAR,70,,,,False
2009-2010,2010,0010900004,20091004/NJNNYK,Final,2009-10-04,20:00,1610612752,NYK,115,1610612751,NJN,107,,,,False
2009-2010,2010,0010900006,20091004/MILMIN,Final,2009-10-05,00:00,1610612750,MIN,117,1610612749,MIL,103,,,,False
2009-2010,2010,0010900005,20091004/LACGSW,Final,2009-10-05,03:00,1610612744,GSW,108,1610612746,LAC,101,,,,False
2009-2010,2010,0010900007,20091005/MIADET,Final,2009-10-06,01:30,1610612765,DET,87,1610612748,MIA,83,,,,False
2009-2010,2010,0010900008,20091005/ORLDAL,Final,2009-10-06,02:30,1610612742,DAL,105,1610612753,ORL,110,,,,False
2009-2010,2010,0010900014,20091006/UTACHI,Final,2009-10-06,20:30,1610612741,CHI,102,1610612762,UTA,101,,,,False
2009-2010,2010,0010900009,20091006/MEMWAS,Final,2009-10-07,01:00,1610612764,WAS,101,1610612763,MEM,92,,,,False
2009-2010,2010,0010900010,20091006/CHACLE,Final,2009-10-07,01:00,1610612739,CLE,92,1610612766,CHA,87,,,,False
2009-2010,2010,0010900013,20091006/TORPHI,Final,2009-10-07,01:30,1610612755,PHI,107,1610612761,TOR,98,,,,False
2009-2010,2010,0010900015,20091006/HOUSAS,Final,2009-10-07,02:30,1610612759,SAS,85,1610612745,HOU,99,,,,False
2009-2010,2010,0010900011,20091006/PARPHX,Final,2009-10-07,04:00,1610612756,PHX,111,12319,PAR,80,,,,False
2009-2010,2010,0010900012,20091006/SACPOR,Final,2009-10-07,04:00,1610612757,POR,98,1610612758,SAC,86,,,,False
2009-2010,2010,0010900016,20091007/PHITOR,Final,2009-10-08,01:00,1610612761,TOR,79,1610612755,PHI,84,,,,False
2009-2010,2010,0010900017,20091007/NOHATL,Final,2009-10-08,01:00,1610612737,ATL,108,1610612740,NOH,102,,,,False
2009-2010,2010,0010900018,20091007/MIAORL,Final,2009-10-08,01:00,1610612753,ORL,90,1610612748,MIA,86,,,,False
2009-2010,2010,0010900022,20091007/MILDET,Final,2009-10-08,01:30,1610612765,DET,113,1610612749,MIL,104,,,,False
2009-2010,2010,0010900019,20091007/OKCMEM,Final,2009-10-08,02:00,1610612763,MEM,99,1610612760,OKC,91,,,,False
2009-2010,2010,0010900023,20091007/BOSHOU,Final,2009-10-08,02:30,1610612745,HOU,96,1610612738,BOS,90,,,,False
2009-2010,2010,0010900020,20091007/PORSAC,Final,2009-10-08,04:00,1610612758,SAC,86,1610612757,POR,89,,,,False
2009-2010,2010,0010900021,20091007/GSWLAL,Final,2009-10-08,04:00,1610612747,LAL,118,1610612744,GSW,101,,,,False
2009-2010,2010,0010900025,20091008/DENIND,Final,2009-10-08,13:30,1610612754,IND,126,1610612743,DEN,104,,,,False
2009-2010,2010,0010900026,20091008/UTARMA,Final,2009-10-08,20:45,12315,RMA,87,1610612762,UTA,109,,,,False
2009-2010,2010,0010900024,20091008/NOHCHA,Final,2009-10-09,01:30,1610612766,CHA,108,1610612740,NOH,101,,,,False
2009-2010,2010,0010900027,20091009/NJNPHI,Final,2009-10-10,01:00,1610612755,PHI,93,1610612751,NJN,92,,,,False
2009-2010,2010,0010900028,20091009/DALWAS,Final,2009-10-10,01:00,1610612764,WAS,115,1610612742,DAL,123,,,,False
2009-2010,2010,0010900029,20091009/HOUORL,Final,2009-10-10,01:00,1610612753,ORL,113,1610612745,HOU,104,,,,False
2009-2010,2010,0010900032,20091009/NYKBOS,Final,2009-10-10,01:30,1610612738,BOS,96,1610612752,NYK,82,,,,False
2009-2010,2010,0010900030,20091009/TORMIN,Final,2009-10-10,02:00,1610612750,MIN,97,1610612761,TOR,112,,,,False
2009-2010,2010,0010900033,20091009/OLPSAS,Final,2009-10-10,02:30,1610612759,SAS,107,12320,OLP,89,,,,False
2009-2010,2010,0010900031,20091009/GSWLAL,Final,2009-10-10,04:00,1610612747,LAL,91,1610612744,GSW,110,,,,False
2009-2010,2010,0010900034,20091009/PORLAC,Final,2009-10-10,04:30,1610612746,LAC,97,1610612757,POR,85,,,,False
2009-2010,2010,0010900036,20091010/OKCNOH,Final,2009-10-10,20:00,1610612740,NOH,88,1610612760,OKC,79,,,,False
2009-2010,2010,0010900037,20091010/CLECHA,Final,2009-10-11,01:30,1610612766,CHA,96,1610612739,CLE,102,,,,False
2009-2010,2010,0010900038,20091010/CHIMIL,Final,2009-10-11,02:30,1610612749,MIL,98,1610612741,CHI,86,,,,False
2009-2010,2010,0010900035,20091010/GSWPHX,Final,2009-10-11,03:30,1610612756,PHX,101,1610612744,GSW,104,,,,False
2009-2010,2010,0010900039,20091011/INDDEN,Final,2009-10-11,06:00,1610612743,DEN,128,1610612754,IND,112,,,,False
2009-2010,2010,0010900040,20091011/NJNBOS,Final,2009-10-11,19:00,1610612738,BOS,100,1610612751,NJN,93,,,,False
2009-2010,2010,0010900041,20091011/WASTOR,Final,2009-10-11,21:00,1610612761,TOR,100,1610612764,WAS,93,,,,False
2009-2010,2010,0010900042,20091011/SASMIA,Final,2009-10-12,00:00,1610612748,MIA,93,1610612759,SAS,95,,,,False
2009-2010,2010,0010900043,20091011/ATLDET,Final,2009-10-12,00:00,1610612765,DET,100,1610612737,ATL,91,,,,False
2009-2010,2010,0010900044,20091011/MEMDAL,Final,2009-10-12,01:00,1610612742,DAL,114,1610612763,MEM,107,,,,False
2009-2010,2010,0010900045,20091012/CHAATL,Final,2009-10-13,01:00,1610612737,ATL,107,1610612766,CHA,90,,,,False
2009-2010,2010,0010900046,20091012/OLPCLE,Final,2009-10-13,01:00,1610612739,CLE,111,12320,OLP,94,,,,False
2009-2010,2010,0010900047,20091012/ORLMEM,Final,2009-10-13,02:00,1610612763,MEM,83,1610612753,ORL,102,,,,False
2009-2010,2010,0010900048,20091012/PHXOKC,Final/OT,2009-10-13,02:00,1610612760,OKC,110,1610612756,PHX,105,,,,False
2009-2010,2010,0010900049,20091012/MILHOU,Final,2009-10-13,02:30,1610612745,HOU,92,1610612749,MIL,96,,,,False
2009-2010,2010,0010900119,20091012/GSWLAC,Final,2009-10-13,04:30,1610612746,LAC,124,1610612744,GSW,117,,,,False
2009-2010,2010,0010900050,20091013/BOSNJN,Final,2009-10-14,01:00,1610612751,NJN,88,1610612738,BOS,91,,,,False
2009-2010,2010,0010900051,20091013/WASDET,Final,2009-10-14,01:00,1610612765,DET,98,1610612764,WAS,101,,,,False
2009-2010,2010,0010900054,20091013/PHINYK,Final,2009-10-14,01:30,1610612752,NYK,85,1610612755,PHI,93,,,,False
2009-2010,2010,0010900052,20091013/MILCHI,Final,2009-10-14,02:00,1610612741,CHI,87,1610612749,MIL,86,,,,False
2009-2010,2010,0010900053,20091013/ORLNOH,Final,2009-10-14,02:00,1610612740,NOH,86,1610612753,ORL,121,,,,False
2009-2010,2010,0010900055,20091014/WASCLE,Final,2009-10-15,01:00,1610612739,CLE,104,1610612764,WAS,109,,,,False
2009-2010,2010,0010900060,20091014/TORBOS,Final,2009-10-15,01:30,1610612738,BOS,106,1610612761,TOR,90,,,,False
2009-2010,2010,0010900056,20091014/ATLMEM,Final,2009-10-15,02:00,1610612763,MEM,96,1610612737,ATL,111,,,,False
2009-2010,2010,0010900057,20091014/CHIMIN,Final,2009-10-15,02:00,1610612750,MIN,94,1610612741,CHI,99,,,,False
2009-2010,2010,0010900058,20091014/MIAOKC,Final,2009-10-15,02:00,1610612760,OKC,96,1610612748,MIA,91,,,,False
2009-2010,2010,0010900061,20091014/LACSAS,Final,2009-10-15,02:30,1610612759,SAS,90,1610612746,LAC,93,,,,False
2009-2010,2010,0010900059,20091014/PHXPOR,Final,2009-10-15,04:00,1610612757,POR,104,1610612756,PHX,110,,,,False
2009-2010,2010,0010900062,20091015/HOUTOR,Final,2009-10-16,01:00,1610612761,TOR,112,1610612745,HOU,124,,,,False
2009-2010,2010,0010900065,20091015/NOHMIA,Final,2009-10-16,02:30,1610612748,MIA,97,1610612740,NOH,81,,,,False
2009-2010,2010,0010900066,20091015/DETDAL,Final,2009-10-16,02:30,1610612742,DAL,113,1610612765,DET,88,,,,False
2009-2010,2010,0010900063,20091015/PORUTA,Final,2009-10-16,03:00,1610612762,UTA,99,1610612757,POR,96,,,,False
2009-2010,2010,0010900064,20091015/SACLAL,Final,2009-10-16,04:00,1610612747,LAL,98,1610612758,SAC,92,,,,False
2009-2010,2010,0010900067,20091016/HOUIND,Final,2009-10-17,01:00,1610612754,IND,119,1610612745,HOU,104,,,,False
2009-2010,2010,0010900070,20091016/NJNNYK,Final,2009-10-17,01:30,1610612752,NYK,93,1610612751,NJN,89,,,,False
2009-2010,2010,0010900068,20091016/MINCHI,Final,2009-10-17,02:00,1610612741,CHI,94,1610612750,MIN,90,,,,False
2009-2010,2010,0010900071,20091016/CLESAS,Final,2009-10-17,02:30,1610612759,SAS,105,1610612739,CLE,98,,,,False
2009-2010,2010,0010900069,20091016/PHIPHX,Final,2009-10-17,04:00,1610612756,PHX,115,1610612755,PHI,113,,,,False
2009-2010,2010,0010900072,20091017/UTALAC,Final,2009-10-18,01:30,1610612746,LAC,103,1610612762,UTA,96,,,,False
2009-2010,2010,0010900073,20091017/DETMEM,Final,2009-10-18,02:00,1610612763,MEM,115,1610612765,DET,94,,,,False
2009-2010,2010,0010900074,20091017/INDNOH,Final,2009-10-18,02:00,1610612740,NOH,108,1610612754,IND,96,,,,False
2009-2010,2010,0010900077,20091017/MINMIL,Final,2009-10-18,02:30,1610612749,MIL,101,1610612750,MIN,87,,,,False
2009-2010,2010,0010900078,20091017/CLEDAL,Final,2009-10-18,02:30,1610612742,DAL,93,1610612739,CLE,82,,,,False
2009-2010,2010,0010900075,20091017/GSWSAC,Final,2009-10-18,04:00,1610612758,SAC,101,1610612744,GSW,94,,,,False
2009-2010,2010,0010900076,20091017/CHALAL,Final,2009-10-18,04:30,1610612747,LAL,91,1610612766,CHA,87,,,,False
2009-2010,2010,0010900079,20091018/MTANYK,Final,2009-10-18,19:00,1610612752,NYK,106,12303,MTA,91,,,,False
2009-2010,2010,0010900080,20091018/BOSTOR,Final,2009-10-18,21:00,1610612761,TOR,82,1610612738,BOS,101,,,,False
2009-2010,2010,0010900084,20091018/PHIPHX,Final,2009-10-19,01:00,1610612756,PHX,94,1610612755,PHI,116,,,,False
2009-2010,2010,0010900081,20091018/UTACHA,Final,2009-10-19,01:30,1610612766,CHA,103,1610612762,UTA,110,,,,False
2009-2010,2010,0010900082,20091018/DENPOR,Final,2009-10-19,03:00,1610612757,POR,98,1610612743,DEN,96,,,,False
2009-2010,2010,0010900083,20091018/LACLAL,Final,2009-10-19,04:30,1610612747,LAL,114,1610612746,LAC,108,,,,False
2009-2010,2010,0010900085,20091019/WASATL,Final,2009-10-20,01:00,1610612737,ATL,113,1610612764,WAS,95,,,,False
2009-2010,2010,0010900086,20091019/ORLCHI,Final,2009-10-20,02:00,1610612741,CHI,98,1610612753,ORL,101,,,,False
2009-2010,2010,0010900087,20091019/OKCHOU,Final,2009-10-20,02:30,1610612745,HOU,105,1610612760,OKC,85,,,,False
2009-2010,2010,0010900088,20091020/WASPHI,Final,2009-10-21,01:00,1610612755,PHI,89,1610612764,WAS,90,,,,False
2009-2010,2010,0010900089,20091020/MILCHA,Final,2009-10-21,01:00,1610612766,CHA,94,1610612749,MIL,87,,,,False
2009-2010,2010,0010900094,20091020/BOSNYK,Final,2009-10-21,01:30,1610612752,NYK,108,1610612738,BOS,103,,,,False
2009-2010,2010,0010900095,20091020/DALCLE,Final,2009-10-21,01:30,1610612739,CLE,96,1610612742,DAL,66,,,,False
2009-2010,2010,0010900096,20091020/SASOKC,Final,2009-10-21,02:30,1610612760,OKC,102,1610612759,SAS,119,,,,False
2009-2010,2010,0010900090,20091020/MINDEN,Final,2009-10-21,03:00,1610612743,DEN,129,1610612750,MIN,100,,,,False
2009-2010,2010,0010900091,20091020/SACPHX,Final,2009-10-21,04:00,1610612756,PHX,143,1610612758,SAC,127,,,,False
2009-2010,2010,0010900092,20091020/UTAPOR,Final,2009-10-21,04:00,1610612757,POR,97,1610612762,UTA,108,,,,False
2009-2010,2010,0010900093,20091020/GSWLAL,Final,2009-10-21,04:00,1610612747,LAL,113,1610612744,GSW,107,,,,False
2009-2010,2010,0010900097,20091020/MTALAC,Final,2009-10-21,04:30,1610612746,LAC,108,12303,MTA,96,,,,False
2009-2010,2010,0010900098,20091021/NYKNJN,Final,2009-10-22,01:00,1610612751,NJN,92,1610612752,NYK,94,,,,False
2009-2010,2010,0010900099,20091021/INDORL,Final,2009-10-22,01:00,1610612753,ORL,117,1610612754,IND,87,,,,False
2009-2010,2010,0010900100,20091021/BOSCLE,Final,2009-10-22,01:00,1610612739,CLE,82,1610612738,BOS,96,,,,False
2009-2010,2010,0010900101,20091021/MEMMIA,Final,2009-10-22,01:30,1610612748,MIA,99,1610612763,MEM,93,,,,False
2009-2010,2010,0010900102,20091022/ATLMIA,Final,2009-10-23,01:00,1610612748,MIA,87,1610612737,ATL,92,,,,False
2009-2010,2010,0010900106,20091022/MINDET,Final,2009-10-23,01:30,1610612765,DET,114,1610612750,MIN,122,,,,False
2009-2010,2010,0010900103,20091022/SACOKC,Final,2009-10-23,02:00,1610612760,OKC,89,1610612758,SAC,104,,,,False
2009-2010,2010,0010900104,20091022/DENLAL,Final,2009-10-23,04:00,1610612747,LAL,106,1610612743,DEN,89,,,,False
2009-2010,2010,0010900105,20091022/PORPHX,Final,2009-10-23,04:00,1610612756,PHX,93,1610612757,POR,113,,,,False
2009-2010,2010,0010900107,20091022/NOHGSW,Final,2009-10-23,04:30,1610612744,GSW,126,1610612740,NOH,92,,,,False
2009-2010,2010,0010900108,20091023/MEMCHA,Final,2009-10-23,16:30,1610612766,CHA,92,1610612763,MEM,95,,,,False
2009-2010,2010,0010900109,20091023/SASIND,Final,2009-10-24,01:00,1610612754,IND,114,1610612759,SAS,112,,,,False
2009-2010,2010,0010900110,20091023/WASCHI,Final,2009-10-24,02:00,1610612741,CHI,93,1610612764,WAS,70,,,,False
2009-2010,2010,0010900111,20091023/TORMIN,Final,2009-10-24,02:00,1610612750,MIN,98,1610612761,TOR,90,,,,False
2009-2010,2010,0010900117,20091023/PHINJN,Final,2009-10-24,02:00,1610612751,NJN,110,1610612755,PHI,88,,,,False
2009-2010,2010,0010900118,20091023/ATLORL,Final,2009-10-24,02:00,1610612753,ORL,123,1610612737,ATL,86,,,,False
2009-2010,2010,0010900113,20091023/DETMIL,Final,2009-10-24,02:30,1610612749,MIL,93,1610612765,DET,95,,,,False
2009-2010,2010,0010900114,20091023/DALHOU,Final,2009-10-24,02:30,1610612745,HOU,94,1610612742,DAL,98,,,,False
2009-2010,2010,0010900112,20091023/UTASAC,Final,2009-10-24,04:00,1610612758,SAC,85,1610612762,UTA,95,,,,False
2009-2010,2010,0010900115,20091023/NOHLAC,Final,2009-10-24,04:30,1610612746,LAC,91,1610612740,NOH,88,,,,False
2009-2010,2010,0010900116,20091023/DENLAL,Final,2009-10-24,04:30,1610612747,LAL,105,1610612743,DEN,119,,,,False
2009-2010,2010,0020900001,20091027/BOSCLE,Final,2009-10-28,00:30,1610612739,CLE,89,1610612738,BOS,95,,,,False
2009-2010,2010,0020900002,20091027/WASDAL,Final,2009-10-28,01:30,1610612742,DAL,91,1610612764,WAS,102,,,,False
2009-2010,2010,0020900003,20091027/HOUPOR,Final,2009-10-28,03:00,1610612757,POR,96,1610612745,HOU,87,,,,False
2009-2010,2010,0020900004,20091027/LACLAL,Final,2009-10-28,03:30,1610612747,LAL,99,1610612746,LAC,92,,,,False
2009-2010,2010,0020900005,20091028/INDATL,Final,2009-10-29,00:00,1610612737,ATL,120,1610612754,IND,109,,,,False
2009-2010,2010,0020900006,20091028/PHIORL,Final,2009-10-29,00:00,1610612753,ORL,120,1610612755,PHI,106,,,,False
2009-2010,2010,0020900007,20091028/CLETOR,Final,2009-10-29,00:00,1610612761,TOR,101,1610612739,CLE,91,,,,False
2009-2010,2010,0020900008,20091028/CHABOS,Final,2009-10-29,00:30,1610612738,BOS,92,1610612766,CHA,59,,,,False
2009-2010,2010,0020900009,20091028/NYKMIA,Final,2009-10-29,00:30,1610612748,MIA,115,1610612752,NYK,93,,,,False
2009-2010,2010,0020900010,20091028/DETMEM,Final,2009-10-29,01:00,1610612763,MEM,74,1610612765,DET,96,,,,False
2009-2010,2010,0020900011,20091028/NJNMIN,Final,2009-10-29,01:00,1610612750,MIN,95,1610612751,NJN,93,,,,False
2009-2010,2010,0020900012,20091028/SACOKC,Final,2009-10-29,01:00,1610612760,OKC,102,1610612758,SAC,89,,,,False
2009-2010,2010,0020900013,20091028/NOHSAS,Final,2009-10-29,01:00,1610612759,SAS,113,1610612740,NOH,96,,,,False
2009-2010,2010,0020900014,20091028/UTADEN,Final,2009-10-29,03:30,1610612743,DEN,114,1610612762,UTA,105,,,,False
2009-2010,2010,0020900015,20091028/HOUGSW,Final,2009-10-29,03:30,1610612744,GSW,107,1610612745,HOU,108,,,,False
2009-2010,2010,0020900016,20091028/PHXLAC,Final,2009-10-29,03:30,1610612746,LAC,107,1610612756,PHX,109,,,,False
2009-2010,2010,0020900017,20091029/SASCHI,Final,2009-10-30,01:00,1610612741,CHI,92,1610612759,SAS,85,,,,False
2009-2010,2010,0020900018,20091029/DENPOR,Final,2009-10-30,03:30,1610612757,POR,94,1610612743,DEN,97,,,,False
2009-2010,2010,0020900019,20091030/NYKCHA,Final/OT2,2009-10-31,00:00,1610612766,CHA,102,1610612752,NYK,100,,,,False
2009-2010,2010,0020900020,20091030/MILPHI,Final,2009-10-31,00:00,1610612755,PHI,99,1610612749,MIL,86,,,,False
2009-2010,2010,0020900021,20091030/WASATL,Final,2009-10-31,00:30,1610612737,ATL,100,1610612764,WAS,89,,,,False
2009-2010,2010,0020900022,20091030/CHIBOS,Final,2009-10-31,01:00,1610612738,BOS,118,1610612741,CHI,90,,,,False
2009-2010,2010,0020900023,20091030/OKCDET,Final,2009-10-31,01:00,1610612765,DET,83,1610612760,OKC,91,,,,False
2009-2010,2010,0020900024,20091030/MIAIND,Final,2009-10-31,01:00,1610612754,IND,83,1610612748,MIA,96,,,,False
2009-2010,2010,0020900025,20091030/TORMEM,Final,2009-10-31,01:00,1610612763,MEM,115,1610612761,TOR,107,,,,False
2009-2010,2010,0020900026,20091030/CLEMIN,Final,2009-10-31,01:00,1610612750,MIN,87,1610612739,CLE,104,,,,False
2009-2010,2010,0020900027,20091030/ORLNJN,Final,2009-10-31,01:00,1610612751,NJN,85,1610612753,ORL,95,,,,False
2009-2010,2010,0020900028,20091030/SACNOH,Final,2009-10-31,01:00,1610612740,NOH,97,1610612758,SAC,92,,,,False
2009-2010,2010,0020900029,20091030/LACUTA,Final,2009-10-31,02:00,1610612762,UTA,111,1610612746,LAC,98,,,,False
2009-2010,2010,0020900030,20091030/GSWPHX,Final,2009-10-31,03:00,1610612756,PHX,123,1610612744,GSW,101,,,,False
2009-2010,2010,0020900031,20091030/DALLAL,Final,2009-10-31,03:30,1610612747,LAL,80,1610612742,DAL,94,,,,False
2009-2010,2010,0020900032,20091031/NJNWAS,Final,2009-11-01,00:00,1610612764,WAS,123,1610612751,NJN,104,,,,False
2009-2010,2010,0020900033,20091031/CHACLE,Final,2009-11-01,00:30,1610612739,CLE,90,1610612766,CHA,79,,,,False
2009-2010,2010,0020900034,20091031/PHINYK,Final/OT,2009-11-01,00:30,1610612752,NYK,127,1610612755,PHI,141,,,,False
2009-2010,2010,0020900035,20091031/PORHOU,Final,2009-11-01,01:30,1610612745,HOU,111,1610612757,POR,107,,,,False
2009-2010,2010,0020900036,20091031/DETMIL,Final,2009-11-01,01:30,1610612749,MIL,96,1610612765,DET,85,,,,False
2009-2010,2010,0020900037,20091031/SACSAS,Final,2009-11-01,01:30,1610612759,SAS,113,1610612758,SAC,94,,,,False
2009-2010,2010,0020900038,20091031/DALLAC,Final,2009-11-01,03:30,1610612746,LAC,84,1610612742,DAL,93,,,,False
2009-2010,2010,0020900039,20091101/ORLTOR,Final,2009-11-01,19:00,1610612761,TOR,116,1610612753,ORL,125,,,,False
2009-2010,2010,0020900040,20091101/NOHBOS,Final,2009-11-02,00:00,1610612738,BOS,97,1610612740,NOH,87,,,,False
2009-2010,2010,0020900041,20091101/CHIMIA,Final,2009-11-02,00:00,1610612748,MIA,95,1610612741,CHI,87,,,,False
2009-2010,2010,0020900042,20091101/POROKC,Final,2009-11-02,01:00,1610612760,OKC,74,1610612757,POR,83,,,,False
2009-2010,2010,0020900043,20091101/MEMDEN,Final,2009-11-02,02:00,1610612743,DEN,133,1610612763,MEM,123,,,,False
2009-2010,2010,0020900044,20091101/MINPHX,Final,2009-11-02,02:00,1610612756,PHX,120,1610612750,MIN,112,,,,False
2009-2010,2010,0020900045,20091101/ATLLAL,Final,2009-11-02,03:30,1610612747,LAL,118,1610612737,ATL,110,,,,False
2009-2010,2010,0020900046,20091102/NJNCHA,Final,2009-11-03,01:00,1610612766,CHA,79,1610612751,NJN,68,,,,False
2009-2010,2010,0020900047,20091102/NOHNYK,Final,2009-11-03,01:30,1610612752,NYK,117,1610612740,NOH,111,,,,False
2009-2010,2010,0020900048,20091102/HOUUTA,Final,2009-11-03,03:00,1610612762,UTA,96,1610612745,HOU,113,,,,False
2009-2010,2010,0020900049,20091102/MEMSAC,Final/OT,2009-11-03,04:00,1610612758,SAC,127,1610612763,MEM,116,,,,False
2009-2010,2010,0020900050,20091102/MINLAC,Final,2009-11-03,04:30,1610612746,LAC,93,1610612750,MIN,90,,,,False
2009-2010,2010,0020900051,20091103/WASCLE,Final,2009-11-04,01:00,1610612739,CLE,102,1610612764,WAS,90,,,,False
2009-2010,2010,0020900052,20091103/DENIND,Final,2009-11-04,01:00,1610612754,IND,93,1610612743,DEN,111,,,,False
2009-2010,2010,0020900053,20091103/BOSPHI,Final,2009-11-04,01:00,1610612755,PHI,74,1610612738,BOS,105,,,,False
2009-2010,2010,0020900054,20091103/ORLDET,Final,2009-11-04,01:30,1610612765,DET,85,1610612753,ORL,80,,,,False
2009-2010,2010,0020900055,20091103/PHXMIA,Final,2009-11-04,01:30,1610612748,MIA,96,1610612756,PHX,104,,,,False
2009-2010,2010,0020900056,20091103/MILCHI,Final,2009-11-04,02:00,1610612741,CHI,83,1610612749,MIL,81,,,,False
2009-2010,2010,0020900057,20091103/LALOKC,Final/OT,2009-11-04,02:00,1610612760,OKC,98,1610612747,LAL,101,,,,False
2009-2010,2010,0020900058,20091103/UTADAL,Final,2009-11-04,02:30,1610612742,DAL,96,1610612762,UTA,85,,,,False
2009-2010,2010,0020900059,20091103/ATLPOR,Final,2009-11-04,04:00,1610612757,POR,91,1610612737,ATL,97,,,,False
2009-2010,2010,0020900060,20091104/PHXORL,Final,2009-11-05,01:00,1610612753,ORL,122,1610612756,PHX,100,,,,False
2009-2010,2010,0020900061,20091104/DETTOR,Final,2009-11-05,01:00,1610612761,TOR,110,1610612765,DET,99,,,,False
2009-2010,2010,0020900062,20091104/MIAWAS,Final,2009-11-05,01:00,1610612764,WAS,89,1610612748,MIA,93,,,,False
2009-2010,2010,0020900063,20091104/DENNJN,Final,2009-11-05,01:30,1610612751,NJN,94,1610612743,DEN,122,,,,False
2009-2010,2010,0020900064,20091104/INDNYK,Final,2009-11-05,01:30,1610612752,NYK,89,1610612754,IND,101,,,,False
2009-2010,2010,0020900065,20091104/BOSMIN,Final,2009-11-05,02:00,1610612750,MIN,90,1610612738,BOS,92,,,,False
2009-2010,2010,0020900066,20091104/LALHOU,Final/OT,2009-11-05,02:30,1610612745,HOU,102,1610612747,LAL,103,,,,False
2009-2010,2010,0020900067,20091104/DALNOH,Final/OT,2009-11-05,03:30,1610612740,NOH,114,1610612742,DAL,107,,,,False
2009-2010,2010,0020900068,20091104/ATLSAC,Final,2009-11-05,04:00,1610612758,SAC,105,1610612737,ATL,113,,,,False
2009-2010,2010,0020900069,20091104/MEMGSW,Final,2009-11-05,04:30,1610612744,GSW,113,1610612763,MEM,105,,,,False
2009-2010,2010,0020900070,20091105/CHICLE,Final,2009-11-06,02:00,1610612739,CLE,85,1610612741,CHI,86,,,,False
2009-2010,2010,0020900071,20091105/SASUTA,Final,2009-11-06,04:30,1610612762,UTA,113,1610612759,SAS,99,,,,False
2009-2010,2010,0020900072,20091106/ATLCHA,Final,2009-11-07,01:00,1610612766,CHA,103,1610612737,ATL,83,,,,False
2009-2010,2010,0020900073,20091106/WASIND,Final,2009-11-07,01:00,1610612754,IND,102,1610612764,WAS,86,,,,False
2009-2010,2010,0020900074,20091106/DETORL,Final,2009-11-07,01:00,1610612753,ORL,110,1610612765,DET,103,,,,False
2009-2010,2010,0020900075,20091106/NJNPHI,Final,2009-11-07,01:00,1610612755,PHI,97,1610612751,NJN,94,,,,False
2009-2010,2010,0020900076,20091106/PHXBOS,Final,2009-11-07,01:30,1610612738,BOS,103,1610612756,PHX,110,,,,False
2009-2010,2010,0020900077,20091106/DENMIA,Final,2009-11-07,01:30,1610612748,MIA,96,1610612743,DEN,88,,,,False
2009-2010,2010,0020900078,20091106/MILMIN,Final,2009-11-07,02:00,1610612750,MIN,72,1610612749,MIL,87,,,,False
2009-2010,2010,0020900079,20091106/TORNOH,Final,2009-11-07,02:00,1610612740,NOH,90,1610612761,TOR,107,,,,False
2009-2010,2010,0020900080,20091106/CLENYK,Final,2009-11-07,02:00,1610612752,NYK,91,1610612739,CLE,100,,,,False
2009-2010,2010,0020900081,20091106/OKCHOU,Final,2009-11-07,02:30,1610612745,HOU,105,1610612760,OKC,94,,,,False
2009-2010,2010,0020900082,20091106/LACGSW,Final,2009-11-07,04:30,1610612744,GSW,90,1610612746,LAC,118,,,,False
2009-2010,2010,0020900083,20091106/MEMLAL,Final,2009-11-07,04:30,1610612747,LAL,114,1610612763,MEM,98,,,,False
2009-2010,2010,0020900084,20091106/SASPOR,Final,2009-11-07,04:30,1610612757,POR,96,1610612759,SAS,84,,,,False
2009-2010,2010,0020900085,20091107/DENATL,Final,2009-11-08,01:00,1610612737,ATL,125,1610612743,DEN,100,,,,False
2009-2010,2010,0020900086,20091107/BOSNJN,Final,2009-11-08,01:30,1610612751,NJN,76,1610612738,BOS,86,,,,False
2009-2010,2010,0020900087,20091107/CHACHI,Final,2009-11-08,02:00,1610612741,CHI,93,1610612766,CHA,90,,,,False
2009-2010,2010,0020900088,20091107/TORDAL,Final,2009-11-08,02:30,1610612742,DAL,129,1610612761,TOR,101,,,,False
2009-2010,2010,0020900089,20091107/NYKMIL,Final,2009-11-08,02:30,1610612749,MIL,102,1610612752,NYK,87,,,,False
2009-2010,2010,0020900090,20091107/SACUTA,Final,2009-11-08,03:00,1610612762,UTA,99,1610612758,SAC,104,,,,False
2009-2010,2010,0020900091,20091107/MEMLAC,Final,2009-11-08,04:30,1610612746,LAC,113,1610612763,MEM,110,,,,False
2009-2010,2010,0020900092,20091108/PHIDET,Final,2009-11-08,19:00,1610612765,DET,88,1610612755,PHI,81,,,,False
2009-2010,2010,0020900093,20091108/PHXWAS,Final,2009-11-08,19:00,1610612764,WAS,90,1610612756,PHX,102,,,,False
2009-2010,2010,0020900094,20091108/ORLOKC,Final,2009-11-09,01:00,1610612760,OKC,102,1610612753,ORL,74,,,,False
2009-2010,2010,0020900095,20091108/MINPOR,Final,2009-11-09,03:00,1610612757,POR,116,1610612750,MIN,93,,,,False
2009-2010,2010,0020900096,20091108/GSWSAC,Final,2009-11-09,03:00,1610612758,SAC,120,1610612744,GSW,107,,,,False
2009-2010,2010,0020900097,20091108/NOHLAL,Final,2009-11-09,03:30,1610612747,LAL,104,1610612740,NOH,88,,,,False
2009-2010,2010,0020900098,20091109/PHXPHI,Final,2009-11-10,01:00,1610612755,PHI,115,1610612756,PHX,119,,,,False
2009-2010,2010,0020900099,20091109/UTANYK,Final,2009-11-10,01:30,1610612752,NYK,93,1610612762,UTA,95,,,,False
2009-2010,2010,0020900100,20091109/TORSAS,Final,2009-11-10,02:30,1610612759,SAS,131,1610612761,TOR,124,,,,False
2009-2010,2010,0020900101,20091109/MINGSW,Final,2009-11-10,04:30,1610612744,GSW,146,1610612750,MIN,105,,,,False
2009-2010,2010,0020900102,20091109/NOHLAC,Final,2009-11-10,04:30,1610612746,LAC,84,1610612740,NOH,112,,,,False
2009-2010,2010,0020900103,20091110/ORLCHA,Final,2009-11-11,01:00,1610612766,CHA,81,1610612753,ORL,93,,,,False
2009-2010,2010,0020900104,20091110/WASMIA,Final,2009-11-11,01:30,1610612748,MIA,90,1610612764,WAS,76,,,,False
2009-2010,2010,0020900105,20091110/DENCHI,Final,2009-11-11,02:00,1610612741,CHI,89,1610612743,DEN,90,,,,False
2009-2010,2010,0020900106,20091110/PORMEM,Final,2009-11-11,02:00,1610612763,MEM,79,1610612757,POR,93,,,,False
2009-2010,2010,0020900107,20091110/HOUDAL,Final,2009-11-11,02:30,1610612742,DAL,121,1610612745,HOU,103,,,,False
2009-2010,2010,0020900108,20091110/OKCSAC,Final,2009-11-11,04:00,1610612758,SAC,101,1610612760,OKC,98,,,,False
2009-2010,2010,0020900109,20091111/GSWIND,Final,2009-11-12,01:00,1610612754,IND,108,1610612744,GSW,94,,,,False
2009-2010,2010,0020900110,20091111/CHITOR,Final,2009-11-12,01:00,1610612761,TOR,99,1610612741,CHI,89,,,,False
2009-2010,2010,0020900111,20091111/UTABOS,Final,2009-11-12,01:30,1610612738,BOS,105,1610612762,UTA,86,,,,False
2009-2010,2010,0020900112,20091111/CHADET,Final,2009-11-12,01:30,1610612765,DET,98,1610612766,CHA,75,,,,False
2009-2010,2010,0020900113,20091111/PHINJN,Final,2009-11-12,01:30,1610612751,NJN,79,1610612755,PHI,82,,,,False
2009-2010,2010,0020900114,20091111/ATLNYK,Final,2009-11-12,01:30,1610612752,NYK,101,1610612737,ATL,114,,,,False
2009-2010,2010,0020900115,20091111/DENMIL,Final,2009-11-12,02:00,1610612749,MIL,108,1610612743,DEN,102,,,,False
2009-2010,2010,0020900116,20091111/PORMIN,Final,2009-11-12,02:00,1610612750,MIN,84,1610612757,POR,107,,,,False
2009-2010,2010,0020900117,20091111/CLEORL,Final,2009-11-12,02:00,1610612753,ORL,93,1610612739,CLE,102,,,,False
2009-2010,2010,0020900118,20091111/MEMHOU,Final,2009-11-12,02:30,1610612745,HOU,104,1610612763,MEM,79,,,,False
2009-2010,2010,0020900119,20091111/DALSAS,Final,2009-11-12,02:30,1610612759,SAS,92,1610612742,DAL,83,,,,False
2009-2010,2010,0020900120,20091111/OKCLAC,Final,2009-11-12,04:30,1610612746,LAC,79,1610612760,OKC,83,,,,False
2009-2010,2010,0020900121,20091111/NOHPHX,Final,2009-11-12,04:30,1610612756,PHX,124,1610612740,NOH,104,,,,False
2009-2010,2010,0020900122,20091112/CLEMIA,Final,2009-11-13,02:00,1610612748,MIA,104,1610612739,CLE,111,,,,False
2009-2010,2010,0020900123,20091112/PHXLAL,Final,2009-11-13,04:30,1610612747,LAL,121,1610612756,PHX,102,,,,False
2009-2010,2010,0020900124,20091113/NJNORL,Final,2009-11-14,01:00,1610612753,ORL,88,1610612751,NJN,72,,,,False
2009-2010,2010,0020900125,20091113/UTAPHI,Final,2009-11-14,01:00,1610612755,PHI,90,1610612762,UTA,112,,,,False
2009-2010,2010,0020900126,20091113/GSWNYK,Final,2009-11-14,01:30,1610612752,NYK,107,1610612744,GSW,121,,,,False
2009-2010,2010,0020900127,20091113/ATLBOS,Final,2009-11-14,02:00,1610612738,BOS,86,1610612737,ATL,97,,,,False
2009-2010,2010,0020900128,20091113/DALMIN,Final,2009-11-14,02:00,1610612750,MIN,77,1610612742,DAL,89,,,,False
2009-2010,2010,0020900129,20091113/PORNOH,Final,2009-11-14,02:00,1610612740,NOH,78,1610612757,POR,86,,,,False
2009-2010,2010,0020900130,20091113/HOUSAC,Final,2009-11-14,04:00,1610612758,SAC,109,1610612745,HOU,100,,,,False
2009-2010,2010,0020900131,20091113/LALDEN,Final,2009-11-14,04:30,1610612743,DEN,105,1610612747,LAL,79,,,,False
2009-2010,2010,0020900132,20091113/TORLAC,Final,2009-11-14,04:30,1610612746,LAC,89,1610612761,TOR,104,,,,False
2009-2010,2010,0020900133,20091114/NOHATL,Final,2009-11-15,01:00,1610612737,ATL,121,1610612740,NOH,98,,,,False
2009-2010,2010,0020900134,20091114/PORCHA,Final,2009-11-15,01:00,1610612766,CHA,74,1610612757,POR,80,,,,False
2009-2010,2010,0020900135,20091114/BOSIND,Final,2009-11-15,01:00,1610612754,IND,113,1610612738,BOS,104,,,,False
2009-2010,2010,0020900136,20091114/DETWAS,Final,2009-11-15,01:00,1610612764,WAS,103,1610612765,DET,106,,,,False
2009-2010,2010,0020900137,20091114/UTACLE,Final,2009-11-15,01:30,1610612739,CLE,107,1610612762,UTA,103,,,,False
2009-2010,2010,0020900138,20091114/NJNMIA,Final,2009-11-15,01:30,1610612748,MIA,81,1610612751,NJN,80,,,,False
2009-2010,2010,0020900139,20091114/PHICHI,Final,2009-11-15,02:00,1610612741,CHI,94,1610612755,PHI,88,,,,False
2009-2010,2010,0020900140,20091114/MINMEM,Final,2009-11-15,02:00,1610612763,MEM,97,1610612750,MIN,87,,,,False
2009-2010,2010,0020900141,20091114/GSWMIL,Final,2009-11-15,02:30,1610612749,MIL,129,1610612744,GSW,125,,,,False
2009-2010,2010,0020900142,20091114/OKCSAS,Final,2009-11-15,02:30,1610612759,SAS,98,1610612760,OKC,101,,,,False
2009-2010,2010,0020900143,20091115/DALDET,Final,2009-11-16,00:00,1610612765,DET,90,1610612742,DAL,95,,,,False
2009-2010,2010,0020900144,20091115/LACOKC,Final,2009-11-16,01:00,1610612760,OKC,93,1610612746,LAC,101,,,,False
2009-2010,2010,0020900145,20091115/TORPHX,Final,2009-11-16,02:00,1610612756,PHX,101,1610612761,TOR,100,,,,False
2009-2010,2010,0020900146,20091115/HOULAL,Final,2009-11-16,03:30,1610612747,LAL,91,1610612745,HOU,101,,,,False
2009-2010,2010,0020900147,20091116/PORATL,Final/OT,2009-11-17,01:00,1610612737,ATL,99,1610612757,POR,95,,,,False
2009-2010,2010,0020900148,20091116/CHAORL,Final,2009-11-17,01:00,1610612753,ORL,97,1610612766,CHA,91,,,,False
2009-2010,2010,0020900149,20091116/DALMIL,Final/OT,2009-11-17,02:00,1610612749,MIL,113,1610612742,DAL,115,,,,False
2009-2010,2010,0020900150,20091117/GSWCLE,Final,2009-11-18,01:00,1610612739,CLE,114,1610612744,GSW,108,,,,False
2009-2010,2010,0020900151,20091117/OKCMIA,Final,2009-11-18,01:30,1610612748,MIA,87,1610612760,OKC,100,,,,False
2009-2010,2010,0020900152,20091117/INDNJN,Final,2009-11-18,01:30,1610612751,NJN,83,1610612754,IND,91,,,,False
2009-2010,2010,0020900153,20091117/LACNOH,Final,2009-11-18,02:00,1610612740,NOH,110,1610612746,LAC,102,,,,False
2009-2010,2010,0020900154,20091117/PHXHOU,Final,2009-11-18,02:30,1610612745,HOU,105,1610612756,PHX,111,,,,False
2009-2010,2010,0020900155,20091117/TORDEN,Final,2009-11-18,03:00,1610612743,DEN,130,1610612761,TOR,112,,,,False
2009-2010,2010,0020900156,20091117/CHISAC,Final,2009-11-18,04:00,1610612758,SAC,87,1610612741,CHI,101,,,,False
2009-2010,2010,0020900157,20091117/DETLAL,Final,2009-11-18,04:30,1610612747,LAL,106,1610612765,DET,93,,,,False
2009-2010,2010,0020900158,20091118/MIAATL,Final,2009-11-19,01:00,1610612737,ATL,105,1610612748,MIA,90,,,,False
2009-2010,2010,0020900159,20091118/NYKIND,Final,2009-11-19,01:00,1610612754,IND,103,1610612752,NYK,110,,,,False
2009-2010,2010,0020900160,20091118/OKCORL,Final,2009-11-19,01:00,1610612753,ORL,108,1610612760,OKC,94,,,,False
2009-2010,2010,0020900161,20091118/CHAPHI,Final,2009-11-19,01:00,1610612755,PHI,86,1610612766,CHA,84,,,,False
2009-2010,2010,0020900162,20091118/CLEWAS,Final,2009-11-19,01:00,1610612764,WAS,108,1610612739,CLE,91,,,,False
2009-2010,2010,0020900163,20091118/GSWBOS,Final,2009-11-19,01:30,1610612738,BOS,109,1610612744,GSW,95,,,,False
2009-2010,2010,0020900164,20091118/LACMEM,Final,2009-11-19,02:00,1610612763,MEM,106,1610612746,LAC,91,,,,False
2009-2010,2010,0020900165,20091118/NJNMIL,Final,2009-11-19,02:00,1610612749,MIL,99,1610612751,NJN,85,,,,False
2009-2010,2010,0020900166,20091118/HOUMIN,Final,2009-11-19,02:00,1610612750,MIN,84,1610612745,HOU,97,,,,False
2009-2010,2010,0020900167,20091118/TORUTA,Final,2009-11-19,03:00,1610612762,UTA,104,1610612761,TOR,91,,,,False
2009-2010,2010,0020900168,20091118/SASDAL,Final/OT,2009-11-19,03:30,1610612742,DAL,99,1610612759,SAS,94,,,,False
2009-2010,2010,0020900169,20091118/DETPOR,Final,2009-11-19,04:00,1610612757,POR,87,1610612765,DET,81,,,,False
2009-2010,2010,0020900170,20091119/PHXNOH,Final,2009-11-20,02:00,1610612740,NOH,110,1610612756,PHX,103,,,,False
2009-2010,2010,0020900171,20091119/UTASAS,Final,2009-11-20,02:30,1610612759,SAS,83,1610612762,UTA,90,,,,False
2009-2010,2010,0020900172,20091119/CHILAL,Final,2009-11-20,04:30,1610612747,LAL,108,1610612741,CHI,93,,,,False
2009-2010,2010,0020900173,20091120/CLEIND,Final,2009-11-21,01:00,1610612754,IND,95,1610612739,CLE,105,,,,False
2009-2010,2010,0020900174,20091120/MEMPHI,Final,2009-11-21,01:00,1610612755,PHI,97,1610612763,MEM,102,,,,False
2009-2010,2010,0020900175,20091120/MIATOR,Final,2009-11-21,01:00,1610612761,TOR,120,1610612748,MIA,113,,,,False
2009-2010,2010,0020900176,20091120/HOUATL,Final,2009-11-21,01:30,1610612737,ATL,105,1610612745,HOU,103,,,,False
2009-2010,2010,0020900177,20091120/ORLBOS,Final,2009-11-21,02:00,1610612738,BOS,78,1610612753,ORL,83,,,,False
2009-2010,2010,0020900178,20091120/WASOKC,Final,2009-11-21,02:00,1610612760,OKC,127,1610612764,WAS,108,,,,False
2009-2010,2010,0020900179,20091120/SACDAL,Final,2009-11-21,02:30,1610612742,DAL,104,1610612758,SAC,102,,,,False
2009-2010,2010,0020900180,20091120/CHAMIL,Final,2009-11-21,02:30,1610612749,MIL,95,1610612766,CHA,88,,,,False
2009-2010,2010,0020900181,20091120/PORGSW,Final,2009-11-21,04:30,1610612744,GSW,108,1610612757,POR,94,,,,False
2009-2010,2010,0020900182,20091120/DENLAC,Final,2009-11-21,04:30,1610612746,LAC,106,1610612743,DEN,99,,,,False
2009-2010,2010,0020900183,20091121/NYKNJN,Final,2009-11-21,19:00,1610612751,NJN,91,1610612752,NYK,98,,,,False
2009-2010,2010,0020900184,20091121/PHICLE,Final,2009-11-22,01:30,1610612739,CLE,97,1610612755,PHI,91,,,,False
2009-2010,2010,0020900185,20091121/MILMEM,Final,2009-11-22,02:00,1610612763,MEM,98,1610612749,MIL,103,,,,False
2009-2010,2010,0020900186,20091121/ATLNOH,Final,2009-11-22,02:00,1610612740,NOH,96,1610612737,ATL,88,,,,False
2009-2010,2010,0020900187,20091121/SACHOU,Final,2009-11-22,02:30,1610612745,HOU,113,1610612758,SAC,106,,,,False
2009-2010,2010,0020900188,20091121/WASSAS,Final,2009-11-22,02:30,1610612759,SAS,106,1610612764,WAS,84,,,,False
2009-2010,2010,0020900189,20091121/CHIDEN,Final,2009-11-22,03:00,1610612743,DEN,112,1610612741,CHI,93,,,,False
2009-2010,2010,0020900190,20091121/DETUTA,Final/OT,2009-11-22,03:00,1610612762,UTA,100,1610612765,DET,97,,,,False
2009-2010,2010,0020900191,20091121/MINPOR,Final,2009-11-22,04:00,1610612757,POR,106,1610612750,MIN,78,,,,False
2009-2010,2010,0020900192,20091122/ORLTOR,Final,2009-11-22,18:30,1610612761,TOR,96,1610612753,ORL,104,,,,False
2009-2010,2010,0020900193,20091122/BOSNYK,Final/OT,2009-11-22,19:00,1610612752,NYK,105,1610612738,BOS,107,,,,False
2009-2010,2010,0020900194,20091122/INDCHA,Final,2009-11-22,23:00,1610612766,CHA,104,1610612754,IND,88,,,,False
2009-2010,2010,0020900195,20091122/NOHMIA,Final,2009-11-23,00:00,1610612748,MIA,102,1610612740,NOH,101,,,,False
2009-2010,2010,0020900196,20091122/DETPHX,Final,2009-11-23,02:00,1610612756,PHX,117,1610612765,DET,91,,,,False
2009-2010,2010,0020900197,20091122/OKCLAL,Final,2009-11-23,03:30,1610612747,LAL,101,1610612760,OKC,85,,,,False
2009-2010,2010,0020900198,20091123/SACMEM,Final,2009-11-24,02:00,1610612763,MEM,116,1610612758,SAC,105,,,,False
2009-2010,2010,0020900199,20091123/MILSAS,Final,2009-11-24,02:30,1610612759,SAS,112,1610612749,MIL,98,,,,False
2009-2010,2010,0020900200,20091123/CHIPOR,Final,2009-11-24,04:00,1610612757,POR,122,1610612741,CHI,98,,,,False
2009-2010,2010,0020900201,20091123/MINLAC,Final,2009-11-24,04:30,1610612746,LAC,91,1610612750,MIN,87,,,,False
2009-2010,2010,0020900202,20091124/INDTOR,Final,2009-11-25,01:00,1610612761,TOR,123,1610612754,IND,112,,,,False
2009-2010,2010,0020900203,20091124/PHIWAS,Final,2009-11-25,01:00,1610612764,WAS,108,1610612755,PHI,107,,,,False
2009-2010,2010,0020900204,20091124/GSWDAL,Final,2009-11-25,02:30,1610612742,DAL,103,1610612744,GSW,111,,,,False
2009-2010,2010,0020900205,20091124/NJNDEN,Final,2009-11-25,03:00,1610612743,DEN,101,1610612751,NJN,87,,,,False
2009-2010,2010,0020900206,20091124/OKCUTA,Final,2009-11-25,03:00,1610612762,UTA,94,1610612760,OKC,104,,,,False
2009-2010,2010,0020900207,20091124/NYKLAL,Final,2009-11-25,04:30,1610612747,LAL,100,1610612752,NYK,90,,,,False
2009-2010,2010,0020900208,20091125/TORCHA,Final,2009-11-26,01:00,1610612766,CHA,116,1610612761,TOR,81,,,,False
2009-2010,2010,0020900209,20091125/LACIND,Final,2009-11-26,01:00,1610612754,IND,86,1610612746,LAC,73,,,,False
2009-2010,2010,0020900210,20091125/PHIBOS,Final,2009-11-26,01:30,1610612738,BOS,113,1610612755,PHI,110,,,,False
2009-2010,2010,0020900211,20091125/MIAORL,Final,2009-11-26,01:30,1610612753,ORL,98,1610612748,MIA,99,,,,False
2009-2010,2010,0020900212,20091125/CLEDET,Final,2009-11-26,02:00,1610612765,DET,88,1610612739,CLE,98,,,,False
2009-2010,2010,0020900213,20091125/DENMIN,Final,2009-11-26,02:00,1610612750,MIN,111,1610612743,DEN,124,,,,False
2009-2010,2010,0020900214,20091125/MILNOH,Final/OT,2009-11-26,02:00,1610612740,NOH,102,1610612749,MIL,99,,,,False
2009-2010,2010,0020900215,20091125/DALHOU,Final,2009-11-26,02:30,1610612745,HOU,99,1610612742,DAL,130,,,,False
2009-2010,2010,0020900216,20091125/GSWSAS,Final,2009-11-26,02:30,1610612759,SAS,118,1610612744,GSW,104,,,,False
2009-2010,2010,0020900217,20091125/MEMPHX,Final,2009-11-26,03:00,1610612756,PHX,126,1610612763,MEM,111,,,,False
2009-2010,2010,0020900218,20091125/NJNPOR,Final,2009-11-26,04:00,1610612757,POR,93,1610612751,NJN,83,,,,False
2009-2010,2010,0020900219,20091125/NYKSAC,Final,2009-11-26,04:00,1610612758,SAC,111,1610612752,NYK,97,,,,False
2009-2010,2010,0020900220,20091126/ORLATL,Final,2009-11-27,02:00,1610612737,ATL,76,1610612753,ORL,93,,,,False
2009-2010,2010,0020900221,20091126/CHIUTA,Final,2009-11-27,04:30,1610612762,UTA,105,1610612741,CHI,86,,,,False
2009-2010,2010,0020900222,20091127/CLECHA,Final,2009-11-28,01:00,1610612766,CHA,94,1610612739,CLE,87,,,,False
2009-2010,2010,0020900223,20091127/WASMIA,Final,2009-11-28,01:00,1610612748,MIA,84,1610612764,WAS,94,,,,False
2009-2010,2010,0020900224,20091127/ATLPHI,Final,2009-11-28,01:30,1610612755,PHI,86,1610612737,ATL,100,,,,False
2009-2010,2010,0020900225,20091127/TORBOS,Final,2009-11-28,01:30,1610612738,BOS,116,1610612761,TOR,103,,,,False
2009-2010,2010,0020900226,20091127/LACDET,Final,2009-11-28,02:00,1610612765,DET,96,1610612746,LAC,104,,,,False
2009-2010,2010,0020900227,20091127/DALIND,Final,2009-11-28,02:00,1610612754,IND,92,1610612742,DAL,113,,,,False
2009-2010,2010,0020900228,20091127/MILOKC,Final,2009-11-28,03:30,1610612760,OKC,108,1610612749,MIL,90,,,,False
2009-2010,2010,0020900229,20091127/SASHOU,Final,2009-11-28,02:30,1610612745,HOU,84,1610612759,SAS,92,,,,False
2009-2010,2010,0020900230,20091127/NYKDEN,Final,2009-11-28,03:00,1610612743,DEN,128,1610612752,NYK,125,,,,False
2009-2010,2010,0020900231,20091127/PHXMIN,Final,2009-11-28,03:30,1610612750,MIN,95,1610612756,PHX,120,,,,False
2009-2010,2010,0020900232,20091127/MEMPOR,Final,2009-11-28,04:00,1610612757,POR,96,1610612763,MEM,106,,,,False
2009-2010,2010,0020900233,20091127/NJNSAC,Final,2009-11-28,04:00,1610612758,SAC,109,1610612751,NJN,96,,,,False
2009-2010,2010,0020900234,20091128/CHAWAS,Final,2009-11-29,01:00,1610612764,WAS,76,1610612766,CHA,92,,,,False
2009-2010,2010,0020900235,20091128/DALCLE,Final,2009-11-29,01:30,1610612739,CLE,111,1610612742,DAL,95,,,,False
2009-2010,2010,0020900236,20091128/ORLMIL,Final,2009-11-29,03:00,1610612749,MIL,98,1610612753,ORL,100,,,,False
2009-2010,2010,0020900237,20091128/PORUTA,Final,2009-11-29,03:00,1610612762,UTA,108,1610612757,POR,92,,,,False
2009-2010,2010,0020900238,20091128/LALGSW,Final,2009-11-29,04:30,1610612744,GSW,97,1610612747,LAL,130,,,,False
2009-2010,2010,0020900239,20091129/ATLDET,Final,2009-11-29,19:00,1610612765,DET,94,1610612737,ATL,88,,,,False
2009-2010,2010,0020900241,20091129/PHXTOR,Final,2009-11-29,19:00,1610612761,TOR,94,1610612756,PHX,113,,,,False
2009-2010,2010,0020900240,20091129/MEMLAC,Final,2009-11-29,21:30,1610612746,LAC,98,1610612763,MEM,88,,,,False
2009-2010,2010,0020900242,20091129/BOSMIA,Final,2009-11-30,00:00,1610612748,MIA,85,1610612738,BOS,92,,,,False
2009-2010,2010,0020900243,20091129/ORLNYK,Final,2009-11-30,00:00,1610612752,NYK,102,1610612753,ORL,114,,,,False
2009-2010,2010,0020900244,20091129/HOUOKC,Final,2009-11-30,01:00,1610612760,OKC,91,1610612745,HOU,100,,,,False
2009-2010,2010,0020900245,20091129/PHISAS,Final,2009-11-30,01:00,1610612759,SAS,97,1610612755,PHI,89,,,,False
2009-2010,2010,0020900246,20091129/MINDEN,Final,2009-11-30,02:00,1610612743,DEN,100,1610612750,MIN,106,,,,False
2009-2010,2010,0020900247,20091129/NOHSAC,Final,2009-11-30,03:00,1610612758,SAC,112,1610612740,NOH,96,,,,False
2009-2010,2010,0020900248,20091129/NJNLAL,Final,2009-11-30,03:30,1610612747,LAL,106,1610612751,NJN,87,,,,False
2009-2010,2010,0020900249,20091130/CHIMIL,Final,2009-12-01,02:00,1610612749,MIL,99,1610612741,CHI,97,,,,False
2009-2010,2010,0020900250,20091130/PHIDAL,Final,2009-12-01,02:30,1610612742,DAL,104,1610612755,PHI,102,,,,False
2009-2010,2010,0020900251,20091130/MEMUTA,Final,2009-12-01,03:00,1610612762,UTA,120,1610612763,MEM,93,,,,False
2009-2010,2010,0020900252,20091130/INDGSW,Final,2009-12-01,04:30,1610612744,GSW,126,1610612754,IND,107,,,,False
2009-2010,2010,0020900253,20091201/BOSCHA,Final,2009-12-02,01:00,1610612766,CHA,90,1610612738,BOS,108,,,,False
2009-2010,2010,0020900254,20091201/WASTOR,Final,2009-12-02,01:00,1610612761,TOR,102,1610612764,WAS,106,,,,False
2009-2010,2010,0020900255,20091201/PHXNYK,Final,2009-12-02,01:30,1610612752,NYK,126,1610612756,PHX,99,,,,False
2009-2010,2010,0020900256,20091201/GSWDEN,Final,2009-12-02,03:00,1610612743,DEN,135,1610612744,GSW,107,,,,False
2009-2010,2010,0020900257,20091201/MIAPOR,Final,2009-12-02,04:00,1610612757,POR,100,1610612748,MIA,107,,,,False
2009-2010,2010,0020900258,20091201/NOHLAL,Final,2009-12-02,04:30,1610612747,LAL,110,1610612740,NOH,99,,,,False
2009-2010,2010,0020900259,20091202/TORATL,Final,2009-12-03,01:00,1610612737,ATL,146,1610612761,TOR,115,,,,False
2009-2010,2010,0020900260,20091202/PHXCLE,Final,2009-12-03,01:00,1610612739,CLE,107,1610612756,PHX,90,,,,False
2009-2010,2010,0020900261,20091202/NYKORL,Final,2009-12-03,01:00,1610612753,ORL,118,1610612752,NYK,104,,,,False
2009-2010,2010,0020900262,20091202/MILWAS,Final,2009-12-03,01:00,1610612764,WAS,104,1610612749,MIL,102,,,,False
2009-2010,2010,0020900263,20091202/DALNJN,Final,2009-12-03,01:30,1610612751,NJN,101,1610612742,DAL,117,,,,False
2009-2010,2010,0020900264,20091202/DETCHI,Final,2009-12-03,02:00,1610612741,CHI,92,1610612765,DET,85,,,,False
2009-2010,2010,0020900265,20091202/MEMMIN,Final,2009-12-03,02:00,1610612750,MIN,95,1610612763,MEM,97,,,,False
2009-2010,2010,0020900266,20091202/PHIOKC,Final,2009-12-03,02:00,1610612760,OKC,117,1610612755,PHI,106,,,,False
2009-2010,2010,0020900267,20091202/INDSAC,Final,2009-12-03,04:00,1610612758,SAC,110,1610612754,IND,105,,,,False
2009-2010,2010,0020900268,20091202/HOULAC,Final,2009-12-03,04:30,1610612746,LAC,85,1610612745,HOU,102,,,,False
2009-2010,2010,0020900269,20091203/BOSSAS,Final,2009-12-04,02:00,1610612759,SAS,83,1610612738,BOS,90,,,,False
2009-2010,2010,0020900270,20091203/MIADEN,Final,2009-12-04,04:30,1610612743,DEN,114,1610612748,MIA,96,,,,False
2009-2010,2010,0020900271,20091203/HOUGSW,Final,2009-12-04,04:30,1610612744,GSW,109,1610612745,HOU,111,,,,False
2009-2010,2010,0020900272,20091204/TORWAS,Final/OT,2009-12-05,01:00,1610612764,WAS,107,1610612761,TOR,109,,,,False
2009-2010,2010,0020900273,20091204/NYKATL,Final,2009-12-05,01:30,1610612737,ATL,107,1610612752,NYK,114,,,,False
2009-2010,2010,0020900274,20091204/CHICLE,Final,2009-12-05,02:00,1610612739,CLE,101,1610612741,CHI,87,,,,False
2009-2010,2010,0020900275,20091204/MILDET,Final,2009-12-05,02:00,1610612765,DET,105,1610612749,MIL,96,,,,False
2009-2010,2010,0020900276,20091204/DALMEM,Final,2009-12-05,02:00,1610612763,MEM,98,1610612742,DAL,82,,,,False
2009-2010,2010,0020900277,20091204/CHANJN,Final,2009-12-05,02:00,1610612751,NJN,97,1610612766,CHA,91,,,,False
2009-2010,2010,0020900278,20091204/MINNOH,Final,2009-12-05,02:00,1610612740,NOH,98,1610612750,MIN,89,,,,False
2009-2010,2010,0020900279,20091204/BOSOKC,Final,2009-12-05,02:00,1610612760,OKC,87,1610612738,BOS,105,,,,False
2009-2010,2010,0020900280,20091204/INDUTA,Final,2009-12-05,03:00,1610612762,UTA,96,1610612754,IND,87,,,,False
2009-2010,2010,0020900281,20091204/MIALAL,Final,2009-12-05,04:30,1610612747,LAL,108,1610612748,MIA,107,,,,False
2009-2010,2010,0020900282,20091205/PHICHA,Final,2009-12-06,01:00,1610612766,CHA,106,1610612755,PHI,105,,,,False
2009-2010,2010,0020900283,20091205/TORCHI,Final,2009-12-06,02:00,1610612741,CHI,78,1610612761,TOR,110,,,,False
2009-2010,2010,0020900284,20091205/UTAMIN,Final,2009-12-06,02:00,1610612750,MIN,108,1610612762,UTA,101,,,,False
2009-2010,2010,0020900285,20091205/DENSAS,Final,2009-12-06,02:30,1610612759,SAS,99,1610612743,DEN,106,,,,False
2009-2010,2010,0020900286,20091205/ATLDAL,Final,2009-12-06,03:00,1610612742,DAL,75,1610612737,ATL,80,,,,False
2009-2010,2010,0020900287,20091205/SACPHX,Final,2009-12-06,03:00,1610612756,PHX,115,1610612758,SAC,107,,,,False
2009-2010,2010,0020900288,20091205/HOUPOR,Final,2009-12-06,04:00,1610612757,POR,90,1610612745,HOU,89,,,,False
2009-2010,2010,0020900289,20091205/ORLGSW,Final,2009-12-06,04:30,1610612744,GSW,118,1610612753,ORL,126,,,,False
2009-2010,2010,0020900290,20091205/INDLAC,Final,2009-12-06,04:30,1610612746,LAC,88,1610612754,IND,72,,,,False
2009-2010,2010,0020900291,20091206/NJNNYK,Final,2009-12-06,18:00,1610612752,NYK,106,1610612751,NJN,97,,,,False
2009-2010,2010,0020900292,20091206/CLEMIL,Final,2009-12-06,21:00,1610612749,MIL,86,1610612739,CLE,101,,,,False
2009-2010,2010,0020900293,20091206/WASDET,Final,2009-12-07,00:00,1610612765,DET,98,1610612764,WAS,94,,,,False
2009-2010,2010,0020900294,20091206/MIASAC,Final,2009-12-07,03:00,1610612758,SAC,102,1610612748,MIA,115,,,,False
2009-2010,2010,0020900295,20091206/PHXLAL,Final,2009-12-07,03:30,1610612747,LAL,108,1610612756,PHX,88,,,,False
2009-2010,2010,0020900296,20091207/DENPHI,Final,2009-12-08,01:00,1610612755,PHI,83,1610612743,DEN,93,,,,False
2009-2010,2010,0020900297,20091207/PORNYK,Final,2009-12-08,01:30,1610612752,NYK,93,1610612757,POR,84,,,,False
2009-2010,2010,0020900298,20091207/GSWOKC,Final,2009-12-08,02:00,1610612760,OKC,104,1610612744,GSW,88,,,,False
2009-2010,2010,0020900299,20091207/SASUTA,Final,2009-12-08,03:00,1610612762,UTA,104,1610612759,SAS,101,,,,False
2009-2010,2010,0020900300,20091208/DENCHA,Final,2009-12-09,01:00,1610612766,CHA,107,1610612743,DEN,95,,,,False
2009-2010,2010,0020900301,20091208/MINTOR,Final,2009-12-09,01:00,1610612761,TOR,94,1610612750,MIN,88,,,,False
2009-2010,2010,0020900302,20091208/MILBOS,Final,2009-12-09,01:30,1610612738,BOS,98,1610612749,MIL,89,,,,False
2009-2010,2010,0020900303,20091208/NJNCHI,Final,2009-12-09,02:00,1610612741,CHI,101,1610612751,NJN,103,,,,False
2009-2010,2010,0020900304,20091208/CLEMEM,Final/OT,2009-12-09,02:00,1610612763,MEM,111,1610612739,CLE,109,,,,False
2009-2010,2010,0020900305,20091208/SACNOH,Final,2009-12-09,02:00,1610612740,NOH,96,1610612758,SAC,94,,,,False
2009-2010,2010,0020900306,20091208/PHXDAL,Final,2009-12-09,02:30,1610612742,DAL,102,1610612756,PHX,101,,,,False
2009-2010,2010,0020900307,20091208/ORLLAC,Final,2009-12-09,04:30,1610612746,LAC,86,1610612753,ORL,97,,,,False
2009-2010,2010,0020900308,20091209/CHIATL,Final,2009-12-10,01:00,1610612737,ATL,118,1610612741,CHI,83,,,,False
2009-2010,2010,0020900309,20091209/PORIND,Final,2009-12-10,01:00,1610612754,IND,91,1610612757,POR,102,,,,False
2009-2010,2010,0020900310,20091209/DETPHI,Final,2009-12-10,01:00,1610612755,PHI,86,1610612765,DET,90,,,,False
2009-2010,2010,0020900311,20091209/GSWNJN,Final,2009-12-10,01:30,1610612751,NJN,89,1610612744,GSW,105,,,,False
2009-2010,2010,0020900312,20091209/TORMIL,Final,2009-12-10,02:00,1610612749,MIL,117,1610612761,TOR,95,,,,False
2009-2010,2010,0020900313,20091209/NOHMIN,Final,2009-12-10,02:00,1610612750,MIN,96,1610612740,NOH,97,,,,False
2009-2010,2010,0020900314,20091209/CLEHOU,Final,2009-12-10,02:30,1610612745,HOU,95,1610612739,CLE,85,,,,False
2009-2010,2010,0020900315,20091209/SACSAS,Final,2009-12-10,02:30,1610612759,SAS,118,1610612758,SAC,106,,,,False
2009-2010,2010,0020900316,20091209/UTALAL,Final,2009-12-10,04:30,1610612747,LAL,101,1610612762,UTA,77,,,,False
2009-2010,2010,0020900317,20091210/DENDET,Final,2009-12-11,01:30,1610612765,DET,101,1610612743,DEN,99,,,,False
2009-2010,2010,0020900318,20091210/BOSWAS,Final,2009-12-11,02:00,1610612764,WAS,102,1610612738,BOS,104,,,,False
2009-2010,2010,0020900319,20091210/ORLUTA,Final,2009-12-11,04:30,1610612762,UTA,120,1610612753,ORL,111,,,,False
2009-2010,2010,0020900320,20091211/NJNIND,Final,2009-12-12,01:00,1610612754,IND,107,1610612751,NJN,91,,,,False
2009-2010,2010,0020900321,20091211/HOUPHI,Final,2009-12-12,01:00,1610612755,PHI,91,1610612745,HOU,96,,,,False
2009-2010,2010,0020900322,20091211/ATLTOR,Final,2009-12-12,01:00,1610612761,TOR,89,1610612737,ATL,111,,,,False
2009-2010,2010,0020900323,20091211/DALMIA,Final,2009-12-12,01:30,1610612748,MIA,93,1610612742,DAL,106,,,,False
2009-2010,2010,0020900324,20091211/GSWCHI,Final/OT,2009-12-12,02:00,1610612741,CHI,96,1610612744,GSW,91,,,,False
2009-2010,2010,0020900325,20091211/PORCLE,Final,2009-12-12,02:00,1610612739,CLE,104,1610612757,POR,99,,,,False
2009-2010,2010,0020900326,20091211/OKCMEM,Final,2009-12-12,02:00,1610612763,MEM,94,1610612760,OKC,102,,,,False
2009-2010,2010,0020900327,20091211/NYKNOH,Final,2009-12-12,02:00,1610612740,NOH,96,1610612752,NYK,113,,,,False
2009-2010,2010,0020900328,20091211/CHASAS,Final,2009-12-12,02:30,1610612759,SAS,104,1610612766,CHA,85,,,,False
2009-2010,2010,0020900329,20091211/MINLAL,Final,2009-12-12,04:30,1610612747,LAL,104,1610612750,MIN,92,,,,False
2009-2010,2010,0020900330,20091211/ORLPHX,Final,2009-12-12,04:30,1610612756,PHX,106,1610612753,ORL,103,,,,False
2009-2010,2010,0020900331,20091212/INDWAS,Final,2009-12-13,01:00,1610612764,WAS,113,1610612754,IND,114,,,,False
2009-2010,2010,0020900332,20091212/GSWDET,Final,2009-12-13,01:30,1610612765,DET,104,1610612744,GSW,95,,,,False
2009-2010,2010,0020900333,20091212/BOSCHI,Final,2009-12-13,02:00,1610612741,CHI,80,1610612738,BOS,106,,,,False
2009-2010,2010,0020900334,20091212/CHADAL,Final/OT,2009-12-13,02:30,1610612742,DAL,98,1610612766,CHA,97,,,,False
2009-2010,2010,0020900335,20091212/PORMIL,Final/OT2,2009-12-13,02:30,1610612749,MIL,108,1610612757,POR,101,,,,False
2009-2010,2010,0020900336,20091212/PHXDEN,Final,2009-12-13,03:00,1610612743,DEN,105,1610612756,PHX,99,,,,False
2009-2010,2010,0020900337,20091212/LALUTA,Final,2009-12-13,03:00,1610612762,UTA,102,1610612747,LAL,94,,,,False
2009-2010,2010,0020900338,20091212/MINSAC,Final,2009-12-13,04:00,1610612758,SAC,120,1610612750,MIN,100,,,,False
2009-2010,2010,0020900339,20091213/HOUTOR,Final,2009-12-13,18:30,1610612761,TOR,101,1610612745,HOU,88,,,,False
2009-2010,2010,0020900340,20091213/NJNATL,Final,2009-12-13,23:00,1610612737,ATL,130,1610612751,NJN,107,,,,False
2009-2010,2010,0020900341,20091213/MEMMIA,Final,2009-12-14,00:00,1610612748,MIA,90,1610612763,MEM,118,,,,False
2009-2010,2010,0020900342,20091213/CLEOKC,Final,2009-12-14,01:00,1610612760,OKC,89,1610612739,CLE,102,,,,False
2009-2010,2010,0020900343,20091213/SASLAC,Final,2009-12-14,03:30,1610612746,LAC,90,1610612759,SAS,115,,,,False
2009-2010,2010,0020900344,20091214/INDORL,Final,2009-12-15,01:00,1610612753,ORL,106,1610612754,IND,98,,,,False
2009-2010,2010,0020900345,20091214/GSWPHI,Final,2009-12-15,01:00,1610612755,PHI,117,1610612744,GSW,101,,,,False
2009-2010,2010,0020900346,20091214/BOSMEM,Final,2009-12-15,02:00,1610612763,MEM,105,1610612738,BOS,110,,,,False
2009-2010,2010,0020900347,20091214/NOHDAL,Final,2009-12-15,02:30,1610612742,DAL,94,1610612740,NOH,90,,,,False
2009-2010,2010,0020900348,20091214/OKCDEN,Final,2009-12-15,03:00,1610612743,DEN,102,1610612760,OKC,93,,,,False
2009-2010,2010,0020900349,20091214/MINUTA,Final,2009-12-15,03:00,1610612762,UTA,108,1610612750,MIN,110,,,,False
2009-2010,2010,0020900350,20091214/WASLAC,Final,2009-12-15,04:30,1610612746,LAC,97,1610612764,WAS,95,,,,False
2009-2010,2010,0020900351,20091215/NYKCHA,Final,2009-12-16,01:00,1610612766,CHA,94,1610612752,NYK,87,,,,False
2009-2010,2010,0020900352,20091215/NJNCLE,Final,2009-12-16,01:00,1610612739,CLE,99,1610612751,NJN,89,,,,False
2009-2010,2010,0020900353,20091215/TORMIA,Final,2009-12-16,01:30,1610612748,MIA,115,1610612761,TOR,95,,,,False
2009-2010,2010,0020900354,20091215/LALCHI,Final,2009-12-16,02:00,1610612741,CHI,87,1610612747,LAL,96,,,,False
2009-2010,2010,0020900355,20091215/DETHOU,Final,2009-12-16,02:30,1610612745,HOU,107,1610612765,DET,96,,,,False
2009-2010,2010,0020900356,20091215/SASPHX,Final,2009-12-16,03:00,1610612756,PHX,116,1610612759,SAS,104,,,,False
2009-2010,2010,0020900357,20091215/SACPOR,Final,2009-12-16,04:00,1610612757,POR,95,1610612758,SAC,88,,,,False
2009-2010,2010,0020900358,20091216/MEMATL,Final,2009-12-17,01:00,1610612737,ATL,110,1610612763,MEM,97,,,,False
2009-2010,2010,0020900359,20091216/CHAIND,Final,2009-12-17,01:00,1610612754,IND,101,1610612766,CHA,98,,,,False
2009-2010,2010,0020900360,20091216/TORORL,Final,2009-12-17,01:00,1610612753,ORL,118,1610612761,TOR,99,,,,False
2009-2010,2010,0020900361,20091216/CLEPHI,Final,2009-12-17,01:00,1610612755,PHI,101,1610612739,CLE,108,,,,False
2009-2010,2010,0020900362,20091216/UTANJN,Final,2009-12-17,01:30,1610612751,NJN,92,1610612762,UTA,108,,,,False
2009-2010,2010,0020900363,20091216/LALMIL,Final/OT,2009-12-17,02:00,1610612749,MIL,106,1610612747,LAL,107,,,,False
2009-2010,2010,0020900364,20091216/LACMIN,Final,2009-12-17,02:00,1610612750,MIN,95,1610612746,LAC,120,,,,False
2009-2010,2010,0020900365,20091216/DETNOH,Final,2009-12-17,02:00,1610612740,NOH,95,1610612765,DET,87,,,,False
2009-2010,2010,0020900366,20091216/DALOKC,Final,2009-12-17,02:00,1610612760,OKC,86,1610612742,DAL,100,,,,False
2009-2010,2010,0020900367,20091216/HOUDEN,Final,2009-12-17,03:00,1610612743,DEN,111,1610612745,HOU,101,,,,False
2009-2010,2010,0020900368,20091216/WASSAC,Final,2009-12-17,04:30,1610612758,SAC,112,1610612764,WAS,109,,,,False
2009-2010,2010,0020900369,20091216/SASGSW,Final,2009-12-17,04:30,1610612744,GSW,91,1610612759,SAS,103,,,,False
2009-2010,2010,0020900370,20091217/NYKCHI,Final,2009-12-18,02:00,1610612741,CHI,98,1610612752,NYK,89,,,,False
2009-2010,2010,0020900371,20091217/ORLMIA,Final,2009-12-18,02:00,1610612748,MIA,104,1610612753,ORL,86,,,,False
2009-2010,2010,0020900372,20091217/PHXPOR,Final,2009-12-18,04:30,1610612757,POR,105,1610612756,PHX,102,,,,False
2009-2010,2010,0020900373,20091218/NJNTOR,Final,2009-12-19,01:00,1610612761,TOR,118,1610612751,NJN,95,,,,False
2009-2010,2010,0020900374,20091218/UTAATL,Final,2009-12-19,01:30,1610612737,ATL,96,1610612762,UTA,83,,,,False
2009-2010,2010,0020900375,20091218/PHIBOS,Final,2009-12-19,01:30,1610612738,BOS,97,1610612755,PHI,98,,,,False
2009-2010,2010,0020900376,20091218/MILCLE,Final,2009-12-19,02:00,1610612739,CLE,85,1610612749,MIL,82,,,,False
2009-2010,2010,0020900377,20091218/INDMEM,Final,2009-12-19,02:00,1610612763,MEM,107,1610612754,IND,94,,,,False
2009-2010,2010,0020900378,20091218/SACMIN,Final,2009-12-19,02:00,1610612750,MIN,112,1610612758,SAC,96,,,,False
2009-2010,2010,0020900379,20091218/DENNOH,Final,2009-12-19,02:00,1610612740,NOH,98,1610612743,DEN,92,,,,False
2009-2010,2010,0020900380,20091218/LACNYK,Final,2009-12-19,02:00,1610612752,NYK,95,1610612746,LAC,91,,,,False
2009-2010,2010,0020900381,20091218/DETOKC,Final,2009-12-19,02:00,1610612760,OKC,109,1610612765,DET,98,,,,False
2009-2010,2010,0020900382,20091218/HOUDAL,Final/OT,2009-12-19,02:30,1610612742,DAL,108,1610612745,HOU,116,,,,False
2009-2010,2010,0020900383,20091218/WASGSW,Final,2009-12-19,04:30,1610612744,GSW,109,1610612764,WAS,118,,,,False
2009-2010,2010,0020900384,20091219/UTACHA,Final,2009-12-20,01:00,1610612766,CHA,102,1610612762,UTA,110,,,,False
2009-2010,2010,0020900385,20091219/PORORL,Final,2009-12-20,01:00,1610612753,ORL,92,1610612757,POR,83,,,,False
2009-2010,2010,0020900386,20091219/LACPHI,Final/OT,2009-12-20,01:30,1610612755,PHI,107,1610612746,LAC,112,,,,False
2009-2010,2010,0020900387,20091219/ATLCHI,Final/OT,2009-12-20,02:00,1610612741,CHI,101,1610612737,ATL,98,,,,False
2009-2010,2010,0020900388,20091219/LALNJN,Final,2009-12-20,02:00,1610612751,NJN,84,1610612747,LAL,103,,,,False
2009-2010,2010,0020900389,20091219/OKCHOU,Final,2009-12-20,02:30,1610612745,HOU,95,1610612760,OKC,90,,,,False
2009-2010,2010,0020900390,20091219/SACMIL,Final,2009-12-20,02:30,1610612749,MIL,95,1610612758,SAC,96,,,,False
2009-2010,2010,0020900391,20091219/INDSAS,Final,2009-12-20,02:30,1610612759,SAS,100,1610612754,IND,99,,,,False
2009-2010,2010,0020900392,20091219/WASPHX,Final,2009-12-20,03:00,1610612756,PHX,121,1610612764,WAS,95,,,,False
2009-2010,2010,0020900393,20091220/NOHTOR,Final,2009-12-20,18:30,1610612761,TOR,98,1610612740,NOH,92,,,,False
2009-2010,2010,0020900394,20091220/DENMEM,Final,2009-12-20,22:00,1610612763,MEM,102,1610612743,DEN,96,,,,False
2009-2010,2010,0020900395,20091220/MINBOS,Final,2009-12-21,00:00,1610612738,BOS,122,1610612750,MIN,104,,,,False
2009-2010,2010,0020900396,20091220/LALDET,Final,2009-12-21,00:00,1610612765,DET,81,1610612747,LAL,93,,,,False
2009-2010,2010,0020900397,20091220/PORMIA,Final,2009-12-21,00:00,1610612748,MIA,95,1610612757,POR,102,,,,False
2009-2010,2010,0020900398,20091220/CLEDAL,Final,2009-12-21,01:30,1610612742,DAL,102,1610612739,CLE,95,,,,False
2009-2010,2010,0020900399,20091220/CHANYK,Final,2009-12-21,01:30,1610612752,NYK,98,1610612766,CHA,94,,,,False
2009-2010,2010,0020900400,20091221/MILIND,Final,2009-12-22,01:00,1610612754,IND,81,1610612749,MIL,84,,,,False
2009-2010,2010,0020900401,20091221/UTAORL,Final,2009-12-22,01:00,1610612753,ORL,104,1610612762,UTA,99,,,,False
2009-2010,2010,0020900402,20091221/SACCHI,Final,2009-12-22,02:00,1610612741,CHI,98,1610612758,SAC,102,,,,False
2009-2010,2010,0020900403,20091221/LACSAS,Final,2009-12-22,02:30,1610612759,SAS,103,1610612746,LAC,87,,,,False
2009-2010,2010,0020900404,20091221/CLEPHX,Final,2009-12-22,03:00,1610612756,PHX,91,1610612739,CLE,109,,,,False
2009-2010,2010,0020900405,20091222/DETCHA,Final,2009-12-23,01:00,1610612766,CHA,88,1610612765,DET,76,,,,False
2009-2010,2010,0020900406,20091222/PHIWAS,Final,2009-12-23,01:00,1610612764,WAS,105,1610612755,PHI,98,,,,False
2009-2010,2010,0020900407,20091222/INDBOS,Final,2009-12-23,01:30,1610612738,BOS,103,1610612754,IND,94,,,,False
2009-2010,2010,0020900408,20091222/CHINYK,Final,2009-12-23,01:30,1610612752,NYK,88,1610612741,CHI,81,,,,False
2009-2010,2010,0020900409,20091222/GSWMEM,Final,2009-12-23,02:00,1610612763,MEM,121,1610612744,GSW,108,,,,False
2009-2010,2010,0020900410,20091222/ATLMIN,Final,2009-12-23,02:00,1610612750,MIN,87,1610612737,ATL,112,,,,False
2009-2010,2010,0020900411,20091222/PORDAL,Final,2009-12-23,02:30,1610612742,DAL,81,1610612757,POR,85,,,,False
2009-2010,2010,0020900412,20091222/LACHOU,Final,2009-12-23,02:30,1610612745,HOU,108,1610612746,LAC,99,,,,False
2009-2010,2010,0020900413,20091222/OKCLAL,Final,2009-12-23,04:30,1610612747,LAL,111,1610612760,OKC,108,,,,False
2009-2010,2010,0020900414,20091223/HOUORL,Final,2009-12-24,01:00,1610612753,ORL,102,1610612745,HOU,87,,,,False
2009-2010,2010,0020900415,20091223/TORDET,Final,2009-12-24,01:30,1610612765,DET,64,1610612761,TOR,94,,,,False
2009-2010,2010,0020900416,20091223/UTAMIA,Final,2009-12-24,01:30,1610612748,MIA,80,1610612762,UTA,70,,,,False
2009-2010,2010,0020900417,20091223/MINNJN,Final,2009-12-24,01:30,1610612751,NJN,99,1610612750,MIN,103,,,,False
2009-2010,2010,0020900418,20091223/WASMIL,Final,2009-12-24,02:00,1610612749,MIL,97,1610612764,WAS,109,,,,False
2009-2010,2010,0020900419,20091223/GSWNOH,Final,2009-12-24,02:00,1610612740,NOH,108,1610612744,GSW,102,,,,False
2009-2010,2010,0020900420,20091223/PORSAS,Final,2009-12-24,02:30,1610612759,SAS,94,1610612757,POR,98,,,,False
2009-2010,2010,0020900421,20091223/ATLDEN,Final,2009-12-24,03:00,1610612743,DEN,124,1610612737,ATL,104,,,,False
2009-2010,2010,0020900422,20091223/OKCPHX,Final,2009-12-24,03:00,1610612756,PHX,113,1610612760,OKC,117,,,,False
2009-2010,2010,0020900423,20091223/CLESAC,Final/OT,2009-12-24,04:00,1610612758,SAC,104,1610612739,CLE,117,,,,False
2009-2010,2010,0020900424,20091225/MIANYK,Final,2009-12-25,18:00,1610612752,NYK,87,1610612748,MIA,93,,,,False
2009-2010,2010,0020900425,20091225/BOSORL,Final,2009-12-25,20:30,1610612753,ORL,77,1610612738,BOS,86,,,,False
2009-2010,2010,0020900426,20091225/CLELAL,Final,2009-12-25,23:00,1610612747,LAL,87,1610612739,CLE,102,,,,False
2009-2010,2010,0020900427,20091225/LACPHX,Final,2009-12-26,02:00,1610612756,PHX,124,1610612746,LAC,93,,,,False
2009-2010,2010,0020900428,20091225/DENPOR,Final,2009-12-26,04:30,1610612757,POR,107,1610612743,DEN,96,,,,False
2009-2010,2010,0020900429,20091226/MEMDAL,Final,2009-12-26,21:00,1610612742,DAL,106,1610612763,MEM,101,,,,False
2009-2010,2010,0020900430,20091226/ATLIND,Final,2009-12-27,01:00,1610612754,IND,98,1610612737,ATL,110,,,,False
2009-2010,2010,0020900431,20091226/HOUNJN,Final,2009-12-27,01:30,1610612751,NJN,93,1610612745,HOU,98,,,,False
2009-2010,2010,0020900432,20091226/NOHCHI,Final,2009-12-27,02:00,1610612741,CHI,96,1610612740,NOH,85,,,,False
2009-2010,2010,0020900433,20091226/WASMIN,Final,2009-12-27,02:00,1610612750,MIN,101,1610612764,WAS,89,,,,False
2009-2010,2010,0020900434,20091226/CHAOKC,Final,2009-12-27,02:00,1610612760,OKC,98,1610612766,CHA,91,,,,False
2009-2010,2010,0020900435,20091226/SASMIL,Final,2009-12-27,02:30,1610612749,MIL,97,1610612759,SAS,112,,,,False
2009-2010,2010,0020900436,20091226/PHIUTA,Final,2009-12-27,03:00,1610612762,UTA,97,1610612755,PHI,76,,,,False
2009-2010,2010,0020900437,20091226/LALSAC,Final/OT2,2009-12-27,04:00,1610612758,SAC,103,1610612747,LAL,112,,,,False
2009-2010,2010,0020900438,20091226/PHXGSW,Final,2009-12-27,04:30,1610612744,GSW,132,1610612756,PHX,127,,,,False
2009-2010,2010,0020900439,20091227/DETTOR,Final,2009-12-27,19:00,1610612761,TOR,102,1610612765,DET,95,,,,False
2009-2010,2010,0020900440,20091227/HOUCLE,Final,2009-12-28,00:00,1610612739,CLE,108,1610612745,HOU,83,,,,False
2009-2010,2010,0020900441,20091227/INDMIA,Final,2009-12-28,00:00,1610612748,MIA,114,1610612754,IND,80,,,,False
2009-2010,2010,0020900442,20091227/SASNYK,Final,2009-12-28,00:00,1610612752,NYK,88,1610612759,SAS,95,,,,False
2009-2010,2010,0020900443,20091227/DALDEN,Final,2009-12-28,02:00,1610612743,DEN,96,1610612742,DAL,104,,,,False
2009-2010,2010,0020900444,20091227/BOSLAC,Final,2009-12-28,03:30,1610612746,LAC,92,1610612738,BOS,90,,,,False
2009-2010,2010,0020900445,20091228/MILCHA,Final,2009-12-29,01:00,1610612766,CHA,94,1610612749,MIL,84,,,,False
2009-2010,2010,0020900446,20091228/OKCNJN,Final,2009-12-29,01:30,1610612751,NJN,89,1610612760,OKC,105,,,,False
2009-2010,2010,0020900447,20091228/WASMEM,Final/OT,2009-12-29,02:00,1610612763,MEM,116,1610612764,WAS,111,,,,False
2009-2010,2010,0020900448,20091228/LALPHX,Final,2009-12-29,03:00,1610612756,PHX,118,1610612747,LAL,103,,,,False
2009-2010,2010,0020900449,20091228/PHIPOR,Final,2009-12-29,04:00,1610612757,POR,93,1610612755,PHI,104,,,,False
2009-2010,2010,0020900450,20091228/DENSAC,Final,2009-12-29,04:00,1610612758,SAC,106,1610612743,DEN,101,,,,False
2009-2010,2010,0020900451,20091228/BOSGSW,Final,2009-12-29,04:30,1610612744,GSW,103,1610612738,BOS,99,,,,False
2009-2010,2010,0020900452,20091229/CLEATL,Final,2009-12-30,01:00,1610612737,ATL,84,1610612739,CLE,95,,,,False
2009-2010,2010,0020900453,20091229/OKCWAS,Final,2009-12-30,01:00,1610612764,WAS,98,1610612760,OKC,110,,,,False
2009-2010,2010,0020900454,20091229/NYKDET,Final,2009-12-30,01:30,1610612765,DET,87,1610612752,NYK,104,,,,False
2009-2010,2010,0020900455,20091229/INDCHI,Final,2009-12-30,02:00,1610612741,CHI,104,1610612754,IND,95,,,,False
2009-2010,2010,0020900456,20091229/NOHHOU,Final,2009-12-30,02:30,1610612745,HOU,108,1610612740,NOH,100,,,,False
2009-2010,2010,0020900457,20091229/MINSAS,Final,2009-12-30,02:30,1610612759,SAS,117,1610612750,MIN,99,,,,False
2009-2010,2010,0020900458,20091229/GSWLAL,Final,2009-12-30,04:30,1610612747,LAL,124,1610612744,GSW,118,,,,False
2009-2010,2010,0020900459,20091230/ATLCLE,Final,2009-12-31,01:00,1610612739,CLE,106,1610612737,ATL,101,,,,False
2009-2010,2010,0020900460,20091230/MEMIND,Final,2009-12-31,01:00,1610612754,IND,110,1610612763,MEM,121,,,,False
2009-2010,2010,0020900461,20091230/MILORL,Final,2009-12-31,01:00,1610612753,ORL,117,1610612749,MIL,92,,,,False
2009-2010,2010,0020900462,20091230/CHATOR,Final,2009-12-31,01:00,1610612761,TOR,107,1610612766,CHA,103,,,,False
2009-2010,2010,0020900463,20091230/NYKNJN,Final,2009-12-31,01:30,1610612751,NJN,104,1610612752,NYK,95,,,,False
2009-2010,2010,0020900464,20091230/UTAMIN,Final,2009-12-31,02:00,1610612750,MIN,103,1610612762,UTA,107,,,,False
2009-2010,2010,0020900465,20091230/MIANOH,Final,2009-12-31,02:00,1610612740,NOH,95,1610612748,MIA,91,,,,False
2009-2010,2010,0020900466,20091230/BOSPHX,Final,2009-12-31,03:00,1610612756,PHX,116,1610612738,BOS,98,,,,False
2009-2010,2010,0020900467,20091230/LACPOR,Final,2009-12-31,04:00,1610612757,POR,103,1610612746,LAC,99,,,,False
2009-2010,2010,0020900468,20091230/PHISAC,Final,2009-12-31,04:00,1610612758,SAC,106,1610612755,PHI,116,,,,False
2009-2010,2010,0020900469,20091231/CHIDET,Final,2009-12-31,21:00,1610612765,DET,87,1610612741,CHI,98,,,,False
2009-2010,2010,0020900470,20091231/DALHOU,Final,2010-01-01,01:00,1610612745,HOU,97,1610612742,DAL,94,,,,False
2009-2010,2010,0020900471,20091231/MIASAS,Final,2010-01-01,01:00,1610612759,SAS,108,1610612748,MIA,78,,,,False
2009-2010,2010,0020900472,20091231/UTAOKC,Final,2010-01-01,02:00,1610612760,OKC,87,1610612762,UTA,86,,,,False
2009-2010,2010,0020900473,20091231/PHILAC,Final,2010-01-01,03:30,1610612746,LAC,104,1610612755,PHI,88,,,,False
2009-2010,2010,0020900474,20100101/NYKATL,Final/OT,2010-01-02,01:30,1610612737,ATL,108,1610612752,NYK,112,,,,False
2009-2010,2010,0020900475,20100101/ORLMIN,Final,2010-01-02,02:00,1610612750,MIN,94,1610612753,ORL,106,,,,False
2009-2010,2010,0020900476,20100101/SACLAL,Final,2010-01-02,04:30,1610612747,LAL,109,1610612758,SAC,108,,,,False
2009-2010,2010,0020900477,20100102/CLENJN,Final,2010-01-02,19:00,1610612751,NJN,86,1610612739,CLE,94,,,,False
2009-2010,2010,0020900478,20100102/CHAMIA,Final,2010-01-02,21:30,1610612748,MIA,97,1610612766,CHA,107,,,,False
2009-2010,2010,0020900479,20100102/MININD,Final,2010-01-03,01:00,1610612754,IND,122,1610612750,MIN,111,,,,False
2009-2010,2010,0020900480,20100102/SASWAS,Final,2010-01-03,01:00,1610612764,WAS,86,1610612759,SAS,97,,,,False
2009-2010,2010,0020900481,20100102/TORBOS,Final,2010-01-03,01:30,1610612738,BOS,103,1610612761,TOR,96,,,,False
2009-2010,2010,0020900482,20100102/ORLCHI,Final,2010-01-03,02:00,1610612741,CHI,101,1610612753,ORL,93,,,,False
2009-2010,2010,0020900483,20100102/HOUNOH,Final,2010-01-03,02:00,1610612740,NOH,99,1610612745,HOU,95,,,,False
2009-2010,2010,0020900484,20100102/OKCMIL,Final/OT,2010-01-03,02:30,1610612749,MIL,103,1610612760,OKC,97,,,,False
2009-2010,2010,0020900485,20100102/MEMPHX,Final,2010-01-03,03:00,1610612756,PHX,103,1610612763,MEM,128,,,,False
2009-2010,2010,0020900486,20100102/DENUTA,Final,2010-01-03,03:00,1610612762,UTA,95,1610612743,DEN,105,,,,False
2009-2010,2010,0020900487,20100102/GSWPOR,Final,2010-01-03,04:00,1610612757,POR,105,1610612744,GSW,89,,,,False
2009-2010,2010,0020900488,20100102/DALSAC,Final,2010-01-03,04:00,1610612758,SAC,91,1610612742,DAL,99,,,,False
2009-2010,2010,0020900489,20100103/CHACLE,Final,2010-01-04,00:00,1610612739,CLE,88,1610612766,CHA,91,,,,False
2009-2010,2010,0020900490,20100103/INDNYK,Final,2010-01-04,00:00,1610612752,NYK,132,1610612754,IND,89,,,,False
2009-2010,2010,0020900491,20100103/SASTOR,Final,2010-01-04,00:00,1610612761,TOR,91,1610612759,SAS,86,,,,False
2009-2010,2010,0020900492,20100103/PHIDEN,Final,2010-01-04,02:00,1610612743,DEN,105,1610612755,PHI,108,,,,False
2009-2010,2010,0020900493,20100103/DALLAL,Final,2010-01-04,03:30,1610612747,LAL,131,1610612742,DAL,96,,,,False
2009-2010,2010,0020900494,20100104/ATLMIA,Final,2010-01-05,01:30,1610612748,MIA,92,1610612737,ATL,75,,,,False
2009-2010,2010,0020900495,20100104/OKCCHI,Final,2010-01-05,02:00,1610612741,CHI,85,1610612760,OKC,98,,,,False
2009-2010,2010,0020900496,20100104/NOHUTA,Final,2010-01-05,03:00,1610612762,UTA,87,1610612740,NOH,91,,,,False
2009-2010,2010,0020900497,20100104/PORLAC,Final,2010-01-05,04:30,1610612746,LAC,105,1610612757,POR,95,,,,False
2009-2010,2010,0020900498,20100105/CHICHA,Final,2010-01-06,01:00,1610612766,CHA,113,1610612741,CHI,108,,,,False
2009-2010,2010,0020900499,20100105/ORLIND,Final,2010-01-06,01:00,1610612754,IND,97,1610612753,ORL,90,,,,False
2009-2010,2010,0020900500,20100105/WASPHI,Final,2010-01-06,01:00,1610612755,PHI,97,1610612764,WAS,104,,,,False
2009-2010,2010,0020900501,20100105/MILNJN,Final,2010-01-06,01:30,1610612751,NJN,76,1610612749,MIL,98,,,,False
2009-2010,2010,0020900502,20100105/DETDAL,Final,2010-01-06,02:30,1610612742,DAL,98,1610612765,DET,93,,,,False
2009-2010,2010,0020900503,20100105/GSWDEN,Final,2010-01-06,03:00,1610612743,DEN,123,1610612744,GSW,122,,,,False
2009-2010,2010,0020900504,20100105/MEMPOR,Final,2010-01-06,04:00,1610612757,POR,105,1610612763,MEM,109,,,,False
2009-2010,2010,0020900505,20100105/PHXSAC,Final,2010-01-06,04:00,1610612758,SAC,109,1610612756,PHX,113,,,,False
2009-2010,2010,0020900506,20100105/HOULAL,Final,2010-01-06,04:30,1610612747,LAL,88,1610612745,HOU,79,,,,False
2009-2010,2010,0020900507,20100106/NJNATL,Final,2010-01-07,01:00,1610612737,ATL,119,1610612751,NJN,89,,,,False
2009-2010,2010,0020900508,20100106/WASCLE,Final,2010-01-07,01:00,1610612739,CLE,121,1610612764,WAS,98,,,,False
2009-2010,2010,0020900509,20100106/TORORL,Final,2010-01-07,01:00,1610612753,ORL,103,1610612761,TOR,108,,,,False
2009-2010,2010,0020900510,20100106/BOSMIA,Final/OT,2010-01-07,01:30,1610612748,MIA,106,1610612738,BOS,112,,,,False
2009-2010,2010,0020900511,20100106/GSWMIN,Final,2010-01-07,02:00,1610612750,MIN,101,1610612744,GSW,107,,,,False
2009-2010,2010,0020900512,20100106/NOHOKC,Final,2010-01-07,02:00,1610612760,OKC,92,1610612740,NOH,97,,,,False
2009-2010,2010,0020900513,20100106/DETSAS,Final,2010-01-07,02:30,1610612759,SAS,112,1610612765,DET,92,,,,False
2009-2010,2010,0020900514,20100106/HOUPHX,Final,2010-01-07,03:00,1610612756,PHX,118,1610612745,HOU,110,,,,False
2009-2010,2010,0020900515,20100106/MEMUTA,Final,2010-01-07,03:00,1610612762,UTA,117,1610612763,MEM,94,,,,False
2009-2010,2010,0020900516,20100106/LALLAC,Final,2010-01-07,04:30,1610612746,LAC,102,1610612747,LAL,91,,,,False
2009-2010,2010,0020900517,20100107/CHANYK,Final,2010-01-08,01:30,1610612752,NYK,97,1610612766,CHA,93,,,,False
2009-2010,2010,0020900518,20100108/TORPHI,Final,2010-01-09,01:00,1610612755,PHI,106,1610612761,TOR,108,,,,False
2009-2010,2010,0020900519,20100108/ORLWAS,Final,2010-01-09,01:00,1610612764,WAS,104,1610612753,ORL,97,,,,False
2009-2010,2010,0020900520,20100108/BOSATL,Final,2010-01-09,02:00,1610612737,ATL,93,1610612738,BOS,85,,,,False
2009-2010,2010,0020900521,20100108/UTAMEM,Final,2010-01-09,02:00,1610612763,MEM,91,1610612762,UTA,89,,,,False
2009-2010,2010,0020900522,20100108/INDMIN,Final,2010-01-09,02:00,1610612750,MIN,116,1610612754,IND,109,,,,False
2009-2010,2010,0020900523,20100108/NJNNOH,Final,2010-01-09,02:00,1610612740,NOH,103,1610612751,NJN,99,,,,False
2009-2010,2010,0020900524,20100108/CHIMIL,Final,2010-01-09,02:30,1610612749,MIL,96,1610612741,CHI,93,,,,False
2009-2010,2010,0020900525,20100108/DALSAS,Final,2010-01-09,02:30,1610612759,SAS,103,1610612742,DAL,112,,,,False
2009-2010,2010,0020900526,20100108/MIAPHX,Final,2010-01-09,03:00,1610612756,PHX,105,1610612748,MIA,109,,,,False
2009-2010,2010,0020900527,20100108/LALPOR,Final,2010-01-09,04:00,1610612757,POR,107,1610612747,LAL,98,,,,False
2009-2010,2010,0020900528,20100108/CLEDEN,Final,2010-01-09,04:30,1610612743,DEN,99,1610612739,CLE,97,,,,False
2009-2010,2010,0020900529,20100108/SACGSW,Final,2010-01-09,04:30,1610612744,GSW,108,1610612758,SAC,101,,,,False
2009-2010,2010,0020900530,20100109/MEMCHA,Final,2010-01-10,01:00,1610612766,CHA,89,1610612763,MEM,87,,,,False
2009-2010,2010,0020900531,20100109/ATLORL,Final,2010-01-10,01:00,1610612753,ORL,113,1610612737,ATL,81,,,,False
2009-2010,2010,0020900532,20100109/PHIDET,Final,2010-01-10,01:30,1610612765,DET,94,1610612755,PHI,104,,,,False
2009-2010,2010,0020900533,20100109/MINCHI,Final,2010-01-10,02:00,1610612741,CHI,110,1610612750,MIN,96,,,,False
2009-2010,2010,0020900534,20100109/INDOKC,Final,2010-01-10,02:00,1610612760,OKC,108,1610612754,IND,102,,,,False
2009-2010,2010,0020900535,20100109/UTADAL,Final,2010-01-10,02:30,1610612742,DAL,93,1610612762,UTA,111,,,,False
2009-2010,2010,0020900536,20100109/NYKHOU,Final,2010-01-10,02:30,1610612745,HOU,105,1610612752,NYK,96,,,,False
2009-2010,2010,0020900537,20100109/DENSAC,Final,2010-01-10,04:00,1610612758,SAC,102,1610612743,DEN,100,,,,False
2009-2010,2010,0020900538,20100110/BOSTOR,Final,2010-01-10,19:00,1610612761,TOR,107,1610612738,BOS,114,,,,False
2009-2010,2010,0020900539,20100110/NOHWAS,Final,2010-01-10,19:00,1610612764,WAS,112,1610612740,NOH,115,,,,False
2009-2010,2010,0020900540,20100110/MIALAC,Final,2010-01-10,21:30,1610612746,LAC,94,1610612748,MIA,84,,,,False
2009-2010,2010,0020900541,20100110/NJNSAS,Final,2010-01-11,01:00,1610612759,SAS,97,1610612751,NJN,85,,,,False
2009-2010,2010,0020900542,20100110/CLEPOR,Final,2010-01-11,03:00,1610612757,POR,94,1610612739,CLE,106,,,,False
2009-2010,2010,0020900543,20100110/MILLAL,Final,2010-01-11,03:30,1610612747,LAL,95,1610612749,MIL,77,,,,False
2009-2010,2010,0020900544,20100111/TORIND,Final,2010-01-12,01:00,1610612754,IND,105,1610612761,TOR,101,,,,False
2009-2010,2010,0020900545,20100111/NOHPHI,Final,2010-01-12,01:00,1610612755,PHI,96,1610612740,NOH,92,,,,False
2009-2010,2010,0020900546,20100111/ATLBOS,Final,2010-01-12,01:30,1610612738,BOS,96,1610612737,ATL,102,,,,False
2009-2010,2010,0020900547,20100111/DETCHI,Final,2010-01-12,02:00,1610612741,CHI,120,1610612765,DET,87,,,,False
2009-2010,2010,0020900548,20100111/NYKOKC,Final,2010-01-12,02:00,1610612760,OKC,106,1610612752,NYK,88,,,,False
2009-2010,2010,0020900549,20100111/MINDEN,Final,2010-01-12,03:00,1610612743,DEN,105,1610612750,MIN,94,,,,False
2009-2010,2010,0020900550,20100111/MILPHX,Final,2010-01-12,03:00,1610612756,PHX,105,1610612749,MIL,101,,,,False
2009-2010,2010,0020900551,20100111/MIAUTA,Final,2010-01-12,03:00,1610612762,UTA,118,1610612748,MIA,89,,,,False
2009-2010,2010,0020900552,20100111/CLEGSW,Final,2010-01-12,04:30,1610612744,GSW,114,1610612739,CLE,117,,,,False
2009-2010,2010,0020900553,20100112/HOUCHA,Final,2010-01-13,01:00,1610612766,CHA,102,1610612745,HOU,94,,,,False
2009-2010,2010,0020900554,20100112/DETWAS,Final,2010-01-13,01:00,1610612764,WAS,90,1610612765,DET,99,,,,False
2009-2010,2010,0020900555,20100112/LACMEM,Final,2010-01-13,02:00,1610612763,MEM,104,1610612746,LAC,102,,,,False
2009-2010,2010,0020900556,20100112/LALSAS,Final,2010-01-13,02:30,1610612759,SAS,105,1610612747,LAL,85,,,,False
2009-2010,2010,0020900557,20100112/ORLSAC,Final,2010-01-13,04:00,1610612758,SAC,88,1610612753,ORL,109,,,,False
2009-2010,2010,0020900558,20100113/WASATL,Final,2010-01-14,01:00,1610612737,ATL,94,1610612764,WAS,82,,,,False
2009-2010,2010,0020900559,20100113/PHXIND,Final,2010-01-14,01:00,1610612754,IND,122,1610612756,PHX,114,,,,False
2009-2010,2010,0020900560,20100113/NYKPHI,Final,2010-01-14,01:00,1610612755,PHI,92,1610612752,NYK,93,,,,False
2009-2010,2010,0020900561,20100113/BOSNJN,Final,2010-01-14,01:30,1610612751,NJN,87,1610612738,BOS,111,,,,False
2009-2010,2010,0020900562,20100113/LACNOH,Final,2010-01-14,02:00,1610612740,NOH,108,1610612746,LAC,94,,,,False
2009-2010,2010,0020900563,20100113/SASOKC,Final/OT,2010-01-14,02:00,1610612760,OKC,108,1610612759,SAS,109,,,,False
2009-2010,2010,0020900564,20100113/LALDAL,Final,2010-01-14,02:30,1610612742,DAL,95,1610612747,LAL,100,,,,False
2009-2010,2010,0020900565,20100113/MINHOU,Final/OT3,2010-01-14,02:30,1610612745,HOU,120,1610612750,MIN,114,,,,False
2009-2010,2010,0020900566,20100113/ORLDEN,Final,2010-01-14,03:00,1610612743,DEN,115,1610612753,ORL,97,,,,False
2009-2010,2010,0020900567,20100113/MILPOR,Final,2010-01-14,04:00,1610612757,POR,120,1610612749,MIL,108,,,,False
2009-2010,2010,0020900568,20100113/MIAGSW,Final,2010-01-14,04:30,1610612744,GSW,102,1610612748,MIA,115,,,,False
2009-2010,2010,0020900569,20100114/CHIBOS,Final,2010-01-15,02:00,1610612738,BOS,83,1610612741,CHI,96,,,,False
2009-2010,2010,0020900570,20100114/CLEUTA,Final,2010-01-15,04:30,1610612762,UTA,97,1610612739,CLE,96,,,,False
2009-2010,2010,0020900571,20100115/SASCHA,Final,2010-01-16,01:00,1610612766,CHA,92,1610612759,SAS,76,,,,False
2009-2010,2010,0020900572,20100115/SACPHI,Final,2010-01-16,01:00,1610612755,PHI,98,1610612758,SAC,86,,,,False
2009-2010,2010,0020900573,20100115/PHXATL,Final,2010-01-16,02:00,1610612737,ATL,102,1610612756,PHX,101,,,,False
2009-2010,2010,0020900574,20100115/WASCHI,Final/OT2,2010-01-16,02:00,1610612741,CHI,121,1610612764,WAS,119,,,,False
2009-2010,2010,0020900575,20100115/NOHDET,Final/OT,2010-01-16,02:00,1610612765,DET,110,1610612740,NOH,104,,,,False
2009-2010,2010,0020900576,20100115/MINMEM,Final,2010-01-16,02:00,1610612763,MEM,135,1610612750,MIN,110,,,,False
2009-2010,2010,0020900577,20100115/INDNJN,Final,2010-01-16,02:00,1610612751,NJN,105,1610612754,IND,121,,,,False
2009-2010,2010,0020900578,20100115/TORNYK,Final,2010-01-16,02:00,1610612752,NYK,104,1610612761,TOR,112,,,,False
2009-2010,2010,0020900579,20100115/OKCDAL,Final,2010-01-16,02:30,1610612742,DAL,99,1610612760,OKC,98,,,,False
2009-2010,2010,0020900580,20100115/MIAHOU,Final,2010-01-16,02:30,1610612745,HOU,106,1610612748,MIA,115,,,,False
2009-2010,2010,0020900581,20100115/MILGSW,Final,2010-01-16,04:30,1610612744,GSW,104,1610612749,MIL,113,,,,False
2009-2010,2010,0020900582,20100115/LACLAL,Final,2010-01-16,04:30,1610612747,LAL,126,1610612746,LAC,86,,,,False
2009-2010,2010,0020900583,20100115/ORLPOR,Final,2010-01-16,04:30,1610612757,POR,102,1610612753,ORL,87,,,,False
2009-2010,2010,0020900585,20100116/NOHIND,Final,2010-01-17,00:00,1610612754,IND,96,1610612740,NOH,101,,,,False
2009-2010,2010,0020900584,20100116/PHXCHA,Final,2010-01-17,01:00,1610612766,CHA,125,1610612756,PHX,99,,,,False
2009-2010,2010,0020900586,20100116/SACWAS,Final,2010-01-17,01:00,1610612764,WAS,96,1610612758,SAC,86,,,,False
2009-2010,2010,0020900587,20100116/NYKDET,Final,2010-01-17,01:30,1610612765,DET,94,1610612752,NYK,90,,,,False
2009-2010,2010,0020900588,20100116/SASMEM,Final,2010-01-17,02:00,1610612763,MEM,92,1610612759,SAS,86,,,,False
2009-2010,2010,0020900589,20100116/MIAOKC,Final,2010-01-17,02:00,1610612760,OKC,98,1610612748,MIA,80,,,,False
2009-2010,2010,0020900590,20100116/MILUTA,Final,2010-01-17,03:00,1610612762,UTA,112,1610612749,MIL,95,,,,False
2009-2010,2010,0020900591,20100116/CLELAC,Final,2010-01-17,04:30,1610612746,LAC,101,1610612739,CLE,102,,,,False
2009-2010,2010,0020900592,20100117/DALTOR,Final,2010-01-17,18:30,1610612761,TOR,110,1610612742,DAL,88,,,,False
2009-2010,2010,0020900593,20100117/UTADEN,Final,2010-01-18,03:00,1610612743,DEN,119,1610612762,UTA,112,,,,False
2009-2010,2010,0020900594,20100118/DETNYK,Final,2010-01-18,19:00,1610612752,NYK,99,1610612765,DET,91,,,,False
2009-2010,2010,0020900595,20100118/PORWAS,Final,2010-01-18,19:00,1610612764,WAS,97,1610612757,POR,92,,,,False
2009-2010,2010,0020900596,20100118/OKCATL,Final,2010-01-18,20:00,1610612737,ATL,91,1610612760,OKC,94,,,,False
2009-2010,2010,0020900597,20100118/SACCHA,Final,2010-01-18,20:00,1610612766,CHA,105,1610612758,SAC,103,,,,False
2009-2010,2010,0020900598,20100118/MILHOU,Final/OT,2010-01-18,21:00,1610612745,HOU,101,1610612749,MIL,98,,,,False
2009-2010,2010,0020900599,20100118/NJNLAC,Final,2010-01-18,21:30,1610612746,LAC,106,1610612751,NJN,95,,,,False
2009-2010,2010,0020900600,20100118/PHIMIN,Final/OT,2010-01-18,21:30,1610612750,MIN,108,1610612755,PHI,103,,,,False
2009-2010,2010,0020900601,20100118/SASNOH,Final,2010-01-18,21:30,1610612740,NOH,90,1610612759,SAS,97,,,,False
2009-2010,2010,0020900602,20100118/CHIGSW,Final,2010-01-18,22:00,1610612744,GSW,114,1610612741,CHI,97,,,,False
2009-2010,2010,0020900603,20100118/PHXMEM,Final,2010-01-18,23:30,1610612763,MEM,125,1610612756,PHX,118,,,,False
2009-2010,2010,0020900604,20100118/DALBOS,Final,2010-01-19,02:00,1610612738,BOS,90,1610612742,DAL,99,,,,False
2009-2010,2010,0020900605,20100118/ORLLAL,Final,2010-01-19,04:30,1610612747,LAL,98,1610612753,ORL,92,,,,False
2009-2010,2010,0020900606,20100119/TORCLE,Final,2010-01-20,01:00,1610612739,CLE,108,1610612761,TOR,100,,,,False
2009-2010,2010,0020900607,20100119/INDMIA,Final,2010-01-20,01:30,1610612748,MIA,113,1610612754,IND,83,,,,False
2009-2010,2010,0020900608,20100120/SACATL,Final,2010-01-21,01:00,1610612737,ATL,108,1610612758,SAC,97,,,,False
2009-2010,2010,0020900609,20100120/MIACHA,Final,2010-01-21,01:00,1610612766,CHA,104,1610612748,MIA,65,,,,False
2009-2010,2010,0020900610,20100120/INDORL,Final,2010-01-21,01:00,1610612753,ORL,109,1610612754,IND,98,,,,False
2009-2010,2010,0020900611,20100120/PORPHI,Final,2010-01-21,01:00,1610612755,PHI,90,1610612757,POR,98,,,,False
2009-2010,2010,0020900612,20100120/DALWAS,Final,2010-01-21,01:00,1610612764,WAS,93,1610612742,DAL,94,,,,False
2009-2010,2010,0020900613,20100120/BOSDET,Final,2010-01-21,01:30,1610612765,DET,92,1610612738,BOS,86,,,,False
2009-2010,2010,0020900614,20100120/TORMIL,Final,2010-01-21,02:00,1610612749,MIL,113,1610612761,TOR,107,,,,False
2009-2010,2010,0020900615,20100120/OKCMIN,Final,2010-01-21,02:00,1610612750,MIN,92,1610612760,OKC,94,,,,False
2009-2010,2010,0020900616,20100120/MEMNOH,Final,2010-01-21,02:00,1610612740,NOH,113,1610612763,MEM,111,,,,False
2009-2010,2010,0020900617,20100120/NJNPHX,Final,2010-01-21,03:00,1610612756,PHX,118,1610612751,NJN,94,,,,False
2009-2010,2010,0020900618,20100120/UTASAS,Final,2010-01-21,03:00,1610612759,SAS,98,1610612762,UTA,105,,,,False
2009-2010,2010,0020900619,20100120/DENGSW,Final/OT,2010-01-21,04:30,1610612744,GSW,118,1610612743,DEN,123,,,,False
2009-2010,2010,0020900620,20100120/CHILAC,Final,2010-01-21,04:30,1610612746,LAC,104,1610612741,CHI,97,,,,False
2009-2010,2010,0020900621,20100121/LALCLE,Final,2010-01-22,02:00,1610612739,CLE,93,1610612747,LAL,87,,,,False
2009-2010,2010,0020900622,20100121/LACDEN,Final,2010-01-22,04:30,1610612743,DEN,105,1610612746,LAC,85,,,,False
2009-2010,2010,0020900623,20100122/SACORL,Final,2010-01-23,01:00,1610612753,ORL,100,1610612758,SAC,84,,,,False
2009-2010,2010,0020900624,20100122/DALPHI,Final,2010-01-23,01:00,1610612755,PHI,92,1610612742,DAL,81,,,,False
2009-2010,2010,0020900625,20100122/MILTOR,Final,2010-01-23,01:00,1610612761,TOR,101,1610612749,MIL,96,,,,False
2009-2010,2010,0020900626,20100122/MIAWAS,Final,2010-01-23,01:00,1610612764,WAS,88,1610612748,MIA,112,,,,False
2009-2010,2010,0020900627,20100122/CHAATL,Final,2010-01-23,01:30,1610612737,ATL,103,1610612766,CHA,89,,,,False
2009-2010,2010,0020900628,20100122/PORBOS,Final/OT,2010-01-23,01:30,1610612738,BOS,98,1610612757,POR,95,,,,False
2009-2010,2010,0020900629,20100122/INDDET,Final,2010-01-23,02:00,1610612765,DET,93,1610612754,IND,105,,,,False
2009-2010,2010,0020900630,20100122/OKCMEM,Final,2010-01-23,02:00,1610612763,MEM,86,1610612760,OKC,84,,,,False
2009-2010,2010,0020900631,20100122/NOHMIN,Final,2010-01-23,02:00,1610612750,MIN,94,1610612740,NOH,96,,,,False
2009-2010,2010,0020900632,20100122/LALNYK,Final,2010-01-23,02:00,1610612752,NYK,105,1610612747,LAL,115,,,,False
2009-2010,2010,0020900633,20100122/HOUSAS,Final,2010-01-23,02:30,1610612759,SAS,109,1610612745,HOU,116,,,,False
2009-2010,2010,0020900634,20100122/NJNGSW,Final,2010-01-23,04:30,1610612744,GSW,111,1610612751,NJN,79,,,,False
2009-2010,2010,0020900635,20100122/CHIPHX,Final,2010-01-23,04:30,1610612756,PHX,104,1610612741,CHI,115,,,,False
2009-2010,2010,0020900636,20100123/ORLCHA,Final/OT,2010-01-24,01:00,1610612766,CHA,95,1610612753,ORL,106,,,,False
2009-2010,2010,0020900637,20100123/PHIIND,Final,2010-01-24,01:00,1610612754,IND,97,1610612755,PHI,107,,,,False
2009-2010,2010,0020900638,20100123/OKCCLE,Final,2010-01-24,01:30,1610612739,CLE,100,1610612760,OKC,99,,,,False
2009-2010,2010,0020900639,20100123/PORDET,Final,2010-01-24,01:30,1610612765,DET,93,1610612757,POR,97,,,,False
2009-2010,2010,0020900640,20100123/SACMIA,Final,2010-01-24,01:30,1610612748,MIA,115,1610612758,SAC,84,,,,False
2009-2010,2010,0020900641,20100123/CHIHOU,Final,2010-01-24,02:30,1610612745,HOU,97,1610612741,CHI,104,,,,False
2009-2010,2010,0020900642,20100123/MINMIL,Final,2010-01-24,02:30,1610612749,MIL,127,1610612750,MIN,94,,,,False
2009-2010,2010,0020900643,20100123/NOHDEN,Final/OT,2010-01-24,03:00,1610612743,DEN,116,1610612740,NOH,110,,,,False
2009-2010,2010,0020900644,20100123/GSWPHX,Final,2010-01-24,03:00,1610612756,PHX,112,1610612744,GSW,103,,,,False
2009-2010,2010,0020900645,20100123/NJNUTA,Final,2010-01-24,03:00,1610612762,UTA,116,1610612751,NJN,83,,,,False
2009-2010,2010,0020900646,20100124/DALNYK,Final,2010-01-24,19:00,1610612752,NYK,78,1610612742,DAL,128,,,,False
2009-2010,2010,0020900647,20100124/LACWAS,Final,2010-01-24,19:00,1610612764,WAS,78,1610612746,LAC,92,,,,False
2009-2010,2010,0020900648,20100124/LALTOR,Final,2010-01-25,00:00,1610612761,TOR,106,1610612747,LAL,105,,,,False
2009-2010,2010,0020900649,20100125/INDPHI,Final,2010-01-26,01:00,1610612755,PHI,98,1610612754,IND,109,,,,False
2009-2010,2010,0020900650,20100125/LACBOS,Final,2010-01-26,01:30,1610612738,BOS,95,1610612746,LAC,89,,,,False
2009-2010,2010,0020900651,20100125/CLEMIA,Final,2010-01-26,01:30,1610612748,MIA,91,1610612739,CLE,92,,,,False
2009-2010,2010,0020900652,20100125/ORLMEM,Final,2010-01-26,02:00,1610612763,MEM,99,1610612753,ORL,94,,,,False
2009-2010,2010,0020900653,20100125/ATLHOU,Final,2010-01-26,02:30,1610612745,HOU,95,1610612737,ATL,102,,,,False
2009-2010,2010,0020900654,20100125/CHISAS,Final,2010-01-26,02:30,1610612759,SAS,93,1610612741,CHI,98,,,,False
2009-2010,2010,0020900655,20100125/CHADEN,Final,2010-01-26,03:00,1610612743,DEN,104,1610612766,CHA,93,,,,False
2009-2010,2010,0020900656,20100125/PHXUTA,Final,2010-01-26,03:00,1610612762,UTA,124,1610612756,PHX,115,,,,False
2009-2010,2010,0020900657,20100125/NOHPOR,Final,2010-01-26,04:00,1610612757,POR,97,1610612740,NOH,98,,,,False
2009-2010,2010,0020900658,20100126/LALWAS,Final,2010-01-27,01:00,1610612764,WAS,103,1610612747,LAL,115,,,,False
2009-2010,2010,0020900659,20100126/MINNYK,Final,2010-01-27,01:30,1610612752,NYK,132,1610612750,MIN,105,,,,False
2009-2010,2010,0020900660,20100126/MILDAL,Final,2010-01-27,02:30,1610612742,DAL,108,1610612749,MIL,107,,,,False
2009-2010,2010,0020900661,20100126/CHAPHX,Final/OT,2010-01-27,03:00,1610612756,PHX,109,1610612766,CHA,114,,,,False
2009-2010,2010,0020900662,20100126/GSWSAC,Final,2010-01-27,04:00,1610612758,SAC,99,1610612744,GSW,96,,,,False
2009-2010,2010,0020900663,20100127/MINCLE,Final,2010-01-28,01:00,1610612739,CLE,109,1610612750,MIN,95,,,,False
2009-2010,2010,0020900664,20100127/LALIND,Final,2010-01-28,01:00,1610612754,IND,96,1610612747,LAL,118,,,,False
2009-2010,2010,0020900665,20100127/MIATOR,Final,2010-01-28,01:00,1610612761,TOR,111,1610612748,MIA,103,,,,False
2009-2010,2010,0020900666,20100127/MEMDET,Final,2010-01-28,01:30,1610612765,DET,93,1610612763,MEM,99,,,,False
2009-2010,2010,0020900667,20100127/LACNJN,Final,2010-01-28,01:30,1610612751,NJN,103,1610612746,LAC,87,,,,False
2009-2010,2010,0020900668,20100127/PHIMIL,Final,2010-01-28,02:00,1610612749,MIL,91,1610612755,PHI,88,,,,False
2009-2010,2010,0020900669,20100127/CHIOKC,Final,2010-01-28,02:00,1610612760,OKC,86,1610612741,CHI,96,,,,False
2009-2010,2010,0020900670,20100127/DENHOU,Final,2010-01-28,02:30,1610612745,HOU,92,1610612743,DEN,97,,,,False
2009-2010,2010,0020900671,20100127/ATLSAS,Final,2010-01-28,02:30,1610612759,SAS,105,1610612737,ATL,90,,,,False
2009-2010,2010,0020900672,20100127/UTAPOR,Final,2010-01-28,04:00,1610612757,POR,95,1610612762,UTA,106,,,,False
2009-2010,2010,0020900673,20100127/NOHGSW,Final,2010-01-28,04:30,1610612744,GSW,110,1610612740,NOH,123,,,,False
2009-2010,2010,0020900674,20100128/TORNYK,Final,2010-01-29,02:00,1610612752,NYK,104,1610612761,TOR,106,,,,False
2009-2010,2010,0020900675,20100128/BOSORL,Final,2010-01-29,02:00,1610612753,ORL,96,1610612738,BOS,94,,,,False
2009-2010,2010,0020900676,20100128/DALPHX,Final,2010-01-29,04:30,1610612756,PHX,112,1610612742,DAL,106,,,,False
2009-2010,2010,0020900677,20100129/CLEIND,Final,2010-01-30,01:00,1610612754,IND,73,1610612739,CLE,94,,,,False
2009-2010,2010,0020900678,20100129/LALPHI,Final,2010-01-30,01:00,1610612755,PHI,91,1610612747,LAL,99,,,,False
2009-2010,2010,0020900679,20100129/BOSATL,Final,2010-01-30,01:30,1610612737,ATL,100,1610612738,BOS,91,,,,False
2009-2010,2010,0020900680,20100129/MIADET,Final,2010-01-30,02:00,1610612765,DET,65,1610612748,MIA,92,,,,False
2009-2010,2010,0020900681,20100129/LACMIN,Final,2010-01-30,02:00,1610612750,MIN,111,1610612746,LAC,97,,,,False
2009-2010,2010,0020900682,20100129/WASNJN,Final,2010-01-30,02:00,1610612751,NJN,79,1610612764,WAS,81,,,,False
2009-2010,2010,0020900683,20100129/CHINOH,Final/OT,2010-01-30,02:00,1610612740,NOH,106,1610612741,CHI,108,,,,False
2009-2010,2010,0020900684,20100129/DENOKC,Final,2010-01-30,02:00,1610612760,OKC,101,1610612743,DEN,84,,,,False
2009-2010,2010,0020900685,20100129/PORHOU,Final,2010-01-30,02:30,1610612745,HOU,104,1610612757,POR,100,,,,False
2009-2010,2010,0020900686,20100129/MEMSAS,Final,2010-01-30,02:30,1610612759,SAS,104,1610612763,MEM,97,,,,False
2009-2010,2010,0020900687,20100129/SACUTA,Final,2010-01-30,03:00,1610612762,UTA,101,1610612758,SAC,94,,,,False
2009-2010,2010,0020900688,20100129/CHAGSW,Final,2010-01-30,04:30,1610612744,GSW,110,1610612766,CHA,121,,,,False
2009-2010,2010,0020900689,20100130/ATLORL,Final,2010-01-31,01:00,1610612753,ORL,104,1610612737,ATL,86,,,,False
2009-2010,2010,0020900690,20100130/NOHMEM,Final/OT,2010-01-31,02:00,1610612763,MEM,102,1610612740,NOH,109,,,,False
2009-2010,2010,0020900691,20100130/NYKWAS,Final,2010-01-31,02:00,1610612764,WAS,106,1610612752,NYK,96,,,,False
2009-2010,2010,0020900693,20100130/MIAMIL,Final,2010-01-31,02:30,1610612749,MIL,95,1610612748,MIA,84,,,,False
2009-2010,2010,0020900692,20100130/PORDAL,Final/OT,2010-01-31,03:00,1610612742,DAL,112,1610612757,POR,114,,,,False
2009-2010,2010,0020900694,20100130/CHASAC,Final,2010-01-31,04:00,1610612758,SAC,96,1610612766,CHA,103,,,,False
2009-2010,2010,0020900695,20100131/DENSAS,Final,2010-01-31,19:00,1610612759,SAS,89,1610612743,DEN,103,,,,False
2009-2010,2010,0020900696,20100131/LALBOS,Final,2010-01-31,21:30,1610612738,BOS,89,1610612747,LAL,90,,,,False
2009-2010,2010,0020900697,20100131/LACCLE,Final,2010-02-01,00:00,1610612739,CLE,114,1610612746,LAC,89,,,,False
2009-2010,2010,0020900698,20100131/ORLDET,Final,2010-02-01,00:00,1610612765,DET,86,1610612753,ORL,91,,,,False
2009-2010,2010,0020900699,20100131/PHINJN,Final,2010-02-01,00:00,1610612751,NJN,79,1610612755,PHI,83,,,,False
2009-2010,2010,0020900700,20100131/INDTOR,Final,2010-02-01,00:00,1610612761,TOR,117,1610612754,IND,102,,,,False
2009-2010,2010,0020900701,20100131/PHXHOU,Final/OT,2010-02-01,01:00,1610612745,HOU,111,1610612756,PHX,115,,,,False
2009-2010,2010,0020900702,20100131/NYKMIN,Final,2010-02-01,01:00,1610612750,MIN,112,1610612752,NYK,91,,,,False
2009-2010,2010,0020900703,20100131/GSWOKC,Final,2010-02-01,01:00,1610612760,OKC,112,1610612744,GSW,104,,,,False
2009-2010,2010,0020900704,20100201/BOSWAS,Final,2010-02-02,01:00,1610612764,WAS,88,1610612738,BOS,99,,,,False
2009-2010,2010,0020900705,20100201/MILMIA,Final,2010-02-02,01:30,1610612748,MIA,81,1610612749,MIL,97,,,,False
2009-2010,2010,0020900706,20100201/LALMEM,Final,2010-02-02,02:00,1610612763,MEM,95,1610612747,LAL,93,,,,False
2009-2010,2010,0020900707,20100201/PHXNOH,Final,2010-02-02,02:00,1610612740,NOH,100,1610612756,PHX,109,,,,False
2009-2010,2010,0020900708,20100201/SACDEN,Final/OT,2010-02-02,03:00,1610612743,DEN,112,1610612758,SAC,109,,,,False
2009-2010,2010,0020900709,20100201/DALUTA,Final,2010-02-02,03:00,1610612762,UTA,104,1610612742,DAL,92,,,,False
2009-2010,2010,0020900710,20100201/CHAPOR,Final,2010-02-02,04:00,1610612757,POR,98,1610612766,CHA,79,,,,False
2009-2010,2010,0020900711,20100202/MEMCLE,Final,2010-02-03,01:00,1610612739,CLE,105,1610612763,MEM,89,,,,False
2009-2010,2010,0020900712,20100202/TORIND,Final,2010-02-03,01:00,1610612754,IND,130,1610612761,TOR,115,,,,False
2009-2010,2010,0020900713,20100202/MILORL,Final,2010-02-03,01:00,1610612753,ORL,99,1610612749,MIL,82,,,,False
2009-2010,2010,0020900714,20100202/DETNJN,Final,2010-02-03,01:30,1610612751,NJN,93,1610612765,DET,97,,,,False
2009-2010,2010,0020900715,20100202/LACCHI,Final,2010-02-03,02:00,1610612741,CHI,82,1610612746,LAC,90,,,,False
2009-2010,2010,0020900716,20100202/ATLOKC,Final,2010-02-03,02:00,1610612760,OKC,106,1610612737,ATL,99,,,,False
2009-2010,2010,0020900717,20100202/GSWHOU,Final,2010-02-03,02:30,1610612745,HOU,119,1610612744,GSW,97,,,,False
2009-2010,2010,0020900718,20100203/LACATL,Final,2010-02-04,01:00,1610612737,ATL,103,1610612746,LAC,97,,,,False
2009-2010,2010,0020900719,20100203/CHIPHI,Final/OT,2010-02-04,01:00,1610612755,PHI,106,1610612741,CHI,103,,,,False
2009-2010,2010,0020900720,20100203/NJNTOR,Final,2010-02-04,01:00,1610612761,TOR,108,1610612751,NJN,99,,,,False
2009-2010,2010,0020900721,20100203/WASNYK,Final,2010-02-04,01:30,1610612752,NYK,107,1610612764,WAS,85,,,,False
2009-2010,2010,0020900722,20100203/MIABOS,Final,2010-02-04,02:00,1610612738,BOS,107,1610612748,MIA,102,,,,False
2009-2010,2010,0020900723,20100203/OKCNOH,Final,2010-02-04,02:00,1610612740,NOH,99,1610612760,OKC,103,,,,False
2009-2010,2010,0020900724,20100203/GSWDAL,Final,2010-02-04,02:30,1610612742,DAL,110,1610612744,GSW,101,,,,False
2009-2010,2010,0020900728,20100203/PORUTA,Final,2010-02-04,03:00,1610612762,UTA,118,1610612757,POR,105,,,,False
2009-2010,2010,0020900726,20100203/SASSAC,Final,2010-02-04,04:00,1610612758,SAC,113,1610612759,SAS,115,,,,False
2009-2010,2010,0020900725,20100203/PHXDEN,Final,2010-02-04,04:30,1610612743,DEN,97,1610612756,PHX,109,,,,False
2009-2010,2010,0020900727,20100203/CHALAL,Final,2010-02-04,04:30,1610612747,LAL,99,1610612766,CHA,97,,,,False
2009-2010,2010,0020900729,20100204/MIACLE,Final,2010-02-05,02:00,1610612739,CLE,102,1610612748,MIA,86,,,,False
2009-2010,2010,0020900730,20100204/SASPOR,Final,2010-02-05,04:30,1610612757,POR,96,1610612759,SAS,93,,,,False
2009-2010,2010,0020900731,20100205/DETIND,Final,2010-02-06,01:00,1610612754,IND,107,1610612765,DET,83,,,,False
2009-2010,2010,0020900732,20100205/WASORL,Final,2010-02-06,01:00,1610612753,ORL,91,1610612764,WAS,92,,,,False
2009-2010,2010,0020900733,20100205/NJNBOS,Final,2010-02-06,01:30,1610612738,BOS,96,1610612751,NJN,87,,,,False
2009-2010,2010,0020900734,20100205/MILNYK,Final,2010-02-06,01:30,1610612752,NYK,107,1610612749,MIL,114,,,,False
2009-2010,2010,0020900735,20100205/CHIATL,Final,2010-02-06,02:00,1610612737,ATL,91,1610612741,CHI,81,,,,False
2009-2010,2010,0020900736,20100205/HOUMEM,Final,2010-02-06,02:00,1610612763,MEM,83,1610612745,HOU,101,,,,False
2009-2010,2010,0020900737,20100205/PHINOH,Final,2010-02-06,02:00,1610612740,NOH,94,1610612755,PHI,101,,,,False
2009-2010,2010,0020900738,20100205/MINDAL,Final,2010-02-06,02:30,1610612742,DAL,108,1610612750,MIN,117,,,,False
2009-2010,2010,0020900739,20100205/PHXSAC,Final,2010-02-06,04:00,1610612758,SAC,102,1610612756,PHX,114,,,,False
2009-2010,2010,0020900740,20100205/DENLAL,Final,2010-02-06,04:30,1610612747,LAL,113,1610612743,DEN,126,,,,False
2009-2010,2010,0020900741,20100206/NOHCHA,Final,2010-02-07,01:00,1610612766,CHA,99,1610612740,NOH,104,,,,False
2009-2010,2010,0020900743,20100206/NYKCLE,Final,2010-02-07,01:30,1610612739,CLE,113,1610612752,NYK,106,,,,False
2009-2010,2010,0020900744,20100206/NJNDET,Final,2010-02-07,01:30,1610612765,DET,99,1610612751,NJN,92,,,,False
2009-2010,2010,0020900745,20100206/MIACHI,Final,2010-02-07,02:00,1610612741,CHI,95,1610612748,MIA,91,,,,False
2009-2010,2010,0020900746,20100206/MEMMIN,Final,2010-02-07,02:00,1610612750,MIN,109,1610612763,MEM,102,,,,False
2009-2010,2010,0020900747,20100206/PHIHOU,Final,2010-02-07,02:30,1610612745,HOU,95,1610612755,PHI,102,,,,False
2009-2010,2010,0020900748,20100206/INDMIL,Final,2010-02-07,02:30,1610612749,MIL,93,1610612754,IND,81,,,,False
2009-2010,2010,0020900749,20100206/DENUTA,Final,2010-02-07,03:00,1610612762,UTA,116,1610612743,DEN,106,,,,False
2009-2010,2010,0020900750,20100206/LALPOR,Final,2010-02-07,04:00,1610612757,POR,82,1610612747,LAL,99,,,,False
2009-2010,2010,0020900751,20100206/OKCGSW,Final,2010-02-07,04:30,1610612744,GSW,95,1610612760,OKC,104,,,,False
2009-2010,2010,0020900752,20100206/SASLAC,Final,2010-02-07,04:30,1610612746,LAC,81,1610612759,SAS,98,,,,False
2009-2010,2010,0020900753,20100207/SACTOR,Final,2010-02-07,18:00,1610612761,TOR,115,1610612758,SAC,104,,,,False
2009-2010,2010,0020900754,20100207/ORLBOS,Final,2010-02-07,20:30,1610612738,BOS,89,1610612753,ORL,96,,,,False
2009-2010,2010,0020900755,20100208/NOHORL,Final,2010-02-09,02:00,1610612753,ORL,123,1610612740,NOH,117,,,,False
2009-2010,2010,0020900756,20100208/DALGSW,Final,2010-02-09,04:30,1610612744,GSW,117,1610612742,DAL,127,,,,False
2009-2010,2010,0020900757,20100208/SASLAL,Final,2010-02-09,04:30,1610612747,LAL,101,1610612759,SAS,89,,,,False
2009-2010,2010,0020900758,20100209/WASCHA,Final,2010-02-10,01:00,1610612766,CHA,94,1610612764,WAS,92,,,,False
2009-2010,2010,0020900759,20100209/NJNCLE,Final,2010-02-10,01:00,1610612739,CLE,104,1610612751,NJN,97,,,,False
2009-2010,2010,0020900760,20100209/CHIIND,Final,2010-02-10,01:00,1610612754,IND,101,1610612741,CHI,109,,,,False
2009-2010,2010,0020900761,20100209/MINPHI,Final,2010-02-10,01:00,1610612755,PHI,119,1610612750,MIN,97,,,,False
2009-2010,2010,0020900762,20100209/HOUMIA,Final,2010-02-10,01:30,1610612748,MIA,99,1610612745,HOU,66,,,,False
2009-2010,2010,0020900763,20100209/SACNYK,Final/OT,2010-02-10,01:30,1610612752,NYK,114,1610612758,SAC,118,,,,False
2009-2010,2010,0020900764,20100209/ATLMEM,Final,2010-02-10,02:00,1610612763,MEM,94,1610612737,ATL,108,,,,False
2009-2010,2010,0020900765,20100209/DETMIL,Final,2010-02-10,02:00,1610612749,MIL,81,1610612765,DET,93,,,,False
2009-2010,2010,0020900766,20100209/DALDEN,Final,2010-02-10,03:00,1610612743,DEN,127,1610612742,DAL,91,,,,False
2009-2010,2010,0020900767,20100209/OKCPOR,Final,2010-02-10,04:00,1610612757,POR,77,1610612760,OKC,89,,,,False
2009-2010,2010,0020900768,20100209/UTALAC,Final,2010-02-10,04:30,1610612746,LAC,99,1610612762,UTA,109,,,,False
2009-2010,2010,0020900769,20100210/MIAATL,Final,2010-02-11,01:00,1610612737,ATL,76,1610612748,MIA,94,,,,False
2009-2010,2010,0020900770,20100210/PHITOR,Final,2010-02-11,01:00,1610612761,TOR,104,1610612755,PHI,93,,,,False
2009-2010,2010,0020900771,20100210/SACDET,Final,2010-02-11,01:30,1610612765,DET,97,1610612758,SAC,103,,,,False
2009-2010,2010,0020900772,20100210/MILNJN,Final,2010-02-11,01:30,1610612751,NJN,77,1610612749,MIL,97,,,,False
2009-2010,2010,0020900773,20100210/ORLCHI,Final,2010-02-11,02:00,1610612741,CHI,87,1610612753,ORL,107,,,,False
2009-2010,2010,0020900774,20100210/CHAMIN,Final,2010-02-11,02:00,1610612750,MIN,92,1610612766,CHA,93,,,,False
2009-2010,2010,0020900775,20100210/BOSNOH,Final,2010-02-11,02:00,1610612740,NOH,93,1610612738,BOS,85,,,,False
2009-2010,2010,0020900776,20100210/PORPHX,Final,2010-02-11,03:00,1610612756,PHX,101,1610612757,POR,108,,,,False
2009-2010,2010,0020900777,20100210/LALUTA,Final,2010-02-11,03:00,1610612762,UTA,81,1610612747,LAL,96,,,,False
2009-2010,2010,0020900778,20100210/LACGSW,Final,2010-02-11,04:30,1610612744,GSW,132,1610612746,LAC,102,,,,False
2009-2010,2010,0020900779,20100211/ORLCLE,Final,2010-02-12,02:00,1610612739,CLE,115,1610612753,ORL,106,,,,False
2009-2010,2010,0020900780,20100211/SASDEN,Final,2010-02-12,04:30,1610612743,DEN,92,1610612759,SAS,111,,,,False
2009-2010,2010,0030900003,20100212/DALWST,Final,2010-02-13,01:00,1610616840,WST,42,1610616839,DAL,37,,,,False
2009-2010,2010,0030900002,20100212/RKESPH,Final,2010-02-13,03:00,1610616838,SPH,128,1610616837,RKE,140,,Rising Stars,,False
2009-2010,2010,0030900001,20100214/ESTWST,Final,2010-02-15,02:00,1610616834,WST,139,1610616833,EST,141,,All-Star Game,,False
2009-2010,2010,0020900781,20100216/NJNCHA,Final,2010-02-17,01:00,1610612766,CHA,94,1610612751,NJN,103,,,,False
2009-2010,2010,0020900782,20100216/MIAPHI,Final,2010-02-17,01:00,1610612755,PHI,78,1610612748,MIA,105,,,,False
2009-2010,2010,0020900783,20100216/MINDET,Final,2010-02-17,01:30,1610612765,DET,108,1610612750,MIN,85,,,,False
2009-2010,2010,0020900784,20100216/NYKCHI,Final,2010-02-17,02:00,1610612741,CHI,118,1610612752,NYK,85,,,,False
2009-2010,2010,0020900785,20100216/PHXMEM,Final,2010-02-17,02:00,1610612763,MEM,95,1610612756,PHX,109,,,,False
2009-2010,2010,0020900786,20100216/DALOKC,Final,2010-02-17,02:00,1610612760,OKC,99,1610612742,DAL,86,,,,False
2009-2010,2010,0020900787,20100216/UTAHOU,Final,2010-02-17,02:30,1610612745,HOU,95,1610612762,UTA,104,,,,False
2009-2010,2010,0020900788,20100216/LACPOR,Final,2010-02-17,04:00,1610612757,POR,109,1610612746,LAC,87,,,,False
2009-2010,2010,0020900789,20100216/BOSSAC,Final,2010-02-17,04:00,1610612758,SAC,92,1610612738,BOS,95,,,,False
2009-2010,2010,0020900790,20100216/GSWLAL,Final,2010-02-17,04:30,1610612747,LAL,104,1610612744,GSW,94,,,,False
2009-2010,2010,0020900791,20100217/SASIND,Final,2010-02-18,01:00,1610612754,IND,87,1610612759,SAS,90,,,,False
2009-2010,2010,0020900792,20100217/DETORL,Final,2010-02-18,01:00,1610612753,ORL,116,1610612765,DET,91,,,,False
2009-2010,2010,0020900793,20100217/MEMTOR,Final/OT,2010-02-18,01:00,1610612761,TOR,102,1610612763,MEM,109,,,,False
2009-2010,2010,0020900794,20100217/MINWAS,Final,2010-02-18,01:00,1610612764,WAS,108,1610612750,MIN,99,,,,False
2009-2010,2010,0020900795,20100217/MIANJN,Final,2010-02-18,01:30,1610612751,NJN,84,1610612748,MIA,87,,,,False
2009-2010,2010,0020900796,20100217/CHINYK,Final,2010-02-18,01:30,1610612752,NYK,109,1610612741,CHI,115,,,,False
2009-2010,2010,0020900797,20100217/HOUMIL,Final,2010-02-18,02:00,1610612749,MIL,99,1610612745,HOU,127,,,,False
2009-2010,2010,0020900798,20100217/UTANOH,Final,2010-02-18,02:00,1610612740,NOH,90,1610612762,UTA,98,,,,False
2009-2010,2010,0020900799,20100217/PHXDAL,Final,2010-02-18,03:00,1610612742,DAL,107,1610612756,PHX,97,,,,False
2009-2010,2010,0020900800,20100217/SACGSW,Final,2010-02-18,04:30,1610612744,GSW,130,1610612758,SAC,98,,,,False
2009-2010,2010,0020900801,20100217/ATLLAC,Final,2010-02-18,04:30,1610612746,LAC,92,1610612737,ATL,110,,,,False
2009-2010,2010,0020900802,20100218/DENCLE,Final/OT,2010-02-19,02:00,1610612739,CLE,116,1610612743,DEN,118,,,,False
2009-2010,2010,0020900803,20100218/BOSLAL,Final,2010-02-19,04:30,1610612747,LAL,86,1610612738,BOS,87,,,,False
2009-2010,2010,0020900804,20100219/CLECHA,Final,2010-02-20,01:00,1610612766,CHA,110,1610612739,CLE,93,,,,False
2009-2010,2010,0020900805,20100219/SASPHI,Final,2010-02-20,01:00,1610612755,PHI,106,1610612759,SAS,94,,,,False
2009-2010,2010,0020900806,20100219/DENWAS,Final,2010-02-20,01:00,1610612764,WAS,107,1610612743,DEN,97,,,,False
2009-2010,2010,0020900807,20100219/MILDET,Final,2010-02-20,02:00,1610612765,DET,85,1610612749,MIL,91,,,,False
2009-2010,2010,0020900808,20100219/MIAMEM,Final/OT2,2010-02-20,02:00,1610612763,MEM,87,1610612748,MIA,100,,,,False
2009-2010,2010,0020900809,20100219/CHIMIN,Final,2010-02-20,02:00,1610612750,MIN,94,1610612741,CHI,100,,,,False
2009-2010,2010,0020900810,20100219/TORNJN,Final,2010-02-20,02:00,1610612751,NJN,89,1610612761,TOR,106,,,,False
2009-2010,2010,0020900811,20100219/INDNOH,Final,2010-02-20,02:00,1610612740,NOH,107,1610612754,IND,101,,,,False
2009-2010,2010,0020900812,20100219/DALORL,Final,2010-02-20,02:00,1610612753,ORL,85,1610612742,DAL,95,,,,False
2009-2010,2010,0020900813,20100219/ATLPHX,Final,2010-02-20,03:00,1610612756,PHX,88,1610612737,ATL,80,,,,False
2009-2010,2010,0020900814,20100219/UTAGSW,Final,2010-02-20,04:30,1610612744,GSW,89,1610612762,UTA,100,,,,False
2009-2010,2010,0020900815,20100219/BOSPOR,Final,2010-02-20,04:30,1610612757,POR,76,1610612738,BOS,96,,,,False
2009-2010,2010,0020900816,20100220/WASTOR,Final,2010-02-21,01:00,1610612761,TOR,109,1610612764,WAS,104,,,,False
2009-2010,2010,0020900817,20100220/OKCNYK,Final/OT,2010-02-21,01:30,1610612752,NYK,118,1610612760,OKC,121,,,,False
2009-2010,2010,0020900818,20100220/PHICHI,Final,2010-02-21,02:00,1610612741,CHI,122,1610612755,PHI,90,,,,False
2009-2010,2010,0020900819,20100220/MIADAL,Final,2010-02-21,02:30,1610612742,DAL,97,1610612748,MIA,91,,,,False
2009-2010,2010,0020900820,20100220/INDHOU,Final,2010-02-21,02:30,1610612745,HOU,115,1610612754,IND,125,,,,False
2009-2010,2010,0020900821,20100220/CHAMIL,Final,2010-02-21,02:30,1610612749,MIL,93,1610612766,CHA,88,,,,False
2009-2010,2010,0020900822,20100220/SACLAC,Final,2010-02-21,04:30,1610612746,LAC,99,1610612758,SAC,89,,,,False
2009-2010,2010,0020900823,20100221/CLEORL,Final,2010-02-21,19:00,1610612753,ORL,101,1610612739,CLE,95,,,,False
2009-2010,2010,0020900824,20100221/BOSDEN,Final,2010-02-21,21:30,1610612743,DEN,114,1610612738,BOS,105,,,,False
2009-2010,2010,0020900825,20100221/SASDET,Final/OT,2010-02-22,00:00,1610612765,DET,109,1610612759,SAS,101,,,,False
2009-2010,2010,0020900826,20100221/MEMNJN,Final,2010-02-22,00:00,1610612751,NJN,94,1610612763,MEM,104,,,,False
2009-2010,2010,0020900827,20100221/OKCMIN,Final,2010-02-22,01:00,1610612750,MIN,107,1610612760,OKC,109,,,,False
2009-2010,2010,0020900828,20100221/HOUNOH,Final,2010-02-22,01:00,1610612740,NOH,102,1610612745,HOU,94,,,,False
2009-2010,2010,0020900829,20100221/ATLGSW,Final,2010-02-22,02:00,1610612744,GSW,108,1610612737,ATL,104,,,,False
2009-2010,2010,0020900830,20100221/SACPHX,Final,2010-02-22,02:00,1610612756,PHX,104,1610612758,SAC,88,,,,False
2009-2010,2010,0020900831,20100221/UTAPOR,Final/OT,2010-02-22,04:30,1610612757,POR,89,1610612762,UTA,93,,,,False
2009-2010,2010,0020900832,20100222/CHIWAS,Final,2010-02-23,01:00,1610612764,WAS,101,1610612741,CHI,95,,,,False
2009-2010,2010,0020900833,20100222/MILNYK,Final,2010-02-23,01:30,1610612752,NYK,67,1610612749,MIL,83,,,,False
2009-2010,2010,0020900834,20100222/INDDAL,Final,2010-02-23,02:30,1610612742,DAL,91,1610612754,IND,82,,,,False
2009-2010,2010,0020900835,20100222/ATLUTA,Final,2010-02-23,03:00,1610612762,UTA,100,1610612737,ATL,105,,,,False
2009-2010,2010,0020900836,20100222/CHALAC,Final,2010-02-23,04:30,1610612746,LAC,98,1610612766,CHA,94,,,,False
2009-2010,2010,0020900837,20100223/NOHCLE,Final,2010-02-24,01:00,1610612739,CLE,105,1610612740,NOH,95,,,,False
2009-2010,2010,0020900838,20100223/NYKBOS,Final,2010-02-24,01:30,1610612738,BOS,110,1610612752,NYK,106,,,,False
2009-2010,2010,0020900839,20100223/MINMIA,Final,2010-02-24,01:30,1610612748,MIA,88,1610612750,MIN,91,,,,False
2009-2010,2010,0020900840,20100223/PORNJN,Final,2010-02-24,01:30,1610612751,NJN,93,1610612757,POR,102,,,,False
2009-2010,2010,0020900841,20100223/LALMEM,Final,2010-02-24,02:00,1610612763,MEM,98,1610612747,LAL,99,,,,False
2009-2010,2010,0020900842,20100223/PHXOKC,Final,2010-02-24,02:00,1610612760,OKC,102,1610612756,PHX,104,,,,False
2009-2010,2010,0020900843,20100223/DETSAC,Final,2010-02-24,04:00,1610612758,SAC,89,1610612765,DET,101,,,,False
2009-2010,2010,0020900844,20100223/PHIGSW,Final,2010-02-24,04:30,1610612744,GSW,102,1610612755,PHI,110,,,,False
2009-2010,2010,0020900845,20100224/MINATL,Final,2010-02-25,01:00,1610612737,ATL,98,1610612750,MIN,92,,,,False
2009-2010,2010,0020900846,20100224/PORTOR,Final,2010-02-25,01:00,1610612761,TOR,87,1610612757,POR,101,,,,False
2009-2010,2010,0020900847,20100224/MEMWAS,Final,2010-02-25,01:00,1610612764,WAS,94,1610612763,MEM,99,,,,False
2009-2010,2010,0020900848,20100224/INDCHI,Final,2010-02-25,02:00,1610612741,CHI,120,1610612754,IND,110,,,,False
2009-2010,2010,0020900849,20100224/NOHMIL,Final,2010-02-25,02:00,1610612749,MIL,115,1610612740,NOH,95,,,,False
2009-2010,2010,0020900850,20100224/ORLHOU,Final,2010-02-25,02:30,1610612745,HOU,92,1610612753,ORL,110,,,,False
2009-2010,2010,0020900851,20100224/OKCSAS,Final,2010-02-25,02:30,1610612759,SAS,95,1610612760,OKC,87,,,,False
2009-2010,2010,0020900852,20100224/LALDAL,Final,2010-02-25,03:00,1610612742,DAL,101,1610612747,LAL,96,,,,False
2009-2010,2010,0020900853,20100224/PHIPHX,Final,2010-02-25,03:00,1610612756,PHX,106,1610612755,PHI,95,,,,False
2009-2010,2010,0020900854,20100224/CHAUTA,Final,2010-02-25,03:00,1610612762,UTA,102,1610612766,CHA,93,,,,False
2009-2010,2010,0020900855,20100224/DETLAC,Final,2010-02-25,04:30,1610612746,LAC,97,1610612765,DET,91,,,,False
2009-2010,2010,0020900856,20100225/MILIND,Final,2010-02-26,01:00,1610612754,IND,110,1610612749,MIL,112,,,,False
2009-2010,2010,0020900857,20100225/CLEBOS,Final,2010-02-26,02:00,1610612738,BOS,88,1610612739,CLE,108,,,,False
2009-2010,2010,0020900858,20100225/DENGSW,Final,2010-02-26,04:30,1610612744,GSW,112,1610612743,DEN,127,,,,False
2009-2010,2010,0020900859,20100226/CLETOR,Final/OT,2010-02-27,01:00,1610612761,TOR,118,1610612739,CLE,126,,,,False
2009-2010,2010,0020900860,20100226/NYKWAS,Final/OT,2010-02-27,01:00,1610612764,WAS,116,1610612752,NYK,118,,,,False
2009-2010,2010,0020900861,20100226/DALATL,Final/OT,2010-02-27,01:00,1610612737,ATL,103,1610612742,DAL,111,,,,False
2009-2010,2010,0020900862,20100226/PORCHI,Final/OT,2010-02-27,02:00,1610612741,CHI,115,1610612757,POR,111,,,,False
2009-2010,2010,0020900863,20100226/CHAMEM,Final,2010-02-27,02:00,1610612763,MEM,89,1610612766,CHA,93,,,,False
2009-2010,2010,0020900865,20100226/MINOKC,Final,2010-02-27,02:00,1610612760,OKC,109,1610612750,MIN,92,,,,False
2009-2010,2010,0020900866,20100226/SASHOU,Final,2010-02-27,02:30,1610612745,HOU,109,1610612759,SAS,104,,,,False
2009-2010,2010,0020900867,20100226/DETDEN,Final,2010-02-27,03:00,1610612743,DEN,107,1610612765,DET,102,,,,False
2009-2010,2010,0020900870,20100226/LACPHX,Final,2010-02-27,03:00,1610612756,PHX,125,1610612746,LAC,112,,,,False
2009-2010,2010,0020900864,20100226/ORLNOH,Final,2010-02-27,03:30,1610612740,NOH,100,1610612753,ORL,93,,,,False
2009-2010,2010,0020900868,20100226/UTASAC,Final,2010-02-27,04:00,1610612758,SAC,103,1610612762,UTA,99,,,,False
2009-2010,2010,0020900869,20100226/PHILAL,Final,2010-02-27,04:30,1610612747,LAL,99,1610612755,PHI,90,,,,False
2009-2010,2010,0020900871,20100227/NJNBOS,Final,2010-02-27,19:00,1610612738,BOS,96,1610612751,NJN,104,,,,False
2009-2010,2010,0020900872,20100227/MILMIA,Final,2010-02-27,21:30,1610612748,MIA,71,1610612749,MIL,94,,,,False
2009-2010,2010,0020900873,20100227/CHIIND,Final,2010-02-28,01:00,1610612754,IND,100,1610612741,CHI,90,,,,False
2009-2010,2010,0020900874,20100227/MEMNYK,Final,2010-02-28,01:30,1610612752,NYK,109,1610612763,MEM,120,,,,False
2009-2010,2010,0020900875,20100227/PORMIN,Final,2010-02-28,02:00,1610612750,MIN,91,1610612757,POR,110,,,,False
2009-2010,2010,0020900876,20100227/HOUUTA,Final,2010-02-28,03:00,1610612762,UTA,133,1610612745,HOU,110,,,,False
2009-2010,2010,0020900877,20100227/DETGSW,Final,2010-02-28,04:30,1610612744,GSW,95,1610612765,DET,88,,,,False
2009-2010,2010,0020900878,20100228/PHXSAS,Final,2010-02-28,19:00,1610612759,SAS,113,1610612756,PHX,110,,,,False
2009-2010,2010,0020900879,20100228/DENLAL,Final,2010-02-28,21:30,1610612747,LAL,95,1610612743,DEN,89,,,,False
2009-2010,2010,0020900880,20100228/MILATL,Final/OT,2010-03-01,00:00,1610612737,ATL,106,1610612749,MIL,102,,,,False
2009-2010,2010,0020900881,20100228/WASNJN,Final,2010-03-01,00:00,1610612751,NJN,85,1610612764,WAS,89,,,,False
2009-2010,2010,0020900882,20100228/TOROKC,Final,2010-03-01,01:00,1610612760,OKC,119,1610612761,TOR,99,,,,False
2009-2010,2010,0020900883,20100228/MIAORL,Final,2010-03-01,01:00,1610612753,ORL,96,1610612748,MIA,80,,,,False
2009-2010,2010,0020900884,20100228/LACSAC,Final,2010-03-01,03:00,1610612758,SAC,97,1610612746,LAC,92,,,,False
2009-2010,2010,0020900885,20100228/NOHDAL,Final,2010-03-01,03:30,1610612742,DAL,108,1610612740,NOH,100,,,,False
2009-2010,2010,0020900886,20100301/DALCHA,Final,2010-03-02,01:00,1610612766,CHA,84,1610612742,DAL,89,,,,False
2009-2010,2010,0020900887,20100301/NYKCLE,Final,2010-03-02,01:00,1610612739,CLE,124,1610612752,NYK,93,,,,False
2009-2010,2010,0020900888,20100301/ORLPHI,Final,2010-03-02,01:00,1610612755,PHI,105,1610612753,ORL,126,,,,False
2009-2010,2010,0020900889,20100301/ATLCHI,Final,2010-03-02,02:00,1610612741,CHI,92,1610612737,ATL,116,,,,False
2009-2010,2010,0020900890,20100301/PORMEM,Final,2010-03-02,02:00,1610612763,MEM,93,1610612757,POR,103,,,,False
2009-2010,2010,0020900891,20100301/SASNOH,Final,2010-03-02,02:00,1610612740,NOH,92,1610612759,SAS,106,,,,False
2009-2010,2010,0020900892,20100301/TORHOU,Final,2010-03-02,02:30,1610612745,HOU,116,1610612761,TOR,92,,,,False
2009-2010,2010,0020900893,20100301/DENPHX,Final,2010-03-02,03:00,1610612756,PHX,101,1610612743,DEN,85,,,,False
2009-2010,2010,0020900894,20100301/UTALAC,Final,2010-03-02,04:30,1610612746,LAC,108,1610612762,UTA,104,,,,False
2009-2010,2010,0020900895,20100302/BOSDET,Final,2010-03-03,01:30,1610612765,DET,100,1610612738,BOS,105,,,,False
2009-2010,2010,0020900896,20100302/GSWMIA,Final,2010-03-03,01:30,1610612748,MIA,110,1610612744,GSW,106,,,,False
2009-2010,2010,0020900897,20100302/SACOKC,Final,2010-03-03,02:00,1610612760,OKC,113,1610612758,SAC,107,,,,False
2009-2010,2010,0020900898,20100302/INDLAL,Final,2010-03-03,04:30,1610612747,LAL,122,1610612754,IND,99,,,,False
2009-2010,2010,0020900899,20100303/PHIATL,Final,2010-03-04,01:00,1610612737,ATL,112,1610612755,PHI,93,,,,False
2009-2010,2010,0020900900,20100303/GSWORL,Final,2010-03-04,01:00,1610612753,ORL,117,1610612744,GSW,90,,,,False
2009-2010,2010,0020900901,20100303/CHABOS,Final,2010-03-04,01:30,1610612738,BOS,104,1610612766,CHA,80,,,,False
2009-2010,2010,0020900902,20100303/CLENJN,Final,2010-03-04,01:30,1610612751,NJN,92,1610612739,CLE,111,,,,False
2009-2010,2010,0020900903,20100303/DETNYK,Final,2010-03-04,01:30,1610612752,NYK,128,1610612765,DET,104,,,,False
2009-2010,2010,0020900904,20100303/WASMIL,Final,2010-03-04,02:00,1610612749,MIL,100,1610612764,WAS,87,,,,False
2009-2010,2010,0020900905,20100303/MEMNOH,Final,2010-03-04,02:00,1610612740,NOH,100,1610612763,MEM,104,,,,False
2009-2010,2010,0020900906,20100303/MINDAL,Final,2010-03-04,02:30,1610612742,DAL,112,1610612750,MIN,109,,,,False
2009-2010,2010,0020900907,20100303/SACHOU,Final,2010-03-04,02:30,1610612745,HOU,81,1610612758,SAC,84,,,,False
2009-2010,2010,0020900908,20100303/OKCDEN,Final,2010-03-04,03:00,1610612743,DEN,119,1610612760,OKC,90,,,,False
2009-2010,2010,0020900909,20100303/INDPOR,Final,2010-03-04,04:00,1610612757,POR,102,1610612754,IND,79,,,,False
2009-2010,2010,0020900910,20100303/PHXLAC,Final,2010-03-04,04:30,1610612746,LAC,101,1610612756,PHX,127,,,,False
2009-2010,2010,0020900911,20100304/MEMCHI,Final,2010-03-05,02:00,1610612741,CHI,96,1610612763,MEM,105,,,,False
2009-2010,2010,0020900912,20100304/LALMIA,Final/OT,2010-03-05,02:00,1610612748,MIA,114,1610612747,LAL,111,,,,False
2009-2010,2010,0020900913,20100304/UTAPHX,Final,2010-03-05,04:30,1610612756,PHX,108,1610612762,UTA,116,,,,False
2009-2010,2010,0020900914,20100305/LALCHA,Final,2010-03-06,01:00,1610612766,CHA,98,1610612747,LAL,83,,,,False
2009-2010,2010,0020900915,20100305/DETCLE,Final,2010-03-06,01:00,1610612739,CLE,99,1610612765,DET,92,,,,False
2009-2010,2010,0020900916,20100305/BOSPHI,Final,2010-03-06,01:00,1610612755,PHI,86,1610612738,BOS,96,,,,False
2009-2010,2010,0020900917,20100305/NYKTOR,Final,2010-03-06,01:00,1610612761,TOR,102,1610612752,NYK,96,,,,False
2009-2010,2010,0020900918,20100305/MILWAS,Final,2010-03-06,01:00,1610612764,WAS,74,1610612749,MIL,102,,,,False
2009-2010,2010,0020900919,20100305/GSWATL,Final,2010-03-06,01:30,1610612737,ATL,127,1610612744,GSW,122,,,,False
2009-2010,2010,0020900920,20100305/ORLNJN,Final,2010-03-06,02:00,1610612751,NJN,87,1610612753,ORL,97,,,,False
2009-2010,2010,0020900921,20100305/SACDAL,Final,2010-03-06,02:30,1610612742,DAL,108,1610612758,SAC,100,,,,False
2009-2010,2010,0020900922,20100305/INDDEN,Final,2010-03-06,03:00,1610612743,DEN,122,1610612754,IND,114,,,,False
2009-2010,2010,0020900923,20100305/NOHSAS,Final,2010-03-06,03:30,1610612759,SAS,102,1610612740,NOH,91,,,,False
2009-2010,2010,0020900924,20100305/OKCLAC,Final,2010-03-06,04:30,1610612746,LAC,87,1610612760,OKC,104,,,,False
2009-2010,2010,0020900925,20100306/GSWCHA,Final,2010-03-07,01:00,1610612766,CHA,101,1610612744,GSW,90,,,,False
2009-2010,2010,0020900926,20100306/ATLMIA,Final,2010-03-07,01:30,1610612748,MIA,100,1610612737,ATL,94,,,,False
2009-2010,2010,0020900927,20100306/NJNNYK,Final,2010-03-07,01:30,1610612752,NYK,93,1610612751,NJN,113,,,,False
2009-2010,2010,0020900928,20100306/DALCHI,Final,2010-03-07,02:00,1610612741,CHI,116,1610612742,DAL,122,,,,False
2009-2010,2010,0020900929,20100306/SASMEM,Final,2010-03-07,02:00,1610612763,MEM,92,1610612759,SAS,102,,,,False
2009-2010,2010,0020900930,20100306/HOUMIN,Final,2010-03-07,02:00,1610612750,MIN,98,1610612745,HOU,112,,,,False
2009-2010,2010,0020900931,20100306/CLEMIL,Final,2010-03-07,02:30,1610612749,MIL,92,1610612739,CLE,85,,,,False
2009-2010,2010,0020900932,20100306/INDPHX,Final,2010-03-07,03:00,1610612756,PHX,113,1610612754,IND,105,,,,False
2009-2010,2010,0020900933,20100306/LACUTA,Final,2010-03-07,03:00,1610612762,UTA,107,1610612746,LAC,85,,,,False
2009-2010,2010,0020900934,20100307/PHITOR,Final,2010-03-07,18:00,1610612761,TOR,101,1610612755,PHI,114,,,,False
2009-2010,2010,0020900935,20100307/LALORL,Final,2010-03-07,20:30,1610612753,ORL,96,1610612747,LAL,94,,,,False
2009-2010,2010,0020900936,20100307/HOUDET,Final/OT,2010-03-08,00:00,1610612765,DET,110,1610612745,HOU,107,,,,False
2009-2010,2010,0020900937,20100307/WASBOS,Final,2010-03-08,02:00,1610612738,BOS,86,1610612764,WAS,83,,,,False
2009-2010,2010,0020900938,20100307/OKCSAC,Final,2010-03-08,03:00,1610612758,SAC,102,1610612760,OKC,108,,,,False
2009-2010,2010,0020900939,20100307/PORDEN,Final,2010-03-08,04:30,1610612743,DEN,118,1610612757,POR,106,,,,False
2009-2010,2010,0020900940,20100308/SASCLE,Final,2010-03-09,01:00,1610612739,CLE,97,1610612759,SAS,95,,,,False
2009-2010,2010,0020900941,20100308/ATLNYK,Final,2010-03-09,01:30,1610612752,NYK,99,1610612737,ATL,98,,,,False
2009-2010,2010,0020900942,20100308/NJNMEM,Final,2010-03-09,02:00,1610612763,MEM,107,1610612751,NJN,101,,,,False
2009-2010,2010,0020900943,20100308/DALMIN,Final,2010-03-09,02:00,1610612750,MIN,112,1610612742,DAL,125,,,,False
2009-2010,2010,0020900944,20100308/GSWNOH,Final,2010-03-09,02:00,1610612740,NOH,135,1610612744,GSW,131,,,,False
2009-2010,2010,0020900945,20100309/MIACHA,Final,2010-03-10,01:00,1610612766,CHA,83,1610612748,MIA,78,,,,False
2009-2010,2010,0020900946,20100309/PHIIND,Final,2010-03-10,01:00,1610612754,IND,107,1610612755,PHI,96,,,,False
2009-2010,2010,0020900947,20100309/LACORL,Final,2010-03-10,01:00,1610612753,ORL,113,1610612746,LAC,87,,,,False
2009-2010,2010,0020900948,20100309/HOUWAS,Final,2010-03-10,01:00,1610612764,WAS,88,1610612745,HOU,96,,,,False
2009-2010,2010,0020900949,20100309/UTACHI,Final,2010-03-10,02:00,1610612741,CHI,108,1610612762,UTA,132,,,,False
2009-2010,2010,0020900950,20100309/BOSMIL,Final,2010-03-10,02:00,1610612749,MIL,86,1610612738,BOS,84,,,,False
2009-2010,2010,0020900951,20100309/SACPOR,Final,2010-03-10,04:00,1610612757,POR,88,1610612758,SAC,81,,,,False
2009-2010,2010,0020900952,20100309/TORLAL,Final,2010-03-10,04:30,1610612747,LAL,109,1610612761,TOR,107,,,,False
2009-2010,2010,0020900953,20100310/CHAPHI,Final,2010-03-11,01:00,1610612755,PHI,87,1610612766,CHA,102,,,,False
2009-2010,2010,0020900954,20100310/MEMBOS,Final,2010-03-11,01:30,1610612738,BOS,91,1610612763,MEM,111,,,,False
2009-2010,2010,0020900955,20100310/UTADET,Final,2010-03-11,01:30,1610612765,DET,104,1610612762,UTA,115,,,,False
2009-2010,2010,0020900956,20100310/LACMIA,Final,2010-03-11,01:30,1610612748,MIA,108,1610612746,LAC,97,,,,False
2009-2010,2010,0020900957,20100310/DENMIN,Final,2010-03-11,02:00,1610612750,MIN,102,1610612743,DEN,110,,,,False
2009-2010,2010,0020900958,20100310/NOHOKC,Final,2010-03-11,02:00,1610612760,OKC,98,1610612740,NOH,83,,,,False
2009-2010,2010,0020900959,20100310/NJNDAL,Final,2010-03-11,02:30,1610612742,DAL,96,1610612751,NJN,87,,,,False
2009-2010,2010,0020900960,20100310/NYKSAS,Final,2010-03-11,02:30,1610612759,SAS,97,1610612752,NYK,87,,,,False
2009-2010,2010,0020900961,20100310/TORSAC,Final,2010-03-11,04:00,1610612758,SAC,113,1610612761,TOR,90,,,,False
2009-2010,2010,0020900742,20100311/ATLWAS,Final,2010-03-12,01:00,1610612764,WAS,99,1610612737,ATL,105,,,,False
2009-2010,2010,0020900962,20100311/CHIORL,Final,2010-03-12,02:00,1610612753,ORL,111,1610612741,CHI,82,,,,False
2009-2010,2010,0020900963,20100311/PORGSW,Final,2010-03-12,04:30,1610612744,GSW,105,1610612757,POR,110,,,,False
2009-2010,2010,0020900964,20100312/LACCHA,Final,2010-03-13,01:00,1610612766,CHA,106,1610612746,LAC,98,,,,False
2009-2010,2010,0020900965,20100312/CLEPHI,Final,2010-03-13,01:00,1610612755,PHI,95,1610612739,CLE,100,,,,False
2009-2010,2010,0020900966,20100312/INDBOS,Final,2010-03-13,01:30,1610612738,BOS,122,1610612754,IND,103,,,,False
2009-2010,2010,0020900967,20100312/CHIMIA,Final,2010-03-13,01:30,1610612748,MIA,108,1610612741,CHI,95,,,,False
2009-2010,2010,0020900968,20100312/WASDET,Final,2010-03-13,02:00,1610612765,DET,101,1610612764,WAS,87,,,,False
2009-2010,2010,0020900969,20100312/NYKMEM,Final,2010-03-13,02:00,1610612763,MEM,119,1610612752,NYK,112,,,,False
2009-2010,2010,0020900970,20100312/SASMIN,Final,2010-03-13,02:00,1610612750,MIN,85,1610612759,SAS,103,,,,False
2009-2010,2010,0020900971,20100312/DENNOH,Final,2010-03-13,02:00,1610612740,NOH,95,1610612743,DEN,102,,,,False
2009-2010,2010,0020900972,20100312/NJNOKC,Final,2010-03-13,02:00,1610612760,OKC,104,1610612751,NJN,102,,,,False
2009-2010,2010,0020900973,20100312/UTAMIL,Final,2010-03-13,02:30,1610612749,MIL,95,1610612762,UTA,87,,,,False
2009-2010,2010,0020900974,20100312/LALPHX,Final,2010-03-13,03:00,1610612756,PHX,96,1610612747,LAL,102,,,,False
2009-2010,2010,0020900975,20100312/PORSAC,Final,2010-03-13,04:00,1610612758,SAC,94,1610612757,POR,110,,,,False
2009-2010,2010,0020900976,20100313/DETATL,Final,2010-03-14,01:00,1610612737,ATL,112,1610612765,DET,99,,,,False
2009-2010,2010,0020900977,20100313/ORLWAS,Final,2010-03-14,01:00,1610612764,WAS,95,1610612753,ORL,109,,,,False
2009-2010,2010,0020900978,20100313/DENMEM,Final,2010-03-14,02:00,1610612763,MEM,108,1610612743,DEN,125,,,,False
2009-2010,2010,0020900979,20100313/NYKDAL,Final,2010-03-14,02:30,1610612742,DAL,94,1610612752,NYK,128,,,,False
2009-2010,2010,0020900980,20100313/NJNHOU,Final,2010-03-14,02:30,1610612745,HOU,116,1610612751,NJN,108,,,,False
2009-2010,2010,0020900981,20100313/LACSAS,Final,2010-03-14,02:30,1610612759,SAS,118,1610612746,LAC,88,,,,False
2009-2010,2010,0020900982,20100313/TORGSW,Final,2010-03-14,04:30,1610612744,GSW,124,1610612761,TOR,112,,,,False
2009-2010,2010,0020900983,20100314/INDMIL,Final,2010-03-14,18:00,1610612749,MIL,98,1610612754,IND,94,,,,False
2009-2010,2010,0020900984,20100314/BOSCLE,Final,2010-03-14,20:30,1610612739,CLE,104,1610612738,BOS,93,,,,False
2009-2010,2010,0020900985,20100314/PHIMIA,Final,2010-03-14,23:00,1610612748,MIA,104,1610612755,PHI,91,,,,False
2009-2010,2010,0020900986,20100314/CHAORL,Final,2010-03-14,23:00,1610612753,ORL,89,1610612766,CHA,96,,,,False
2009-2010,2010,0020900987,20100314/UTAOKC,Final,2010-03-15,00:00,1610612760,OKC,119,1610612762,UTA,111,,,,False
2009-2010,2010,0020900988,20100314/NOHPHX,Final,2010-03-15,02:00,1610612756,PHX,120,1610612740,NOH,106,,,,False
2009-2010,2010,0020900989,20100314/TORPOR,Final,2010-03-15,02:00,1610612757,POR,109,1610612761,TOR,98,,,,False
2009-2010,2010,0020900990,20100314/MINSAC,Final,2010-03-15,02:00,1610612758,SAC,114,1610612750,MIN,100,,,,False
2009-2010,2010,0020900991,20100315/NYKPHI,Final,2010-03-16,00:00,1610612755,PHI,84,1610612752,NYK,94,,,,False
2009-2010,2010,0020900992,20100315/DETBOS,Final,2010-03-16,01:00,1610612738,BOS,119,1610612765,DET,93,,,,False
2009-2010,2010,0020900993,20100315/DENHOU,Final,2010-03-16,01:30,1610612745,HOU,125,1610612743,DEN,123,,,,False
2009-2010,2010,0020900994,20100315/WASUTA,Final,2010-03-16,02:00,1610612762,UTA,112,1610612764,WAS,89,,,,False
2009-2010,2010,0020900995,20100315/LALGSW,Final,2010-03-16,03:30,1610612744,GSW,121,1610612747,LAL,124,,,,False
2009-2010,2010,0020900996,20100315/NOHLAC,Final,2010-03-16,03:30,1610612746,LAC,100,1610612740,NOH,108,,,,False
2009-2010,2010,0020900997,20100316/CHAIND,Final,2010-03-17,00:00,1610612754,IND,99,1610612766,CHA,94,,,,False
2009-2010,2010,0020900998,20100316/CLEDET,Final,2010-03-17,00:30,1610612765,DET,101,1610612739,CLE,113,,,,False
2009-2010,2010,0020900999,20100316/SASMIA,Final,2010-03-17,00:30,1610612748,MIA,76,1610612759,SAS,88,,,,False
2009-2010,2010,0020901000,20100316/ATLNJN,Final,2010-03-17,00:30,1610612751,NJN,84,1610612737,ATL,108,,,,False
2009-2010,2010,0020901001,20100316/CHIMEM,Final,2010-03-17,01:00,1610612763,MEM,104,1610612741,CHI,97,,,,False
2009-2010,2010,0020901002,20100316/WASDEN,Final,2010-03-17,02:00,1610612743,DEN,97,1610612764,WAS,87,,,,False
2009-2010,2010,0020901003,20100316/MINPHX,Final,2010-03-17,03:00,1610612756,PHX,152,1610612750,MIN,114,,,,False
2009-2010,2010,0020901004,20100316/LALSAC,Final,2010-03-17,03:00,1610612758,SAC,99,1610612747,LAL,106,,,,False
2009-2010,2010,0020901005,20100317/OKCCHA,Final,2010-03-18,00:00,1610612766,CHA,100,1610612760,OKC,92,,,,False
2009-2010,2010,0020901006,20100317/INDCLE,Final,2010-03-18,00:00,1610612739,CLE,99,1610612754,IND,94,,,,False
2009-2010,2010,0020901007,20100317/NJNPHI,Final,2010-03-18,00:00,1610612755,PHI,108,1610612751,NJN,97,,,,False
2009-2010,2010,0020901008,20100317/ATLTOR,Final,2010-03-18,00:00,1610612761,TOR,106,1610612737,ATL,105,,,,False
2009-2010,2010,0020901009,20100317/NYKBOS,Final,2010-03-18,00:30,1610612738,BOS,109,1610612752,NYK,97,,,,False
2009-2010,2010,0020901010,20100317/SASORL,Final,2010-03-18,01:00,1610612753,ORL,110,1610612759,SAS,84,,,,False
2009-2010,2010,0020901011,20100317/CHIDAL,Final,2010-03-18,01:30,1610612742,DAL,113,1610612741,CHI,106,,,,False
2009-2010,2010,0020901012,20100317/MEMHOU,Final,2010-03-18,01:30,1610612745,HOU,107,1610612763,MEM,94,,,,False
2009-2010,2010,0020901013,20100317/MINUTA,Final,2010-03-18,02:00,1610612762,UTA,122,1610612750,MIN,100,,,,False
2009-2010,2010,0020901014,20100317/NOHGSW,Final,2010-03-18,03:30,1610612744,GSW,131,1610612740,NOH,121,,,,False
2009-2010,2010,0020901015,20100317/MILLAC,Final,2010-03-18,03:30,1610612746,LAC,101,1610612749,MIL,93,,,,False
2009-2010,2010,0020901016,20100318/ORLMIA,Final/OT,2010-03-19,00:00,1610612748,MIA,102,1610612753,ORL,108,,,,False
2009-2010,2010,0020901017,20100318/NOHDEN,Final,2010-03-19,02:30,1610612743,DEN,93,1610612740,NOH,80,,,,False
2009-2010,2010,0020901018,20100319/DETIND,Final,2010-03-20,00:00,1610612754,IND,106,1610612765,DET,102,,,,False
2009-2010,2010,0020901019,20100319/OKCTOR,Final,2010-03-20,00:00,1610612761,TOR,89,1610612760,OKC,115,,,,False
2009-2010,2010,0020901020,20100319/CHAATL,Final/OT,2010-03-20,00:30,1610612737,ATL,93,1610612766,CHA,92,,,,False
2009-2010,2010,0020901021,20100319/PHINYK,Final,2010-03-20,00:30,1610612752,NYK,92,1610612755,PHI,88,,,,False
2009-2010,2010,0020901022,20100319/CLECHI,Final,2010-03-20,01:00,1610612741,CHI,85,1610612739,CLE,92,,,,False
2009-2010,2010,0020901023,20100319/BOSHOU,Final,2010-03-20,01:30,1610612745,HOU,87,1610612738,BOS,94,,,,False
2009-2010,2010,0020901024,20100319/GSWSAS,Final,2010-03-20,01:30,1610612759,SAS,147,1610612744,GSW,116,,,,False
2009-2010,2010,0020901025,20100319/UTAPHX,Final,2010-03-20,03:00,1610612756,PHX,110,1610612762,UTA,100,,,,False
2009-2010,2010,0020901026,20100319/WASPOR,Final,2010-03-20,03:00,1610612757,POR,76,1610612764,WAS,74,,,,False
2009-2010,2010,0020901027,20100319/MILSAC,Final/OT2,2010-03-20,03:00,1610612758,SAC,108,1610612749,MIL,114,,,,False
2009-2010,2010,0020901028,20100319/MINLAL,Final,2010-03-20,03:30,1610612747,LAL,104,1610612750,MIN,96,,,,False
2009-2010,2010,0020901029,20100320/CHIPHI,Final,2010-03-21,00:00,1610612755,PHI,84,1610612741,CHI,98,,,,False
2009-2010,2010,0020901030,20100320/CHAMIA,Final,2010-03-21,00:30,1610612748,MIA,77,1610612766,CHA,71,,,,False
2009-2010,2010,0020901031,20100320/TORNJN,Final,2010-03-21,00:30,1610612751,NJN,90,1610612761,TOR,100,,,,False
2009-2010,2010,0020901032,20100320/GSWMEM,Final,2010-03-21,01:00,1610612763,MEM,123,1610612744,GSW,107,,,,False
2009-2010,2010,0020901033,20100320/BOSDAL,Final,2010-03-21,02:00,1610612742,DAL,93,1610612738,BOS,102,,,,False
2009-2010,2010,0020901034,20100320/MILDEN,Final,2010-03-21,02:00,1610612743,DEN,97,1610612749,MIL,102,,,,False
2009-2010,2010,0020901035,20100320/NOHUTA,Final,2010-03-21,02:00,1610612762,UTA,106,1610612740,NOH,86,,,,False
2009-2010,2010,0020901036,20100321/HOUNYK,Final,2010-03-21,18:00,1610612752,NYK,112,1610612745,HOU,116,,,,False
2009-2010,2010,0020901037,20100321/OKCIND,Final,2010-03-21,19:30,1610612754,IND,121,1610612760,OKC,101,,,,False
2009-2010,2010,0020901039,20100321/SACLAC,Final,2010-03-21,20:30,1610612746,LAC,89,1610612758,SAC,102,,,,False
2009-2010,2010,0020901038,20100321/SASATL,Final/OT,2010-03-22,01:00,1610612737,ATL,119,1610612759,SAS,114,,,,False
2009-2010,2010,0020901040,20100321/DETCLE,Final,2010-03-21,23:00,1610612739,CLE,104,1610612765,DET,79,,,,False
2009-2010,2010,0020901041,20100321/WASLAL,Final,2010-03-22,02:30,1610612747,LAL,99,1610612764,WAS,92,,,,False
2009-2010,2010,0020901042,20100321/PORPHX,Final,2010-03-22,03:30,1610612756,PHX,93,1610612757,POR,87,,,,False
2009-2010,2010,0020901043,20100322/ORLPHI,Final,2010-03-23,00:00,1610612755,PHI,93,1610612753,ORL,109,,,,False
2009-2010,2010,0020901044,20100322/MIANJN,Final,2010-03-23,00:30,1610612751,NJN,89,1610612748,MIA,99,,,,False
2009-2010,2010,0020901045,20100322/HOUCHI,Final,2010-03-23,01:00,1610612741,CHI,98,1610612745,HOU,88,,,,False
2009-2010,2010,0020901046,20100322/ATLMIL,Final,2010-03-23,01:00,1610612749,MIL,98,1610612737,ATL,95,,,,False
2009-2010,2010,0020901047,20100322/TORMIN,Final,2010-03-23,01:00,1610612750,MIN,100,1610612761,TOR,106,,,,False
2009-2010,2010,0020901048,20100322/DALNOH,Final,2010-03-23,01:00,1610612740,NOH,115,1610612742,DAL,99,,,,False
2009-2010,2010,0020901049,20100322/SASOKC,Final,2010-03-23,01:00,1610612760,OKC,96,1610612759,SAS,99,,,,False
2009-2010,2010,0020901050,20100322/BOSUTA,Final,2010-03-23,02:00,1610612762,UTA,110,1610612738,BOS,97,,,,False
2009-2010,2010,0020901051,20100322/MEMSAC,Final,2010-03-23,03:00,1610612758,SAC,85,1610612763,MEM,102,,,,False
2009-2010,2010,0020901052,20100322/PHXGSW,Final,2010-03-23,03:30,1610612744,GSW,131,1610612756,PHX,133,,,,False
2009-2010,2010,0020901053,20100323/CHAWAS,Final/OT,2010-03-24,00:00,1610612764,WAS,86,1610612766,CHA,95,,,,False
2009-2010,2010,0020901054,20100323/INDDET,Final,2010-03-24,00:30,1610612765,DET,83,1610612754,IND,98,,,,False
2009-2010,2010,0020901055,20100323/DENNYK,Final,2010-03-24,00:30,1610612752,NYK,109,1610612743,DEN,104,,,,False
2009-2010,2010,0020901056,20100323/LACDAL,Final,2010-03-24,01:30,1610612742,DAL,106,1610612746,LAC,96,,,,False
2009-2010,2010,0020901057,20100324/ORLATL,Final,2010-03-25,00:00,1610612737,ATL,86,1610612753,ORL,84,,,,False
2009-2010,2010,0020901058,20100324/DENBOS,Final,2010-03-25,00:00,1610612738,BOS,113,1610612743,DEN,99,,,,False
2009-2010,2010,0020901059,20100324/MINCHA,Final,2010-03-25,00:00,1610612766,CHA,108,1610612750,MIN,95,,,,False
2009-2010,2010,0020901060,20100324/WASIND,Final,2010-03-25,00:00,1610612754,IND,99,1610612764,WAS,82,,,,False
2009-2010,2010,0020901061,20100324/UTATOR,Final,2010-03-25,00:00,1610612761,TOR,87,1610612762,UTA,113,,,,False
2009-2010,2010,0020901062,20100324/SACNJN,Final,2010-03-25,00:30,1610612751,NJN,93,1610612758,SAC,79,,,,False
2009-2010,2010,0020901063,20100324/PHIMIL,Final,2010-03-25,01:00,1610612749,MIL,86,1610612755,PHI,101,,,,False
2009-2010,2010,0020901064,20100324/CLENOH,Final,2010-03-25,01:00,1610612740,NOH,92,1610612739,CLE,105,,,,False
2009-2010,2010,0020901065,20100324/HOUOKC,Final,2010-03-25,01:00,1610612760,OKC,122,1610612745,HOU,104,,,,False
2009-2010,2010,0020901066,20100324/LALSAS,Final,2010-03-25,02:30,1610612759,SAS,83,1610612747,LAL,92,,,,False
2009-2010,2010,0020901067,20100324/MEMGSW,Final,2010-03-25,03:30,1610612744,GSW,128,1610612763,MEM,110,,,,False
2009-2010,2010,0020901068,20100325/MIACHI,Final,2010-03-26,01:00,1610612741,CHI,74,1610612748,MIA,103,,,,False
2009-2010,2010,0020901069,20100325/LACHOU,Final,2010-03-26,01:30,1610612745,HOU,93,1610612746,LAC,99,,,,False
2009-2010,2010,0020901070,20100325/DALPOR,Final,2010-03-26,03:30,1610612757,POR,101,1610612742,DAL,89,,,,False
2009-2010,2010,0020901071,20100326/WASCHA,Final,2010-03-27,00:00,1610612766,CHA,107,1610612764,WAS,96,,,,False
2009-2010,2010,0020901072,20100326/UTAIND,Final,2010-03-27,00:00,1610612754,IND,122,1610612762,UTA,106,,,,False
2009-2010,2010,0020901073,20100326/MINORL,Final,2010-03-27,00:00,1610612753,ORL,106,1610612750,MIN,97,,,,False
2009-2010,2010,0020901074,20100326/ATLPHI,Final,2010-03-27,00:00,1610612755,PHI,105,1610612737,ATL,98,,,,False
2009-2010,2010,0020901075,20100326/DENTOR,Final,2010-03-27,00:00,1610612761,TOR,96,1610612743,DEN,97,,,,False
2009-2010,2010,0020901076,20100326/SACBOS,Final,2010-03-27,00:30,1610612738,BOS,94,1610612758,SAC,86,,,,False
2009-2010,2010,0020901077,20100326/DETNJN,Final,2010-03-27,01:00,1610612751,NJN,118,1610612765,DET,110,,,,False
2009-2010,2010,0020901078,20100326/LALOKC,Final,2010-03-27,01:00,1610612760,OKC,91,1610612747,LAL,75,,,,False
2009-2010,2010,0020901079,20100326/MIAMIL,Final,2010-03-27,01:30,1610612749,MIL,74,1610612748,MIA,87,,,,False
2009-2010,2010,0020901080,20100326/CLESAS,Final,2010-03-27,01:30,1610612759,SAS,102,1610612739,CLE,97,,,,False
2009-2010,2010,0020901081,20100326/NYKPHX,Final,2010-03-27,03:00,1610612756,PHX,132,1610612752,NYK,96,,,,False
2009-2010,2010,0020901082,20100327/UTAWAS,Final,2010-03-28,00:00,1610612764,WAS,87,1610612762,UTA,103,,,,False
2009-2010,2010,0020901083,20100327/NJNCHI,Final,2010-03-28,01:00,1610612741,CHI,106,1610612751,NJN,83,,,,False
2009-2010,2010,0020901084,20100327/PORNOH,Final,2010-03-28,01:00,1610612740,NOH,101,1610612757,POR,112,,,,False
2009-2010,2010,0020901085,20100327/LALHOU,Final,2010-03-28,01:30,1610612745,HOU,101,1610612747,LAL,109,,,,False
2009-2010,2010,0020901086,20100327/DALGSW,Final,2010-03-28,04:30,1610612744,GSW,90,1610612742,DAL,111,,,,False
2009-2010,2010,0020901087,20100328/SACCLE,Final,2010-03-28,21:00,1610612739,CLE,97,1610612758,SAC,90,,,,False
2009-2010,2010,0020901088,20100328/MEMMIL,Final/OT,2010-03-28,21:00,1610612749,MIL,108,1610612763,MEM,103,,,,False
2009-2010,2010,0020901089,20100328/INDATL,Final,2010-03-28,21:30,1610612737,ATL,94,1610612754,IND,84,,,,False
2009-2010,2010,0020901090,20100328/CHIDET,Final,2010-03-29,00:00,1610612765,DET,103,1610612741,CHI,110,,,,False
2009-2010,2010,0020901091,20100328/TORMIA,Final,2010-03-29,00:00,1610612748,MIA,97,1610612761,TOR,94,,,,False
2009-2010,2010,0020901092,20100328/DENORL,Final,2010-03-29,00:00,1610612753,ORL,103,1610612743,DEN,97,,,,False
2009-2010,2010,0020901093,20100328/PHXMIN,Final,2010-03-29,01:00,1610612750,MIN,105,1610612756,PHX,111,,,,False
2009-2010,2010,0020901094,20100328/POROKC,Final,2010-03-29,01:00,1610612760,OKC,87,1610612757,POR,92,,,,False
2009-2010,2010,0020901095,20100328/SASBOS,Final,2010-03-29,02:00,1610612738,BOS,73,1610612759,SAS,94,,,,False
2009-2010,2010,0020901096,20100328/GSWLAC,Final,2010-03-29,03:30,1610612746,LAC,103,1610612744,GSW,121,,,,False
2009-2010,2010,0020901097,20100329/TORCHA,Final,2010-03-30,01:00,1610612766,CHA,101,1610612761,TOR,103,,,,False
2009-2010,2010,0020901098,20100329/SASNJN,Final,2010-03-30,01:30,1610612751,NJN,90,1610612759,SAS,84,,,,False
2009-2010,2010,0020901099,20100329/LALNOH,Final,2010-03-30,02:00,1610612740,NOH,108,1610612747,LAL,100,,,,False
2009-2010,2010,0020901100,20100329/DENDAL,Final,2010-03-30,02:30,1610612742,DAL,109,1610612743,DEN,93,,,,False
2009-2010,2010,0020901101,20100329/NYKUTA,Final,2010-03-30,03:00,1610612762,UTA,103,1610612752,NYK,98,,,,False
2009-2010,2010,0020901102,20100330/SACIND,Final,2010-03-31,01:00,1610612754,IND,102,1610612758,SAC,95,,,,False
2009-2010,2010,0020901103,20100330/OKCPHI,Final,2010-03-31,01:00,1610612755,PHI,93,1610612760,OKC,111,,,,False
2009-2010,2010,0020901104,20100330/PHXCHI,Final,2010-03-31,02:00,1610612741,CHI,105,1610612756,PHX,111,,,,False
2009-2010,2010,0020901105,20100330/LACMIL,Final,2010-03-31,02:00,1610612749,MIL,107,1610612746,LAC,89,,,,False
2009-2010,2010,0020901106,20100330/WASHOU,Final,2010-03-31,02:30,1610612745,HOU,98,1610612764,WAS,94,,,,False
2009-2010,2010,0020901107,20100331/LALATL,Final,2010-04-01,01:00,1610612737,ATL,109,1610612747,LAL,92,,,,False
2009-2010,2010,0020901108,20100331/PHICHA,Final,2010-04-01,01:00,1610612766,CHA,103,1610612755,PHI,84,,,,False
2009-2010,2010,0020901109,20100331/MILCLE,Final,2010-04-01,01:00,1610612739,CLE,101,1610612749,MIL,98,,,,False
2009-2010,2010,0020901110,20100331/LACTOR,Final,2010-04-01,01:00,1610612761,TOR,114,1610612746,LAC,92,,,,False
2009-2010,2010,0020901111,20100331/OKCBOS,Final,2010-04-01,01:30,1610612738,BOS,104,1610612760,OKC,109,,,,False
2009-2010,2010,0020901112,20100331/MIADET,Final,2010-04-01,01:30,1610612765,DET,81,1610612748,MIA,98,,,,False
2009-2010,2010,0020901113,20100331/PHXNJN,Final,2010-04-01,01:30,1610612751,NJN,105,1610612756,PHX,116,,,,False
2009-2010,2010,0020901114,20100331/DALMEM,Final/OT,2010-04-01,02:00,1610612763,MEM,102,1610612742,DAL,106,,,,False
2009-2010,2010,0020901115,20100331/SACMIN,Final,2010-04-01,02:00,1610612750,MIN,108,1610612758,SAC,99,,,,False
2009-2010,2010,0020901116,20100331/WASNOH,Final,2010-04-01,02:00,1610612740,NOH,91,1610612764,WAS,96,,,,False
2009-2010,2010,0020901117,20100331/HOUSAS,Final,2010-04-01,02:30,1610612759,SAS,119,1610612745,HOU,102,,,,False
2009-2010,2010,0020901118,20100331/NYKPOR,Final,2010-04-01,04:00,1610612757,POR,118,1610612752,NYK,90,,,,False
2009-2010,2010,0020901119,20100331/GSWUTA,Final,2010-04-01,04:00,1610612762,UTA,128,1610612744,GSW,104,,,,False
2009-2010,2010,0020901120,20100401/ORLDAL,Final,2010-04-02,02:00,1610612742,DAL,82,1610612753,ORL,97,,,,False
2009-2010,2010,0020901121,20100401/PORDEN,Final,2010-04-02,04:30,1610612743,DEN,109,1610612757,POR,92,,,,False
2009-2010,2010,0020901122,20100402/MILCHA,Final/OT,2010-04-03,01:00,1610612766,CHA,87,1610612749,MIL,86,,,,False
2009-2010,2010,0020901123,20100402/MIAIND,Final/OT,2010-04-03,01:00,1610612754,IND,96,1610612748,MIA,105,,,,False
2009-2010,2010,0020901124,20100402/CHIWAS,Final,2010-04-03,01:00,1610612764,WAS,87,1610612741,CHI,95,,,,False
2009-2010,2010,0020901125,20100402/HOUBOS,Final/OT,2010-04-03,01:30,1610612738,BOS,114,1610612745,HOU,119,,,,False
2009-2010,2010,0020901126,20100402/ATLCLE,Final,2010-04-03,02:00,1610612739,CLE,93,1610612737,ATL,88,,,,False
2009-2010,2010,0020901127,20100402/PHXDET,Final,2010-04-03,02:00,1610612765,DET,94,1610612756,PHX,109,,,,False
2009-2010,2010,0020901128,20100402/NOHMEM,Final,2010-04-03,02:00,1610612763,MEM,107,1610612740,NOH,96,,,,False
2009-2010,2010,0020901129,20100402/ORLSAS,Final,2010-04-03,02:30,1610612759,SAS,112,1610612753,ORL,100,,,,False
2009-2010,2010,0020901130,20100402/NYKGSW,Final,2010-04-03,04:30,1610612744,GSW,128,1610612752,NYK,117,,,,False
2009-2010,2010,0020901131,20100402/UTALAL,Final,2010-04-03,04:30,1610612747,LAL,106,1610612762,UTA,92,,,,False
2009-2010,2010,0020901132,20100403/TORPHI,Final/OT,2010-04-03,19:00,1610612755,PHI,123,1610612761,TOR,128,,,,False
2009-2010,2010,0020901133,20100403/DETATL,Final,2010-04-04,01:00,1610612737,ATL,91,1610612765,DET,85,,,,False
2009-2010,2010,0020901134,20100403/NOHNJN,Final,2010-04-04,01:30,1610612751,NJN,115,1610612740,NOH,87,,,,False
2009-2010,2010,0020901135,20100403/CHACHI,Final,2010-04-04,02:00,1610612741,CHI,96,1610612766,CHA,88,,,,False
2009-2010,2010,0020901136,20100403/MIAMIN,Final,2010-04-04,02:00,1610612750,MIN,84,1610612748,MIA,97,,,,False
2009-2010,2010,0020901137,20100403/OKCDAL,Final,2010-04-04,02:30,1610612742,DAL,116,1610612760,OKC,121,,,,False
2009-2010,2010,0020901138,20100403/PHXMIL,Final,2010-04-04,02:30,1610612749,MIL,107,1610612756,PHX,98,,,,False
2009-2010,2010,0020901139,20100403/LACDEN,Final,2010-04-04,03:00,1610612743,DEN,98,1610612746,LAC,90,,,,False
2009-2010,2010,0020901140,20100403/PORSAC,Final,2010-04-04,04:00,1610612758,SAC,87,1610612757,POR,98,,,,False
2009-2010,2010,0020901141,20100404/CLEBOS,Final,2010-04-04,19:00,1610612738,BOS,117,1610612739,CLE,113,,,,False
2009-2010,2010,0020901142,20100404/SASLAL,Final,2010-04-04,21:30,1610612747,LAL,81,1610612759,SAS,100,,,,False
2009-2010,2010,0020901143,20100404/HOUIND,Final,2010-04-05,00:00,1610612754,IND,133,1610612745,HOU,102,,,,False
2009-2010,2010,0020901144,20100404/MEMORL,Final,2010-04-05,00:00,1610612753,ORL,107,1610612763,MEM,92,,,,False
2009-2010,2010,0020901145,20100404/GSWTOR,Final,2010-04-05,00:00,1610612761,TOR,112,1610612744,GSW,113,,,,False
2009-2010,2010,0020901146,20100404/NJNWAS,Final,2010-04-05,00:00,1610612764,WAS,109,1610612751,NJN,99,,,,False
2009-2010,2010,0020901147,20100404/MINOKC,Final,2010-04-05,01:00,1610612760,OKC,116,1610612750,MIN,108,,,,False
2009-2010,2010,0020901148,20100404/NYKLAC,Final,2010-04-05,03:30,1610612746,LAC,107,1610612752,NYK,113,,,,False
2009-2010,2010,0020901149,20100406/ATLCHA,Final,2010-04-07,01:00,1610612766,CHA,109,1610612737,ATL,100,,,,False
2009-2010,2010,0020901150,20100406/TORCLE,Final,2010-04-07,01:00,1610612739,CLE,113,1610612761,TOR,101,,,,False
2009-2010,2010,0020901151,20100406/DETPHI,Final,2010-04-07,01:00,1610612755,PHI,103,1610612765,DET,124,,,,False
2009-2010,2010,0020901152,20100406/GSWWAS,Final,2010-04-07,01:00,1610612764,WAS,112,1610612744,GSW,94,,,,False
2009-2010,2010,0020901153,20100406/BOSNYK,Final,2010-04-07,01:30,1610612752,NYK,104,1610612738,BOS,101,,,,False
2009-2010,2010,0020901154,20100406/MILCHI,Final,2010-04-07,02:00,1610612741,CHI,74,1610612749,MIL,79,,,,False
2009-2010,2010,0020901155,20100406/HOUMEM,Final,2010-04-07,02:00,1610612763,MEM,103,1610612745,HOU,113,,,,False
2009-2010,2010,0020901156,20100406/OKCUTA,Final/OT,2010-04-07,03:00,1610612762,UTA,140,1610612760,OKC,139,,,,False
2009-2010,2010,0020901157,20100406/SASSAC,Final,2010-04-07,04:00,1610612758,SAC,86,1610612759,SAS,95,,,,False
2009-2010,2010,0020901158,20100407/NYKIND,Final,2010-04-08,01:00,1610612754,IND,113,1610612752,NYK,105,,,,False
2009-2010,2010,0020901159,20100407/BOSTOR,Final,2010-04-08,01:00,1610612761,TOR,104,1610612738,BOS,115,,,,False
2009-2010,2010,0020901166,20100407/WASORL,Final,2010-04-08,01:00,1610612753,ORL,121,1610612764,WAS,94,,,,False
2009-2010,2010,0020901160,20100407/ATLDET,Final,2010-04-08,01:30,1610612765,DET,90,1610612737,ATL,88,,,,False
2009-2010,2010,0020901161,20100407/PHIMIA,Final,2010-04-08,01:30,1610612748,MIA,99,1610612755,PHI,95,,,,False
2009-2010,2010,0020901162,20100407/NJNMIL,Final,2010-04-08,02:00,1610612749,MIL,108,1610612751,NJN,89,,,,False
2009-2010,2010,0020901163,20100407/GSWMIN,Final,2010-04-08,02:00,1610612750,MIN,107,1610612744,GSW,116,,,,False
2009-2010,2010,0020901164,20100407/CHANOH,Final,2010-04-08,02:00,1610612740,NOH,103,1610612766,CHA,104,,,,False
2009-2010,2010,0020901165,20100407/DENOKC,Final,2010-04-08,02:00,1610612760,OKC,94,1610612743,DEN,98,,,,False
2009-2010,2010,0020901168,20100407/UTAHOU,Final,2010-04-08,02:00,1610612745,HOU,113,1610612762,UTA,96,,,,False
2009-2010,2010,0020901167,20100407/MEMDAL,Final,2010-04-08,02:30,1610612742,DAL,110,1610612763,MEM,84,,,,False
2009-2010,2010,0020901169,20100407/PORLAC,Final,2010-04-08,04:30,1610612746,LAC,85,1610612757,POR,93,,,,False
2009-2010,2010,0020901170,20100407/SASPHX,Final,2010-04-08,04:30,1610612756,PHX,112,1610612759,SAS,101,,,,False
2009-2010,2010,0020901171,20100408/CLECHI,Final,2010-04-09,02:00,1610612741,CHI,109,1610612739,CLE,108,,,,False
2009-2010,2010,0020901172,20100408/LACSAC,Final,2010-04-09,04:00,1610612758,SAC,116,1610612746,LAC,94,,,,False
2009-2010,2010,0020901173,20100408/LALDEN,Final,2010-04-09,04:30,1610612743,DEN,98,1610612747,LAL,96,,,,False
2009-2010,2010,0020901174,20100409/NYKORL,Final,2010-04-10,01:00,1610612753,ORL,118,1610612752,NYK,103,,,,False
2009-2010,2010,0020901175,20100409/MILPHI,Final,2010-04-10,01:00,1610612755,PHI,90,1610612749,MIL,95,,,,False
2009-2010,2010,0020901176,20100409/TORATL,Final,2010-04-10,01:30,1610612737,ATL,107,1610612761,TOR,101,,,,False
2009-2010,2010,0020901177,20100409/WASBOS,Final,2010-04-10,01:30,1610612738,BOS,96,1610612764,WAS,106,,,,False
2009-2010,2010,0020901178,20100409/INDCLE,Final,2010-04-10,01:30,1610612739,CLE,113,1610612754,IND,116,,,,False
2009-2010,2010,0020901179,20100409/DETMIA,Final,2010-04-10,01:30,1610612748,MIA,99,1610612765,DET,106,,,,False
2009-2010,2010,0020901180,20100409/LALMIN,Final,2010-04-10,02:00,1610612750,MIN,88,1610612747,LAL,97,,,,False
2009-2010,2010,0020901181,20100409/CHINJN,Final/OT2,2010-04-10,02:00,1610612751,NJN,127,1610612741,CHI,116,,,,False
2009-2010,2010,0020901182,20100409/UTANOH,Final,2010-04-10,02:00,1610612740,NOH,103,1610612762,UTA,114,,,,False
2009-2010,2010,0020901183,20100409/PHXOKC,Final,2010-04-10,02:00,1610612760,OKC,96,1610612756,PHX,91,,,,False
2009-2010,2010,0020901184,20100409/CHAHOU,Final,2010-04-10,02:30,1610612745,HOU,97,1610612766,CHA,90,,,,False
2009-2010,2010,0020901185,20100409/MEMSAS,Final,2010-04-10,02:30,1610612759,SAS,99,1610612763,MEM,107,,,,False
2009-2010,2010,0020901186,20100409/DALPOR,Final,2010-04-10,04:00,1610612757,POR,77,1610612742,DAL,83,,,,False
2009-2010,2010,0020901187,20100410/DETCHA,Final,2010-04-11,01:00,1610612766,CHA,99,1610612765,DET,95,,,,False
2009-2010,2010,0020901188,20100410/NJNIND,Final,2010-04-11,01:00,1610612754,IND,115,1610612751,NJN,102,,,,False
2009-2010,2010,0020901189,20100410/ATLWAS,Final,2010-04-11,01:00,1610612764,WAS,95,1610612737,ATL,105,,,,False
2009-2010,2010,0020901190,20100410/PHIMEM,Final,2010-04-11,02:00,1610612763,MEM,101,1610612755,PHI,120,,,,False
2009-2010,2010,0020901191,20100410/BOSMIL,Final,2010-04-11,02:30,1610612749,MIL,90,1610612738,BOS,105,,,,False
2009-2010,2010,0020901192,20100410/SASDEN,Final,2010-04-11,03:00,1610612743,DEN,85,1610612759,SAS,104,,,,False
2009-2010,2010,0020901193,20100410/DALSAC,Final,2010-04-11,04:00,1610612758,SAC,108,1610612742,DAL,126,,,,False
2009-2010,2010,0020901194,20100410/GSWLAC,Final,2010-04-11,04:30,1610612746,LAC,107,1610612744,GSW,104,,,,False
2009-2010,2010,0020901195,20100411/ORLCLE,Final,2010-04-11,19:00,1610612739,CLE,92,1610612753,ORL,98,,,,False
2009-2010,2010,0020901196,20100411/PORLAL,Final,2010-04-11,21:30,1610612747,LAL,88,1610612757,POR,91,,,,False
2009-2010,2010,0020901197,20100411/CHITOR,Final,2010-04-12,00:00,1610612761,TOR,88,1610612741,CHI,104,,,,False
2009-2010,2010,0020901199,20100411/MIANYK,Final,2010-04-12,00:00,1610612752,NYK,98,1610612748,MIA,111,,,,False
2009-2010,2010,0020901198,20100411/MINNOH,Final,2010-04-12,01:00,1610612740,NOH,114,1610612750,MIN,86,,,,False
2009-2010,2010,0020901200,20100411/OKCGSW,Final,2010-04-12,03:00,1610612744,GSW,120,1610612760,OKC,117,,,,False
2009-2010,2010,0020901201,20100411/HOUPHX,Final,2010-04-12,03:00,1610612756,PHX,116,1610612745,HOU,106,,,,False
2009-2010,2010,0020901202,20100412/ORLIND,Final,2010-04-13,01:00,1610612754,IND,98,1610612753,ORL,118,,,,False
2009-2010,2010,0020901203,20100412/MIAPHI,Final,2010-04-13,01:00,1610612755,PHI,105,1610612748,MIA,107,,,,False
2009-2010,2010,0020901204,20100412/TORDET,Final,2010-04-13,01:30,1610612765,DET,97,1610612761,TOR,111,,,,False
2009-2010,2010,0020901205,20100412/CHANJN,Final,2010-04-13,01:30,1610612751,NJN,95,1610612766,CHA,105,,,,False
2009-2010,2010,0020901206,20100412/WASNYK,Final,2010-04-13,01:30,1610612752,NYK,114,1610612764,WAS,103,,,,False
2009-2010,2010,0020901207,20100412/ATLMIL,Final,2010-04-13,02:00,1610612749,MIL,96,1610612737,ATL,104,,,,False
2009-2010,2010,0020901208,20100412/MINSAS,Final,2010-04-13,02:30,1610612759,SAS,133,1610612750,MIN,111,,,,False
2009-2010,2010,0020901209,20100412/MEMDEN,Final,2010-04-13,03:00,1610612743,DEN,123,1610612763,MEM,101,,,,False
2009-2010,2010,0020901210,20100412/OKCPOR,Final,2010-04-13,04:00,1610612757,POR,103,1610612760,OKC,95,,,,False
2009-2010,2010,0020901211,20100412/HOUSAC,Final,2010-04-13,04:00,1610612758,SAC,107,1610612745,HOU,117,,,,False
2009-2010,2010,0020901212,20100412/DALLAC,Final,2010-04-13,04:30,1610612746,LAC,94,1610612742,DAL,117,,,,False
2009-2010,2010,0020901213,20100413/BOSCHI,Final,2010-04-14,02:00,1610612741,CHI,101,1610612738,BOS,93,,,,False
2009-2010,2010,0020901214,20100413/UTAGSW,Final,2010-04-14,04:30,1610612744,GSW,94,1610612762,UTA,103,,,,False
2009-2010,2010,0020901215,20100413/SACLAL,Final,2010-04-14,04:30,1610612747,LAL,106,1610612758,SAC,100,,,,False
2009-2010,2010,0020901216,20100413/DENPHX,Final,2010-04-14,04:30,1610612756,PHX,123,1610612743,DEN,101,,,,False
2009-2010,2010,0020901217,20100414/CLEATL,Final,2010-04-15,02:00,1610612737,ATL,99,1610612739,CLE,83,,,,False
2009-2010,2010,0020901218,20100414/MILBOS,Final,2010-04-15,02:00,1610612738,BOS,95,1610612749,MIL,106,,,,False
2009-2010,2010,0020901219,20100414/CHICHA,Final,2010-04-15,02:00,1610612766,CHA,89,1610612741,CHI,98,,,,False
2009-2010,2010,0020901220,20100414/SASDAL,Final,2010-04-15,02:00,1610612742,DAL,96,1610612759,SAS,89,,,,False
2009-2010,2010,0020901221,20100414/NOHHOU,Final,2010-04-15,02:00,1610612745,HOU,115,1610612740,NOH,123,,,,False
2009-2010,2010,0020901222,20100414/NJNMIA,Final/OT2,2010-04-15,02:00,1610612748,MIA,94,1610612751,NJN,86,,,,False
2009-2010,2010,0020901223,20100414/DETMIN,Final,2010-04-15,02:00,1610612750,MIN,98,1610612765,DET,103,,,,False
2009-2010,2010,0020901224,20100414/MEMOKC,Final,2010-04-15,02:00,1610612760,OKC,114,1610612763,MEM,105,,,,False
2009-2010,2010,0020901225,20100414/PHIORL,Final,2010-04-15,02:00,1610612753,ORL,125,1610612755,PHI,111,,,,False
2009-2010,2010,0020901226,20100414/NYKTOR,Final,2010-04-15,02:00,1610612761,TOR,131,1610612752,NYK,113,,,,False
2009-2010,2010,0020901227,20100414/INDWAS,Final,2010-04-15,02:00,1610612764,WAS,98,1610612754,IND,97,,,,False
2009-2010,2010,0020901228,20100414/LALLAC,Final,2010-04-15,04:30,1610612746,LAC,107,1610612747,LAL,91,,,,False
2009-2010,2010,0020901229,20100414/GSWPOR,Final,2010-04-15,04:30,1610612757,POR,116,1610612744,GSW,122,,,,False
2009-2010,2010,0020901230,20100414/PHXUTA,Final,2010-04-15,04:30,1610612762,UTA,86,1610612756,PHX,100,,,,False
2009-2010,2010,0040900101,20100417/CHICLE,Final,2010-04-17,21:00,1610612739,CLE,96,1610612741,CHI,83,Game 1,East - First Round,1st Round,False
2009-2010,2010,0040900121,20100417/MILATL,Final,2010-04-17,23:30,1610612737,ATL,102,1610612749,MIL,92,Game 1,East - First Round,1st Round,False
2009-2010,2010,0040900131,20100417/MIABOS,Final,2010-04-18,02:00,1610612738,BOS,85,1610612748,MIA,76,Game 1,East - First Round,1st Round,False
2009-2010,2010,0040900171,20100417/UTADEN,Final,2010-04-18,04:30,1610612743,DEN,126,1610612762,UTA,113,Game 1,West - First Round,1st Round,False
2009-2010,2010,0040900141,20100418/OKCLAL,Final,2010-04-18,21:00,1610612747,LAL,87,1610612760,OKC,79,Game 1,West - First Round,1st Round,False
2009-2010,2010,0040900111,20100418/CHAORL,Final,2010-04-18,23:30,1610612753,ORL,98,1610612766,CHA,89,Game 1,East - First Round,1st Round,False
2009-2010,2010,0040900151,20100418/SASDAL,Final,2010-04-19,02:00,1610612742,DAL,100,1610612759,SAS,94,Game 1,West - First Round,1st Round,False
2009-2010,2010,0040900161,20100418/PORPHX,Final,2010-04-19,04:30,1610612756,PHX,100,1610612757,POR,105,Game 1,West - First Round,1st Round,False
2009-2010,2010,0040900102,20100419/CHICLE,Final,2010-04-20,02:00,1610612739,CLE,112,1610612741,CHI,102,Game 2,East - First Round,1st Round,False
2009-2010,2010,0040900172,20100419/UTADEN,Final,2010-04-20,04:30,1610612743,DEN,111,1610612762,UTA,114,Game 2,West - First Round,1st Round,False
2009-2010,2010,0040900122,20100420/MILATL,Final,2010-04-21,01:00,1610612737,ATL,96,1610612749,MIL,86,Game 2,East - First Round,1st Round,False
2009-2010,2010,0040900132,20100420/MIABOS,Final,2010-04-21,02:00,1610612738,BOS,106,1610612748,MIA,77,Game 2,East - First Round,1st Round,False
2009-2010,2010,0040900162,20100420/PORPHX,Final,2010-04-21,04:00,1610612756,PHX,119,1610612757,POR,90,Game 2,West - First Round,1st Round,False
2009-2010,2010,0040900142,20100420/OKCLAL,Final,2010-04-21,04:30,1610612747,LAL,95,1610612760,OKC,92,Game 2,West - First Round,1st Round,False
2009-2010,2010,0040900112,20100421/CHAORL,Final,2010-04-22,01:00,1610612753,ORL,92,1610612766,CHA,77,Game 2,East - First Round,1st Round,False
2009-2010,2010,0040900152,20100421/SASDAL,Final,2010-04-22,03:30,1610612742,DAL,88,1610612759,SAS,102,Game 2,West - First Round,1st Round,False
2009-2010,2010,0040900103,20100422/CLECHI,Final,2010-04-23,01:00,1610612741,CHI,108,1610612739,CLE,106,Game 3,East - First Round,1st Round,False
2009-2010,2010,0040900143,20100422/LALOKC,Final,2010-04-23,03:30,1610612760,OKC,101,1610612747,LAL,96,Game 3,West - First Round,1st Round,False
2009-2010,2010,0040900163,20100422/PHXPOR,Final,2010-04-23,04:00,1610612757,POR,89,1610612756,PHX,108,Game 3,West - First Round,1st Round,False
2009-2010,2010,0040900133,20100423/BOSMIA,Final,2010-04-24,01:00,1610612748,MIA,98,1610612738,BOS,100,Game 3,East - First Round,1st Round,False
2009-2010,2010,0040900153,20100423/DALSAS,Final,2010-04-24,03:30,1610612759,SAS,94,1610612742,DAL,90,Game 3,West - First Round,1st Round,False
2009-2010,2010,0040900173,20100423/DENUTA,Final,2010-04-24,04:30,1610612762,UTA,105,1610612743,DEN,93,Game 3,West - First Round,1st Round,False
2009-2010,2010,0040900113,20100424/ORLCHA,Final,2010-04-24,20:00,1610612766,CHA,86,1610612753,ORL,90,Game 3,East - First Round,1st Round,False
2009-2010,2010,0040900164,20100424/PHXPOR,Final,2010-04-24,22:30,1610612757,POR,96,1610612756,PHX,87,Game 4,West - First Round,1st Round,False
2009-2010,2010,0040900123,20100424/ATLMIL,Final,2010-04-25,01:00,1610612749,MIL,107,1610612737,ATL,89,Game 3,East - First Round,1st Round,False
2009-2010,2010,0040900144,20100424/LALOKC,Final,2010-04-25,03:30,1610612760,OKC,110,1610612747,LAL,89,Game 4,West - First Round,1st Round,False
2009-2010,2010,0040900134,20100425/BOSMIA,Final,2010-04-25,19:00,1610612748,MIA,101,1610612738,BOS,92,Game 4,East - First Round,1st Round,False
2009-2010,2010,0040900104,20100425/CLECHI,Final,2010-04-25,21:30,1610612741,CHI,98,1610612739,CLE,121,Game 4,East - First Round,1st Round,False
2009-2010,2010,0040900154,20100425/DALSAS,Final,2010-04-26,01:00,1610612759,SAS,92,1610612742,DAL,89,Game 4,West - First Round,1st Round,False
2009-2010,2010,0040900174,20100425/DENUTA,Final,2010-04-26,03:30,1610612762,UTA,117,1610612743,DEN,106,Game 4,West - First Round,1st Round,False
2009-2010,2010,0040900114,20100426/ORLCHA,Final,2010-04-27,02:00,1610612766,CHA,90,1610612753,ORL,99,Game 4,East - First Round,1st Round,False
2009-2010,2010,0040900124,20100426/ATLMIL,Final,2010-04-27,02:30,1610612749,MIL,111,1610612737,ATL,104,Game 4,East - First Round,1st Round,False
2009-2010,2010,0040900165,20100426/PORPHX,Final,2010-04-27,04:30,1610612756,PHX,107,1610612757,POR,88,Game 5,West - First Round,1st Round,False
2009-2010,2010,0040900135,20100427/MIABOS,Final,2010-04-28,01:00,1610612738,BOS,96,1610612748,MIA,86,Game 5,East - First Round,1st Round,False
2009-2010,2010,0040900105,20100427/CHICLE,Final,2010-04-28,02:00,1610612739,CLE,96,1610612741,CHI,94,Game 5,East - First Round,1st Round,False
2009-2010,2010,0040900155,20100427/SASDAL,Final,2010-04-28,03:30,1610612742,DAL,103,1610612759,SAS,81,Game 5,West - First Round,1st Round,False
2009-2010,2010,0040900145,20100427/OKCLAL,Final,2010-04-28,04:30,1610612747,LAL,111,1610612760,OKC,87,Game 5,West - First Round,1st Round,False
2009-2010,2010,0040900125,20100428/MILATL,Final,2010-04-29,02:00,1610612737,ATL,87,1610612749,MIL,91,Game 5,East - First Round,1st Round,False
2009-2010,2010,0040900175,20100428/UTADEN,Final,2010-04-29,04:30,1610612743,DEN,116,1610612762,UTA,102,Game 5,West - First Round,1st Round,False
2009-2010,2010,0040900156,20100429/DALSAS,Final,2010-04-30,02:00,1610612759,SAS,97,1610612742,DAL,87,Game 6,West - First Round,1st Round,False
2009-2010,2010,0040900166,20100429/PHXPOR,Final,2010-04-30,04:30,1610612757,POR,90,1610612756,PHX,99,Game 6,West - First Round,1st Round,False
2009-2010,2010,0040900126,20100430/ATLMIL,Final,2010-05-01,01:00,1610612749,MIL,69,1610612737,ATL,83,Game 6,East - First Round,1st Round,False
2009-2010,2010,0040900146,20100430/LALOKC,Final,2010-05-01,03:30,1610612760,OKC,94,1610612747,LAL,95,Game 6,West - First Round,1st Round,False
2009-2010,2010,0040900176,20100430/DENUTA,Final,2010-05-01,04:00,1610612762,UTA,112,1610612743,DEN,104,Game 6,West - First Round,1st Round,False
2009-2010,2010,0040900201,20100501/BOSCLE,Final,2010-05-02,02:00,1610612739,CLE,101,1610612738,BOS,93,Game 1,East - Conf. Semifinals,Conf. Semifinals,False
2009-2010,2010,0040900127,20100502/MILATL,Final,2010-05-02,19:00,1610612737,ATL,95,1610612749,MIL,74,Game 7,East - First Round,1st Round,False
2009-2010,2010,0040900231,20100502/UTALAL,Final,2010-05-02,21:30,1610612747,LAL,104,1610612762,UTA,99,Game 1,West - Conf. Semifinals,Conf. Semifinals,False
2009-2010,2010,0040900202,20100503/BOSCLE,Final,2010-05-04,02:00,1610612739,CLE,86,1610612738,BOS,104,Game 2,East - Conf. Semifinals,Conf. Semifinals,False
2009-2010,2010,0040900221,20100503/SASPHX,Final,2010-05-04,04:30,1610612756,PHX,111,1610612759,SAS,102,Game 1,West - Conf. Semifinals,Conf. Semifinals,False
2009-2010,2010,0040900211,20100504/ATLORL,Final,2010-05-05,02:00,1610612753,ORL,114,1610612737,ATL,71,Game 1,East - Conf. Semifinals,Conf. Semifinals,False
2009-2010,2010,0040900232,20100504/UTALAL,Final,2010-05-05,04:30,1610612747,LAL,111,1610612762,UTA,103,Game 2,West - Conf. Semifinals,Conf. Semifinals,False
2009-2010,2010,0040900222,20100505/SASPHX,Final,2010-05-06,03:00,1610612756,PHX,110,1610612759,SAS,102,Game 2,West - Conf. Semifinals,Conf. Semifinals,False
2009-2010,2010,0040900212,20100506/ATLORL,Final,2010-05-07,02:00,1610612753,ORL,112,1610612737,ATL,98,Game 2,East - Conf. Semifinals,Conf. Semifinals,False
2009-2010,2010,0040900203,20100507/CLEBOS,Final,2010-05-08,01:00,1610612738,BOS,95,1610612739,CLE,124,Game 3,East - Conf. Semifinals,Conf. Semifinals,False
2009-2010,2010,0040900223,20100507/PHXSAS,Final,2010-05-08,03:30,1610612759,SAS,96,1610612756,PHX,110,Game 3,West - Conf. Semifinals,Conf. Semifinals,False
2009-2010,2010,0040900213,20100508/ORLATL,Final,2010-05-08,23:00,1610612737,ATL,75,1610612753,ORL,105,Game 3,East - Conf. Semifinals,Conf. Semifinals,False
2009-2010,2010,0040900233,20100508/LALUTA,Final,2010-05-09,02:00,1610612762,UTA,110,1610612747,LAL,111,Game 3,West - Conf. Semifinals,Conf. Semifinals,False
2009-2010,2010,0040900204,20100509/CLEBOS,Final,2010-05-09,21:30,1610612738,BOS,97,1610612739,CLE,87,Game 4,East - Conf. Semifinals,Conf. Semifinals,False
2009-2010,2010,0040900224,20100509/PHXSAS,Final,2010-05-10,02:00,1610612759,SAS,101,1610612756,PHX,107,Game 4,West - Conf. Semifinals,Conf. Semifinals,False
2009-2010,2010,0040900214,20100510/ORLATL,Final,2010-05-11,02:00,1610612737,ATL,84,1610612753,ORL,98,Game 4,East - Conf. Semifinals,Conf. Semifinals,False
2009-2010,2010,0040900234,20100510/LALUTA,Final,2010-05-11,04:30,1610612762,UTA,96,1610612747,LAL,111,Game 4,West - Conf. Semifinals,Conf. Semifinals,False
2009-2010,2010,0040900205,20100511/BOSCLE,Final,2010-05-12,02:00,1610612739,CLE,88,1610612738,BOS,120,Game 5,East - Conf. Semifinals,Conf. Semifinals,False
2009-2010,2010,0040900206,20100513/CLEBOS,Final,2010-05-14,02:00,1610612738,BOS,94,1610612739,CLE,85,Game 6,East - Conf. Semifinals,Conf. Semifinals,False
2009-2010,2010,0040900301,20100516/BOSORL,Final,2010-05-16,21:30,1610612753,ORL,88,1610612738,BOS,92,Game 1,East - Conf. Finals,Conf. Finals,False
2009-2010,2010,0040900311,20100517/PHXLAL,Final,2010-05-18,03:00,1610612747,LAL,128,1610612756,PHX,107,Game 1,West - Conf. Finals,Conf. Finals,False
2009-2010,2010,0040900302,20100518/BOSORL,Final,2010-05-19,02:30,1610612753,ORL,92,1610612738,BOS,95,Game 2,East - Conf. Finals,Conf. Finals,False
2009-2010,2010,0040900312,20100519/PHXLAL,Final,2010-05-20,03:00,1610612747,LAL,124,1610612756,PHX,112,Game 2,West - Conf. Finals,Conf. Finals,False
2009-2010,2010,0040900303,20100522/ORLBOS,Final,2010-05-23,02:30,1610612738,BOS,94,1610612753,ORL,71,Game 3,East - Conf. Finals,Conf. Finals,False
2009-2010,2010,0040900313,20100523/LALPHX,Final,2010-05-24,02:30,1610612756,PHX,118,1610612747,LAL,109,Game 3,West - Conf. Finals,Conf. Finals,False
2009-2010,2010,0040900304,20100524/ORLBOS,Final/OT,2010-05-25,02:30,1610612738,BOS,92,1610612753,ORL,96,Game 4,East - Conf. Finals,Conf. Finals,False
2009-2010,2010,0040900314,20100525/LALPHX,Final,2010-05-26,03:00,1610612756,PHX,115,1610612747,LAL,106,Game 4,West - Conf. Finals,Conf. Finals,False
2009-2010,2010,0040900305,20100526/BOSORL,Final,2010-05-27,02:30,1610612753,ORL,113,1610612738,BOS,92,Game 5,East - Conf. Finals,Conf. Finals,False
2009-2010,2010,0040900315,20100527/PHXLAL,Final,2010-05-28,03:00,1610612747,LAL,103,1610612756,PHX,101,Game 5,West - Conf. Finals,Conf. Finals,False
2009-2010,2010,0040900306,20100528/ORLBOS,Final,2010-05-29,02:30,1610612738,BOS,96,1610612753,ORL,84,Game 6,East - Conf. Finals,Conf. Finals,False
2009-2010,2010,0040900316,20100529/LALPHX,Final,2010-05-30,02:30,1610612756,PHX,103,1610612747,LAL,111,Game 6,West - Conf. Finals,Conf. Finals,False
2009-2010,2010,0040900401,20100603/BOSLAL,Final,2010-06-04,03:00,1610612747,LAL,102,1610612738,BOS,89,Game 1,NBA Finals,NBA Finals,False
2009-2010,2010,0040900402,20100606/BOSLAL,Final,2010-06-07,02:00,1610612747,LAL,94,1610612738,BOS,103,Game 2,NBA Finals,NBA Finals,False
2009-2010,2010,0040900403,20100608/LALBOS,Final,2010-06-09,03:00,1610612738,BOS,84,1610612747,LAL,91,Game 3,NBA Finals,NBA Finals,False
2009-2010,2010,0040900404,20100610/LALBOS,Final,2010-06-11,03:00,1610612738,BOS,96,1610612747,LAL,89,Game 4,NBA Finals,NBA Finals,False
2009-2010,2010,0040900405,20100613/LALBOS,Final,2010-06-14,02:00,1610612738,BOS,92,1610612747,LAL,86,Game 5,NBA Finals,NBA Finals,False
2009-2010,2010,0040900406,20100615/BOSLAL,Final,2010-06-16,03:00,1610612747,LAL,89,1610612738,BOS,67,Game 6,NBA Finals,NBA Finals,False
2009-2010,2010,0040900407,20100617/BOSLAL,Final,2010-06-18,03:00,1610612747,LAL,83,1610612738,BOS,79,Game 7,NBA Finals,NBA Finals,False
