Saison,Année,gameId,gameCode,gameStatusText,dateParis,heureParis,homeTeamId,homeTeamTricode,homeTeamScore,awayTeamId,awayTeamTricode,awayTeamScore,seriesGameNumber,gameLabel,poRoundDesc,ifNecessary
2007-2008,2008,0010700002,20071006/MINEPT,Final,2007-10-06,20:00,12309,EPT,81,1610612750,MIN,84,,,,False
2007-2008,2008,0010700001,20071006/TORBOS,Final,2007-10-06,20:30,1610612738,BOS,89,1610612761,TOR,85,,,,False
2007-2008,2008,0010700003,20071007/TORLRO,Final,2007-10-07,18:30,12317,LRO,87,1610612761,TOR,93,,,,False
2007-2008,2008,0010700004,20071008/NYKPHI,7:30 pm ET,2007-10-09,01:00,1610612755,PHI,0,1610612752,NYK,0,,,,False
2007-2008,2008,0010700005,20071008/ATLORL,Final,2007-10-09,01:00,1610612753,ORL,93,1610612737,ATL,94,,,,False
2007-2008,2008,0010700006,20071008/MIADET,Final,2007-10-09,01:30,1610612765,DET,103,1610612748,MIA,86,,,,False
2007-2008,2008,0010700012,20071009/GSWLAL,Final,2007-10-09,07:00,1610612747,LAL,110,1610612744,GSW,111,,,,False
2007-2008,2008,0010700014,20071009/MEMMAL,Final,2007-10-09,20:00,12311,MAL,102,1610612763,MEM,99,,,,False
2007-2008,2008,0010700007,20071009/WASCLE,Final,2007-10-10,01:00,1610612739,CLE,62,1610612764,WAS,81,,,,False
2007-2008,2008,0010700008,20071009/CHIMIL,Final,2007-10-10,02:00,1610612749,MIL,93,1610612741,CHI,88,,,,False
2007-2008,2008,0010700009,20071009/HOUNOH,Final,2007-10-10,02:00,1610612740,NOH,94,1610612745,HOU,92,,,,False
2007-2008,2008,0010700013,20071009/SASDAL,Final,2007-10-10,02:30,1610612742,DAL,88,1610612759,SAS,67,,,,False
2007-2008,2008,0010700010,20071009/LACDEN,Final,2007-10-10,03:00,1610612743,DEN,119,1610612746,LAC,107,,,,False
2007-2008,2008,0010700011,20071009/SEASAC,Final,2007-10-10,04:00,1610612758,SAC,104,1610612760,SEA,98,,,,False
2007-2008,2008,0010700020,20071010/BOSMIN,Final,2007-10-10,20:30,1610612750,MIN,81,1610612738,BOS,92,,,,False
2007-2008,2008,0010700015,20071010/CHAORL,Final,2007-10-11,01:00,1610612753,ORL,123,1610612766,CHA,99,,,,False
2007-2008,2008,0010700016,20071010/NOHIND,Final,2007-10-11,01:00,1610612754,IND,101,1610612740,NOH,96,,,,False
2007-2008,2008,0010700019,20071010/ATLMIA,Final/OT,2007-10-11,01:30,1610612748,MIA,100,1610612737,ATL,106,,,,False
2007-2008,2008,0010700017,20071010/MILUTA,Final,2007-10-11,03:00,1610612762,UTA,81,1610612749,MIL,90,,,,False
2007-2008,2008,0010700018,20071010/LACPOR,Final,2007-10-11,04:00,1610612757,POR,111,1610612746,LAC,102,,,,False
2007-2008,2008,0010700026,20071011/GSWLAL,Final,2007-10-11,07:00,1610612747,LAL,106,1610612744,GSW,119,,,,False
2007-2008,2008,0010700021,20071011/MEMMMT,Final,2007-10-11,18:30,12318,MMT,73,1610612763,MEM,98,,,,False
2007-2008,2008,0010700028,20071011/TORRMA,Final,2007-10-11,21:30,12315,RMA,104,1610612761,TOR,103,,,,False
2007-2008,2008,0010700022,20071011/MTANYK,Final,2007-10-12,01:00,1610612752,NYK,112,12303,MTA,85,,,,False
2007-2008,2008,0010700023,20071011/CHAATL,Final,2007-10-12,01:00,1610612737,ATL,109,1610612766,CHA,104,,,,False
2007-2008,2008,0010700024,20071011/DETCLE,Final/OT,2007-10-12,01:00,1610612739,CLE,96,1610612765,DET,90,,,,False
2007-2008,2008,0010700027,20071011/PANHOU,Final,2007-10-12,02:30,1610612745,HOU,107,12313,PAN,70,,,,False
2007-2008,2008,0010700025,20071011/PHXSAC,Final,2007-10-12,04:00,1610612758,SAC,99,1610612756,PHX,110,,,,False
2007-2008,2008,0010700029,20071012/NJNPHI,Final/OT,2007-10-13,01:00,1610612755,PHI,90,1610612751,NJN,91,,,,False
2007-2008,2008,0010700030,20071012/MIAORL,Final,2007-10-13,01:00,1610612753,ORL,102,1610612748,MIA,69,,,,False
2007-2008,2008,0010700032,20071012/SEACLE,Final,2007-10-13,01:30,1610612739,CLE,90,1610612760,SEA,96,,,,False
2007-2008,2008,0010700033,20071012/UTADET,Final,2007-10-13,01:30,1610612765,DET,85,1610612762,UTA,100,,,,False
2007-2008,2008,0010700034,20071012/DALCHI,Final,2007-10-13,02:30,1610612741,CHI,100,1610612742,DAL,92,,,,False
2007-2008,2008,0010700031,20071012/PORDEN,Final,2007-10-13,03:00,1610612743,DEN,118,1610612757,POR,102,,,,False
2007-2008,2008,0010700035,20071013/DALWAS,Final,2007-10-14,01:00,1610612764,WAS,90,1610612742,DAL,86,,,,False
2007-2008,2008,0010700036,20071013/MIACHA,Final,2007-10-14,01:00,1610612766,CHA,92,1610612748,MIA,76,,,,False
2007-2008,2008,0010700037,20071013/SEAIND,Final,2007-10-14,01:00,1610612754,IND,97,1610612760,SEA,87,,,,False
2007-2008,2008,0010700039,20071013/UTAMIL,Final,2007-10-14,02:30,1610612749,MIL,78,1610612762,UTA,92,,,,False
2007-2008,2008,0010700040,20071013/PANSAS,Final,2007-10-14,02:30,1610612759,SAS,113,12313,PAN,91,,,,False
2007-2008,2008,0010700038,20071013/NOHPHX,Final,2007-10-14,04:00,1610612756,PHX,106,1610612740,NOH,111,,,,False
2007-2008,2008,0010700041,20071014/PORATL,Final,2007-10-14,20:00,1610612737,ATL,89,1610612757,POR,102,,,,False
2007-2008,2008,0010700042,20071014/WASPHI,Final,2007-10-15,00:00,1610612755,PHI,80,1610612764,WAS,86,,,,False
2007-2008,2008,0010700043,20071014/DENDET,Final,2007-10-15,00:00,1610612765,DET,109,1610612743,DEN,106,,,,False
2007-2008,2008,0010700044,20071014/LACGSW,Final,2007-10-15,03:00,1610612744,GSW,89,1610612746,LAC,99,,,,False
2007-2008,2008,0010700045,20071015/NJNCHA,Final,2007-10-16,01:00,1610612766,CHA,96,1610612751,NJN,86,,,,False
2007-2008,2008,0010700046,20071015/MINMEM,Final,2007-10-16,02:00,1610612763,MEM,101,1610612750,MIN,93,,,,False
2007-2008,2008,0010700047,20071015/INDNOH,Final,2007-10-16,02:00,1610612740,NOH,104,1610612754,IND,117,,,,False
2007-2008,2008,0010700048,20071015/UTAPHX,Final,2007-10-16,04:00,1610612756,PHX,124,1610612762,UTA,101,,,,False
2007-2008,2008,0010700049,20071015/ZAKGSW,Final,2007-10-16,04:30,1610612744,GSW,107,12316,ZAK,88,,,,False
2007-2008,2008,0010700050,20071016/MINATL,Final,2007-10-17,01:00,1610612737,ATL,103,1610612750,MIN,77,,,,False
2007-2008,2008,0010700052,20071016/DENMIL,Final,2007-10-17,02:00,1610612749,MIL,78,1610612743,DEN,104,,,,False
2007-2008,2008,0010700051,20071016/WASCHI,Final,2007-10-17,02:30,1610612741,CHI,97,1610612764,WAS,76,,,,False
2007-2008,2008,0010700053,20071016/DALSAC,Final,2007-10-17,04:00,1610612758,SAC,99,1610612742,DAL,101,,,,False
2007-2008,2008,0010700054,20071017/DENDET,Final,2007-10-18,01:00,1610612765,DET,119,1610612743,DEN,110,,,,False
2007-2008,2008,0010700055,20071017/MEMIND,Final,2007-10-18,01:00,1610612754,IND,122,1610612763,MEM,115,,,,False
2007-2008,2008,0010700057,20071017/ZAKTOR,Final,2007-10-18,01:00,1610612761,TOR,105,12316,ZAK,99,,,,False
2007-2008,2008,0010700058,20071017/NYKBOS,Final,2007-10-18,01:30,1610612738,BOS,101,1610612752,NYK,61,,,,False
2007-2008,2008,0010700059,20071017/ORLCLE,Final,2007-10-17,14:00,1610612739,CLE,86,1610612753,ORL,90,,,,False
2007-2008,2008,0010700056,20071017/PHIUTA,Final,2007-10-18,03:00,1610612762,UTA,101,1610612755,PHI,93,,,,False
2007-2008,2008,0010700063,20071018/NYKNJN,Final,2007-10-19,01:30,1610612751,NJN,110,1610612752,NYK,94,,,,False
2007-2008,2008,0010700064,20071018/DALHOU,Final,2007-10-19,02:30,1610612745,HOU,104,1610612742,DAL,90,,,,False
2007-2008,2008,0010700065,20071018/GSWSAS,Final,2007-10-19,02:30,1610612759,SAS,116,1610612744,GSW,111,,,,False
2007-2008,2008,0010700061,20071018/SACUTA,Final,2007-10-19,03:00,1610612762,UTA,91,1610612758,SAC,105,,,,False
2007-2008,2008,0010700062,20071018/SEALAL,Final,2007-10-19,04:00,1610612747,LAL,126,1610612760,SEA,106,,,,False
2007-2008,2008,0010700066,20071018/PHXLAC,Final,2007-10-19,04:30,1610612746,LAC,97,1610612756,PHX,118,,,,False
2007-2008,2008,0010700060,20071018/ATLCHA,Final,2007-10-18,16:30,1610612766,CHA,98,1610612737,ATL,104,,,,False
2007-2008,2008,0010700067,20071018/ORLCHN,Final,2007-10-18,14:00,45,CHN,92,1610612753,ORL,116,,,,False
2007-2008,2008,0010700068,20071019/CHITOR,Final,2007-10-20,01:00,1610612761,TOR,92,1610612741,CHI,82,,,,False
2007-2008,2008,0010700069,20071019/MININD,Final/OT2,2007-10-20,01:00,1610612754,IND,110,1610612750,MIN,113,,,,False
2007-2008,2008,0010700071,20071019/ZAKWAS,Final,2007-10-20,01:00,1610612764,WAS,115,12316,ZAK,96,,,,False
2007-2008,2008,0010700072,20071019/NJNBOS,Final,2007-10-20,01:30,1610612738,BOS,36,1610612751,NJN,33,,,,False
2007-2008,2008,0010700073,20071019/NOHMIA,Final,2007-10-20,01:30,1610612748,MIA,85,1610612740,NOH,92,,,,False
2007-2008,2008,0010700074,20071019/DETDAL,Final,2007-10-20,02:30,1610612742,DAL,122,1610612765,DET,94,,,,False
2007-2008,2008,0010700070,20071019/SACPOR,Final,2007-10-20,04:00,1610612757,POR,101,1610612758,SAC,77,,,,False
2007-2008,2008,0010700075,20071020/CLEORL,Final,2007-10-20,06:30,1610612753,ORL,100,1610612739,CLE,84,,,,False
2007-2008,2008,0010700076,20071020/PHXLAC,Final,2007-10-21,01:30,1610612746,LAC,110,1610612756,PHX,103,,,,False
2007-2008,2008,0010700079,20071020/PHIBOS,Final,2007-10-21,01:30,1610612738,BOS,78,1610612755,PHI,96,,,,False
2007-2008,2008,0010700077,20071020/MIAMEM,Final,2007-10-21,02:00,1610612763,MEM,104,1610612748,MIA,98,,,,False
2007-2008,2008,0010700080,20071020/INDCHI,Final,2007-10-21,02:30,1610612741,CHI,100,1610612754,IND,88,,,,False
2007-2008,2008,0010700081,20071020/MINMIL,Final,2007-10-21,02:30,1610612749,MIL,106,1610612750,MIN,97,,,,False
2007-2008,2008,0010700082,20071020/DETSAS,Final,2007-10-21,02:30,1610612759,SAS,104,1610612765,DET,80,,,,False
2007-2008,2008,0010700078,20071020/HOUSEA,Final,2007-10-21,04:00,1610612760,SEA,94,1610612745,HOU,117,,,,False
2007-2008,2008,0010700083,20071020/CHALAL,Final,2007-10-21,04:30,1610612747,LAL,113,1610612766,CHA,93,,,,False
2007-2008,2008,0010700084,20071021/PHXCHA,Final,2007-10-22,01:30,1610612766,CHA,88,1610612756,PHX,98,,,,False
2007-2008,2008,0010700086,20071021/NOHDAL,Final,2007-10-22,02:30,1610612742,DAL,103,1610612740,NOH,97,,,,False
2007-2008,2008,0010700085,20071021/PORSAC,Final,2007-10-22,03:00,1610612758,SAC,111,1610612757,POR,87,,,,False
2007-2008,2008,0010700087,20071021/LACLAL,Final,2007-10-22,04:30,1610612747,LAL,96,1610612746,LAC,112,,,,False
2007-2008,2008,0010700088,20071022/WASATL,Final,2007-10-23,01:00,1610612737,ATL,103,1610612764,WAS,99,,,,False
2007-2008,2008,0010700089,20071022/BOSNYK,Final,2007-10-23,01:30,1610612752,NYK,94,1610612738,BOS,87,,,,False
2007-2008,2008,0010700094,20071023/BOSNJN,Final,2007-10-24,01:30,1610612751,NJN,82,1610612738,BOS,71,,,,False
2007-2008,2008,0010700095,20071023/SASMIA,Final,2007-10-24,01:30,1610612748,MIA,87,1610612759,SAS,104,,,,False
2007-2008,2008,0010700090,20071023/INDMIN,Final,2007-10-24,02:00,1610612750,MIN,95,1610612754,IND,106,,,,False
2007-2008,2008,0010700096,20071023/MEMHOU,Final/OT2,2007-10-24,02:30,1610612745,HOU,107,1610612763,MEM,109,,,,False
2007-2008,2008,0010700097,20071023/CHIDAL,Final,2007-10-24,02:30,1610612742,DAL,96,1610612741,CHI,88,,,,False
2007-2008,2008,0010700091,20071023/MILDEN,Final,2007-10-24,03:00,1610612743,DEN,114,1610612749,MIL,102,,,,False
2007-2008,2008,0010700092,20071023/UTALAL,Final,2007-10-24,04:00,1610612747,LAL,81,1610612762,UTA,102,,,,False
2007-2008,2008,0010700093,20071023/GSWSEA,Final/OT,2007-10-24,04:00,1610612760,SEA,122,1610612744,GSW,126,,,,False
2007-2008,2008,0010700101,20071024/PHINYK,Final,2007-10-25,01:30,1610612752,NYK,103,1610612755,PHI,90,,,,False
2007-2008,2008,0010700102,20071024/WASDET,Final,2007-10-25,01:30,1610612765,DET,104,1610612764,WAS,85,,,,False
2007-2008,2008,0010700098,20071024/HOUMEM,Final,2007-10-25,02:00,1610612763,MEM,96,1610612745,HOU,90,,,,False
2007-2008,2008,0010700099,20071024/ATLNOH,Final,2007-10-25,02:00,1610612740,NOH,98,1610612737,ATL,107,,,,False
2007-2008,2008,0010700100,20071024/SEAPOR,Final,2007-10-25,04:00,1610612757,POR,109,1610612760,SEA,107,,,,False
2007-2008,2008,0010700103,20071024/SACLAC,Final,2007-10-25,04:30,1610612746,LAC,92,1610612758,SAC,90,,,,False
2007-2008,2008,0010700104,20071025/CLETOR,Final,2007-10-26,01:00,1610612761,TOR,111,1610612739,CLE,78,,,,False
2007-2008,2008,0010700105,20071025/SASORL,Final,2007-10-26,01:00,1610612753,ORL,99,1610612759,SAS,90,,,,False
2007-2008,2008,0010700108,20071025/PHINJN,Final,2007-10-26,01:30,1610612751,NJN,83,1610612755,PHI,91,,,,False
2007-2008,2008,0010700109,20071025/MILCHI,Final,2007-10-26,02:30,1610612741,CHI,97,1610612749,MIL,81,,,,False
2007-2008,2008,0010700106,20071025/DENPHX,Final,2007-10-26,04:00,1610612756,PHX,116,1610612743,DEN,113,,,,False
2007-2008,2008,0010700107,20071025/UTALAL,Canceled,2007-10-26,04:00,1610612747,LAL,0,1610612762,UTA,0,,,,False
2007-2008,2008,0010700110,20071026/WASTOR,7:30 pm ET,2007-10-27,01:00,1610612761,TOR,0,1610612764,WAS,0,,,,False
2007-2008,2008,0010700111,20071026/CHANOH,7:30 pm ET,2007-10-27,01:30,1610612740,NOH,0,1610612766,CHA,0,,,,False
2007-2008,2008,0010700117,20071026/CLEBOS,7:30 pm ET,2007-10-27,01:30,1610612738,BOS,0,1610612739,CLE,0,,,,False
2007-2008,2008,0010700118,20071026/NJNNYK,7:30 pm ET,2007-10-27,01:30,1610612752,NYK,0,1610612751,NJN,0,,,,False
2007-2008,2008,0010700112,20071026/INDMEM,7:30 pm ET,2007-10-27,02:00,1610612763,MEM,0,1610612754,IND,0,,,,False
2007-2008,2008,0010700113,20071026/MILMIN,7:30 pm ET,2007-10-27,02:00,1610612750,MIN,0,1610612749,MIL,0,,,,False
2007-2008,2008,0010700119,20071026/HOUSAS,7:30 pm ET,2007-10-27,02:30,1610612759,SAS,0,1610612745,HOU,0,,,,False
2007-2008,2008,0010700114,20071026/SACLAL,7:30 pm ET,2007-10-27,04:00,1610612747,LAL,0,1610612758,SAC,0,,,,False
2007-2008,2008,0010700115,20071026/DENPOR,7:30 pm ET,2007-10-27,04:00,1610612757,POR,0,1610612743,DEN,0,,,,False
2007-2008,2008,0010700116,20071026/PHXSEA,7:30 pm ET,2007-10-27,04:00,1610612760,SEA,0,1610612756,PHX,0,,,,False
2007-2008,2008,0010700120,20071026/GSWLAC,7:30 pm ET,2007-10-27,04:30,1610612746,LAC,0,1610612744,GSW,0,,,,False
2007-2008,2008,0020700001,20071030/PORSAS,Final,2007-10-31,01:00,1610612759,SAS,106,1610612757,POR,97,,,,False
2007-2008,2008,0020700002,20071030/HOULAL,Final,2007-10-31,03:30,1610612747,LAL,93,1610612745,HOU,95,,,,False
2007-2008,2008,0020700003,20071030/UTAGSW,Final,2007-10-31,03:30,1610612744,GSW,96,1610612762,UTA,117,,,,False
2007-2008,2008,0020700004,20071031/PHITOR,Final,2007-11-01,00:00,1610612761,TOR,106,1610612755,PHI,97,,,,False
2007-2008,2008,0020700005,20071031/MILORL,Final,2007-11-01,00:00,1610612753,ORL,102,1610612749,MIL,83,,,,False
2007-2008,2008,0020700006,20071031/WASIND,Final/OT,2007-11-01,00:00,1610612754,IND,119,1610612764,WAS,110,,,,False
2007-2008,2008,0020700007,20071031/CHINJN,Final/OT,2007-11-01,00:30,1610612751,NJN,112,1610612741,CHI,103,,,,False
2007-2008,2008,0020700008,20071031/DALCLE,Final,2007-11-01,01:00,1610612739,CLE,74,1610612742,DAL,92,,,,False
2007-2008,2008,0020700009,20071031/SASMEM,Final,2007-11-01,01:00,1610612763,MEM,101,1610612759,SAS,104,,,,False
2007-2008,2008,0020700010,20071031/SACNOH,Final,2007-11-01,01:00,1610612740,NOH,104,1610612758,SAC,90,,,,False
2007-2008,2008,0020700011,20071031/SEADEN,Final,2007-11-01,03:30,1610612743,DEN,120,1610612760,SEA,103,,,,False
2007-2008,2008,0020700012,20071101/DETMIA,Final,2007-11-02,01:00,1610612748,MIA,80,1610612765,DET,91,,,,False
2007-2008,2008,0020700013,20071101/HOUUTA,Final,2007-11-02,02:00,1610612762,UTA,95,1610612745,HOU,106,,,,False
2007-2008,2008,0020700014,20071101/PHXSEA,Final,2007-11-02,03:30,1610612760,SEA,99,1610612756,PHX,106,,,,False
2007-2008,2008,0020700015,20071102/MILCHA,Final,2007-11-03,00:00,1610612766,CHA,102,1610612749,MIL,99,,,,False
2007-2008,2008,0020700016,20071102/DETORL,Final,2007-11-03,00:00,1610612753,ORL,92,1610612765,DET,116,,,,False
2007-2008,2008,0020700017,20071102/MIAIND,Final,2007-11-03,00:00,1610612754,IND,87,1610612748,MIA,85,,,,False
2007-2008,2008,0020700018,20071102/TORNJN,Final,2007-11-03,00:30,1610612751,NJN,69,1610612761,TOR,106,,,,False
2007-2008,2008,0020700019,20071102/DALATL,Final,2007-11-03,00:30,1610612737,ATL,101,1610612742,DAL,94,,,,False
2007-2008,2008,0020700020,20071102/NYKCLE,Final,2007-11-03,00:30,1610612739,CLE,110,1610612752,NYK,106,,,,False
2007-2008,2008,0020700021,20071102/WASBOS,Final,2007-11-03,01:00,1610612738,BOS,103,1610612764,WAS,83,,,,False
2007-2008,2008,0020700022,20071102/PORNOH,Final,2007-11-03,01:00,1610612740,NOH,113,1610612757,POR,93,,,,False
2007-2008,2008,0020700023,20071102/DENMIN,Final,2007-11-03,01:00,1610612750,MIN,91,1610612743,DEN,99,,,,False
2007-2008,2008,0020700024,20071102/PHICHI,Final,2007-11-03,01:30,1610612741,CHI,85,1610612755,PHI,96,,,,False
2007-2008,2008,0020700025,20071102/SACSAS,Final,2007-11-03,01:30,1610612759,SAS,96,1610612758,SAC,80,,,,False
2007-2008,2008,0020700026,20071102/LALPHX,Final,2007-11-03,03:30,1610612756,PHX,98,1610612747,LAL,119,,,,False
2007-2008,2008,0020700027,20071102/GSWLAC,Final,2007-11-03,03:30,1610612746,LAC,120,1610612744,GSW,114,,,,False
2007-2008,2008,0020700028,20071103/NJNPHI,Final,2007-11-04,00:00,1610612755,PHI,88,1610612751,NJN,93,,,,False
2007-2008,2008,0020700029,20071103/ORLWAS,Final,2007-11-04,00:00,1610612764,WAS,82,1610612753,ORL,94,,,,False
2007-2008,2008,0020700030,20071103/INDMEM,Final,2007-11-04,01:00,1610612763,MEM,111,1610612754,IND,121,,,,False
2007-2008,2008,0020700031,20071103/CHIMIL,Final,2007-11-04,01:30,1610612749,MIL,78,1610612741,CHI,72,,,,False
2007-2008,2008,0020700032,20071103/PORHOU,Final,2007-11-04,01:30,1610612745,HOU,89,1610612757,POR,80,,,,False
2007-2008,2008,0020700033,20071103/SACDAL,Final,2007-11-04,01:30,1610612742,DAL,123,1610612758,SAC,102,,,,False
2007-2008,2008,0020700034,20071103/GSWUTA,Final,2007-11-04,02:00,1610612762,UTA,133,1610612744,GSW,110,,,,False
2007-2008,2008,0020700035,20071104/BOSTOR,Final/OT,2007-11-04,20:30,1610612761,TOR,95,1610612738,BOS,98,,,,False
2007-2008,2008,0020700036,20071104/SEALAC,Final,2007-11-04,21:30,1610612746,LAC,115,1610612760,SEA,101,,,,False
2007-2008,2008,0020700037,20071104/MINNYK,Final,2007-11-05,00:00,1610612752,NYK,97,1610612750,MIN,93,,,,False
2007-2008,2008,0020700038,20071104/CHAMIA,Final,2007-11-05,00:00,1610612748,MIA,88,1610612766,CHA,90,,,,False
2007-2008,2008,0020700039,20071104/ATLDET,Final,2007-11-05,01:30,1610612765,DET,92,1610612737,ATL,91,,,,False
2007-2008,2008,0020700040,20071104/NOHDEN,Final,2007-11-05,02:00,1610612743,DEN,88,1610612740,NOH,93,,,,False
2007-2008,2008,0020700041,20071104/CLEPHX,Final,2007-11-05,02:00,1610612756,PHX,103,1610612739,CLE,92,,,,False
2007-2008,2008,0020700042,20071104/UTALAL,Final,2007-11-05,03:30,1610612747,LAL,119,1610612762,UTA,109,,,,False
2007-2008,2008,0020700043,20071105/HOUDAL,Final,2007-11-06,02:30,1610612742,DAL,107,1610612745,HOU,98,,,,False
2007-2008,2008,0020700044,20071106/PHXCHA,Final,2007-11-07,01:00,1610612766,CHA,83,1610612756,PHX,115,,,,False
2007-2008,2008,0020700045,20071106/ATLNJN,Final,2007-11-07,01:30,1610612751,NJN,87,1610612737,ATL,82,,,,False
2007-2008,2008,0020700046,20071106/DENNYK,Final,2007-11-07,01:30,1610612752,NYK,119,1610612743,DEN,112,,,,False
2007-2008,2008,0020700047,20071106/TORMIL,Final,2007-11-07,02:00,1610612749,MIL,112,1610612761,TOR,85,,,,False
2007-2008,2008,0020700048,20071106/ORLMIN,Final,2007-11-07,02:00,1610612750,MIN,103,1610612753,ORL,111,,,,False
2007-2008,2008,0020700049,20071106/LACCHI,Final,2007-11-07,02:30,1610612741,CHI,91,1610612746,LAC,97,,,,False
2007-2008,2008,0020700050,20071106/SASHOU,Final,2007-11-07,02:30,1610612745,HOU,89,1610612759,SAS,81,,,,False
2007-2008,2008,0020700051,20071106/SEASAC,Final,2007-11-07,04:00,1610612758,SAC,104,1610612760,SEA,98,,,,False
2007-2008,2008,0020700052,20071106/NOHLAL,Final,2007-11-07,04:30,1610612747,LAL,104,1610612740,NOH,118,,,,False
2007-2008,2008,0020700053,20071106/CLEGSW,Final,2007-11-07,04:30,1610612744,GSW,104,1610612739,CLE,108,,,,False
2007-2008,2008,0020700054,20071107/ORLTOR,Final,2007-11-08,01:00,1610612761,TOR,96,1610612753,ORL,105,,,,False
2007-2008,2008,0020700055,20071107/CHAPHI,Final,2007-11-08,01:00,1610612755,PHI,94,1610612766,CHA,63,,,,False
2007-2008,2008,0020700056,20071107/PHXATL,Final,2007-11-08,01:00,1610612737,ATL,105,1610612756,PHX,96,,,,False
2007-2008,2008,0020700057,20071107/LACIND,Final,2007-11-08,01:00,1610612754,IND,89,1610612746,LAC,104,,,,False
2007-2008,2008,0020700058,20071107/DENBOS,Final,2007-11-08,01:30,1610612738,BOS,119,1610612743,DEN,93,,,,False
2007-2008,2008,0020700059,20071107/MIASAS,Final,2007-11-08,02:00,1610612759,SAS,88,1610612748,MIA,78,,,,False
2007-2008,2008,0020700061,20071107/MEMSEA,Final,2007-11-08,04:00,1610612760,SEA,98,1610612763,MEM,105,,,,False
2007-2008,2008,0020700060,20071107/CLEUTA,Final,2007-11-08,04:30,1610612762,UTA,103,1610612739,CLE,101,,,,False
2007-2008,2008,0020700062,20071107/NOHPOR,Final,2007-11-08,04:30,1610612757,POR,93,1610612740,NOH,90,,,,False
2007-2008,2008,0020700063,20071108/WASNJN,Final,2007-11-09,01:30,1610612751,NJN,87,1610612764,WAS,85,,,,False
2007-2008,2008,0020700064,20071108/DETCHI,Final,2007-11-09,02:00,1610612741,CHI,97,1610612765,DET,93,,,,False
2007-2008,2008,0020700065,20071108/DALGSW,Final,2007-11-09,04:30,1610612744,GSW,115,1610612742,DAL,120,,,,False
2007-2008,2008,0020700066,20071109/TORPHI,Final,2007-11-10,01:00,1610612755,PHI,103,1610612761,TOR,105,,,,False
2007-2008,2008,0020700067,20071109/INDCHA,Final,2007-11-10,01:00,1610612766,CHA,96,1610612754,IND,87,,,,False
2007-2008,2008,0020700068,20071109/ATLBOS,Final,2007-11-10,01:30,1610612738,BOS,106,1610612737,ATL,83,,,,False
2007-2008,2008,0020700069,20071109/ORLNYK,Final,2007-11-10,01:30,1610612752,NYK,102,1610612753,ORL,112,,,,False
2007-2008,2008,0020700070,20071109/PHXMIA,Final,2007-11-10,01:30,1610612748,MIA,101,1610612756,PHX,106,,,,False
2007-2008,2008,0020700071,20071109/DENWAS,Final,2007-11-10,02:00,1610612764,WAS,92,1610612743,DEN,118,,,,False
2007-2008,2008,0020700072,20071109/LACDET,Final,2007-11-10,02:00,1610612765,DET,103,1610612746,LAC,79,,,,False
2007-2008,2008,0020700073,20071109/SASNOH,Final,2007-11-10,02:00,1610612740,NOH,85,1610612759,SAS,97,,,,False
2007-2008,2008,0020700074,20071109/MILHOU,Final,2007-11-10,02:30,1610612745,HOU,104,1610612749,MIL,88,,,,False
2007-2008,2008,0020700075,20071109/MEMPOR,Final,2007-11-10,04:00,1610612757,POR,110,1610612763,MEM,98,,,,False
2007-2008,2008,0020700076,20071109/MINLAL,Final,2007-11-10,04:30,1610612747,LAL,107,1610612750,MIN,93,,,,False
2007-2008,2008,0020700077,20071109/CLESAC,Final,2007-11-10,04:30,1610612758,SAC,91,1610612739,CLE,93,,,,False
2007-2008,2008,0020700078,20071109/UTASEA,Final,2007-11-10,04:30,1610612760,SEA,101,1610612762,UTA,103,,,,False
2007-2008,2008,0020700079,20071110/PHXORL,Final,2007-11-11,01:00,1610612753,ORL,96,1610612756,PHX,106,,,,False
2007-2008,2008,0020700080,20071110/DENIND,Final,2007-11-11,01:00,1610612754,IND,106,1610612743,DEN,113,,,,False
2007-2008,2008,0020700081,20071110/BOSNJN,Final,2007-11-11,01:30,1610612751,NJN,101,1610612738,BOS,112,,,,False
2007-2008,2008,0020700082,20071110/TORCHI,Final,2007-11-11,02:30,1610612741,CHI,71,1610612761,TOR,101,,,,False
2007-2008,2008,0020700083,20071110/MEMUTA,Final,2007-11-11,03:00,1610612762,UTA,118,1610612763,MEM,94,,,,False
2007-2008,2008,0020700084,20071110/MINSAC,Final,2007-11-11,04:00,1610612758,SAC,100,1610612750,MIN,93,,,,False
2007-2008,2008,0020700085,20071110/DALPOR,Final,2007-11-11,04:00,1610612757,POR,91,1610612742,DAL,82,,,,False
2007-2008,2008,0020700086,20071111/WASATL,Final,2007-11-11,20:00,1610612737,ATL,90,1610612764,WAS,101,,,,False
2007-2008,2008,0020700087,20071111/MIANYK,Final,2007-11-12,00:00,1610612752,NYK,72,1610612748,MIA,75,,,,False
2007-2008,2008,0020700088,20071111/NOHPHI,Final,2007-11-12,00:00,1610612755,PHI,72,1610612740,NOH,93,,,,False
2007-2008,2008,0020700089,20071111/HOUCHA,Final,2007-11-12,00:00,1610612766,CHA,82,1610612745,HOU,85,,,,False
2007-2008,2008,0020700090,20071111/MILSAS,Final,2007-11-12,02:00,1610612759,SAS,113,1610612749,MIL,88,,,,False
2007-2008,2008,0020700091,20071111/DETSEA,Final,2007-11-12,03:00,1610612760,SEA,103,1610612765,DET,107,,,,False
2007-2008,2008,0020700092,20071111/CLELAC,Final,2007-11-12,03:30,1610612746,LAC,95,1610612739,CLE,103,,,,False
2007-2008,2008,0020700093,20071112/NOHNJN,Final,2007-11-13,01:30,1610612751,NJN,82,1610612740,NOH,84,,,,False
2007-2008,2008,0020700094,20071112/CLEDEN,Final,2007-11-13,03:00,1610612743,DEN,122,1610612739,CLE,100,,,,False
2007-2008,2008,0020700095,20071112/SACUTA,Final,2007-11-13,03:00,1610612762,UTA,117,1610612758,SAC,93,,,,False
2007-2008,2008,0020700096,20071113/MIACHA,Final,2007-11-14,01:00,1610612766,CHA,91,1610612748,MIA,76,,,,False
2007-2008,2008,0020700097,20071113/SEAORL,Final,2007-11-14,01:00,1610612753,ORL,103,1610612760,SEA,76,,,,False
2007-2008,2008,0020700098,20071113/BOSIND,Final,2007-11-14,01:00,1610612754,IND,86,1610612738,BOS,101,,,,False
2007-2008,2008,0020700099,20071113/HOUMEM,Final,2007-11-14,02:00,1610612763,MEM,105,1610612745,HOU,99,,,,False
2007-2008,2008,0020700100,20071113/PHIDAL,Final,2007-11-14,02:30,1610612742,DAL,99,1610612755,PHI,84,,,,False
2007-2008,2008,0020700101,20071113/LALSAS,Final,2007-11-14,02:30,1610612759,SAS,107,1610612747,LAL,92,,,,False
2007-2008,2008,0020700102,20071113/NYKPHX,Final,2007-11-14,03:00,1610612756,PHX,113,1610612752,NYK,102,,,,False
2007-2008,2008,0020700103,20071113/DETPOR,Final,2007-11-14,04:00,1610612757,POR,102,1610612765,DET,94,,,,False
2007-2008,2008,0020700104,20071114/UTATOR,Final,2007-11-15,01:00,1610612761,TOR,88,1610612762,UTA,92,,,,False
2007-2008,2008,0020700105,20071114/INDWAS,Final,2007-11-15,01:00,1610612764,WAS,103,1610612754,IND,90,,,,False
2007-2008,2008,0020700106,20071114/CHAATL,Final,2007-11-15,01:00,1610612737,ATL,117,1610612766,CHA,109,,,,False
2007-2008,2008,0020700107,20071114/ORLCLE,Final/OT,2007-11-15,01:00,1610612739,CLE,116,1610612753,ORL,117,,,,False
2007-2008,2008,0020700108,20071114/NJNBOS,Final,2007-11-15,01:30,1610612738,BOS,91,1610612751,NJN,69,,,,False
2007-2008,2008,0020700109,20071114/SEAMIA,Final,2007-11-15,01:30,1610612748,MIA,95,1610612760,SEA,104,,,,False
2007-2008,2008,0020700110,20071114/MEMMIL,Final,2007-11-15,02:00,1610612749,MIL,102,1610612763,MEM,99,,,,False
2007-2008,2008,0020700111,20071114/PHINOH,Final,2007-11-15,02:00,1610612740,NOH,95,1610612755,PHI,76,,,,False
2007-2008,2008,0020700112,20071114/SACMIN,Final,2007-11-15,02:00,1610612750,MIN,108,1610612758,SAC,103,,,,False
2007-2008,2008,0020700113,20071114/LALHOU,Final,2007-11-15,03:00,1610612745,HOU,90,1610612747,LAL,93,,,,False
2007-2008,2008,0020700114,20071114/PORDEN,Final,2007-11-15,03:00,1610612743,DEN,110,1610612757,POR,93,,,,False
2007-2008,2008,0020700115,20071114/NYKLAC,Final,2007-11-15,04:30,1610612746,LAC,84,1610612752,NYK,81,,,,False
2007-2008,2008,0020700116,20071114/DETGSW,Final,2007-11-15,04:30,1610612744,GSW,104,1610612765,DET,111,,,,False
2007-2008,2008,0020700118,20071115/CHIPHX,Final,2007-11-16,04:30,1610612756,PHX,112,1610612741,CHI,102,,,,False
2007-2008,2008,0020700117,20071115/SASDAL,Final,2007-11-16,02:00,1610612742,DAL,105,1610612759,SAS,92,,,,False
2007-2008,2008,0020700119,20071116/INDTOR,Final,2007-11-17,01:00,1610612761,TOR,110,1610612754,IND,101,,,,False
2007-2008,2008,0020700120,20071116/PORPHI,Final,2007-11-17,01:00,1610612755,PHI,92,1610612757,POR,88,,,,False
2007-2008,2008,0020700121,20071116/MIABOS,Final,2007-11-17,01:30,1610612738,BOS,92,1610612748,MIA,91,,,,False
2007-2008,2008,0020700122,20071116/ORLNJN,Final,2007-11-17,01:30,1610612751,NJN,70,1610612753,ORL,95,,,,False
2007-2008,2008,0020700123,20071116/SEAATL,Final/OT2,2007-11-17,01:30,1610612737,ATL,123,1610612760,SEA,126,,,,False
2007-2008,2008,0020700124,20071116/UTACLE,Final,2007-11-17,01:30,1610612739,CLE,99,1610612762,UTA,94,,,,False
2007-2008,2008,0020700125,20071116/NOHMEM,Final/OT,2007-11-17,02:00,1610612763,MEM,118,1610612740,NOH,120,,,,False
2007-2008,2008,0020700126,20071116/HOUSAS,Final,2007-11-17,02:00,1610612759,SAS,90,1610612745,HOU,84,,,,False
2007-2008,2008,0020700127,20071116/WASMIN,Final,2007-11-17,02:00,1610612750,MIN,89,1610612764,WAS,105,,,,False
2007-2008,2008,0020700128,20071116/NYKSAC,Final/OT2,2007-11-17,04:00,1610612758,SAC,123,1610612752,NYK,118,,,,False
2007-2008,2008,0020700129,20071116/DETLAL,Final,2007-11-17,04:30,1610612747,LAL,103,1610612765,DET,91,,,,False
2007-2008,2008,0020700130,20071116/LACGSW,Final,2007-11-17,04:30,1610612744,GSW,122,1610612746,LAC,105,,,,False
2007-2008,2008,0020700131,20071117/PORWAS,Final,2007-11-18,01:00,1610612764,WAS,109,1610612757,POR,90,,,,False
2007-2008,2008,0020700132,20071117/SEACHA,Final,2007-11-18,01:00,1610612766,CHA,100,1610612760,SEA,84,,,,False
2007-2008,2008,0020700133,20071117/UTAIND,Final,2007-11-18,01:00,1610612754,IND,117,1610612762,UTA,97,,,,False
2007-2008,2008,0020700134,20071117/MIANJN,Final,2007-11-18,01:30,1610612751,NJN,87,1610612748,MIA,91,,,,False
2007-2008,2008,0020700135,20071117/NOHMIN,Final,2007-11-18,02:00,1610612750,MIN,82,1610612740,NOH,100,,,,False
2007-2008,2008,0020700136,20071117/ATLMIL,Final,2007-11-18,02:30,1610612749,MIL,105,1610612737,ATL,96,,,,False
2007-2008,2008,0020700137,20071117/PHXHOU,Final,2007-11-18,02:30,1610612745,HOU,105,1610612756,PHX,115,,,,False
2007-2008,2008,0020700138,20071117/MEMDAL,Final,2007-11-18,02:30,1610612742,DAL,108,1610612763,MEM,105,,,,False
2007-2008,2008,0020700139,20071117/NYKDEN,Final,2007-11-18,03:00,1610612743,DEN,115,1610612752,NYK,83,,,,False
2007-2008,2008,0020700140,20071117/CHILAC,Final,2007-11-18,04:30,1610612746,LAC,73,1610612741,CHI,92,,,,False
2007-2008,2008,0020700141,20071118/GSWTOR,Final,2007-11-18,19:00,1610612761,TOR,100,1610612744,GSW,106,,,,False
2007-2008,2008,0020700142,20071118/BOSORL,Final,2007-11-19,00:00,1610612753,ORL,104,1610612738,BOS,102,,,,False
2007-2008,2008,0020700143,20071118/DETSAC,Final,2007-11-19,03:00,1610612758,SAC,105,1610612765,DET,95,,,,False
2007-2008,2008,0020700144,20071118/CHILAL,Final,2007-11-19,03:30,1610612747,LAL,106,1610612741,CHI,78,,,,False
2007-2008,2008,0020700145,20071119/PORCHA,Final,2007-11-20,01:00,1610612766,CHA,101,1610612757,POR,92,,,,False
2007-2008,2008,0020700146,20071119/SEAMEM,Final,2007-11-20,02:00,1610612763,MEM,125,1610612760,SEA,108,,,,False
2007-2008,2008,0020700147,20071119/ORLNOH,Final,2007-11-20,02:00,1610612740,NOH,88,1610612753,ORL,95,,,,False
2007-2008,2008,0020700148,20071119/NJNUTA,Final,2007-11-20,03:00,1610612762,UTA,102,1610612751,NJN,75,,,,False
2007-2008,2008,0020700149,20071120/PHIWAS,Final,2007-11-21,01:00,1610612764,WAS,116,1610612755,PHI,101,,,,False
2007-2008,2008,0020700150,20071120/SASATL,Final,2007-11-21,01:00,1610612737,ATL,83,1610612759,SAS,95,,,,False
2007-2008,2008,0020700151,20071120/MILCLE,Final,2007-11-21,01:00,1610612739,CLE,107,1610612749,MIL,111,,,,False
2007-2008,2008,0020700152,20071120/LALIND,Final,2007-11-21,01:00,1610612754,IND,114,1610612747,LAL,134,,,,False
2007-2008,2008,0020700153,20071120/GSWNYK,Final,2007-11-21,01:30,1610612752,NYK,82,1610612744,GSW,108,,,,False
2007-2008,2008,0020700154,20071120/TORDAL,Final,2007-11-21,02:30,1610612742,DAL,105,1610612761,TOR,99,,,,False
2007-2008,2008,0020700155,20071120/CHIDEN,Final,2007-11-21,03:00,1610612743,DEN,112,1610612741,CHI,91,,,,False
2007-2008,2008,0020700156,20071120/PHXSAC,Final,2007-11-21,04:00,1610612758,SAC,98,1610612756,PHX,100,,,,False
2007-2008,2008,0020700157,20071121/WASCHA,Final/OT,2007-11-22,01:00,1610612766,CHA,111,1610612764,WAS,114,,,,False
2007-2008,2008,0020700158,20071121/GSWBOS,Final,2007-11-22,01:30,1610612738,BOS,105,1610612744,GSW,82,,,,False
2007-2008,2008,0020700159,20071121/ATLMIA,Final,2007-11-22,01:30,1610612748,MIA,79,1610612737,ATL,82,,,,False
2007-2008,2008,0020700160,20071121/DALHOU,Final,2007-11-22,01:30,1610612745,HOU,94,1610612742,DAL,100,,,,False
2007-2008,2008,0020700161,20071121/NYKDET,Final,2007-11-22,02:00,1610612765,DET,98,1610612752,NYK,86,,,,False
2007-2008,2008,0020700162,20071121/LALMIL,Final,2007-11-22,02:00,1610612749,MIL,110,1610612747,LAL,103,,,,False
2007-2008,2008,0020700163,20071121/TORMEM,Final,2007-11-22,02:00,1610612763,MEM,89,1610612761,TOR,95,,,,False
2007-2008,2008,0020700164,20071121/INDNOH,Final,2007-11-22,02:00,1610612740,NOH,93,1610612754,IND,105,,,,False
2007-2008,2008,0020700165,20071121/CLEMIN,Final,2007-11-22,02:00,1610612750,MIN,86,1610612739,CLE,97,,,,False
2007-2008,2008,0020700166,20071121/ORLSAS,Final,2007-11-22,02:30,1610612759,SAS,128,1610612753,ORL,110,,,,False
2007-2008,2008,0020700167,20071121/SACPHX,Final,2007-11-22,03:00,1610612756,PHX,127,1610612758,SAC,111,,,,False
2007-2008,2008,0020700168,20071121/NJNPOR,Final,2007-11-22,04:00,1610612757,POR,101,1610612751,NJN,106,,,,False
2007-2008,2008,0020700169,20071121/DENLAC,Final,2007-11-22,04:30,1610612746,LAC,101,1610612743,DEN,90,,,,False
2007-2008,2008,0020700170,20071123/GSWWAS,Final,2007-11-24,01:00,1610612764,WAS,115,1610612744,GSW,123,,,,False
2007-2008,2008,0020700171,20071123/CHAORL,Final,2007-11-24,01:00,1610612753,ORL,105,1610612766,CHA,92,,,,False
2007-2008,2008,0020700172,20071123/LALBOS,Final,2007-11-24,01:30,1610612738,BOS,107,1610612747,LAL,94,,,,False
2007-2008,2008,0020700173,20071123/HOUMIA,Final,2007-11-24,02:00,1610612748,MIA,98,1610612745,HOU,91,,,,False
2007-2008,2008,0020700174,20071123/PHIDET,Final,2007-11-24,02:00,1610612765,DET,83,1610612755,PHI,78,,,,False
2007-2008,2008,0020700175,20071123/DALIND,Final,2007-11-24,02:00,1610612754,IND,111,1610612742,DAL,107,,,,False
2007-2008,2008,0020700176,20071123/MEMSAS,Final,2007-11-24,02:30,1610612759,SAS,101,1610612763,MEM,88,,,,False
2007-2008,2008,0020700177,20071123/MINDEN,Final,2007-11-24,03:00,1610612743,DEN,99,1610612750,MIN,93,,,,False
2007-2008,2008,0020700178,20071123/NOHUTA,Final,2007-11-24,03:00,1610612762,UTA,99,1610612740,NOH,71,,,,False
2007-2008,2008,0020700179,20071123/LACPHX,Final,2007-11-24,03:00,1610612756,PHX,113,1610612746,LAC,94,,,,False
2007-2008,2008,0020700180,20071123/SACPOR,Final,2007-11-24,04:00,1610612757,POR,87,1610612758,SAC,84,,,,False
2007-2008,2008,0020700181,20071123/NJNSEA,Final,2007-11-24,04:30,1610612760,SEA,93,1610612751,NJN,98,,,,False
2007-2008,2008,0020700182,20071124/CHINYK,Final,2007-11-24,19:00,1610612752,NYK,85,1610612741,CHI,78,,,,False
2007-2008,2008,0020700183,20071124/TORCLE,Final,2007-11-24,19:00,1610612739,CLE,111,1610612761,TOR,108,,,,False
2007-2008,2008,0020700184,20071124/GSWPHI,Final/OT,2007-11-25,01:00,1610612755,PHI,98,1610612744,GSW,100,,,,False
2007-2008,2008,0020700185,20071124/BOSCHA,Final,2007-11-25,01:00,1610612766,CHA,95,1610612738,BOS,96,,,,False
2007-2008,2008,0020700186,20071124/MIAORL,Final,2007-11-25,01:00,1610612753,ORL,120,1610612748,MIA,99,,,,False
2007-2008,2008,0020700187,20071124/WASMEM,Final,2007-11-25,02:00,1610612763,MEM,124,1610612764,WAS,118,,,,False
2007-2008,2008,0020700188,20071124/ATLMIN,Final,2007-11-25,02:00,1610612750,MIN,87,1610612737,ATL,94,,,,False
2007-2008,2008,0020700189,20071124/DENHOU,Final,2007-11-25,02:30,1610612745,HOU,109,1610612743,DEN,81,,,,False
2007-2008,2008,0020700190,20071124/DALMIL,Final,2007-11-25,03:00,1610612749,MIL,97,1610612742,DAL,95,,,,False
2007-2008,2008,0020700191,20071124/NOHLAC,Final,2007-11-25,04:30,1610612746,LAC,89,1610612740,NOH,98,,,,False
2007-2008,2008,0020700192,20071125/CHITOR,Final,2007-11-25,18:00,1610612761,TOR,93,1610612741,CHI,78,,,,False
2007-2008,2008,0020700194,20071125/UTADET,Final,2007-11-25,19:00,1610612765,DET,93,1610612762,UTA,103,,,,False
2007-2008,2008,0020700193,20071125/CLEIND,Final,2007-11-25,20:30,1610612754,IND,106,1610612739,CLE,111,,,,False
2007-2008,2008,0020700195,20071125/SASSEA,Final,2007-11-26,03:00,1610612760,SEA,101,1610612759,SAS,116,,,,False
2007-2008,2008,0020700196,20071125/NJNLAL,Final,2007-11-26,03:30,1610612747,LAL,100,1610612751,NJN,102,,,,False
2007-2008,2008,0020700197,20071126/UTANYK,Final,2007-11-27,01:30,1610612752,NYK,113,1610612762,UTA,109,,,,False
2007-2008,2008,0020700198,20071126/MINNOH,Final,2007-11-27,02:00,1610612740,NOH,94,1610612750,MIN,103,,,,False
2007-2008,2008,0020700199,20071126/WASDAL,Final,2007-11-27,02:30,1610612742,DAL,98,1610612764,WAS,110,,,,False
2007-2008,2008,0020700200,20071126/SASSAC,Final,2007-11-27,04:00,1610612758,SAC,112,1610612759,SAS,99,,,,False
2007-2008,2008,0020700201,20071126/ORLPOR,Final,2007-11-27,04:00,1610612757,POR,74,1610612753,ORL,85,,,,False
2007-2008,2008,0020700202,20071126/HOULAC,Final,2007-11-27,04:30,1610612746,LAC,71,1610612745,HOU,88,,,,False
2007-2008,2008,0020700203,20071126/PHXGSW,Final,2007-11-27,04:30,1610612744,GSW,129,1610612756,PHX,114,,,,False
2007-2008,2008,0020700204,20071127/BOSCLE,Final/OT,2007-11-28,01:00,1610612739,CLE,109,1610612738,BOS,104,,,,False
2007-2008,2008,0020700205,20071127/MEMNJN,Final,2007-11-28,01:30,1610612751,NJN,103,1610612763,MEM,110,,,,False
2007-2008,2008,0020700206,20071127/CHAMIA,Final,2007-11-28,01:30,1610612748,MIA,110,1610612766,CHA,90,,,,False
2007-2008,2008,0020700207,20071127/PHIMIL,Final,2007-11-28,02:00,1610612749,MIL,99,1610612755,PHI,114,,,,False
2007-2008,2008,0020700208,20071127/ATLCHI,Final,2007-11-28,02:30,1610612741,CHI,90,1610612737,ATL,78,,,,False
2007-2008,2008,0020700209,20071127/INDDEN,Final,2007-11-28,03:00,1610612743,DEN,110,1610612754,IND,112,,,,False
2007-2008,2008,0020700210,20071127/SEALAL,Final,2007-11-28,04:30,1610612747,LAL,106,1610612760,SEA,99,,,,False
2007-2008,2008,0020700211,20071128/MEMTOR,Final,2007-11-29,01:00,1610612761,TOR,103,1610612763,MEM,91,,,,False
2007-2008,2008,0020700212,20071128/UTAPHI,Final,2007-11-29,01:00,1610612755,PHI,95,1610612762,UTA,106,,,,False
2007-2008,2008,0020700213,20071128/MILATL,Final,2007-11-29,01:00,1610612737,ATL,96,1610612749,MIL,80,,,,False
2007-2008,2008,0020700214,20071128/CLEDET,Final,2007-11-29,01:30,1610612765,DET,109,1610612739,CLE,74,,,,False
2007-2008,2008,0020700215,20071128/MINDAL,Final,2007-11-29,02:30,1610612742,DAL,109,1610612750,MIN,103,,,,False
2007-2008,2008,0020700216,20071128/WASSAS,Final,2007-11-29,02:30,1610612759,SAS,109,1610612764,WAS,94,,,,False
2007-2008,2008,0020700217,20071128/HOUPHX,Final,2007-11-29,03:00,1610612756,PHX,94,1610612745,HOU,100,,,,False
2007-2008,2008,0020700218,20071128/GSWSAC,Final,2007-11-29,04:00,1610612758,SAC,96,1610612744,GSW,103,,,,False
2007-2008,2008,0020700219,20071128/INDPOR,Final,2007-11-29,04:00,1610612757,POR,89,1610612754,IND,95,,,,False
2007-2008,2008,0020700220,20071128/ORLSEA,Final,2007-11-29,04:00,1610612760,SEA,94,1610612753,ORL,110,,,,False
2007-2008,2008,0020700221,20071129/NYKBOS,Final,2007-11-30,02:00,1610612738,BOS,104,1610612752,NYK,59,,,,False
2007-2008,2008,0020700222,20071129/DENLAL,Final,2007-11-30,04:30,1610612747,LAL,127,1610612743,DEN,99,,,,False
2007-2008,2008,0020700223,20071129/HOUGSW,Final,2007-11-30,04:30,1610612744,GSW,113,1610612745,HOU,94,,,,False
2007-2008,2008,0020700224,20071130/CLETOR,Final,2007-12-01,01:00,1610612761,TOR,91,1610612739,CLE,82,,,,False
2007-2008,2008,0020700225,20071130/WASPHI,Final,2007-12-01,01:00,1610612755,PHI,85,1610612764,WAS,84,,,,False
2007-2008,2008,0020700226,20071130/MILNYK,Final,2007-12-01,01:30,1610612752,NYK,91,1610612749,MIL,88,,,,False
2007-2008,2008,0020700227,20071130/NOHATL,Final,2007-12-01,01:30,1610612737,ATL,86,1610612740,NOH,92,,,,False
2007-2008,2008,0020700228,20071130/BOSMIA,Final,2007-12-01,02:00,1610612748,MIA,85,1610612738,BOS,95,,,,False
2007-2008,2008,0020700229,20071130/SASMIN,Final,2007-12-01,02:00,1610612750,MIN,91,1610612759,SAS,106,,,,False
2007-2008,2008,0020700230,20071130/PORDAL,Final,2007-12-01,02:30,1610612742,DAL,91,1610612757,POR,80,,,,False
2007-2008,2008,0020700232,20071130/ORLPHX,Final,2007-12-01,03:00,1610612756,PHX,110,1610612753,ORL,106,,,,False
2007-2008,2008,0020700231,20071130/LALUTA,Final,2007-12-01,04:30,1610612762,UTA,120,1610612747,LAL,96,,,,False
2007-2008,2008,0020700233,20071130/LACDEN,Final,2007-12-01,04:30,1610612743,DEN,123,1610612746,LAC,107,,,,False
2007-2008,2008,0020700234,20071130/INDSEA,Final,2007-12-01,04:30,1610612760,SEA,95,1610612754,IND,93,,,,False
2007-2008,2008,0020700235,20071201/TORWAS,Final,2007-12-02,01:00,1610612764,WAS,101,1610612761,TOR,97,,,,False
2007-2008,2008,0020700236,20071201/PHINJN,Final/OT,2007-12-02,01:30,1610612751,NJN,94,1610612755,PHI,92,,,,False
2007-2008,2008,0020700237,20071201/MINMEM,Final,2007-12-02,02:00,1610612763,MEM,109,1610612750,MIN,80,,,,False
2007-2008,2008,0020700238,20071201/DALNOH,Final/OT,2007-12-02,02:00,1610612740,NOH,112,1610612742,DAL,108,,,,False
2007-2008,2008,0020700239,20071201/CHACHI,Final,2007-12-02,02:30,1610612741,CHI,111,1610612766,CHA,95,,,,False
2007-2008,2008,0020700240,20071201/DETMIL,Final,2007-12-02,02:30,1610612749,MIL,91,1610612765,DET,117,,,,False
2007-2008,2008,0020700241,20071201/HOUSAC,Final,2007-12-02,04:00,1610612758,SAC,107,1610612745,HOU,99,,,,False
2007-2008,2008,0020700242,20071202/CLEBOS,Final,2007-12-02,18:30,1610612738,BOS,80,1610612739,CLE,70,,,,False
2007-2008,2008,0020700243,20071202/PORSAS,Final,2007-12-02,21:30,1610612759,SAS,100,1610612757,POR,79,,,,False
2007-2008,2008,0020700244,20071202/INDLAC,Final,2007-12-02,21:30,1610612746,LAC,95,1610612754,IND,101,,,,False
2007-2008,2008,0020700246,20071202/NJNDET,Final,2007-12-03,00:00,1610612765,DET,118,1610612751,NJN,95,,,,False
2007-2008,2008,0020700245,20071202/PHXNYK,Final,2007-12-03,01:00,1610612752,NYK,104,1610612756,PHX,115,,,,False
2007-2008,2008,0020700247,20071202/MIADEN,Final,2007-12-03,02:00,1610612743,DEN,115,1610612748,MIA,89,,,,False
2007-2008,2008,0020700248,20071202/GSWSEA,Final,2007-12-03,03:00,1610612760,SEA,96,1610612744,GSW,109,,,,False
2007-2008,2008,0020700249,20071202/ORLLAL,Final,2007-12-03,03:30,1610612747,LAL,97,1610612753,ORL,104,,,,False
2007-2008,2008,0020700250,20071203/CHATOR,Final,2007-12-04,01:00,1610612761,TOR,98,1610612766,CHA,79,,,,False
2007-2008,2008,0020700251,20071203/ATLPHI,Final,2007-12-04,01:00,1610612755,PHI,79,1610612737,ATL,88,,,,False
2007-2008,2008,0020700252,20071203/PORMEM,Final,2007-12-04,02:00,1610612763,MEM,105,1610612757,POR,106,,,,False
2007-2008,2008,0020700253,20071203/DALCHI,Final,2007-12-04,02:30,1610612741,CHI,98,1610612742,DAL,103,,,,False
2007-2008,2008,0020700254,20071203/MIAUTA,Final,2007-12-04,03:00,1610612762,UTA,110,1610612748,MIA,101,,,,False
2007-2008,2008,0020700255,20071203/ORLGSW,Final/OT,2007-12-04,04:30,1610612744,GSW,117,1610612753,ORL,123,,,,False
2007-2008,2008,0020700256,20071204/DETATL,Final,2007-12-05,01:00,1610612737,ATL,95,1610612765,DET,106,,,,False
2007-2008,2008,0020700257,20071204/NJNCLE,Final,2007-12-05,01:00,1610612739,CLE,79,1610612751,NJN,100,,,,False
2007-2008,2008,0020700258,20071204/PHXIND,Final,2007-12-05,01:00,1610612754,IND,117,1610612756,PHX,121,,,,False
2007-2008,2008,0020700259,20071204/LALMIN,Final,2007-12-05,02:00,1610612750,MIN,95,1610612747,LAL,116,,,,False
2007-2008,2008,0020700260,20071204/UTASAC,Final,2007-12-05,04:00,1610612758,SAC,117,1610612762,UTA,107,,,,False
2007-2008,2008,0020700261,20071204/MILLAC,Final,2007-12-05,04:30,1610612746,LAC,78,1610612749,MIL,87,,,,False
2007-2008,2008,0020700262,20071205/PHXTOR,Final,2007-12-06,01:00,1610612761,TOR,123,1610612756,PHX,136,,,,False
2007-2008,2008,0020700263,20071205/BOSPHI,Final,2007-12-06,01:00,1610612755,PHI,103,1610612738,BOS,113,,,,False
2007-2008,2008,0020700264,20071205/CLEWAS,Final,2007-12-06,01:00,1610612764,WAS,105,1610612739,CLE,86,,,,False
2007-2008,2008,0020700265,20071205/CHICHA,Final,2007-12-06,01:00,1610612766,CHA,82,1610612741,CHI,91,,,,False
2007-2008,2008,0020700266,20071205/NYKNJN,Final,2007-12-06,01:30,1610612751,NJN,93,1610612752,NYK,100,,,,False
2007-2008,2008,0020700267,20071205/DETNOH,Final,2007-12-06,02:00,1610612740,NOH,76,1610612765,DET,91,,,,False
2007-2008,2008,0020700268,20071205/MEMHOU,Final,2007-12-06,02:30,1610612745,HOU,105,1610612763,MEM,92,,,,False
2007-2008,2008,0020700269,20071205/DALSAS,Final,2007-12-06,02:30,1610612759,SAS,97,1610612742,DAL,95,,,,False
2007-2008,2008,0020700270,20071205/LALDEN,Final,2007-12-06,03:00,1610612743,DEN,107,1610612747,LAL,111,,,,False
2007-2008,2008,0020700271,20071205/MILGSW,Final,2007-12-06,04:30,1610612744,GSW,120,1610612749,MIL,90,,,,False
2007-2008,2008,0020700272,20071205/LACSEA,Final,2007-12-06,04:30,1610612760,SEA,95,1610612746,LAC,88,,,,False
2007-2008,2008,0020700273,20071206/MINATL,Final,2007-12-07,01:00,1610612737,ATL,90,1610612750,MIN,89,,,,False
2007-2008,2008,0020700274,20071206/DENDAL,Final,2007-12-07,02:00,1610612742,DAL,109,1610612743,DEN,122,,,,False
2007-2008,2008,0020700275,20071206/MIAPOR,Final,2007-12-07,04:30,1610612757,POR,112,1610612748,MIA,106,,,,False
2007-2008,2008,0020700276,20071207/NYKPHI,Final,2007-12-08,01:00,1610612755,PHI,101,1610612752,NYK,90,,,,False
2007-2008,2008,0020700277,20071207/PHXWAS,Final,2007-12-08,01:00,1610612764,WAS,107,1610612756,PHX,122,,,,False
2007-2008,2008,0020700278,20071207/INDORL,Final,2007-12-08,01:00,1610612753,ORL,109,1610612754,IND,115,,,,False
2007-2008,2008,0020700279,20071207/CHIDET,Final,2007-12-08,01:00,1610612765,DET,91,1610612741,CHI,98,,,,False
2007-2008,2008,0020700280,20071207/TORBOS,Final,2007-12-08,01:30,1610612738,BOS,112,1610612761,TOR,84,,,,False
2007-2008,2008,0020700281,20071207/HOUNJN,Final,2007-12-08,01:30,1610612751,NJN,89,1610612745,HOU,96,,,,False
2007-2008,2008,0020700282,20071207/MEMNOH,Final/OT,2007-12-08,02:00,1610612740,NOH,118,1610612763,MEM,116,,,,False
2007-2008,2008,0020700283,20071207/UTASAS,Final,2007-12-08,03:30,1610612759,SAS,104,1610612762,UTA,98,,,,False
2007-2008,2008,0020700284,20071207/LACSAC,Final,2007-12-08,04:00,1610612758,SAC,87,1610612746,LAC,97,,,,False
2007-2008,2008,0020700285,20071207/MIAGSW,Final,2007-12-08,04:30,1610612744,GSW,120,1610612748,MIA,113,,,,False
2007-2008,2008,0020700286,20071207/MILSEA,Final,2007-12-08,04:30,1610612760,SEA,104,1610612749,MIL,98,,,,False
2007-2008,2008,0020700287,20071208/CLECHA,Final,2007-12-09,01:00,1610612766,CHA,96,1610612739,CLE,93,,,,False
2007-2008,2008,0020700288,20071208/MEMATL,Final,2007-12-09,01:00,1610612737,ATL,86,1610612763,MEM,78,,,,False
2007-2008,2008,0020700289,20071208/PHINYK,Final,2007-12-09,01:30,1610612752,NYK,77,1610612755,PHI,105,,,,False
2007-2008,2008,0020700290,20071208/PHXMIN,Final,2007-12-09,02:00,1610612750,MIN,100,1610612756,PHX,93,,,,False
2007-2008,2008,0020700291,20071208/BOSCHI,Final,2007-12-09,02:30,1610612741,CHI,81,1610612738,BOS,92,,,,False
2007-2008,2008,0020700292,20071208/UTADAL,Final,2007-12-09,02:30,1610612742,DAL,125,1610612762,UTA,117,,,,False
2007-2008,2008,0020700293,20071208/SACDEN,Final,2007-12-09,03:00,1610612743,DEN,101,1610612758,SAC,97,,,,False
2007-2008,2008,0020700294,20071209/HOUTOR,Final,2007-12-09,18:30,1610612761,TOR,93,1610612745,HOU,80,,,,False
2007-2008,2008,0020700295,20071209/MIALAC,Final,2007-12-09,21:30,1610612746,LAC,94,1610612748,MIA,100,,,,False
2007-2008,2008,0020700296,20071209/CHADET,Final,2007-12-10,00:00,1610612765,DET,104,1610612766,CHA,85,,,,False
2007-2008,2008,0020700297,20071209/MILPOR,Final/OT,2007-12-10,00:00,1610612757,POR,117,1610612749,MIL,113,,,,False
2007-2008,2008,0020700298,20071209/NJNWAS,Final,2007-12-10,01:00,1610612764,WAS,104,1610612751,NJN,89,,,,False
2007-2008,2008,0020700299,20071209/SEANOH,Final,2007-12-10,01:00,1610612740,NOH,91,1610612760,SEA,88,,,,False
2007-2008,2008,0020700300,20071209/GSWLAL,Final,2007-12-10,03:30,1610612747,LAL,123,1610612744,GSW,113,,,,False
2007-2008,2008,0020700301,20071210/HOUPHI,Final,2007-12-11,01:00,1610612755,PHI,100,1610612745,HOU,88,,,,False
2007-2008,2008,0020700302,20071210/ATLORL,Final,2007-12-11,01:00,1610612753,ORL,87,1610612737,ATL,98,,,,False
2007-2008,2008,0020700303,20071210/DALNYK,Final,2007-12-11,01:30,1610612752,NYK,89,1610612742,DAL,99,,,,False
2007-2008,2008,0020700304,20071210/MIAPHX,Final,2007-12-11,03:00,1610612756,PHX,113,1610612748,MIA,117,,,,False
2007-2008,2008,0020700305,20071210/MILSAC,Final,2007-12-11,04:00,1610612758,SAC,96,1610612749,MIL,93,,,,False
2007-2008,2008,0020700306,20071211/MINWAS,Final,2007-12-12,01:00,1610612764,WAS,102,1610612750,MIN,88,,,,False
2007-2008,2008,0020700307,20071211/TORATL,Final,2007-12-12,01:00,1610612737,ATL,88,1610612761,TOR,100,,,,False
2007-2008,2008,0020700308,20071211/INDCLE,Final,2007-12-12,01:00,1610612739,CLE,118,1610612754,IND,105,,,,False
2007-2008,2008,0020700309,20071211/LACNJN,Final,2007-12-12,01:30,1610612751,NJN,82,1610612746,LAC,91,,,,False
2007-2008,2008,0020700310,20071211/DETMEM,Final,2007-12-12,02:00,1610612763,MEM,103,1610612765,DET,113,,,,False
2007-2008,2008,0020700311,20071211/SEACHI,Final,2007-12-12,02:30,1610612741,CHI,123,1610612760,SEA,96,,,,False
2007-2008,2008,0020700312,20071211/PORUTA,Final,2007-12-12,03:00,1610612762,UTA,89,1610612757,POR,97,,,,False
2007-2008,2008,0020700313,20071211/SASGSW,Final,2007-12-12,04:30,1610612744,GSW,96,1610612759,SAS,84,,,,False
2007-2008,2008,0020700314,20071212/DALTOR,Final,2007-12-13,01:00,1610612761,TOR,92,1610612742,DAL,76,,,,False
2007-2008,2008,0020700315,20071212/MINPHI,Final,2007-12-13,01:00,1610612755,PHI,98,1610612750,MIN,94,,,,False
2007-2008,2008,0020700316,20071212/LACCHA,Final,2007-12-13,01:00,1610612766,CHA,108,1610612746,LAC,103,,,,False
2007-2008,2008,0020700317,20071212/CHIIND,Final,2007-12-13,01:00,1610612754,IND,117,1610612741,CHI,102,,,,False
2007-2008,2008,0020700318,20071212/SACBOS,Final,2007-12-13,01:30,1610612738,BOS,90,1610612758,SAC,78,,,,False
2007-2008,2008,0020700319,20071212/SEANYK,Final,2007-12-13,01:30,1610612752,NYK,110,1610612760,SEA,117,,,,False
2007-2008,2008,0020700320,20071212/ORLMIL,Final,2007-12-13,02:00,1610612749,MIL,100,1610612753,ORL,86,,,,False
2007-2008,2008,0020700321,20071212/DETHOU,Final,2007-12-13,02:00,1610612745,HOU,80,1610612765,DET,77,,,,False
2007-2008,2008,0020700322,20071212/NOHDEN,Final,2007-12-13,03:00,1610612743,DEN,105,1610612740,NOH,99,,,,False
2007-2008,2008,0020700323,20071212/GSWPOR,Final,2007-12-13,04:00,1610612757,POR,105,1610612744,GSW,95,,,,False
2007-2008,2008,0020700324,20071212/UTAPHX,Final,2007-12-13,04:30,1610612756,PHX,103,1610612762,UTA,98,,,,False
2007-2008,2008,0020700325,20071213/WASMIA,Final,2007-12-14,02:00,1610612748,MIA,91,1610612764,WAS,104,,,,False
2007-2008,2008,0020700326,20071213/SASLAL,Final,2007-12-14,04:30,1610612747,LAL,102,1610612759,SAS,97,,,,False
2007-2008,2008,0020700327,20071214/SACPHI,Final,2007-12-15,01:00,1610612755,PHI,99,1610612758,SAC,109,,,,False
2007-2008,2008,0020700329,20071214/TORIND,Final,2007-12-15,01:00,1610612754,IND,93,1610612761,TOR,104,,,,False
2007-2008,2008,0020700330,20071214/MILBOS,Final,2007-12-15,01:30,1610612738,BOS,104,1610612749,MIL,82,,,,False
2007-2008,2008,0020700328,20071214/ORLCHA,Final,2007-12-15,02:00,1610612766,CHA,87,1610612753,ORL,103,,,,False
2007-2008,2008,0020700331,20071214/CLENJN,Final,2007-12-15,02:00,1610612751,NJN,105,1610612739,CLE,97,,,,False
2007-2008,2008,0020700332,20071214/ATLDET,Final,2007-12-15,02:00,1610612765,DET,91,1610612737,ATL,81,,,,False
2007-2008,2008,0020700333,20071214/LACMEM,Final,2007-12-15,02:00,1610612763,MEM,91,1610612746,LAC,98,,,,False
2007-2008,2008,0020700334,20071214/SEAMIN,Final,2007-12-15,02:00,1610612750,MIN,88,1610612760,SEA,99,,,,False
2007-2008,2008,0020700335,20071214/NYKCHI,Final,2007-12-15,02:30,1610612741,CHI,101,1610612752,NYK,96,,,,False
2007-2008,2008,0020700336,20071214/NOHDAL,Final,2007-12-15,02:30,1610612742,DAL,89,1610612740,NOH,80,,,,False
2007-2008,2008,0020700337,20071214/UTAPOR,Final,2007-12-15,04:00,1610612757,POR,99,1610612762,UTA,91,,,,False
2007-2008,2008,0020700338,20071214/LALGSW,Final,2007-12-15,04:30,1610612744,GSW,108,1610612747,LAL,106,,,,False
2007-2008,2008,0020700339,20071215/SACWAS,Final,2007-12-16,01:00,1610612764,WAS,92,1610612758,SAC,79,,,,False
2007-2008,2008,0020700340,20071215/CHAATL,Final,2007-12-16,01:00,1610612737,ATL,93,1610612766,CHA,84,,,,False
2007-2008,2008,0020700341,20071215/MEMORL,Final,2007-12-16,01:00,1610612753,ORL,119,1610612763,MEM,123,,,,False
2007-2008,2008,0020700342,20071215/NJNNYK,Final,2007-12-16,01:30,1610612752,NYK,94,1610612751,NJN,86,,,,False
2007-2008,2008,0020700343,20071215/INDMIA,Final,2007-12-16,01:30,1610612748,MIA,103,1610612754,IND,106,,,,False
2007-2008,2008,0020700344,20071215/PHICLE,Final,2007-12-16,01:30,1610612739,CLE,86,1610612755,PHI,92,,,,False
2007-2008,2008,0020700345,20071215/PHXNOH,Final,2007-12-16,02:00,1610612740,NOH,101,1610612756,PHX,98,,,,False
2007-2008,2008,0020700346,20071215/MINMIL,Final,2007-12-16,02:30,1610612749,MIL,95,1610612750,MIN,92,,,,False
2007-2008,2008,0020700347,20071215/DALHOU,Final,2007-12-16,02:30,1610612745,HOU,83,1610612742,DAL,96,,,,False
2007-2008,2008,0020700348,20071215/DENSAS,Final,2007-12-16,02:30,1610612759,SAS,102,1610612743,DEN,91,,,,False
2007-2008,2008,0020700349,20071215/SEAUTA,Final,2007-12-16,03:00,1610612762,UTA,96,1610612760,SEA,75,,,,False
2007-2008,2008,0020700350,20071216/GSWDET,Final,2007-12-16,18:30,1610612765,DET,109,1610612744,GSW,87,,,,False
2007-2008,2008,0020700351,20071216/BOSTOR,Final,2007-12-16,19:00,1610612761,TOR,77,1610612738,BOS,90,,,,False
2007-2008,2008,0020700352,20071216/PORDEN,Final,2007-12-17,02:00,1610612743,DEN,105,1610612757,POR,116,,,,False
2007-2008,2008,0020700353,20071216/LACLAL,Final,2007-12-17,03:30,1610612747,LAL,113,1610612746,LAC,92,,,,False
2007-2008,2008,0020700354,20071217/UTAATL,Final,2007-12-18,01:00,1610612737,ATL,116,1610612762,UTA,111,,,,False
2007-2008,2008,0020700355,20071217/MILCLE,Final/OT2,2007-12-18,01:00,1610612739,CLE,104,1610612749,MIL,99,,,,False
2007-2008,2008,0020700356,20071217/INDNYK,Final,2007-12-18,01:30,1610612752,NYK,92,1610612754,IND,119,,,,False
2007-2008,2008,0020700357,20071217/MINMIA,Final,2007-12-18,01:30,1610612748,MIA,91,1610612750,MIN,87,,,,False
2007-2008,2008,0020700358,20071217/GSWMEM,Final,2007-12-18,02:00,1610612763,MEM,117,1610612744,GSW,125,,,,False
2007-2008,2008,0020700359,20071217/ORLDAL,Final,2007-12-18,02:30,1610612742,DAL,111,1610612753,ORL,108,,,,False
2007-2008,2008,0020700360,20071217/PHXSAS,Final,2007-12-18,02:30,1610612759,SAS,95,1610612756,PHX,100,,,,False
2007-2008,2008,0020700361,20071217/NOHPOR,Final,2007-12-18,04:00,1610612757,POR,88,1610612740,NOH,76,,,,False
2007-2008,2008,0020700362,20071218/SACNJN,Final,2007-12-19,01:30,1610612751,NJN,101,1610612758,SAC,106,,,,False
2007-2008,2008,0020700363,20071218/LALCHI,Final,2007-12-19,02:30,1610612741,CHI,91,1610612747,LAL,103,,,,False
2007-2008,2008,0020700364,20071218/TORLAC,Final,2007-12-19,04:30,1610612746,LAC,77,1610612761,TOR,80,,,,False
2007-2008,2008,0020700365,20071219/CHIWAS,Final,2007-12-20,01:00,1610612764,WAS,84,1610612741,CHI,95,,,,False
2007-2008,2008,0020700366,20071219/UTACHA,Final,2007-12-20,01:00,1610612766,CHA,98,1610612762,UTA,92,,,,False
2007-2008,2008,0020700367,20071219/MIAATL,Final/OT,2007-12-20,01:00,1610612737,ATL,114,1610612748,MIA,111,,,,False
2007-2008,2008,0020700368,20071219/PHIIND,Final,2007-12-20,01:00,1610612754,IND,102,1610612755,PHI,85,,,,False
2007-2008,2008,0020700369,20071219/DETBOS,Final,2007-12-20,01:00,1610612738,BOS,85,1610612765,DET,87,,,,False
2007-2008,2008,0020700370,20071219/CLENYK,Final,2007-12-20,01:30,1610612752,NYK,108,1610612739,CLE,90,,,,False
2007-2008,2008,0020700371,20071219/SACMIL,Final,2007-12-20,02:00,1610612749,MIL,89,1610612758,SAC,102,,,,False
2007-2008,2008,0020700372,20071219/SASMEM,Final,2007-12-20,02:00,1610612763,MEM,88,1610612759,SAS,85,,,,False
2007-2008,2008,0020700373,20071219/GSWMIN,Final,2007-12-20,02:00,1610612750,MIN,98,1610612744,GSW,111,,,,False
2007-2008,2008,0020700374,20071219/ORLHOU,Final,2007-12-20,02:30,1610612745,HOU,92,1610612753,ORL,97,,,,False
2007-2008,2008,0020700375,20071219/PHXDAL,Final,2007-12-20,03:30,1610612742,DAL,108,1610612756,PHX,105,,,,False
2007-2008,2008,0020700376,20071219/TORPOR,Final,2007-12-20,04:00,1610612757,POR,101,1610612761,TOR,96,,,,False
2007-2008,2008,0020700377,20071219/NOHSEA,Final,2007-12-20,04:00,1610612760,SEA,93,1610612740,NOH,107,,,,False
2007-2008,2008,0020700378,20071220/NJNMIA,Final/OT,2007-12-21,01:30,1610612748,MIA,103,1610612751,NJN,107,,,,False
2007-2008,2008,0020700379,20071220/LALCLE,Final,2007-12-21,02:00,1610612739,CLE,94,1610612747,LAL,90,,,,False
2007-2008,2008,0020700380,20071220/HOUDEN,Final/OT2,2007-12-21,04:30,1610612743,DEN,112,1610612745,HOU,111,,,,False
2007-2008,2008,0020700381,20071221/CHIBOS,Final,2007-12-22,01:00,1610612738,BOS,107,1610612741,CHI,82,,,,False
2007-2008,2008,0020700382,20071221/LALPHI,Final,2007-12-22,01:00,1610612755,PHI,101,1610612747,LAL,106,,,,False
2007-2008,2008,0020700383,20071221/ATLWAS,Final,2007-12-22,01:00,1610612764,WAS,92,1610612737,ATL,97,,,,False
2007-2008,2008,0020700384,20071221/NYKCHA,Final,2007-12-22,01:00,1610612766,CHA,105,1610612752,NYK,95,,,,False
2007-2008,2008,0020700385,20071221/UTAORL,Final,2007-12-22,01:00,1610612753,ORL,94,1610612762,UTA,113,,,,False
2007-2008,2008,0020700386,20071221/MEMDET,Final,2007-12-22,02:00,1610612765,DET,94,1610612763,MEM,67,,,,False
2007-2008,2008,0020700387,20071221/INDMIN,Final,2007-12-22,02:00,1610612750,MIN,131,1610612754,IND,118,,,,False
2007-2008,2008,0020700388,20071221/LACDAL,Final,2007-12-22,03:30,1610612742,DAL,102,1610612746,LAC,89,,,,False
2007-2008,2008,0020700389,20071221/DENPOR,Final,2007-12-22,04:00,1610612757,POR,99,1610612743,DEN,96,,,,False
2007-2008,2008,0020700390,20071221/TORSEA,Final,2007-12-22,04:30,1610612760,SEA,123,1610612761,TOR,115,,,,False
2007-2008,2008,0020700391,20071222/WASIND,Final,2007-12-23,01:00,1610612754,IND,93,1610612764,WAS,85,,,,False
2007-2008,2008,0020700392,20071222/GSWNJN,Final,2007-12-23,01:30,1610612751,NJN,100,1610612744,GSW,95,,,,False
2007-2008,2008,0020700393,20071222/UTAMIA,Final,2007-12-23,01:30,1610612748,MIA,104,1610612762,UTA,102,,,,False
2007-2008,2008,0020700394,20071222/PHIMEM,Final,2007-12-23,02:00,1610612763,MEM,97,1610612755,PHI,99,,,,False
2007-2008,2008,0020700395,20071222/MINNOH,Final,2007-12-23,02:00,1610612740,NOH,110,1610612750,MIN,76,,,,False
2007-2008,2008,0020700396,20071222/HOUCHI,Final,2007-12-23,02:30,1610612741,CHI,98,1610612745,HOU,116,,,,False
2007-2008,2008,0020700397,20071222/CHAMIL,Final,2007-12-23,02:30,1610612749,MIL,103,1610612766,CHA,99,,,,False
2007-2008,2008,0020700398,20071222/LACSAS,Final,2007-12-23,02:30,1610612759,SAS,99,1610612746,LAC,90,,,,False
2007-2008,2008,0020700399,20071222/TORPHX,Final,2007-12-23,03:00,1610612756,PHX,122,1610612761,TOR,103,,,,False
2007-2008,2008,0020700400,20071223/LALNYK,Final,2007-12-23,18:00,1610612752,NYK,90,1610612747,LAL,95,,,,False
2007-2008,2008,0020700401,20071223/HOUDET,Final,2007-12-24,00:00,1610612765,DET,94,1610612745,HOU,82,,,,False
2007-2008,2008,0020700402,20071223/GSWCLE,Final,2007-12-24,00:00,1610612739,CLE,96,1610612744,GSW,105,,,,False
2007-2008,2008,0020700403,20071223/ORLBOS,Final,2007-12-24,00:30,1610612738,BOS,103,1610612753,ORL,91,,,,False
2007-2008,2008,0020700404,20071223/DENSAC,Final,2007-12-24,03:00,1610612758,SAC,105,1610612743,DEN,106,,,,False
2007-2008,2008,0020700405,20071225/MIACLE,Final,2007-12-25,20:30,1610612739,CLE,96,1610612748,MIA,82,,,,False
2007-2008,2008,0020700406,20071225/PHXLAL,Final,2007-12-25,23:00,1610612747,LAL,122,1610612756,PHX,115,,,,False
2007-2008,2008,0020700407,20071225/SEAPOR,Final,2007-12-26,02:00,1610612757,POR,89,1610612760,SEA,79,,,,False
2007-2008,2008,0020700408,20071226/MIAPHI,Final,2007-12-27,00:00,1610612755,PHI,96,1610612748,MIA,85,,,,False
2007-2008,2008,0020700409,20071226/WASCHA,Final,2007-12-27,01:00,1610612766,CHA,104,1610612764,WAS,108,,,,False
2007-2008,2008,0020700410,20071226/INDATL,Final,2007-12-27,01:00,1610612737,ATL,107,1610612754,IND,95,,,,False
2007-2008,2008,0020700411,20071226/NYKORL,Final,2007-12-27,01:00,1610612753,ORL,110,1610612752,NYK,96,,,,False
2007-2008,2008,0020700412,20071226/DETNJN,Final,2007-12-27,01:30,1610612751,NJN,83,1610612765,DET,101,,,,False
2007-2008,2008,0020700413,20071226/NOHMEM,Final,2007-12-27,02:00,1610612763,MEM,98,1610612740,NOH,116,,,,False
2007-2008,2008,0020700414,20071226/CHISAS,Final,2007-12-27,02:30,1610612759,SAS,94,1610612741,CHI,79,,,,False
2007-2008,2008,0020700415,20071226/MILDEN,Final,2007-12-27,03:00,1610612743,DEN,125,1610612749,MIL,105,,,,False
2007-2008,2008,0020700416,20071226/DALUTA,Final,2007-12-27,03:00,1610612762,UTA,99,1610612742,DAL,90,,,,False
2007-2008,2008,0020700417,20071226/BOSSAC,Final,2007-12-27,04:00,1610612758,SAC,69,1610612738,BOS,89,,,,False
2007-2008,2008,0020700418,20071226/MINGSW,Final,2007-12-27,04:30,1610612744,GSW,105,1610612750,MIN,101,,,,False
2007-2008,2008,0020700419,20071227/CLEDAL,Final,2007-12-28,02:00,1610612742,DAL,81,1610612739,CLE,88,,,,False
2007-2008,2008,0020700420,20071227/PHXLAC,Final,2007-12-28,04:30,1610612746,LAC,88,1610612756,PHX,108,,,,False
2007-2008,2008,0020700421,20071227/BOSSEA,Final,2007-12-28,04:30,1610612760,SEA,96,1610612738,BOS,104,,,,False
2007-2008,2008,0020700422,20071228/NOHCHA,Final,2007-12-29,01:00,1610612766,CHA,85,1610612740,NOH,99,,,,False
2007-2008,2008,0020700423,20071228/WASNJN,Final,2007-12-29,01:30,1610612751,NJN,109,1610612764,WAS,106,,,,False
2007-2008,2008,0020700424,20071228/ORLMIA,Final/OT,2007-12-29,01:30,1610612748,MIA,114,1610612753,ORL,121,,,,False
2007-2008,2008,0020700425,20071228/INDDET,Final,2007-12-29,02:00,1610612765,DET,114,1610612754,IND,101,,,,False
2007-2008,2008,0020700426,20071228/HOUMEM,Final,2007-12-29,02:00,1610612763,MEM,83,1610612745,HOU,103,,,,False
2007-2008,2008,0020700427,20071228/MILCHI,Final,2007-12-29,02:30,1610612741,CHI,103,1610612749,MIL,99,,,,False
2007-2008,2008,0020700428,20071228/TORSAS,Final,2007-12-29,02:30,1610612759,SAS,73,1610612761,TOR,83,,,,False
2007-2008,2008,0020700429,20071228/LACPHX,Final,2007-12-29,03:00,1610612756,PHX,94,1610612746,LAC,88,,,,False
2007-2008,2008,0020700430,20071228/PHISAC,Final,2007-12-29,04:00,1610612758,SAC,80,1610612755,PHI,92,,,,False
2007-2008,2008,0020700431,20071228/MINPOR,Final,2007-12-29,04:00,1610612757,POR,109,1610612750,MIN,98,,,,False
2007-2008,2008,0020700432,20071228/UTALAL,Final,2007-12-29,04:30,1610612747,LAL,123,1610612762,UTA,109,,,,False
2007-2008,2008,0020700433,20071228/DENGSW,Final,2007-12-29,04:30,1610612744,GSW,120,1610612743,DEN,124,,,,False
2007-2008,2008,0020700434,20071229/ATLDAL,Final,2007-12-29,19:00,1610612742,DAL,97,1610612737,ATL,84,,,,False
2007-2008,2008,0020700435,20071229/MIAWAS,Final,2007-12-30,01:00,1610612764,WAS,96,1610612748,MIA,74,,,,False
2007-2008,2008,0020700436,20071229/CHAORL,Final,2007-12-30,01:00,1610612753,ORL,104,1610612766,CHA,95,,,,False
2007-2008,2008,0020700437,20071229/DETIND,Final,2007-12-30,01:00,1610612754,IND,92,1610612765,DET,98,,,,False
2007-2008,2008,0020700438,20071229/CLENOH,Final,2007-12-30,02:00,1610612740,NOH,86,1610612739,CLE,76,,,,False
2007-2008,2008,0020700439,20071229/NJNMIL,Final,2007-12-30,02:30,1610612749,MIL,95,1610612751,NJN,97,,,,False
2007-2008,2008,0020700440,20071229/TORHOU,Final,2007-12-30,02:30,1610612745,HOU,91,1610612761,TOR,79,,,,False
2007-2008,2008,0020700441,20071229/BOSUTA,Final,2007-12-30,03:00,1610612762,UTA,98,1610612738,BOS,104,,,,False
2007-2008,2008,0020700442,20071229/MINSEA,Final,2007-12-30,04:00,1610612760,SEA,109,1610612750,MIN,90,,,,False
2007-2008,2008,0020700443,20071230/CHINYK,Final,2007-12-30,18:00,1610612752,NYK,83,1610612741,CHI,100,,,,False
2007-2008,2008,0020700444,20071230/PHIPOR,Final,2007-12-31,00:00,1610612757,POR,97,1610612755,PHI,72,,,,False
2007-2008,2008,0020700445,20071230/GSWDEN,Final,2007-12-31,02:00,1610612743,DEN,95,1610612744,GSW,105,,,,False
2007-2008,2008,0020700446,20071230/MEMSAS,Final,2007-12-31,02:30,1610612759,SAS,111,1610612763,MEM,87,,,,False
2007-2008,2008,0020700447,20071230/PHXSAC,Final,2007-12-31,03:00,1610612758,SAC,102,1610612756,PHX,117,,,,False
2007-2008,2008,0020700448,20071230/BOSLAL,Final,2007-12-31,04:00,1610612747,LAL,91,1610612738,BOS,110,,,,False
2007-2008,2008,0020700449,20071231/INDCHA,Final/OT,2007-12-31,20:00,1610612766,CHA,107,1610612754,IND,103,,,,False
2007-2008,2008,0020700450,20071231/ORLCHI,Final/OT,2007-12-31,20:00,1610612741,CHI,110,1610612753,ORL,112,,,,False
2007-2008,2008,0020700451,20071231/MILDET,Final,2007-12-31,21:30,1610612765,DET,114,1610612749,MIL,69,,,,False
2007-2008,2008,0020700452,20071231/GSWHOU,Final,2008-01-01,01:00,1610612745,HOU,95,1610612744,GSW,112,,,,False
2007-2008,2008,0020700453,20071231/TORNOH,Final,2008-01-01,02:00,1610612740,NOH,92,1610612761,TOR,97,,,,False
2007-2008,2008,0020700454,20071231/PORUTA,Final,2008-01-01,02:00,1610612762,UTA,111,1610612757,POR,101,,,,False
2007-2008,2008,0020700455,20071231/MINLAC,Final,2008-01-01,03:30,1610612746,LAC,91,1610612750,MIN,82,,,,False
2007-2008,2008,0020700456,20071231/PHISEA,Final,2008-01-01,04:00,1610612760,SEA,90,1610612755,PHI,98,,,,False
2007-2008,2008,0020700457,20080102/DETWAS,Final,2008-01-03,01:00,1610612764,WAS,93,1610612765,DET,106,,,,False
2007-2008,2008,0020700458,20080102/CHICHA,Final,2008-01-03,01:00,1610612766,CHA,97,1610612741,CHI,109,,,,False
2007-2008,2008,0020700459,20080102/NJNORL,Final,2008-01-03,01:00,1610612753,ORL,95,1610612751,NJN,96,,,,False
2007-2008,2008,0020700460,20080102/ATLCLE,Final,2008-01-03,01:00,1610612739,CLE,98,1610612737,ATL,94,,,,False
2007-2008,2008,0020700461,20080102/MEMIND,Final,2008-01-03,01:00,1610612754,IND,72,1610612763,MEM,90,,,,False
2007-2008,2008,0020700462,20080102/HOUBOS,Final,2008-01-03,01:30,1610612738,BOS,97,1610612745,HOU,93,,,,False
2007-2008,2008,0020700463,20080102/SACNYK,Final,2008-01-03,01:30,1610612752,NYK,97,1610612758,SAC,107,,,,False
2007-2008,2008,0020700464,20080102/MILMIA,Final,2008-01-03,01:30,1610612748,MIA,98,1610612749,MIL,103,,,,False
2007-2008,2008,0020700465,20080102/PORMIN,Final,2008-01-03,02:00,1610612750,MIN,79,1610612757,POR,90,,,,False
2007-2008,2008,0020700466,20080102/GSWDAL,Final,2008-01-03,02:30,1610612742,DAL,121,1610612744,GSW,99,,,,False
2007-2008,2008,0020700467,20080102/PHIUTA,Final,2008-01-03,03:00,1610612762,UTA,110,1610612755,PHI,107,,,,False
2007-2008,2008,0020700468,20080102/NOHLAC,Final,2008-01-03,04:30,1610612746,LAC,81,1610612740,NOH,95,,,,False
2007-2008,2008,0020700469,20080103/PORCHI,Final/OT2,2008-01-04,02:00,1610612741,CHI,109,1610612757,POR,115,,,,False
2007-2008,2008,0020700470,20080103/SASDEN,Final,2008-01-04,03:00,1610612743,DEN,80,1610612759,SAS,77,,,,False
2007-2008,2008,0020700471,20080103/SEAPHX,Final,2008-01-04,04:30,1610612756,PHX,104,1610612760,SEA,96,,,,False
2007-2008,2008,0020700472,20080104/DETTOR,Final,2008-01-05,01:00,1610612761,TOR,85,1610612765,DET,101,,,,False
2007-2008,2008,0020700473,20080104/HOUORL,Final,2008-01-05,01:00,1610612753,ORL,94,1610612745,HOU,96,,,,False
2007-2008,2008,0020700474,20080104/ATLIND,Final,2008-01-05,01:00,1610612754,IND,113,1610612737,ATL,91,,,,False
2007-2008,2008,0020700475,20080104/MEMBOS,Final,2008-01-05,01:30,1610612738,BOS,100,1610612763,MEM,96,,,,False
2007-2008,2008,0020700476,20080104/CHANJN,Final,2008-01-05,01:30,1610612751,NJN,102,1610612766,CHA,96,,,,False
2007-2008,2008,0020700477,20080104/SACCLE,Final,2008-01-05,01:30,1610612739,CLE,97,1610612758,SAC,93,,,,False
2007-2008,2008,0020700478,20080104/DENMIN,Final,2008-01-05,02:00,1610612750,MIN,107,1610612743,DEN,118,,,,False
2007-2008,2008,0020700479,20080104/WASMIL,Final,2008-01-05,02:30,1610612749,MIL,77,1610612764,WAS,101,,,,False
2007-2008,2008,0020700480,20080104/NYKSAS,Final,2008-01-05,02:30,1610612759,SAS,97,1610612752,NYK,93,,,,False
2007-2008,2008,0020700481,20080104/MIADAL,Final,2008-01-05,03:30,1610612742,DAL,94,1610612748,MIA,89,,,,False
2007-2008,2008,0020700482,20080104/PHILAL,Final,2008-01-05,04:30,1610612747,LAL,124,1610612755,PHI,93,,,,False
2007-2008,2008,0020700483,20080104/NOHGSW,Final,2008-01-05,04:30,1610612744,GSW,104,1610612740,NOH,116,,,,False
2007-2008,2008,0020700484,20080105/NJNATL,Final,2008-01-06,01:00,1610612737,ATL,107,1610612751,NJN,113,,,,False
2007-2008,2008,0020700485,20080105/BOSDET,Final,2008-01-06,01:30,1610612765,DET,85,1610612738,BOS,92,,,,False
2007-2008,2008,0020700486,20080105/SACCHI,Final,2008-01-06,02:30,1610612741,CHI,94,1610612758,SAC,93,,,,False
2007-2008,2008,0020700487,20080105/NYKHOU,Final,2008-01-06,02:30,1610612745,HOU,103,1610612752,NYK,91,,,,False
2007-2008,2008,0020700488,20080105/NOHPHX,Final,2008-01-06,03:00,1610612756,PHX,113,1610612740,NOH,118,,,,False
2007-2008,2008,0020700489,20080105/UTAPOR,Final,2008-01-06,04:00,1610612757,POR,103,1610612762,UTA,89,,,,False
2007-2008,2008,0020700490,20080106/CLETOR,Final,2008-01-06,19:00,1610612761,TOR,90,1610612739,CLE,93,,,,False
2007-2008,2008,0020700491,20080106/SEAWAS,Final,2008-01-06,19:00,1610612764,WAS,108,1610612760,SEA,86,,,,False
2007-2008,2008,0020700492,20080106/DALMIN,Final,2008-01-06,21:30,1610612750,MIN,78,1610612742,DAL,101,,,,False
2007-2008,2008,0020700493,20080106/SASLAC,Final,2008-01-06,21:30,1610612746,LAC,82,1610612759,SAS,88,,,,False
2007-2008,2008,0020700494,20080106/MIAMEM,Final,2008-01-06,22:00,1610612763,MEM,101,1610612748,MIA,94,,,,False
2007-2008,2008,0020700495,20080106/MILCHA,Final,2008-01-07,00:00,1610612766,CHA,89,1610612749,MIL,93,,,,False
2007-2008,2008,0020700496,20080106/PHIDEN,Final,2008-01-07,02:00,1610612743,DEN,109,1610612755,PHI,96,,,,False
2007-2008,2008,0020700497,20080106/INDLAL,Final,2008-01-07,03:30,1610612747,LAL,112,1610612754,IND,96,,,,False
2007-2008,2008,0020700498,20080107/DENPHX,Final,2008-01-08,03:00,1610612756,PHX,137,1610612743,DEN,115,,,,False
2007-2008,2008,0020700499,20080107/SASGSW,Final/OT,2008-01-08,04:30,1610612744,GSW,130,1610612759,SAS,121,,,,False
2007-2008,2008,0020700500,20080108/MILPHI,Final,2008-01-09,01:00,1610612755,PHI,83,1610612749,MIL,87,,,,False
2007-2008,2008,0020700501,20080108/HOUWAS,Final,2008-01-09,01:00,1610612764,WAS,84,1610612745,HOU,92,,,,False
2007-2008,2008,0020700502,20080108/NJNCHA,Final,2008-01-09,01:00,1610612766,CHA,115,1610612751,NJN,99,,,,False
2007-2008,2008,0020700503,20080108/SEACLE,Final,2008-01-09,01:00,1610612739,CLE,95,1610612760,SEA,79,,,,False
2007-2008,2008,0020700504,20080108/LALMEM,Final,2008-01-09,02:00,1610612763,MEM,101,1610612747,LAL,117,,,,False
2007-2008,2008,0020700505,20080108/MIAMIN,Final,2008-01-09,02:00,1610612750,MIN,101,1610612748,MIA,91,,,,False
2007-2008,2008,0020700506,20080108/NYKCHI,Final,2008-01-09,02:30,1610612741,CHI,100,1610612752,NYK,105,,,,False
2007-2008,2008,0020700507,20080108/INDUTA,Final,2008-01-09,03:00,1610612762,UTA,111,1610612754,IND,89,,,,False
2007-2008,2008,0020700508,20080108/ORLSAC,Final,2008-01-09,04:00,1610612758,SAC,104,1610612753,ORL,100,,,,False
2007-2008,2008,0020700509,20080109/PHITOR,Final,2008-01-10,01:00,1610612761,TOR,109,1610612755,PHI,96,,,,False
2007-2008,2008,0020700510,20080109/CLEATL,Final,2008-01-10,01:00,1610612737,ATL,90,1610612739,CLE,81,,,,False
2007-2008,2008,0020700511,20080109/CHABOS,Final,2008-01-10,01:30,1610612738,BOS,83,1610612766,CHA,95,,,,False
2007-2008,2008,0020700512,20080109/SEANJN,Final,2008-01-10,01:30,1610612751,NJN,99,1610612760,SEA,88,,,,False
2007-2008,2008,0020700513,20080109/HOUNYK,Final,2008-01-10,01:30,1610612752,NYK,92,1610612745,HOU,101,,,,False
2007-2008,2008,0020700514,20080109/MIAMIL,Final,2008-01-10,02:00,1610612749,MIL,98,1610612748,MIA,92,,,,False
2007-2008,2008,0020700515,20080109/LALNOH,Final,2008-01-10,02:00,1610612740,NOH,80,1610612747,LAL,109,,,,False
2007-2008,2008,0020700516,20080109/DETDAL,Final,2008-01-10,03:00,1610612742,DAL,102,1610612765,DET,86,,,,False
2007-2008,2008,0020700517,20080109/INDPHX,Final/OT,2008-01-10,03:00,1610612756,PHX,129,1610612754,IND,122,,,,False
2007-2008,2008,0020700518,20080109/GSWPOR,Final,2008-01-10,04:00,1610612757,POR,109,1610612744,GSW,91,,,,False
2007-2008,2008,0020700519,20080109/ORLLAC,Final,2008-01-10,04:30,1610612746,LAC,106,1610612753,ORL,113,,,,False
2007-2008,2008,0020700520,20080110/DETSAS,Final,2008-01-11,02:00,1610612759,SAS,80,1610612765,DET,90,,,,False
2007-2008,2008,0020700521,20080110/MEMSAC,Final,2008-01-11,04:00,1610612758,SAC,116,1610612763,MEM,113,,,,False
2007-2008,2008,0020700522,20080110/PHXUTA,Final,2008-01-11,04:30,1610612762,UTA,108,1610612756,PHX,86,,,,False
2007-2008,2008,0020700523,20080111/CHIPHI,Final,2008-01-12,01:00,1610612755,PHI,97,1610612741,CHI,100,,,,False
2007-2008,2008,0020700524,20080111/BOSNJN,Final,2008-01-12,01:30,1610612751,NJN,77,1610612738,BOS,86,,,,False
2007-2008,2008,0020700525,20080111/TORNYK,Final,2008-01-12,01:30,1610612752,NYK,90,1610612761,TOR,99,,,,False
2007-2008,2008,0020700526,20080111/WASATL,Final/OT,2008-01-12,01:30,1610612737,ATL,98,1610612764,WAS,102,,,,False
2007-2008,2008,0020700527,20080111/CHACLE,Final/OT2,2008-01-12,01:30,1610612739,CLE,113,1610612766,CHA,106,,,,False
2007-2008,2008,0020700528,20080111/MIANOH,Final,2008-01-12,02:00,1610612740,NOH,114,1610612748,MIA,88,,,,False
2007-2008,2008,0020700529,20080111/MINHOU,Final,2008-01-12,02:30,1610612745,HOU,113,1610612750,MIN,82,,,,False
2007-2008,2008,0020700530,20080111/ORLDEN,Final,2008-01-12,03:00,1610612743,DEN,113,1610612753,ORL,103,,,,False
2007-2008,2008,0020700531,20080111/MILLAL,Final,2008-01-12,04:30,1610612747,LAL,110,1610612749,MIL,105,,,,False
2007-2008,2008,0020700532,20080111/MEMGSW,Final,2008-01-12,04:30,1610612744,GSW,116,1610612763,MEM,104,,,,False
2007-2008,2008,0020700533,20080111/DALSEA,Final,2008-01-12,04:30,1610612760,SEA,70,1610612742,DAL,90,,,,False
2007-2008,2008,0020700535,20080112/DETCHA,Final/OT,2008-01-13,01:00,1610612766,CHA,100,1610612765,DET,103,,,,False
2007-2008,2008,0020700534,20080112/BOSWAS,Final,2008-01-13,01:30,1610612764,WAS,85,1610612738,BOS,78,,,,False
2007-2008,2008,0020700536,20080112/MINSAS,Final,2008-01-13,02:30,1610612759,SAS,105,1610612750,MIN,88,,,,False
2007-2008,2008,0020700537,20080112/ORLUTA,Final,2008-01-13,03:00,1610612762,UTA,119,1610612753,ORL,115,,,,False
2007-2008,2008,0020700538,20080112/MILPHX,Final,2008-01-13,03:00,1610612756,PHX,122,1610612749,MIL,114,,,,False
2007-2008,2008,0020700539,20080112/INDSAC,Final,2008-01-13,04:00,1610612758,SAC,105,1610612754,IND,111,,,,False
2007-2008,2008,0020700540,20080112/DALLAC,Final,2008-01-13,04:30,1610612746,LAC,94,1610612742,DAL,95,,,,False
2007-2008,2008,0020700541,20080113/PORTOR,Final/OT2,2008-01-13,18:30,1610612761,TOR,116,1610612757,POR,109,,,,False
2007-2008,2008,0020700542,20080113/CHIATL,Final,2008-01-13,20:00,1610612737,ATL,105,1610612741,CHI,84,,,,False
2007-2008,2008,0020700543,20080113/NOHHOU,Final,2008-01-13,20:30,1610612745,HOU,82,1610612740,NOH,87,,,,False
2007-2008,2008,0020700544,20080113/DETNYK,Final,2008-01-14,01:00,1610612752,NYK,89,1610612765,DET,65,,,,False
2007-2008,2008,0020700545,20080113/INDGSW,Final,2008-01-14,03:00,1610612744,GSW,106,1610612754,IND,101,,,,False
2007-2008,2008,0020700546,20080113/MEMLAL,Final,2008-01-14,03:30,1610612747,LAL,100,1610612763,MEM,99,,,,False
2007-2008,2008,0020700547,20080114/DENCHA,Final,2008-01-15,01:00,1610612766,CHA,119,1610612743,DEN,116,,,,False
2007-2008,2008,0020700548,20080114/WASBOS,Final,2008-01-15,01:30,1610612738,BOS,83,1610612764,WAS,88,,,,False
2007-2008,2008,0020700549,20080114/PORNJN,Final,2008-01-15,01:30,1610612751,NJN,73,1610612757,POR,99,,,,False
2007-2008,2008,0020700550,20080114/PHISAS,Final,2008-01-15,02:30,1610612759,SAS,89,1610612755,PHI,82,,,,False
2007-2008,2008,0020700551,20080114/MILUTA,Final,2008-01-15,03:00,1610612762,UTA,98,1610612749,MIL,87,,,,False
2007-2008,2008,0020700552,20080114/DALSAC,Final,2008-01-15,04:00,1610612758,SAC,122,1610612742,DAL,120,,,,False
2007-2008,2008,0020700553,20080114/LALSEA,Final/OT,2008-01-15,04:00,1610612760,SEA,121,1610612747,LAL,123,,,,False
2007-2008,2008,0020700554,20080115/DENATL,Final,2008-01-16,01:00,1610612737,ATL,104,1610612743,DEN,93,,,,False
2007-2008,2008,0020700555,20080115/CHIORL,Final,2008-01-16,01:00,1610612753,ORL,102,1610612741,CHI,88,,,,False
2007-2008,2008,0020700556,20080115/WASNYK,Final,2008-01-16,01:30,1610612752,NYK,105,1610612764,WAS,93,,,,False
2007-2008,2008,0020700557,20080115/TORDET,Final,2008-01-16,01:30,1610612765,DET,103,1610612761,TOR,89,,,,False
2007-2008,2008,0020700558,20080115/CLEMEM,Final/OT,2008-01-16,02:00,1610612763,MEM,124,1610612739,CLE,132,,,,False
2007-2008,2008,0020700559,20080115/GSWMIN,Final,2008-01-16,02:00,1610612750,MIN,98,1610612744,GSW,105,,,,False
2007-2008,2008,0020700560,20080115/PHIHOU,Final,2008-01-16,02:30,1610612745,HOU,107,1610612755,PHI,111,,,,False
2007-2008,2008,0020700561,20080115/PHXLAC,Final,2008-01-16,04:30,1610612746,LAC,97,1610612756,PHX,90,,,,False
2007-2008,2008,0020700562,20080116/SACTOR,Final,2008-01-17,01:00,1610612761,TOR,116,1610612758,SAC,91,,,,False
2007-2008,2008,0020700563,20080116/ORLCHA,Final,2008-01-17,01:00,1610612766,CHA,99,1610612753,ORL,93,,,,False
2007-2008,2008,0020700564,20080116/CHIMIA,Final,2008-01-17,01:00,1610612748,MIA,96,1610612741,CHI,126,,,,False
2007-2008,2008,0020700565,20080116/GSWIND,Final,2008-01-17,01:00,1610612754,IND,125,1610612744,GSW,117,,,,False
2007-2008,2008,0020700566,20080116/PORBOS,Final,2008-01-17,01:30,1610612738,BOS,100,1610612757,POR,90,,,,False
2007-2008,2008,0020700567,20080116/NYKNJN,Final,2008-01-17,01:30,1610612751,NJN,105,1610612752,NYK,111,,,,False
2007-2008,2008,0020700568,20080116/ATLMIL,Final,2008-01-17,02:00,1610612749,MIL,87,1610612737,ATL,80,,,,False
2007-2008,2008,0020700569,20080116/SEANOH,Final,2008-01-17,02:00,1610612740,NOH,123,1610612760,SEA,92,,,,False
2007-2008,2008,0020700570,20080117/CLESAS,Final,2008-01-18,02:00,1610612759,SAS,88,1610612739,CLE,90,,,,False
2007-2008,2008,0020700571,20080117/UTADEN,Final,2008-01-18,03:00,1610612743,DEN,120,1610612762,UTA,109,,,,False
2007-2008,2008,0020700572,20080117/PHXLAL,Final,2008-01-18,04:30,1610612747,LAL,98,1610612756,PHX,106,,,,False
2007-2008,2008,0020700573,20080118/ATLTOR,Final,2008-01-19,01:00,1610612761,TOR,89,1610612737,ATL,78,,,,False
2007-2008,2008,0020700574,20080118/NYKWAS,Final,2008-01-19,01:00,1610612764,WAS,111,1610612752,NYK,98,,,,False
2007-2008,2008,0020700575,20080118/PORMIA,Final,2008-01-19,01:00,1610612748,MIA,91,1610612757,POR,98,,,,False
2007-2008,2008,0020700576,20080118/PHIBOS,Final,2008-01-19,01:30,1610612738,BOS,116,1610612755,PHI,89,,,,False
2007-2008,2008,0020700577,20080118/SACDET,Final,2008-01-19,02:00,1610612765,DET,93,1610612758,SAC,100,,,,False
2007-2008,2008,0020700578,20080118/SEAMEM,Final,2008-01-19,02:00,1610612763,MEM,124,1610612760,SEA,100,,,,False
2007-2008,2008,0020700579,20080118/CHANOH,Final,2008-01-19,02:00,1610612740,NOH,112,1610612766,CHA,84,,,,False
2007-2008,2008,0020700580,20080118/LACUTA,Final,2008-01-19,03:00,1610612762,UTA,106,1610612746,LAC,88,,,,False
2007-2008,2008,0020700581,20080118/MINPHX,Final,2008-01-19,03:00,1610612756,PHX,115,1610612750,MIN,95,,,,False
2007-2008,2008,0020700582,20080118/GSWCHI,Final,2008-01-19,03:30,1610612741,CHI,111,1610612744,GSW,119,,,,False
2007-2008,2008,0020700583,20080119/TORPHI,Final,2008-01-20,01:00,1610612755,PHI,99,1610612761,TOR,95,,,,False
2007-2008,2008,0020700584,20080119/MEMCHA,Final,2008-01-20,01:00,1610612766,CHA,105,1610612763,MEM,87,,,,False
2007-2008,2008,0020700585,20080119/PORORL,Final,2008-01-20,01:00,1610612753,ORL,101,1610612757,POR,94,,,,False
2007-2008,2008,0020700586,20080119/SACIND,Final,2008-01-20,01:00,1610612754,IND,104,1610612758,SAC,110,,,,False
2007-2008,2008,0020700587,20080119/NYKMIA,Final,2008-01-20,01:30,1610612748,MIA,84,1610612752,NYK,88,,,,False
2007-2008,2008,0020700588,20080119/DETCHI,Final,2008-01-20,02:30,1610612741,CHI,97,1610612765,DET,81,,,,False
2007-2008,2008,0020700589,20080119/GSWMIL,Final,2008-01-20,02:30,1610612749,MIL,99,1610612744,GSW,119,,,,False
2007-2008,2008,0020700590,20080119/SASHOU,Final,2008-01-20,02:30,1610612745,HOU,83,1610612759,SAS,81,,,,False
2007-2008,2008,0020700591,20080119/SEADAL,Final,2008-01-20,03:00,1610612742,DAL,111,1610612760,SEA,96,,,,False
2007-2008,2008,0020700592,20080119/MINDEN,Final,2008-01-20,03:00,1610612743,DEN,111,1610612750,MIN,108,,,,False
2007-2008,2008,0020700593,20080119/NJNLAC,Final/OT,2008-01-20,04:30,1610612746,LAC,120,1610612751,NJN,107,,,,False
2007-2008,2008,0020700594,20080120/NJNPHX,Final,2008-01-21,02:00,1610612756,PHX,116,1610612751,NJN,92,,,,False
2007-2008,2008,0020700595,20080121/BOSNYK,Final,2008-01-21,19:00,1610612752,NYK,93,1610612738,BOS,109,,,,False
2007-2008,2008,0020700596,20080121/DALWAS,Final,2008-01-21,19:00,1610612764,WAS,102,1610612742,DAL,84,,,,False
2007-2008,2008,0020700597,20080121/SASCHA,Final,2008-01-21,19:00,1610612766,CHA,86,1610612759,SAS,95,,,,False
2007-2008,2008,0020700598,20080121/INDPHI,Final,2008-01-21,20:00,1610612755,PHI,103,1610612754,IND,110,,,,False
2007-2008,2008,0020700599,20080121/PORATL,Final/OT,2008-01-21,20:00,1610612737,ATL,109,1610612757,POR,111,,,,False
2007-2008,2008,0020700600,20080121/SEAHOU,Final,2008-01-21,20:30,1610612745,HOU,96,1610612760,SEA,89,,,,False
2007-2008,2008,0020700601,20080121/MILNOH,Final,2008-01-21,21:30,1610612740,NOH,106,1610612749,MIL,92,,,,False
2007-2008,2008,0020700602,20080121/UTALAC,Final,2008-01-21,21:30,1610612746,LAC,93,1610612762,UTA,109,,,,False
2007-2008,2008,0020700603,20080121/MINGSW,Final,2008-01-21,22:00,1610612744,GSW,108,1610612750,MIN,109,,,,False
2007-2008,2008,0020700604,20080121/CHIMEM,Final,2008-01-21,23:30,1610612763,MEM,104,1610612741,CHI,90,,,,False
2007-2008,2008,0020700605,20080121/DETORL,Final,2008-01-22,01:00,1610612753,ORL,102,1610612765,DET,100,,,,False
2007-2008,2008,0020700606,20080121/CLEMIA,Final,2008-01-22,02:00,1610612748,MIA,90,1610612739,CLE,97,,,,False
2007-2008,2008,0020700607,20080121/DENLAL,Final,2008-01-22,04:30,1610612747,LAL,116,1610612743,DEN,99,,,,False
2007-2008,2008,0020700608,20080122/PHXMIL,Final,2008-01-23,02:00,1610612749,MIL,105,1610612756,PHX,114,,,,False
2007-2008,2008,0020700609,20080122/NJNSAC,Final,2008-01-23,04:00,1610612758,SAC,128,1610612751,NJN,94,,,,False
2007-2008,2008,0020700610,20080123/DETPHI,Final,2008-01-24,01:00,1610612755,PHI,78,1610612765,DET,86,,,,False
2007-2008,2008,0020700611,20080123/DALCHA,Final,2008-01-24,01:00,1610612766,CHA,95,1610612742,DAL,102,,,,False
2007-2008,2008,0020700612,20080123/WASCLE,Final,2008-01-24,01:00,1610612739,CLE,121,1610612764,WAS,85,,,,False
2007-2008,2008,0020700613,20080123/TORBOS,Final,2008-01-24,01:30,1610612738,BOS,112,1610612761,TOR,114,,,,False
2007-2008,2008,0020700614,20080123/ORLMEM,Final,2008-01-24,02:00,1610612763,MEM,85,1610612753,ORL,112,,,,False
2007-2008,2008,0020700615,20080123/PORNOH,Final,2008-01-24,02:00,1610612740,NOH,96,1610612757,POR,81,,,,False
2007-2008,2008,0020700616,20080123/PHXMIN,Final,2008-01-24,02:00,1610612750,MIN,117,1610612756,PHX,107,,,,False
2007-2008,2008,0020700617,20080123/INDCHI,Final,2008-01-24,02:30,1610612741,CHI,108,1610612754,IND,95,,,,False
2007-2008,2008,0020700618,20080123/LALSAS,Final,2008-01-24,03:00,1610612759,SAS,103,1610612747,LAL,91,,,,False
2007-2008,2008,0020700619,20080123/ATLDEN,Final,2008-01-24,03:00,1610612743,DEN,107,1610612737,ATL,100,,,,False
2007-2008,2008,0020700620,20080123/HOUSEA,Final,2008-01-24,04:00,1610612760,SEA,107,1610612745,HOU,109,,,,False
2007-2008,2008,0020700621,20080123/SACLAC,Final,2008-01-24,04:30,1610612746,LAC,111,1610612758,SAC,85,,,,False
2007-2008,2008,0020700622,20080124/SASMIA,Final,2008-01-25,02:00,1610612748,MIA,89,1610612759,SAS,90,,,,False
2007-2008,2008,0020700623,20080124/INDMIL,Final,2008-01-25,02:00,1610612749,MIL,104,1610612754,IND,92,,,,False
2007-2008,2008,0020700624,20080124/NJNGSW,Final,2008-01-25,04:30,1610612744,GSW,121,1610612751,NJN,119,,,,False
2007-2008,2008,0020700625,20080125/MILTOR,Final,2008-01-26,01:00,1610612761,TOR,106,1610612749,MIL,75,,,,False
2007-2008,2008,0020700626,20080125/MEMWAS,Final,2008-01-26,01:00,1610612764,WAS,104,1610612763,MEM,93,,,,False
2007-2008,2008,0020700627,20080125/PHXCLE,Final,2008-01-26,01:00,1610612739,CLE,108,1610612756,PHX,110,,,,False
2007-2008,2008,0020700630,20080125/ORLDET,Final,2008-01-26,01:00,1610612765,DET,101,1610612753,ORL,93,,,,False
2007-2008,2008,0020700628,20080125/MINBOS,Final,2008-01-26,01:30,1610612738,BOS,87,1610612750,MIN,86,,,,False
2007-2008,2008,0020700629,20080125/PHINYK,Final,2008-01-26,01:30,1610612752,NYK,89,1610612755,PHI,81,,,,False
2007-2008,2008,0020700631,20080125/LACNOH,Final,2008-01-26,02:00,1610612740,NOH,111,1610612746,LAC,92,,,,False
2007-2008,2008,0020700632,20080125/CHACHI,Final,2008-01-26,02:30,1610612741,CHI,77,1610612766,CHA,90,,,,False
2007-2008,2008,0020700633,20080125/LALDAL,Final,2008-01-26,02:30,1610612742,DAL,112,1610612747,LAL,105,,,,False
2007-2008,2008,0020700634,20080125/NJNDEN,Final,2008-01-26,03:00,1610612743,DEN,100,1610612751,NJN,85,,,,False
2007-2008,2008,0020700635,20080125/SACUTA,Final,2008-01-26,03:00,1610612762,UTA,127,1610612758,SAC,113,,,,False
2007-2008,2008,0020700636,20080125/HOUPOR,Final,2008-01-26,04:00,1610612757,POR,79,1610612745,HOU,89,,,,False
2007-2008,2008,0020700637,20080125/ATLSEA,Final,2008-01-26,04:30,1610612760,SEA,90,1610612737,ATL,99,,,,False
2007-2008,2008,0020700638,20080126/INDMIA,Final,2008-01-26,21:30,1610612748,MIA,98,1610612754,IND,96,,,,False
2007-2008,2008,0020700639,20080126/PHICHA,Final,2008-01-27,01:00,1610612766,CHA,96,1610612755,PHI,103,,,,False
2007-2008,2008,0020700640,20080126/LACMEM,Final/OT,2008-01-27,02:00,1610612763,MEM,125,1610612746,LAC,120,,,,False
2007-2008,2008,0020700641,20080126/NOHSAS,Final,2008-01-27,02:30,1610612759,SAS,78,1610612740,NOH,102,,,,False
2007-2008,2008,0020700642,20080127/PHXCHI,Final,2008-01-27,19:00,1610612741,CHI,77,1610612756,PHX,88,,,,False
2007-2008,2008,0020700644,20080127/BOSORL,Final,2008-01-27,19:00,1610612753,ORL,96,1610612738,BOS,93,,,,False
2007-2008,2008,0020700643,20080127/CLELAL,Final,2008-01-27,21:30,1610612747,LAL,95,1610612739,CLE,98,,,,False
2007-2008,2008,0020700645,20080127/WASMIL,Final/OT,2008-01-28,00:00,1610612749,MIL,105,1610612764,WAS,102,,,,False
2007-2008,2008,0020700646,20080127/ATLPOR,Final,2008-01-28,00:00,1610612757,POR,94,1610612737,ATL,93,,,,False
2007-2008,2008,0020700647,20080127/DENDAL,Final,2008-01-28,00:30,1610612742,DAL,90,1610612743,DEN,85,,,,False
2007-2008,2008,0020700648,20080127/NJNMIN,Final,2008-01-28,00:30,1610612750,MIN,98,1610612751,NJN,95,,,,False
2007-2008,2008,0020700649,20080127/UTAHOU,Final,2008-01-28,01:00,1610612745,HOU,89,1610612762,UTA,97,,,,False
2007-2008,2008,0020700650,20080127/NYKGSW,Final,2008-01-28,03:00,1610612744,GSW,106,1610612752,NYK,104,,,,False
2007-2008,2008,0020700651,20080127/SACSEA,Final,2008-01-28,03:00,1610612760,SEA,101,1610612758,SAC,103,,,,False
2007-2008,2008,0020700652,20080128/DALMEM,Final,2008-01-29,02:00,1610612763,MEM,84,1610612742,DAL,103,,,,False
2007-2008,2008,0020700653,20080128/DENNOH,Final,2008-01-29,02:00,1610612740,NOH,117,1610612743,DEN,93,,,,False
2007-2008,2008,0020700654,20080128/SASUTA,Final,2008-01-29,03:00,1610612762,UTA,97,1610612759,SAS,91,,,,False
2007-2008,2008,0020700655,20080128/CHALAC,Final,2008-01-29,04:30,1610612746,LAC,100,1610612766,CHA,107,,,,False
2007-2008,2008,0020700656,20080129/TORWAS,Final/OT,2008-01-30,01:00,1610612764,WAS,108,1610612761,TOR,104,,,,False
2007-2008,2008,0020700657,20080129/DETIND,Final,2008-01-30,01:00,1610612754,IND,104,1610612765,DET,110,,,,False
2007-2008,2008,0020700658,20080129/MILNJN,Final,2008-01-30,01:30,1610612751,NJN,87,1610612749,MIL,80,,,,False
2007-2008,2008,0020700659,20080129/BOSMIA,Final,2008-01-30,01:30,1610612748,MIA,87,1610612738,BOS,117,,,,False
2007-2008,2008,0020700660,20080129/MINCHI,Final,2008-01-30,02:30,1610612741,CHI,96,1610612750,MIN,85,,,,False
2007-2008,2008,0020700661,20080129/GSWHOU,Final,2008-01-30,02:30,1610612745,HOU,111,1610612744,GSW,107,,,,False
2007-2008,2008,0020700662,20080129/ATLPHX,Final,2008-01-30,03:00,1610612756,PHX,125,1610612737,ATL,92,,,,False
2007-2008,2008,0020700663,20080129/SASSEA,Final,2008-01-30,04:00,1610612760,SEA,88,1610612759,SAS,85,,,,False
2007-2008,2008,0020700664,20080129/NYKLAL,Final,2008-01-30,04:30,1610612747,LAL,120,1610612752,NYK,109,,,,False
2007-2008,2008,0020700665,20080130/WASTOR,Final,2008-01-31,01:00,1610612761,TOR,122,1610612764,WAS,83,,,,False
2007-2008,2008,0020700666,20080130/MILPHI,Final,2008-01-31,01:00,1610612755,PHI,112,1610612749,MIL,69,,,,False
2007-2008,2008,0020700667,20080130/MIAORL,Final,2008-01-31,01:00,1610612753,ORL,107,1610612748,MIA,91,,,,False
2007-2008,2008,0020700668,20080130/DENMEM,Final,2008-01-31,02:00,1610612763,MEM,102,1610612743,DEN,106,,,,False
2007-2008,2008,0020700669,20080130/GSWNOH,Final,2008-01-31,02:00,1610612740,NOH,103,1610612744,GSW,116,,,,False
2007-2008,2008,0020700670,20080130/CHIMIN,Final,2008-01-31,02:00,1610612750,MIN,83,1610612741,CHI,67,,,,False
2007-2008,2008,0020700671,20080130/NYKUTA,Final,2008-01-31,03:00,1610612762,UTA,100,1610612752,NYK,89,,,,False
2007-2008,2008,0020700672,20080130/CLEPOR,Final,2008-01-31,03:00,1610612757,POR,83,1610612739,CLE,84,,,,False
2007-2008,2008,0020700673,20080130/CHASAC,Final,2008-01-31,04:00,1610612758,SAC,105,1610612766,CHA,91,,,,False
2007-2008,2008,0020700674,20080130/ATLLAC,Final,2008-01-31,04:30,1610612746,LAC,95,1610612737,ATL,88,,,,False
2007-2008,2008,0020700675,20080131/LALDET,Final,2008-02-01,01:30,1610612765,DET,90,1610612747,LAL,89,,,,False
2007-2008,2008,0020700676,20080131/DALBOS,Final,2008-02-01,02:00,1610612738,BOS,96,1610612742,DAL,90,,,,False
2007-2008,2008,0020700677,20080131/CLESEA,Final,2008-02-01,04:00,1610612760,SEA,101,1610612739,CLE,95,,,,False
2007-2008,2008,0020700678,20080131/SASPHX,Final,2008-02-01,04:30,1610612756,PHX,81,1610612759,SAS,84,,,,False
2007-2008,2008,0020700679,20080201/LALTOR,Final,2008-02-02,01:00,1610612761,TOR,101,1610612747,LAL,121,,,,False
2007-2008,2008,0020700680,20080201/ORLPHI,Final,2008-02-02,01:00,1610612755,PHI,106,1610612753,ORL,108,,,,False
2007-2008,2008,0020700682,20080201/HOUIND,Final,2008-02-02,01:00,1610612754,IND,103,1610612745,HOU,106,,,,False
2007-2008,2008,0020700681,20080201/UTAWAS,Final,2008-02-02,02:00,1610612764,WAS,87,1610612762,UTA,96,,,,False
2007-2008,2008,0020700683,20080201/NJNMIA,Final,2008-02-02,02:00,1610612748,MIA,85,1610612751,NJN,94,,,,False
2007-2008,2008,0020700684,20080201/LACMIN,Final,2008-02-02,02:00,1610612750,MIN,104,1610612746,LAC,83,,,,False
2007-2008,2008,0020700685,20080201/NOHSAC,Final,2008-02-02,04:00,1610612758,SAC,112,1610612740,NOH,103,,,,False
2007-2008,2008,0020700686,20080201/CHAGSW,Final,2008-02-02,04:30,1610612744,GSW,127,1610612766,CHA,96,,,,False
2007-2008,2008,0020700687,20080201/NYKPOR,Final/OT,2008-02-02,04:30,1610612757,POR,94,1610612752,NYK,88,,,,False
2007-2008,2008,0020700688,20080202/NJNATL,Final,2008-02-03,01:00,1610612737,ATL,104,1610612751,NJN,92,,,,False
2007-2008,2008,0020700689,20080202/ORLIND,Final,2008-02-03,01:00,1610612754,IND,115,1610612753,ORL,121,,,,False
2007-2008,2008,0020700690,20080202/LACCLE,Final,2008-02-03,01:30,1610612739,CLE,98,1610612746,LAC,84,,,,False
2007-2008,2008,0020700691,20080202/UTAMEM,Final,2008-02-03,02:00,1610612763,MEM,91,1610612762,UTA,110,,,,False
2007-2008,2008,0020700692,20080202/HOUMIL,Final,2008-02-03,02:30,1610612749,MIL,83,1610612745,HOU,91,,,,False
2007-2008,2008,0020700693,20080202/CHADEN,Final,2008-02-03,03:00,1610612743,DEN,117,1610612766,CHA,101,,,,False
2007-2008,2008,0020700694,20080202/CHISAC,Final,2008-02-03,04:00,1610612758,SAC,105,1610612741,CHI,101,,,,False
2007-2008,2008,0020700695,20080202/NYKSEA,Final,2008-02-03,04:00,1610612760,SEA,86,1610612752,NYK,85,,,,False
2007-2008,2008,0020700696,20080203/LALWAS,Final,2008-02-03,18:00,1610612764,WAS,91,1610612747,LAL,103,,,,False
2007-2008,2008,0020700697,20080203/DALDET,Final,2008-02-03,20:30,1610612765,DET,90,1610612742,DAL,67,,,,False
2007-2008,2008,0020700698,20080204/PHIATL,Final,2008-02-05,01:00,1610612737,ATL,96,1610612755,PHI,91,,,,False
2007-2008,2008,0020700699,20080204/DALORL,Final,2008-02-05,01:00,1610612753,ORL,98,1610612742,DAL,107,,,,False
2007-2008,2008,0020700700,20080204/LACNYK,Final,2008-02-05,01:30,1610612752,NYK,94,1610612746,LAC,103,,,,False
2007-2008,2008,0020700701,20080204/TORMIA,Final,2008-02-05,01:30,1610612748,MIA,82,1610612761,TOR,114,,,,False
2007-2008,2008,0020700702,20080204/HOUMIN,Final,2008-02-05,02:00,1610612750,MIN,86,1610612745,HOU,92,,,,False
2007-2008,2008,0020700703,20080204/NOHUTA,Final,2008-02-05,03:00,1610612762,UTA,110,1610612740,NOH,88,,,,False
2007-2008,2008,0020700704,20080204/CHAPHX,Final,2008-02-05,03:00,1610612756,PHX,118,1610612766,CHA,104,,,,False
2007-2008,2008,0020700705,20080204/DENPOR,Final/OT,2008-02-05,04:00,1610612757,POR,103,1610612743,DEN,105,,,,False
2007-2008,2008,0020700706,20080204/CHISEA,Final,2008-02-05,04:00,1610612760,SEA,108,1610612741,CHI,118,,,,False
2007-2008,2008,0020700707,20080205/WASPHI,Final,2008-02-06,01:00,1610612755,PHI,101,1610612764,WAS,96,,,,False
2007-2008,2008,0020700708,20080205/BOSCLE,Final,2008-02-06,01:00,1610612739,CLE,114,1610612738,BOS,113,,,,False
2007-2008,2008,0020700709,20080205/SASIND,Final,2008-02-06,01:00,1610612754,IND,89,1610612759,SAS,116,,,,False
2007-2008,2008,0020700710,20080205/LALNJN,Final,2008-02-06,01:30,1610612751,NJN,90,1610612747,LAL,105,,,,False
2007-2008,2008,0020700711,20080205/MILMEM,Final,2008-02-06,02:00,1610612763,MEM,97,1610612749,MIL,102,,,,False
2007-2008,2008,0020700712,20080206/SASWAS,Final,2008-02-07,01:00,1610612764,WAS,77,1610612759,SAS,85,,,,False
2007-2008,2008,0020700713,20080206/LALATL,Final,2008-02-07,01:00,1610612737,ATL,98,1610612747,LAL,95,,,,False
2007-2008,2008,0020700714,20080206/NJNORL,Final,2008-02-07,01:00,1610612753,ORL,100,1610612751,NJN,84,,,,False
2007-2008,2008,0020700715,20080206/LACBOS,Final,2008-02-07,01:30,1610612738,BOS,111,1610612746,LAC,100,,,,False
2007-2008,2008,0020700716,20080206/INDNYK,Final,2008-02-07,01:30,1610612752,NYK,100,1610612754,IND,103,,,,False
2007-2008,2008,0020700717,20080206/MIADET,Final,2008-02-07,01:30,1610612765,DET,100,1610612748,MIA,95,,,,False
2007-2008,2008,0020700718,20080206/MILDAL,Final,2008-02-07,02:30,1610612742,DAL,107,1610612749,MIL,96,,,,False
2007-2008,2008,0020700719,20080206/UTADEN,Final/OT,2008-02-07,03:00,1610612743,DEN,115,1610612762,UTA,118,,,,False
2007-2008,2008,0020700720,20080206/NOHPHX,Final/OT2,2008-02-07,03:00,1610612756,PHX,130,1610612740,NOH,132,,,,False
2007-2008,2008,0020700721,20080206/SEASAC,Final,2008-02-07,04:00,1610612758,SAC,92,1610612760,SEA,105,,,,False
2007-2008,2008,0020700722,20080206/CHIPOR,Final,2008-02-07,04:00,1610612757,POR,100,1610612741,CHI,97,,,,False
2007-2008,2008,0020700723,20080207/MIAPHI,Final,2008-02-08,01:00,1610612755,PHI,101,1610612748,MIA,84,,,,False
2007-2008,2008,0020700724,20080207/CLEHOU,Final,2008-02-08,02:00,1610612745,HOU,92,1610612739,CLE,77,,,,False
2007-2008,2008,0020700725,20080207/CHIGSW,Final,2008-02-08,04:30,1610612744,GSW,108,1610612741,CHI,114,,,,False
2007-2008,2008,0020700726,20080208/LACTOR,Final,2008-02-09,01:00,1610612761,TOR,98,1610612746,LAC,102,,,,False
2007-2008,2008,0020700727,20080208/NJNCHA,Final,2008-02-09,01:00,1610612766,CHA,90,1610612751,NJN,104,,,,False
2007-2008,2008,0020700728,20080208/LALORL,Final,2008-02-09,01:00,1610612753,ORL,113,1610612747,LAL,117,,,,False
2007-2008,2008,0020700729,20080208/SASNYK,Final/OT,2008-02-09,01:30,1610612752,NYK,93,1610612759,SAS,99,,,,False
2007-2008,2008,0020700730,20080208/CLEATL,Final,2008-02-09,01:30,1610612737,ATL,95,1610612739,CLE,100,,,,False
2007-2008,2008,0020700731,20080208/PORDET,Final,2008-02-09,02:00,1610612765,DET,91,1610612757,POR,82,,,,False
2007-2008,2008,0020700732,20080208/BOSMIN,Final,2008-02-09,02:00,1610612750,MIN,86,1610612738,BOS,88,,,,False
2007-2008,2008,0020700733,20080208/MEMDAL,Final,2008-02-09,02:30,1610612742,DAL,92,1610612763,MEM,81,,,,False
2007-2008,2008,0020700734,20080208/SEAPHX,Final,2008-02-09,03:00,1610612756,PHX,103,1610612760,SEA,99,,,,False
2007-2008,2008,0020700735,20080208/UTASAC,Final,2008-02-09,04:00,1610612758,SAC,117,1610612762,UTA,104,,,,False
2007-2008,2008,0020700736,20080208/WASDEN,Final,2008-02-09,04:30,1610612743,DEN,111,1610612764,WAS,100,,,,False
2007-2008,2008,0020700737,20080209/PORIND,Final,2008-02-10,01:00,1610612754,IND,101,1610612757,POR,93,,,,False
2007-2008,2008,0020700738,20080209/LACPHI,Final,2008-02-10,01:30,1610612755,PHI,101,1610612746,LAC,80,,,,False
2007-2008,2008,0020700739,20080209/MEMNOH,Final,2008-02-10,02:00,1610612740,NOH,112,1610612763,MEM,99,,,,False
2007-2008,2008,0020700740,20080209/NYKMIL,Final,2008-02-10,02:30,1610612749,MIL,98,1610612752,NYK,99,,,,False
2007-2008,2008,0020700741,20080209/ATLHOU,Final,2008-02-10,02:30,1610612745,HOU,108,1610612737,ATL,89,,,,False
2007-2008,2008,0020700742,20080209/CHIUTA,Final,2008-02-10,03:00,1610612762,UTA,97,1610612741,CHI,87,,,,False
2007-2008,2008,0020700743,20080209/SACGSW,Final,2008-02-10,04:30,1610612744,GSW,105,1610612758,SAC,102,,,,False
2007-2008,2008,0020700749,20080210/SASBOS,Final,2008-02-10,19:00,1610612738,BOS,98,1610612759,SAS,90,,,,False
2007-2008,2008,0020700745,20080210/LALMIA,Final,2008-02-10,21:30,1610612748,MIA,94,1610612747,LAL,104,,,,False
2007-2008,2008,0020700746,20080210/DALNJN,Final,2008-02-11,00:00,1610612751,NJN,101,1610612742,DAL,82,,,,False
2007-2008,2008,0020700747,20080210/CHADET,Final,2008-02-11,00:00,1610612765,DET,113,1610612766,CHA,87,,,,False
2007-2008,2008,0020700748,20080210/TORMIN,Final,2008-02-11,00:30,1610612750,MIN,82,1610612761,TOR,105,,,,False
2007-2008,2008,0020700744,20080210/DENCLE,Final,2008-02-11,01:00,1610612739,CLE,83,1610612743,DEN,113,,,,False
2007-2008,2008,0020700750,20080210/WASPHX,Final,2008-02-11,03:30,1610612756,PHX,108,1610612764,WAS,107,,,,False
2007-2008,2008,0020700751,20080211/SASTOR,Final,2008-02-12,01:00,1610612761,TOR,88,1610612759,SAS,93,,,,False
2007-2008,2008,0020700752,20080211/DALPHI,Final,2008-02-12,01:00,1610612755,PHI,84,1610612742,DAL,76,,,,False
2007-2008,2008,0020700753,20080211/LALCHA,Final,2008-02-12,01:00,1610612766,CHA,97,1610612747,LAL,106,,,,False
2007-2008,2008,0020700754,20080211/CLEORL,Final,2008-02-12,01:00,1610612753,ORL,111,1610612739,CLE,118,,,,False
2007-2008,2008,0020700755,20080211/LACMIL,Final,2008-02-12,02:00,1610612749,MIL,89,1610612746,LAC,96,,,,False
2007-2008,2008,0020700756,20080211/PORHOU,Final,2008-02-12,02:30,1610612745,HOU,95,1610612757,POR,83,,,,False
2007-2008,2008,0020700757,20080211/WASGSW,Final,2008-02-12,04:30,1610612744,GSW,120,1610612764,WAS,117,,,,False
2007-2008,2008,0020700758,20080212/DETATL,Final,2008-02-13,01:00,1610612737,ATL,90,1610612765,DET,94,,,,False
2007-2008,2008,0020700759,20080212/BOSIND,Final,2008-02-13,01:00,1610612754,IND,97,1610612738,BOS,104,,,,False
2007-2008,2008,0020700760,20080212/MINNJN,Final,2008-02-13,01:30,1610612751,NJN,92,1610612750,MIN,88,,,,False
2007-2008,2008,0020700761,20080212/DENMIA,Final/OT,2008-02-13,01:30,1610612748,MIA,113,1610612743,DEN,114,,,,False
2007-2008,2008,0020700762,20080212/SACMEM,Final,2008-02-13,02:00,1610612763,MEM,107,1610612758,SAC,94,,,,False
2007-2008,2008,0020700763,20080212/NOHCHI,Final,2008-02-13,02:30,1610612741,CHI,86,1610612740,NOH,100,,,,False
2007-2008,2008,0020700764,20080213/NJNTOR,Final,2008-02-14,01:00,1610612761,TOR,109,1610612751,NJN,91,,,,False
2007-2008,2008,0020700765,20080213/MEMPHI,Final,2008-02-14,01:00,1610612755,PHI,102,1610612763,MEM,88,,,,False
2007-2008,2008,0020700766,20080213/ATLCHA,Final/OT,2008-02-14,01:00,1610612766,CHA,100,1610612737,ATL,98,,,,False
2007-2008,2008,0020700767,20080213/DENORL,Final,2008-02-14,01:00,1610612753,ORL,109,1610612743,DEN,98,,,,False
2007-2008,2008,0020700768,20080213/SASCLE,Final,2008-02-14,01:00,1610612739,CLE,105,1610612759,SAS,112,,,,False
2007-2008,2008,0020700769,20080213/NYKBOS,Final,2008-02-14,01:30,1610612738,BOS,111,1610612752,NYK,103,,,,False
2007-2008,2008,0020700770,20080213/INDDET,Final,2008-02-14,01:30,1610612765,DET,96,1610612754,IND,80,,,,False
2007-2008,2008,0020700771,20080213/NOHMIL,Final,2008-02-14,02:00,1610612749,MIL,107,1610612740,NOH,111,,,,False
2007-2008,2008,0020700772,20080213/LALMIN,Final,2008-02-14,02:00,1610612750,MIN,92,1610612747,LAL,117,,,,False
2007-2008,2008,0020700773,20080213/SACHOU,Final,2008-02-14,02:30,1610612745,HOU,89,1610612758,SAC,87,,,,False
2007-2008,2008,0020700774,20080213/PORDAL,Final,2008-02-14,02:30,1610612742,DAL,96,1610612757,POR,76,,,,False
2007-2008,2008,0020700775,20080213/PHXGSW,Final,2008-02-14,03:00,1610612744,GSW,120,1610612756,PHX,118,,,,False
2007-2008,2008,0020700776,20080213/UTASEA,Final,2008-02-14,04:00,1610612760,SEA,93,1610612762,UTA,112,,,,False
2007-2008,2008,0020700777,20080213/WASLAC,Final,2008-02-14,04:30,1610612746,LAC,89,1610612764,WAS,91,,,,False
2007-2008,2008,0020700778,20080214/MIACHI,Final,2008-02-15,02:00,1610612741,CHI,99,1610612748,MIA,92,,,,False
2007-2008,2008,0020700779,20080214/DALPHX,Final,2008-02-15,04:30,1610612756,PHX,109,1610612742,DAL,97,,,,False
2007-2008,2008,0030700003,20080215/NORHOR,Final,2008-02-16,01:00,1610612778,HOR,50,1610612767,NOR,51,,,,False
2007-2008,2008,0030700002,20080215/RKESPH,Final,2008-02-16,03:00,1610616838,SPH,136,1610616837,RKE,109,,Rising Stars,,False
2007-2008,2008,0030700004,20080216/ESTWST,8:00 pm ET,2008-02-17,02:00,1610616834,WST,0,1610616833,EST,0,,All-Star Game,,False
2007-2008,2008,0030700005,20080216/ESTWST,8:00 pm ET,2008-02-17,02:00,1610616834,WST,0,1610616833,EST,0,,All-Star Game,,False
2007-2008,2008,0030700006,20080216/ESTWST,8:00 pm ET,2008-02-17,02:00,1610616834,WST,0,1610616833,EST,0,,All-Star Game,,False
2007-2008,2008,0030700007,20080216/ESTWST,8:00 pm ET,2008-02-17,02:00,1610616834,WST,0,1610616833,EST,0,,All-Star Game,,False
2007-2008,2008,0030700008,20080216/ESTWST,8:00 pm ET,2008-02-17,02:00,1610616834,WST,0,1610616833,EST,0,,All-Star Game,,False
2007-2008,2008,0030700001,20080217/ESTWST,Final,2008-02-18,02:00,1610616834,WST,128,1610616833,EST,134,,All-Star Game,,False
2007-2008,2008,0020700780,20080219/NYKWAS,Final/OT,2008-02-20,01:00,1610612764,WAS,100,1610612752,NYK,113,,,,False
2007-2008,2008,0020700781,20080219/HOUCLE,Final,2008-02-20,01:00,1610612739,CLE,85,1610612745,HOU,93,,,,False
2007-2008,2008,0020700782,20080219/ORLDET,Final,2008-02-20,01:30,1610612765,DET,85,1610612753,ORL,103,,,,False
2007-2008,2008,0020700783,20080219/PHIMIN,Final,2008-02-20,02:00,1610612750,MIN,104,1610612755,PHI,88,,,,False
2007-2008,2008,0020700784,20080219/CHASAS,Final,2008-02-20,02:30,1610612759,SAS,85,1610612766,CHA,65,,,,False
2007-2008,2008,0020700785,20080219/BOSDEN,Final,2008-02-20,03:00,1610612743,DEN,124,1610612738,BOS,118,,,,False
2007-2008,2008,0020700786,20080219/GSWUTA,Final,2008-02-20,03:00,1610612762,UTA,119,1610612744,GSW,109,,,,False
2007-2008,2008,0020700787,20080219/SACPOR,Final,2008-02-20,04:00,1610612757,POR,94,1610612758,SAC,105,,,,False
2007-2008,2008,0020700788,20080219/MEMSEA,Final,2008-02-20,04:00,1610612760,SEA,108,1610612763,MEM,101,,,,False
2007-2008,2008,0020700789,20080219/ATLLAL,Final,2008-02-20,04:30,1610612747,LAL,122,1610612737,ATL,93,,,,False
2007-2008,2008,0020700790,20080220/ORLTOR,Final,2008-02-21,01:00,1610612761,TOR,127,1610612753,ORL,110,,,,False
2007-2008,2008,0020700791,20080220/NYKPHI,Final,2008-02-21,01:00,1610612755,PHI,124,1610612752,NYK,84,,,,False
2007-2008,2008,0020700792,20080220/CLEIND,Final,2008-02-21,01:00,1610612754,IND,97,1610612739,CLE,106,,,,False
2007-2008,2008,0020700793,20080220/CHINJN,Final/OT,2008-02-21,01:30,1610612751,NJN,110,1610612741,CHI,102,,,,False
2007-2008,2008,0020700794,20080220/DETMIL,Final,2008-02-21,02:00,1610612749,MIL,103,1610612765,DET,98,,,,False
2007-2008,2008,0020700795,20080220/DALNOH,Final,2008-02-21,02:00,1610612740,NOH,104,1610612742,DAL,93,,,,False
2007-2008,2008,0020700796,20080220/LALPHX,Final,2008-02-21,03:00,1610612756,PHX,124,1610612747,LAL,130,,,,False
2007-2008,2008,0020700797,20080220/ATLSAC,Final,2008-02-21,04:00,1610612758,SAC,119,1610612737,ATL,107,,,,False
2007-2008,2008,0020700798,20080220/MEMLAC,Final,2008-02-21,04:30,1610612746,LAC,100,1610612763,MEM,86,,,,False
2007-2008,2008,0020700799,20080220/BOSGSW,Final,2008-02-21,04:30,1610612744,GSW,119,1610612738,BOS,117,,,,False
2007-2008,2008,0020700800,20080221/MIAHOU,Final,2008-02-22,02:00,1610612745,HOU,112,1610612748,MIA,100,,,,False
2007-2008,2008,0020700801,20080221/SASMIN,Final,2008-02-22,02:00,1610612750,MIN,99,1610612759,SAS,100,,,,False
2007-2008,2008,0020700802,20080221/SEAPOR,Final,2008-02-22,04:30,1610612757,POR,92,1610612760,SEA,88,,,,False
2007-2008,2008,0020700803,20080222/SACCHA,Final/OT,2008-02-23,01:00,1610612766,CHA,115,1610612758,SAC,116,,,,False
2007-2008,2008,0020700804,20080222/PHIORL,Final,2008-02-23,01:00,1610612753,ORL,115,1610612755,PHI,99,,,,False
2007-2008,2008,0020700805,20080222/NJNIND,Final,2008-02-23,01:00,1610612754,IND,113,1610612751,NJN,103,,,,False
2007-2008,2008,0020700806,20080222/TORNYK,Final,2008-02-23,01:30,1610612752,NYK,103,1610612761,TOR,99,,,,False
2007-2008,2008,0020700807,20080222/WASCLE,Final,2008-02-23,02:00,1610612739,CLE,90,1610612764,WAS,89,,,,False
2007-2008,2008,0020700808,20080222/MILDET,Final,2008-02-23,02:00,1610612765,DET,127,1610612749,MIL,100,,,,False
2007-2008,2008,0020700809,20080222/DENCHI,Final,2008-02-23,02:00,1610612741,CHI,135,1610612743,DEN,121,,,,False
2007-2008,2008,0020700810,20080222/DALMEM,Final,2008-02-23,02:00,1610612763,MEM,83,1610612742,DAL,98,,,,False
2007-2008,2008,0020700811,20080222/HOUNOH,Final,2008-02-23,02:00,1610612740,NOH,80,1610612745,HOU,100,,,,False
2007-2008,2008,0020700812,20080222/BOSPHX,Final,2008-02-23,04:30,1610612756,PHX,85,1610612738,BOS,77,,,,False
2007-2008,2008,0020700813,20080222/UTALAC,Final,2008-02-23,04:30,1610612746,LAC,114,1610612762,UTA,104,,,,False
2007-2008,2008,0020700814,20080222/ATLGSW,Final,2008-02-23,04:30,1610612744,GSW,110,1610612737,ATL,117,,,,False
2007-2008,2008,0020700815,20080222/PORSEA,Final,2008-02-23,04:30,1610612760,SEA,99,1610612757,POR,87,,,,False
2007-2008,2008,0020700816,20080223/CHAWAS,Final,2008-02-24,01:00,1610612764,WAS,110,1610612766,CHA,95,,,,False
2007-2008,2008,0020700817,20080223/INDNJN,Final,2008-02-24,01:30,1610612751,NJN,102,1610612754,IND,91,,,,False
2007-2008,2008,0020700818,20080223/PHIMIA,Final/OT,2008-02-24,01:30,1610612748,MIA,96,1610612755,PHI,101,,,,False
2007-2008,2008,0020700819,20080223/DENMIL,Final,2008-02-24,02:30,1610612749,MIL,115,1610612743,DEN,109,,,,False
2007-2008,2008,0020700820,20080223/NOHSAS,Final,2008-02-24,02:30,1610612759,SAS,98,1610612740,NOH,89,,,,False
2007-2008,2008,0020700821,20080223/ATLUTA,Final,2008-02-24,03:00,1610612762,UTA,100,1610612737,ATL,94,,,,False
2007-2008,2008,0020700822,20080223/LALLAC,Final,2008-02-24,04:30,1610612746,LAC,95,1610612747,LAL,113,,,,False
2007-2008,2008,0020700823,20080224/DETPHX,Final,2008-02-24,20:30,1610612756,PHX,86,1610612765,DET,116,,,,False
2007-2008,2008,0020700824,20080224/NYKTOR,Final,2008-02-25,00:00,1610612761,TOR,115,1610612752,NYK,92,,,,False
2007-2008,2008,0020700825,20080224/SACORL,Final,2008-02-25,00:00,1610612753,ORL,112,1610612758,SAC,93,,,,False
2007-2008,2008,0020700826,20080224/MEMCLE,Final,2008-02-25,00:00,1610612739,CLE,109,1610612763,MEM,89,,,,False
2007-2008,2008,0020700827,20080224/BOSPOR,Final,2008-02-25,00:00,1610612757,POR,102,1610612738,BOS,112,,,,False
2007-2008,2008,0020700828,20080224/DALMIN,Final,2008-02-25,00:30,1610612750,MIN,83,1610612742,DAL,99,,,,False
2007-2008,2008,0020700829,20080224/CHIHOU,Final,2008-02-25,02:00,1610612745,HOU,110,1610612741,CHI,97,,,,False
2007-2008,2008,0020700830,20080224/LALSEA,Final,2008-02-25,03:00,1610612760,SEA,91,1610612747,LAL,111,,,,False
2007-2008,2008,0020700831,20080225/TORIND,Final,2008-02-26,01:00,1610612754,IND,98,1610612761,TOR,102,,,,False
2007-2008,2008,0020700832,20080225/WASNOH,Final,2008-02-26,02:00,1610612740,NOH,92,1610612764,WAS,95,,,,False
2007-2008,2008,0020700833,20080225/CHIDAL,Final,2008-02-26,02:30,1610612742,DAL,102,1610612741,CHI,94,,,,False
2007-2008,2008,0020700834,20080225/ATLSAS,Final,2008-02-26,02:30,1610612759,SAS,89,1610612737,ATL,74,,,,False
2007-2008,2008,0020700835,20080225/DETDEN,Final,2008-02-26,03:00,1610612743,DEN,93,1610612765,DET,98,,,,False
2007-2008,2008,0020700836,20080225/BOSLAC,Final,2008-02-26,04:30,1610612746,LAC,76,1610612738,BOS,104,,,,False
2007-2008,2008,0020700837,20080226/ORLNJN,Final,2008-02-27,01:30,1610612751,NJN,92,1610612753,ORL,102,,,,False
2007-2008,2008,0020700838,20080226/SACMIA,Final,2008-02-27,01:30,1610612748,MIA,107,1610612758,SAC,86,,,,False
2007-2008,2008,0020700839,20080226/CLEMIL,Final,2008-02-27,02:00,1610612749,MIL,105,1610612739,CLE,102,,,,False
2007-2008,2008,0020700840,20080226/PHXMEM,Final,2008-02-27,02:00,1610612763,MEM,113,1610612756,PHX,127,,,,False
2007-2008,2008,0020700841,20080226/UTAMIN,Final,2008-02-27,02:00,1610612750,MIN,111,1610612762,UTA,100,,,,False
2007-2008,2008,0020700842,20080226/WASHOU,Final,2008-02-27,02:30,1610612745,HOU,94,1610612764,WAS,69,,,,False
2007-2008,2008,0020700843,20080226/PORLAL,Final,2008-02-27,04:30,1610612747,LAL,96,1610612757,POR,83,,,,False
2007-2008,2008,0020700844,20080226/SEAGSW,Final,2008-02-27,04:30,1610612744,GSW,105,1610612760,SEA,99,,,,False
2007-2008,2008,0020700845,20080227/MINTOR,Final,2008-02-28,01:00,1610612761,TOR,107,1610612750,MIN,85,,,,False
2007-2008,2008,0020700846,20080227/ORLPHI,Final,2008-02-28,01:00,1610612755,PHI,101,1610612753,ORL,89,,,,False
2007-2008,2008,0020700847,20080227/SACATL,Final,2008-02-28,01:00,1610612737,ATL,123,1610612758,SAC,117,,,,False
2007-2008,2008,0020700848,20080227/CHIIND,Final,2008-02-28,01:00,1610612754,IND,107,1610612741,CHI,113,,,,False
2007-2008,2008,0020700849,20080227/CLEBOS,Final,2008-02-28,01:30,1610612738,BOS,92,1610612739,CLE,87,,,,False
2007-2008,2008,0020700850,20080227/CHANYK,Final,2008-02-28,01:30,1610612752,NYK,113,1610612766,CHA,89,,,,False
2007-2008,2008,0020700851,20080227/PHXNOH,Final,2008-02-28,02:00,1610612740,NOH,120,1610612756,PHX,103,,,,False
2007-2008,2008,0020700852,20080227/DETUTA,Final,2008-02-28,03:00,1610612762,UTA,103,1610612765,DET,95,,,,False
2007-2008,2008,0020700853,20080227/DENSEA,Final,2008-02-28,04:00,1610612760,SEA,96,1610612743,DEN,138,,,,False
2007-2008,2008,0020700854,20080227/PORLAC,Final,2008-02-28,04:30,1610612746,LAC,80,1610612757,POR,82,,,,False
2007-2008,2008,0020700855,20080228/MILNJN,Final,2008-02-29,01:30,1610612751,NJN,120,1610612749,MIL,106,,,,False
2007-2008,2008,0020700856,20080228/DALSAS,Final,2008-02-29,02:00,1610612759,SAS,97,1610612742,DAL,94,,,,False
2007-2008,2008,0020700857,20080228/MIALAL,Final,2008-02-29,04:30,1610612747,LAL,106,1610612748,MIA,88,,,,False
2007-2008,2008,0020700858,20080229/INDTOR,Final,2008-03-01,01:00,1610612761,TOR,111,1610612754,IND,122,,,,False
2007-2008,2008,0020700859,20080229/CHABOS,Final,2008-03-01,01:30,1610612738,BOS,108,1610612766,CHA,100,,,,False
2007-2008,2008,0020700860,20080229/NYKATL,Final,2008-03-01,01:30,1610612737,ATL,99,1610612752,NYK,93,,,,False
2007-2008,2008,0020700861,20080229/MINCLE,Final,2008-03-01,01:30,1610612739,CLE,92,1610612750,MIN,84,,,,False
2007-2008,2008,0020700862,20080229/WASCHI,Final,2008-03-01,02:00,1610612741,CHI,91,1610612764,WAS,97,,,,False
2007-2008,2008,0020700863,20080229/UTANOH,Final,2008-03-01,02:00,1610612740,NOH,110,1610612762,UTA,98,,,,False
2007-2008,2008,0020700864,20080229/MEMHOU,Final,2008-03-01,02:30,1610612745,HOU,116,1610612763,MEM,95,,,,False
2007-2008,2008,0020700865,20080229/SACDAL,Final,2008-03-01,02:30,1610612742,DAL,115,1610612758,SAC,106,,,,False
2007-2008,2008,0020700866,20080229/LACDEN,Final,2008-03-01,04:30,1610612743,DEN,110,1610612746,LAC,104,,,,False
2007-2008,2008,0020700867,20080229/PHIGSW,Final,2008-03-01,04:30,1610612744,GSW,119,1610612755,PHI,97,,,,False
2007-2008,2008,0020700868,20080229/LALPOR,Final,2008-03-01,04:30,1610612757,POR,119,1610612747,LAL,111,,,,False
2007-2008,2008,0020700869,20080229/MIASEA,Final,2008-03-01,04:30,1610612760,SEA,93,1610612748,MIA,103,,,,False
2007-2008,2008,0020700870,20080301/NYKORL,Final,2008-03-02,01:00,1610612753,ORL,118,1610612752,NYK,92,,,,False
2007-2008,2008,0020700871,20080301/UTAMEM,Final,2008-03-02,02:00,1610612763,MEM,92,1610612762,UTA,113,,,,False
2007-2008,2008,0020700872,20080301/SASMIL,Final,2008-03-02,02:30,1610612749,MIL,94,1610612759,SAS,96,,,,False
2007-2008,2008,0020700873,20080301/PHIPHX,Final,2008-03-02,03:00,1610612756,PHX,114,1610612755,PHI,119,,,,False
2007-2008,2008,0020700874,20080301/DETLAC,Final,2008-03-02,04:30,1610612746,LAC,73,1610612765,DET,103,,,,False
2007-2008,2008,0020700875,20080302/CHICLE,Final,2008-03-02,19:00,1610612739,CLE,95,1610612741,CHI,86,,,,False
2007-2008,2008,0020700876,20080302/DALLAL,Final/OT,2008-03-02,21:30,1610612747,LAL,108,1610612742,DAL,104,,,,False
2007-2008,2008,0020700877,20080302/ATLBOS,Final,2008-03-03,00:00,1610612738,BOS,98,1610612737,ATL,88,,,,False
2007-2008,2008,0020700878,20080302/SASNJN,Final,2008-03-03,00:00,1610612751,NJN,83,1610612759,SAS,93,,,,False
2007-2008,2008,0020700879,20080302/NOHWAS,Final,2008-03-03,00:00,1610612764,WAS,101,1610612740,NOH,84,,,,False
2007-2008,2008,0020700880,20080302/TORCHA,Final,2008-03-03,00:00,1610612766,CHA,110,1610612761,TOR,98,,,,False
2007-2008,2008,0020700881,20080302/MILIND,Final,2008-03-03,00:00,1610612754,IND,128,1610612749,MIL,106,,,,False
2007-2008,2008,0020700882,20080302/SEAMIN,Final/OT,2008-03-03,00:30,1610612750,MIN,108,1610612760,SEA,111,,,,False
2007-2008,2008,0020700883,20080302/DENHOU,Final,2008-03-03,02:00,1610612745,HOU,103,1610612743,DEN,89,,,,False
2007-2008,2008,0020700884,20080302/PORGSW,Final,2008-03-03,03:00,1610612744,GSW,110,1610612757,POR,104,,,,False
2007-2008,2008,0020700885,20080302/MIASAC,Final,2008-03-03,03:00,1610612758,SAC,120,1610612748,MIA,109,,,,False
2007-2008,2008,0020700886,20080303/NOHNYK,Final,2008-03-04,01:30,1610612752,NYK,88,1610612740,NOH,100,,,,False
2007-2008,2008,0020700887,20080303/DALUTA,Final,2008-03-04,03:00,1610612762,UTA,116,1610612742,DAL,110,,,,False
2007-2008,2008,0020700888,20080303/PHILAC,Final,2008-03-04,04:30,1610612746,LAC,80,1610612755,PHI,106,,,,False
2007-2008,2008,0020700889,20080304/GSWATL,Final,2008-03-05,01:00,1610612737,ATL,118,1610612744,GSW,135,,,,False
2007-2008,2008,0020700890,20080304/TORORL,Final,2008-03-05,01:00,1610612753,ORL,102,1610612761,TOR,87,,,,False
2007-2008,2008,0020700891,20080304/SEADET,Final,2008-03-05,01:30,1610612765,DET,100,1610612760,SEA,97,,,,False
2007-2008,2008,0020700892,20080304/CHAMIN,Final,2008-03-05,02:00,1610612750,MIN,89,1610612766,CHA,109,,,,False
2007-2008,2008,0020700893,20080304/MEMCHI,Final,2008-03-05,02:30,1610612741,CHI,112,1610612763,MEM,97,,,,False
2007-2008,2008,0020700894,20080304/NJNSAS,Final,2008-03-05,02:30,1610612759,SAS,81,1610612751,NJN,70,,,,False
2007-2008,2008,0020700895,20080304/LALSAC,Final,2008-03-05,04:00,1610612758,SAC,105,1610612747,LAL,117,,,,False
2007-2008,2008,0020700896,20080304/PHXPOR,Final,2008-03-05,04:00,1610612757,POR,92,1610612756,PHX,97,,,,False
2007-2008,2008,0020700897,20080305/ORLWAS,Final,2008-03-06,01:00,1610612764,WAS,92,1610612753,ORL,122,,,,False
2007-2008,2008,0020700898,20080305/GSWCHA,Final,2008-03-06,01:00,1610612766,CHA,118,1610612744,GSW,109,,,,False
2007-2008,2008,0020700899,20080305/DETBOS,Final,2008-03-06,01:30,1610612738,BOS,90,1610612765,DET,78,,,,False
2007-2008,2008,0020700900,20080305/CLENYK,Final,2008-03-06,01:30,1610612752,NYK,105,1610612739,CLE,119,,,,False
2007-2008,2008,0020700901,20080305/TORMIA,Final,2008-03-06,01:30,1610612748,MIA,83,1610612761,TOR,108,,,,False
2007-2008,2008,0020700902,20080305/SEAMIL,Final,2008-03-06,02:00,1610612749,MIL,118,1610612760,SEA,106,,,,False
2007-2008,2008,0020700903,20080305/NJNMEM,Final,2008-03-06,02:00,1610612763,MEM,100,1610612751,NJN,93,,,,False
2007-2008,2008,0020700904,20080305/ATLNOH,Final,2008-03-06,02:00,1610612740,NOH,116,1610612737,ATL,101,,,,False
2007-2008,2008,0020700905,20080305/INDHOU,Final,2008-03-06,02:30,1610612745,HOU,117,1610612754,IND,99,,,,False
2007-2008,2008,0020700906,20080305/PHXDEN,Final,2008-03-06,03:00,1610612743,DEN,126,1610612756,PHX,113,,,,False
2007-2008,2008,0020700907,20080305/MINUTA,Final,2008-03-06,03:00,1610612762,UTA,105,1610612750,MIN,76,,,,False
2007-2008,2008,0020700908,20080305/SACLAC,Final/OT2,2008-03-06,04:30,1610612746,LAC,116,1610612758,SAC,109,,,,False
2007-2008,2008,0020700909,20080306/CLECHI,Final,2008-03-07,01:00,1610612741,CHI,107,1610612739,CLE,96,,,,False
2007-2008,2008,0020700910,20080306/INDSAS,Final,2008-03-07,02:00,1610612759,SAS,108,1610612754,IND,97,,,,False
2007-2008,2008,0020700911,20080306/HOUDAL,Final,2008-03-07,03:30,1610612742,DAL,98,1610612745,HOU,113,,,,False
2007-2008,2008,0020700912,20080307/WASTOR,Final/OT,2008-03-08,01:00,1610612761,TOR,106,1610612764,WAS,110,,,,False
2007-2008,2008,0020700913,20080307/SEAPHI,Final,2008-03-08,01:00,1610612755,PHI,117,1610612760,SEA,83,,,,False
2007-2008,2008,0020700914,20080307/ATLCHA,Final,2008-03-08,01:00,1610612766,CHA,108,1610612737,ATL,93,,,,False
2007-2008,2008,0020700915,20080307/DETNYK,Final,2008-03-08,01:30,1610612752,NYK,97,1610612765,DET,101,,,,False
2007-2008,2008,0020700916,20080307/GSWMIA,Final,2008-03-08,01:30,1610612748,MIA,99,1610612744,GSW,134,,,,False
2007-2008,2008,0020700917,20080307/CHIBOS,Final,2008-03-08,02:00,1610612738,BOS,116,1610612741,CHI,93,,,,False
2007-2008,2008,0020700918,20080307/NJNNOH,Final,2008-03-08,02:00,1610612740,NOH,107,1610612751,NJN,96,,,,False
2007-2008,2008,0020700919,20080307/PORMIL,Final,2008-03-08,02:30,1610612749,MIL,101,1610612757,POR,103,,,,False
2007-2008,2008,0020700920,20080307/UTAPHX,Final,2008-03-08,03:00,1610612756,PHX,118,1610612762,UTA,126,,,,False
2007-2008,2008,0020700921,20080307/MINSAC,Final,2008-03-08,04:00,1610612758,SAC,103,1610612750,MIN,111,,,,False
2007-2008,2008,0020700922,20080307/SASDEN,Final,2008-03-08,04:30,1610612743,DEN,109,1610612759,SAS,96,,,,False
2007-2008,2008,0020700923,20080307/LACLAL,Final,2008-03-08,04:30,1610612747,LAL,119,1610612746,LAC,82,,,,False
2007-2008,2008,0020700924,20080308/INDCLE,Final,2008-03-08,19:00,1610612739,CLE,103,1610612754,IND,95,,,,False
2007-2008,2008,0020700925,20080308/CHAWAS,Final,2008-03-09,01:00,1610612764,WAS,97,1610612766,CHA,100,,,,False
2007-2008,2008,0020700926,20080308/MIAATL,Final,2008-03-09,01:00,1610612737,ATL,97,1610612748,MIA,94,,,,False
2007-2008,2008,0020700927,20080308/GSWORL,Final,2008-03-09,01:00,1610612753,ORL,95,1610612744,GSW,104,,,,False
2007-2008,2008,0020700928,20080308/PORNYK,Final/OT,2008-03-09,01:30,1610612752,NYK,114,1610612757,POR,120,,,,False
2007-2008,2008,0020700929,20080308/BOSMEM,Final,2008-03-09,02:00,1610612763,MEM,89,1610612738,BOS,119,,,,False
2007-2008,2008,0020700930,20080308/NOHHOU,Final,2008-03-09,02:30,1610612745,HOU,106,1610612740,NOH,96,,,,False
2007-2008,2008,0020700931,20080308/NJNDAL,Final,2008-03-09,02:30,1610612742,DAL,111,1610612751,NJN,91,,,,False
2007-2008,2008,0020700932,20080308/DENUTA,Final,2008-03-09,03:00,1610612762,UTA,132,1610612743,DEN,105,,,,False
2007-2008,2008,0020700933,20080308/MINLAC,Final,2008-03-09,04:30,1610612746,LAC,96,1610612750,MIN,99,,,,False
2007-2008,2008,0020700934,20080309/SEATOR,Final,2008-03-09,18:00,1610612761,TOR,114,1610612760,SEA,106,,,,False
2007-2008,2008,0020700935,20080309/PHIMIL,Final,2008-03-09,18:00,1610612749,MIL,97,1610612755,PHI,119,,,,False
2007-2008,2008,0020700936,20080309/SASPHX,Final,2008-03-09,20:30,1610612756,PHX,94,1610612759,SAS,87,,,,False
2007-2008,2008,0020700937,20080309/CHIDET,Final,2008-03-10,01:00,1610612765,DET,116,1610612741,CHI,109,,,,False
2007-2008,2008,0020700938,20080309/SACLAL,Final,2008-03-10,02:30,1610612747,LAL,113,1610612758,SAC,114,,,,False
2007-2008,2008,0020700939,20080310/BOSPHI,Final,2008-03-11,00:00,1610612755,PHI,86,1610612738,BOS,100,,,,False
2007-2008,2008,0020700940,20080310/ATLORL,Final,2008-03-11,00:00,1610612753,ORL,123,1610612737,ATL,112,,,,False
2007-2008,2008,0020700941,20080310/PORCLE,Final,2008-03-11,00:00,1610612739,CLE,88,1610612757,POR,80,,,,False
2007-2008,2008,0020700942,20080310/LACMIA,Final,2008-03-11,00:30,1610612748,MIA,98,1610612746,LAC,99,,,,False
2007-2008,2008,0020700943,20080310/NJNHOU,Final,2008-03-11,01:30,1610612745,HOU,91,1610612751,NJN,73,,,,False
2007-2008,2008,0020700944,20080310/NYKDAL,Final,2008-03-11,01:30,1610612742,DAL,108,1610612752,NYK,79,,,,False
2007-2008,2008,0020700945,20080310/DENSAS,Final,2008-03-11,01:30,1610612759,SAS,107,1610612743,DEN,103,,,,False
2007-2008,2008,0020700946,20080311/MILWAS,Final,2008-03-12,00:00,1610612764,WAS,105,1610612749,MIL,97,,,,False
2007-2008,2008,0020700947,20080311/SEAIND,Final,2008-03-12,00:00,1610612754,IND,114,1610612760,SEA,107,,,,False
2007-2008,2008,0020700948,20080311/PORMIN,Final,2008-03-12,01:00,1610612750,MIN,96,1610612757,POR,103,,,,False
2007-2008,2008,0020700949,20080311/UTACHI,Final,2008-03-12,01:30,1610612741,CHI,108,1610612762,UTA,96,,,,False
2007-2008,2008,0020700950,20080311/MEMPHX,Final,2008-03-12,03:00,1610612756,PHX,132,1610612763,MEM,111,,,,False
2007-2008,2008,0020700951,20080311/TORLAL,Final,2008-03-12,03:30,1610612747,LAL,117,1610612761,TOR,108,,,,False
2007-2008,2008,0020700952,20080312/HOUATL,Final,2008-03-13,00:00,1610612737,ATL,75,1610612745,HOU,83,,,,False
2007-2008,2008,0020700953,20080312/LACORL,Final,2008-03-13,00:00,1610612753,ORL,110,1610612746,LAC,88,,,,False
2007-2008,2008,0020700954,20080312/SEABOS,Final,2008-03-13,00:30,1610612738,BOS,111,1610612760,SEA,82,,,,False
2007-2008,2008,0020700955,20080312/CLENJN,Final,2008-03-13,00:30,1610612751,NJN,104,1610612739,CLE,99,,,,False
2007-2008,2008,0020700956,20080312/NYKMIA,Final,2008-03-13,00:30,1610612748,MIA,88,1610612752,NYK,91,,,,False
2007-2008,2008,0020700957,20080312/PHIDET,Final,2008-03-13,00:30,1610612765,DET,82,1610612755,PHI,83,,,,False
2007-2008,2008,0020700958,20080312/UTAMIL,Final,2008-03-13,01:00,1610612749,MIL,110,1610612762,UTA,114,,,,False
2007-2008,2008,0020700959,20080312/SASNOH,Final,2008-03-13,01:00,1610612740,NOH,100,1610612759,SAS,75,,,,False
2007-2008,2008,0020700960,20080312/CHADAL,Final,2008-03-13,01:30,1610612742,DAL,118,1610612766,CHA,93,,,,False
2007-2008,2008,0020700961,20080312/MEMDEN,Final,2008-03-13,02:00,1610612743,DEN,108,1610612763,MEM,86,,,,False
2007-2008,2008,0020700962,20080312/TORGSW,Final,2008-03-13,03:30,1610612744,GSW,117,1610612761,TOR,106,,,,False
2007-2008,2008,0020700963,20080313/CLEWAS,Final,2008-03-14,01:00,1610612764,WAS,101,1610612739,CLE,99,,,,False
2007-2008,2008,0020700964,20080313/PORSAC,Final,2008-03-14,03:00,1610612758,SAC,96,1610612757,POR,85,,,,False
2007-2008,2008,0020700965,20080313/GSWPHX,Final,2008-03-14,03:30,1610612756,PHX,123,1610612744,GSW,115,,,,False
2007-2008,2008,0020700966,20080314/UTABOS,Final,2008-03-15,00:30,1610612738,BOS,92,1610612762,UTA,110,,,,False
2007-2008,2008,0020700967,20080314/LACATL,Final,2008-03-15,00:30,1610612737,ATL,117,1610612746,LAC,93,,,,False
2007-2008,2008,0020700968,20080314/ORLMIA,Final,2008-03-15,00:30,1610612748,MIA,94,1610612753,ORL,103,,,,False
2007-2008,2008,0020700969,20080314/SASDET,Final,2008-03-15,01:00,1610612765,DET,84,1610612759,SAS,80,,,,False
2007-2008,2008,0020700970,20080314/LALNOH,Final,2008-03-15,01:00,1610612740,NOH,108,1610612747,LAL,98,,,,False
2007-2008,2008,0020700971,20080314/PHICHI,Final,2008-03-15,01:30,1610612741,CHI,106,1610612755,PHI,110,,,,False
2007-2008,2008,0020700972,20080314/CHAHOU,Final,2008-03-15,01:30,1610612745,HOU,89,1610612766,CHA,80,,,,False
2007-2008,2008,0020700973,20080314/INDDAL,Final,2008-03-15,01:30,1610612742,DAL,116,1610612754,IND,97,,,,False
2007-2008,2008,0020700974,20080314/TORDEN,Final,2008-03-15,02:00,1610612743,DEN,137,1610612761,TOR,105,,,,False
2007-2008,2008,0020700975,20080314/MINSEA,Final,2008-03-15,03:30,1610612760,SEA,116,1610612750,MIN,121,,,,False
2007-2008,2008,0020700976,20080315/SASPHI,Final,2008-03-16,00:00,1610612755,PHI,103,1610612759,SAS,96,,,,False
2007-2008,2008,0020700977,20080315/LACWAS,Final/OT,2008-03-16,00:00,1610612764,WAS,119,1610612746,LAC,109,,,,False
2007-2008,2008,0020700978,20080315/INDORL,Final,2008-03-16,00:00,1610612753,ORL,122,1610612754,IND,111,,,,False
2007-2008,2008,0020700979,20080315/UTANJN,Final,2008-03-16,00:30,1610612751,NJN,117,1610612762,UTA,115,,,,False
2007-2008,2008,0020700980,20080315/BOSMIL,Final,2008-03-16,01:30,1610612749,MIL,77,1610612738,BOS,99,,,,False
2007-2008,2008,0020700981,20080315/SACPHX,Final,2008-03-16,03:00,1610612756,PHX,127,1610612758,SAC,99,,,,False
2007-2008,2008,0020700982,20080315/MINPOR,Final,2008-03-16,03:00,1610612757,POR,107,1610612750,MIN,96,,,,False
2007-2008,2008,0020700983,20080315/MEMGSW,Final,2008-03-16,03:30,1610612744,GSW,110,1610612763,MEM,107,,,,False
2007-2008,2008,0020700988,20080316/LALHOU,Final,2008-03-16,20:30,1610612745,HOU,104,1610612747,LAL,92,,,,False
2007-2008,2008,0020700984,20080316/DALMIA,Final,2008-03-16,23:00,1610612748,MIA,73,1610612742,DAL,98,,,,False
2007-2008,2008,0020700985,20080316/ATLNYK,Final,2008-03-16,23:00,1610612752,NYK,98,1610612737,ATL,109,,,,False
2007-2008,2008,0020700987,20080316/CHACLE,Final,2008-03-16,23:00,1610612739,CLE,98,1610612766,CHA,91,,,,False
2007-2008,2008,0020700989,20080316/SEADEN,Final,2008-03-17,02:00,1610612743,DEN,168,1610612760,SEA,116,,,,False
2007-2008,2008,0020700990,20080316/TORSAC,Final,2008-03-17,02:00,1610612758,SAC,106,1610612761,TOR,100,,,,False
2007-2008,2008,0020700986,20080316/NOHDET,Final,2008-03-16,18:00,1610612765,DET,105,1610612740,NOH,84,,,,False
2007-2008,2008,0020700991,20080317/ATLWAS,Final,2008-03-18,00:00,1610612764,WAS,96,1610612737,ATL,105,,,,False
2007-2008,2008,0020700992,20080317/CLEORL,Final,2008-03-18,00:00,1610612753,ORL,104,1610612739,CLE,90,,,,False
2007-2008,2008,0020700993,20080317/NYKIND,Final,2008-03-18,00:00,1610612754,IND,110,1610612752,NYK,98,,,,False
2007-2008,2008,0020700994,20080317/CHAMEM,Final,2008-03-18,01:00,1610612763,MEM,98,1610612766,CHA,80,,,,False
2007-2008,2008,0020700995,20080317/CHINOH,Final,2008-03-18,01:00,1610612740,NOH,108,1610612741,CHI,97,,,,False
2007-2008,2008,0020700996,20080317/LACMIN,Final,2008-03-18,01:00,1610612750,MIN,99,1610612746,LAC,90,,,,False
2007-2008,2008,0020700997,20080317/BOSSAS,Final,2008-03-18,01:30,1610612759,SAS,91,1610612738,BOS,93,,,,False
2007-2008,2008,0020700998,20080317/TORUTA,Final,2008-03-18,02:00,1610612762,UTA,96,1610612761,TOR,79,,,,False
2007-2008,2008,0020700999,20080318/DENDET,Final,2008-03-19,00:30,1610612765,DET,136,1610612743,DEN,120,,,,False
2007-2008,2008,0020701000,20080318/MIAMIL,Final,2008-03-19,01:00,1610612749,MIL,106,1610612748,MIA,112,,,,False
2007-2008,2008,0020701001,20080318/NJNCHI,Final,2008-03-19,01:30,1610612741,CHI,112,1610612751,NJN,96,,,,False
2007-2008,2008,0020701003,20080318/LALDAL,Final,2008-03-19,01:30,1610612742,DAL,100,1610612747,LAL,102,,,,False
2007-2008,2008,0020701002,20080318/BOSHOU,Final,2008-03-19,02:30,1610612745,HOU,74,1610612738,BOS,94,,,,False
2007-2008,2008,0020701004,20080318/GSWSAC,Final,2008-03-19,03:00,1610612758,SAC,122,1610612744,GSW,105,,,,False
2007-2008,2008,0020701005,20080318/PHXPOR,Final,2008-03-19,03:30,1610612757,POR,98,1610612756,PHX,111,,,,False
2007-2008,2008,0020701006,20080319/MIATOR,Final,2008-03-20,00:00,1610612761,TOR,96,1610612748,MIA,54,,,,False
2007-2008,2008,0020701007,20080319/DENPHI,Final,2008-03-20,00:00,1610612755,PHI,115,1610612743,DEN,113,,,,False
2007-2008,2008,0020701008,20080319/WASORL,Final,2008-03-20,00:00,1610612753,ORL,86,1610612764,WAS,87,,,,False
2007-2008,2008,0020701009,20080319/CHAIND,Final,2008-03-20,00:00,1610612754,IND,102,1610612766,CHA,95,,,,False
2007-2008,2008,0020701010,20080319/ATLNJN,Final,2008-03-20,00:30,1610612751,NJN,125,1610612737,ATL,117,,,,False
2007-2008,2008,0020701011,20080319/DETCLE,Final,2008-03-20,01:00,1610612739,CLE,89,1610612765,DET,73,,,,False
2007-2008,2008,0020701012,20080319/HOUNOH,Final,2008-03-20,01:00,1610612740,NOH,90,1610612745,HOU,69,,,,False
2007-2008,2008,0020701013,20080319/MEMMIN,Final,2008-03-20,01:00,1610612750,MIN,98,1610612763,MEM,94,,,,False
2007-2008,2008,0020701014,20080319/PHXSEA,Final,2008-03-20,03:00,1610612760,SEA,98,1610612756,PHX,110,,,,False
2007-2008,2008,0020701015,20080319/GSWLAC,Final,2008-03-20,03:30,1610612746,LAC,100,1610612744,GSW,116,,,,False
2007-2008,2008,0020701016,20080320/SASCHI,Final,2008-03-21,01:00,1610612741,CHI,80,1610612759,SAS,102,,,,False
2007-2008,2008,0020701017,20080320/BOSDAL,Final,2008-03-21,01:00,1610612742,DAL,90,1610612738,BOS,94,,,,False
2007-2008,2008,0020701018,20080320/LALUTA,Final,2008-03-21,03:30,1610612762,UTA,95,1610612747,LAL,106,,,,False
2007-2008,2008,0020701019,20080321/PHIORL,Final,2008-03-22,00:00,1610612753,ORL,113,1610612755,PHI,95,,,,False
2007-2008,2008,0020701020,20080321/MININD,Final,2008-03-22,00:00,1610612754,IND,124,1610612750,MIN,113,,,,False
2007-2008,2008,0020701021,20080321/DENNJN,Final,2008-03-22,00:30,1610612751,NJN,114,1610612743,DEN,125,,,,False
2007-2008,2008,0020701022,20080321/MEMNYK,Final,2008-03-22,00:30,1610612752,NYK,106,1610612763,MEM,120,,,,False
2007-2008,2008,0020701023,20080321/WASMIA,Final,2008-03-22,00:30,1610612748,MIA,86,1610612764,WAS,103,,,,False
2007-2008,2008,0020701024,20080321/TORCLE,Final,2008-03-22,00:30,1610612739,CLE,90,1610612761,TOR,83,,,,False
2007-2008,2008,0020701025,20080321/SACSAS,Final,2008-03-22,01:30,1610612759,SAS,102,1610612758,SAC,89,,,,False
2007-2008,2008,0020701026,20080321/LACPOR,Final,2008-03-22,03:00,1610612757,POR,107,1610612746,LAC,102,,,,False
2007-2008,2008,0020701027,20080321/SEALAL,Final,2008-03-22,03:30,1610612747,LAL,130,1610612760,SEA,105,,,,False
2007-2008,2008,0020701028,20080321/HOUGSW,Final,2008-03-22,03:30,1610612744,GSW,106,1610612745,HOU,109,,,,False
2007-2008,2008,0020701029,20080322/NJNPHI,Final,2008-03-23,00:00,1610612755,PHI,91,1610612751,NJN,87,,,,False
2007-2008,2008,0020701030,20080322/MIACHA,Final,2008-03-23,00:00,1610612766,CHA,94,1610612748,MIA,82,,,,False
2007-2008,2008,0020701031,20080322/ORLATL,Final,2008-03-23,00:00,1610612737,ATL,98,1610612753,ORL,90,,,,False
2007-2008,2008,0020701032,20080322/SACMEM,Final,2008-03-23,01:00,1610612763,MEM,117,1610612758,SAC,111,,,,False
2007-2008,2008,0020701033,20080322/BOSNOH,Final,2008-03-23,01:00,1610612740,NOH,113,1610612738,BOS,106,,,,False
2007-2008,2008,0020701034,20080322/NYKMIN,Final,2008-03-23,01:00,1610612750,MIN,114,1610612752,NYK,93,,,,False
2007-2008,2008,0020701035,20080322/INDCHI,Final,2008-03-23,01:30,1610612741,CHI,101,1610612754,IND,108,,,,False
2007-2008,2008,0020701036,20080322/CLEMIL,Final,2008-03-23,01:30,1610612749,MIL,108,1610612739,CLE,98,,,,False
2007-2008,2008,0020701037,20080322/SEAUTA,Final,2008-03-23,02:00,1610612762,UTA,115,1610612760,SEA,101,,,,False
2007-2008,2008,0020701038,20080322/HOUPHX,Final,2008-03-23,03:00,1610612756,PHX,122,1610612745,HOU,113,,,,False
2007-2008,2008,0020701039,20080322/PORLAC,Final,2008-03-23,03:30,1610612746,LAC,72,1610612757,POR,83,,,,False
2007-2008,2008,0020701041,20080323/DENTOR,Final,2008-03-23,20:30,1610612761,TOR,100,1610612743,DEN,109,,,,False
2007-2008,2008,0020701042,20080323/DETWAS,Final,2008-03-24,01:00,1610612764,WAS,95,1610612765,DET,83,,,,False
2007-2008,2008,0020701043,20080323/GSWLAL,Final,2008-03-24,02:30,1610612747,LAL,111,1610612744,GSW,115,,,,False
2007-2008,2008,0020701040,20080323/SASDAL,Final,2008-03-23,18:00,1610612742,DAL,81,1610612759,SAS,88,,,,False
2007-2008,2008,0020701044,20080324/PHIBOS,Final,2008-03-25,00:30,1610612738,BOS,90,1610612755,PHI,95,,,,False
2007-2008,2008,0020701045,20080324/NJNNYK,Final,2008-03-25,00:30,1610612752,NYK,91,1610612751,NJN,106,,,,False
2007-2008,2008,0020701046,20080324/MILMIA,Final,2008-03-25,00:30,1610612748,MIA,78,1610612749,MIL,73,,,,False
2007-2008,2008,0020701047,20080324/PHXDET,Final/OT,2008-03-25,00:30,1610612765,DET,110,1610612756,PHX,105,,,,False
2007-2008,2008,0020701048,20080324/DENMEM,Final,2008-03-25,01:00,1610612763,MEM,106,1610612743,DEN,120,,,,False
2007-2008,2008,0020701049,20080324/SACHOU,Final,2008-03-25,01:30,1610612745,HOU,108,1610612758,SAC,100,,,,False
2007-2008,2008,0020701050,20080324/PORSEA,Final,2008-03-25,03:00,1610612760,SEA,97,1610612757,POR,84,,,,False
2007-2008,2008,0020701051,20080324/LALGSW,Final/OT,2008-03-25,03:30,1610612744,GSW,119,1610612747,LAL,123,,,,False
2007-2008,2008,0020701056,20080325/CHAUTA,Final,2008-03-26,02:00,1610612762,UTA,128,1610612766,CHA,106,,,,False
2007-2008,2008,0020701052,20080325/SASORL,Final,2008-03-26,00:00,1610612753,ORL,97,1610612759,SAS,107,,,,False
2007-2008,2008,0020701053,20080325/NOHIND,Final,2008-03-26,00:00,1610612754,IND,106,1610612740,NOH,114,,,,False
2007-2008,2008,0020701054,20080325/ATLCHI,Final,2008-03-26,01:30,1610612741,CHI,103,1610612737,ATL,94,,,,False
2007-2008,2008,0020701055,20080325/LACDAL,Final,2008-03-26,01:30,1610612742,DAL,103,1610612746,LAC,90,,,,False
2007-2008,2008,0020701057,20080325/WASPOR,Final,2008-03-26,03:00,1610612757,POR,102,1610612764,WAS,82,,,,False
2007-2008,2008,0020701069,20080326/CHALAL,Final,2008-03-27,03:30,1610612747,LAL,95,1610612766,CHA,108,,,,False
2007-2008,2008,0020701068,20080326/WASSEA,Final,2008-03-27,03:00,1610612760,SEA,99,1610612764,WAS,104,,,,False
2007-2008,2008,0020701058,20080326/DETTOR,Final,2008-03-27,00:00,1610612761,TOR,89,1610612765,DET,82,,,,False
2007-2008,2008,0020701059,20080326/MIANYK,Final/OT,2008-03-27,00:30,1610612752,NYK,103,1610612748,MIA,96,,,,False
2007-2008,2008,0020701060,20080326/CHIPHI,Final,2008-03-27,00:00,1610612755,PHI,121,1610612741,CHI,99,,,,False
2007-2008,2008,0020701061,20080326/MILATL,Final,2008-03-27,00:00,1610612737,ATL,115,1610612749,MIL,96,,,,False
2007-2008,2008,0020701062,20080326/NOHCLE,Final,2008-03-27,00:00,1610612739,CLE,99,1610612740,NOH,100,,,,False
2007-2008,2008,0020701063,20080326/PHXBOS,Final,2008-03-27,00:00,1610612738,BOS,117,1610612756,PHX,97,,,,False
2007-2008,2008,0020701064,20080326/INDNJN,Final,2008-03-27,00:30,1610612751,NJN,124,1610612754,IND,117,,,,False
2007-2008,2008,0020701065,20080326/MINHOU,Final,2008-03-27,01:30,1610612745,HOU,97,1610612750,MIN,86,,,,False
2007-2008,2008,0020701066,20080326/LACSAS,Final,2008-03-27,01:30,1610612759,SAS,97,1610612746,LAC,88,,,,False
2007-2008,2008,0020701067,20080326/MEMSAC,Final/OT,2008-03-27,03:00,1610612758,SAC,107,1610612763,MEM,106,,,,False
2007-2008,2008,0020701072,20080327/PORGSW,Final,2008-03-28,03:30,1610612744,GSW,111,1610612757,POR,95,,,,False
2007-2008,2008,0020701070,20080327/MIADET,Final,2008-03-28,01:00,1610612765,DET,85,1610612748,MIA,69,,,,False
2007-2008,2008,0020701071,20080327/DALDEN,Final,2008-03-28,01:00,1610612743,DEN,118,1610612742,DAL,105,,,,False
2007-2008,2008,0020701082,20080328/MEMLAL,Final,2008-03-29,03:30,1610612747,LAL,111,1610612763,MEM,114,,,,False
2007-2008,2008,0020701083,20080328/CHASEA,Final,2008-03-29,03:30,1610612760,SEA,93,1610612766,CHA,96,,,,False
2007-2008,2008,0020701081,20080328/WASSAC,Final,2008-03-29,03:00,1610612758,SAC,108,1610612764,WAS,114,,,,False
2007-2008,2008,0020701078,20080328/ORLMIL,Final,2008-03-29,01:30,1610612749,MIL,86,1610612753,ORL,103,,,,False
2007-2008,2008,0020701080,20080328/LACUTA,Final,2008-03-29,02:00,1610612762,UTA,121,1610612746,LAC,101,,,,False
2007-2008,2008,0020701073,20080328/NYKTOR,Final,2008-03-29,00:00,1610612761,TOR,103,1610612752,NYK,95,,,,False
2007-2008,2008,0020701074,20080328/PHXPHI,Final,2008-03-29,00:00,1610612755,PHI,93,1610612756,PHX,107,,,,False
2007-2008,2008,0020701075,20080328/NJNIND,Final,2008-03-29,00:00,1610612754,IND,123,1610612751,NJN,115,,,,False
2007-2008,2008,0020701076,20080328/NOHBOS,Final,2008-03-29,00:30,1610612738,BOS,112,1610612740,NOH,92,,,,False
2007-2008,2008,0020701077,20080328/CHIATL,Final,2008-03-29,00:30,1610612737,ATL,106,1610612741,CHI,103,,,,False
2007-2008,2008,0020701079,20080328/MINSAS,Final,2008-03-29,01:30,1610612759,SAS,99,1610612750,MIN,84,,,,False
2007-2008,2008,0020701087,20080329/GSWDEN,Final,2008-03-30,03:00,1610612743,DEN,119,1610612744,GSW,112,,,,False
2007-2008,2008,0020701089,20080329/MEMLAC,Final,2008-03-30,04:30,1610612746,LAC,110,1610612763,MEM,97,,,,False
2007-2008,2008,0020701084,20080329/PHXNJN,Final,2008-03-30,00:30,1610612751,NJN,104,1610612756,PHX,110,,,,False
2007-2008,2008,0020701085,20080329/CLEDET,Final,2008-03-30,00:30,1610612765,DET,85,1610612739,CLE,71,,,,False
2007-2008,2008,0020701086,20080329/MILCHI,Final,2008-03-30,01:30,1610612741,CHI,114,1610612749,MIL,111,,,,False
2007-2008,2008,0020701088,20080329/CHAPOR,Final,2008-03-30,04:00,1610612757,POR,85,1610612766,CHA,93,,,,False
2007-2008,2008,0020701096,20080330/DALGSW,Final,2008-03-31,03:00,1610612744,GSW,114,1610612742,DAL,104,,,,False
2007-2008,2008,0020701097,20080330/SACSEA,Final,2008-03-31,03:00,1610612760,SEA,107,1610612758,SAC,120,,,,False
2007-2008,2008,0020701098,20080330/WASLAL,Final/OT,2008-03-31,03:30,1610612747,LAL,126,1610612764,WAS,120,,,,False
2007-2008,2008,0020701090,20080330/HOUSAS,Final,2008-03-30,19:00,1610612759,SAS,109,1610612745,HOU,88,,,,False
2007-2008,2008,0020701091,20080330/UTAMIN,Final,2008-03-30,21:30,1610612750,MIN,110,1610612762,UTA,103,,,,False
2007-2008,2008,0020701092,20080330/NYKATL,Final,2008-03-30,22:00,1610612737,ATL,114,1610612752,NYK,109,,,,False
2007-2008,2008,0020701093,20080330/MIABOS,Final,2008-03-31,00:00,1610612738,BOS,88,1610612748,MIA,62,,,,False
2007-2008,2008,0020701094,20080330/NOHTOR,Final,2008-03-31,00:00,1610612761,TOR,111,1610612740,NOH,118,,,,False
2007-2008,2008,0020701095,20080330/PHICLE,Final,2008-03-31,00:00,1610612739,CLE,91,1610612755,PHI,88,,,,False
2007-2008,2008,0020701102,20080331/WASUTA,Final,2008-04-01,03:00,1610612762,UTA,129,1610612764,WAS,87,,,,False
2007-2008,2008,0020701104,20080331/DALLAC,Final,2008-04-01,04:30,1610612746,LAC,86,1610612742,DAL,93,,,,False
2007-2008,2008,0020701099,20080331/TORCHA,Final,2008-04-01,01:00,1610612766,CHA,100,1610612761,TOR,104,,,,False
2007-2008,2008,0020701100,20080331/MIAIND,Final,2008-04-01,01:00,1610612754,IND,105,1610612748,MIA,85,,,,False
2007-2008,2008,0020701101,20080331/ATLMEM,Final,2008-04-01,02:00,1610612763,MEM,99,1610612737,ATL,116,,,,False
2007-2008,2008,0020701103,20080331/DENPHX,Final,2008-04-01,04:00,1610612756,PHX,132,1610612743,DEN,117,,,,False
2007-2008,2008,0020701111,20080401/PHXDEN,Final,2008-04-02,03:00,1610612743,DEN,126,1610612756,PHX,120,,,,False
2007-2008,2008,0020701105,20080401/NOHORL,Final,2008-04-02,01:00,1610612753,ORL,97,1610612740,NOH,98,,,,False
2007-2008,2008,0020701106,20080401/PHINJN,Final,2008-04-02,01:30,1610612751,NJN,99,1610612755,PHI,108,,,,False
2007-2008,2008,0020701107,20080401/NYKMIL,Final/OT,2008-04-02,02:00,1610612749,MIL,119,1610612752,NYK,115,,,,False
2007-2008,2008,0020701108,20080401/DETMIN,Final,2008-04-02,02:00,1610612750,MIN,90,1610612765,DET,94,,,,False
2007-2008,2008,0020701109,20080401/BOSCHI,Final,2008-04-02,02:30,1610612741,CHI,92,1610612738,BOS,106,,,,False
2007-2008,2008,0020701110,20080401/GSWSAS,Final,2008-04-02,02:30,1610612759,SAS,116,1610612744,GSW,92,,,,False
2007-2008,2008,0020701112,20080401/HOUSAC,Final,2008-04-02,04:00,1610612758,SAC,99,1610612745,HOU,98,,,,False
2007-2008,2008,0020701122,20080402/PORLAL,Final,2008-04-03,04:30,1610612747,LAL,104,1610612757,POR,91,,,,False
2007-2008,2008,0020701120,20080402/GSWDAL,Final,2008-04-03,03:30,1610612742,DAL,111,1610612744,GSW,86,,,,False
2007-2008,2008,0020701119,20080402/MINUTA,Final,2008-04-03,03:00,1610612762,UTA,117,1610612750,MIN,100,,,,False
2007-2008,2008,0020701113,20080402/MILWAS,Final,2008-04-03,01:00,1610612764,WAS,109,1610612749,MIL,110,,,,False
2007-2008,2008,0020701114,20080402/CLECHA,Final,2008-04-03,01:00,1610612766,CHA,114,1610612739,CLE,118,,,,False
2007-2008,2008,0020701115,20080402/TORATL,Final/OT,2008-04-03,01:00,1610612737,ATL,127,1610612761,TOR,120,,,,False
2007-2008,2008,0020701116,20080402/INDBOS,Final,2008-04-03,01:00,1610612738,BOS,92,1610612754,IND,77,,,,False
2007-2008,2008,0020701117,20080402/NOHMIA,Final,2008-04-03,01:30,1610612748,MIA,77,1610612740,NOH,106,,,,False
2007-2008,2008,0020701118,20080402/NYKMEM,Final,2008-04-03,02:00,1610612763,MEM,130,1610612752,NYK,114,,,,False
2007-2008,2008,0020701121,20080402/LACSEA,Final,2008-04-03,04:00,1610612760,SEA,84,1610612746,LAC,102,,,,False
2007-2008,2008,0020701125,20080403/HOUPOR,Final,2008-04-04,04:30,1610612757,POR,86,1610612745,HOU,95,,,,False
2007-2008,2008,0020701123,20080403/CHICLE,Final,2008-04-04,02:00,1610612739,CLE,98,1610612741,CHI,101,,,,False
2007-2008,2008,0020701124,20080403/LACSAC,Final,2008-04-04,04:00,1610612758,SAC,110,1610612746,LAC,98,,,,False
2007-2008,2008,0020701134,20080404/MINPHX,Final,2008-04-05,04:00,1610612756,PHX,117,1610612750,MIN,88,,,,False
2007-2008,2008,0020701126,20080404/CHATOR,Final,2008-04-05,01:00,1610612761,TOR,100,1610612766,CHA,105,,,,False
2007-2008,2008,0020701127,20080404/PHIATL,Final,2008-04-05,01:30,1610612737,ATL,104,1610612755,PHI,109,,,,False
2007-2008,2008,0020701128,20080404/MIAWAS,Final,2008-04-05,02:00,1610612764,WAS,109,1610612748,MIA,95,,,,False
2007-2008,2008,0020701129,20080404/NJNDET,Final,2008-04-05,02:00,1610612765,DET,106,1610612751,NJN,87,,,,False
2007-2008,2008,0020701130,20080404/GSWMEM,Final,2008-04-05,02:00,1610612763,MEM,86,1610612744,GSW,117,,,,False
2007-2008,2008,0020701131,20080404/NYKNOH,Final,2008-04-05,02:00,1610612740,NOH,118,1610612752,NYK,110,,,,False
2007-2008,2008,0020701132,20080404/INDMIL,Final,2008-04-05,02:30,1610612749,MIL,101,1610612754,IND,105,,,,False
2007-2008,2008,0020701133,20080404/SASUTA,Final,2008-04-05,02:00,1610612762,UTA,90,1610612759,SAS,64,,,,False
2007-2008,2008,0020701135,20080404/DALLAL,Final,2008-04-05,04:30,1610612747,LAL,112,1610612742,DAL,108,,,,False
2007-2008,2008,0020701136,20080404/HOUSEA,Final,2008-04-05,04:30,1610612760,SEA,66,1610612745,HOU,79,,,,False
2007-2008,2008,0020701142,20080405/SACDEN,Final,2008-04-06,03:00,1610612743,DEN,115,1610612758,SAC,118,,,,False
2007-2008,2008,0020701137,20080405/ORLCLE,Final,2008-04-05,21:00,1610612739,CLE,86,1610612753,ORL,101,,,,False
2007-2008,2008,0020701138,20080405/ATLPHI,Final,2008-04-06,01:00,1610612755,PHI,85,1610612737,ATL,92,,,,False
2007-2008,2008,0020701139,20080405/BOSCHA,Final,2008-04-06,01:00,1610612766,CHA,78,1610612738,BOS,101,,,,False
2007-2008,2008,0020701140,20080405/TORNJN,Final,2008-04-06,01:30,1610612751,NJN,99,1610612761,TOR,90,,,,False
2007-2008,2008,0020701141,20080405/WASCHI,Final,2008-04-06,02:30,1610612741,CHI,87,1610612764,WAS,99,,,,False
2007-2008,2008,0020701150,20080406/LALSAC,Final,2008-04-07,03:00,1610612758,SAC,92,1610612747,LAL,114,,,,False
2007-2008,2008,0020701151,20080406/DENSEA,Final/OT2,2008-04-07,03:00,1610612760,SEA,151,1610612743,DEN,147,,,,False
2007-2008,2008,0020701152,20080406/HOULAC,Final,2008-04-07,03:30,1610612746,LAC,79,1610612745,HOU,105,,,,False
2007-2008,2008,0020701143,20080406/DETMIA,Final,2008-04-07,00:00,1610612748,MIA,75,1610612765,DET,91,,,,False
2007-2008,2008,0020701144,20080406/DALPHX,Final,2008-04-06,21:30,1610612756,PHX,98,1610612742,DAL,105,,,,False
2007-2008,2008,0020701145,20080406/ORLNYK,Final,2008-04-07,01:00,1610612752,NYK,100,1610612753,ORL,90,,,,False
2007-2008,2008,0020701146,20080406/MILIND,Final,2008-04-07,00:00,1610612754,IND,105,1610612749,MIL,97,,,,False
2007-2008,2008,0020701147,20080406/SASPOR,Final,2008-04-07,00:00,1610612757,POR,65,1610612759,SAS,72,,,,False
2007-2008,2008,0020701148,20080406/MEMMIN,Final,2008-04-07,00:30,1610612750,MIN,101,1610612763,MEM,113,,,,False
2007-2008,2008,0020701149,20080406/GSWNOH,Final,2008-04-06,19:00,1610612740,NOH,108,1610612744,GSW,96,,,,False
2007-2008,2008,0020701161,20080408/LALPOR,Final,2008-04-09,04:00,1610612757,POR,112,1610612747,LAL,103,,,,False
2007-2008,2008,0020701153,20080408/MINCHA,Final,2008-04-09,01:00,1610612766,CHA,121,1610612750,MIN,119,,,,False
2007-2008,2008,0020701154,20080408/ATLIND,Final,2008-04-09,01:00,1610612754,IND,112,1610612737,ATL,98,,,,False
2007-2008,2008,0020701155,20080408/CHIMIA,Final,2008-04-09,01:30,1610612748,MIA,95,1610612741,CHI,88,,,,False
2007-2008,2008,0020701156,20080408/NYKDET,Final,2008-04-09,02:00,1610612765,DET,94,1610612752,NYK,98,,,,False
2007-2008,2008,0020701157,20080408/BOSMIL,Final/OT,2008-04-09,02:00,1610612749,MIL,104,1610612738,BOS,107,,,,False
2007-2008,2008,0020701158,20080408/PHXMEM,Final,2008-04-09,02:00,1610612763,MEM,113,1610612756,PHX,127,,,,False
2007-2008,2008,0020701159,20080408/UTANOH,Final,2008-04-09,02:00,1610612740,NOH,66,1610612762,UTA,77,,,,False
2007-2008,2008,0020701160,20080408/SEADAL,Final,2008-04-09,02:30,1610612742,DAL,99,1610612760,SEA,83,,,,False
2007-2008,2008,0020701162,20080408/DENLAC,Final,2008-04-09,04:30,1610612746,LAC,99,1610612743,DEN,117,,,,False
2007-2008,2008,0020701163,20080408/SACGSW,Final,2008-04-09,04:30,1610612744,GSW,140,1610612758,SAC,132,,,,False
2007-2008,2008,0020701164,20080409/MILTOR,Final,2008-04-10,01:00,1610612761,TOR,111,1610612749,MIL,93,,,,False
2007-2008,2008,0020701165,20080409/DETPHI,Final,2008-04-10,01:00,1610612755,PHI,101,1610612765,DET,94,,,,False
2007-2008,2008,0020701166,20080409/BOSWAS,Final,2008-04-10,01:00,1610612764,WAS,109,1610612738,BOS,95,,,,False
2007-2008,2008,0020701167,20080409/CHIORL,Final,2008-04-10,01:00,1610612753,ORL,115,1610612741,CHI,83,,,,False
2007-2008,2008,0020701168,20080409/NJNCLE,Final,2008-04-10,01:00,1610612739,CLE,104,1610612751,NJN,83,,,,False
2007-2008,2008,0020701169,20080409/CHANYK,Final,2008-04-10,01:30,1610612752,NYK,109,1610612766,CHA,107,,,,False
2007-2008,2008,0020701170,20080409/NOHMIN,Final,2008-04-10,02:00,1610612750,MIN,90,1610612740,NOH,122,,,,False
2007-2008,2008,0020701171,20080409/SEAHOU,Final,2008-04-10,02:30,1610612745,HOU,103,1610612760,SEA,80,,,,False
2007-2008,2008,0020701172,20080409/PHXSAS,Final,2008-04-10,03:30,1610612759,SAS,79,1610612756,PHX,96,,,,False
2007-2008,2008,0020701175,20080410/LALLAC,Final,2008-04-11,04:30,1610612746,LAC,78,1610612747,LAL,106,,,,False
2007-2008,2008,0020701173,20080410/DENGSW,Final,2008-04-11,02:00,1610612744,GSW,105,1610612743,DEN,114,,,,False
2007-2008,2008,0020701174,20080410/UTADAL,Final,2008-04-11,02:30,1610612742,DAL,97,1610612762,UTA,94,,,,False
2007-2008,2008,0020701186,20080411/PORSAC,Final,2008-04-12,04:00,1610612758,SAC,103,1610612757,POR,86,,,,False
2007-2008,2008,0020701176,20080411/NJNTOR,Final,2008-04-12,01:00,1610612761,TOR,113,1610612751,NJN,85,,,,False
2007-2008,2008,0020701177,20080411/INDPHI,Final,2008-04-12,01:00,1610612755,PHI,76,1610612754,IND,85,,,,False
2007-2008,2008,0020701178,20080411/MINORL,Final,2008-04-12,01:00,1610612753,ORL,101,1610612750,MIN,102,,,,False
2007-2008,2008,0020701179,20080411/CLECHI,Final,2008-04-12,01:00,1610612741,CHI,100,1610612739,CLE,95,,,,False
2007-2008,2008,0020701180,20080411/MILBOS,Final,2008-04-12,01:30,1610612738,BOS,102,1610612749,MIL,86,,,,False
2007-2008,2008,0020701181,20080411/ATLNYK,Final,2008-04-12,01:30,1610612752,NYK,104,1610612737,ATL,116,,,,False
2007-2008,2008,0020701182,20080411/MEMMIA,Final,2008-04-12,01:30,1610612748,MIA,91,1610612763,MEM,96,,,,False
2007-2008,2008,0020701183,20080411/WASDET,Final,2008-04-12,02:00,1610612765,DET,102,1610612764,WAS,74,,,,False
2007-2008,2008,0020701184,20080411/PHXHOU,Final,2008-04-12,02:30,1610612745,HOU,101,1610612756,PHX,90,,,,False
2007-2008,2008,0020701185,20080411/SEASAS,Final,2008-04-12,02:30,1610612759,SAS,95,1610612760,SEA,74,,,,False
2007-2008,2008,0020701187,20080411/NOHLAL,Final,2008-04-12,04:30,1610612747,LAL,107,1610612740,NOH,104,,,,False
2007-2008,2008,0020701194,20080412/NOHSAC,Final,2008-04-13,04:00,1610612758,SAC,94,1610612740,NOH,91,,,,False
2007-2008,2008,0020701196,20080412/LACGSW,Final,2008-04-13,04:30,1610612744,GSW,122,1610612746,LAC,116,,,,False
2007-2008,2008,0020701195,20080412/DALPOR,Final,2008-04-13,04:00,1610612757,POR,108,1610612742,DAL,105,,,,False
2007-2008,2008,0020701188,20080412/PHIWAS,Final,2008-04-13,01:00,1610612764,WAS,109,1610612755,PHI,93,,,,False
2007-2008,2008,0020701189,20080412/BOSATL,Final,2008-04-13,01:00,1610612737,ATL,89,1610612738,BOS,99,,,,False
2007-2008,2008,0020701190,20080412/CHAIND,Final,2008-04-13,01:00,1610612754,IND,103,1610612766,CHA,107,,,,False
2007-2008,2008,0020701191,20080412/MINMEM,Final,2008-04-13,02:00,1610612763,MEM,105,1610612750,MIN,114,,,,False
2007-2008,2008,0020701192,20080412/NJNMIL,Final,2008-04-13,02:30,1610612749,MIL,98,1610612751,NJN,111,,,,False
2007-2008,2008,0020701193,20080412/DENUTA,Final,2008-04-13,03:00,1610612762,UTA,124,1610612743,DEN,97,,,,False
2007-2008,2008,0020701197,20080413/MIACLE,Final,2008-04-14,00:00,1610612739,CLE,84,1610612748,MIA,76,,,,False
2007-2008,2008,0020701198,20080413/SASLAL,Final,2008-04-13,21:30,1610612747,LAL,106,1610612759,SAS,85,,,,False
2007-2008,2008,0020701199,20080413/TORDET,Final,2008-04-13,19:00,1610612765,DET,91,1610612761,TOR,84,,,,False
2007-2008,2008,0020701200,20080413/ORLCHI,Final,2008-04-14,01:00,1610612741,CHI,84,1610612753,ORL,104,,,,False
2007-2008,2008,0020701201,20080413/HOUDEN,Final,2008-04-14,03:00,1610612743,DEN,111,1610612745,HOU,94,,,,False
2007-2008,2008,0020701202,20080413/DALSEA,Final,2008-04-14,03:00,1610612760,SEA,99,1610612742,DAL,95,,,,False
2007-2008,2008,0020701209,20080414/GSWPHX,Final,2008-04-15,04:00,1610612756,PHX,122,1610612744,GSW,116,,,,False
2007-2008,2008,0020701210,20080414/SASSAC,Final,2008-04-15,04:00,1610612758,SAC,98,1610612759,SAS,101,,,,False
2007-2008,2008,0020701203,20080414/MIATOR,Final,2008-04-15,01:00,1610612761,TOR,91,1610612748,MIA,75,,,,False
2007-2008,2008,0020701204,20080414/CLEPHI,Final,2008-04-15,01:00,1610612755,PHI,90,1610612739,CLE,91,,,,False
2007-2008,2008,0020701205,20080414/INDWAS,Final,2008-04-15,01:00,1610612764,WAS,117,1610612754,IND,110,,,,False
2007-2008,2008,0020701206,20080414/BOSNYK,Final,2008-04-15,01:30,1610612752,NYK,93,1610612738,BOS,99,,,,False
2007-2008,2008,0020701207,20080414/CHIMIL,Final,2008-04-15,02:00,1610612749,MIL,135,1610612741,CHI,151,,,,False
2007-2008,2008,0020701208,20080414/HOUUTA,Final,2008-04-15,03:00,1610612762,UTA,105,1610612745,HOU,96,,,,False
2007-2008,2008,0020701215,20080415/MEMPOR,Final,2008-04-16,04:00,1610612757,POR,113,1610612763,MEM,91,,,,False
2007-2008,2008,0020701211,20080415/ORLATL,Final,2008-04-16,01:00,1610612737,ATL,105,1610612753,ORL,121,,,,False
2007-2008,2008,0020701212,20080415/CHANJN,Final/OT,2008-04-16,01:30,1610612751,NJN,112,1610612766,CHA,108,,,,False
2007-2008,2008,0020701213,20080415/MINDET,Final,2008-04-16,01:30,1610612765,DET,115,1610612750,MIN,103,,,,False
2007-2008,2008,0020701214,20080415/LACNOH,Final,2008-04-16,02:00,1610612740,NOH,114,1610612746,LAC,92,,,,False
2007-2008,2008,0020701216,20080415/SACLAL,Final,2008-04-16,04:30,1610612747,LAL,124,1610612758,SAC,101,,,,False
2007-2008,2008,0020701230,20080416/SEAGSW,Final,2008-04-17,04:30,1610612744,GSW,121,1610612760,SEA,126,,,,False
2007-2008,2008,0020701223,20080416/UTASAS,Final,2008-04-17,03:30,1610612759,SAS,109,1610612762,UTA,80,,,,False
2007-2008,2008,0020701229,20080416/PORPHX,Final,2008-04-17,04:00,1610612756,PHX,100,1610612757,POR,91,,,,False
2007-2008,2008,0020701217,20080416/PHICHA,Final,2008-04-17,01:00,1610612766,CHA,115,1610612755,PHI,109,,,,False
2007-2008,2008,0020701218,20080416/WASORL,Final,2008-04-17,01:00,1610612753,ORL,103,1610612764,WAS,83,,,,False
2007-2008,2008,0020701219,20080416/DETCLE,Final,2008-04-17,01:00,1610612739,CLE,74,1610612765,DET,84,,,,False
2007-2008,2008,0020701220,20080416/NYKIND,Final,2008-04-17,01:00,1610612754,IND,132,1610612752,NYK,123,,,,False
2007-2008,2008,0020701221,20080416/NJNBOS,Final,2008-04-17,01:30,1610612738,BOS,105,1610612751,NJN,94,,,,False
2007-2008,2008,0020701222,20080416/ATLMIA,Final,2008-04-17,01:30,1610612748,MIA,113,1610612737,ATL,99,,,,False
2007-2008,2008,0020701224,20080416/MILMIN,Final/OT,2008-04-17,02:00,1610612750,MIN,110,1610612749,MIL,101,,,,False
2007-2008,2008,0020701225,20080416/TORCHI,Final,2008-04-17,02:30,1610612741,CHI,107,1610612761,TOR,97,,,,False
2007-2008,2008,0020701226,20080416/LACHOU,Final,2008-04-17,02:30,1610612745,HOU,93,1610612746,LAC,75,,,,False
2007-2008,2008,0020701227,20080416/NOHDAL,Final,2008-04-17,01:00,1610612742,DAL,111,1610612740,NOH,98,,,,False
2007-2008,2008,0020701228,20080416/MEMDEN,Final,2008-04-17,03:00,1610612743,DEN,120,1610612763,MEM,111,,,,False
2007-2008,2008,0040700171,20080419/UTAHOU,Final,2008-04-20,03:30,1610612745,HOU,82,1610612762,UTA,93,Game 1,West - First Round,1st Round,False
2007-2008,2008,0040700131,20080419/WASCLE,Final,2008-04-19,18:30,1610612739,CLE,93,1610612764,WAS,86,Game 1,East - First Round,1st Round,False
2007-2008,2008,0040700151,20080419/DALNOH,Final,2008-04-20,01:00,1610612740,NOH,104,1610612742,DAL,92,Game 1,West - First Round,1st Round,False
2007-2008,2008,0040700161,20080419/PHXSAS,Final/OT2,2008-04-19,21:00,1610612759,SAS,117,1610612756,PHX,115,Game 1,West - First Round,1st Round,False
2007-2008,2008,0040700101,20080420/ATLBOS,Final,2008-04-21,02:30,1610612738,BOS,104,1610612737,ATL,81,Game 1,East - First Round,1st Round,False
2007-2008,2008,0040700111,20080420/PHIDET,Final,2008-04-21,00:00,1610612765,DET,86,1610612755,PHI,90,Game 1,East - First Round,1st Round,False
2007-2008,2008,0040700121,20080420/TORORL,Final,2008-04-20,18:30,1610612753,ORL,114,1610612761,TOR,100,Game 1,East - First Round,1st Round,False
2007-2008,2008,0040700141,20080420/DENLAL,Final,2008-04-20,21:00,1610612747,LAL,128,1610612743,DEN,114,Game 1,West - First Round,1st Round,False
2007-2008,2008,0040700172,20080421/UTAHOU,Final,2008-04-22,03:30,1610612745,HOU,84,1610612762,UTA,90,Game 2,West - First Round,1st Round,False
2007-2008,2008,0040700132,20080421/WASCLE,Final,2008-04-22,01:00,1610612739,CLE,116,1610612764,WAS,86,Game 2,East - First Round,1st Round,False
2007-2008,2008,0040700162,20080422/PHXSAS,Final,2008-04-23,03:30,1610612759,SAS,102,1610612756,PHX,96,Game 2,West - First Round,1st Round,False
2007-2008,2008,0040700122,20080422/TORORL,Final,2008-04-23,01:30,1610612753,ORL,104,1610612761,TOR,103,Game 2,East - First Round,1st Round,False
2007-2008,2008,0040700152,20080422/DALNOH,Final,2008-04-23,01:00,1610612740,NOH,127,1610612742,DAL,103,Game 2,West - First Round,1st Round,False
2007-2008,2008,0040700142,20080423/DENLAL,Final,2008-04-24,04:30,1610612747,LAL,122,1610612743,DEN,107,Game 2,West - First Round,1st Round,False
2007-2008,2008,0040700102,20080423/ATLBOS,Final,2008-04-24,02:00,1610612738,BOS,96,1610612737,ATL,77,Game 2,East - First Round,1st Round,False
2007-2008,2008,0040700112,20080423/PHIDET,Final,2008-04-24,01:30,1610612765,DET,105,1610612755,PHI,88,Game 2,East - First Round,1st Round,False
2007-2008,2008,0040700173,20080424/HOUUTA,Final,2008-04-25,04:30,1610612762,UTA,92,1610612745,HOU,94,Game 3,West - First Round,1st Round,False
2007-2008,2008,0040700123,20080424/ORLTOR,Final,2008-04-25,01:30,1610612761,TOR,108,1610612753,ORL,94,Game 3,East - First Round,1st Round,False
2007-2008,2008,0040700133,20080424/CLEWAS,Final,2008-04-25,02:00,1610612764,WAS,108,1610612739,CLE,72,Game 3,East - First Round,1st Round,False
2007-2008,2008,0040700163,20080425/SASPHX,Final,2008-04-26,04:30,1610612756,PHX,99,1610612759,SAS,115,Game 3,West - First Round,1st Round,False
2007-2008,2008,0040700113,20080425/DETPHI,Final,2008-04-26,01:00,1610612755,PHI,95,1610612765,DET,75,Game 3,East - First Round,1st Round,False
2007-2008,2008,0040700153,20080425/NOHDAL,Final,2008-04-26,02:00,1610612742,DAL,97,1610612740,NOH,87,Game 3,West - First Round,1st Round,False
2007-2008,2008,0040700174,20080426/HOUUTA,Final,2008-04-27,04:30,1610612762,UTA,86,1610612745,HOU,82,Game 4,West - First Round,1st Round,False
2007-2008,2008,0040700103,20080426/BOSATL,Final,2008-04-27,02:00,1610612737,ATL,102,1610612738,BOS,93,Game 3,East - First Round,1st Round,False
2007-2008,2008,0040700124,20080426/ORLTOR,Final,2008-04-26,21:00,1610612761,TOR,94,1610612753,ORL,106,Game 4,East - First Round,1st Round,False
2007-2008,2008,0040700143,20080426/LALDEN,Final,2008-04-26,23:30,1610612743,DEN,84,1610612747,LAL,102,Game 3,West - First Round,1st Round,False
2007-2008,2008,0040700154,20080427/NOHDAL,Final,2008-04-28,03:30,1610612742,DAL,84,1610612740,NOH,97,Game 4,West - First Round,1st Round,False
2007-2008,2008,0040700114,20080427/DETPHI,Final,2008-04-28,01:00,1610612755,PHI,84,1610612765,DET,93,Game 4,East - First Round,1st Round,False
2007-2008,2008,0040700134,20080427/CLEWAS,Final,2008-04-27,19:00,1610612764,WAS,97,1610612739,CLE,100,Game 4,East - First Round,1st Round,False
2007-2008,2008,0040700164,20080427/SASPHX,Final,2008-04-27,21:30,1610612756,PHX,105,1610612759,SAS,86,Game 4,West - First Round,1st Round,False
2007-2008,2008,0040700144,20080428/LALDEN,Final,2008-04-29,04:30,1610612743,DEN,101,1610612747,LAL,107,Game 4,West - First Round,1st Round,False
2007-2008,2008,0040700104,20080428/BOSATL,Final,2008-04-29,02:00,1610612737,ATL,97,1610612738,BOS,92,Game 4,East - First Round,1st Round,False
2007-2008,2008,0040700125,20080428/TORORL,Final,2008-04-29,01:30,1610612753,ORL,102,1610612761,TOR,92,Game 5,East - First Round,1st Round,False
2007-2008,2008,0040700165,20080429/PHXSAS,Final,2008-04-30,03:30,1610612759,SAS,92,1610612756,PHX,87,Game 5,West - First Round,1st Round,False
2007-2008,2008,0040700115,20080429/PHIDET,Final,2008-04-30,01:00,1610612765,DET,98,1610612755,PHI,81,Game 5,East - First Round,1st Round,False
2007-2008,2008,0040700155,20080429/DALNOH,Final,2008-04-30,01:00,1610612740,NOH,99,1610612742,DAL,94,Game 5,West - First Round,1st Round,False
2007-2008,2008,0040700175,20080429/UTAHOU,Final,2008-04-30,03:30,1610612745,HOU,95,1610612762,UTA,69,Game 5,West - First Round,1st Round,False
2007-2008,2008,0040700105,20080430/ATLBOS,Final,2008-05-01,02:30,1610612738,BOS,110,1610612737,ATL,85,Game 5,East - First Round,1st Round,False
2007-2008,2008,0040700135,20080430/WASCLE,Final,2008-05-01,00:00,1610612739,CLE,87,1610612764,WAS,88,Game 5,East - First Round,1st Round,False
2007-2008,2008,0040700116,20080501/DETPHI,Final,2008-05-02,02:00,1610612755,PHI,77,1610612765,DET,100,Game 6,East - First Round,1st Round,False
2007-2008,2008,0040700176,20080502/HOUUTA,Final,2008-05-03,04:30,1610612762,UTA,113,1610612745,HOU,91,Game 6,West - First Round,1st Round,False
2007-2008,2008,0040700106,20080502/BOSATL,Final,2008-05-03,02:00,1610612737,ATL,103,1610612738,BOS,100,Game 6,East - First Round,1st Round,False
2007-2008,2008,0040700136,20080502/CLEWAS,Final,2008-05-03,01:00,1610612764,WAS,88,1610612739,CLE,105,Game 6,East - First Round,1st Round,False
2007-2008,2008,0040700211,20080503/ORLDET,Final,2008-05-04,01:30,1610612765,DET,91,1610612753,ORL,72,Game 1,East - Conf. Semifinals,Conf. Semifinals,False
2007-2008,2008,0040700231,20080503/SASNOH,Final,2008-05-04,04:00,1610612740,NOH,101,1610612759,SAS,82,Game 1,West - Conf. Semifinals,Conf. Semifinals,False
2007-2008,2008,0040700107,20080504/ATLBOS,Final,2008-05-04,19:00,1610612738,BOS,99,1610612737,ATL,65,Game 7,East - First Round,1st Round,False
2007-2008,2008,0040700221,20080504/UTALAL,Final,2008-05-04,21:30,1610612747,LAL,109,1610612762,UTA,98,Game 1,West - Conf. Semifinals,Conf. Semifinals,False
2007-2008,2008,0040700232,20080505/SASNOH,Final,2008-05-06,03:30,1610612740,NOH,102,1610612759,SAS,84,Game 2,West - Conf. Semifinals,Conf. Semifinals,False
2007-2008,2008,0040700212,20080505/ORLDET,Final,2008-05-06,01:00,1610612765,DET,100,1610612753,ORL,93,Game 2,East - Conf. Semifinals,Conf. Semifinals,False
2007-2008,2008,0040700201,20080506/CLEBOS,Final,2008-05-07,02:00,1610612738,BOS,76,1610612739,CLE,72,Game 1,East - Conf. Semifinals,Conf. Semifinals,False
2007-2008,2008,0040700222,20080507/UTALAL,Final,2008-05-08,04:30,1610612747,LAL,120,1610612762,UTA,110,Game 2,West - Conf. Semifinals,Conf. Semifinals,False
2007-2008,2008,0040700213,20080507/DETORL,Final,2008-05-08,02:00,1610612753,ORL,111,1610612765,DET,86,Game 3,East - Conf. Semifinals,Conf. Semifinals,False
2007-2008,2008,0040700233,20080508/NOHSAS,Final,2008-05-09,03:30,1610612759,SAS,110,1610612740,NOH,99,Game 3,West - Conf. Semifinals,Conf. Semifinals,False
2007-2008,2008,0040700202,20080508/CLEBOS,Final,2008-05-09,01:00,1610612738,BOS,89,1610612739,CLE,73,Game 2,East - Conf. Semifinals,Conf. Semifinals,False
2007-2008,2008,0040700223,20080509/LALUTA,Final,2008-05-10,03:00,1610612762,UTA,104,1610612747,LAL,99,Game 3,West - Conf. Semifinals,Conf. Semifinals,False
2007-2008,2008,0040700203,20080510/BOSCLE,Final,2008-05-11,02:00,1610612739,CLE,108,1610612738,BOS,84,Game 3,East - Conf. Semifinals,Conf. Semifinals,False
2007-2008,2008,0040700214,20080510/DETORL,Final,2008-05-10,23:00,1610612753,ORL,89,1610612765,DET,90,Game 4,East - Conf. Semifinals,Conf. Semifinals,False
2007-2008,2008,0040700224,20080511/LALUTA,Final/OT,2008-05-11,21:30,1610612762,UTA,123,1610612747,LAL,115,Game 4,West - Conf. Semifinals,Conf. Semifinals,False
2007-2008,2008,0040700234,20080511/NOHSAS,Final,2008-05-12,02:00,1610612759,SAS,100,1610612740,NOH,80,Game 4,West - Conf. Semifinals,Conf. Semifinals,False
2007-2008,2008,0040700204,20080512/BOSCLE,Final,2008-05-13,02:00,1610612739,CLE,88,1610612738,BOS,77,Game 4,East - Conf. Semifinals,Conf. Semifinals,False
2007-2008,2008,0040700215,20080513/ORLDET,Final,2008-05-14,01:00,1610612765,DET,91,1610612753,ORL,86,Game 5,East - Conf. Semifinals,Conf. Semifinals,False
2007-2008,2008,0040700235,20080513/SASNOH,Final,2008-05-14,03:30,1610612740,NOH,101,1610612759,SAS,79,Game 5,West - Conf. Semifinals,Conf. Semifinals,False
2007-2008,2008,0040700225,20080514/UTALAL,Final,2008-05-15,04:30,1610612747,LAL,111,1610612762,UTA,104,Game 5,West - Conf. Semifinals,Conf. Semifinals,False
2007-2008,2008,0040700205,20080514/CLEBOS,Final,2008-05-15,02:00,1610612738,BOS,96,1610612739,CLE,89,Game 5,East - Conf. Semifinals,Conf. Semifinals,False
2007-2008,2008,0040700236,20080515/NOHSAS,Final,2008-05-16,03:00,1610612759,SAS,99,1610612740,NOH,80,Game 6,West - Conf. Semifinals,Conf. Semifinals,False
2007-2008,2008,0040700206,20080516/BOSCLE,Final,2008-05-17,02:00,1610612739,CLE,74,1610612738,BOS,69,Game 6,East - Conf. Semifinals,Conf. Semifinals,False
2007-2008,2008,0040700226,20080516/LALUTA,Final,2008-05-17,04:30,1610612762,UTA,105,1610612747,LAL,108,Game 6,West - Conf. Semifinals,Conf. Semifinals,False
2007-2008,2008,0040700207,20080518/CLEBOS,Final,2008-05-18,21:30,1610612738,BOS,97,1610612739,CLE,92,Game 7,East - Conf. Semifinals,Conf. Semifinals,False
2007-2008,2008,0040700237,20080519/SASNOH,Final,2008-05-20,02:30,1610612740,NOH,82,1610612759,SAS,91,Game 7,West - Conf. Semifinals,Conf. Semifinals,False
2007-2008,2008,0040700301,20080520/DETBOS,Final,2008-05-21,02:30,1610612738,BOS,88,1610612765,DET,79,Game 1,East - Conf. Finals,Conf. Finals,False
2007-2008,2008,0040700311,20080521/SASLAL,Final,2008-05-22,03:00,1610612747,LAL,89,1610612759,SAS,85,Game 1,West - Conf. Finals,Conf. Finals,False
2007-2008,2008,0040700302,20080522/DETBOS,Final,2008-05-23,02:30,1610612738,BOS,97,1610612765,DET,103,Game 2,East - Conf. Finals,Conf. Finals,False
2007-2008,2008,0040700312,20080523/SASLAL,Final,2008-05-24,03:00,1610612747,LAL,101,1610612759,SAS,71,Game 2,West - Conf. Finals,Conf. Finals,False
2007-2008,2008,0040700303,20080524/BOSDET,Final,2008-05-25,02:30,1610612765,DET,80,1610612738,BOS,94,Game 3,East - Conf. Finals,Conf. Finals,False
2007-2008,2008,0040700313,20080525/LALSAS,Final,2008-05-26,02:30,1610612759,SAS,103,1610612747,LAL,84,Game 3,West - Conf. Finals,Conf. Finals,False
2007-2008,2008,0040700304,20080526/BOSDET,Final,2008-05-27,02:30,1610612765,DET,94,1610612738,BOS,75,Game 4,East - Conf. Finals,Conf. Finals,False
2007-2008,2008,0040700314,20080527/LALSAS,Final,2008-05-28,03:00,1610612759,SAS,91,1610612747,LAL,93,Game 4,West - Conf. Finals,Conf. Finals,False
2007-2008,2008,0040700305,20080528/DETBOS,Final,2008-05-29,02:30,1610612738,BOS,106,1610612765,DET,102,Game 5,East - Conf. Finals,Conf. Finals,False
2007-2008,2008,0040700315,20080529/SASLAL,Final,2008-05-30,03:00,1610612747,LAL,100,1610612759,SAS,92,Game 5,West - Conf. Finals,Conf. Finals,False
2007-2008,2008,0040700306,20080530/BOSDET,Final,2008-05-31,02:30,1610612765,DET,81,1610612738,BOS,89,Game 6,East - Conf. Finals,Conf. Finals,False
2007-2008,2008,0040700401,20080605/LALBOS,Final,2008-06-06,03:00,1610612738,BOS,98,1610612747,LAL,88,Game 1,NBA Finals,NBA Finals,False
2007-2008,2008,0040700402,20080608/LALBOS,Final,2008-06-09,03:00,1610612738,BOS,108,1610612747,LAL,102,Game 2,NBA Finals,NBA Finals,False
2007-2008,2008,0040700403,20080610/BOSLAL,Final,2008-06-11,03:00,1610612747,LAL,87,1610612738,BOS,81,Game 3,NBA Finals,NBA Finals,False
2007-2008,2008,0040700404,20080612/BOSLAL,Final,2008-06-13,03:00,1610612747,LAL,91,1610612738,BOS,97,Game 4,NBA Finals,NBA Finals,False
2007-2008,2008,0040700405,20080615/BOSLAL,Final,2008-06-16,03:00,1610612747,LAL,103,1610612738,BOS,98,Game 5,NBA Finals,NBA Finals,False
2007-2008,2008,0040700406,20080617/LALBOS,Final,2008-06-18,03:00,1610612738,BOS,131,1610612747,LAL,92,Game 6,NBA Finals,NBA Finals,False
