Saison,Année,gameId,gameCode,gameStatusText,dateParis,heureParis,homeTeamId,homeTeamTricode,homeTeamScore,awayTeamId,awayTeamTricode,awayTeamScore,seriesGameNumber,gameLabel,poRoundDesc,ifNecessary
2001-2002,2002,0010100002,20011006/GSWLAL,,2001-10-07,04:30,1610612747,LAL,0,1610612744,GSW,0,,,,False
2001-2002,2002,0010100003,20011009/ATLIND,,2001-10-10,02:30,1610612754,IND,0,1610612737,ATL,0,,,,False
2001-2002,2002,0010100004,20011009/CHHNJN,,2001-10-10,01:30,1610612751,NJN,0,1610612766,CHH,0,,,,False
2001-2002,2002,0010100005,20011009/CLEDET,,2001-10-10,01:30,1610612765,DET,0,1610612739,CLE,0,,,,False
2001-2002,2002,0010100006,20011009/DALPHI,,2001-10-10,01:00,1610612755,PHI,0,1610612742,DAL,0,,,,False
2001-2002,2002,0010100007,20011009/SASNYK,,2001-10-10,01:30,1610612752,NYK,0,1610612759,SAS,0,,,,False
2001-2002,2002,0010100008,20011009/PORMEM,,2001-10-10,02:00,1610612763,MEM,0,1610612757,POR,0,,,,False
2001-2002,2002,0010100009,20011009/SACUTA,,2001-10-10,03:00,1610612762,UTA,0,1610612758,SAC,0,,,,False
2001-2002,2002,0010100110,20011010/GSWLAL,,2001-10-10,06:00,1610612747,LAL,0,1610612744,GSW,0,,,,False
2001-2002,2002,0010100010,20011010/CHHBOS,,2001-10-11,01:00,1610612738,BOS,0,1610612766,CHH,0,,,,False
2001-2002,2002,0010100011,20011010/PHXHOU,,2001-10-11,03:30,1610612745,HOU,0,1610612756,PHX,0,,,,False
2001-2002,2002,0010100012,20011010/LACSEA,,2001-10-11,04:00,1610612760,SEA,0,1610612746,LAC,0,,,,False
2001-2002,2002,0010100013,20011010/MIAORL,,2001-10-11,01:30,1610612753,ORL,0,1610612748,MIA,0,,,,False
2001-2002,2002,0010100014,20011010/PORUTA,,2001-10-11,03:00,1610612762,UTA,0,1610612757,POR,0,,,,False
2001-2002,2002,0010100015,20011011/ATLIND,,2001-10-12,02:00,1610612754,IND,0,1610612737,ATL,0,,,,False
2001-2002,2002,0010100016,20011011/DALHOU,,2001-10-12,02:30,1610612745,HOU,0,1610612742,DAL,0,,,,False
2001-2002,2002,0010100017,20011011/SEADEN,,2001-10-12,03:00,1610612743,DEN,0,1610612760,SEA,0,,,,False
2001-2002,2002,0010100018,20011011/WASDET,,2001-10-12,01:30,1610612765,DET,0,1610612764,WAS,0,,,,False
2001-2002,2002,0010100019,20011011/MILMIA,,2001-10-12,01:30,1610612748,MIA,0,1610612749,MIL,0,,,,False
2001-2002,2002,0010100020,,,2001-10-11,20:30,0,,0,1610612750,MIN,0,,,,False
2001-2002,2002,0010100021,20011011/NJNNYK,,2001-10-12,01:30,1610612752,NYK,0,1610612751,NJN,0,,,,False
2001-2002,2002,0010100022,,,2001-10-11,20:30,0,,0,1610612761,TOR,0,,,,False
2001-2002,2002,0010100111,20011011/MINTOR,,2001-10-12,01:00,1610612761,TOR,0,1610612750,MIN,0,,,,False
2001-2002,2002,0010100023,20011012/ATLCHI,,2001-10-13,02:30,1610612741,CHI,0,1610612737,ATL,0,,,,False
2001-2002,2002,0010100024,20011012/BOSDAL,,2001-10-13,02:30,1610612742,DAL,0,1610612738,BOS,0,,,,False
2001-2002,2002,0010100025,20011012/ORLCHH,,2001-10-13,01:30,1610612766,CHH,0,1610612753,ORL,0,,,,False
2001-2002,2002,0010100026,20011012/PORSAC,,2001-10-13,04:00,1610612758,SAC,0,1610612757,POR,0,,,,False
2001-2002,2002,0010100030,20011012/GSWLAL,,2001-10-13,05:00,1610612747,LAL,0,1610612744,GSW,0,,,,False
2001-2002,2002,0010100027,20011013/BOSSAS,,2001-10-14,02:30,1610612759,SAS,0,1610612738,BOS,0,,,,False
2001-2002,2002,0010100028,20011013/CHIIND,,2001-10-14,03:00,1610612754,IND,0,1610612741,CHI,0,,,,False
2001-2002,2002,0010100029,20011013/NJNCLE,,2001-10-14,02:00,1610612739,CLE,0,1610612751,NJN,0,,,,False
2001-2002,2002,0010100031,20011013/WASMIA,,2001-10-14,01:30,1610612748,MIA,0,1610612764,WAS,0,,,,False
2001-2002,2002,0010100032,20011013/TORMIN,,2001-10-13,18:00,1610612750,MIN,0,1610612761,TOR,0,,,,False
2001-2002,2002,0010100033,20011013/PHINYK,,2001-10-14,01:30,1610612752,NYK,0,1610612755,PHI,0,,,,False
2001-2002,2002,0010100036,20011013/LALGSW,,2001-10-14,05:00,1610612744,GSW,0,1610612747,LAL,0,,,,False
2001-2002,2002,0010100108,20011013/HOUDET,,2001-10-14,02:30,1610612765,DET,0,1610612745,HOU,0,,,,False
2001-2002,2002,0010100034,20011014/ORLATL,,2001-10-15,00:00,1610612737,ATL,0,1610612753,ORL,0,,,,False
2001-2002,2002,0010100035,20011014/DALSAC,,2001-10-15,03:00,1610612758,SAC,0,1610612742,DAL,0,,,,False
2001-2002,2002,0010100037,20011014/LACMEM,,2001-10-14,21:00,1610612763,MEM,0,1610612746,LAC,0,,,,False
2001-2002,2002,0010100038,20011014/SEAPHX,,2001-10-15,02:00,1610612756,PHX,0,1610612760,SEA,0,,,,False
2001-2002,2002,0010100039,20011015/DENMIL,,2001-10-16,02:00,1610612749,MIL,0,1610612743,DEN,0,,,,False
2001-2002,2002,0010100040,20011015/SEAMEM,,2001-10-16,02:00,1610612763,MEM,0,1610612760,SEA,0,,,,False
2001-2002,2002,0010100041,20011015/HOUPOR,,2001-10-16,04:00,1610612757,POR,0,1610612745,HOU,0,,,,False
2001-2002,2002,0010100042,20011016/BOSCHH,,2001-10-17,01:00,1610612766,CHH,0,1610612738,BOS,0,,,,False
2001-2002,2002,0010100043,20011016/CHITOR,,2001-10-17,01:00,1610612761,TOR,0,1610612741,CHI,0,,,,False
2001-2002,2002,0010100044,20011016/CLELAC,,2001-10-17,02:30,1610612746,LAC,0,1610612739,CLE,0,,,,False
2001-2002,2002,0010100045,20011016/DENDAL,,2001-10-17,02:30,1610612742,DAL,0,1610612743,DEN,0,,,,False
2001-2002,2002,0010100046,20011016/NJNDET,,2001-10-17,01:30,1610612765,DET,0,1610612751,NJN,0,,,,False
2001-2002,2002,0010100047,20011016/NYKUTA,,2001-10-17,03:00,1610612762,UTA,0,1610612752,NYK,0,,,,False
2001-2002,2002,0010100048,20011016/PHISAS,,2001-10-17,02:30,1610612759,SAS,0,1610612755,PHI,0,,,,False
2001-2002,2002,0010100112,20011016/GSWLAL,,2001-10-17,04:30,1610612747,LAL,0,1610612744,GSW,0,,,,False
2001-2002,2002,0010100049,20011017/BOSCLE,,2001-10-18,01:00,1610612739,CLE,0,1610612738,BOS,0,,,,False
2001-2002,2002,0010100050,20011017/CHHORL,,2001-10-18,01:30,1610612753,ORL,0,1610612766,CHH,0,,,,False
2001-2002,2002,0010100051,20011017/LACCHI,,2001-10-18,02:30,1610612741,CHI,0,1610612746,LAC,0,,,,False
2001-2002,2002,0010100052,20011017/TORIND,,2001-10-18,02:00,1610612754,IND,0,1610612761,TOR,0,,,,False
2001-2002,2002,0010100053,20011017/NYKPHX,,2001-10-18,03:00,1610612756,PHX,0,1610612752,NYK,0,,,,False
2001-2002,2002,0010100054,20011017/SACPOR,,2001-10-18,04:00,1610612757,POR,0,1610612758,SAC,0,,,,False
2001-2002,2002,0010100118,20011017/MILMIN,,2001-10-18,02:00,1610612750,MIN,0,1610612749,MIL,0,,,,False
2001-2002,2002,0010100055,20011018/DENGSW,,2001-10-19,04:30,1610612744,GSW,0,1610612743,DEN,0,,,,False
2001-2002,2002,0010100056,20011018/MIAMEM,,2001-10-19,02:00,1610612763,MEM,0,1610612748,MIA,0,,,,False
2001-2002,2002,0010100057,20011018/PHIUTA,,2001-10-19,02:00,1610612762,UTA,0,1610612755,PHI,0,,,,False
2001-2002,2002,0010100058,20011018/SACSEA,,2001-10-19,04:00,1610612760,SEA,0,1610612758,SAC,0,,,,False
2001-2002,2002,0010100059,20011018/WASDET,,2001-10-19,01:30,1610612765,DET,0,1610612764,WAS,0,,,,False
2001-2002,2002,0010100060,20011019/BOSMIL,,2001-10-20,02:30,1610612749,MIL,0,1610612738,BOS,0,,,,False
2001-2002,2002,0010100061,20011019/LACDAL,,2001-10-20,02:30,1610612742,DAL,0,1610612746,LAC,0,,,,False
2001-2002,2002,0010100062,20011019/HOUORL,,2001-10-20,01:30,1610612753,ORL,0,1610612745,HOU,0,,,,False
2001-2002,2002,0010100063,20011019/MININD,,2001-10-20,02:00,1610612754,IND,0,1610612750,MIN,0,,,,False
2001-2002,2002,0010100064,20011019/PHXLAL,,2001-10-20,04:30,1610612747,LAL,0,1610612756,PHX,0,,,,False
2001-2002,2002,0010100065,20011019/MIADET,,2001-10-20,02:00,1610612765,DET,0,1610612748,MIA,0,,,,False
2001-2002,2002,0010100066,20011019/NYKSAS,,2001-10-20,02:30,1610612759,SAS,0,1610612752,NYK,0,,,,False
2001-2002,2002,0010100067,20011020/CHHATL,,2001-10-21,01:00,1610612737,ATL,0,1610612766,CHH,0,,,,False
2001-2002,2002,0010100068,20011020/INDCHI,,2001-10-21,02:30,1610612741,CHI,0,1610612754,IND,0,,,,False
2001-2002,2002,0010100069,20011020/CLETOR,,2001-10-21,01:00,1610612761,TOR,0,1610612739,CLE,0,,,,False
2001-2002,2002,0010100070,20011020/DALDEN,,2001-10-21,03:00,1610612743,DEN,0,1610612742,DAL,0,,,,False
2001-2002,2002,0010100071,20011020/SACLAL,,2001-10-21,04:30,1610612747,LAL,0,1610612758,SAC,0,,,,False
2001-2002,2002,0010100072,20011020/MINMIL,,2001-10-21,02:30,1610612749,MIL,0,1610612750,MIN,0,,,,False
2001-2002,2002,0010100073,20011020/NJNWAS,,2001-10-21,02:00,1610612764,WAS,0,1610612751,NJN,0,,,,False
2001-2002,2002,0010100074,20011020/UTAPHI,,2001-10-21,02:00,1610612755,PHI,0,1610612762,UTA,0,,,,False
2001-2002,2002,0010100075,20011021/SEAGSW,,2001-10-22,03:30,1610612744,GSW,0,1610612760,SEA,0,,,,False
2001-2002,2002,0010100076,20011021/SASHOU,,2001-10-22,01:30,1610612745,HOU,0,1610612759,SAS,0,,,,False
2001-2002,2002,0010100078,20011021/MEMPHX,,2001-10-22,02:00,1610612756,PHX,0,1610612763,MEM,0,,,,False
2001-2002,2002,0010100113,20011021/ORLLAC,,2001-10-22,00:00,1610612746,LAC,0,1610612753,ORL,0,,,,False
2001-2002,2002,0010100079,20011022/CHIATL,,2001-10-23,01:30,1610612737,ATL,0,1610612741,CHI,0,,,,False
2001-2002,2002,0010100080,20011022/INDCHH,,2001-10-23,01:30,1610612766,CHH,0,1610612754,IND,0,,,,False
2001-2002,2002,0010100081,20011022/MILDEN,,2001-10-23,03:00,1610612743,DEN,0,1610612749,MIL,0,,,,False
2001-2002,2002,0010100082,20011022/MIAMIN,,2001-10-23,02:00,1610612750,MIN,0,1610612748,MIA,0,,,,False
2001-2002,2002,0010100083,20011022/WASPHI,,2001-10-23,01:00,1610612755,PHI,0,1610612764,WAS,0,,,,False
2001-2002,2002,0010100084,20011022/UTATOR,,2001-10-23,01:00,1610612761,TOR,0,1610612762,UTA,0,,,,False
2001-2002,2002,0010100085,20011023/ATLCHH,,2001-10-24,01:00,1610612766,CHH,0,1610612737,ATL,0,,,,False
2001-2002,2002,0010100086,20011023/ORLDAL,,2001-10-24,02:30,1610612742,DAL,0,1610612753,ORL,0,,,,False
2001-2002,2002,0010100087,20011023/DETHOU,,2001-10-24,02:30,1610612745,HOU,0,1610612765,DET,0,,,,False
2001-2002,2002,0010100088,20011023/GSWPOR,,2001-10-24,04:00,1610612757,POR,0,1610612744,GSW,0,,,,False
2001-2002,2002,0010100089,20011023/PHXLAC,,2001-10-24,04:30,1610612746,LAC,0,1610612756,PHX,0,,,,False
2001-2002,2002,0010100090,20011023/MEMLAL,,2001-10-24,04:30,1610612747,LAL,0,1610612763,MEM,0,,,,False
2001-2002,2002,0010100091,20011023/UTANYK,,2001-10-24,01:30,1610612752,NYK,0,1610612762,UTA,0,,,,False
2001-2002,2002,0010100107,20011023/SASMIA,,2001-10-24,01:30,1610612748,MIA,0,1610612759,SAS,0,,,,False
2001-2002,2002,0010100109,20011023/WASNJN,,2001-10-24,01:30,1610612751,NJN,0,1610612764,WAS,0,,,,False
2001-2002,2002,0010100092,20011024/CLEBOS,,2001-10-25,01:00,1610612738,BOS,0,1610612739,CLE,0,,,,False
2001-2002,2002,0010100093,20011024/CHIDEN,,2001-10-25,03:00,1610612743,DEN,0,1610612741,CHI,0,,,,False
2001-2002,2002,0010100094,20011024/SASPHI,,2001-10-25,01:00,1610612755,PHI,0,1610612759,SAS,0,,,,False
2001-2002,2002,0010100095,20011024/MEMSAC,,2001-10-25,04:00,1610612758,SAC,0,1610612763,MEM,0,,,,False
2001-2002,2002,0010100096,20011025/ATLORL,,2001-10-26,01:30,1610612753,ORL,0,1610612737,ATL,0,,,,False
2001-2002,2002,0010100097,20011025/NJNNYK,,2001-10-26,01:30,1610612752,NYK,0,1610612751,NJN,0,,,,False
2001-2002,2002,0010100098,20011025/SEAUTA,,2001-10-26,03:00,1610612762,UTA,0,1610612760,SEA,0,,,,False
2001-2002,2002,0010100099,20011025/WASTOR,,2001-10-26,01:00,1610612761,TOR,0,1610612764,WAS,0,,,,False
2001-2002,2002,0010100114,20011025/PHXGSW,,2001-10-26,02:00,1610612744,GSW,0,1610612756,PHX,0,,,,False
2001-2002,2002,0010100115,20011025/MILLAL,,2001-10-26,05:00,1610612747,LAL,0,1610612749,MIL,0,,,,False
2001-2002,2002,0010100100,20011026/WASBOS,,2001-10-27,01:30,1610612738,BOS,0,1610612764,WAS,0,,,,False
2001-2002,2002,0010100101,20011026/DENCHI,,2001-10-27,02:30,1610612741,CHI,0,1610612743,DEN,0,,,,False
2001-2002,2002,0010100102,20011026/DETNJN,,2001-10-27,01:30,1610612751,NJN,0,1610612765,DET,0,,,,False
2001-2002,2002,0010100103,20011026/HOUSAS,,2001-10-27,02:30,1610612759,SAS,0,1610612745,HOU,0,,,,False
2001-2002,2002,0010100104,20011026/INDMIN,,2001-10-27,02:00,1610612750,MIN,0,1610612754,IND,0,,,,False
2001-2002,2002,0010100105,20011026/MEMPOR,,2001-10-27,04:00,1610612757,POR,0,1610612763,MEM,0,,,,False
2001-2002,2002,0010100106,20011026/SEASAC,,2001-10-27,04:00,1610612758,SAC,0,1610612760,SEA,0,,,,False
2001-2002,2002,0010100116,20011026/MILGSW,,2001-10-27,02:00,1610612744,GSW,0,1610612749,MIL,0,,,,False
2001-2002,2002,0010100117,20011026/PHXLAL,,2001-10-27,05:00,1610612747,LAL,0,1610612756,PHX,0,,,,False
2001-2002,2002,0020100001,20011030/BOSCLE,Final,2001-10-31,01:00,1610612739,CLE,89,1610612738,BOS,108,,,,False
2001-2002,2002,0020100002,20011030/WASNYK,Final,2001-10-31,01:30,1610612752,NYK,93,1610612764,WAS,91,,,,False
2001-2002,2002,0020100003,20011030/INDNJN,Final,2001-10-31,01:30,1610612751,NJN,103,1610612754,IND,97,,,,False
2001-2002,2002,0020100004,20011030/TORORL,Final,2001-10-31,01:30,1610612753,ORL,114,1610612761,TOR,85,,,,False
2001-2002,2002,0020100005,20011030/PHIMIN,Final,2001-10-31,02:00,1610612750,MIN,83,1610612755,PHI,74,,,,False
2001-2002,2002,0020100006,20011030/DETDAL,Final,2001-10-31,02:30,1610612742,DAL,94,1610612765,DET,87,,,,False
2001-2002,2002,0020100007,20011030/ATLHOU,Final/OT,2001-10-31,02:30,1610612745,HOU,89,1610612737,ATL,84,,,,False
2001-2002,2002,0020100008,20011030/LACSAS,Final,2001-10-31,02:30,1610612759,SAS,109,1610612746,LAC,98,,,,False
2001-2002,2002,0020100009,20011030/MILUTA,Final/OT,2001-10-31,03:00,1610612762,UTA,112,1610612749,MIL,119,,,,False
2001-2002,2002,0020100010,20011030/DENPHX,Final,2001-10-31,03:00,1610612756,PHX,96,1610612743,DEN,99,,,,False
2001-2002,2002,0020100011,20011030/SEASAC,Final,2001-10-31,04:00,1610612758,SAC,101,1610612760,SEA,95,,,,False
2001-2002,2002,0020100012,20011030/PORLAL,Final,2001-10-31,04:30,1610612747,LAL,98,1610612757,POR,87,,,,False
2001-2002,2002,0020100013,20011031/NJNBOS,Final,2001-11-01,01:00,1610612738,BOS,92,1610612751,NJN,95,,,,False
2001-2002,2002,0020100014,20011031/CLECHH,Final,2001-11-01,01:00,1610612766,CHH,100,1610612739,CLE,94,,,,False
2001-2002,2002,0020100015,20011031/TORMIA,Final,2001-11-01,02:00,1610612748,MIA,97,1610612761,TOR,92,,,,False
2001-2002,2002,0020100016,20011031/INDCHI,Final,2001-11-01,02:30,1610612741,CHI,73,1610612754,IND,98,,,,False
2001-2002,2002,0020100017,20011031/GSWPOR,Final,2001-11-01,04:00,1610612757,POR,92,1610612744,GSW,87,,,,False
2001-2002,2002,0020100018,20011101/WASATL,Final,2001-11-02,02:00,1610612737,ATL,88,1610612764,WAS,98,,,,False
2001-2002,2002,0020100019,20011101/DALPHI,Final,2001-11-02,01:00,1610612755,PHI,92,1610612742,DAL,99,,,,False
2001-2002,2002,0020100020,20011101/DETMEM,Final,2001-11-02,02:00,1610612763,MEM,80,1610612765,DET,90,,,,False
2001-2002,2002,0020100021,20011101/LACHOU,Final/OT,2001-11-02,02:30,1610612745,HOU,98,1610612746,LAC,92,,,,False
2001-2002,2002,0020100022,20011101/MILDEN,Final,2001-11-02,03:00,1610612743,DEN,101,1610612749,MIL,102,,,,False
2001-2002,2002,0020100023,20011101/LALUTA,Final,2001-11-02,03:00,1610612762,UTA,101,1610612747,LAL,105,,,,False
2001-2002,2002,0020100024,20011101/SASSEA,Final,2001-11-02,04:00,1610612760,SEA,114,1610612759,SAS,108,,,,False
2001-2002,2002,0020100025,20011101/PHXGSW,Final,2001-11-02,04:30,1610612744,GSW,101,1610612756,PHX,107,,,,False
2001-2002,2002,0020100026,20011102/DALTOR,Final,2001-11-03,01:00,1610612761,TOR,109,1610612742,DAL,92,,,,False
2001-2002,2002,0020100027,20011102/ORLIND,Final,2001-11-03,01:00,1610612754,IND,117,1610612753,ORL,107,,,,False
2001-2002,2002,0020100028,20011102/CHIBOS,Final,2001-11-03,01:30,1610612738,BOS,96,1610612741,CHI,82,,,,False
2001-2002,2002,0020100029,20011102/CLEMIA,Final,2001-11-03,01:30,1610612748,MIA,83,1610612739,CLE,90,,,,False
2001-2002,2002,0020100030,20011102/NYKCHH,Final,2001-11-03,01:30,1610612766,CHH,97,1610612752,NYK,93,,,,False
2001-2002,2002,0020100031,20011102/NJNDET,Final,2001-11-03,02:00,1610612765,DET,102,1610612751,NJN,88,,,,False
2001-2002,2002,0020100032,20011102/MEMMIN,Final,2001-11-03,02:00,1610612750,MIN,111,1610612763,MEM,102,,,,False
2001-2002,2002,0020100033,20011102/PHXLAL,Final,2001-11-03,04:30,1610612747,LAL,117,1610612756,PHX,94,,,,False
2001-2002,2002,0020100034,20011103/PHIWAS,Final,2001-11-04,00:30,1610612764,WAS,90,1610612755,PHI,76,,,,False
2001-2002,2002,0020100035,20011103/MIAATL,Final,2001-11-04,01:00,1610612737,ATL,90,1610612748,MIA,83,,,,False
2001-2002,2002,0020100036,20011103/ORLCLE,Final,2001-11-04,02:30,1610612739,CLE,69,1610612753,ORL,99,,,,False
2001-2002,2002,0020100037,20011103/CHHNJN,Final,2001-11-04,02:00,1610612751,NJN,95,1610612766,CHH,85,,,,False
2001-2002,2002,0020100038,20011103/UTASEA,Final,2001-11-04,03:00,1610612760,SEA,74,1610612762,UTA,91,,,,False
2001-2002,2002,0020100039,20011103/NYKCHI,Final,2001-11-04,02:30,1610612741,CHI,84,1610612752,NYK,79,,,,False
2001-2002,2002,0020100040,20011103/BOSMIL,Final,2001-11-04,02:30,1610612749,MIL,105,1610612738,BOS,99,,,,False
2001-2002,2002,0020100041,20011103/MINHOU,Final,2001-11-04,02:30,1610612745,HOU,88,1610612750,MIN,90,,,,False
2001-2002,2002,0020100042,20011103/SACDEN,Final,2001-11-04,03:00,1610612743,DEN,94,1610612758,SAC,106,,,,False
2001-2002,2002,0020100043,20011103/SASPOR,Final,2001-11-04,04:00,1610612757,POR,90,1610612759,SAS,106,,,,False
2001-2002,2002,0020100044,20011103/GSWLAC,Final/OT,2001-11-04,04:30,1610612746,LAC,108,1610612744,GSW,110,,,,False
2001-2002,2002,0020100045,20011104/DALMEM,Final,2001-11-04,21:00,1610612763,MEM,85,1610612742,DAL,94,,,,False
2001-2002,2002,0020100046,20011104/INDTOR,Final,2001-11-04,23:30,1610612761,TOR,113,1610612754,IND,100,,,,False
2001-2002,2002,0020100047,20011104/WASDET,Final,2001-11-05,01:00,1610612765,DET,100,1610612764,WAS,78,,,,False
2001-2002,2002,0020100048,20011104/HOUPHX,Final,2001-11-05,02:00,1610612756,PHX,100,1610612745,HOU,103,,,,False
2001-2002,2002,0020100049,20011104/PORGSW,Final,2001-11-05,03:00,1610612744,GSW,96,1610612757,POR,86,,,,False
2001-2002,2002,0020100050,20011104/SASSAC,Final,2001-11-05,03:00,1610612758,SAC,103,1610612759,SAS,83,,,,False
2001-2002,2002,0020100051,20011104/UTALAL,Final,2001-11-05,03:30,1610612747,LAL,100,1610612762,UTA,96,,,,False
2001-2002,2002,0020100052,20011105/SEAORL,Final/OT2,2001-11-06,01:30,1610612753,ORL,119,1610612760,SEA,123,,,,False
2001-2002,2002,0020100053,20011105/ATLLAC,Final,2001-11-06,04:30,1610612746,LAC,109,1610612737,ATL,86,,,,False
2001-2002,2002,0020100054,20011106/INDPHI,Final,2001-11-07,01:00,1610612755,PHI,77,1610612754,IND,87,,,,False
2001-2002,2002,0020100055,20011106/SACCLE,Final,2001-11-07,01:00,1610612739,CLE,99,1610612758,SAC,115,,,,False
2001-2002,2002,0020100056,20011106/SEAMIA,Final/OT,2001-11-07,01:30,1610612748,MIA,87,1610612760,SEA,85,,,,False
2001-2002,2002,0020100057,20011106/NYKMIN,Final,2001-11-07,02:00,1610612750,MIN,104,1610612752,NYK,94,,,,False
2001-2002,2002,0020100058,20011106/ORLSAS,Final,2001-11-07,02:00,1610612759,SAS,104,1610612753,ORL,89,,,,False
2001-2002,2002,0020100059,20011106/CHHDAL,Final,2001-11-07,02:30,1610612742,DAL,110,1610612766,CHH,92,,,,False
2001-2002,2002,0020100060,20011106/DENHOU,Final,2001-11-07,02:30,1610612745,HOU,99,1610612743,DEN,93,,,,False
2001-2002,2002,0020100061,20011106/MEMPHX,Final,2001-11-07,03:00,1610612756,PHX,113,1610612763,MEM,101,,,,False
2001-2002,2002,0020100062,20011106/UTAPOR,Final,2001-11-07,04:00,1610612757,POR,101,1610612762,UTA,83,,,,False
2001-2002,2002,0020100063,20011107/WASBOS,Final,2001-11-08,02:00,1610612738,BOS,104,1610612764,WAS,95,,,,False
2001-2002,2002,0020100064,20011107/GSWTOR,Final,2001-11-08,01:00,1610612761,TOR,109,1610612744,GSW,92,,,,False
2001-2002,2002,0020100065,20011107/CLENYK,Final,2001-11-08,01:30,1610612752,NYK,82,1610612739,CLE,64,,,,False
2001-2002,2002,0020100066,20011107/SACIND,Final,2001-11-08,02:00,1610612754,IND,116,1610612758,SAC,104,,,,False
2001-2002,2002,0020100067,20011107/DETCHI,Final,2001-11-08,02:30,1610612741,CHI,73,1610612765,DET,97,,,,False
2001-2002,2002,0020100068,20011107/ATLUTA,Final,2001-11-08,03:00,1610612762,UTA,96,1610612737,ATL,89,,,,False
2001-2002,2002,0020100069,20011107/MEMLAC,Final,2001-11-08,04:30,1610612746,LAC,108,1610612763,MEM,92,,,,False
2001-2002,2002,0020100070,20011108/SASCHH,Final,2001-11-09,01:00,1610612766,CHH,95,1610612759,SAS,105,,,,False
2001-2002,2002,0020100071,20011108/SEANJN,Final,2001-11-09,01:30,1610612751,NJN,106,1610612760,SEA,94,,,,False
2001-2002,2002,0020100072,20011108/MIAMIL,Final,2001-11-09,02:00,1610612749,MIL,86,1610612748,MIA,82,,,,False
2001-2002,2002,0020100073,20011108/CHIMIN,Final,2001-11-09,02:00,1610612750,MIN,127,1610612741,CHI,74,,,,False
2001-2002,2002,0020100074,20011108/DENDAL,Final,2001-11-09,02:30,1610612742,DAL,105,1610612743,DEN,91,,,,False
2001-2002,2002,0020100075,20011108/PHIHOU,Final,2001-11-09,03:00,1610612745,HOU,77,1610612755,PHI,72,,,,False
2001-2002,2002,0020100076,20011108/ATLPHX,Final,2001-11-09,03:00,1610612756,PHX,108,1610612737,ATL,80,,,,False
2001-2002,2002,0020100077,20011108/LACPOR,Final,2001-11-09,04:00,1610612757,POR,119,1610612746,LAC,101,,,,False
2001-2002,2002,0020100078,20011109/GSWWAS,Final,2001-11-10,01:00,1610612764,WAS,100,1610612744,GSW,109,,,,False
2001-2002,2002,0020100079,20011109/NYKIND,Final,2001-11-10,01:00,1610612754,IND,103,1610612752,NYK,95,,,,False
2001-2002,2002,0020100080,20011109/SEABOS,Final,2001-11-10,01:30,1610612738,BOS,104,1610612760,SEA,94,,,,False
2001-2002,2002,0020100081,20011109/SACORL,Final,2001-11-10,01:30,1610612753,ORL,115,1610612758,SAC,105,,,,False
2001-2002,2002,0020100082,20011109/HOUDEN,Final,2001-11-10,03:00,1610612743,DEN,108,1610612745,HOU,81,,,,False
2001-2002,2002,0020100083,20011109/MEMLAL,Final,2001-11-10,04:30,1610612747,LAL,110,1610612763,MEM,86,,,,False
2001-2002,2002,0020100084,20011110/CLENJN,Final,2001-11-10,19:00,1610612751,NJN,87,1610612739,CLE,84,,,,False
2001-2002,2002,0020100085,20011110/PHXLAC,Final,2001-11-10,21:30,1610612746,LAC,111,1610612756,PHX,102,,,,False
2001-2002,2002,0020100086,20011110/GSWNYK,Final,2001-11-11,01:30,1610612752,NYK,71,1610612744,GSW,90,,,,False
2001-2002,2002,0020100087,20011110/SACMIA,Final,2001-11-11,01:30,1610612748,MIA,75,1610612758,SAC,90,,,,False
2001-2002,2002,0020100088,20011110/PORIND,Final,2001-11-11,02:00,1610612754,IND,105,1610612757,POR,96,,,,False
2001-2002,2002,0020100089,20011110/CHHCHI,Final,2001-11-11,02:30,1610612741,CHI,85,1610612766,CHH,89,,,,False
2001-2002,2002,0020100090,20011110/MINMIL,Final,2001-11-11,02:30,1610612749,MIL,82,1610612750,MIN,98,,,,False
2001-2002,2002,0020100091,20011110/PHIDAL,Final,2001-11-11,02:30,1610612742,DAL,91,1610612755,PHI,98,,,,False
2001-2002,2002,0020100092,20011110/ATLSAS,Final,2001-11-11,02:30,1610612759,SAS,110,1610612737,ATL,88,,,,False
2001-2002,2002,0020100093,20011110/TORUTA,Final,2001-11-11,03:00,1610612762,UTA,96,1610612761,TOR,117,,,,False
2001-2002,2002,0020100094,20011111/SEAWAS,Final,2001-11-11,19:00,1610612764,WAS,84,1610612760,SEA,99,,,,False
2001-2002,2002,0020100095,20011111/PORDET,Final,2001-11-12,00:00,1610612765,DET,98,1610612757,POR,100,,,,False
2001-2002,2002,0020100096,20011111/TORDEN,Final,2001-11-12,03:00,1610612743,DEN,96,1610612761,TOR,85,,,,False
2001-2002,2002,0020100097,20011111/ORLLAL,Final,2001-11-12,03:30,1610612747,LAL,108,1610612753,ORL,95,,,,False
2001-2002,2002,0020100098,20011112/GSWMEM,Final,2001-11-13,02:00,1610612763,MEM,79,1610612744,GSW,86,,,,False
2001-2002,2002,0020100099,20011112/ORLUTA,Final,2001-11-13,03:00,1610612762,UTA,105,1610612753,ORL,98,,,,False
2001-2002,2002,0020100100,20011113/NJNIND,Final,2001-11-14,01:00,1610612754,IND,82,1610612751,NJN,91,,,,False
2001-2002,2002,0020100101,20011113/PORNYK,Final,2001-11-14,01:30,1610612752,NYK,89,1610612757,POR,82,,,,False
2001-2002,2002,0020100102,20011113/PHIMIA,Final,2001-11-14,01:30,1610612748,MIA,76,1610612755,PHI,82,,,,False
2001-2002,2002,0020100103,20011113/CLEMIN,Final,2001-11-14,02:00,1610612750,MIN,103,1610612739,CLE,107,,,,False
2001-2002,2002,0020100104,20011113/TORSAC,Final,2001-11-14,02:00,1610612758,SAC,95,1610612761,TOR,86,,,,False
2001-2002,2002,0020100105,20011113/HOUSAS,Final,2001-11-14,02:30,1610612759,SAS,90,1610612745,HOU,86,,,,False
2001-2002,2002,0020100106,20011113/CHIDEN,Final,2001-11-14,03:00,1610612743,DEN,101,1610612741,CHI,93,,,,False
2001-2002,2002,0020100107,20011113/PHXSEA,Final,2001-11-14,04:00,1610612760,SEA,91,1610612756,PHX,92,,,,False
2001-2002,2002,0020100108,20011114/INDBOS,Final,2001-11-15,01:00,1610612738,BOS,101,1610612754,IND,93,,,,False
2001-2002,2002,0020100109,20011114/CHHPHI,Final,2001-11-15,01:00,1610612755,PHI,100,1610612766,CHH,86,,,,False
2001-2002,2002,0020100110,20011114/MILWAS,Final,2001-11-15,01:00,1610612764,WAS,98,1610612749,MIL,107,,,,False
2001-2002,2002,0020100111,20011114/DALCLE,Final,2001-11-15,01:00,1610612739,CLE,94,1610612742,DAL,107,,,,False
2001-2002,2002,0020100112,20011114/UTAATL,Final,2001-11-15,01:30,1610612737,ATL,111,1610612762,UTA,79,,,,False
2001-2002,2002,0020100113,20011114/ORLPHX,Final,2001-11-15,02:00,1610612756,PHX,92,1610612753,ORL,93,,,,False
2001-2002,2002,0020100114,20011114/CHILAC,Final,2001-11-15,04:30,1610612746,LAC,106,1610612741,CHI,102,,,,False
2001-2002,2002,0020100115,20011114/TORGSW,Final,2001-11-15,04:30,1610612744,GSW,82,1610612761,TOR,89,,,,False
2001-2002,2002,0020100116,20011115/MIANYK,Final,2001-11-16,01:30,1610612752,NYK,83,1610612748,MIA,74,,,,False
2001-2002,2002,0020100117,20011115/DALDET,Final,2001-11-16,01:30,1610612765,DET,115,1610612742,DAL,89,,,,False
2001-2002,2002,0020100118,20011115/PORMEM,Final,2001-11-16,02:00,1610612763,MEM,85,1610612757,POR,101,,,,False
2001-2002,2002,0020100119,20011115/LALHOU,Final/OT,2001-11-16,03:00,1610612745,HOU,97,1610612747,LAL,98,,,,False
2001-2002,2002,0020100120,20011115/ORLDEN,Final,2001-11-16,03:00,1610612743,DEN,82,1610612753,ORL,101,,,,False
2001-2002,2002,0020100121,20011116/ATLPHI,Final,2001-11-17,01:00,1610612755,PHI,98,1610612737,ATL,78,,,,False
2001-2002,2002,0020100122,20011116/UTAWAS,Final,2001-11-17,01:00,1610612764,WAS,92,1610612762,UTA,101,,,,False
2001-2002,2002,0020100123,20011116/MININD,Final/OT2,2001-11-17,01:00,1610612754,IND,113,1610612750,MIN,120,,,,False
2001-2002,2002,0020100124,20011116/NYKNJN,Final,2001-11-17,01:30,1610612751,NJN,109,1610612752,NYK,83,,,,False
2001-2002,2002,0020100125,20011116/CHHMIA,Final,2001-11-17,01:30,1610612748,MIA,87,1610612766,CHH,96,,,,False
2001-2002,2002,0020100126,20011116/CLESAS,Final,2001-11-17,02:30,1610612759,SAS,105,1610612739,CLE,91,,,,False
2001-2002,2002,0020100127,20011116/LALPHX,Final,2001-11-17,03:00,1610612756,PHX,95,1610612747,LAL,83,,,,False
2001-2002,2002,0020100128,20011116/CHISAC,Final,2001-11-17,04:00,1610612758,SAC,105,1610612741,CHI,71,,,,False
2001-2002,2002,0020100129,20011116/GSWSEA,Final,2001-11-17,04:00,1610612760,SEA,100,1610612744,GSW,91,,,,False
2001-2002,2002,0020100130,20011116/TORLAC,Final,2001-11-17,04:30,1610612746,LAC,85,1610612761,TOR,94,,,,False
2001-2002,2002,0020100131,20011117/BOSATL,Final,2001-11-18,01:00,1610612737,ATL,112,1610612738,BOS,103,,,,False
2001-2002,2002,0020100132,20011117/PORCHH,Final,2001-11-18,01:30,1610612766,CHH,87,1610612757,POR,97,,,,False
2001-2002,2002,0020100133,20011117/INDDET,Final,2001-11-18,01:30,1610612765,DET,104,1610612754,IND,98,,,,False
2001-2002,2002,0020100134,20011117/PHINJN,Final,2001-11-18,02:00,1610612751,NJN,82,1610612755,PHI,94,,,,False
2001-2002,2002,0020100135,20011117/ORLMIN,Final,2001-11-18,02:00,1610612750,MIN,103,1610612753,ORL,95,,,,False
2001-2002,2002,0020100136,20011117/CLEMEM,Final,2001-11-18,02:00,1610612763,MEM,98,1610612739,CLE,93,,,,False
2001-2002,2002,0020100137,20011117/UTAMIL,Final,2001-11-18,02:30,1610612749,MIL,104,1610612762,UTA,93,,,,False
2001-2002,2002,0020100138,20011117/DALHOU,Final,2001-11-18,02:30,1610612745,HOU,124,1610612742,DAL,87,,,,False
2001-2002,2002,0020100139,20011117/CHIGSW,Final,2001-11-18,04:30,1610612744,GSW,93,1610612741,CHI,88,,,,False
2001-2002,2002,0020100140,20011117/DENSEA,Final,2001-11-18,04:30,1610612760,SEA,93,1610612743,DEN,103,,,,False
2001-2002,2002,0020100141,20011118/NYKLAC,Final,2001-11-18,21:30,1610612746,LAC,99,1610612752,NYK,86,,,,False
2001-2002,2002,0020100142,20011118/TORPHX,Final,2001-11-19,02:00,1610612756,PHX,81,1610612761,TOR,87,,,,False
2001-2002,2002,0020100143,20011118/SACLAL,Final,2001-11-19,03:30,1610612747,LAL,93,1610612758,SAC,85,,,,False
2001-2002,2002,0020100144,20011119/NJNDEN,Final/OT,2001-11-20,03:00,1610612743,DEN,99,1610612751,NJN,96,,,,False
2001-2002,2002,0020100145,20011119/HOUSAC,Final,2001-11-20,04:00,1610612758,SAC,113,1610612745,HOU,77,,,,False
2001-2002,2002,0020100146,20011120/CHHWAS,Final,2001-11-21,02:00,1610612764,WAS,88,1610612766,CHH,95,,,,False
2001-2002,2002,0020100147,20011120/DETTOR,Final,2001-11-21,00:30,1610612761,TOR,84,1610612765,DET,88,,,,False
2001-2002,2002,0020100148,20011120/ATLIND,Final,2001-11-21,01:00,1610612754,IND,106,1610612737,ATL,102,,,,False
2001-2002,2002,0020100149,20011120/MINMIA,Final,2001-11-21,02:00,1610612748,MIA,73,1610612750,MIN,80,,,,False
2001-2002,2002,0020100150,20011120/SEADAL,Final,2001-11-21,02:30,1610612742,DAL,97,1610612760,SEA,105,,,,False
2001-2002,2002,0020100151,20011120/HOUPOR,Final,2001-11-21,04:00,1610612757,POR,87,1610612745,HOU,94,,,,False
2001-2002,2002,0020100152,20011120/LALLAC,Final,2001-11-21,04:30,1610612746,LAC,93,1610612747,LAL,98,,,,False
2001-2002,2002,0020100153,20011120/NYKGSW,Final,2001-11-21,04:30,1610612744,GSW,70,1610612752,NYK,94,,,,False
2001-2002,2002,0020100154,20011121/ATLBOS,Final,2001-11-22,01:00,1610612738,BOS,85,1610612737,ATL,92,,,,False
2001-2002,2002,0020100155,20011121/DETPHI,Final,2001-11-22,01:00,1610612755,PHI,94,1610612765,DET,89,,,,False
2001-2002,2002,0020100156,20011121/DALCHH,Final,2001-11-22,01:00,1610612766,CHH,78,1610612742,DAL,89,,,,False
2001-2002,2002,0020100157,20011121/MEMCLE,Final,2001-11-22,01:00,1610612739,CLE,101,1610612763,MEM,94,,,,False
2001-2002,2002,0020100158,20011121/MINORL,Final,2001-11-22,01:30,1610612753,ORL,117,1610612750,MIN,106,,,,False
2001-2002,2002,0020100159,20011121/CHIMIL,Final,2001-11-22,02:00,1610612749,MIL,96,1610612741,CHI,92,,,,False
2001-2002,2002,0020100160,20011121/SEASAS,Final,2001-11-22,02:30,1610612759,SAS,110,1610612760,SEA,93,,,,False
2001-2002,2002,0020100161,20011121/LALDEN,Final,2001-11-22,03:00,1610612743,DEN,68,1610612747,LAL,89,,,,False
2001-2002,2002,0020100162,20011121/NJNUTA,Final/OT,2001-11-22,03:00,1610612762,UTA,89,1610612751,NJN,90,,,,False
2001-2002,2002,0020100163,20011121/NYKPHX,Final,2001-11-22,03:00,1610612756,PHX,96,1610612752,NYK,72,,,,False
2001-2002,2002,0020100164,20011121/PORSAC,Final,2001-11-22,04:00,1610612758,SAC,95,1610612757,POR,83,,,,False
2001-2002,2002,0020100165,20011122/WASIND,Final,2001-11-23,02:00,1610612754,IND,110,1610612764,WAS,103,,,,False
2001-2002,2002,0020100166,20011122/MILTOR,Final,2001-11-23,02:00,1610612761,TOR,75,1610612749,MIL,78,,,,False
2001-2002,2002,0020100167,20011122/NJNLAC,Final,2001-11-23,04:30,1610612746,LAC,90,1610612751,NJN,95,,,,False
2001-2002,2002,0020100168,20011123/CLEPHI,Final,2001-11-24,01:00,1610612755,PHI,79,1610612739,CLE,68,,,,False
2001-2002,2002,0020100169,20011123/TORBOS,Final,2001-11-24,01:30,1610612738,BOS,89,1610612761,TOR,91,,,,False
2001-2002,2002,0020100170,20011123/DALMIA,Final,2001-11-24,01:30,1610612748,MIA,94,1610612742,DAL,104,,,,False
2001-2002,2002,0020100171,20011123/ORLCHH,Final,2001-11-24,01:30,1610612766,CHH,99,1610612753,ORL,109,,,,False
2001-2002,2002,0020100172,20011123/DETATL,Final,2001-11-24,01:30,1610612737,ATL,106,1610612765,DET,99,,,,False
2001-2002,2002,0020100173,20011123/SASIND,Final,2001-11-24,02:00,1610612754,IND,79,1610612759,SAS,97,,,,False
2001-2002,2002,0020100174,20011123/PHXMEM,Final,2001-11-24,02:00,1610612763,MEM,89,1610612756,PHX,103,,,,False
2001-2002,2002,0020100175,20011123/LACUTA,Final,2001-11-24,03:00,1610612762,UTA,106,1610612746,LAC,101,,,,False
2001-2002,2002,0020100176,20011123/DENPOR,Final,2001-11-24,04:00,1610612757,POR,97,1610612743,DEN,90,,,,False
2001-2002,2002,0020100177,20011123/HOUSEA,Final,2001-11-24,04:00,1610612760,SEA,99,1610612745,HOU,81,,,,False
2001-2002,2002,0020100178,20011123/GSWLAL,Final,2001-11-24,04:30,1610612747,LAL,106,1610612744,GSW,90,,,,False
2001-2002,2002,0020100179,20011124/CHINYK,Final,2001-11-24,19:00,1610612752,NYK,78,1610612741,CHI,71,,,,False
2001-2002,2002,0020100180,20011124/BOSWAS,Final/OT,2001-11-25,01:00,1610612764,WAS,88,1610612738,BOS,84,,,,False
2001-2002,2002,0020100181,20011124/CHHORL,Final,2001-11-25,01:30,1610612753,ORL,101,1610612766,CHH,103,,,,False
2001-2002,2002,0020100182,20011124/MIACLE,Final/OT,2001-11-25,01:30,1610612739,CLE,100,1610612748,MIA,96,,,,False
2001-2002,2002,0020100183,20011124/MEMDET,Final,2001-11-25,01:30,1610612765,DET,91,1610612763,MEM,84,,,,False
2001-2002,2002,0020100184,20011124/SASMIN,Final,2001-11-25,02:00,1610612750,MIN,99,1610612759,SAS,94,,,,False
2001-2002,2002,0020100185,20011124/PHXDAL,Final,2001-11-25,02:30,1610612742,DAL,119,1610612756,PHX,104,,,,False
2001-2002,2002,0020100186,20011124/ATLMIL,Final,2001-11-25,03:00,1610612749,MIL,95,1610612737,ATL,88,,,,False
2001-2002,2002,0020100187,20011124/NJNSAC,Final,2001-11-25,04:00,1610612758,SAC,98,1610612751,NJN,97,,,,False
2001-2002,2002,0020100188,20011125/PHITOR,Final,2001-11-25,18:30,1610612761,TOR,107,1610612755,PHI,88,,,,False
2001-2002,2002,0020100189,20011125/HOULAC,Final,2001-11-25,21:30,1610612746,LAC,90,1610612745,HOU,83,,,,False
2001-2002,2002,0020100190,20011125/INDSEA,Final,2001-11-26,01:00,1610612760,SEA,99,1610612754,IND,88,,,,False
2001-2002,2002,0020100191,20011125/NJNGSW,Final,2001-11-26,03:00,1610612744,GSW,101,1610612751,NJN,85,,,,False
2001-2002,2002,0020100192,20011125/DENLAL,Final,2001-11-26,03:30,1610612747,LAL,105,1610612743,DEN,98,,,,False
2001-2002,2002,0020100193,20011126/ATLNYK,Final,2001-11-27,01:30,1610612752,NYK,88,1610612737,ATL,83,,,,False
2001-2002,2002,0020100194,20011126/DETORL,Final,2001-11-27,01:30,1610612753,ORL,100,1610612765,DET,105,,,,False
2001-2002,2002,0020100195,20011126/SACMEM,Final,2001-11-27,02:00,1610612763,MEM,98,1610612758,SAC,94,,,,False
2001-2002,2002,0020100196,20011126/PHXUTA,Final/OT,2001-11-27,03:00,1610612762,UTA,104,1610612756,PHX,111,,,,False
2001-2002,2002,0020100197,20011127/WASCLE,Final,2001-11-28,01:00,1610612739,CLE,94,1610612764,WAS,75,,,,False
2001-2002,2002,0020100198,20011127/CHINJN,Final,2001-11-28,01:30,1610612751,NJN,100,1610612741,CHI,68,,,,False
2001-2002,2002,0020100199,20011127/BOSMIA,Final,2001-11-28,01:30,1610612748,MIA,83,1610612738,BOS,84,,,,False
2001-2002,2002,0020100200,20011127/SACHOU,Final,2001-11-28,02:00,1610612745,HOU,84,1610612758,SAC,89,,,,False
2001-2002,2002,0020100201,20011127/GSWDAL,Final,2001-11-28,02:30,1610612742,DAL,116,1610612744,GSW,106,,,,False
2001-2002,2002,0020100202,20011127/INDPOR,Final,2001-11-28,04:00,1610612757,POR,96,1610612754,IND,90,,,,False
2001-2002,2002,0020100203,20011127/MINSEA,Final,2001-11-28,04:00,1610612760,SEA,112,1610612750,MIN,102,,,,False
2001-2002,2002,0020100204,20011127/MILLAL,Final,2001-11-28,04:30,1610612747,LAL,104,1610612749,MIL,85,,,,False
2001-2002,2002,0020100205,20011128/NYKATL,Final,2001-11-29,01:30,1610612737,ATL,100,1610612752,NYK,105,,,,False
2001-2002,2002,0020100206,20011128/CHHDET,Final,2001-11-29,01:30,1610612765,DET,96,1610612766,CHH,104,,,,False
2001-2002,2002,0020100207,20011128/WASPHI,Final,2001-11-29,02:00,1610612755,PHI,87,1610612764,WAS,94,,,,False
2001-2002,2002,0020100208,20011128/GSWSAS,Final,2001-11-29,02:30,1610612759,SAS,94,1610612744,GSW,83,,,,False
2001-2002,2002,0020100209,20011128/INDDEN,Final,2001-11-29,03:00,1610612743,DEN,85,1610612754,IND,99,,,,False
2001-2002,2002,0020100210,20011128/SEAUTA,Final,2001-11-29,03:00,1610612762,UTA,112,1610612760,SEA,88,,,,False
2001-2002,2002,0020100211,20011128/MILPHX,Final,2001-11-29,03:00,1610612756,PHX,104,1610612749,MIL,84,,,,False
2001-2002,2002,0020100212,20011128/MINLAC,Final,2001-11-29,04:30,1610612746,LAC,94,1610612750,MIN,75,,,,False
2001-2002,2002,0020100213,20011129/MEMTOR,Final,2001-11-30,00:30,1610612761,TOR,91,1610612763,MEM,88,,,,False
2001-2002,2002,0020100214,20011129/ATLCLE,Final,2001-11-30,01:00,1610612739,CLE,96,1610612737,ATL,105,,,,False
2001-2002,2002,0020100215,20011129/BOSORL,Final,2001-11-30,01:30,1610612753,ORL,89,1610612738,BOS,99,,,,False
2001-2002,2002,0020100216,20011129/MIACHI,Final,2001-11-30,02:30,1610612741,CHI,78,1610612748,MIA,72,,,,False
2001-2002,2002,0020100217,20011129/SACDAL,Final,2001-11-30,02:30,1610612742,DAL,98,1610612758,SAC,110,,,,False
2001-2002,2002,0020100218,20011130/WASMIA,Final,2001-12-01,01:30,1610612748,MIA,75,1610612764,WAS,84,,,,False
2001-2002,2002,0020100219,20011130/DETCHH,Final,2001-12-01,01:30,1610612766,CHH,105,1610612765,DET,110,,,,False
2001-2002,2002,0020100220,20011130/HOUMEM,Final,2001-12-01,02:00,1610612763,MEM,102,1610612745,HOU,85,,,,False
2001-2002,2002,0020100221,20011130/SACSAS,Final/OT,2001-12-01,02:30,1610612759,SAS,106,1610612758,SAC,109,,,,False
2001-2002,2002,0020100222,20011130/LACDEN,Final,2001-12-01,03:00,1610612743,DEN,96,1610612746,LAC,93,,,,False
2001-2002,2002,0020100223,20011130/UTAPHX,Final,2001-12-01,03:00,1610612756,PHX,98,1610612762,UTA,76,,,,False
2001-2002,2002,0020100224,20011130/MILPOR,Final,2001-12-01,04:00,1610612757,POR,101,1610612749,MIL,95,,,,False
2001-2002,2002,0020100225,20011130/LALSEA,Final,2001-12-01,04:00,1610612760,SEA,92,1610612747,LAL,107,,,,False
2001-2002,2002,0020100226,20011201/BOSNJN,Final/OT,2001-12-01,19:00,1610612751,NJN,98,1610612738,BOS,105,,,,False
2001-2002,2002,0020100227,20011201/TORATL,Final,2001-12-01,20:00,1610612737,ATL,103,1610612761,TOR,104,,,,False
2001-2002,2002,0020100228,20011201/ORLWAS,Final,2001-12-02,00:30,1610612764,WAS,87,1610612753,ORL,96,,,,False
2001-2002,2002,0020100229,20011201/DETNYK,Final,2001-12-02,02:00,1610612752,NYK,97,1610612765,DET,100,,,,False
2001-2002,2002,0020100230,20011201/CHHCLE,Final,2001-12-02,01:30,1610612739,CLE,93,1610612766,CHH,81,,,,False
2001-2002,2002,0020100231,20011201/PHICHI,Final,2001-12-02,02:30,1610612741,CHI,76,1610612755,PHI,93,,,,False
2001-2002,2002,0020100232,20011201/SASHOU,Final,2001-12-02,02:30,1610612745,HOU,75,1610612759,SAS,85,,,,False
2001-2002,2002,0020100233,20011201/INDUTA,Final,2001-12-02,03:00,1610612762,UTA,97,1610612754,IND,100,,,,False
2001-2002,2002,0020100234,20011201/PHXPOR,Final,2001-12-02,04:00,1610612757,POR,83,1610612756,PHX,97,,,,False
2001-2002,2002,0020100235,20011201/MINLAL,Final,2001-12-02,04:30,1610612747,LAL,102,1610612750,MIN,76,,,,False
2001-2002,2002,0020100236,20011201/DALGSW,Final,2001-12-02,04:30,1610612744,GSW,82,1610612742,DAL,111,,,,False
2001-2002,2002,0020100237,20011202/BOSTOR,Final,2001-12-02,21:00,1610612761,TOR,69,1610612738,BOS,85,,,,False
2001-2002,2002,0020100238,20011202/MEMPHI,Final,2001-12-03,00:00,1610612755,PHI,87,1610612763,MEM,93,,,,False
2001-2002,2002,0020100239,20011202/INDLAC,Final,2001-12-03,03:00,1610612746,LAC,103,1610612754,IND,72,,,,False
2001-2002,2002,0020100240,20011202/DALSAC,Final/OT,2001-12-03,03:00,1610612758,SAC,114,1610612742,DAL,120,,,,False
2001-2002,2002,0020100241,20011202/MILSEA,Final,2001-12-03,03:00,1610612760,SEA,97,1610612749,MIL,83,,,,False
2001-2002,2002,0020100242,20011203/HOUNYK,Final,2001-12-04,01:30,1610612752,NYK,89,1610612745,HOU,86,,,,False
2001-2002,2002,0020100243,20011203/MEMORL,Final,2001-12-04,01:30,1610612753,ORL,113,1610612763,MEM,71,,,,False
2001-2002,2002,0020100244,20011203/GSWPHX,Final,2001-12-04,03:00,1610612756,PHX,110,1610612744,GSW,93,,,,False
2001-2002,2002,0020100245,20011204/DETCLE,Final,2001-12-05,01:00,1610612739,CLE,100,1610612765,DET,88,,,,False
2001-2002,2002,0020100246,20011204/DENIND,Final,2001-12-05,01:00,1610612754,IND,104,1610612743,DEN,96,,,,False
2001-2002,2002,0020100247,20011204/NYKMIL,Final,2001-12-05,02:00,1610612749,MIL,71,1610612752,NYK,85,,,,False
2001-2002,2002,0020100248,20011204/SEAMIN,Final,2001-12-05,02:00,1610612750,MIN,108,1610612760,SEA,83,,,,False
2001-2002,2002,0020100249,20011204/PHISAC,Final,2001-12-05,02:00,1610612758,SAC,94,1610612755,PHI,84,,,,False
2001-2002,2002,0020100250,20011204/HOUCHI,Final,2001-12-05,02:30,1610612741,CHI,103,1610612745,HOU,75,,,,False
2001-2002,2002,0020100251,20011204/WASSAS,Final,2001-12-05,02:30,1610612759,SAS,103,1610612764,WAS,88,,,,False
2001-2002,2002,0020100252,20011204/CHHUTA,Final,2001-12-05,03:00,1610612762,UTA,104,1610612766,CHH,100,,,,False
2001-2002,2002,0020100253,20011204/MIALAC,Final,2001-12-05,04:30,1610612746,LAC,87,1610612748,MIA,83,,,,False
2001-2002,2002,0020100254,20011205/DENBOS,Final,2001-12-06,01:00,1610612738,BOS,95,1610612743,DEN,80,,,,False
2001-2002,2002,0020100255,20011205/CHIORL,Final,2001-12-06,01:30,1610612753,ORL,102,1610612741,CHI,74,,,,False
2001-2002,2002,0020100256,20011205/SASATL,Final,2001-12-06,01:30,1610612737,ATL,112,1610612759,SAS,120,,,,False
2001-2002,2002,0020100257,20011205/SEADET,Final,2001-12-06,01:30,1610612765,DET,95,1610612760,SEA,91,,,,False
2001-2002,2002,0020100258,20011205/PHXNJN,Final,2001-12-06,02:00,1610612751,NJN,106,1610612756,PHX,87,,,,False
2001-2002,2002,0020100259,20011205/DALLAL,Final,2001-12-06,04:30,1610612747,LAL,98,1610612742,DAL,94,,,,False
2001-2002,2002,0020100260,20011205/PHIGSW,Final,2001-12-06,04:30,1610612744,GSW,93,1610612755,PHI,87,,,,False
2001-2002,2002,0020100261,20011206/MINMEM,Final,2001-12-07,02:00,1610612763,MEM,80,1610612750,MIN,105,,,,False
2001-2002,2002,0020100262,20011206/WASHOU,Final,2001-12-07,02:30,1610612745,HOU,82,1610612764,WAS,85,,,,False
2001-2002,2002,0020100263,20011206/TORMIL,Final,2001-12-07,03:00,1610612749,MIL,95,1610612761,TOR,89,,,,False
2001-2002,2002,0020100264,20011206/CHHPOR,Final,2001-12-07,04:00,1610612757,POR,89,1610612766,CHH,95,,,,False
2001-2002,2002,0020100265,20011207/DENTOR,Final/OT,2001-12-08,01:00,1610612761,TOR,98,1610612743,DEN,96,,,,False
2001-2002,2002,0020100266,20011207/CHIIND,Final,2001-12-08,01:00,1610612754,IND,98,1610612741,CHI,83,,,,False
2001-2002,2002,0020100267,20011207/PHXBOS,Final/OT,2001-12-08,01:30,1610612738,BOS,109,1610612756,PHX,102,,,,False
2001-2002,2002,0020100268,20011207/CLENJN,Final,2001-12-08,01:30,1610612751,NJN,96,1610612739,CLE,84,,,,False
2001-2002,2002,0020100269,20011207/ATLORL,Final,2001-12-08,01:30,1610612753,ORL,129,1610612737,ATL,94,,,,False
2001-2002,2002,0020100270,20011207/PHISAS,Final,2001-12-08,02:30,1610612759,SAS,86,1610612755,PHI,76,,,,False
2001-2002,2002,0020100271,20011207/LALSAC,Final,2001-12-08,04:00,1610612758,SAC,97,1610612747,LAL,91,,,,False
2001-2002,2002,0020100272,20011207/MIASEA,Final/OT,2001-12-08,04:00,1610612760,SEA,94,1610612748,MIA,98,,,,False
2001-2002,2002,0020100273,20011207/UTALAC,Final,2001-12-08,04:30,1610612746,LAC,86,1610612762,UTA,102,,,,False
2001-2002,2002,0020100274,20011207/CHHGSW,Final,2001-12-08,04:30,1610612744,GSW,89,1610612766,CHH,106,,,,False
2001-2002,2002,0020100275,20011208/ORLATL,Final,2001-12-09,01:00,1610612737,ATL,107,1610612753,ORL,104,,,,False
2001-2002,2002,0020100276,20011208/INDNYK,Final,2001-12-09,01:30,1610612752,NYK,101,1610612754,IND,99,,,,False
2001-2002,2002,0020100277,20011208/DENCLE,Final,2001-12-09,01:30,1610612739,CLE,109,1610612743,DEN,99,,,,False
2001-2002,2002,0020100278,20011208/HOUMIN,Final,2001-12-09,02:00,1610612750,MIN,107,1610612745,HOU,97,,,,False
2001-2002,2002,0020100279,20011208/PHIMEM,Final,2001-12-09,02:00,1610612763,MEM,92,1610612755,PHI,83,,,,False
2001-2002,2002,0020100280,20011208/BOSCHI,Final,2001-12-09,02:30,1610612741,CHI,87,1610612738,BOS,84,,,,False
2001-2002,2002,0020100281,20011208/NJNMIL,Final,2001-12-09,02:30,1610612749,MIL,95,1610612751,NJN,79,,,,False
2001-2002,2002,0020100282,20011208/WASDAL,Final,2001-12-09,02:30,1610612742,DAL,95,1610612764,WAS,102,,,,False
2001-2002,2002,0020100283,20011208/GSWUTA,Final,2001-12-09,03:00,1610612762,UTA,111,1610612744,GSW,101,,,,False
2001-2002,2002,0020100284,20011208/SEAPOR,Final,2001-12-09,04:00,1610612757,POR,113,1610612760,SEA,92,,,,False
2001-2002,2002,0020100285,20011209/PHXTOR,Final,2001-12-09,21:00,1610612761,TOR,90,1610612756,PHX,91,,,,False
2001-2002,2002,0020100286,20011209/HOUDET,Final,2001-12-10,00:00,1610612765,DET,105,1610612745,HOU,77,,,,False
2001-2002,2002,0020100287,20011209/CHHLAC,Final,2001-12-10,03:00,1610612746,LAC,89,1610612766,CHH,78,,,,False
2001-2002,2002,0020100288,20011209/MIASAC,Final,2001-12-10,03:00,1610612758,SAC,95,1610612748,MIA,88,,,,False
2001-2002,2002,0020100289,20011210/DALUTA,Final,2001-12-11,03:00,1610612762,UTA,107,1610612742,DAL,98,,,,False
2001-2002,2002,0020100290,20011210/ORLLAC,Final,2001-12-11,04:30,1610612746,LAC,100,1610612753,ORL,92,,,,False
2001-2002,2002,0020100291,20011211/BOSNYK,Final/OT,2001-12-12,01:30,1610612752,NYK,93,1610612738,BOS,102,,,,False
2001-2002,2002,0020100292,20011211/MILMIA,Final,2001-12-12,01:30,1610612748,MIA,99,1610612749,MIL,97,,,,False
2001-2002,2002,0020100293,20011211/PHIATL,Final,2001-12-12,02:00,1610612737,ATL,89,1610612755,PHI,87,,,,False
2001-2002,2002,0020100294,20011211/GSWMIN,Final,2001-12-12,02:00,1610612750,MIN,107,1610612744,GSW,86,,,,False
2001-2002,2002,0020100295,20011211/WASMEM,Final,2001-12-12,02:00,1610612763,MEM,81,1610612764,WAS,91,,,,False
2001-2002,2002,0020100296,20011211/NJNCHI,Final,2001-12-12,02:30,1610612741,CHI,93,1610612751,NJN,107,,,,False
2001-2002,2002,0020100297,20011211/PORDAL,Final,2001-12-12,02:30,1610612742,DAL,105,1610612757,POR,103,,,,False
2001-2002,2002,0020100298,20011211/CLEHOU,Final,2001-12-12,02:30,1610612745,HOU,102,1610612739,CLE,107,,,,False
2001-2002,2002,0020100299,20011211/CHHDEN,Final,2001-12-12,03:00,1610612743,DEN,96,1610612766,CHH,99,,,,False
2001-2002,2002,0020100300,20011211/ORLSAC,Final,2001-12-12,04:00,1610612758,SAC,112,1610612753,ORL,100,,,,False
2001-2002,2002,0020100301,20011211/SEALAL,Final,2001-12-12,04:30,1610612747,LAL,93,1610612760,SEA,104,,,,False
2001-2002,2002,0020100302,20011212/MIAWAS,Final,2001-12-13,02:00,1610612764,WAS,82,1610612748,MIA,80,,,,False
2001-2002,2002,0020100303,20011212/TORSAS,Final,2001-12-13,02:00,1610612759,SAS,108,1610612761,TOR,95,,,,False
2001-2002,2002,0020100304,20011212/MINUTA,Final,2001-12-13,03:00,1610612762,UTA,87,1610612750,MIN,98,,,,False
2001-2002,2002,0020100305,20011212/SACPHX,Final,2001-12-13,03:00,1610612756,PHX,114,1610612758,SAC,88,,,,False
2001-2002,2002,0020100306,20011212/SEALAC,Final,2001-12-13,04:30,1610612746,LAC,114,1610612760,SEA,94,,,,False
2001-2002,2002,0020100307,20011213/TORCHH,Final,2001-12-14,01:00,1610612766,CHH,104,1610612761,TOR,90,,,,False
2001-2002,2002,0020100308,20011213/HOUIND,Final/OT,2001-12-14,01:00,1610612754,IND,108,1610612745,HOU,106,,,,False
2001-2002,2002,0020100309,20011213/NYKDET,Final,2001-12-14,01:30,1610612765,DET,99,1610612752,NYK,97,,,,False
2001-2002,2002,0020100310,20011213/CLEDAL,Final,2001-12-14,02:30,1610612742,DAL,102,1610612739,CLE,82,,,,False
2001-2002,2002,0020100311,20011213/MEMDEN,Final,2001-12-14,03:00,1610612743,DEN,89,1610612763,MEM,86,,,,False
2001-2002,2002,0020100312,20011213/ORLGSW,Final,2001-12-14,03:00,1610612744,GSW,100,1610612753,ORL,105,,,,False
2001-2002,2002,0020100313,20011214/MILPHI,Final,2001-12-15,01:00,1610612755,PHI,80,1610612749,MIL,96,,,,False
2001-2002,2002,0020100314,20011214/NYKWAS,Final,2001-12-15,01:00,1610612764,WAS,96,1610612752,NYK,80,,,,False
2001-2002,2002,0020100315,20011214/CHIBOS,Final,2001-12-15,01:30,1610612738,BOS,107,1610612741,CHI,101,,,,False
2001-2002,2002,0020100316,20011214/NJNMIA,Final,2001-12-15,01:30,1610612748,MIA,86,1610612751,NJN,95,,,,False
2001-2002,2002,0020100317,20011214/SACMIN,Final,2001-12-15,02:00,1610612750,MIN,114,1610612758,SAC,94,,,,False
2001-2002,2002,0020100318,20011214/PORUTA,Final,2001-12-15,03:00,1610612762,UTA,93,1610612757,POR,85,,,,False
2001-2002,2002,0020100319,20011214/SASPHX,Final,2001-12-15,03:00,1610612756,PHX,93,1610612759,SAS,105,,,,False
2001-2002,2002,0020100320,20011214/LACLAL,Final,2001-12-15,04:30,1610612747,LAL,110,1610612746,LAC,80,,,,False
2001-2002,2002,0020100321,20011215/BOSCHH,Final,2001-12-16,01:30,1610612766,CHH,97,1610612738,BOS,106,,,,False
2001-2002,2002,0020100322,20011215/PHICLE,Final,2001-12-16,01:30,1610612739,CLE,91,1610612755,PHI,94,,,,False
2001-2002,2002,0020100323,20011215/ATLCHI,Final,2001-12-16,02:30,1610612741,CHI,79,1610612737,ATL,80,,,,False
2001-2002,2002,0020100324,20011215/INDMIL,Final,2001-12-16,02:30,1610612749,MIL,115,1610612754,IND,95,,,,False
2001-2002,2002,0020100325,20011215/MINDAL,Final,2001-12-16,02:30,1610612742,DAL,125,1610612750,MIN,117,,,,False
2001-2002,2002,0020100326,20011215/MIAHOU,Final,2001-12-16,02:30,1610612745,HOU,73,1610612748,MIA,76,,,,False
2001-2002,2002,0020100327,20011215/UTASAS,Final,2001-12-16,02:30,1610612759,SAS,100,1610612762,UTA,80,,,,False
2001-2002,2002,0020100328,20011215/PHXDEN,Final,2001-12-16,03:00,1610612743,DEN,106,1610612756,PHX,98,,,,False
2001-2002,2002,0020100329,20011215/ORLPOR,Final,2001-12-16,04:00,1610612757,POR,117,1610612753,ORL,106,,,,False
2001-2002,2002,0020100330,20011215/MEMGSW,Final,2001-12-16,04:30,1610612744,GSW,93,1610612763,MEM,84,,,,False
2001-2002,2002,0020100331,20011216/WASTOR,Final,2001-12-16,21:00,1610612761,TOR,88,1610612764,WAS,93,,,,False
2001-2002,2002,0020100332,20011216/DETLAC,Final,2001-12-16,21:30,1610612746,LAC,82,1610612765,DET,77,,,,False
2001-2002,2002,0020100333,20011216/NJNNYK,Final,2001-12-17,01:00,1610612752,NYK,96,1610612751,NJN,114,,,,False
2001-2002,2002,0020100334,20011216/MEMSAC,Final,2001-12-17,03:00,1610612758,SAC,104,1610612763,MEM,87,,,,False
2001-2002,2002,0020100335,20011216/ORLSEA,Final,2001-12-17,03:00,1610612760,SEA,114,1610612753,ORL,91,,,,False
2001-2002,2002,0020100336,20011216/GSWLAL,Final,2001-12-17,03:30,1610612747,LAL,101,1610612744,GSW,85,,,,False
2001-2002,2002,0020100337,20011217/BOSPHI,Final,2001-12-18,01:00,1610612755,PHI,99,1610612738,BOS,83,,,,False
2001-2002,2002,0020100338,20011218/NYKCHH,Final,2001-12-19,01:00,1610612766,CHH,95,1610612752,NYK,100,,,,False
2001-2002,2002,0020100339,20011218/CHICLE,Final,2001-12-19,01:00,1610612739,CLE,102,1610612741,CHI,84,,,,False
2001-2002,2002,0020100340,20011218/UTAMIA,Final,2001-12-19,01:30,1610612748,MIA,56,1610612762,UTA,95,,,,False
2001-2002,2002,0020100341,20011218/INDATL,Final,2001-12-19,01:30,1610612737,ATL,100,1610612754,IND,103,,,,False
2001-2002,2002,0020100342,20011218/DALMIN,Final,2001-12-19,02:00,1610612750,MIN,103,1610612742,DAL,107,,,,False
2001-2002,2002,0020100343,20011218/MILMEM,Final,2001-12-19,02:00,1610612763,MEM,105,1610612749,MIL,114,,,,False
2001-2002,2002,0020100344,20011218/LACPHX,Final,2001-12-19,02:00,1610612756,PHX,92,1610612746,LAC,96,,,,False
2001-2002,2002,0020100345,20011218/PORHOU,Final,2001-12-19,02:30,1610612745,HOU,92,1610612757,POR,101,,,,False
2001-2002,2002,0020100346,20011218/SASDEN,Final,2001-12-19,03:00,1610612743,DEN,93,1610612759,SAS,102,,,,False
2001-2002,2002,0020100347,20011218/DETSAC,Final,2001-12-19,04:00,1610612758,SAC,102,1610612765,DET,98,,,,False
2001-2002,2002,0020100348,20011219/CLEBOS,Final,2001-12-20,01:00,1610612738,BOS,104,1610612739,CLE,98,,,,False
2001-2002,2002,0020100349,20011219/CHHPHI,Final,2001-12-20,01:00,1610612755,PHI,85,1610612766,CHH,94,,,,False
2001-2002,2002,0020100350,20011219/ATLWAS,Final,2001-12-20,01:00,1610612764,WAS,103,1610612737,ATL,76,,,,False
2001-2002,2002,0020100351,20011219/MINNJN,Final/OT,2001-12-20,01:30,1610612751,NJN,117,1610612750,MIN,112,,,,False
2001-2002,2002,0020100352,20011219/UTAORL,Final,2001-12-20,01:30,1610612753,ORL,98,1610612762,UTA,90,,,,False
2001-2002,2002,0020100353,20011219/TORIND,Final,2001-12-20,02:00,1610612754,IND,90,1610612761,TOR,102,,,,False
2001-2002,2002,0020100354,20011219/PORSAS,Final,2001-12-20,02:30,1610612759,SAS,97,1610612757,POR,79,,,,False
2001-2002,2002,0020100355,20011219/SACSEA,Final,2001-12-20,04:00,1610612760,SEA,104,1610612758,SAC,92,,,,False
2001-2002,2002,0020100356,20011219/DETGSW,Final,2001-12-20,04:30,1610612744,GSW,101,1610612765,DET,88,,,,False
2001-2002,2002,0020100357,20011220/CHITOR,Final,2001-12-21,01:00,1610612761,TOR,96,1610612741,CHI,91,,,,False
2001-2002,2002,0020100358,20011220/MEMNYK,Final,2001-12-21,01:30,1610612752,NYK,88,1610612763,MEM,90,,,,False
2001-2002,2002,0020100359,20011220/MILDAL,Final,2001-12-21,02:30,1610612742,DAL,113,1610612749,MIL,101,,,,False
2001-2002,2002,0020100360,20011220/LALHOU,Final,2001-12-21,03:00,1610612745,HOU,101,1610612747,LAL,107,,,,False
2001-2002,2002,0020100361,20011221/ATLPHI,Final,2001-12-22,01:00,1610612755,PHI,94,1610612737,ATL,83,,,,False
2001-2002,2002,0020100362,20011221/NJNIND,Final,2001-12-22,01:00,1610612754,IND,100,1610612751,NJN,94,,,,False
2001-2002,2002,0020100363,20011221/UTABOS,Final,2001-12-22,01:30,1610612738,BOS,98,1610612762,UTA,92,,,,False
2001-2002,2002,0020100364,20011221/WASORL,Final,2001-12-22,01:30,1610612753,ORL,75,1610612764,WAS,93,,,,False
2001-2002,2002,0020100365,20011221/CLEMIA,Final/OT,2001-12-22,01:30,1610612748,MIA,81,1610612739,CLE,86,,,,False
2001-2002,2002,0020100366,20011221/CHHMIN,Final,2001-12-22,02:00,1610612750,MIN,94,1610612766,CHH,89,,,,False
2001-2002,2002,0020100367,20011221/LALMEM,Final,2001-12-22,02:00,1610612763,MEM,114,1610612747,LAL,108,,,,False
2001-2002,2002,0020100368,20011221/DENSAS,Final,2001-12-22,02:30,1610612759,SAS,109,1610612743,DEN,74,,,,False
2001-2002,2002,0020100369,20011221/DETPOR,Final,2001-12-22,04:00,1610612757,POR,83,1610612765,DET,81,,,,False
2001-2002,2002,0020100370,20011221/SEAGSW,Final/OT,2001-12-22,04:30,1610612744,GSW,108,1610612760,SEA,111,,,,False
2001-2002,2002,0020100371,20011222/CHHATL,Final,2001-12-23,01:00,1610612737,ATL,101,1610612766,CHH,88,,,,False
2001-2002,2002,0020100372,20011222/WASNYK,Final,2001-12-23,01:30,1610612752,NYK,86,1610612764,WAS,87,,,,False
2001-2002,2002,0020100373,20011222/INDCLE,Final,2001-12-23,01:30,1610612739,CLE,103,1610612754,IND,109,,,,False
2001-2002,2002,0020100374,20011222/UTANJN,Final,2001-12-23,02:00,1610612751,NJN,90,1610612762,UTA,104,,,,False
2001-2002,2002,0020100375,20011222/MINCHI,Final,2001-12-23,02:30,1610612741,CHI,74,1610612750,MIN,95,,,,False
2001-2002,2002,0020100376,20011222/ORLDAL,Final,2001-12-23,02:30,1610612742,DAL,102,1610612753,ORL,80,,,,False
2001-2002,2002,0020100377,20011222/MILHOU,Final,2001-12-23,02:30,1610612745,HOU,115,1610612749,MIL,110,,,,False
2001-2002,2002,0020100378,20011222/GSWDEN,Final,2001-12-23,03:00,1610612743,DEN,101,1610612744,GSW,105,,,,False
2001-2002,2002,0020100379,20011222/PORPHX,Final,2001-12-23,03:00,1610612756,PHX,102,1610612757,POR,90,,,,False
2001-2002,2002,0020100380,20011222/DETSEA,Final,2001-12-23,04:00,1610612760,SEA,117,1610612765,DET,89,,,,False
2001-2002,2002,0020100381,20011222/SACLAC,Final,2001-12-23,04:30,1610612746,LAC,101,1610612758,SAC,85,,,,False
2001-2002,2002,0020100382,20011223/MIATOR,Final,2001-12-23,21:00,1610612761,TOR,83,1610612748,MIA,76,,,,False
2001-2002,2002,0020100383,20011223/MEMBOS,Final,2001-12-24,00:00,1610612738,BOS,85,1610612763,MEM,80,,,,False
2001-2002,2002,0020100384,20011223/MILSAS,Final,2001-12-24,01:00,1610612759,SAS,91,1610612749,MIL,101,,,,False
2001-2002,2002,0020100385,20011223/PHXSAC,Final,2001-12-24,03:00,1610612758,SAC,133,1610612756,PHX,101,,,,False
2001-2002,2002,0020100386,20011225/TORNYK,Final,2001-12-26,00:00,1610612752,NYK,102,1610612761,TOR,94,,,,False
2001-2002,2002,0020100387,20011225/PHILAL,Final,2001-12-26,02:30,1610612747,LAL,88,1610612755,PHI,82,,,,False
2001-2002,2002,0020100388,20011226/WASCHH,Final,2001-12-27,02:00,1610612766,CHH,99,1610612764,WAS,93,,,,False
2001-2002,2002,0020100389,20011226/NJNCLE,Final,2001-12-27,01:00,1610612739,CLE,89,1610612751,NJN,91,,,,False
2001-2002,2002,0020100390,20011226/INDORL,Final,2001-12-27,02:00,1610612753,ORL,82,1610612754,IND,89,,,,False
2001-2002,2002,0020100391,20011226/ATLMIL,Final,2001-12-27,02:00,1610612749,MIL,107,1610612737,ATL,97,,,,False
2001-2002,2002,0020100392,20011226/DALSAS,Final/OT,2001-12-27,02:00,1610612759,SAS,123,1610612742,DAL,126,,,,False
2001-2002,2002,0020100393,20011226/CHIMEM,Final,2001-12-27,02:00,1610612763,MEM,107,1610612741,CHI,85,,,,False
2001-2002,2002,0020100394,20011226/PHXHOU,Final,2001-12-27,02:30,1610612745,HOU,91,1610612756,PHX,97,,,,False
2001-2002,2002,0020100395,20011226/MINDEN,Final,2001-12-27,03:00,1610612743,DEN,91,1610612750,MIN,94,,,,False
2001-2002,2002,0020100396,20011226/BOSUTA,Final,2001-12-27,03:00,1610612762,UTA,99,1610612738,BOS,86,,,,False
2001-2002,2002,0020100397,20011226/PORSAC,Final,2001-12-27,04:00,1610612758,SAC,89,1610612757,POR,74,,,,False
2001-2002,2002,0020100398,20011226/PHILAC,Final,2001-12-27,04:30,1610612746,LAC,86,1610612755,PHI,100,,,,False
2001-2002,2002,0020100399,20011226/LALGSW,Final,2001-12-27,04:30,1610612744,GSW,101,1610612747,LAL,90,,,,False
2001-2002,2002,0020100400,20011227/WASIND,Final,2001-12-28,01:00,1610612754,IND,108,1610612764,WAS,81,,,,False
2001-2002,2002,0020100401,20011227/MIAATL,Final,2001-12-28,01:30,1610612737,ATL,100,1610612748,MIA,96,,,,False
2001-2002,2002,0020100402,20011227/NJNDET,Final,2001-12-28,01:30,1610612765,DET,75,1610612751,NJN,88,,,,False
2001-2002,2002,0020100403,20011227/CHIDAL,Final,2001-12-28,02:30,1610612742,DAL,89,1610612741,CHI,74,,,,False
2001-2002,2002,0020100404,20011227/BOSPHX,Final,2001-12-28,03:00,1610612756,PHX,84,1610612738,BOS,82,,,,False
2001-2002,2002,0020100405,20011227/UTAPOR,Final,2001-12-28,03:00,1610612757,POR,87,1610612762,UTA,99,,,,False
2001-2002,2002,0020100406,20011227/LACSEA,Final,2001-12-28,04:30,1610612760,SEA,101,1610612746,LAC,90,,,,False
2001-2002,2002,0020100407,20011228/DETORL,Final,2001-12-29,01:30,1610612753,ORL,87,1610612765,DET,78,,,,False
2001-2002,2002,0020100408,20011228/MEMMIA,Final,2001-12-29,01:30,1610612748,MIA,86,1610612763,MEM,91,,,,False
2001-2002,2002,0020100409,20011228/MILCHH,Final,2001-12-29,01:30,1610612766,CHH,89,1610612749,MIL,105,,,,False
2001-2002,2002,0020100410,20011228/NYKCLE,Final,2001-12-29,01:30,1610612739,CLE,98,1610612752,NYK,88,,,,False
2001-2002,2002,0020100411,20011228/PHIDEN,Final,2001-12-29,03:00,1610612743,DEN,93,1610612755,PHI,90,,,,False
2001-2002,2002,0020100412,20011228/MINSAC,Final,2001-12-29,04:00,1610612758,SAC,125,1610612750,MIN,111,,,,False
2001-2002,2002,0020100413,20011228/TORLAL,Final,2001-12-29,04:30,1610612747,LAL,86,1610612761,TOR,89,,,,False
2001-2002,2002,0020100414,20011228/HOUGSW,Final,2001-12-29,04:30,1610612744,GSW,93,1610612745,HOU,100,,,,False
2001-2002,2002,0020100415,20011229/BOSLAC,Final/OT,2001-12-29,21:30,1610612746,LAC,103,1610612738,BOS,105,,,,False
2001-2002,2002,0020100416,20011229/CHHWAS,Final,2001-12-30,01:00,1610612764,WAS,107,1610612766,CHH,90,,,,False
2001-2002,2002,0020100417,20011229/INDNJN,Final/OT,2001-12-30,01:30,1610612751,NJN,98,1610612754,IND,93,,,,False
2001-2002,2002,0020100418,20011229/CLECHI,Final,2001-12-30,02:30,1610612741,CHI,103,1610612739,CLE,80,,,,False
2001-2002,2002,0020100419,20011229/SASMIL,Final/OT,2001-12-30,02:30,1610612749,MIL,102,1610612759,SAS,99,,,,False
2001-2002,2002,0020100420,20011229/ATLDAL,Final,2001-12-30,02:30,1610612742,DAL,113,1610612737,ATL,97,,,,False
2001-2002,2002,0020100421,20011229/PHIUTA,Final,2001-12-30,03:00,1610612762,UTA,89,1610612755,PHI,81,,,,False
2001-2002,2002,0020100422,20011229/DENPHX,Final,2001-12-30,03:00,1610612756,PHX,109,1610612743,DEN,92,,,,False
2001-2002,2002,0020100423,20011229/TORSEA,Final,2001-12-30,04:00,1610612760,SEA,101,1610612761,TOR,75,,,,False
2001-2002,2002,0020100424,20011230/MIADET,Final,2001-12-31,00:00,1610612765,DET,86,1610612748,MIA,80,,,,False
2001-2002,2002,0020100425,20011230/ORLNYK,Final,2001-12-31,01:00,1610612752,NYK,90,1610612753,ORL,94,,,,False
2001-2002,2002,0020100426,20011230/SASMEM,Final,2001-12-31,01:00,1610612763,MEM,79,1610612759,SAS,83,,,,False
2001-2002,2002,0020100427,20011230/BOSSAC,Final,2001-12-31,03:00,1610612758,SAC,109,1610612738,BOS,94,,,,False
2001-2002,2002,0020100428,20011230/HOULAL,Final,2001-12-31,03:30,1610612747,LAL,114,1610612745,HOU,90,,,,False
2001-2002,2002,0020100429,20011230/MINPOR,Final,2001-12-31,04:00,1610612757,POR,93,1610612750,MIN,95,,,,False
2001-2002,2002,0020100430,20011231/MILCHI,Final,2001-12-31,21:30,1610612741,CHI,90,1610612749,MIL,83,,,,False
2001-2002,2002,0020100431,20011231/MIAIND,Final,2002-01-01,01:00,1610612754,IND,87,1610612748,MIA,89,,,,False
2001-2002,2002,0020100432,20011231/NJNWAS,Final,2002-01-01,02:30,1610612764,WAS,98,1610612751,NJN,76,,,,False
2001-2002,2002,0020100433,20020101/PORLAC,Final,2002-01-02,03:00,1610612746,LAC,112,1610612757,POR,97,,,,False
2001-2002,2002,0020100434,20020102/ORLBOS,Final,2002-01-03,01:00,1610612738,BOS,110,1610612753,ORL,94,,,,False
2001-2002,2002,0020100435,20020102/GSWCLE,Final,2002-01-03,01:00,1610612739,CLE,113,1610612744,GSW,98,,,,False
2001-2002,2002,0020100436,20020102/MEMNJN,Final,2002-01-03,01:30,1610612751,NJN,92,1610612763,MEM,74,,,,False
2001-2002,2002,0020100437,20020102/MILMIN,Final,2002-01-03,02:00,1610612750,MIN,95,1610612749,MIL,77,,,,False
2001-2002,2002,0020100438,20020102/DALCHI,Final,2002-01-03,02:30,1610612741,CHI,97,1610612742,DAL,107,,,,False
2001-2002,2002,0020100439,20020102/DETSAS,Final,2002-01-03,02:30,1610612759,SAS,97,1610612765,DET,85,,,,False
2001-2002,2002,0020100440,20020102/LALDEN,Final,2002-01-03,03:00,1610612743,DEN,86,1610612747,LAL,87,,,,False
2001-2002,2002,0020100441,20020102/PHIPHX,Final,2002-01-03,03:00,1610612756,PHX,81,1610612755,PHI,102,,,,False
2001-2002,2002,0020100442,20020102/LACSAC,Final,2002-01-03,04:00,1610612758,SAC,105,1610612746,LAC,91,,,,False
2001-2002,2002,0020100443,20020102/TORPOR,Final,2002-01-03,04:00,1610612757,POR,84,1610612761,TOR,95,,,,False
2001-2002,2002,0020100444,20020103/GSWCHH,Final,2002-01-04,01:00,1610612766,CHH,114,1610612744,GSW,102,,,,False
2001-2002,2002,0020100445,20020103/DALNYK,Final/OT,2002-01-04,01:30,1610612752,NYK,108,1610612742,DAL,101,,,,False
2001-2002,2002,0020100446,20020103/DETHOU,Final,2002-01-04,02:30,1610612745,HOU,99,1610612765,DET,97,,,,False
2001-2002,2002,0020100447,20020104/CHIWAS,Final,2002-01-05,01:00,1610612764,WAS,89,1610612741,CHI,83,,,,False
2001-2002,2002,0020100448,20020104/CLETOR,Final,2002-01-05,01:00,1610612761,TOR,101,1610612739,CLE,91,,,,False
2001-2002,2002,0020100449,20020104/MIABOS,Final,2002-01-05,01:30,1610612738,BOS,66,1610612748,MIA,89,,,,False
2001-2002,2002,0020100450,20020104/ORLNJN,Final,2002-01-05,01:30,1610612751,NJN,96,1610612753,ORL,109,,,,False
2001-2002,2002,0020100451,20020104/UTAMIN,Final,2002-01-05,02:00,1610612750,MIN,93,1610612762,UTA,86,,,,False
2001-2002,2002,0020100452,20020104/ATLMEM,Final,2002-01-05,02:00,1610612763,MEM,109,1610612737,ATL,113,,,,False
2001-2002,2002,0020100453,20020104/INDSAS,Final,2002-01-05,02:30,1610612759,SAS,82,1610612754,IND,92,,,,False
2001-2002,2002,0020100454,20020104/LACDEN,Final,2002-01-05,03:00,1610612743,DEN,80,1610612746,LAC,82,,,,False
2001-2002,2002,0020100455,20020104/PHISEA,Final,2002-01-05,04:00,1610612760,SEA,77,1610612755,PHI,87,,,,False
2001-2002,2002,0020100456,20020104/PHXLAL,Final,2002-01-05,04:30,1610612747,LAL,118,1610612756,PHX,86,,,,False
2001-2002,2002,0020100457,20020105/MINATL,Final,2002-01-06,01:00,1610612737,ATL,96,1610612750,MIN,112,,,,False
2001-2002,2002,0020100458,20020105/BOSNYK,Final,2002-01-06,01:30,1610612752,NYK,81,1610612738,BOS,90,,,,False
2001-2002,2002,0020100459,20020105/GSWORL,Final,2002-01-06,01:30,1610612753,ORL,118,1610612744,GSW,109,,,,False
2001-2002,2002,0020100460,20020105/NJNCHH,Final,2002-01-06,01:30,1610612766,CHH,80,1610612751,NJN,89,,,,False
2001-2002,2002,0020100461,20020105/CLEDET,Final,2002-01-06,01:30,1610612765,DET,101,1610612739,CLE,91,,,,False
2001-2002,2002,0020100462,20020105/UTACHI,Final/OT,2002-01-06,02:30,1610612741,CHI,111,1610612762,UTA,113,,,,False
2001-2002,2002,0020100463,20020105/SASDAL,Final,2002-01-06,02:30,1610612742,DAL,103,1610612759,SAS,105,,,,False
2001-2002,2002,0020100464,20020105/INDHOU,Final,2002-01-06,02:30,1610612745,HOU,79,1610612754,IND,81,,,,False
2001-2002,2002,0020100465,20020105/SACPHX,Final,2002-01-06,03:00,1610612756,PHX,112,1610612758,SAC,118,,,,False
2001-2002,2002,0020100466,20020105/PHIPOR,Final,2002-01-06,04:00,1610612757,POR,96,1610612755,PHI,88,,,,False
2001-2002,2002,0020100467,20020105/MILLAC,Final,2002-01-06,04:30,1610612746,LAC,86,1610612749,MIL,83,,,,False
2001-2002,2002,0020100468,20020106/LALTOR,Final,2002-01-06,21:00,1610612761,TOR,89,1610612747,LAL,109,,,,False
2001-2002,2002,0020100469,20020106/SEAMEM,Final,2002-01-06,21:00,1610612763,MEM,77,1610612760,SEA,89,,,,False
2001-2002,2002,0020100470,20020106/GSWMIA,Final,2002-01-07,01:30,1610612748,MIA,92,1610612744,GSW,84,,,,False
2001-2002,2002,0020100471,20020106/MILSAC,Final,2002-01-07,03:00,1610612758,SAC,115,1610612749,MIL,101,,,,False
2001-2002,2002,0020100472,20020107/LACPHI,Final,2002-01-08,01:00,1610612755,PHI,116,1610612746,LAC,92,,,,False
2001-2002,2002,0020100473,20020107/DENCHH,Final,2002-01-08,01:00,1610612766,CHH,94,1610612743,DEN,80,,,,False
2001-2002,2002,0020100474,20020107/PORCLE,Final,2002-01-08,01:00,1610612739,CLE,72,1610612757,POR,98,,,,False
2001-2002,2002,0020100475,20020107/BOSORL,Final,2002-01-08,01:30,1610612753,ORL,98,1610612738,BOS,87,,,,False
2001-2002,2002,0020100476,20020107/DETMIN,Final,2002-01-08,02:00,1610612750,MIN,109,1610612765,DET,93,,,,False
2001-2002,2002,0020100477,20020107/SEACHI,Final,2002-01-08,02:30,1610612741,CHI,88,1610612760,SEA,100,,,,False
2001-2002,2002,0020100478,20020107/NYKSAS,Final,2002-01-08,02:30,1610612759,SAS,90,1610612752,NYK,79,,,,False
2001-2002,2002,0020100479,20020108/LACWAS,Final,2002-01-09,01:00,1610612764,WAS,96,1610612746,LAC,88,,,,False
2001-2002,2002,0020100480,20020108/MIANJN,Final,2002-01-09,01:30,1610612751,NJN,104,1610612748,MIA,95,,,,False
2001-2002,2002,0020100481,20020108/PORATL,Final,2002-01-09,01:30,1610612737,ATL,101,1610612757,POR,92,,,,False
2001-2002,2002,0020100482,20020108/LALDET,Final,2002-01-09,02:00,1610612765,DET,92,1610612747,LAL,121,,,,False
2001-2002,2002,0020100483,20020108/TORMEM,Final,2002-01-09,02:00,1610612763,MEM,84,1610612761,TOR,81,,,,False
2001-2002,2002,0020100484,20020108/DENDAL,Final,2002-01-09,02:30,1610612742,DAL,95,1610612743,DEN,94,,,,False
2001-2002,2002,0020100485,20020108/NYKHOU,Final,2002-01-09,02:30,1610612745,HOU,88,1610612752,NYK,86,,,,False
2001-2002,2002,0020100486,20020108/PHXUTA,Final,2002-01-09,03:00,1610612762,UTA,98,1610612756,PHX,84,,,,False
2001-2002,2002,0020100487,20020108/MILGSW,Final,2002-01-09,04:30,1610612744,GSW,97,1610612749,MIL,113,,,,False
2001-2002,2002,0020100488,20020109/SASBOS,Final,2002-01-10,01:00,1610612738,BOS,90,1610612759,SAS,93,,,,False
2001-2002,2002,0020100489,20020109/ATLCHH,Final,2002-01-10,01:00,1610612766,CHH,111,1610612737,ATL,87,,,,False
2001-2002,2002,0020100490,20020109/LALIND,Final,2002-01-10,01:00,1610612754,IND,90,1610612747,LAL,109,,,,False
2001-2002,2002,0020100491,20020109/ORLPHI,Final,2002-01-10,02:00,1610612755,PHI,91,1610612753,ORL,102,,,,False
2001-2002,2002,0020100492,20020109/SEAMIN,Final,2002-01-10,02:00,1610612750,MIN,111,1610612760,SEA,106,,,,False
2001-2002,2002,0020100493,20020109/TORCHI,Final,2002-01-10,02:30,1610612741,CHI,73,1610612761,TOR,85,,,,False
2001-2002,2002,0020100494,20020110/LACNJN,Final,2002-01-11,01:30,1610612751,NJN,108,1610612746,LAC,89,,,,False
2001-2002,2002,0020100495,20020110/PORMIA,Final,2002-01-11,01:30,1610612748,MIA,85,1610612757,POR,92,,,,False
2001-2002,2002,0020100496,20020110/NYKDAL,Final,2002-01-11,03:00,1610612742,DAL,111,1610612752,NYK,89,,,,False
2001-2002,2002,0020100497,20020110/CLEDEN,Final,2002-01-11,03:00,1610612743,DEN,96,1610612739,CLE,91,,,,False
2001-2002,2002,0020100498,20020110/HOUUTA,Final,2002-01-11,03:00,1610612762,UTA,83,1610612745,HOU,79,,,,False
2001-2002,2002,0020100499,20020110/MEMPHX,Final,2002-01-11,03:00,1610612756,PHX,96,1610612763,MEM,102,,,,False
2001-2002,2002,0020100500,20020111/SASPHI,Final,2002-01-12,01:00,1610612755,PHI,101,1610612759,SAS,84,,,,False
2001-2002,2002,0020100501,20020111/ATLTOR,Final/OT,2002-01-12,01:00,1610612761,TOR,94,1610612737,ATL,91,,,,False
2001-2002,2002,0020100502,20020111/CHIIND,Final,2002-01-12,01:00,1610612754,IND,97,1610612741,CHI,90,,,,False
2001-2002,2002,0020100503,20020111/DETBOS,Final,2002-01-12,01:30,1610612738,BOS,104,1610612765,DET,90,,,,False
2001-2002,2002,0020100504,20020111/PORORL,Final,2002-01-12,01:30,1610612753,ORL,84,1610612757,POR,92,,,,False
2001-2002,2002,0020100505,20020111/LACCHH,Final/OT,2002-01-12,01:30,1610612766,CHH,92,1610612746,LAC,91,,,,False
2001-2002,2002,0020100506,20020111/LALMIN,Final,2002-01-12,02:00,1610612750,MIN,120,1610612747,LAL,102,,,,False
2001-2002,2002,0020100507,20020111/WASMIL,Final,2002-01-12,02:30,1610612749,MIL,105,1610612764,WAS,86,,,,False
2001-2002,2002,0020100508,20020111/CLESEA,Final,2002-01-12,04:00,1610612760,SEA,102,1610612739,CLE,100,,,,False
2001-2002,2002,0020100509,20020112/MINWAS,Final,2002-01-13,01:00,1610612764,WAS,100,1610612750,MIN,108,,,,False
2001-2002,2002,0020100510,20020112/BOSATL,Final,2002-01-13,01:00,1610612737,ATL,91,1610612738,BOS,115,,,,False
2001-2002,2002,0020100511,20020112/MILNYK,Final,2002-01-13,01:30,1610612752,NYK,97,1610612749,MIL,102,,,,False
2001-2002,2002,0020100512,20020112/NJNORL,Final,2002-01-13,01:30,1610612753,ORL,85,1610612751,NJN,91,,,,False
2001-2002,2002,0020100513,20020112/CHHDET,Final,2002-01-13,01:30,1610612765,DET,104,1610612766,CHH,76,,,,False
2001-2002,2002,0020100514,20020112/LALCHI,Final/OT,2002-01-13,02:30,1610612741,CHI,106,1610612747,LAL,104,,,,False
2001-2002,2002,0020100515,20020112/INDDAL,Final,2002-01-13,02:30,1610612742,DAL,111,1610612754,IND,102,,,,False
2001-2002,2002,0020100516,20020112/DENHOU,Final,2002-01-13,02:30,1610612745,HOU,98,1610612743,DEN,86,,,,False
2001-2002,2002,0020100517,20020112/MEMUTA,Final/OT2,2002-01-13,03:00,1610612762,UTA,95,1610612763,MEM,97,,,,False
2001-2002,2002,0020100518,20020112/MIAPHX,Final,2002-01-13,03:00,1610612756,PHX,108,1610612748,MIA,74,,,,False
2001-2002,2002,0020100519,20020113/LACTOR,Final,2002-01-13,21:00,1610612761,TOR,72,1610612746,LAC,79,,,,False
2001-2002,2002,0020100520,20020113/PHXSAC,Final,2002-01-14,03:00,1610612758,SAC,103,1610612756,PHX,100,,,,False
2001-2002,2002,0020100521,20020113/CLEPOR,Final,2002-01-14,04:00,1610612757,POR,96,1610612739,CLE,64,,,,False
2001-2002,2002,0020100522,20020114/SASNJN,Final,2002-01-15,01:30,1610612751,NJN,99,1610612759,SAS,97,,,,False
2001-2002,2002,0020100523,20020114/DALORL,Final,2002-01-15,01:30,1610612753,ORL,113,1610612742,DAL,87,,,,False
2001-2002,2002,0020100524,20020114/DENUTA,Final,2002-01-15,03:00,1610612762,UTA,106,1610612743,DEN,97,,,,False
2001-2002,2002,0020100525,20020114/MEMLAL,Final,2002-01-15,04:30,1610612747,LAL,120,1610612763,MEM,81,,,,False
2001-2002,2002,0020100526,20020114/MIAGSW,Final,2002-01-15,04:30,1610612744,GSW,79,1610612748,MIA,85,,,,False
2001-2002,2002,0020100527,20020115/SASWAS,Final,2002-01-16,02:00,1610612764,WAS,91,1610612759,SAS,96,,,,False
2001-2002,2002,0020100528,20020115/MILIND,Final,2002-01-16,01:00,1610612754,IND,102,1610612749,MIL,106,,,,False
2001-2002,2002,0020100529,20020115/DALATL,Final,2002-01-16,01:30,1610612737,ATL,107,1610612742,DAL,116,,,,False
2001-2002,2002,0020100530,20020115/TORDET,Final,2002-01-16,01:30,1610612765,DET,90,1610612761,TOR,92,,,,False
2001-2002,2002,0020100531,20020115/HOUPHI,Final/OT,2002-01-16,02:00,1610612755,PHI,112,1610612745,HOU,106,,,,False
2001-2002,2002,0020100532,20020115/LACMIN,Final,2002-01-16,02:00,1610612750,MIN,97,1610612746,LAC,83,,,,False
2001-2002,2002,0020100533,20020115/CHHCHI,Final,2002-01-16,02:30,1610612741,CHI,86,1610612766,CHH,94,,,,False
2001-2002,2002,0020100534,20020115/CLESAC,Final,2002-01-16,04:00,1610612758,SAC,109,1610612739,CLE,102,,,,False
2001-2002,2002,0020100535,20020116/NYKBOS,Final,2002-01-17,01:00,1610612738,BOS,101,1610612752,NYK,100,,,,False
2001-2002,2002,0020100536,20020116/HOUTOR,Final,2002-01-17,01:00,1610612761,TOR,109,1610612745,HOU,103,,,,False
2001-2002,2002,0020100537,20020116/WASNJN,Final,2002-01-17,01:30,1610612751,NJN,111,1610612764,WAS,67,,,,False
2001-2002,2002,0020100538,20020116/INDMIL,Final,2002-01-17,02:00,1610612749,MIL,105,1610612754,IND,100,,,,False
2001-2002,2002,0020100539,20020116/SACDEN,Final,2002-01-17,02:00,1610612743,DEN,107,1610612758,SAC,112,,,,False
2001-2002,2002,0020100540,20020116/SEAUTA,Final,2002-01-17,03:00,1610612762,UTA,95,1610612760,SEA,80,,,,False
2001-2002,2002,0020100541,20020116/PORPHX,Final,2002-01-17,03:00,1610612756,PHX,99,1610612757,POR,108,,,,False
2001-2002,2002,0020100542,20020116/MIALAL,Final,2002-01-17,04:30,1610612747,LAL,96,1610612748,MIA,102,,,,False
2001-2002,2002,0020100543,20020116/CLEGSW,Final,2002-01-17,04:30,1610612744,GSW,117,1610612739,CLE,88,,,,False
2001-2002,2002,0020100544,20020117/PHICHH,Final,2002-01-18,01:00,1610612766,CHH,88,1610612755,PHI,93,,,,False
2001-2002,2002,0020100545,20020117/CHIATL,Final,2002-01-18,01:30,1610612737,ATL,91,1610612741,CHI,94,,,,False
2001-2002,2002,0020100546,20020117/DALMEM,Final,2002-01-18,02:00,1610612763,MEM,97,1610612742,DAL,108,,,,False
2001-2002,2002,0020100547,20020117/UTASAS,Final,2002-01-18,03:00,1610612759,SAS,102,1610612762,UTA,98,,,,False
2001-2002,2002,0020100548,20020117/MIAPOR,Final/OT,2002-01-18,04:00,1610612757,POR,90,1610612748,MIA,92,,,,False
2001-2002,2002,0020100549,20020118/NJNTOR,Final,2002-01-19,01:00,1610612761,TOR,89,1610612751,NJN,77,,,,False
2001-2002,2002,0020100550,20020118/DETIND,Final,2002-01-19,01:00,1610612754,IND,93,1610612765,DET,96,,,,False
2001-2002,2002,0020100551,20020118/HOUBOS,Final,2002-01-19,01:30,1610612738,BOS,101,1610612745,HOU,104,,,,False
2001-2002,2002,0020100552,20020118/ORLMIL,Final,2002-01-19,02:30,1610612749,MIL,115,1610612753,ORL,110,,,,False
2001-2002,2002,0020100553,20020118/SEADEN,Final,2002-01-19,03:00,1610612743,DEN,96,1610612760,SEA,90,,,,False
2001-2002,2002,0020100554,20020118/MINPHX,Final/OT,2002-01-19,03:00,1610612756,PHX,103,1610612750,MIN,100,,,,False
2001-2002,2002,0020100555,20020118/GSWSAC,Final,2002-01-19,04:00,1610612758,SAC,121,1610612744,GSW,97,,,,False
2001-2002,2002,0020100556,20020118/CLELAC,Final,2002-01-19,04:30,1610612746,LAC,109,1610612739,CLE,103,,,,False
2001-2002,2002,0020100557,20020119/NYKPHI,Final,2002-01-20,01:00,1610612755,PHI,97,1610612752,NYK,89,,,,False
2001-2002,2002,0020100558,20020119/LALSAS,Final,2002-01-19,19:00,1610612759,SAS,81,1610612747,LAL,98,,,,False
2001-2002,2002,0020100559,20020119/MILATL,Final,2002-01-20,01:00,1610612737,ATL,107,1610612749,MIL,116,,,,False
2001-2002,2002,0020100560,20020119/TORCHH,Final,2002-01-20,01:30,1610612766,CHH,89,1610612761,TOR,91,,,,False
2001-2002,2002,0020100561,20020119/BOSDET,Final,2002-01-20,01:30,1610612765,DET,94,1610612738,BOS,91,,,,False
2001-2002,2002,0020100562,20020119/HOUNJN,Final,2002-01-20,02:00,1610612751,NJN,99,1610612745,HOU,90,,,,False
2001-2002,2002,0020100563,20020119/INDMIA,Final,2002-01-20,03:00,1610612748,MIA,100,1610612754,IND,88,,,,False
2001-2002,2002,0020100564,20020119/WASCHI,Final,2002-01-19,19:00,1610612741,CHI,69,1610612764,WAS,77,,,,False
2001-2002,2002,0020100565,20020119/UTADAL,Final,2002-01-20,03:00,1610612742,DAL,106,1610612762,UTA,103,,,,False
2001-2002,2002,0020100566,20020119/ORLMEM,Final,2002-01-20,03:00,1610612763,MEM,103,1610612753,ORL,119,,,,False
2001-2002,2002,0020100567,20020119/LACPOR,Final,2002-01-20,04:00,1610612757,POR,113,1610612746,LAC,93,,,,False
2001-2002,2002,0020100568,20020119/DENSEA,Final,2002-01-20,04:00,1610612760,SEA,104,1610612743,DEN,77,,,,False
2001-2002,2002,0020100569,20020119/MINGSW,Final,2002-01-20,04:30,1610612744,GSW,102,1610612750,MIN,105,,,,False
2001-2002,2002,0020100570,20020121/CHHNYK,Final,2002-01-21,19:00,1610612752,NYK,68,1610612766,CHH,111,,,,False
2001-2002,2002,0020100571,20020121/SEAPHI,Final,2002-01-21,20:00,1610612755,PHI,98,1610612760,SEA,109,,,,False
2001-2002,2002,0020100572,20020121/HOUATL,Final,2002-01-21,20:00,1610612737,ATL,95,1610612745,HOU,91,,,,False
2001-2002,2002,0020100573,20020121/MILDET,Final,2002-01-21,21:00,1610612765,DET,79,1610612749,MIL,97,,,,False
2001-2002,2002,0020100574,20020121/NJNDAL,Final,2002-01-21,21:00,1610612742,DAL,113,1610612751,NJN,105,,,,False
2001-2002,2002,0020100575,20020121/INDCHI,Final,2002-01-21,21:30,1610612741,CHI,81,1610612754,IND,93,,,,False
2001-2002,2002,0020100576,20020121/UTAGSW,Final,2002-01-21,22:00,1610612744,GSW,99,1610612762,UTA,101,,,,False
2001-2002,2002,0020100577,20020121/WASMIN,Final,2002-01-22,00:00,1610612750,MIN,105,1610612764,WAS,101,,,,False
2001-2002,2002,0020100578,20020121/MIACLE,Final/OT,2002-01-22,01:00,1610612739,CLE,93,1610612748,MIA,95,,,,False
2001-2002,2002,0020100579,20020121/TORBOS,Final,2002-01-22,01:30,1610612738,BOS,106,1610612761,TOR,97,,,,False
2001-2002,2002,0020100580,20020121/MEMSAC,Final,2002-01-22,04:00,1610612758,SAC,112,1610612763,MEM,98,,,,False
2001-2002,2002,0020100581,20020121/DENLAC,Final,2002-01-22,04:30,1610612746,LAC,102,1610612743,DEN,89,,,,False
2001-2002,2002,0020100582,20020122/PHIWAS,Final,2002-01-23,02:00,1610612764,WAS,84,1610612755,PHI,91,,,,False
2001-2002,2002,0020100583,20020122/ATLORL,Final,2002-01-23,01:30,1610612753,ORL,100,1610612737,ATL,86,,,,False
2001-2002,2002,0020100584,20020122/CHIMIA,Final,2002-01-23,01:30,1610612748,MIA,92,1610612741,CHI,79,,,,False
2001-2002,2002,0020100585,20020122/PHXMIL,Final,2002-01-23,02:00,1610612749,MIL,81,1610612756,PHX,92,,,,False
2001-2002,2002,0020100586,20020122/DALHOU,Final,2002-01-23,02:30,1610612745,HOU,107,1610612742,DAL,113,,,,False
2001-2002,2002,0020100587,20020122/NJNSAS,Final,2002-01-23,02:30,1610612759,SAS,86,1610612751,NJN,92,,,,False
2001-2002,2002,0020100588,20020122/DENLAL,Final,2002-01-23,04:30,1610612747,LAL,91,1610612743,DEN,107,,,,False
2001-2002,2002,0020100589,20020122/SACPOR,Final/OT,2002-01-23,04:30,1610612757,POR,116,1610612758,SAC,110,,,,False
2001-2002,2002,0020100590,20020123/INDBOS,Final,2002-01-24,01:00,1610612738,BOS,98,1610612754,IND,94,,,,False
2001-2002,2002,0020100591,20020123/SEACHH,Final,2002-01-24,01:00,1610612766,CHH,111,1610612760,SEA,101,,,,False
2001-2002,2002,0020100592,20020123/MINDET,Final,2002-01-24,01:30,1610612765,DET,104,1610612750,MIN,83,,,,False
2001-2002,2002,0020100593,20020123/NYKTOR,Final,2002-01-24,02:00,1610612761,TOR,92,1610612752,NYK,96,,,,False
2001-2002,2002,0020100594,20020123/SASUTA,Final,2002-01-24,03:00,1610612762,UTA,92,1610612759,SAS,98,,,,False
2001-2002,2002,0020100595,20020123/LALLAC,Final,2002-01-24,04:30,1610612746,LAC,95,1610612747,LAL,90,,,,False
2001-2002,2002,0020100596,20020123/MEMGSW,Final,2002-01-24,04:30,1610612744,GSW,107,1610612763,MEM,95,,,,False
2001-2002,2002,0020100597,20020124/CLEWAS,Final,2002-01-25,01:00,1610612764,WAS,94,1610612739,CLE,85,,,,False
2001-2002,2002,0020100598,20020124/PHXNYK,Final,2002-01-25,01:30,1610612752,NYK,96,1610612756,PHX,91,,,,False
2001-2002,2002,0020100599,20020124/MIAORL,Final,2002-01-25,01:30,1610612753,ORL,92,1610612748,MIA,87,,,,False
2001-2002,2002,0020100600,20020124/SEAMIL,Final,2002-01-25,02:00,1610612749,MIL,88,1610612760,SEA,99,,,,False
2001-2002,2002,0020100601,20020124/NJNHOU,Final,2002-01-25,02:30,1610612745,HOU,98,1610612751,NJN,103,,,,False
2001-2002,2002,0020100602,20020124/DALDEN,Final,2002-01-25,03:00,1610612743,DEN,97,1610612742,DAL,104,,,,False
2001-2002,2002,0020100603,20020124/UTASAC,Final,2002-01-25,03:00,1610612758,SAC,113,1610612762,UTA,80,,,,False
2001-2002,2002,0020100604,20020124/MEMPOR,Final,2002-01-25,04:00,1610612757,POR,120,1610612763,MEM,82,,,,False
2001-2002,2002,0020100605,20020125/MINTOR,Final,2002-01-26,01:00,1610612761,TOR,107,1610612750,MIN,100,,,,False
2001-2002,2002,0020100606,20020125/CHHIND,Final,2002-01-26,01:00,1610612754,IND,90,1610612766,CHH,81,,,,False
2001-2002,2002,0020100607,20020125/PHIBOS,Final,2002-01-26,01:30,1610612738,BOS,90,1610612755,PHI,106,,,,False
2001-2002,2002,0020100608,20020125/DETATL,Final,2002-01-26,01:30,1610612737,ATL,90,1610612765,DET,107,,,,False
2001-2002,2002,0020100609,20020125/SASLAL,Final,2002-01-26,04:30,1610612747,LAL,94,1610612759,SAS,91,,,,False
2001-2002,2002,0020100610,20020126/NJNMIA,Final,2002-01-26,21:00,1610612748,MIA,90,1610612751,NJN,77,,,,False
2001-2002,2002,0020100611,20020126/NYKMIL,Final/OT2,2002-01-26,21:00,1610612749,MIL,127,1610612752,NYK,129,,,,False
2001-2002,2002,0020100612,20020126/SACUTA,Final,2002-01-26,23:30,1610612762,UTA,90,1610612758,SAC,114,,,,False
2001-2002,2002,0020100613,20020126/HOUCHH,Final/OT,2002-01-27,02:00,1610612766,CHH,104,1610612745,HOU,111,,,,False
2001-2002,2002,0020100614,20020126/PHXWAS,Final,2002-01-27,02:00,1610612764,WAS,112,1610612756,PHX,102,,,,False
2001-2002,2002,0020100615,20020126/BOSCLE,Final,2002-01-27,02:00,1610612739,CLE,101,1610612738,BOS,108,,,,False
2001-2002,2002,0020100616,20020126/SEAIND,Final,2002-01-27,02:00,1610612754,IND,86,1610612760,SEA,95,,,,False
2001-2002,2002,0020100617,20020126/ATLMIN,Final,2002-01-27,02:00,1610612750,MIN,103,1610612737,ATL,80,,,,False
2001-2002,2002,0020100618,20020126/MEMCHI,Final,2002-01-27,02:30,1610612741,CHI,95,1610612763,MEM,92,,,,False
2001-2002,2002,0020100619,20020126/DALLAC,Final,2002-01-27,04:30,1610612746,LAC,112,1610612742,DAL,133,,,,False
2001-2002,2002,0020100620,20020126/SASGSW,Final,2002-01-27,04:30,1610612744,GSW,82,1610612759,SAS,90,,,,False
2001-2002,2002,0020100621,20020127/ORLTOR,Final,2002-01-27,20:30,1610612761,TOR,106,1610612753,ORL,97,,,,False
2001-2002,2002,0020100622,20020127/LALPHI,Final,2002-01-27,18:00,1610612755,PHI,93,1610612747,LAL,87,,,,False
2001-2002,2002,0020100623,20020128/LACMEM,Final/OT,2002-01-29,02:00,1610612763,MEM,119,1610612746,LAC,115,,,,False
2001-2002,2002,0020100624,20020128/MIAUTA,Final,2002-01-29,03:00,1610612762,UTA,101,1610612748,MIA,89,,,,False
2001-2002,2002,0020100625,20020129/DETWAS,Final,2002-01-30,01:00,1610612764,WAS,86,1610612765,DET,89,,,,False
2001-2002,2002,0020100626,20020129/MINCLE,Final,2002-01-30,01:00,1610612739,CLE,114,1610612750,MIN,81,,,,False
2001-2002,2002,0020100627,20020129/PHINYK,Final,2002-01-30,01:30,1610612752,NYK,78,1610612755,PHI,71,,,,False
2001-2002,2002,0020100628,20020129/LALATL,Final,2002-01-30,01:30,1610612737,ATL,93,1610612747,LAL,127,,,,False
2001-2002,2002,0020100629,20020129/BOSMIL,Final,2002-01-30,02:00,1610612749,MIL,109,1610612738,BOS,90,,,,False
2001-2002,2002,0020100630,20020129/LACDAL,Final,2002-01-30,02:00,1610612742,DAL,100,1610612746,LAC,117,,,,False
2001-2002,2002,0020100631,20020129/GSWHOU,Final/OT,2002-01-30,02:30,1610612745,HOU,100,1610612744,GSW,96,,,,False
2001-2002,2002,0020100632,20020129/CHHSAS,Final,2002-01-30,02:30,1610612759,SAS,73,1610612766,CHH,78,,,,False
2001-2002,2002,0020100633,20020129/MIADEN,Final/OT,2002-01-30,03:00,1610612743,DEN,94,1610612748,MIA,100,,,,False
2001-2002,2002,0020100634,20020129/CHIPHX,Final,2002-01-30,03:00,1610612756,PHX,91,1610612741,CHI,90,,,,False
2001-2002,2002,0020100635,20020129/PORSEA,Final,2002-01-30,04:00,1610612760,SEA,86,1610612757,POR,92,,,,False
2001-2002,2002,0020100636,20020130/MINPHI,Final,2002-01-31,01:00,1610612755,PHI,96,1610612750,MIN,91,,,,False
2001-2002,2002,0020100637,20020130/MEMIND,Final,2002-01-31,01:00,1610612754,IND,83,1610612763,MEM,82,,,,False
2001-2002,2002,0020100638,20020130/ATLDET,Final,2002-01-31,01:30,1610612765,DET,88,1610612737,ATL,71,,,,False
2001-2002,2002,0020100639,20020130/LALORL,Final,2002-01-31,02:00,1610612753,ORL,93,1610612747,LAL,111,,,,False
2001-2002,2002,0020100640,20020130/CHIUTA,Final,2002-01-31,03:00,1610612762,UTA,90,1610612741,CHI,78,,,,False
2001-2002,2002,0020100641,20020131/BOSTOR,Final,2002-02-01,02:00,1610612761,TOR,97,1610612738,BOS,92,,,,False
2001-2002,2002,0020100642,20020131/WASCLE,Final,2002-02-01,01:00,1610612739,CLE,92,1610612764,WAS,93,,,,False
2001-2002,2002,0020100643,20020131/MILNJN,Final,2002-02-01,01:30,1610612751,NJN,125,1610612749,MIL,100,,,,False
2001-2002,2002,0020100644,20020131/LACSAS,Final,2002-02-01,02:30,1610612759,SAS,87,1610612746,LAC,91,,,,False
2001-2002,2002,0020100645,20020131/HOUDAL,Final,2002-02-01,03:00,1610612742,DAL,95,1610612745,HOU,91,,,,False
2001-2002,2002,0020100646,20020131/PHXPOR,Final,2002-02-01,04:00,1610612757,POR,105,1610612756,PHX,97,,,,False
2001-2002,2002,0020100647,20020131/SACSEA,Final,2002-02-01,04:00,1610612760,SEA,95,1610612758,SAC,99,,,,False
2001-2002,2002,0020100648,20020201/ATLWAS,Final,2002-02-02,01:00,1610612764,WAS,97,1610612737,ATL,90,,,,False
2001-2002,2002,0020100649,20020201/NYKIND,Final,2002-02-02,01:00,1610612754,IND,92,1610612752,NYK,87,,,,False
2001-2002,2002,0020100650,20020201/MINBOS,Final/OT,2002-02-02,01:30,1610612738,BOS,95,1610612750,MIN,98,,,,False
2001-2002,2002,0020100651,20020201/SASMIA,Final,2002-02-02,01:30,1610612748,MIA,88,1610612759,SAS,83,,,,False
2001-2002,2002,0020100652,20020201/ORLDET,Final,2002-02-02,02:00,1610612765,DET,83,1610612753,ORL,85,,,,False
2001-2002,2002,0020100653,20020201/LALMEM,Final,2002-02-02,02:00,1610612763,MEM,85,1610612747,LAL,100,,,,False
2001-2002,2002,0020100654,20020201/CHHHOU,Final,2002-02-02,02:30,1610612745,HOU,72,1610612766,CHH,73,,,,False
2001-2002,2002,0020100655,20020201/GSWPHX,Final,2002-02-02,03:00,1610612756,PHX,104,1610612744,GSW,98,,,,False
2001-2002,2002,0020100656,20020201/DENSAC,Final,2002-02-02,04:00,1610612758,SAC,132,1610612743,DEN,96,,,,False
2001-2002,2002,0020100657,20020202/TORNJN,Final,2002-02-02,18:30,1610612751,NJN,98,1610612761,TOR,91,,,,False
2001-2002,2002,0020100658,20020202/PORUTA,Final,2002-02-02,21:00,1610612762,UTA,97,1610612757,POR,96,,,,False
2001-2002,2002,0020100659,20020202/PHIMIL,Final,2002-02-02,23:30,1610612749,MIL,81,1610612755,PHI,86,,,,False
2001-2002,2002,0020100660,20020202/LACATL,Final,2002-02-03,02:00,1610612737,ATL,101,1610612746,LAC,94,,,,False
2001-2002,2002,0020100661,20020202/DETCLE,Final,2002-02-03,02:00,1610612739,CLE,107,1610612765,DET,115,,,,False
2001-2002,2002,0020100662,20020202/CHISEA,Final,2002-02-03,02:00,1610612760,SEA,91,1610612741,CHI,97,,,,False
2001-2002,2002,0020100663,20020203/MIANYK,Final,2002-02-03,18:00,1610612752,NYK,83,1610612748,MIA,94,,,,False
2001-2002,2002,0020100664,20020203/INDWAS,Final,2002-02-03,18:00,1610612764,WAS,109,1610612754,IND,89,,,,False
2001-2002,2002,0020100665,20020203/SASORL,Final/OT,2002-02-03,18:00,1610612753,ORL,98,1610612759,SAS,105,,,,False
2001-2002,2002,0020100666,20020203/SACMIN,Final,2002-02-03,20:30,1610612750,MIN,107,1610612758,SAC,112,,,,False
2001-2002,2002,0020100667,20020203/CHHMEM,Final,2002-02-03,21:00,1610612763,MEM,79,1610612766,CHH,97,,,,False
2001-2002,2002,0020100668,20020203/LALDAL,Final,2002-02-03,20:30,1610612742,DAL,94,1610612747,LAL,101,,,,False
2001-2002,2002,0020100669,20020203/LACBOS,Final,2002-02-04,01:30,1610612738,BOS,104,1610612746,LAC,91,,,,False
2001-2002,2002,0020100671,20020203/PHXGSW,Final,2002-02-04,03:00,1610612744,GSW,97,1610612756,PHX,98,,,,False
2001-2002,2002,0020100672,20020203/CHIPOR,Final,2002-02-04,04:00,1610612757,POR,101,1610612741,CHI,96,,,,False
2001-2002,2002,0020100670,20020204/TORPHI,Final,2002-02-05,01:30,1610612755,PHI,93,1610612761,TOR,100,,,,False
2001-2002,2002,0020100673,20020204/SACNJN,Final,2002-02-05,01:30,1610612751,NJN,117,1610612758,SAC,83,,,,False
2001-2002,2002,0020100674,20020204/UTAHOU,Final,2002-02-05,02:30,1610612745,HOU,104,1610612762,UTA,97,,,,False
2001-2002,2002,0020100675,20020204/MINSAS,Final,2002-02-05,02:30,1610612759,SAS,113,1610612750,MIN,83,,,,False
2001-2002,2002,0020100676,20020205/TORWAS,Final,2002-02-06,02:00,1610612764,WAS,99,1610612761,TOR,94,,,,False
2001-2002,2002,0020100677,20020205/BOSCHH,Final,2002-02-06,01:00,1610612766,CHH,79,1610612738,BOS,82,,,,False
2001-2002,2002,0020100678,20020205/LACNYK,Final,2002-02-06,01:30,1610612752,NYK,110,1610612746,LAC,112,,,,False
2001-2002,2002,0020100679,20020205/CLEORL,Final,2002-02-06,01:30,1610612753,ORL,106,1610612739,CLE,98,,,,False
2001-2002,2002,0020100680,20020205/ATLMIA,Final,2002-02-06,01:30,1610612748,MIA,73,1610612737,ATL,76,,,,False
2001-2002,2002,0020100681,20020205/PHIDET,Final,2002-02-06,01:30,1610612765,DET,86,1610612755,PHI,82,,,,False
2001-2002,2002,0020100682,20020205/DALIND,Final/OT2,2002-02-06,02:00,1610612754,IND,140,1610612742,DAL,141,,,,False
2001-2002,2002,0020100683,20020205/UTAMEM,Final,2002-02-06,02:00,1610612763,MEM,86,1610612762,UTA,79,,,,False
2001-2002,2002,0020100684,20020205/PORDEN,Final,2002-02-06,03:00,1610612743,DEN,97,1610612757,POR,96,,,,False
2001-2002,2002,0020100685,20020205/SEAGSW,Final,2002-02-06,04:30,1610612744,GSW,87,1610612760,SEA,113,,,,False
2001-2002,2002,0020100686,20020206/SACBOS,Final,2002-02-07,01:00,1610612738,BOS,85,1610612758,SAC,102,,,,False
2001-2002,2002,0020100687,20020206/HOUCLE,Final,2002-02-07,01:00,1610612739,CLE,111,1610612745,HOU,109,,,,False
2001-2002,2002,0020100688,20020206/DALNJN,Final,2002-02-07,01:30,1610612751,NJN,100,1610612742,DAL,112,,,,False
2001-2002,2002,0020100689,20020206/PORMIN,Final,2002-02-07,02:00,1610612750,MIN,113,1610612757,POR,103,,,,False
2001-2002,2002,0020100690,20020206/PHXSEA,Final,2002-02-07,04:00,1610612760,SEA,90,1610612756,PHX,79,,,,False
2001-2002,2002,0020100691,20020206/CHILAL,Final,2002-02-07,04:30,1610612747,LAL,89,1610612741,CHI,97,,,,False
2001-2002,2002,0020100692,20020207/SACWAS,Final,2002-02-08,01:00,1610612764,WAS,108,1610612758,SAC,101,,,,False
2001-2002,2002,0020100693,20020207/PHICHH,Final,2002-02-08,01:00,1610612766,CHH,93,1610612755,PHI,100,,,,False
2001-2002,2002,0020100694,20020207/ATLNYK,Final,2002-02-08,01:30,1610612752,NYK,92,1610612737,ATL,89,,,,False
2001-2002,2002,0020100695,20020207/LACDET,Final,2002-02-08,01:30,1610612765,DET,105,1610612746,LAC,92,,,,False
2001-2002,2002,0020100696,20020207/SASTOR,Final/OT,2002-02-08,02:00,1610612761,TOR,80,1610612759,SAS,74,,,,False
2001-2002,2002,0020100697,20020207/MEMMIL,Final,2002-02-08,02:00,1610612749,MIL,107,1610612763,MEM,103,,,,False
2001-2002,2002,0030100002,20020209/RKESPH,,2002-02-09,22:00,1610616838,SPH,0,1610616837,RKE,0,,Rising Stars,,False
2001-2002,2002,0030100003,20020209/WSTEST,,2002-02-10,02:00,1610616833,EST,0,1610616834,WST,0,,All-Star Game,,False
2001-2002,2002,0030100001,20020210/WSTEST,Final,2002-02-10,23:00,1610616833,EST,120,1610616834,WST,135,,All-Star Game,,False
2001-2002,2002,0020100698,20020212/TORCLE,Final,2002-02-13,01:00,1610612739,CLE,99,1610612761,TOR,81,,,,False
2001-2002,2002,0020100699,20020212/UTAIND,Final,2002-02-13,01:00,1610612754,IND,82,1610612762,UTA,98,,,,False
2001-2002,2002,0020100700,20020212/NJNATL,Final,2002-02-13,01:30,1610612737,ATL,105,1610612751,NJN,103,,,,False
2001-2002,2002,0020100701,20020212/PHXDET,Final,2002-02-13,01:30,1610612765,DET,71,1610612756,PHX,99,,,,False
2001-2002,2002,0020100702,20020212/NYKORL,Final,2002-02-13,02:00,1610612753,ORL,122,1610612752,NYK,114,,,,False
2001-2002,2002,0020100703,20020212/MILCHI,Final,2002-02-13,02:30,1610612741,CHI,96,1610612749,MIL,92,,,,False
2001-2002,2002,0020100704,20020212/MEMHOU,Final,2002-02-13,02:30,1610612745,HOU,85,1610612763,MEM,78,,,,False
2001-2002,2002,0020100705,20020212/BOSDEN,Final,2002-02-13,03:00,1610612743,DEN,93,1610612738,BOS,110,,,,False
2001-2002,2002,0020100706,20020212/DALSEA,Final,2002-02-13,04:00,1610612760,SEA,106,1610612742,DAL,112,,,,False
2001-2002,2002,0020100707,20020212/WASLAL,Final,2002-02-13,04:30,1610612747,LAL,103,1610612764,WAS,94,,,,False
2001-2002,2002,0020100708,20020212/SASSAC,Final,2002-02-13,04:30,1610612758,SAC,99,1610612759,SAS,86,,,,False
2001-2002,2002,0020100709,20020213/CHICHH,Final,2002-02-14,01:00,1610612766,CHH,113,1610612741,CHI,91,,,,False
2001-2002,2002,0020100710,20020213/TORNYK,Final,2002-02-14,01:30,1610612752,NYK,89,1610612761,TOR,82,,,,False
2001-2002,2002,0020100711,20020213/ORLMIA,Final,2002-02-14,01:30,1610612748,MIA,112,1610612753,ORL,95,,,,False
2001-2002,2002,0020100712,20020213/CLEMIL,Final,2002-02-14,02:00,1610612749,MIL,107,1610612739,CLE,115,,,,False
2001-2002,2002,0020100713,20020213/PHXMIN,Final,2002-02-14,02:00,1610612750,MIN,107,1610612756,PHX,92,,,,False
2001-2002,2002,0020100714,20020213/DALPOR,Final,2002-02-14,04:00,1610612757,POR,114,1610612742,DAL,103,,,,False
2001-2002,2002,0020100715,20020213/BOSGSW,Final,2002-02-14,04:30,1610612744,GSW,92,1610612738,BOS,75,,,,False
2001-2002,2002,0020100716,20020214/DETNJN,Final,2002-02-15,01:30,1610612751,NJN,80,1610612765,DET,85,,,,False
2001-2002,2002,0020100717,20020214/UTAPHI,Final,2002-02-15,02:00,1610612755,PHI,91,1610612762,UTA,98,,,,False
2001-2002,2002,0020100718,20020214/DENMEM,Final,2002-02-15,02:00,1610612763,MEM,85,1610612743,DEN,100,,,,False
2001-2002,2002,0020100719,20020214/WASSAC,Final,2002-02-15,03:00,1610612758,SAC,109,1610612764,WAS,93,,,,False
2001-2002,2002,0020100720,20020214/LALSEA,Final,2002-02-15,04:00,1610612760,SEA,87,1610612747,LAL,92,,,,False
2001-2002,2002,0020100721,20020214/SASLAC,Final,2002-02-15,04:30,1610612746,LAC,76,1610612759,SAS,89,,,,False
2001-2002,2002,0020100722,20020215/UTATOR,Final,2002-02-16,01:00,1610612761,TOR,85,1610612762,UTA,94,,,,False
2001-2002,2002,0020100723,20020215/DETNYK,Final,2002-02-16,01:30,1610612752,NYK,90,1610612765,DET,101,,,,False
2001-2002,2002,0020100724,20020215/INDCHH,Final,2002-02-16,01:30,1610612766,CHH,116,1610612754,IND,106,,,,False
2001-2002,2002,0020100725,20020215/DENMIN,Final,2002-02-16,02:00,1610612750,MIN,98,1610612743,DEN,99,,,,False
2001-2002,2002,0020100726,20020215/NJNCHI,Final,2002-02-16,02:30,1610612741,CHI,81,1610612751,NJN,106,,,,False
2001-2002,2002,0020100727,20020215/MIAMIL,Final/OT,2002-02-16,02:30,1610612749,MIL,88,1610612748,MIA,90,,,,False
2001-2002,2002,0020100728,20020215/WASPHX,Final,2002-02-16,03:00,1610612756,PHX,96,1610612764,WAS,97,,,,False
2001-2002,2002,0020100729,20020215/BOSPOR,Final,2002-02-16,04:00,1610612757,POR,104,1610612738,BOS,107,,,,False
2001-2002,2002,0020100730,20020215/ATLLAL,Final,2002-02-16,04:30,1610612747,LAL,90,1610612737,ATL,93,,,,False
2001-2002,2002,0020100731,20020215/SASGSW,Final,2002-02-16,04:30,1610612744,GSW,99,1610612759,SAS,108,,,,False
2001-2002,2002,0020100732,20020216/CLECHI,Final,2002-02-17,02:30,1610612741,CHI,101,1610612739,CLE,114,,,,False
2001-2002,2002,0020100733,20020216/ORLHOU,Final,2002-02-17,02:30,1610612745,HOU,100,1610612753,ORL,109,,,,False
2001-2002,2002,0020100734,20020216/BOSSEA,Final,2002-02-17,04:00,1610612760,SEA,99,1610612738,BOS,79,,,,False
2001-2002,2002,0020100735,20020216/DALLAC,Final,2002-02-17,04:30,1610612746,LAC,119,1610612742,DAL,110,,,,False
2001-2002,2002,0020100736,20020217/DENNJN,Final,2002-02-17,19:00,1610612751,NJN,98,1610612743,DEN,77,,,,False
2001-2002,2002,0020100737,20020217/MEMCHH,Final,2002-02-17,20:00,1610612766,CHH,78,1610612763,MEM,92,,,,False
2001-2002,2002,0020100738,20020217/MILTOR,Final,2002-02-17,20:00,1610612761,TOR,86,1610612749,MIL,91,,,,False
2001-2002,2002,0020100739,20020217/PHIIND,Final,2002-02-17,20:00,1610612754,IND,86,1610612755,PHI,76,,,,False
2001-2002,2002,0020100740,20020217/MIAMIN,Final,2002-02-17,21:30,1610612750,MIN,93,1610612748,MIA,80,,,,False
2001-2002,2002,0020100741,20020217/LALPOR,Final,2002-02-17,22:30,1610612757,POR,111,1610612747,LAL,105,,,,False
2001-2002,2002,0020100742,20020217/UTANYK,Final,2002-02-18,01:00,1610612752,NYK,89,1610612762,UTA,92,,,,False
2001-2002,2002,0020100743,20020217/DALPHX,Final,2002-02-18,02:00,1610612756,PHX,92,1610612742,DAL,105,,,,False
2001-2002,2002,0020100744,20020217/ATLGSW,Final,2002-02-18,03:00,1610612744,GSW,94,1610612737,ATL,100,,,,False
2001-2002,2002,0020100745,20020217/SEASAC,Final,2002-02-18,03:00,1610612758,SAC,116,1610612760,SEA,126,,,,False
2001-2002,2002,0020100746,20020218/HOUWAS,Final,2002-02-18,19:00,1610612764,WAS,89,1610612745,HOU,102,,,,False
2001-2002,2002,0020100747,20020218/DENPHI,Final,2002-02-19,01:00,1610612755,PHI,110,1610612743,DEN,83,,,,False
2001-2002,2002,0020100748,20020218/UTACLE,Final,2002-02-19,01:00,1610612739,CLE,92,1610612762,UTA,103,,,,False
2001-2002,2002,0020100749,20020218/CHIMIA,Final,2002-02-19,01:30,1610612748,MIA,102,1610612741,CHI,80,,,,False
2001-2002,2002,0020100750,20020218/TORDET,Final,2002-02-19,01:30,1610612765,DET,89,1610612761,TOR,76,,,,False
2001-2002,2002,0020100751,20020218/CHHMIL,Final,2002-02-19,02:00,1610612749,MIL,92,1610612766,CHH,101,,,,False
2001-2002,2002,0020100752,20020218/PORLAC,Final,2002-02-19,04:30,1610612746,LAC,79,1610612757,POR,80,,,,False
2001-2002,2002,0020100753,20020219/GSWNJN,Final,2002-02-20,01:30,1610612751,NJN,123,1610612744,GSW,115,,,,False
2001-2002,2002,0020100754,20020219/MINDAL,Final,2002-02-20,02:00,1610612742,DAL,100,1610612750,MIN,117,,,,False
2001-2002,2002,0020100755,20020219/MEMSAS,Final/OT,2002-02-20,02:30,1610612759,SAS,99,1610612763,MEM,93,,,,False
2001-2002,2002,0020100756,20020219/SEAPHX,Final,2002-02-20,03:00,1610612756,PHX,91,1610612760,SEA,103,,,,False
2001-2002,2002,0020100757,20020219/ATLSAC,Final,2002-02-20,04:00,1610612758,SAC,99,1610612737,ATL,79,,,,False
2001-2002,2002,0020100758,20020219/BOSLAL,Final,2002-02-20,04:30,1610612747,LAL,108,1610612738,BOS,109,,,,False
2001-2002,2002,0020100759,20020220/GSWPHI,Final,2002-02-21,01:00,1610612755,PHI,114,1610612744,GSW,107,,,,False
2001-2002,2002,0020100760,20020220/LACMIA,Final,2002-02-21,01:30,1610612748,MIA,71,1610612746,LAC,81,,,,False
2001-2002,2002,0020100761,20020220/WASDET,Final,2002-02-21,01:30,1610612765,DET,97,1610612764,WAS,90,,,,False
2001-2002,2002,0020100762,20020220/CHHTOR,Final,2002-02-21,02:00,1610612761,TOR,77,1610612766,CHH,78,,,,False
2001-2002,2002,0020100763,20020220/HOUMIL,Final,2002-02-21,02:00,1610612749,MIL,115,1610612745,HOU,76,,,,False
2001-2002,2002,0020100764,20020220/NYKCHI,Final,2002-02-21,02:30,1610612741,CHI,113,1610612752,NYK,109,,,,False
2001-2002,2002,0020100765,20020220/UTADEN,Final,2002-02-21,03:00,1610612743,DEN,99,1610612762,UTA,110,,,,False
2001-2002,2002,0020100766,20020220/PORSEA,Final,2002-02-21,04:00,1610612760,SEA,84,1610612757,POR,90,,,,False
2001-2002,2002,0020100767,20020221/NJNWAS,Final,2002-02-22,01:00,1610612764,WAS,82,1610612751,NJN,93,,,,False
2001-2002,2002,0020100768,20020221/LALCLE,Final,2002-02-22,01:00,1610612739,CLE,97,1610612747,LAL,104,,,,False
2001-2002,2002,0020100769,20020221/LACORL,Final,2002-02-22,01:30,1610612753,ORL,119,1610612746,LAC,102,,,,False
2001-2002,2002,0020100770,20020221/PHXMEM,Final,2002-02-22,02:00,1610612763,MEM,72,1610612756,PHX,78,,,,False
2001-2002,2002,0020100771,20020221/BOSDAL,Final,2002-02-22,02:30,1610612742,DAL,98,1610612738,BOS,92,,,,False
2001-2002,2002,0020100772,20020221/MINHOU,Final,2002-02-22,02:30,1610612745,HOU,89,1610612750,MIN,83,,,,False
2001-2002,2002,0020100773,20020221/SACSAS,Final,2002-02-22,03:00,1610612759,SAS,115,1610612758,SAC,92,,,,False
2001-2002,2002,0020100774,20020221/ATLPOR,Final,2002-02-22,04:00,1610612757,POR,94,1610612737,ATL,79,,,,False
2001-2002,2002,0020100775,20020222/DETTOR,Final,2002-02-23,01:00,1610612761,TOR,72,1610612765,DET,80,,,,False
2001-2002,2002,0020100776,20020222/CLEIND,Final,2002-02-23,01:00,1610612754,IND,93,1610612739,CLE,103,,,,False
2001-2002,2002,0020100777,20020222/NYKNJN,Final,2002-02-23,01:30,1610612751,NJN,115,1610612752,NYK,93,,,,False
2001-2002,2002,0020100778,20020222/LALCHH,Final,2002-02-23,01:30,1610612766,CHH,94,1610612747,LAL,96,,,,False
2001-2002,2002,0020100779,20020222/PHXCHI,Final,2002-02-23,02:30,1610612741,CHI,91,1610612756,PHX,83,,,,False
2001-2002,2002,0020100780,20020222/GSWMIL,Final,2002-02-23,02:30,1610612749,MIL,116,1610612744,GSW,112,,,,False
2001-2002,2002,0020100781,20020222/ATLSEA,Final,2002-02-23,04:00,1610612760,SEA,99,1610612737,ATL,96,,,,False
2001-2002,2002,0020100782,20020223/PHIORL,Final,2002-02-23,23:30,1610612753,ORL,105,1610612755,PHI,87,,,,False
2001-2002,2002,0020100783,20020223/SACDAL,Final,2002-02-23,23:30,1610612742,DAL,111,1610612758,SAC,97,,,,False
2001-2002,2002,0020100784,20020223/MIAWAS,Final,2002-02-24,02:00,1610612764,WAS,95,1610612748,MIA,97,,,,False
2001-2002,2002,0020100785,20020223/LACIND,Final,2002-02-24,02:00,1610612754,IND,106,1610612746,LAC,88,,,,False
2001-2002,2002,0020100786,20020223/GSWCHI,Final,2002-02-24,02:30,1610612741,CHI,105,1610612744,GSW,91,,,,False
2001-2002,2002,0020100787,20020223/BOSHOU,Final,2002-02-24,02:30,1610612745,HOU,99,1610612738,BOS,89,,,,False
2001-2002,2002,0020100788,20020223/MINSAS,Final,2002-02-24,02:30,1610612759,SAS,88,1610612750,MIN,112,,,,False
2001-2002,2002,0020100789,20020223/DENPOR,Final,2002-02-24,04:00,1610612757,POR,101,1610612743,DEN,90,,,,False
2001-2002,2002,0020100790,20020224/LALNYK,Final,2002-02-24,18:00,1610612752,NYK,91,1610612747,LAL,107,,,,False
2001-2002,2002,0020100791,20020224/CHHNJN,Final,2002-02-24,21:00,1610612751,NJN,95,1610612766,CHH,93,,,,False
2001-2002,2002,0020100792,20020224/DETMIL,Final,2002-02-24,21:00,1610612749,MIL,89,1610612765,DET,82,,,,False
2001-2002,2002,0020100793,20020224/SEATOR,Final,2002-02-25,00:00,1610612761,TOR,92,1610612760,SEA,101,,,,False
2001-2002,2002,0020100794,20020224/ORLCLE,Final,2002-02-25,01:00,1610612739,CLE,111,1610612753,ORL,96,,,,False
2001-2002,2002,0020100795,20020224/WASMIA,Final,2002-02-25,01:30,1610612748,MIA,92,1610612764,WAS,80,,,,False
2001-2002,2002,0020100796,20020224/SASPHX,Final,2002-02-25,02:00,1610612756,PHX,92,1610612759,SAS,83,,,,False
2001-2002,2002,0020100797,20020224/ATLDEN,Final,2002-02-25,03:00,1610612743,DEN,84,1610612737,ATL,89,,,,False
2001-2002,2002,0020100798,20020225/PORPHI,Final,2002-02-26,01:00,1610612755,PHI,83,1610612757,POR,88,,,,False
2001-2002,2002,0020100799,20020225/MINCHH,Final,2002-02-26,01:00,1610612766,CHH,92,1610612750,MIN,97,,,,False
2001-2002,2002,0020100800,20020225/LACMEM,Final,2002-02-26,02:00,1610612763,MEM,77,1610612746,LAC,90,,,,False
2001-2002,2002,0020100801,20020225/INDGSW,Final/OT,2002-02-26,04:30,1610612744,GSW,97,1610612754,IND,102,,,,False
2001-2002,2002,0020100802,20020226/SEACLE,Final,2002-02-27,01:00,1610612739,CLE,89,1610612760,SEA,109,,,,False
2001-2002,2002,0020100803,20020226/LALMIL,Final,2002-02-27,02:00,1610612749,MIL,89,1610612747,LAL,99,,,,False
2001-2002,2002,0020100804,20020226/ORLCHI,Final,2002-02-27,02:30,1610612741,CHI,97,1610612753,ORL,112,,,,False
2001-2002,2002,0020100805,20020226/MEMDAL,Final,2002-02-27,02:30,1610612742,DAL,104,1610612763,MEM,91,,,,False
2001-2002,2002,0020100806,20020226/LACHOU,Final,2002-02-27,02:30,1610612745,HOU,84,1610612746,LAC,94,,,,False
2001-2002,2002,0020100807,20020226/PHXSAS,Final,2002-02-27,02:30,1610612759,SAS,99,1610612756,PHX,91,,,,False
2001-2002,2002,0020100808,20020226/UTASAC,Final,2002-02-27,04:30,1610612758,SAC,107,1610612762,UTA,81,,,,False
2001-2002,2002,0020100809,20020227/MILBOS,Final,2002-02-28,01:00,1610612738,BOS,92,1610612749,MIL,95,,,,False
2001-2002,2002,0020100810,20020227/MIAPHI,Final,2002-02-28,01:00,1610612755,PHI,82,1610612748,MIA,72,,,,False
2001-2002,2002,0020100811,20020227/PORWAS,Final,2002-02-28,01:00,1610612764,WAS,101,1610612757,POR,105,,,,False
2001-2002,2002,0020100812,20020227/NJNCHH,Final,2002-02-28,01:00,1610612766,CHH,104,1610612751,NJN,85,,,,False
2001-2002,2002,0020100813,20020227/SEAATL,Final,2002-02-28,01:30,1610612737,ATL,81,1610612760,SEA,98,,,,False
2001-2002,2002,0020100814,20020227/CHIDET,Final,2002-02-28,01:30,1610612765,DET,101,1610612741,CHI,89,,,,False
2001-2002,2002,0020100815,20020227/ORLTOR,Final,2002-02-28,02:00,1610612761,TOR,85,1610612753,ORL,90,,,,False
2001-2002,2002,0020100816,20020227/LALMIN,Final,2002-02-28,02:00,1610612750,MIN,112,1610612747,LAL,101,,,,False
2001-2002,2002,0020100817,20020227/DENGSW,Final,2002-02-28,04:30,1610612744,GSW,110,1610612743,DEN,93,,,,False
2001-2002,2002,0020100818,20020228/SASCLE,Final/OT,2002-03-01,01:00,1610612739,CLE,114,1610612759,SAS,107,,,,False
2001-2002,2002,0020100819,20020228/NYKMIA,Final,2002-03-01,02:00,1610612748,MIA,100,1610612752,NYK,86,,,,False
2001-2002,2002,0020100820,20020228/MEMUTA,Final,2002-03-01,03:00,1610612762,UTA,114,1610612763,MEM,70,,,,False
2001-2002,2002,0020100821,20020228/INDPHX,Final/OT,2002-03-01,03:00,1610612756,PHX,107,1610612754,IND,100,,,,False
2001-2002,2002,0020100822,20020301/NJNPHI,Final,2002-03-02,01:00,1610612755,PHI,110,1610612751,NJN,102,,,,False
2001-2002,2002,0020100823,20020301/PORTOR,Final,2002-03-02,01:00,1610612761,TOR,81,1610612757,POR,91,,,,False
2001-2002,2002,0020100824,20020301/CHHBOS,Final,2002-03-02,01:30,1610612738,BOS,87,1610612766,CHH,100,,,,False
2001-2002,2002,0020100825,20020301/SEANYK,Final,2002-03-02,01:30,1610612752,NYK,89,1610612760,SEA,87,,,,False
2001-2002,2002,0020100826,20020301/ORLDET,Final,2002-03-02,02:00,1610612765,DET,110,1610612753,ORL,102,,,,False
2001-2002,2002,0020100827,20020301/SASMIN,Final,2002-03-02,02:00,1610612750,MIN,77,1610612759,SAS,85,,,,False
2001-2002,2002,0020100828,20020301/WASCHI,Final,2002-03-02,02:30,1610612741,CHI,90,1610612764,WAS,81,,,,False
2001-2002,2002,0020100829,20020301/MEMDEN,Final,2002-03-02,03:00,1610612743,DEN,96,1610612763,MEM,83,,,,False
2001-2002,2002,0020100830,20020301/INDLAL,Final,2002-03-02,04:30,1610612747,LAL,96,1610612754,IND,84,,,,False
2001-2002,2002,0020100831,20020301/SACGSW,Final,2002-03-02,04:30,1610612744,GSW,108,1610612758,SAC,116,,,,False
2001-2002,2002,0020100832,20020302/CLEATL,Final,2002-03-03,01:00,1610612737,ATL,84,1610612739,CLE,81,,,,False
2001-2002,2002,0020100833,20020302/PORMIL,Final/OT,2002-03-03,02:30,1610612749,MIL,103,1610612757,POR,104,,,,False
2001-2002,2002,0020100834,20020302/MIADAL,Final,2002-03-03,02:30,1610612742,DAL,95,1610612748,MIA,109,,,,False
2001-2002,2002,0020100835,20020302/MINUTA,Final,2002-03-03,03:00,1610612762,UTA,105,1610612750,MIN,116,,,,False
2001-2002,2002,0020100836,20020302/HOUPHX,Final,2002-03-03,03:00,1610612756,PHX,97,1610612745,HOU,104,,,,False
2001-2002,2002,0020100837,20020302/GSWLAC,Final,2002-03-03,04:30,1610612746,LAC,109,1610612744,GSW,95,,,,False
2001-2002,2002,0020100838,20020303/SASNYK,Final,2002-03-03,18:30,1610612752,NYK,83,1610612759,SAS,99,,,,False
2001-2002,2002,0020100839,20020303/CHINJN,Final,2002-03-03,21:00,1610612751,NJN,92,1610612741,CHI,84,,,,False
2001-2002,2002,0020100840,20020303/ORLWAS,Final/OT,2002-03-04,00:00,1610612764,WAS,107,1610612753,ORL,102,,,,False
2001-2002,2002,0020100841,20020303/DETCHH,Final,2002-03-03,21:00,1610612766,CHH,81,1610612765,DET,83,,,,False
2001-2002,2002,0020100842,20020303/SEAMEM,Final,2002-03-03,21:00,1610612763,MEM,71,1610612760,SEA,96,,,,False
2001-2002,2002,0020100843,20020303/PHITOR,Final,2002-03-03,18:30,1610612761,TOR,84,1610612755,PHI,96,,,,False
2001-2002,2002,0020100844,20020303/INDSAC,Final,2002-03-04,00:00,1610612758,SAC,86,1610612754,IND,97,,,,False
2001-2002,2002,0020100845,20020303/MILCLE,Final,2002-03-04,01:00,1610612739,CLE,91,1610612749,MIL,101,,,,False
2001-2002,2002,0020100846,20020303/DALDEN,Final/OT,2002-03-04,03:00,1610612743,DEN,110,1610612742,DAL,116,,,,False
2001-2002,2002,0020100847,20020303/HOULAL,Final,2002-03-04,03:30,1610612747,LAL,95,1610612745,HOU,79,,,,False
2001-2002,2002,0020100848,20020304/BOSPHI,Final,2002-03-05,01:00,1610612755,PHI,94,1610612738,BOS,100,,,,False
2001-2002,2002,0020100849,20020304/MEMATL,Final,2002-03-05,01:30,1610612737,ATL,95,1610612763,MEM,76,,,,False
2001-2002,2002,0020100850,20020304/DENUTA,Final,2002-03-05,03:00,1610612762,UTA,100,1610612743,DEN,82,,,,False
2001-2002,2002,0020100851,20020304/SACPOR,Final,2002-03-05,04:00,1610612757,POR,107,1610612758,SAC,95,,,,False
2001-2002,2002,0020100852,20020305/CHIWAS,Final,2002-03-06,01:00,1610612764,WAS,115,1610612741,CHI,90,,,,False
2001-2002,2002,0020100853,20020305/ATLCLE,Final,2002-03-06,01:00,1610612739,CLE,103,1610612737,ATL,96,,,,False
2001-2002,2002,0020100854,20020305/MILNYK,Final,2002-03-06,01:30,1610612752,NYK,102,1610612749,MIL,89,,,,False
2001-2002,2002,0020100855,20020305/MIADET,Final,2002-03-06,01:30,1610612765,DET,91,1610612748,MIA,93,,,,False
2001-2002,2002,0020100856,20020305/ORLIND,Final,2002-03-06,02:00,1610612754,IND,111,1610612753,ORL,98,,,,False
2001-2002,2002,0020100857,20020305/PHXDAL,Final,2002-03-06,02:30,1610612742,DAL,81,1610612756,PHX,77,,,,False
2001-2002,2002,0020100858,20020305/TORHOU,Final,2002-03-06,02:30,1610612745,HOU,112,1610612761,TOR,109,,,,False
2001-2002,2002,0020100859,20020305/GSWSAS,Final,2002-03-06,02:30,1610612759,SAS,109,1610612744,GSW,88,,,,False
2001-2002,2002,0020100860,20020305/MINSEA,Final,2002-03-06,04:30,1610612760,SEA,97,1610612750,MIN,83,,,,False
2001-2002,2002,0020100861,20020305/NJNLAL,Final,2002-03-06,04:30,1610612747,LAL,101,1610612751,NJN,92,,,,False
2001-2002,2002,0020100862,20020306/ORLBOS,Final,2002-03-07,01:00,1610612738,BOS,130,1610612753,ORL,110,,,,False
2001-2002,2002,0020100863,20020306/CLEPHI,Final,2002-03-07,01:00,1610612755,PHI,85,1610612739,CLE,76,,,,False
2001-2002,2002,0020100864,20020306/LACMIL,Final,2002-03-07,02:00,1610612749,MIL,92,1610612746,LAC,86,,,,False
2001-2002,2002,0020100865,20020306/LALUTA,Final,2002-03-07,02:00,1610612762,UTA,92,1610612747,LAL,84,,,,False
2001-2002,2002,0020100866,20020306/MIACHI,Final,2002-03-07,02:30,1610612741,CHI,87,1610612748,MIA,92,,,,False
2001-2002,2002,0020100867,20020306/NJNPHX,Final,2002-03-07,03:00,1610612756,PHX,89,1610612751,NJN,87,,,,False
2001-2002,2002,0020100868,20020306/MINPOR,Final,2002-03-07,04:00,1610612757,POR,85,1610612750,MIN,78,,,,False
2001-2002,2002,0020100869,20020307/DETWAS,Final,2002-03-08,01:00,1610612764,WAS,92,1610612765,DET,95,,,,False
2001-2002,2002,0020100870,20020307/INDMEM,Final,2002-03-08,02:00,1610612763,MEM,122,1610612754,IND,111,,,,False
2001-2002,2002,0020100871,20020307/HOUSAS,Final,2002-03-08,02:30,1610612759,SAS,99,1610612745,HOU,97,,,,False
2001-2002,2002,0020100872,20020307/TORDAL,Final,2002-03-08,03:00,1610612742,DAL,122,1610612761,TOR,103,,,,False
2001-2002,2002,0020100873,20020307/NYKDEN,Final,2002-03-08,03:00,1610612743,DEN,104,1610612752,NYK,93,,,,False
2001-2002,2002,0020100874,20020307/CHHSEA,Final/OT,2002-03-08,04:00,1610612760,SEA,92,1610612766,CHH,89,,,,False
2001-2002,2002,0020100875,20020308/INDPHI,Final,2002-03-09,01:00,1610612755,PHI,109,1610612754,IND,100,,,,False
2001-2002,2002,0020100876,20020308/DETBOS,Final,2002-03-09,01:30,1610612738,BOS,117,1610612765,DET,92,,,,False
2001-2002,2002,0020100877,20020308/WASORL,Final,2002-03-09,01:30,1610612753,ORL,99,1610612764,WAS,96,,,,False
2001-2002,2002,0020100878,20020308/TORMIA,Final,2002-03-09,01:30,1610612748,MIA,74,1610612761,TOR,83,,,,False
2001-2002,2002,0020100879,20020308/LACCHI,Final,2002-03-09,02:30,1610612741,CHI,90,1610612746,LAC,94,,,,False
2001-2002,2002,0020100880,20020308/CLEMIL,Final/OT,2002-03-09,02:30,1610612749,MIL,109,1610612739,CLE,115,,,,False
2001-2002,2002,0020100881,20020308/GSWHOU,Final,2002-03-09,02:30,1610612745,HOU,95,1610612744,GSW,108,,,,False
2001-2002,2002,0020100882,20020308/NYKUTA,Final,2002-03-09,03:00,1610612762,UTA,79,1610612752,NYK,85,,,,False
2001-2002,2002,0020100883,20020308/MINPHX,Final,2002-03-09,03:00,1610612756,PHX,81,1610612750,MIN,76,,,,False
2001-2002,2002,0020100884,20020308/CHHSAC,Final,2002-03-09,04:00,1610612758,SAC,99,1610612766,CHH,87,,,,False
2001-2002,2002,0020100885,20020308/NJNPOR,Final,2002-03-09,04:00,1610612757,POR,82,1610612751,NJN,73,,,,False
2001-2002,2002,0020100886,20020309/PHIATL,Final,2002-03-10,01:00,1610612737,ATL,91,1610612755,PHI,112,,,,False
2001-2002,2002,0020100887,20020309/MIAMEM,Final,2002-03-10,02:00,1610612763,MEM,88,1610612748,MIA,93,,,,False
2001-2002,2002,0020100888,20020309/SASCHI,Final,2002-03-10,02:30,1610612741,CHI,73,1610612759,SAS,100,,,,False
2001-2002,2002,0020100889,20020309/GSWDAL,Final,2002-03-10,02:30,1610612742,DAL,107,1610612744,GSW,105,,,,False
2001-2002,2002,0020100890,20020309/PORDEN,Final/OT,2002-03-10,04:00,1610612743,DEN,109,1610612757,POR,106,,,,False
2001-2002,2002,0020100891,20020309/NJNSEA,Final,2002-03-10,04:00,1610612760,SEA,96,1610612751,NJN,90,,,,False
2001-2002,2002,0020100892,20020310/TORORL,Final,2002-03-10,18:30,1610612753,ORL,92,1610612761,TOR,79,,,,False
2001-2002,2002,0020100893,20020310/WASBOS,Final,2002-03-10,21:00,1610612738,BOS,98,1610612764,WAS,91,,,,False
2001-2002,2002,0020100894,20020310/LACCLE,Final,2002-03-10,21:00,1610612739,CLE,78,1610612746,LAC,95,,,,False
2001-2002,2002,0020100895,20020310/INDDET,Final,2002-03-10,21:00,1610612765,DET,84,1610612754,IND,89,,,,False
2001-2002,2002,0020100896,20020310/SACMIL,Final,2002-03-10,21:00,1610612749,MIL,73,1610612758,SAC,98,,,,False
2001-2002,2002,0020100897,20020310/UTAHOU,Final,2002-03-10,21:00,1610612745,HOU,95,1610612762,UTA,92,,,,False
2001-2002,2002,0020100898,20020310/NYKLAL,Final,2002-03-11,00:00,1610612747,LAL,117,1610612752,NYK,103,,,,False
2001-2002,2002,0020100899,20020310/CHHPHX,Final,2002-03-11,03:00,1610612756,PHX,82,1610612766,CHH,88,,,,False
2001-2002,2002,0020100900,20020311/BOSWAS,Final,2002-03-12,01:00,1610612764,WAS,99,1610612738,BOS,104,,,,False
2001-2002,2002,0020100901,20020311/GSWATL,Final,2002-03-12,01:30,1610612737,ATL,121,1610612744,GSW,96,,,,False
2001-2002,2002,0020100902,20020311/LACMIN,Final,2002-03-12,02:00,1610612750,MIN,99,1610612746,LAC,108,,,,False
2001-2002,2002,0020100903,20020311/UTAMEM,Final,2002-03-12,02:00,1610612763,MEM,79,1610612762,UTA,78,,,,False
2001-2002,2002,0020100904,20020311/SACCHI,Final,2002-03-12,02:30,1610612741,CHI,103,1610612758,SAC,107,,,,False
2001-2002,2002,0020100905,20020311/SEADAL,Final,2002-03-12,02:30,1610612742,DAL,119,1610612760,SEA,108,,,,False
2001-2002,2002,0020100906,20020311/SASDEN,Final,2002-03-12,03:00,1610612743,DEN,78,1610612759,SAS,93,,,,False
2001-2002,2002,0020100907,20020312/GSWIND,Final,2002-03-13,01:00,1610612754,IND,115,1610612744,GSW,101,,,,False
2001-2002,2002,0020100908,20020312/PHINYK,Final,2002-03-13,01:30,1610612752,NYK,96,1610612755,PHI,104,,,,False
2001-2002,2002,0020100909,20020312/TORNJN,Final,2002-03-13,02:00,1610612751,NJN,86,1610612761,TOR,84,,,,False
2001-2002,2002,0020100910,20020312/PHXMIA,Final,2002-03-13,02:00,1610612748,MIA,90,1610612756,PHX,78,,,,False
2001-2002,2002,0020100911,20020312/CHIMIL,Final,2002-03-13,02:00,1610612749,MIL,110,1610612741,CHI,81,,,,False
2001-2002,2002,0020100912,20020312/SEAHOU,Final,2002-03-13,02:30,1610612745,HOU,101,1610612760,SEA,98,,,,False
2001-2002,2002,0020100913,20020312/MEMSAS,Final,2002-03-13,02:30,1610612759,SAS,98,1610612763,MEM,84,,,,False
2001-2002,2002,0020100914,20020312/CHHLAL,Final,2002-03-13,04:30,1610612747,LAL,107,1610612766,CHH,66,,,,False
2001-2002,2002,0020100915,20020313/NJNBOS,Final,2002-03-14,01:00,1610612738,BOS,97,1610612751,NJN,89,,,,False
2001-2002,2002,0020100916,20020313/PHXORL,Final/OT,2002-03-14,01:30,1610612753,ORL,119,1610612756,PHX,114,,,,False
2001-2002,2002,0020100917,20020313/DENATL,Final,2002-03-14,01:30,1610612737,ATL,105,1610612743,DEN,102,,,,False
2001-2002,2002,0020100918,20020313/CLEDET,Final,2002-03-14,01:30,1610612765,DET,85,1610612739,CLE,84,,,,False
2001-2002,2002,0020100919,20020313/SACPHI,Final,2002-03-14,02:00,1610612755,PHI,88,1610612758,SAC,92,,,,False
2001-2002,2002,0020100920,20020313/HOUMIN,Final,2002-03-14,02:00,1610612750,MIN,95,1610612745,HOU,96,,,,False
2001-2002,2002,0020100921,20020313/WASLAC,Final,2002-03-14,04:30,1610612746,LAC,96,1610612764,WAS,75,,,,False
2001-2002,2002,0020100922,20020314/UTACHH,Final,2002-03-15,01:00,1610612766,CHH,100,1610612762,UTA,82,,,,False
2001-2002,2002,0020100923,20020314/SACNYK,Final,2002-03-15,01:30,1610612752,NYK,113,1610612758,SAC,96,,,,False
2001-2002,2002,0020100924,20020314/CHISAS,Final,2002-03-15,02:30,1610612759,SAS,91,1610612741,CHI,86,,,,False
2001-2002,2002,0020100925,20020314/DALPOR,Final,2002-03-15,04:00,1610612757,POR,132,1610612742,DAL,106,,,,False
2001-2002,2002,0020100926,20020314/LALGSW,Final,2002-03-15,04:30,1610612744,GSW,102,1610612747,LAL,110,,,,False
2001-2002,2002,0020100927,20020315/MIANJN,Final,2002-03-16,01:30,1610612751,NJN,97,1610612748,MIA,78,,,,False
2001-2002,2002,0020100928,20020315/DENORL,Final,2002-03-16,01:30,1610612753,ORL,124,1610612743,DEN,102,,,,False
2001-2002,2002,0020100929,20020315/PHXATL,Final,2002-03-16,01:30,1610612737,ATL,104,1610612756,PHX,89,,,,False
2001-2002,2002,0020100930,20020315/UTADET,Final,2002-03-16,02:00,1610612765,DET,97,1610612762,UTA,100,,,,False
2001-2002,2002,0020100931,20020315/INDMIN,Final,2002-03-16,02:00,1610612750,MIN,85,1610612754,IND,98,,,,False
2001-2002,2002,0020100932,20020315/BOSMEM,Final,2002-03-16,02:00,1610612763,MEM,97,1610612738,BOS,103,,,,False
2001-2002,2002,0020100933,20020315/WASSEA,Final,2002-03-16,04:00,1610612760,SEA,98,1610612764,WAS,103,,,,False
2001-2002,2002,0020100934,20020315/LACLAL,Final,2002-03-16,04:30,1610612747,LAL,98,1610612746,LAC,92,,,,False
2001-2002,2002,0020100935,20020316/CLENYK,Final,2002-03-17,01:30,1610612752,NYK,105,1610612739,CLE,95,,,,False
2001-2002,2002,0020100936,20020316/DENMIA,Final,2002-03-17,01:30,1610612748,MIA,101,1610612743,DEN,76,,,,False
2001-2002,2002,0020100937,20020316/PHXCHH,Final,2002-03-17,01:30,1610612766,CHH,87,1610612756,PHX,76,,,,False
2001-2002,2002,0020100938,20020316/DETMIL,Final,2002-03-17,02:30,1610612749,MIL,94,1610612765,DET,102,,,,False
2001-2002,2002,0020100939,20020316/CHIHOU,Final/OT2,2002-03-17,02:30,1610612745,HOU,112,1610612741,CHI,114,,,,False
2001-2002,2002,0020100940,20020316/BOSSAS,Final,2002-03-17,02:30,1610612759,SAS,111,1610612738,BOS,104,,,,False
2001-2002,2002,0020100941,20020316/WASPOR,Final,2002-03-17,04:00,1610612757,POR,95,1610612764,WAS,80,,,,False
2001-2002,2002,0020100942,20020316/SEALAC,Final,2002-03-17,04:30,1610612746,LAC,87,1610612760,SEA,95,,,,False
2001-2002,2002,0020100943,20020316/DALGSW,Final,2002-03-17,04:30,1610612744,GSW,100,1610612742,DAL,117,,,,False
2001-2002,2002,0020100944,20020317/ORLPHI,Final,2002-03-17,18:00,1610612755,PHI,103,1610612753,ORL,105,,,,False
2001-2002,2002,0020100945,20020317/ATLIND,Final,2002-03-17,20:30,1610612754,IND,85,1610612737,ATL,68,,,,False
2001-2002,2002,0020100946,20020317/NJNMEM,Final,2002-03-17,21:00,1610612763,MEM,76,1610612751,NJN,87,,,,False
2001-2002,2002,0020100947,20020317/UTAMIN,Final,2002-03-17,21:30,1610612750,MIN,89,1610612762,UTA,96,,,,False
2001-2002,2002,0020100948,20020317/SACTOR,Final,2002-03-17,21:00,1610612761,TOR,113,1610612758,SAC,116,,,,False
2001-2002,2002,0020100949,20020317/NYKCLE,Final,2002-03-18,01:00,1610612739,CLE,104,1610612752,NYK,99,,,,False
2001-2002,2002,0020100950,20020317/DALLAL,Final,2002-03-18,03:30,1610612747,LAL,105,1610612742,DAL,103,,,,False
2001-2002,2002,0020100951,20020318/PORBOS,Final,2002-03-19,01:00,1610612738,BOS,91,1610612757,POR,100,,,,False
2001-2002,2002,0020100952,20020318/MILCHH,Final,2002-03-19,01:00,1610612766,CHH,113,1610612749,MIL,110,,,,False
2001-2002,2002,0020100953,20020318/DETDEN,Final,2002-03-19,03:00,1610612743,DEN,91,1610612765,DET,98,,,,False
2001-2002,2002,0020100954,20020318/HOULAC,Final,2002-03-19,04:30,1610612746,LAC,93,1610612745,HOU,86,,,,False
2001-2002,2002,0020100955,20020318/WASGSW,Final,2002-03-19,04:30,1610612744,GSW,96,1610612764,WAS,99,,,,False
2001-2002,2002,0020100956,20020319/NJNCLE,Final,2002-03-20,01:00,1610612739,CLE,100,1610612751,NJN,97,,,,False
2001-2002,2002,0020100957,20020319/PHIMIA,Final,2002-03-20,01:30,1610612748,MIA,79,1610612755,PHI,91,,,,False
2001-2002,2002,0020100958,20020319/MILORL,Final,2002-03-20,02:00,1610612753,ORL,101,1610612749,MIL,91,,,,False
2001-2002,2002,0020100959,20020319/TORMIN,Final,2002-03-20,02:00,1610612750,MIN,112,1610612761,TOR,80,,,,False
2001-2002,2002,0020100960,20020319/NYKMEM,Final,2002-03-20,02:00,1610612763,MEM,92,1610612752,NYK,101,,,,False
2001-2002,2002,0020100961,20020319/ATLCHI,Final,2002-03-20,02:30,1610612741,CHI,96,1610612737,ATL,102,,,,False
2001-2002,2002,0020100962,20020319/LALDAL,Final,2002-03-20,02:30,1610612742,DAL,114,1610612747,LAL,98,,,,False
2001-2002,2002,0020100963,20020319/DETUTA,Final,2002-03-20,03:00,1610612762,UTA,87,1610612765,DET,94,,,,False
2001-2002,2002,0020100964,20020319/GSWSEA,Final,2002-03-20,04:00,1610612760,SEA,110,1610612744,GSW,93,,,,False
2001-2002,2002,0020100965,20020319/HOUSAC,Final,2002-03-20,04:30,1610612758,SAC,110,1610612745,HOU,87,,,,False
2001-2002,2002,0020100966,20020320/CLEBOS,Final,2002-03-21,01:00,1610612738,BOS,96,1610612739,CLE,70,,,,False
2001-2002,2002,0020100967,20020320/MIAPHI,Final,2002-03-21,01:00,1610612755,PHI,77,1610612748,MIA,82,,,,False
2001-2002,2002,0020100968,20020320/INDCHH,Final,2002-03-21,01:00,1610612766,CHH,94,1610612754,IND,88,,,,False
2001-2002,2002,0020100969,20020320/PORNJN,Final,2002-03-21,01:30,1610612751,NJN,97,1610612757,POR,82,,,,False
2001-2002,2002,0020100970,20020320/LALSAS,Final,2002-03-21,02:00,1610612759,SAS,108,1610612747,LAL,90,,,,False
2001-2002,2002,0020100971,20020320/WASDEN,Final,2002-03-21,03:00,1610612743,DEN,75,1610612764,WAS,107,,,,False
2001-2002,2002,0020100972,20020321/NYKATL,Final,2002-03-22,01:30,1610612737,ATL,118,1610612752,NYK,89,,,,False
2001-2002,2002,0020100973,20020321/MINMEM,Final,2002-03-22,02:00,1610612763,MEM,93,1610612750,MIN,95,,,,False
2001-2002,2002,0020100974,20020321/SASDAL,Final,2002-03-22,02:30,1610612742,DAL,102,1610612759,SAS,105,,,,False
2001-2002,2002,0020100975,20020321/WASUTA,Final,2002-03-22,03:00,1610612762,UTA,94,1610612764,WAS,79,,,,False
2001-2002,2002,0020100976,20020321/DETPHX,Final,2002-03-22,03:00,1610612756,PHX,82,1610612765,DET,95,,,,False
2001-2002,2002,0020100977,20020321/DENSAC,Final,2002-03-22,04:00,1610612758,SAC,118,1610612743,DEN,82,,,,False
2001-2002,2002,0020100978,20020321/LACGSW,Final,2002-03-22,04:30,1610612744,GSW,96,1610612746,LAC,116,,,,False
2001-2002,2002,0020100979,20020322/PHIBOS,Final,2002-03-23,01:30,1610612738,BOS,91,1610612755,PHI,96,,,,False
2001-2002,2002,0020100980,20020322/MILNJN,Final,2002-03-23,01:30,1610612751,NJN,108,1610612749,MIL,84,,,,False
2001-2002,2002,0020100981,20020322/CHHORL,Final,2002-03-23,01:30,1610612753,ORL,92,1610612766,CHH,106,,,,False
2001-2002,2002,0020100982,20020322/INDMIA,Final,2002-03-23,01:30,1610612748,MIA,94,1610612754,IND,104,,,,False
2001-2002,2002,0020100983,20020322/TORCLE,Final,2002-03-23,01:30,1610612739,CLE,80,1610612761,TOR,94,,,,False
2001-2002,2002,0020100984,20020322/PORCHI,Final,2002-03-23,02:30,1610612741,CHI,93,1610612757,POR,109,,,,False
2001-2002,2002,0020100985,20020322/HOUSEA,Final,2002-03-23,04:00,1610612760,SEA,112,1610612745,HOU,82,,,,False
2001-2002,2002,0020100986,20020322/DETLAL,Final,2002-03-23,04:30,1610612747,LAL,94,1610612765,DET,82,,,,False
2001-2002,2002,0020100987,20020323/CHIATL,Final,2002-03-24,01:00,1610612737,ATL,112,1610612741,CHI,96,,,,False
2001-2002,2002,0020100988,20020323/PORMIN,Final,2002-03-24,02:00,1610612750,MIN,99,1610612757,POR,108,,,,False
2001-2002,2002,0020100989,20020323/MEMDAL,Final,2002-03-24,02:30,1610612742,DAL,111,1610612763,MEM,100,,,,False
2001-2002,2002,0020100990,20020323/MIASAS,Final,2002-03-24,02:30,1610612759,SAS,89,1610612748,MIA,79,,,,False
2001-2002,2002,0020100991,20020323/GSWUTA,Final,2002-03-24,03:00,1610612762,UTA,112,1610612744,GSW,103,,,,False
2001-2002,2002,0020100992,20020323/SEADEN,Final,2002-03-24,04:00,1610612743,DEN,88,1610612760,SEA,85,,,,False
2001-2002,2002,0020100993,20020323/PHXLAC,Final,2002-03-24,04:30,1610612746,LAC,94,1610612756,PHX,97,,,,False
2001-2002,2002,0020100994,20020324/NYKPHI,Final,2002-03-24,22:00,1610612755,PHI,90,1610612752,NYK,82,,,,False
2001-2002,2002,0020100995,20020324/CHHIND,Final,2002-03-24,20:30,1610612754,IND,84,1610612766,CHH,99,,,,False
2001-2002,2002,0020100996,20020324/ORLMIL,Final,2002-03-24,21:00,1610612749,MIL,110,1610612753,ORL,85,,,,False
2001-2002,2002,0020100997,20020324/BOSDET,Final,2002-03-24,18:00,1610612765,DET,109,1610612738,BOS,101,,,,False
2001-2002,2002,0020100998,20020324/WASTOR,Final,2002-03-24,18:00,1610612761,TOR,92,1610612764,WAS,91,,,,False
2001-2002,2002,0020100999,20020324/ATLNJN,Final,2002-03-25,00:00,1610612751,NJN,116,1610612737,ATL,102,,,,False
2001-2002,2002,0020101000,20020324/LALSAC,Final,2002-03-25,00:30,1610612758,SAC,96,1610612747,LAL,97,,,,False
2001-2002,2002,0020101001,20020324/HOUGSW,Final,2002-03-25,03:00,1610612744,GSW,104,1610612745,HOU,116,,,,False
2001-2002,2002,0020101002,20020325/DENNYK,Final,2002-03-26,01:30,1610612752,NYK,83,1610612743,DEN,84,,,,False
2001-2002,2002,0020101003,20020325/BOSMIA,Final,2002-03-26,01:30,1610612748,MIA,82,1610612738,BOS,87,,,,False
2001-2002,2002,0020101004,20020325/CLEPHX,Final,2002-03-26,03:00,1610612756,PHX,102,1610612739,CLE,96,,,,False
2001-2002,2002,0020101005,20020325/MEMPOR,Final,2002-03-26,04:00,1610612757,POR,100,1610612763,MEM,103,,,,False
2001-2002,2002,0020101006,20020325/UTASEA,Final,2002-03-26,04:00,1610612760,SEA,106,1610612762,UTA,92,,,,False
2001-2002,2002,0020101007,20020325/SASLAC,Final,2002-03-26,04:30,1610612746,LAC,85,1610612759,SAS,91,,,,False
2001-2002,2002,0020101008,20020326/DENWAS,Final,2002-03-27,01:00,1610612764,WAS,103,1610612743,DEN,87,,,,False
2001-2002,2002,0020101009,20020326/DETIND,Final,2002-03-27,01:00,1610612754,IND,77,1610612765,DET,96,,,,False
2001-2002,2002,0020101010,20020326/CHIORL,Final,2002-03-27,01:30,1610612753,ORL,96,1610612741,CHI,82,,,,False
2001-2002,2002,0020101011,20020326/NJNATL,Final,2002-03-27,01:30,1610612737,ATL,103,1610612751,NJN,77,,,,False
2001-2002,2002,0020101012,20020326/DALMIL,Final/OT,2002-03-27,02:00,1610612749,MIL,106,1610612742,DAL,112,,,,False
2001-2002,2002,0020101013,20020326/GSWMIN,Final,2002-03-27,02:00,1610612750,MIN,106,1610612744,GSW,115,,,,False
2001-2002,2002,0020101014,20020326/HOUUTA,Final,2002-03-27,03:00,1610612762,UTA,109,1610612745,HOU,105,,,,False
2001-2002,2002,0020101015,20020326/LACSAC,Final,2002-03-27,04:30,1610612758,SAC,107,1610612746,LAC,90,,,,False
2001-2002,2002,0020101016,20020326/CLELAL,Final,2002-03-27,04:30,1610612747,LAL,121,1610612739,CLE,116,,,,False
2001-2002,2002,0020101017,20020327/GSWBOS,Final,2002-03-28,01:00,1610612738,BOS,102,1610612744,GSW,99,,,,False
2001-2002,2002,0020101018,20020327/NJNPHI,Final,2002-03-28,02:00,1610612755,PHI,80,1610612751,NJN,88,,,,False
2001-2002,2002,0020101019,20020327/ORLCHH,Final,2002-03-28,01:00,1610612766,CHH,111,1610612753,ORL,104,,,,False
2001-2002,2002,0020101020,20020327/NYKDET,Final,2002-03-28,01:30,1610612765,DET,82,1610612752,NYK,89,,,,False
2001-2002,2002,0020101021,20020327/MIATOR,Final,2002-03-28,02:00,1610612761,TOR,81,1610612748,MIA,80,,,,False
2001-2002,2002,0020101022,20020327/LALPHX,Final,2002-03-28,03:00,1610612756,PHX,118,1610612747,LAL,106,,,,False
2001-2002,2002,0020101023,20020327/MEMSEA,Final,2002-03-28,04:00,1610612760,SEA,96,1610612763,MEM,82,,,,False
2001-2002,2002,0020101024,20020327/SASPOR,Final,2002-03-28,04:30,1610612757,POR,98,1610612759,SAS,93,,,,False
2001-2002,2002,0020101025,20020328/TORATL,Final,2002-03-29,01:30,1610612737,ATL,83,1610612761,TOR,85,,,,False
2001-2002,2002,0020101026,20020328/DENMIL,Final,2002-03-29,02:00,1610612749,MIL,95,1610612743,DEN,88,,,,False
2001-2002,2002,0020101027,20020328/DALMIN,Final,2002-03-29,02:00,1610612750,MIN,113,1610612742,DAL,111,,,,False
2001-2002,2002,0020101028,20020328/PHICHI,Final,2002-03-29,02:30,1610612741,CHI,79,1610612755,PHI,99,,,,False
2001-2002,2002,0020101029,20020328/SACHOU,Final,2002-03-29,02:30,1610612745,HOU,74,1610612758,SAC,101,,,,False
2001-2002,2002,0020101030,20020328/CLEUTA,Final,2002-03-29,03:00,1610612762,UTA,112,1610612739,CLE,91,,,,False
2001-2002,2002,0020101031,20020329/MILWAS,Final,2002-03-30,01:00,1610612764,WAS,107,1610612749,MIL,98,,,,False
2001-2002,2002,0020101032,20020329/DALBOS,Final,2002-03-30,01:30,1610612738,BOS,82,1610612742,DAL,108,,,,False
2001-2002,2002,0020101033,20020329/MINNYK,Final,2002-03-30,01:30,1610612752,NYK,77,1610612750,MIN,98,,,,False
2001-2002,2002,0020101034,20020329/INDORL,Final,2002-03-30,01:30,1610612753,ORL,114,1610612754,IND,106,,,,False
2001-2002,2002,0020101035,20020329/ATLMIA,Final,2002-03-30,01:30,1610612748,MIA,92,1610612737,ATL,80,,,,False
2001-2002,2002,0020101036,20020329/SACCHH,Final,2002-03-30,01:30,1610612766,CHH,87,1610612758,SAC,92,,,,False
2001-2002,2002,0020101037,20020329/GSWDET,Final,2002-03-30,02:00,1610612765,DET,110,1610612744,GSW,103,,,,False
2001-2002,2002,0020101038,20020329/LACPHX,Final,2002-03-30,03:00,1610612756,PHX,94,1610612746,LAC,96,,,,False
2001-2002,2002,0020101039,20020329/SASSEA,Final,2002-03-30,04:00,1610612760,SEA,79,1610612759,SAS,76,,,,False
2001-2002,2002,0020101040,20020329/PORLAL,Final,2002-03-30,04:30,1610612747,LAL,91,1610612757,POR,79,,,,False
2001-2002,2002,0020101041,20020330/PHINJN,Final,2002-03-30,19:00,1610612751,NJN,102,1610612755,PHI,92,,,,False
2001-2002,2002,0020101042,20020330/CHHCLE,Final,2002-03-31,01:30,1610612739,CLE,85,1610612766,CHH,93,,,,False
2001-2002,2002,0020101043,20020330/GSWMEM,Final,2002-03-31,03:00,1610612763,MEM,105,1610612744,GSW,99,,,,False
2001-2002,2002,0020101044,20020330/DENCHI,Final,2002-03-31,03:30,1610612741,CHI,84,1610612743,DEN,100,,,,False
2001-2002,2002,0020101045,20020330/PHXHOU,Final,2002-03-31,03:30,1610612745,HOU,88,1610612756,PHX,90,,,,False
2001-2002,2002,0020101046,20020330/SEAPOR,Final,2002-03-31,05:00,1610612757,POR,87,1610612760,SEA,92,,,,False
2001-2002,2002,0020101047,20020330/UTALAC,Final,2002-03-31,05:30,1610612746,LAC,92,1610612762,UTA,105,,,,False
2001-2002,2002,0020101048,20020331/TORPHI,Final,2002-03-31,22:30,1610612755,PHI,70,1610612761,TOR,72,,,,False
2001-2002,2002,0020101049,20020331/SACATL,Final,2002-03-31,21:00,1610612737,ATL,91,1610612758,SAC,92,,,,False
2001-2002,2002,0020101050,20020331/MILBOS,Final,2002-03-31,19:30,1610612738,BOS,110,1610612749,MIL,80,,,,False
2001-2002,2002,0020101051,20020331/DALWAS,Final,2002-03-31,22:00,1610612764,WAS,103,1610612742,DAL,110,,,,False
2001-2002,2002,0020101052,20020331/NYKORL,Final,2002-03-31,22:00,1610612753,ORL,97,1610612752,NYK,90,,,,False
2001-2002,2002,0020101053,20020331/MIAIND,Final,2002-03-31,22:00,1610612754,IND,100,1610612748,MIA,81,,,,False
2001-2002,2002,0020101054,20020331/NJNMIN,Final,2002-03-31,22:30,1610612750,MIN,86,1610612751,NJN,85,,,,False
2001-2002,2002,0020101055,20020331/SASLAL,Final,2002-04-01,00:30,1610612747,LAL,96,1610612759,SAS,95,,,,False
2001-2002,2002,0020101056,20020331/DENDET,Final,2002-04-01,03:00,1610612765,DET,86,1610612743,DEN,82,,,,False
2001-2002,2002,0020101057,20020402/LALWAS,Final,2002-04-03,03:00,1610612764,WAS,93,1610612747,LAL,113,,,,False
2001-2002,2002,0020101058,20020402/PHXCLE,Final,2002-04-03,02:00,1610612739,CLE,101,1610612756,PHX,96,,,,False
2001-2002,2002,0020101059,20020402/BOSIND,Final,2002-04-03,02:00,1610612754,IND,94,1610612738,BOS,105,,,,False
2001-2002,2002,0020101060,20020402/DETMIA,Final,2002-04-03,02:30,1610612748,MIA,87,1610612765,DET,90,,,,False
2001-2002,2002,0020101061,20020402/MILATL,Final,2002-04-03,02:30,1610612737,ATL,100,1610612749,MIL,92,,,,False
2001-2002,2002,0020101062,20020402/CHHNYK,Final,2002-04-03,03:00,1610612752,NYK,91,1610612766,CHH,85,,,,False
2001-2002,2002,0020101063,20020402/SACMEM,Final,2002-04-03,03:00,1610612763,MEM,83,1610612758,SAC,107,,,,False
2001-2002,2002,0020101064,20020402/SEAHOU,Final,2002-04-03,03:30,1610612745,HOU,100,1610612760,SEA,98,,,,False
2001-2002,2002,0020101065,20020402/UTADEN,Final,2002-04-03,04:00,1610612743,DEN,98,1610612762,UTA,90,,,,False
2001-2002,2002,0020101066,20020402/PORGSW,Final,2002-04-03,05:30,1610612744,GSW,107,1610612757,POR,91,,,,False
2001-2002,2002,0020101067,20020403/MIACHH,Final,2002-04-04,02:00,1610612766,CHH,97,1610612748,MIA,90,,,,False
2001-2002,2002,0020101068,20020403/CHITOR,Final,2002-04-04,02:00,1610612761,TOR,117,1610612741,CHI,104,,,,False
2001-2002,2002,0020101069,20020403/LALNJN,Final,2002-04-04,03:00,1610612751,NJN,94,1610612747,LAL,92,,,,False
2001-2002,2002,0020101070,20020403/SACDET,Final,2002-04-04,02:30,1610612765,DET,86,1610612758,SAC,107,,,,False
2001-2002,2002,0020101071,20020403/PHXPHI,Final/OT,2002-04-04,02:00,1610612755,PHI,89,1610612756,PHX,83,,,,False
2001-2002,2002,0020101072,20020403/WASMIL,Final,2002-04-04,03:00,1610612749,MIL,105,1610612764,WAS,90,,,,False
2001-2002,2002,0020101073,20020403/MEMMIN,Final,2002-04-04,03:00,1610612750,MIN,92,1610612763,MEM,81,,,,False
2001-2002,2002,0020101074,20020403/SEASAS,Final,2002-04-04,03:30,1610612759,SAS,90,1610612760,SEA,88,,,,False
2001-2002,2002,0020101075,20020403/LACUTA,Final,2002-04-04,04:00,1610612762,UTA,99,1610612746,LAC,87,,,,False
2001-2002,2002,0020101076,20020404/CLEORL,Final,2002-04-05,02:30,1610612753,ORL,105,1610612739,CLE,101,,,,False
2001-2002,2002,0020101077,20020404/INDATL,Final,2002-04-05,02:30,1610612737,ATL,95,1610612754,IND,94,,,,False
2001-2002,2002,0020101078,20020404/LACDAL,Final,2002-04-05,04:00,1610612742,DAL,115,1610612746,LAC,90,,,,False
2001-2002,2002,0020101079,20020404/SASHOU,Final,2002-04-05,03:30,1610612745,HOU,78,1610612759,SAS,102,,,,False
2001-2002,2002,0020101080,20020404/MINDEN,Final,2002-04-05,04:00,1610612743,DEN,88,1610612750,MIN,87,,,,False
2001-2002,2002,0020101081,20020404/NYKPOR,Final,2002-04-05,05:00,1610612757,POR,88,1610612752,NYK,80,,,,False
2001-2002,2002,0020101082,20020405/DETPHI,Final,2002-04-06,02:00,1610612755,PHI,88,1610612765,DET,92,,,,False
2001-2002,2002,0020101083,20020405/PHXIND,Final,2002-04-06,02:00,1610612754,IND,97,1610612756,PHX,87,,,,False
2001-2002,2002,0020101084,20020405/LALBOS,Final,2002-04-06,02:30,1610612738,BOS,99,1610612747,LAL,81,,,,False
2001-2002,2002,0020101085,20020405/ORLNJN,Final,2002-04-06,02:30,1610612751,NJN,110,1610612753,ORL,85,,,,False
2001-2002,2002,0020101086,20020405/MILMIA,Final,2002-04-06,02:30,1610612748,MIA,102,1610612749,MIL,97,,,,False
2001-2002,2002,0020101087,20020405/WASCHH,Final,2002-04-06,02:30,1610612766,CHH,97,1610612764,WAS,91,,,,False
2001-2002,2002,0020101088,20020405/HOUMEM,Final,2002-04-06,03:00,1610612763,MEM,99,1610612745,HOU,81,,,,False
2001-2002,2002,0020101089,20020405/TORCHI,Final,2002-04-06,03:30,1610612741,CHI,96,1610612761,TOR,98,,,,False
2001-2002,2002,0020101090,20020405/SACUTA,Final,2002-04-06,04:00,1610612762,UTA,109,1610612758,SAC,117,,,,False
2001-2002,2002,0020101091,20020405/NYKSEA,Final,2002-04-06,05:00,1610612760,SEA,83,1610612752,NYK,86,,,,False
2001-2002,2002,0020101092,20020405/DENGSW,Final,2002-04-06,05:30,1610612744,GSW,108,1610612743,DEN,104,,,,False
2001-2002,2002,0020101093,20020406/DALSAS,Final,2002-04-07,00:30,1610612759,SAS,89,1610612742,DAL,87,,,,False
2001-2002,2002,0020101094,20020406/MEMWAS,Final,2002-04-07,03:00,1610612764,WAS,88,1610612763,MEM,85,,,,False
2001-2002,2002,0020101095,20020406/CHHATL,Final,2002-04-07,03:00,1610612737,ATL,86,1610612766,CHH,93,,,,False
2001-2002,2002,0020101096,20020406/CHICLE,Final,2002-04-07,03:00,1610612739,CLE,120,1610612741,CHI,101,,,,False
2001-2002,2002,0020101097,20020406/PHXMIN,Final,2002-04-07,03:00,1610612750,MIN,108,1610612756,PHX,104,,,,False
2001-2002,2002,0020101098,20020406/GSWPOR,Final,2002-04-07,05:00,1610612757,POR,113,1610612744,GSW,86,,,,False
2001-2002,2002,0020101099,20020407/MILPHI,Final,2002-04-07,18:30,1610612755,PHI,89,1610612749,MIL,87,,,,False
2001-2002,2002,0020101100,20020407/LALMIA,Final,2002-04-07,23:30,1610612748,MIA,88,1610612747,LAL,96,,,,False
2001-2002,2002,0020101101,20020407/INDTOR,Final,2002-04-07,23:30,1610612761,TOR,94,1610612754,IND,84,,,,False
2001-2002,2002,0020101102,20020407/NYKSAC,Final,2002-04-08,03:00,1610612758,SAC,116,1610612752,NYK,82,,,,False
2001-2002,2002,0020101103,20020407/BOSNJN,Final,2002-04-08,02:00,1610612751,NJN,90,1610612738,BOS,102,,,,False
2001-2002,2002,0020101104,20020407/DENLAC,Final,2002-04-08,03:00,1610612746,LAC,97,1610612743,DEN,75,,,,False
2001-2002,2002,0020101105,20020408/HOUORL,Final,2002-04-09,01:30,1610612753,ORL,83,1610612745,HOU,74,,,,False
2001-2002,2002,0020101106,20020408/ATLDET,Final,2002-04-09,01:30,1610612765,DET,105,1610612737,ATL,99,,,,False
2001-2002,2002,0020101107,20020408/CLEIND,Final,2002-04-09,02:00,1610612754,IND,99,1610612739,CLE,111,,,,False
2001-2002,2002,0020101108,20020408/BOSCHI,Final,2002-04-09,02:30,1610612741,CHI,105,1610612738,BOS,100,,,,False
2001-2002,2002,0020101109,20020408/PORSAS,Final,2002-04-09,02:30,1610612759,SAS,99,1610612757,POR,87,,,,False
2001-2002,2002,0020101110,20020408/DALUTA,Final,2002-04-09,03:00,1610612762,UTA,96,1610612742,DAL,105,,,,False
2001-2002,2002,0020101111,20020408/LACSEA,Final,2002-04-09,04:00,1610612760,SEA,102,1610612746,LAC,100,,,,False
2001-2002,2002,0020101112,20020408/MINGSW,Final,2002-04-09,04:30,1610612744,GSW,93,1610612750,MIN,100,,,,False
2001-2002,2002,0020101113,20020409/CHHTOR,Final,2002-04-10,01:00,1610612761,TOR,84,1610612766,CHH,80,,,,False
2001-2002,2002,0020101114,20020409/ORLNYK,Final,2002-04-10,01:30,1610612752,NYK,97,1610612753,ORL,108,,,,False
2001-2002,2002,0020101115,20020409/WASNJN,Final,2002-04-10,01:30,1610612751,NJN,101,1610612764,WAS,88,,,,False
2001-2002,2002,0020101116,20020409/HOUMIA,Final/OT2,2002-04-10,01:30,1610612748,MIA,120,1610612745,HOU,117,,,,False
2001-2002,2002,0020101117,20020409/PHIMIL,Final,2002-04-10,02:00,1610612749,MIL,90,1610612755,PHI,92,,,,False
2001-2002,2002,0020101118,20020409/DENMEM,Final,2002-04-10,02:00,1610612763,MEM,97,1610612743,DEN,86,,,,False
2001-2002,2002,0020101119,20020409/PORDAL,Final,2002-04-10,02:30,1610612742,DAL,108,1610612757,POR,96,,,,False
2001-2002,2002,0020101120,20020409/SEAPHX,Final,2002-04-10,04:00,1610612756,PHX,99,1610612760,SEA,92,,,,False
2001-2002,2002,0020101121,20020409/UTALAL,Final,2002-04-10,04:30,1610612747,LAL,112,1610612762,UTA,82,,,,False
2001-2002,2002,0020101122,20020409/MINSAC,Final,2002-04-10,04:30,1610612758,SAC,122,1610612750,MIN,103,,,,False
2001-2002,2002,0020101123,20020410/MIABOS,Final,2002-04-11,02:00,1610612738,BOS,70,1610612748,MIA,65,,,,False
2001-2002,2002,0020101124,20020410/PHIWAS,Final,2002-04-11,01:00,1610612764,WAS,90,1610612755,PHI,77,,,,False
2001-2002,2002,0020101125,20020410/ATLCHH,Final,2002-04-11,01:00,1610612766,CHH,95,1610612737,ATL,101,,,,False
2001-2002,2002,0020101126,20020410/MILCLE,Final,2002-04-11,01:00,1610612739,CLE,106,1610612749,MIL,81,,,,False
2001-2002,2002,0020101127,20020410/CHIDET,Final,2002-04-11,01:30,1610612765,DET,101,1610612741,CHI,102,,,,False
2001-2002,2002,0020101128,20020410/TORIND,Final,2002-04-11,02:00,1610612754,IND,98,1610612761,TOR,82,,,,False
2001-2002,2002,0020101129,20020410/DENSAS,Final,2002-04-11,02:30,1610612759,SAS,87,1610612743,DEN,79,,,,False
2001-2002,2002,0020101130,20020410/SACGSW,Final,2002-04-11,04:30,1610612744,GSW,116,1610612758,SAC,118,,,,False
2001-2002,2002,0020101131,20020411/CHINYK,Final/OT,2002-04-12,01:30,1610612752,NYK,101,1610612741,CHI,104,,,,False
2001-2002,2002,0020101132,20020411/NJNORL,Final/OT,2002-04-12,02:00,1610612753,ORL,99,1610612751,NJN,101,,,,False
2001-2002,2002,0020101133,20020411/HOUDAL,Final/OT,2002-04-12,02:30,1610612742,DAL,95,1610612745,HOU,98,,,,False
2001-2002,2002,0020101134,20020411/PORMEM,Final,2002-04-12,02:00,1610612763,MEM,102,1610612757,POR,99,,,,False
2001-2002,2002,0020101135,20020411/UTAPHX,Final,2002-04-12,04:00,1610612756,PHX,96,1610612762,UTA,97,,,,False
2001-2002,2002,0020101136,20020411/MINLAL,Final,2002-04-12,04:30,1610612747,LAL,96,1610612750,MIN,83,,,,False
2001-2002,2002,0020101137,20020412/WASPHI,Final,2002-04-13,01:00,1610612755,PHI,100,1610612764,WAS,91,,,,False
2001-2002,2002,0020101138,20020412/ATLTOR,Final,2002-04-13,01:00,1610612761,TOR,112,1610612737,ATL,73,,,,False
2001-2002,2002,0020101139,20020412/NYKBOS,Final,2002-04-13,01:30,1610612738,BOS,107,1610612752,NYK,92,,,,False
2001-2002,2002,0020101140,20020412/ORLMIA,Final,2002-04-13,01:30,1610612748,MIA,99,1610612753,ORL,94,,,,False
2001-2002,2002,0020101141,20020412/CLECHH,Final,2002-04-13,01:30,1610612766,CHH,112,1610612739,CLE,100,,,,False
2001-2002,2002,0020101142,20020412/SASDET,Final,2002-04-13,02:00,1610612765,DET,86,1610612759,SAS,96,,,,False
2001-2002,2002,0020101143,20020412/MILIND,Final/OT,2002-04-13,02:00,1610612754,IND,112,1610612749,MIL,107,,,,False
2001-2002,2002,0020101144,20020412/PORHOU,Final,2002-04-13,02:30,1610612745,HOU,79,1610612757,POR,80,,,,False
2001-2002,2002,0020101145,20020412/GSWDEN,Final,2002-04-13,03:00,1610612743,DEN,97,1610612744,GSW,89,,,,False
2001-2002,2002,0020101146,20020412/SACLAC,Final,2002-04-13,04:30,1610612746,LAC,106,1610612758,SAC,125,,,,False
2001-2002,2002,0020101147,20020413/CLEATL,Final/OT2,2002-04-14,01:00,1610612737,ATL,128,1610612739,CLE,123,,,,False
2001-2002,2002,0020101148,20020413/SASMEM,Final,2002-04-14,02:00,1610612763,MEM,92,1610612759,SAS,113,,,,False
2001-2002,2002,0020101149,20020413/DALSEA,Final,2002-04-14,02:00,1610612760,SEA,99,1610612742,DAL,116,,,,False
2001-2002,2002,0020101150,20020413/DETCHI,Final,2002-04-14,02:30,1610612741,CHI,106,1610612765,DET,124,,,,False
2001-2002,2002,0020101151,20020413/PHXDEN,Final,2002-04-14,03:00,1610612743,DEN,98,1610612756,PHX,94,,,,False
2001-2002,2002,0020101152,20020413/MINLAC,Final,2002-04-14,04:30,1610612746,LAC,98,1610612750,MIN,101,,,,False
2001-2002,2002,0020101153,20020413/UTAGSW,Final,2002-04-14,04:30,1610612744,GSW,101,1610612762,UTA,109,,,,False
2001-2002,2002,0020101154,20020414/PHIORL,Final,2002-04-14,18:30,1610612753,ORL,89,1610612755,PHI,95,,,,False
2001-2002,2002,0020101155,20020414/INDWAS,Final,2002-04-14,19:00,1610612764,WAS,80,1610612754,IND,86,,,,False
2001-2002,2002,0020101156,20020414/NYKMIA,Final,2002-04-15,02:00,1610612748,MIA,67,1610612752,NYK,94,,,,False
2001-2002,2002,0020101157,20020414/CHHMIL,Final,2002-04-14,21:00,1610612749,MIL,98,1610612766,CHH,91,,,,False
2001-2002,2002,0020101158,20020414/NJNTOR,Final,2002-04-14,23:30,1610612761,TOR,101,1610612751,NJN,82,,,,False
2001-2002,2002,0020101159,20020414/LALPOR,Final/OT2,2002-04-14,23:30,1610612757,POR,128,1610612747,LAL,120,,,,False
2001-2002,2002,0020101160,20020414/MEMHOU,Final,2002-04-15,02:30,1610612745,HOU,95,1610612763,MEM,98,,,,False
2001-2002,2002,0020101161,20020414/DALSAC,Final,2002-04-15,03:00,1610612758,SAC,100,1610612742,DAL,113,,,,False
2001-2002,2002,0020101162,20020415/CHIPHI,Final,2002-04-16,01:00,1610612755,PHI,96,1610612741,CHI,98,,,,False
2001-2002,2002,0020101163,20020415/BOSMIN,Final,2002-04-16,02:00,1610612750,MIN,90,1610612738,BOS,93,,,,False
2001-2002,2002,0020101164,20020415/SEALAL,Final,2002-04-16,04:30,1610612747,LAL,111,1610612760,SEA,104,,,,False
2001-2002,2002,0020101165,20020416/NYKWAS,Final,2002-04-17,01:00,1610612764,WAS,116,1610612752,NYK,112,,,,False
2001-2002,2002,0020101166,20020416/INDCLE,Final,2002-04-17,01:00,1610612739,CLE,95,1610612754,IND,99,,,,False
2001-2002,2002,0020101167,20020416/DETNJN,Final,2002-04-17,02:00,1610612751,NJN,98,1610612765,DET,103,,,,False
2001-2002,2002,0020101168,20020416/CHHMIA,Final,2002-04-17,01:30,1610612748,MIA,81,1610612766,CHH,88,,,,False
2001-2002,2002,0020101169,20020416/ORLATL,Final,2002-04-17,01:30,1610612737,ATL,95,1610612753,ORL,102,,,,False
2001-2002,2002,0020101170,20020416/TORMIL,Final,2002-04-17,02:00,1610612749,MIL,105,1610612761,TOR,89,,,,False
2001-2002,2002,0020101171,20020416/UTADAL,Final,2002-04-17,02:30,1610612742,DAL,96,1610612762,UTA,87,,,,False
2001-2002,2002,0020101172,20020416/PHXSAS,Final,2002-04-17,02:30,1610612759,SAS,95,1610612756,PHX,71,,,,False
2001-2002,2002,0020101173,20020416/HOUDEN,Final,2002-04-17,03:00,1610612743,DEN,101,1610612745,HOU,70,,,,False
2001-2002,2002,0020101174,20020416/GSWSAC,Final,2002-04-17,04:00,1610612758,SAC,120,1610612744,GSW,106,,,,False
2001-2002,2002,0020101175,20020416/MEMLAC,Final,2002-04-17,04:30,1610612746,LAC,92,1610612763,MEM,84,,,,False
2001-2002,2002,0020101176,20020417/ATLBOS,Final,2002-04-18,01:00,1610612738,BOS,89,1610612737,ATL,81,,,,False
2001-2002,2002,0020101177,20020417/CHICHH,Final,2002-04-18,01:00,1610612766,CHH,112,1610612741,CHI,106,,,,False
2001-2002,2002,0020101178,20020417/CLETOR,Final,2002-04-18,01:00,1610612761,TOR,103,1610612739,CLE,85,,,,False
2001-2002,2002,0020101179,20020417/NJNNYK,Final,2002-04-18,01:30,1610612752,NYK,94,1610612751,NJN,99,,,,False
2001-2002,2002,0020101180,20020417/MIAORL,Final,2002-04-18,01:30,1610612753,ORL,89,1610612748,MIA,103,,,,False
2001-2002,2002,0020101181,20020417/MILDET,Final,2002-04-18,01:30,1610612765,DET,123,1610612749,MIL,89,,,,False
2001-2002,2002,0020101182,20020417/PHIIND,Final,2002-04-18,02:00,1610612754,IND,103,1610612755,PHI,80,,,,False
2001-2002,2002,0020101183,20020417/DENMIN,Final,2002-04-18,02:00,1610612750,MIN,104,1610612743,DEN,90,,,,False
2001-2002,2002,0020101184,20020417/SASUTA,Final,2002-04-18,03:00,1610612762,UTA,84,1610612759,SAS,86,,,,False
2001-2002,2002,0020101185,20020417/DALPHX,Final,2002-04-18,04:00,1610612756,PHX,89,1610612742,DAL,76,,,,False
2001-2002,2002,0020101186,20020417/HOUPOR,Final,2002-04-18,04:00,1610612757,POR,92,1610612745,HOU,79,,,,False
2001-2002,2002,0020101187,20020417/MEMSEA,Final,2002-04-18,04:00,1610612760,SEA,109,1610612763,MEM,94,,,,False
2001-2002,2002,0020101188,20020417/SACLAL,Final,2002-04-18,04:30,1610612747,LAL,109,1610612758,SAC,95,,,,False
2001-2002,2002,0020101189,20020417/LACGSW,Final,2002-04-18,04:30,1610612744,GSW,107,1610612746,LAC,103,,,,False
2001-2002,2002,0040100101,20020420/INDNJN,Final,2002-04-20,18:30,1610612751,NJN,83,1610612754,IND,89,Game 1,East - First Round,1st Round,False
2001-2002,2002,0040100131,20020420/ORLCHH,Final,2002-04-21,02:30,1610612766,CHH,80,1610612753,ORL,79,Game 1,East - First Round,1st Round,False
2001-2002,2002,0040100141,20020420/UTASAC,Final,2002-04-20,21:00,1610612758,SAC,89,1610612762,UTA,86,Game 1,West - First Round,1st Round,False
2001-2002,2002,0040100151,20020420/SEASAS,Final,2002-04-20,23:30,1610612759,SAS,110,1610612760,SEA,89,Game 1,West - First Round,1st Round,False
2001-2002,2002,0040100111,20020421/TORDET,Final,2002-04-22,02:30,1610612765,DET,85,1610612761,TOR,63,Game 1,East - First Round,1st Round,False
2001-2002,2002,0040100121,20020421/PHIBOS,Final,2002-04-21,18:30,1610612738,BOS,92,1610612755,PHI,82,Game 1,East - First Round,1st Round,False
2001-2002,2002,0040100161,20020421/PORLAL,Final,2002-04-21,23:30,1610612747,LAL,95,1610612757,POR,87,Game 1,West - First Round,1st Round,False
2001-2002,2002,0040100171,20020421/MINDAL,Final,2002-04-21,21:00,1610612742,DAL,101,1610612750,MIN,94,Game 1,West - First Round,1st Round,False
2001-2002,2002,0040100102,20020422/INDNJN,Final,2002-04-23,01:00,1610612751,NJN,95,1610612754,IND,79,Game 2,East - First Round,1st Round,False
2001-2002,2002,0040100152,20020422/SEASAS,Final,2002-04-23,03:30,1610612759,SAS,90,1610612760,SEA,98,Game 2,West - First Round,1st Round,False
2001-2002,2002,0040100132,20020423/ORLCHH,Final/OT,2002-04-24,02:00,1610612766,CHH,103,1610612753,ORL,111,Game 2,East - First Round,1st Round,False
2001-2002,2002,0040100142,20020423/UTASAC,Final,2002-04-24,04:30,1610612758,SAC,86,1610612762,UTA,93,Game 2,West - First Round,1st Round,False
2001-2002,2002,0040100112,20020424/TORDET,Final,2002-04-25,01:00,1610612765,DET,96,1610612761,TOR,91,Game 2,East - First Round,1st Round,False
2001-2002,2002,0040100172,20020424/MINDAL,Final,2002-04-25,03:30,1610612742,DAL,122,1610612750,MIN,110,Game 2,West - First Round,1st Round,False
2001-2002,2002,0040100122,20020425/PHIBOS,Final,2002-04-26,02:00,1610612738,BOS,93,1610612755,PHI,85,Game 2,East - First Round,1st Round,False
2001-2002,2002,0040100162,20020425/PORLAL,Final,2002-04-26,04:30,1610612747,LAL,103,1610612757,POR,96,Game 2,West - First Round,1st Round,False
2001-2002,2002,0040100103,20020426/NJNIND,Final,2002-04-27,02:30,1610612754,IND,84,1610612751,NJN,85,Game 3,East - First Round,1st Round,False
2001-2002,2002,0040100113,20020427/DETTOR,Final,2002-04-28,02:30,1610612761,TOR,94,1610612765,DET,84,Game 3,East - First Round,1st Round,False
2001-2002,2002,0040100133,20020427/CHHORL,Final/OT,2002-04-27,18:30,1610612753,ORL,100,1610612766,CHH,110,Game 3,East - First Round,1st Round,False
2001-2002,2002,0040100143,20020427/SACUTA,Final,2002-04-27,21:00,1610612762,UTA,87,1610612758,SAC,90,Game 3,West - First Round,1st Round,False
2001-2002,2002,0040100153,20020427/SASSEA,Final,2002-04-27,23:30,1610612760,SEA,75,1610612759,SAS,102,Game 3,West - First Round,1st Round,False
2001-2002,2002,0040100123,20020428/BOSPHI,Final,2002-04-28,18:30,1610612755,PHI,108,1610612738,BOS,103,Game 3,East - First Round,1st Round,False
2001-2002,2002,0040100163,20020428/LALPOR,Final,2002-04-28,23:30,1610612757,POR,91,1610612747,LAL,92,Game 3,West - First Round,1st Round,False
2001-2002,2002,0040100173,20020428/DALMIN,Final,2002-04-28,21:00,1610612750,MIN,102,1610612742,DAL,115,Game 3,West - First Round,1st Round,False
2001-2002,2002,0040100114,20020429/DETTOR,Final,2002-04-30,01:30,1610612761,TOR,89,1610612765,DET,83,Game 4,East - First Round,1st Round,False
2001-2002,2002,0040100144,20020429/SACUTA,Final,2002-04-30,04:00,1610612762,UTA,86,1610612758,SAC,91,Game 4,West - First Round,1st Round,False
2001-2002,2002,0040100104,20020430/NJNIND,Final,2002-05-01,03:30,1610612754,IND,97,1610612751,NJN,74,Game 4,East - First Round,1st Round,False
2001-2002,2002,0040100134,20020430/CHHORL,Final,2002-05-01,01:00,1610612753,ORL,85,1610612766,CHH,102,Game 4,East - First Round,1st Round,False
2001-2002,2002,0040100124,20020501/BOSPHI,Final,2002-05-02,02:00,1610612755,PHI,83,1610612738,BOS,81,Game 4,East - First Round,1st Round,False
2001-2002,2002,0040100154,20020501/SASSEA,Final,2002-05-02,04:30,1610612760,SEA,91,1610612759,SAS,79,Game 4,West - First Round,1st Round,False
2001-2002,2002,0040100105,20020502/INDNJN,Final/OT2,2002-05-03,01:00,1610612751,NJN,120,1610612754,IND,109,Game 5,East - First Round,1st Round,False
2001-2002,2002,0040100115,20020502/TORDET,Final,2002-05-03,02:30,1610612765,DET,85,1610612761,TOR,82,Game 5,East - First Round,1st Round,False
2001-2002,2002,0040100125,20020503/PHIBOS,Final,2002-05-04,01:00,1610612738,BOS,120,1610612755,PHI,87,Game 5,East - First Round,1st Round,False
2001-2002,2002,0040100155,20020503/SEASAS,Final,2002-05-04,03:30,1610612759,SAS,101,1610612760,SEA,78,Game 5,West - First Round,1st Round,False
2001-2002,2002,0040100221,20020504/DALSAC,Final,2002-05-05,00:30,1610612758,SAC,108,1610612742,DAL,91,Game 1,West - Conf. Semifinals,Conf. Semifinals,False
2001-2002,2002,0040100201,20020505/CHHNJN,Final,2002-05-05,18:30,1610612751,NJN,99,1610612766,CHH,93,Game 1,East - Conf. Semifinals,Conf. Semifinals,False
2001-2002,2002,0040100211,20020505/BOSDET,Final,2002-05-05,21:00,1610612765,DET,96,1610612738,BOS,84,Game 1,East - Conf. Semifinals,Conf. Semifinals,False
2001-2002,2002,0040100231,20020505/SASLAL,Final,2002-05-05,23:30,1610612747,LAL,86,1610612759,SAS,80,Game 1,West - Conf. Semifinals,Conf. Semifinals,False
2001-2002,2002,0040100222,20020506/DALSAC,Final,2002-05-07,03:00,1610612758,SAC,102,1610612742,DAL,110,Game 2,West - Conf. Semifinals,Conf. Semifinals,False
2001-2002,2002,0040100202,20020507/CHHNJN,Final,2002-05-08,02:00,1610612751,NJN,102,1610612766,CHH,88,Game 2,East - Conf. Semifinals,Conf. Semifinals,False
2001-2002,2002,0040100232,20020507/SASLAL,Final,2002-05-08,04:30,1610612747,LAL,85,1610612759,SAS,88,Game 2,West - Conf. Semifinals,Conf. Semifinals,False
2001-2002,2002,0040100212,20020508/BOSDET,Final,2002-05-09,02:00,1610612765,DET,77,1610612738,BOS,85,Game 2,East - Conf. Semifinals,Conf. Semifinals,False
2001-2002,2002,0040100203,20020509/NJNCHH,Final,2002-05-10,01:00,1610612766,CHH,115,1610612751,NJN,97,Game 3,East - Conf. Semifinals,Conf. Semifinals,False
2001-2002,2002,0040100223,20020509/SACDAL,Final,2002-05-10,03:30,1610612742,DAL,119,1610612758,SAC,125,Game 3,West - Conf. Semifinals,Conf. Semifinals,False
2001-2002,2002,0040100213,20020510/DETBOS,Final,2002-05-11,01:00,1610612738,BOS,66,1610612765,DET,64,Game 3,East - Conf. Semifinals,Conf. Semifinals,False
2001-2002,2002,0040100233,20020510/LALSAS,Final,2002-05-11,03:30,1610612759,SAS,89,1610612747,LAL,99,Game 3,West - Conf. Semifinals,Conf. Semifinals,False
2001-2002,2002,0040100224,20020511/SACDAL,Final/OT,2002-05-11,21:30,1610612742,DAL,113,1610612758,SAC,115,Game 4,West - Conf. Semifinals,Conf. Semifinals,False
2001-2002,2002,0040100204,20020512/NJNCHH,Final,2002-05-12,18:30,1610612766,CHH,79,1610612751,NJN,89,Game 4,East - Conf. Semifinals,Conf. Semifinals,False
2001-2002,2002,0040100214,20020512/DETBOS,Final,2002-05-12,21:00,1610612738,BOS,90,1610612765,DET,79,Game 4,East - Conf. Semifinals,Conf. Semifinals,False
2001-2002,2002,0040100234,20020512/LALSAS,Final,2002-05-12,23:30,1610612759,SAS,85,1610612747,LAL,87,Game 4,West - Conf. Semifinals,Conf. Semifinals,False
2001-2002,2002,0040100225,20020513/DALSAC,Final,2002-05-14,03:00,1610612758,SAC,114,1610612742,DAL,101,Game 5,West - Conf. Semifinals,Conf. Semifinals,False
2001-2002,2002,0040100215,20020514/BOSDET,Final,2002-05-15,02:00,1610612765,DET,81,1610612738,BOS,90,Game 5,East - Conf. Semifinals,Conf. Semifinals,False
2001-2002,2002,0040100235,20020514/SASLAL,Final,2002-05-15,04:30,1610612747,LAL,93,1610612759,SAS,87,Game 5,West - Conf. Semifinals,Conf. Semifinals,False
2001-2002,2002,0040100205,20020515/CHHNJN,Final,2002-05-16,02:00,1610612751,NJN,103,1610612766,CHH,95,Game 5,East - Conf. Semifinals,Conf. Semifinals,False
2001-2002,2002,0040100311,20020518/LALSAC,Final,2002-05-19,00:30,1610612758,SAC,99,1610612747,LAL,106,Game 1,West - Conf. Finals,Conf. Finals,False
2001-2002,2002,0040100301,20020519/BOSNJN,Final,2002-05-19,23:30,1610612751,NJN,104,1610612738,BOS,97,Game 1,East - Conf. Finals,Conf. Finals,False
2001-2002,2002,0040100312,20020520/LALSAC,Final,2002-05-21,03:30,1610612758,SAC,96,1610612747,LAL,90,Game 2,West - Conf. Finals,Conf. Finals,False
2001-2002,2002,0040100302,20020521/BOSNJN,Final,2002-05-22,02:30,1610612751,NJN,86,1610612738,BOS,93,Game 2,East - Conf. Finals,Conf. Finals,False
2001-2002,2002,0040100313,20020524/SACLAL,Final,2002-05-25,03:00,1610612747,LAL,90,1610612758,SAC,103,Game 3,West - Conf. Finals,Conf. Finals,False
2001-2002,2002,0040100303,20020525/NJNBOS,Final,2002-05-25,23:30,1610612738,BOS,94,1610612751,NJN,90,Game 3,East - Conf. Finals,Conf. Finals,False
2001-2002,2002,0040100314,20020526/SACLAL,Final,2002-05-26,23:30,1610612747,LAL,100,1610612758,SAC,99,Game 4,West - Conf. Finals,Conf. Finals,False
2001-2002,2002,0040100304,20020527/NJNBOS,Final,2002-05-27,23:30,1610612738,BOS,92,1610612751,NJN,94,Game 4,East - Conf. Finals,Conf. Finals,False
2001-2002,2002,0040100315,20020528/LALSAC,Final,2002-05-29,03:00,1610612758,SAC,92,1610612747,LAL,91,Game 5,West - Conf. Finals,Conf. Finals,False
2001-2002,2002,0040100305,20020529/BOSNJN,Final,2002-05-30,03:00,1610612751,NJN,103,1610612738,BOS,92,Game 5,East - Conf. Finals,Conf. Finals,False
2001-2002,2002,0040100306,20020531/NJNBOS,Final,2002-06-01,01:00,1610612738,BOS,88,1610612751,NJN,96,Game 6,East - Conf. Finals,Conf. Finals,False
2001-2002,2002,0040100316,20020531/SACLAL,Final,2002-06-01,03:30,1610612747,LAL,106,1610612758,SAC,102,Game 6,West - Conf. Finals,Conf. Finals,False
2001-2002,2002,0040100317,20020602/LALSAC,Final/OT,2002-06-03,01:30,1610612758,SAC,106,1610612747,LAL,112,Game 7,West - Conf. Finals,Conf. Finals,False
2001-2002,2002,0040100401,20020605/NJNLAL,Final,2002-06-06,03:00,1610612747,LAL,99,1610612751,NJN,94,Game 1,NBA Finals,NBA Finals,False
2001-2002,2002,0040100402,20020607/NJNLAL,Final,2002-06-08,03:00,1610612747,LAL,106,1610612751,NJN,83,Game 2,NBA Finals,NBA Finals,False
2001-2002,2002,0040100403,20020609/LALNJN,Final,2002-06-10,02:30,1610612751,NJN,103,1610612747,LAL,106,Game 3,NBA Finals,NBA Finals,False
2001-2002,2002,0040100404,20020612/LALNJN,Final,2002-06-13,03:00,1610612751,NJN,107,1610612747,LAL,113,Game 4,NBA Finals,NBA Finals,False
