Saison,Année,gameId,gameCode,gameStatusText,dateParis,heureParis,homeTeamId,homeTeamTricode,homeTeamScore,awayTeamId,awayTeamTricode,awayTeamScore,seriesGameNumber,gameLabel,poRoundDesc,ifNecessary
2002-2003,2003,0010200001,20021006/UTASEA,,2002-10-07,03:00,1610612760,SEA,0,1610612762,UTA,0,,,,False
2002-2003,2003,0010200002,20021008/ORLATL,,2002-10-09,01:30,1610612737,ATL,0,1610612753,ORL,0,,,,False
2002-2003,2003,0010200003,20021008/BOSNYK,,2002-10-09,01:30,1610612752,NYK,0,1610612738,BOS,0,,,,False
2002-2003,2003,0010200004,20021008/SACDAL,,2002-10-09,02:30,1610612742,DAL,0,1610612758,SAC,0,,,,False
2002-2003,2003,0010200005,20021008/DETTOR,,2002-10-09,01:00,1610612761,TOR,0,1610612765,DET,0,,,,False
2002-2003,2003,0010200006,20021008/GSWSEA,,2002-10-09,03:00,1610612760,SEA,0,1610612744,GSW,0,,,,False
2002-2003,2003,0010200007,20021008/HOUMEM,,2002-10-09,02:00,1610612763,MEM,0,1610612745,HOU,0,,,,False
2002-2003,2003,0010200008,20021008/LACLAL,,2002-10-09,04:30,1610612747,LAL,0,1610612746,LAC,0,,,,False
2002-2003,2003,0010200009,20021008/MILMIN,,2002-10-09,02:00,1610612750,MIN,0,1610612749,MIL,0,,,,False
2002-2003,2003,0010200010,20021008/SASPHI,,2002-10-09,01:00,1610612755,PHI,0,1610612759,SAS,0,,,,False
2002-2003,2003,0010200011,20021008/UTAPOR,,2002-10-09,04:00,1610612757,POR,0,1610612762,UTA,0,,,,False
2002-2003,2003,0010200012,20021009/CLENJN,,2002-10-10,01:30,1610612751,NJN,0,1610612739,CLE,0,,,,False
2002-2003,2003,0010200013,20021009/NOHIND,,2002-10-10,02:00,1610612754,IND,0,1610612740,NOH,0,,,,False
2002-2003,2003,0010200014,20021009/MIAMEM,,2002-10-10,02:00,1610612763,MEM,0,1610612748,MIA,0,,,,False
2002-2003,2003,0010200015,20021010/ATLORL,,2002-10-11,01:00,1610612753,ORL,0,1610612737,ATL,0,,,,False
2002-2003,2003,0010200016,20021010/CHIBOS,,2002-10-11,01:30,1610612738,BOS,0,1610612741,CHI,0,,,,False
2002-2003,2003,0010200017,20021010/CLEDET,,2002-10-11,01:30,1610612765,DET,0,1610612739,CLE,0,,,,False
2002-2003,2003,0010200018,20021010/DENDAL,,2002-10-11,02:30,1610612742,DAL,0,1610612743,DEN,0,,,,False
2002-2003,2003,0010200019,20021010/NOHIND,,2002-10-11,02:00,1610612754,IND,0,1610612740,NOH,0,,,,False
2002-2003,2003,0010200020,20021010/LACPOR,,2002-10-11,04:00,1610612757,POR,0,1610612746,LAC,0,,,,False
2002-2003,2003,0010200021,20021010/SASNYK,,2002-10-11,01:30,1610612752,NYK,0,1610612759,SAS,0,,,,False
2002-2003,2003,0010200022,20021010/PHIWAS,,2002-10-11,01:00,1610612764,WAS,0,1610612755,PHI,0,,,,False
2002-2003,2003,0010200023,20021010/UTASAC,,2002-10-11,04:30,1610612758,SAC,0,1610612762,UTA,0,,,,False
2002-2003,2003,0010200024,20021011/TORCHI,,2002-10-12,02:30,1610612741,CHI,0,1610612761,TOR,0,,,,False
2002-2003,2003,0010200025,20021011/DALMIL,,2002-10-12,02:30,1610612749,MIL,0,1610612742,DAL,0,,,,False
2002-2003,2003,0010200026,20021011/PORGSW,,2002-10-12,04:30,1610612744,GSW,0,1610612757,POR,0,,,,False
2002-2003,2003,0010200027,20021011/SEALAC,,2002-10-12,04:30,1610612746,LAC,0,1610612760,SEA,0,,,,False
2002-2003,2003,0010200028,20021011/MEMLAL,,2002-10-12,02:30,1610612747,LAL,0,1610612763,MEM,0,,,,False
2002-2003,2003,0010200029,20021011/PHXNJN,,2002-10-12,01:30,1610612751,NJN,0,1610612756,PHX,0,,,,False
2002-2003,2003,0010200030,20021011/MINMIA,,2002-10-12,01:00,1610612748,MIA,0,1610612750,MIN,0,,,,False
2002-2003,2003,0010200031,20021012/ATLIND,,2002-10-13,02:00,1610612754,IND,0,1610612737,ATL,0,,,,False
2002-2003,2003,0010200032,20021012/DENLAL,,2002-10-13,02:30,1610612747,LAL,0,1610612743,DEN,0,,,,False
2002-2003,2003,0010200033,20021012/GSWSAC,,2002-10-13,04:00,1610612758,SAC,0,1610612744,GSW,0,,,,False
2002-2003,2003,0010200034,20021012/ORLMIA,,2002-10-13,01:30,1610612748,MIA,0,1610612753,ORL,0,,,,False
2002-2003,2003,0010200035,20021012/PHXNYK,,2002-10-13,01:30,1610612752,NYK,0,1610612756,PHX,0,,,,False
2002-2003,2003,0010200036,20021012/SASNOH,,2002-10-13,02:30,1610612740,NOH,0,1610612759,SAS,0,,,,False
2002-2003,2003,0010200037,20021013/MEMLAC,,2002-10-14,03:00,1610612746,LAC,0,1610612763,MEM,0,,,,False
2002-2003,2003,0010200038,20021013/PHITOR,,2002-10-14,00:00,1610612761,TOR,0,1610612755,PHI,0,,,,False
2002-2003,2003,0010200039,20021014/PHXCHI,,2002-10-15,02:30,1610612741,CHI,0,1610612756,PHX,0,,,,False
2002-2003,2003,0010200040,20021014/GSWPOR,,2002-10-15,04:00,1610612757,POR,0,1610612744,GSW,0,,,,False
2002-2003,2003,0010200041,20021014/MEMSEA,,2002-10-15,04:00,1610612760,SEA,0,1610612763,MEM,0,,,,False
2002-2003,2003,0010200042,20021014/WASPHI,,2002-10-15,01:00,1610612755,PHI,0,1610612764,WAS,0,,,,False
2002-2003,2003,0010200043,20021015/BOSNJN,,2002-10-16,01:30,1610612751,NJN,0,1610612738,BOS,0,,,,False
2002-2003,2003,0010200044,20021015/CHIMIN,,2002-10-16,02:00,1610612750,MIN,0,1610612741,CHI,0,,,,False
2002-2003,2003,0010200045,20021015/TORCLE,,2002-10-16,01:30,1610612739,CLE,0,1610612761,TOR,0,,,,False
2002-2003,2003,0010200046,20021015/DALDET,,2002-10-16,01:30,1610612765,DET,0,1610612742,DAL,0,,,,False
2002-2003,2003,0010200047,20021015/DENWAS,,2002-10-16,01:30,1610612764,WAS,0,1610612743,DEN,0,,,,False
2002-2003,2003,0010200048,20021015/SASHOU,,2002-10-16,02:30,1610612745,HOU,0,1610612759,SAS,0,,,,False
2002-2003,2003,0010200049,20021015/NOHORL,,2002-10-16,01:00,1610612753,ORL,0,1610612740,NOH,0,,,,False
2002-2003,2003,0010200050,20021015/NYKUTA,,2002-10-16,03:00,1610612762,UTA,0,1610612752,NYK,0,,,,False
2002-2003,2003,0010200051,20021016/DENIND,,2002-10-17,02:00,1610612754,IND,0,1610612743,DEN,0,,,,False
2002-2003,2003,0010200052,20021016/LACMIL,,2002-10-17,02:00,1610612749,MIL,0,1610612746,LAC,0,,,,False
2002-2003,2003,0010200053,20021016/NYKSAC,,2002-10-17,04:00,1610612758,SAC,0,1610612752,NYK,0,,,,False
2002-2003,2003,0010200054,20021016/SEAPOR,,2002-10-17,04:00,1610612757,POR,0,1610612760,SEA,0,,,,False
2002-2003,2003,0010200055,20021017/MIAATL,,2002-10-18,02:30,1610612737,ATL,0,1610612748,MIA,0,,,,False
2002-2003,2003,0010200056,20021017/NJNBOS,,2002-10-18,01:30,1610612738,BOS,0,1610612751,NJN,0,,,,False
2002-2003,2003,0010200057,20021017/DETDAL,,2002-10-18,02:30,1610612742,DAL,0,1610612765,DET,0,,,,False
2002-2003,2003,0010200058,20021017/GSWLAL,,2002-10-18,04:30,1610612747,LAL,0,1610612744,GSW,0,,,,False
2002-2003,2003,0010200059,20021017/HOUPHX,,2002-10-18,03:00,1610612756,PHX,0,1610612745,HOU,0,,,,False
2002-2003,2003,0010200060,20021017/WASNOH,,2002-10-18,02:00,1610612740,NOH,0,1610612764,WAS,0,,,,False
2002-2003,2003,0010200061,20021018/LACCHI,,2002-10-19,02:30,1610612741,CHI,0,1610612746,LAC,0,,,,False
2002-2003,2003,0010200062,20021018/UTACLE,,2002-10-19,01:30,1610612739,CLE,0,1610612762,UTA,0,,,,False
2002-2003,2003,0010200063,20021018/PORHOU,,2002-10-19,02:30,1610612745,HOU,0,1610612757,POR,0,,,,False
2002-2003,2003,0010200064,20021018/ORLMEM,,2002-10-19,02:00,1610612763,MEM,0,1610612753,ORL,0,,,,False
2002-2003,2003,0010200065,20021018/NYKSAS,,2002-10-19,02:30,1610612759,SAS,0,1610612752,NYK,0,,,,False
2002-2003,2003,0010200066,20021018/NJNTOR,,2002-10-19,01:00,1610612761,TOR,0,1610612751,NJN,0,,,,False
2002-2003,2003,0010200067,20021018/MININD,,2002-10-19,02:00,1610612754,IND,0,1610612750,MIN,0,,,,False
2002-2003,2003,0010200068,20021019/INDATL,,2002-10-20,02:30,1610612737,ATL,0,1610612754,IND,0,,,,False
2002-2003,2003,0010200069,20021019/BOSMIN,,2002-10-20,02:00,1610612750,MIN,0,1610612738,BOS,0,,,,False
2002-2003,2003,0010200070,20021019/CHIMEM,,2002-10-20,02:00,1610612763,MEM,0,1610612741,CHI,0,,,,False
2002-2003,2003,0010200071,20021019/DENSEA,,2002-10-20,04:00,1610612760,SEA,0,1610612743,DEN,0,,,,False
2002-2003,2003,0010200072,20021019/LACDET,,2002-10-20,01:30,1610612765,DET,0,1610612746,LAC,0,,,,False
2002-2003,2003,0010200073,20021019/PHXLAL,,2002-10-20,04:30,1610612747,LAL,0,1610612756,PHX,0,,,,False
2002-2003,2003,0010200074,20021019/MIASAS,,2002-10-20,02:30,1610612759,SAS,0,1610612748,MIA,0,,,,False
2002-2003,2003,0010200075,20021019/NOHWAS,,2002-10-20,01:30,1610612764,WAS,0,1610612740,NOH,0,,,,False
2002-2003,2003,0010200076,20021019/MILDAL,,2002-10-20,02:30,1610612742,DAL,0,1610612749,MIL,0,,,,False
2002-2003,2003,0010200077,20021019/UTAPHI,,2002-10-20,01:30,1610612755,PHI,0,1610612762,UTA,0,,,,False
2002-2003,2003,0010200078,20021020/ORLHOU,,2002-10-21,02:30,1610612745,HOU,0,1610612753,ORL,0,,,,False
2002-2003,2003,0010200079,20021020/MIADET,,2002-10-21,00:00,1610612765,DET,0,1610612748,MIA,0,,,,False
2002-2003,2003,0010200080,20021020/BOSTOR,,2002-10-21,01:00,1610612761,TOR,0,1610612738,BOS,0,,,,False
2002-2003,2003,0010200081,20021020/SACSEA,,2002-10-21,03:00,1610612760,SEA,0,1610612758,SAC,0,,,,False
2002-2003,2003,0010200082,20021021/MINCHI,,2002-10-22,02:30,1610612741,CHI,0,1610612750,MIN,0,,,,False
2002-2003,2003,0010200083,20021021/WASDEN,,2002-10-22,03:00,1610612743,DEN,0,1610612764,WAS,0,,,,False
2002-2003,2003,0010200084,20021022/ATLNOH,,2002-10-23,02:00,1610612740,NOH,0,1610612737,ATL,0,,,,False
2002-2003,2003,0010200085,20021022/CLELAL,,2002-10-23,04:30,1610612747,LAL,0,1610612739,CLE,0,,,,False
2002-2003,2003,0010200086,20021022/DETMIA,,2002-10-23,01:30,1610612748,MIA,0,1610612765,DET,0,,,,False
2002-2003,2003,0010200087,20021022/GSWTOR,,2002-10-23,02:30,1610612761,TOR,0,1610612744,GSW,0,,,,False
2002-2003,2003,0010200088,20021022/MEMORL,,2002-10-23,01:00,1610612753,ORL,0,1610612763,MEM,0,,,,False
2002-2003,2003,0010200089,20021022/NJNPHI,,2002-10-23,01:00,1610612755,PHI,0,1610612751,NJN,0,,,,False
2002-2003,2003,0010200090,20021022/PHXSEA,,2002-10-23,03:00,1610612760,SEA,0,1610612756,PHX,0,,,,False
2002-2003,2003,0010200091,20021022/UTANYK,,2002-10-23,01:30,1610612752,NYK,0,1610612762,UTA,0,,,,False
2002-2003,2003,0010200092,20021022/PORSAC,,2002-10-23,04:00,1610612758,SAC,0,1610612757,POR,0,,,,False
2002-2003,2003,0010200093,20021023/DALBOS,,2002-10-24,01:00,1610612738,BOS,0,1610612742,DAL,0,,,,False
2002-2003,2003,0010200094,20021023/CHIPHX,,2002-10-24,03:00,1610612756,PHX,0,1610612741,CHI,0,,,,False
2002-2003,2003,0010200095,20021023/INDDEN,,2002-10-24,03:00,1610612743,DEN,0,1610612754,IND,0,,,,False
2002-2003,2003,0010200096,20021023/WASDET,,2002-10-24,01:30,1610612765,DET,0,1610612764,WAS,0,,,,False
2002-2003,2003,0010200097,20021023/MILLAC,,2002-10-24,04:30,1610612746,LAC,0,1610612749,MIL,0,,,,False
2002-2003,2003,0010200098,20021023/HOUSAS,,2002-10-24,02:30,1610612759,SAS,0,1610612745,HOU,0,,,,False
2002-2003,2003,0010200099,20021024/DALORL,,2002-10-25,02:00,1610612753,ORL,0,1610612742,DAL,0,,,,False
2002-2003,2003,0010200100,20021024/GSWDEN,,2002-10-25,03:00,1610612743,DEN,0,1610612744,GSW,0,,,,False
2002-2003,2003,0010200101,20021024/PHIHOU,,2002-10-25,02:30,1610612745,HOU,0,1610612755,PHI,0,,,,False
2002-2003,2003,0010200102,20021024/TORUTA,,2002-10-25,03:00,1610612762,UTA,0,1610612761,TOR,0,,,,False
2002-2003,2003,0010200109,20021024/CLESAC,,2002-10-25,01:30,1610612758,SAC,0,1610612739,CLE,0,,,,False
2002-2003,2003,0010200110,20021024/MILLAL,,2002-10-25,04:30,1610612747,LAL,0,1610612749,MIL,0,,,,False
2002-2003,2003,0010200103,20021025/NOHATL,,2002-10-26,01:30,1610612737,ATL,0,1610612740,NOH,0,,,,False
2002-2003,2003,0010200104,20021025/WASBOS,,2002-10-26,02:00,1610612738,BOS,0,1610612764,WAS,0,,,,False
2002-2003,2003,0010200105,20021025/GSWPHX,,2002-10-26,03:00,1610612756,PHX,0,1610612744,GSW,0,,,,False
2002-2003,2003,0010200106,20021025/INDMIN,,2002-10-26,02:00,1610612750,MIN,0,1610612754,IND,0,,,,False
2002-2003,2003,0010200107,20021025/NYKNJN,,2002-10-26,01:30,1610612751,NJN,0,1610612752,NYK,0,,,,False
2002-2003,2003,0010200108,20021025/PHISAS,,2002-10-26,02:30,1610612759,SAS,0,1610612755,PHI,0,,,,False
2002-2003,2003,0010200111,20021025/MILCLE,,2002-10-26,01:30,1610612739,CLE,0,1610612749,MIL,0,,,,False
2002-2003,2003,0010200112,20021025/SACLAL,,2002-10-26,04:30,1610612747,LAL,0,1610612758,SAC,0,,,,False
2002-2003,2003,0020200001,20021029/PHIORL,Final,2002-10-30,01:30,1610612753,ORL,95,1610612755,PHI,88,,,,False
2002-2003,2003,0020200002,20021029/CLESAC,Final,2002-10-30,04:00,1610612758,SAC,94,1610612739,CLE,67,,,,False
2002-2003,2003,0020200003,20021029/SASLAL,Final,2002-10-30,04:30,1610612747,LAL,82,1610612759,SAS,87,,,,False
2002-2003,2003,0020200004,20021030/CHIBOS,Final,2002-10-31,01:00,1610612738,BOS,96,1610612741,CHI,99,,,,False
2002-2003,2003,0020200005,20021030/MILPHI,Final,2002-10-31,01:00,1610612755,PHI,95,1610612749,MIL,93,,,,False
2002-2003,2003,0020200006,20021030/WASTOR,Final,2002-10-31,01:00,1610612761,TOR,74,1610612764,WAS,68,,,,False
2002-2003,2003,0020200007,20021030/HOUIND,Final,2002-10-31,01:00,1610612754,IND,91,1610612745,HOU,82,,,,False
2002-2003,2003,0020200008,20021030/ATLNJN,Final,2002-10-31,01:30,1610612751,NJN,105,1610612737,ATL,94,,,,False
2002-2003,2003,0020200009,20021030/ORLMIA,Final,2002-10-31,01:30,1610612748,MIA,86,1610612753,ORL,100,,,,False
2002-2003,2003,0020200010,20021030/NYKDET,Final,2002-10-31,02:00,1610612765,DET,86,1610612752,NYK,77,,,,False
2002-2003,2003,0020200011,20021030/DENMIN,Final,2002-10-31,02:00,1610612750,MIN,83,1610612743,DEN,77,,,,False
2002-2003,2003,0020200012,20021030/DALMEM,Final,2002-10-31,02:00,1610612763,MEM,108,1610612742,DAL,119,,,,False
2002-2003,2003,0020200013,20021030/UTANOH,Final,2002-10-31,02:30,1610612740,NOH,100,1610612762,UTA,75,,,,False
2002-2003,2003,0020200014,20021030/LALPOR,Final,2002-10-31,03:30,1610612757,POR,102,1610612747,LAL,90,,,,False
2002-2003,2003,0020200015,20021030/PHXSEA,Final,2002-10-31,04:00,1610612760,SEA,86,1610612756,PHX,73,,,,False
2002-2003,2003,0020200016,20021030/CLELAC,Final,2002-10-31,04:30,1610612746,LAC,96,1610612739,CLE,98,,,,False
2002-2003,2003,0020200017,20021030/SASGSW,Final,2002-10-31,04:30,1610612744,GSW,106,1610612759,SAS,98,,,,False
2002-2003,2003,0020200018,20021031/BOSWAS,Final,2002-11-01,01:30,1610612764,WAS,114,1610612738,BOS,69,,,,False
2002-2003,2003,0020200019,20021031/UTAATL,Final,2002-11-01,01:30,1610612737,ATL,105,1610612762,UTA,98,,,,False
2002-2003,2003,0020200020,20021031/PORSAC,Final,2002-11-01,04:00,1610612758,SAC,100,1610612757,POR,72,,,,False
2002-2003,2003,0020200021,20021101/INDNJN,Final,2002-11-02,01:30,1610612751,NJN,102,1610612754,IND,91,,,,False
2002-2003,2003,0020200022,20021101/NYKPHI,Final,2002-11-02,02:00,1610612755,PHI,98,1610612752,NYK,86,,,,False
2002-2003,2003,0020200023,20021101/MEMDET,Final,2002-11-02,02:00,1610612765,DET,109,1610612763,MEM,86,,,,False
2002-2003,2003,0020200024,20021101/ORLMIN,Final,2002-11-02,02:00,1610612750,MIN,111,1610612753,ORL,105,,,,False
2002-2003,2003,0020200025,20021101/NOHCHI,Final,2002-11-02,02:30,1610612741,CHI,84,1610612740,NOH,79,,,,False
2002-2003,2003,0020200026,20021101/TORSAS,Final,2002-11-02,02:30,1610612759,SAS,91,1610612761,TOR,72,,,,False
2002-2003,2003,0020200027,20021101/HOUDEN,Final,2002-11-02,03:00,1610612743,DEN,74,1610612745,HOU,83,,,,False
2002-2003,2003,0020200028,20021101/CLEPHX,Final,2002-11-02,03:00,1610612756,PHX,78,1610612739,CLE,74,,,,False
2002-2003,2003,0020200029,20021101/LALLAC,Final,2002-11-02,04:30,1610612746,LAC,93,1610612747,LAL,108,,,,False
2002-2003,2003,0020200030,20021101/SEAGSW,Final,2002-11-02,04:30,1610612744,GSW,93,1610612760,SEA,106,,,,False
2002-2003,2003,0020200031,20021102/NJNWAS,Final,2002-11-03,01:00,1610612764,WAS,79,1610612751,NJN,87,,,,False
2002-2003,2003,0020200032,20021102/CHIATL,Final,2002-11-03,01:00,1610612737,ATL,98,1610612741,CHI,92,,,,False
2002-2003,2003,0020200033,20021102/MININD,Final,2002-11-03,01:00,1610612754,IND,87,1610612750,MIN,80,,,,False
2002-2003,2003,0020200034,20021102/BOSNYK,Final,2002-11-03,01:30,1610612752,NYK,107,1610612738,BOS,117,,,,False
2002-2003,2003,0020200037,20021102/ORLMIL,Final,2002-11-03,02:30,1610612749,MIL,90,1610612753,ORL,100,,,,False
2002-2003,2003,0020200038,20021102/PHXDAL,Final,2002-11-03,02:30,1610612742,DAL,97,1610612756,PHX,83,,,,False
2002-2003,2003,0020200039,20021102/TORHOU,Final,2002-11-03,02:30,1610612745,HOU,88,1610612761,TOR,76,,,,False
2002-2003,2003,0020200040,20021102/GSWUTA,Final,2002-11-03,03:00,1610612762,UTA,101,1610612744,GSW,92,,,,False
2002-2003,2003,0020200041,20021102/DENPOR,Final,2002-11-03,04:00,1610612757,POR,79,1610612743,DEN,96,,,,False
2002-2003,2003,0020200035,20021102/SACMEM,Final,2002-11-03,02:00,1610612763,MEM,99,1610612758,SAC,116,,,,False
2002-2003,2003,0020200036,20021102/MIANOH,Final,2002-11-03,02:30,1610612740,NOH,100,1610612748,MIA,95,,,,False
2002-2003,2003,0020200042,20021103/DETLAC,Final,2002-11-03,21:30,1610612746,LAC,74,1610612765,DET,72,,,,False
2002-2003,2003,0020200043,20021103/SACMIA,Final,2002-11-04,00:00,1610612748,MIA,88,1610612758,SAC,78,,,,False
2002-2003,2003,0020200044,20021103/UTASEA,Final,2002-11-04,03:00,1610612760,SEA,91,1610612762,UTA,77,,,,False
2002-2003,2003,0020200045,20021103/PORLAL,Final/OT,2002-11-04,03:30,1610612747,LAL,98,1610612757,POR,95,,,,False
2002-2003,2003,0020200046,20021104/CHITOR,Final/OT,2002-11-05,01:00,1610612761,TOR,109,1610612741,CHI,105,,,,False
2002-2003,2003,0020200047,20021104/MILNYK,Final,2002-11-05,01:30,1610612752,NYK,88,1610612749,MIL,97,,,,False
2002-2003,2003,0020200048,20021104/MINNJN,Final,2002-11-05,01:30,1610612751,NJN,106,1610612750,MIN,82,,,,False
2002-2003,2003,0020200049,20021104/SASMEM,Final/OT,2002-11-05,02:00,1610612763,MEM,101,1610612759,SAS,103,,,,False
2002-2003,2003,0020200050,20021104/GSWDAL,Final,2002-11-05,02:30,1610612742,DAL,107,1610612744,GSW,100,,,,False
2002-2003,2003,0020200051,20021104/DETPHX,Final,2002-11-05,03:00,1610612756,PHX,82,1610612765,DET,84,,,,False
2002-2003,2003,0020200052,20021105/SACORL,Final,2002-11-06,01:00,1610612753,ORL,125,1610612758,SAC,121,,,,False
2002-2003,2003,0020200054,20021105/INDMIA,Final,2002-11-06,01:30,1610612748,MIA,79,1610612754,IND,83,,,,False
2002-2003,2003,0020200055,20021105/WASMIN,Final,2002-11-06,02:00,1610612750,MIN,90,1610612764,WAS,86,,,,False
2002-2003,2003,0020200056,20021105/SEAHOU,Final,2002-11-06,02:30,1610612745,HOU,97,1610612760,SEA,104,,,,False
2002-2003,2003,0020200057,20021105/GSWSAS,Final,2002-11-06,02:30,1610612759,SAS,93,1610612744,GSW,73,,,,False
2002-2003,2003,0020200058,20021105/ATLDEN,Final,2002-11-06,03:00,1610612743,DEN,87,1610612737,ATL,103,,,,False
2002-2003,2003,0020200053,20021105/LALCLE,Final,2002-11-06,01:00,1610612739,CLE,86,1610612747,LAL,68,,,,False
2002-2003,2003,0020200059,20021106/SACNYK,Final,2002-11-07,01:00,1610612752,NYK,95,1610612758,SAC,88,,,,False
2002-2003,2003,0020200060,20021106/LACPHI,Final/OT,2002-11-07,01:00,1610612755,PHI,101,1610612746,LAC,99,,,,False
2002-2003,2003,0020200061,20021106/CLEWAS,Final,2002-11-07,01:00,1610612764,WAS,107,1610612739,CLE,100,,,,False
2002-2003,2003,0020200062,20021106/DALTOR,Final,2002-11-07,01:00,1610612761,TOR,92,1610612742,DAL,106,,,,False
2002-2003,2003,0020200063,20021106/SEANOH,Final,2002-11-07,02:30,1610612740,NOH,86,1610612760,SEA,84,,,,False
2002-2003,2003,0020200064,20021106/BOSCHI,Final,2002-11-07,02:30,1610612741,CHI,69,1610612738,BOS,91,,,,False
2002-2003,2003,0020200065,20021106/DETUTA,Final,2002-11-07,03:00,1610612762,UTA,78,1610612765,DET,80,,,,False
2002-2003,2003,0020200066,20021106/ATLPHX,Final,2002-11-07,03:00,1610612756,PHX,93,1610612737,ATL,88,,,,False
2002-2003,2003,0020200067,20021106/NJNMIL,Final,2002-11-07,03:30,1610612749,MIL,99,1610612751,NJN,93,,,,False
2002-2003,2003,0020200068,20021106/MEMPOR,Final,2002-11-07,04:00,1610612757,POR,94,1610612763,MEM,88,,,,False
2002-2003,2003,0020200070,20021107/MILMIN,Final,2002-11-08,02:00,1610612750,MIN,114,1610612749,MIL,110,,,,False
2002-2003,2003,0020200071,20021107/DETDEN,Final,2002-11-08,04:00,1610612743,DEN,63,1610612765,DET,89,,,,False
2002-2003,2003,0020200069,20021107/LALBOS,Final/OT,2002-11-08,01:30,1610612738,BOS,98,1610612747,LAL,95,,,,False
2002-2003,2003,0020200072,20021108/CLEPHI,Final,2002-11-09,01:00,1610612755,PHI,108,1610612739,CLE,84,,,,False
2002-2003,2003,0020200073,20021108/SEAORL,Final,2002-11-09,01:00,1610612753,ORL,105,1610612760,SEA,98,,,,False
2002-2003,2003,0020200074,20021108/NYKIND,Final,2002-11-09,01:00,1610612754,IND,107,1610612752,NYK,94,,,,False
2002-2003,2003,0020200075,20021108/LACNJN,Final,2002-11-09,01:30,1610612751,NJN,106,1610612746,LAC,92,,,,False
2002-2003,2003,0020200077,20021108/GSWNOH,Final,2002-11-09,02:30,1610612740,NOH,110,1610612744,GSW,104,,,,False
2002-2003,2003,0020200078,20021108/DALCHI,Final,2002-11-09,02:30,1610612741,CHI,87,1610612742,DAL,114,,,,False
2002-2003,2003,0020200079,20021108/ATLUTA,Final,2002-11-09,03:00,1610612762,UTA,110,1610612737,ATL,97,,,,False
2002-2003,2003,0020200080,20021108/PORPHX,Final,2002-11-09,03:00,1610612756,PHX,86,1610612757,POR,75,,,,False
2002-2003,2003,0020200081,20021108/MEMSAC,Final,2002-11-09,04:30,1610612758,SAC,99,1610612763,MEM,91,,,,False
2002-2003,2003,0020200076,20021108/LALWAS,Final,2002-11-09,02:00,1610612764,WAS,100,1610612747,LAL,99,,,,False
2002-2003,2003,0020200082,20021109/TORIND,Final,2002-11-10,01:00,1610612754,IND,108,1610612761,TOR,84,,,,False
2002-2003,2003,0020200083,20021109/WASCLE,Final,2002-11-10,01:30,1610612739,CLE,79,1610612764,WAS,93,,,,False
2002-2003,2003,0020200084,20021109/SEAMIA,Final,2002-11-10,02:00,1610612748,MIA,82,1610612760,SEA,84,,,,False
2002-2003,2003,0020200085,20021109/BOSMIN,Final,2002-11-10,02:00,1610612750,MIN,99,1610612738,BOS,105,,,,False
2002-2003,2003,0020200086,20021109/NJNCHI,Final,2002-11-10,02:30,1610612741,CHI,100,1610612751,NJN,93,,,,False
2002-2003,2003,0020200088,20021109/DETDAL,Final,2002-11-10,02:30,1610612742,DAL,114,1610612765,DET,75,,,,False
2002-2003,2003,0020200090,20021109/PORSAS,Final,2002-11-10,02:30,1610612759,SAS,76,1610612757,POR,95,,,,False
2002-2003,2003,0020200091,20021109/MEMDEN,Final,2002-11-10,03:00,1610612743,DEN,84,1610612763,MEM,73,,,,False
2002-2003,2003,0020200087,20021109/PHIMIL,Final/OT,2002-11-10,02:30,1610612749,MIL,110,1610612755,PHI,105,,,,False
2002-2003,2003,0020200089,20021109/GSWHOU,Final,2002-11-10,02:30,1610612745,HOU,111,1610612744,GSW,104,,,,False
2002-2003,2003,0020200092,20021110/NOHNYK,Final/OT,2002-11-10,22:00,1610612752,NYK,91,1610612740,NOH,97,,,,False
2002-2003,2003,0020200093,20021110/LACORL,Final,2002-11-10,23:00,1610612753,ORL,117,1610612746,LAC,120,,,,False
2002-2003,2003,0020200094,20021110/ATLSAC,Final,2002-11-11,03:00,1610612758,SAC,105,1610612737,ATL,97,,,,False
2002-2003,2003,0020200095,20021111/UTABOS,Final,2002-11-12,01:00,1610612738,BOS,112,1610612762,UTA,95,,,,False
2002-2003,2003,0020200096,20021111/GSWMEM,Final,2002-11-12,02:00,1610612763,MEM,101,1610612744,GSW,108,,,,False
2002-2003,2003,0020200097,20021111/PORDAL,Final,2002-11-12,02:30,1610612742,DAL,82,1610612757,POR,73,,,,False
2002-2003,2003,0020200098,20021111/MINSAS,Final,2002-11-12,02:30,1610612759,SAS,91,1610612750,MIN,75,,,,False
2002-2003,2003,0020200099,20021112/SEAWAS,Final,2002-11-13,01:00,1610612764,WAS,95,1610612760,SEA,101,,,,False
2002-2003,2003,0020200100,20021112/TORORL,Final,2002-11-13,01:00,1610612753,ORL,109,1610612761,TOR,115,,,,False
2002-2003,2003,0020200101,20021112/CLEIND,Final,2002-11-13,01:00,1610612754,IND,95,1610612739,CLE,75,,,,False
2002-2003,2003,0020200102,20021112/UTANYK,Final,2002-11-13,01:30,1610612752,NYK,87,1610612762,UTA,108,,,,False
2002-2003,2003,0020200103,20021112/LACMIA,Final,2002-11-13,01:30,1610612748,MIA,82,1610612746,LAC,101,,,,False
2002-2003,2003,0020200104,20021112/NOHDET,Final,2002-11-13,01:30,1610612765,DET,93,1610612740,NOH,87,,,,False
2002-2003,2003,0020200105,20021112/PORHOU,Final,2002-11-13,02:30,1610612745,HOU,86,1610612757,POR,83,,,,False
2002-2003,2003,0020200106,20021112/ATLLAL,Final,2002-11-13,04:30,1610612747,LAL,83,1610612737,ATL,95,,,,False
2002-2003,2003,0020200107,20021113/PHIBOS,Final,2002-11-14,01:00,1610612738,BOS,91,1610612755,PHI,81,,,,False
2002-2003,2003,0020200108,20021113/SASNJN,Final,2002-11-14,01:00,1610612751,NJN,91,1610612759,SAS,82,,,,False
2002-2003,2003,0020200109,20021113/DALCLE,Final,2002-11-14,01:00,1610612739,CLE,99,1610612742,DAL,103,,,,False
2002-2003,2003,0020200110,20021113/CHIMIL,Final,2002-11-14,02:00,1610612749,MIL,108,1610612741,CHI,101,,,,False
2002-2003,2003,0020200111,20021113/MINNOH,Final,2002-11-14,02:30,1610612740,NOH,102,1610612750,MIN,98,,,,False
2002-2003,2003,0020200112,20021113/PHXDEN,Final,2002-11-14,03:00,1610612743,DEN,72,1610612756,PHX,75,,,,False
2002-2003,2003,0020200113,20021113/SACGSW,Final,2002-11-14,03:30,1610612744,GSW,93,1610612758,SAC,104,,,,False
2002-2003,2003,0020200114,20021114/UTAWAS,Final,2002-11-15,01:30,1610612764,WAS,105,1610612762,UTA,102,,,,False
2002-2003,2003,0020200115,20021114/SASPHI,Final,2002-11-15,01:30,1610612755,PHI,99,1610612759,SAS,94,,,,False
2002-2003,2003,0020200116,20021114/ORLLAC,Final,2002-11-15,04:00,1610612746,LAC,80,1610612753,ORL,101,,,,False
2002-2003,2003,0020200117,20021115/DENTOR,Final,2002-11-16,01:00,1610612761,TOR,84,1610612743,DEN,79,,,,False
2002-2003,2003,0020200118,20021115/MILIND,Final/OT,2002-11-16,01:00,1610612754,IND,103,1610612749,MIL,100,,,,False
2002-2003,2003,0020200119,20021115/DALBOS,Final,2002-11-16,02:00,1610612738,BOS,86,1610612742,DAL,97,,,,False
2002-2003,2003,0020200120,20021115/NJNMIA,Final,2002-11-16,02:00,1610612748,MIA,84,1610612751,NJN,93,,,,False
2002-2003,2003,0020200121,20021115/UTADET,Final,2002-11-16,02:00,1610612765,DET,86,1610612762,UTA,75,,,,False
2002-2003,2003,0020200122,20021115/MINMEM,Final,2002-11-16,02:00,1610612763,MEM,95,1610612750,MIN,99,,,,False
2002-2003,2003,0020200123,20021115/CHINOH,Final,2002-11-16,02:30,1610612740,NOH,105,1610612741,CHI,87,,,,False
2002-2003,2003,0020200124,20021115/LACPOR,Final,2002-11-16,04:00,1610612757,POR,112,1610612746,LAC,88,,,,False
2002-2003,2003,0020200125,20021115/SACSEA,Final,2002-11-16,04:00,1610612760,SEA,111,1610612758,SAC,97,,,,False
2002-2003,2003,0020200126,20021115/HOUPHX,Final,2002-11-16,04:30,1610612756,PHX,88,1610612745,HOU,87,,,,False
2002-2003,2003,0020200127,20021115/GSWLAL,Final/OT,2002-11-16,04:30,1610612747,LAL,96,1610612744,GSW,89,,,,False
2002-2003,2003,0020200128,20021116/PHINYK,Final,2002-11-16,19:00,1610612752,NYK,92,1610612755,PHI,93,,,,False
2002-2003,2003,0020200129,20021116/MIAWAS,Final,2002-11-17,01:00,1610612764,WAS,95,1610612748,MIA,65,,,,False
2002-2003,2003,0020200130,20021116/NOHATL,Final,2002-11-17,01:00,1610612737,ATL,89,1610612740,NOH,82,,,,False
2002-2003,2003,0020200131,20021116/DALNJN,Final,2002-11-17,01:30,1610612751,NJN,88,1610612742,DAL,96,,,,False
2002-2003,2003,0020200132,20021116/SASCLE,Final,2002-11-17,01:30,1610612739,CLE,77,1610612759,SAS,90,,,,False
2002-2003,2003,0020200133,20021116/DENDET,Final,2002-11-17,01:30,1610612765,DET,74,1610612743,DEN,53,,,,False
2002-2003,2003,0020200134,20021116/INDMIN,Final,2002-11-17,02:00,1610612750,MIN,101,1610612754,IND,107,,,,False
2002-2003,2003,0020200135,20021116/MEMCHI,Final,2002-11-17,02:30,1610612741,CHI,111,1610612763,MEM,93,,,,False
2002-2003,2003,0020200136,20021116/BOSMIL,Final,2002-11-17,02:30,1610612749,MIL,104,1610612738,BOS,85,,,,False
2002-2003,2003,0020200137,20021116/ORLGSW,Final,2002-11-17,04:30,1610612744,GSW,135,1610612753,ORL,92,,,,False
2002-2003,2003,0020200138,20021117/UTATOR,Final,2002-11-17,21:30,1610612761,TOR,78,1610612762,UTA,82,,,,False
2002-2003,2003,0020200139,20021117/SEALAC,Final,2002-11-17,21:30,1610612746,LAC,78,1610612760,SEA,84,,,,False
2002-2003,2003,0020200140,20021117/WASPHI,Final,2002-11-18,01:00,1610612755,PHI,100,1610612764,WAS,84,,,,False
2002-2003,2003,0020200141,20021117/ORLSAC,Final,2002-11-18,03:00,1610612758,SAC,101,1610612753,ORL,99,,,,False
2002-2003,2003,0020200142,20021117/HOULAL,Final,2002-11-18,03:30,1610612747,LAL,89,1610612745,HOU,93,,,,False
2002-2003,2003,0020200143,20021118/DETNYK,Final,2002-11-19,01:30,1610612752,NYK,94,1610612765,DET,91,,,,False
2002-2003,2003,0020200144,20021118/DENNJN,Final,2002-11-19,01:30,1610612751,NJN,99,1610612743,DEN,79,,,,False
2002-2003,2003,0020200145,20021118/TORATL,Final,2002-11-19,01:30,1610612737,ATL,117,1610612761,TOR,92,,,,False
2002-2003,2003,0020200146,20021118/CLESAS,Final,2002-11-19,02:30,1610612759,SAS,104,1610612739,CLE,78,,,,False
2002-2003,2003,0020200147,20021118/LACGSW,Final,2002-11-19,04:30,1610612744,GSW,89,1610612746,LAC,99,,,,False
2002-2003,2003,0020200148,20021119/MIAMIL,Final,2002-11-20,02:00,1610612749,MIL,93,1610612748,MIA,97,,,,False
2002-2003,2003,0020200149,20021119/MEMMIN,Final/OT,2002-11-20,02:00,1610612750,MIN,110,1610612763,MEM,106,,,,False
2002-2003,2003,0020200150,20021119/PHINOH,Final,2002-11-20,02:30,1610612740,NOH,99,1610612755,PHI,98,,,,False
2002-2003,2003,0020200151,20021119/LALDAL,Final,2002-11-20,02:30,1610612742,DAL,98,1610612747,LAL,72,,,,False
2002-2003,2003,0020200152,20021119/CLEHOU,Final,2002-11-20,02:30,1610612745,HOU,97,1610612739,CLE,80,,,,False
2002-2003,2003,0020200153,20021119/PHXUTA,Final,2002-11-20,03:00,1610612762,UTA,99,1610612756,PHX,76,,,,False
2002-2003,2003,0020200154,20021119/CHISAC,Final,2002-11-20,04:00,1610612758,SAC,111,1610612741,CHI,98,,,,False
2002-2003,2003,0020200155,20021119/ORLSEA,Final,2002-11-20,04:00,1610612760,SEA,84,1610612753,ORL,101,,,,False
2002-2003,2003,0020200157,20021120/INDTOR,Final,2002-11-21,01:00,1610612761,TOR,95,1610612754,IND,97,,,,False
2002-2003,2003,0020200158,20021120/MINATL,Final,2002-11-21,01:30,1610612737,ATL,93,1610612750,MIN,103,,,,False
2002-2003,2003,0020200159,20021120/MIADET,Final,2002-11-21,01:30,1610612765,DET,79,1610612748,MIA,68,,,,False
2002-2003,2003,0020200160,20021120/LALSAS,Final,2002-11-21,02:30,1610612759,SAS,95,1610612747,LAL,88,,,,False
2002-2003,2003,0020200161,20021120/PHIMEM,Final,2002-11-21,03:00,1610612763,MEM,88,1610612755,PHI,95,,,,False
2002-2003,2003,0020200162,20021120/UTADEN,Final,2002-11-21,03:00,1610612743,DEN,79,1610612762,UTA,96,,,,False
2002-2003,2003,0020200163,20021120/ORLPOR,Final,2002-11-21,04:00,1610612757,POR,98,1610612753,ORL,84,,,,False
2002-2003,2003,0020200164,20021120/SACLAC,Final,2002-11-21,04:30,1610612746,LAC,89,1610612758,SAC,93,,,,False
2002-2003,2003,0020200165,20021120/CHIGSW,Final,2002-11-21,04:30,1610612744,GSW,100,1610612741,CHI,94,,,,False
2002-2003,2003,0020200156,20021120/NJNBOS,Final,2002-11-21,01:00,1610612738,BOS,96,1610612751,NJN,79,,,,False
2002-2003,2003,0020200166,20021121/HOUDAL,Final,2002-11-22,01:30,1610612742,DAL,103,1610612745,HOU,90,,,,False
2002-2003,2003,0020200167,20021121/PORSEA,Final,2002-11-22,04:00,1610612760,SEA,85,1610612757,POR,89,,,,False
2002-2003,2003,0020200168,20021122/ORLIND,Final,2002-11-23,01:00,1610612754,IND,106,1610612753,ORL,70,,,,False
2002-2003,2003,0020200169,20021122/ATLBOS,Final/OT2,2002-11-23,01:30,1610612738,BOS,105,1610612737,ATL,98,,,,False
2002-2003,2003,0020200170,20021122/CLENJN,Final,2002-11-23,01:30,1610612751,NJN,120,1610612739,CLE,79,,,,False
2002-2003,2003,0020200171,20021122/TORPHI,Final,2002-11-23,02:00,1610612755,PHI,90,1610612761,TOR,80,,,,False
2002-2003,2003,0020200172,20021122/DETMIA,Final,2002-11-23,02:00,1610612748,MIA,72,1610612765,DET,75,,,,False
2002-2003,2003,0020200173,20021122/NYKNOH,Final/OT,2002-11-23,02:30,1610612740,NOH,105,1610612752,NYK,97,,,,False
2002-2003,2003,0020200174,20021122/WASHOU,Final,2002-11-23,02:30,1610612745,HOU,93,1610612764,WAS,86,,,,False
2002-2003,2003,0020200175,20021122/MEMSAS,Final,2002-11-23,02:30,1610612759,SAS,95,1610612763,MEM,86,,,,False
2002-2003,2003,0020200176,20021122/PHXSAC,Final,2002-11-23,04:00,1610612758,SAC,118,1610612756,PHX,101,,,,False
2002-2003,2003,0020200177,20021122/LACDEN,Final,2002-11-23,04:30,1610612743,DEN,72,1610612746,LAC,70,,,,False
2002-2003,2003,0020200178,20021122/CHILAL,Final,2002-11-23,04:30,1610612747,LAL,86,1610612741,CHI,73,,,,False
2002-2003,2003,0020200179,20021122/MILGSW,Final,2002-11-23,04:30,1610612744,GSW,91,1610612749,MIL,95,,,,False
2002-2003,2003,0020200180,20021123/BOSATL,Final,2002-11-24,01:00,1610612737,ATL,99,1610612738,BOS,109,,,,False
2002-2003,2003,0020200181,20021123/DETIND,Final,2002-11-24,01:00,1610612754,IND,91,1610612765,DET,106,,,,False
2002-2003,2003,0020200182,20021123/NOHCLE,Final,2002-11-24,01:30,1610612739,CLE,84,1610612740,NOH,97,,,,False
2002-2003,2003,0020200183,20021123/NJNMIN,Final,2002-11-24,02:00,1610612750,MIN,82,1610612751,NJN,96,,,,False
2002-2003,2003,0020200184,20021123/WASMEM,Final,2002-11-24,02:00,1610612763,MEM,85,1610612764,WAS,74,,,,False
2002-2003,2003,0020200185,20021123/SEADAL,Final,2002-11-24,02:30,1610612742,DAL,115,1610612760,SEA,105,,,,False
2002-2003,2003,0020200186,20021123/CHIUTA,Final,2002-11-24,03:00,1610612762,UTA,110,1610612741,CHI,90,,,,False
2002-2003,2003,0020200187,20021123/DENPHX,Final,2002-11-24,03:00,1610612756,PHX,79,1610612743,DEN,80,,,,False
2002-2003,2003,0020200188,20021123/SACPOR,Final,2002-11-24,04:00,1610612757,POR,94,1610612758,SAC,95,,,,False
2002-2003,2003,0020200189,20021124/PHITOR,Final,2002-11-24,19:00,1610612761,TOR,84,1610612755,PHI,94,,,,False
2002-2003,2003,0020200190,20021124/HOULAC,Final,2002-11-24,21:30,1610612746,LAC,90,1610612745,HOU,89,,,,False
2002-2003,2003,0020200191,20021124/MIAORL,Final,2002-11-24,23:00,1610612753,ORL,77,1610612748,MIA,75,,,,False
2002-2003,2003,0020200192,20021124/MINNYK,Final,2002-11-25,01:00,1610612752,NYK,88,1610612750,MIN,106,,,,False
2002-2003,2003,0020200193,20021124/SEASAS,Final,2002-11-25,01:00,1610612759,SAS,90,1610612760,SEA,91,,,,False
2002-2003,2003,0020200194,20021124/MILLAL,Final,2002-11-25,03:30,1610612747,LAL,111,1610612749,MIL,99,,,,False
2002-2003,2003,0020200195,20021125/NOHPHI,Final,2002-11-26,01:00,1610612755,PHI,108,1610612740,NOH,87,,,,False
2002-2003,2003,0020200196,20021125/MILPHX,Final,2002-11-26,03:00,1610612756,PHX,86,1610612749,MIL,81,,,,False
2002-2003,2003,0020200197,20021126/INDWAS,Final,2002-11-27,01:00,1610612764,WAS,84,1610612754,IND,88,,,,False
2002-2003,2003,0020200198,20021126/SACCLE,Final,2002-11-27,01:00,1610612739,CLE,85,1610612758,SAC,91,,,,False
2002-2003,2003,0020200199,20021126/LALMIA,Final,2002-11-27,01:30,1610612748,MIA,97,1610612747,LAL,85,,,,False
2002-2003,2003,0020200200,20021126/SEAATL,Final/OT,2002-11-27,01:30,1610612737,ATL,119,1610612760,SEA,116,,,,False
2002-2003,2003,0020200201,20021126/SASDEN,Final,2002-11-27,03:00,1610612743,DEN,85,1610612759,SAS,81,,,,False
2002-2003,2003,0020200202,20021126/HOUPOR,Final,2002-11-27,04:00,1610612757,POR,77,1610612745,HOU,71,,,,False
2002-2003,2003,0020200203,20021126/UTALAC,Final,2002-11-27,04:30,1610612746,LAC,94,1610612762,UTA,99,,,,False
2002-2003,2003,0020200204,20021127/CHIBOS,Final,2002-11-28,01:00,1610612738,BOS,92,1610612741,CHI,82,,,,False
2002-2003,2003,0020200205,20021127/MIAPHI,Final,2002-11-28,01:00,1610612755,PHI,83,1610612748,MIA,74,,,,False
2002-2003,2003,0020200206,20021127/LALORL,Final,2002-11-28,01:00,1610612753,ORL,112,1610612747,LAL,102,,,,False
2002-2003,2003,0020200207,20021127/NYKTOR,Final,2002-11-28,01:00,1610612761,TOR,81,1610612752,NYK,87,,,,False
2002-2003,2003,0020200208,20021127/DALDET,Final,2002-11-28,01:30,1610612765,DET,82,1610612742,DAL,102,,,,False
2002-2003,2003,0020200209,20021127/CLEMIL,Final,2002-11-28,02:00,1610612749,MIL,112,1610612739,CLE,80,,,,False
2002-2003,2003,0020200210,20021127/SACMIN,Final,2002-11-28,02:00,1610612750,MIN,90,1610612758,SAC,74,,,,False
2002-2003,2003,0020200211,20021127/SEAMEM,Final,2002-11-28,02:00,1610612763,MEM,117,1610612760,SEA,99,,,,False
2002-2003,2003,0020200212,20021127/ATLNOH,Final,2002-11-28,02:30,1610612740,NOH,106,1610612737,ATL,94,,,,False
2002-2003,2003,0020200214,20021127/NJNPHX,Final,2002-11-28,03:00,1610612756,PHX,82,1610612751,NJN,75,,,,False
2002-2003,2003,0020200215,20021127/HOUGSW,Final,2002-11-28,04:30,1610612744,GSW,84,1610612745,HOU,91,,,,False
2002-2003,2003,0020200213,20021127/DENSAS,Final,2002-11-28,02:30,1610612759,SAS,99,1610612743,DEN,68,,,,False
2002-2003,2003,0020200216,20021128/DALIND,Final,2002-11-29,01:30,1610612754,IND,110,1610612742,DAL,98,,,,False
2002-2003,2003,0020200217,20021128/NJNLAC,Final/OT,2002-11-29,04:00,1610612746,LAC,126,1610612751,NJN,118,,,,False
2002-2003,2003,0020200218,20021129/MIAATL,Final/OT,2002-11-30,01:30,1610612737,ATL,100,1610612748,MIA,94,,,,False
2002-2003,2003,0020200219,20021129/PHICLE,Final,2002-11-30,01:30,1610612739,CLE,99,1610612755,PHI,106,,,,False
2002-2003,2003,0020200220,20021129/TORBOS,Final,2002-11-30,02:00,1610612738,BOS,95,1610612761,TOR,98,,,,False
2002-2003,2003,0020200221,20021129/MILDET,Final,2002-11-30,02:00,1610612765,DET,96,1610612749,MIL,91,,,,False
2002-2003,2003,0020200222,20021129/WASIND,Final,2002-11-30,02:00,1610612754,IND,100,1610612764,WAS,84,,,,False
2002-2003,2003,0020200223,20021129/LALMEM,Final/OT,2002-11-30,02:00,1610612763,MEM,106,1610612747,LAL,112,,,,False
2002-2003,2003,0020200224,20021129/GSWDEN,Final,2002-11-30,03:00,1610612743,DEN,82,1610612744,GSW,92,,,,False
2002-2003,2003,0020200225,20021129/MINUTA,Final,2002-11-30,03:00,1610612762,UTA,95,1610612750,MIN,77,,,,False
2002-2003,2003,0020200226,20021129/SASPHX,Final,2002-11-30,03:00,1610612756,PHX,94,1610612759,SAS,87,,,,False
2002-2003,2003,0020200227,20021129/LACSAC,Final,2002-11-30,04:00,1610612758,SAC,107,1610612746,LAC,94,,,,False
2002-2003,2003,0020200228,20021129/HOUSEA,Final,2002-11-30,04:30,1610612760,SEA,72,1610612745,HOU,83,,,,False
2002-2003,2003,0020200229,20021130/NOHNYK,Final/OT,2002-11-30,19:00,1610612752,NYK,92,1610612740,NOH,86,,,,False
2002-2003,2003,0020200230,20021130/PHIWAS,Final,2002-12-01,01:00,1610612764,WAS,94,1610612755,PHI,95,,,,False
2002-2003,2003,0020200231,20021130/ATLORL,Final,2002-12-01,01:00,1610612753,ORL,117,1610612737,ATL,92,,,,False
2002-2003,2003,0020200232,20021130/CLEMIA,Final,2002-12-01,02:00,1610612748,MIA,85,1610612739,CLE,79,,,,False
2002-2003,2003,0020200233,20021130/CHIDAL,Final,2002-12-01,02:30,1610612742,DAL,103,1610612741,CHI,90,,,,False
2002-2003,2003,0020200234,20021130/UTASAS,Final,2002-12-01,02:30,1610612759,SAS,107,1610612762,UTA,85,,,,False
2002-2003,2003,0020200236,20021130/NJNPOR,Final,2002-12-01,04:00,1610612757,POR,86,1610612751,NJN,93,,,,False
2002-2003,2003,0020200237,20021130/PHXGSW,Final,2002-12-01,04:30,1610612744,GSW,100,1610612756,PHX,90,,,,False
2002-2003,2003,0020200235,20021130/DETMIL,Final,2002-12-01,03:00,1610612749,MIL,109,1610612765,DET,86,,,,False
2002-2003,2003,0020200238,20021201/INDLAC,Final,2002-12-01,21:30,1610612746,LAC,87,1610612754,IND,92,,,,False
2002-2003,2003,0020200239,20021201/TORMEM,Final,2002-12-01,22:00,1610612763,MEM,87,1610612761,TOR,92,,,,False
2002-2003,2003,0020200240,20021201/NOHBOS,Final,2002-12-02,00:00,1610612738,BOS,95,1610612740,NOH,86,,,,False
2002-2003,2003,0020200241,20021201/HOUSAC,Final,2002-12-02,03:00,1610612758,SAC,103,1610612745,HOU,84,,,,False
2002-2003,2003,0020200242,20021201/NJNSEA,Final,2002-12-02,03:00,1610612760,SEA,96,1610612751,NJN,95,,,,False
2002-2003,2003,0020200243,20021201/MINLAL,Final,2002-12-02,03:30,1610612747,LAL,107,1610612750,MIN,110,,,,False
2002-2003,2003,0020200244,20021202/BOSORL,Final,2002-12-03,01:00,1610612753,ORL,97,1610612738,BOS,102,,,,False
2002-2003,2003,0020200245,20021202/CLENYK,Final,2002-12-03,01:30,1610612752,NYK,125,1610612739,CLE,93,,,,False
2002-2003,2003,0020200246,20021202/TORDAL,Final,2002-12-03,02:30,1610612742,DAL,113,1610612761,TOR,102,,,,False
2002-2003,2003,0020200247,20021202/INDUTA,Final,2002-12-03,03:00,1610612762,UTA,102,1610612754,IND,91,,,,False
2002-2003,2003,0020200248,20021202/MIAPHX,Final/OT,2002-12-03,03:00,1610612756,PHX,90,1610612748,MIA,100,,,,False
2002-2003,2003,0020200249,20021203/MILWAS,Final,2002-12-04,01:00,1610612764,WAS,103,1610612749,MIL,78,,,,False
2002-2003,2003,0020200250,20021203/ATLNJN,Final,2002-12-04,01:30,1610612751,NJN,87,1610612737,ATL,72,,,,False
2002-2003,2003,0020200251,20021203/NOHCHI,Final,2002-12-04,02:30,1610612741,CHI,90,1610612740,NOH,115,,,,False
2002-2003,2003,0020200252,20021203/SASHOU,Final,2002-12-04,02:30,1610612745,HOU,89,1610612759,SAS,75,,,,False
2002-2003,2003,0020200253,20021203/MINSAC,Final,2002-12-04,04:00,1610612758,SAC,98,1610612750,MIN,86,,,,False
2002-2003,2003,0020200254,20021203/MEMLAL,Final,2002-12-04,04:30,1610612747,LAL,101,1610612763,MEM,91,,,,False
2002-2003,2003,0020200255,20021203/DENGSW,Final,2002-12-04,04:30,1610612744,GSW,110,1610612743,DEN,89,,,,False
2002-2003,2003,0020200256,20021204/BOSPHI,Final,2002-12-05,01:00,1610612755,PHI,99,1610612738,BOS,93,,,,False
2002-2003,2003,0020200257,20021204/CHICLE,Final,2002-12-05,01:00,1610612739,CLE,111,1610612741,CHI,101,,,,False
2002-2003,2003,0020200258,20021204/ORLNYK,Final,2002-12-05,01:30,1610612752,NYK,85,1610612753,ORL,87,,,,False
2002-2003,2003,0020200259,20021204/WASDET,Final,2002-12-05,01:30,1610612765,DET,83,1610612764,WAS,88,,,,False
2002-2003,2003,0020200260,20021204/TORNOH,Final,2002-12-05,02:30,1610612740,NOH,89,1610612761,TOR,74,,,,False
2002-2003,2003,0020200261,20021204/SACDEN,Final,2002-12-05,03:00,1610612743,DEN,90,1610612758,SAC,92,,,,False
2002-2003,2003,0020200262,20021204/LALUTA,Final,2002-12-05,03:00,1610612762,UTA,93,1610612747,LAL,85,,,,False
2002-2003,2003,0020200263,20021204/MEMPHX,Final,2002-12-05,03:00,1610612756,PHX,98,1610612763,MEM,85,,,,False
2002-2003,2003,0020200264,20021204/DALPOR,Final,2002-12-05,04:00,1610612757,POR,88,1610612742,DAL,103,,,,False
2002-2003,2003,0020200265,20021204/INDSEA,Final/OT,2002-12-05,04:00,1610612760,SEA,111,1610612754,IND,114,,,,False
2002-2003,2003,0020200266,20021204/MIALAC,Final,2002-12-05,04:30,1610612746,LAC,89,1610612748,MIA,80,,,,False
2002-2003,2003,0020200267,20021205/MILATL,Final,2002-12-06,01:30,1610612737,ATL,98,1610612749,MIL,80,,,,False
2002-2003,2003,0020200268,20021205/MINGSW,Final,2002-12-06,04:00,1610612744,GSW,98,1610612750,MIN,114,,,,False
2002-2003,2003,0020200269,20021206/WASORL,Final,2002-12-07,01:00,1610612753,ORL,88,1610612764,WAS,78,,,,False
2002-2003,2003,0020200270,20021206/NYKBOS,Final,2002-12-07,02:00,1610612738,BOS,91,1610612752,NYK,80,,,,False
2002-2003,2003,0020200271,20021206/CHITOR,Final,2002-12-07,02:00,1610612761,TOR,103,1610612741,CHI,89,,,,False
2002-2003,2003,0020200272,20021206/HOUNOH,Final/OT,2002-12-07,02:30,1610612740,NOH,98,1610612745,HOU,96,,,,False
2002-2003,2003,0020200273,20021206/PHISAS,Final,2002-12-07,02:30,1610612759,SAS,98,1610612755,PHI,93,,,,False
2002-2003,2003,0020200274,20021206/MEMUTA,Final,2002-12-07,03:00,1610612762,UTA,104,1610612763,MEM,71,,,,False
2002-2003,2003,0020200275,20021206/INDPHX,Final,2002-12-07,03:00,1610612756,PHX,102,1610612754,IND,96,,,,False
2002-2003,2003,0020200276,20021206/DENSAC,Final,2002-12-07,04:00,1610612758,SAC,98,1610612743,DEN,77,,,,False
2002-2003,2003,0020200277,20021206/MIAPOR,Final,2002-12-07,04:00,1610612757,POR,88,1610612748,MIA,69,,,,False
2002-2003,2003,0020200278,20021206/DALLAL,Final,2002-12-07,04:30,1610612747,LAL,105,1610612742,DAL,103,,,,False
2002-2003,2003,0020200279,20021207/DETATL,Final,2002-12-07,20:00,1610612737,ATL,94,1610612765,DET,92,,,,False
2002-2003,2003,0020200280,20021207/MINLAC,Final,2002-12-07,21:30,1610612746,LAC,104,1610612750,MIN,88,,,,False
2002-2003,2003,0020200282,20021207/ORLNJN,Final,2002-12-08,01:30,1610612751,NJN,121,1610612753,ORL,88,,,,False
2002-2003,2003,0020200281,20021207/NYKWAS,Final,2002-12-08,02:00,1610612764,WAS,100,1610612752,NYK,97,,,,False
2002-2003,2003,0020200283,20021207/CLECHI,Final,2002-12-08,02:30,1610612741,CHI,112,1610612739,CLE,104,,,,False
2002-2003,2003,0020200285,20021207/PHIHOU,Final,2002-12-08,02:30,1610612745,HOU,97,1610612755,PHI,72,,,,False
2002-2003,2003,0020200286,20021207/INDDEN,Final,2002-12-08,03:00,1610612743,DEN,92,1610612754,IND,81,,,,False
2002-2003,2003,0020200287,20021207/MIASEA,Final,2002-12-08,04:00,1610612760,SEA,100,1610612748,MIA,71,,,,False
2002-2003,2003,0020200288,20021207/DALGSW,Final,2002-12-08,04:30,1610612744,GSW,116,1610612742,DAL,121,,,,False
2002-2003,2003,0020200284,20021207/NOHMIL,Final,2002-12-08,02:30,1610612749,MIL,88,1610612740,NOH,94,,,,False
2002-2003,2003,0020200289,20021208/PORTOR,Final,2002-12-08,21:30,1610612761,TOR,91,1610612757,POR,104,,,,False
2002-2003,2003,0020200290,20021208/PHXMEM,Final,2002-12-08,22:00,1610612763,MEM,102,1610612756,PHX,94,,,,False
2002-2003,2003,0020200291,20021208/SACSAS,Final,2002-12-09,01:00,1610612759,SAS,80,1610612758,SAC,104,,,,False
2002-2003,2003,0020200292,20021208/UTALAL,Final,2002-12-09,03:30,1610612747,LAL,110,1610612762,UTA,101,,,,False
2002-2003,2003,0020200293,20021209/ORLBOS,Final/OT,2002-12-10,01:00,1610612738,BOS,114,1610612753,ORL,109,,,,False
2002-2003,2003,0020200294,20021209/MILCLE,Final/OT2,2002-12-10,01:00,1610612739,CLE,133,1610612749,MIL,140,,,,False
2002-2003,2003,0020200295,20021209/PHXNJN,Final,2002-12-10,01:30,1610612751,NJN,106,1610612756,PHX,93,,,,False
2002-2003,2003,0020200296,20021209/LACNOH,Final,2002-12-10,02:30,1610612740,NOH,90,1610612746,LAC,94,,,,False
2002-2003,2003,0020200297,20021209/MINDEN,Final,2002-12-10,03:00,1610612743,DEN,84,1610612750,MIN,92,,,,False
2002-2003,2003,0020200298,20021210/PORWAS,Final,2002-12-11,01:00,1610612764,WAS,79,1610612757,POR,98,,,,False
2002-2003,2003,0020200300,20021210/SEANYK,Final,2002-12-11,01:30,1610612752,NYK,97,1610612760,SEA,80,,,,False
2002-2003,2003,0020200301,20021210/MEMMIA,Final,2002-12-11,01:30,1610612748,MIA,96,1610612763,MEM,107,,,,False
2002-2003,2003,0020200302,20021210/ORLCHI,Final,2002-12-11,02:30,1610612741,CHI,107,1610612753,ORL,87,,,,False
2002-2003,2003,0020200303,20021210/LACDAL,Final,2002-12-11,02:30,1610612742,DAL,122,1610612746,LAC,95,,,,False
2002-2003,2003,0020200304,20021210/SACHOU,Final,2002-12-11,02:30,1610612745,HOU,103,1610612758,SAC,96,,,,False
2002-2003,2003,0020200305,20021210/LALGSW,Final,2002-12-11,04:30,1610612744,GSW,106,1610612747,LAL,102,,,,False
2002-2003,2003,0020200306,20021211/PHXBOS,Final,2002-12-12,01:00,1610612738,BOS,94,1610612756,PHX,103,,,,False
2002-2003,2003,0020200307,20021211/PORNJN,Final,2002-12-12,01:00,1610612751,NJN,105,1610612757,POR,104,,,,False
2002-2003,2003,0020200308,20021211/SEAPHI,Final,2002-12-12,01:00,1610612755,PHI,88,1610612760,SEA,92,,,,False
2002-2003,2003,0020200309,20021211/TORCLE,Final,2002-12-12,01:00,1610612739,CLE,96,1610612761,TOR,83,,,,False
2002-2003,2003,0020200310,20021211/ATLDET,Final,2002-12-12,01:30,1610612765,DET,91,1610612737,ATL,80,,,,False
2002-2003,2003,0020200311,20021211/INDMIL,Final/OT,2002-12-12,02:00,1610612749,MIL,119,1610612754,IND,126,,,,False
2002-2003,2003,0020200312,20021211/DENMEM,Final,2002-12-12,02:00,1610612763,MEM,96,1610612743,DEN,93,,,,False
2002-2003,2003,0020200313,20021211/DALSAS,Final,2002-12-12,03:30,1610612759,SAS,111,1610612742,DAL,104,,,,False
2002-2003,2003,0020200314,20021212/DETCHI,Final,2002-12-13,01:30,1610612741,CHI,76,1610612765,DET,86,,,,False
2002-2003,2003,0020200457,20021212/ATLMIN,Final,2002-12-13,02:00,1610612750,MIN,113,1610612737,ATL,95,,,,False
2002-2003,2003,0020200315,20021212/NOHUTA,Final,2002-12-13,04:00,1610612762,UTA,88,1610612740,NOH,93,,,,False
2002-2003,2003,0020200316,20021213/PHXPHI,Final,2002-12-14,01:00,1610612755,PHI,91,1610612756,PHX,99,,,,False
2002-2003,2003,0020200317,20021213/GSWORL,Final,2002-12-14,01:00,1610612753,ORL,111,1610612744,GSW,85,,,,False
2002-2003,2003,0020200318,20021213/SEATOR,Final,2002-12-14,01:00,1610612761,TOR,79,1610612760,SEA,91,,,,False
2002-2003,2003,0020200319,20021213/DENIND,Final,2002-12-14,01:00,1610612754,IND,94,1610612743,DEN,72,,,,False
2002-2003,2003,0020200320,20021213/CLEBOS,Final,2002-12-14,01:30,1610612738,BOS,115,1610612739,CLE,100,,,,False
2002-2003,2003,0020200321,20021213/WASNJN,Final,2002-12-14,02:00,1610612751,NJN,79,1610612764,WAS,65,,,,False
2002-2003,2003,0020200322,20021213/NYKMIA,Final,2002-12-14,02:00,1610612748,MIA,92,1610612752,NYK,97,,,,False
2002-2003,2003,0020200323,20021213/HOUMEM,Final/OT,2002-12-14,02:00,1610612763,MEM,114,1610612745,HOU,109,,,,False
2002-2003,2003,0020200324,20021213/PORMIL,Final,2002-12-14,02:30,1610612749,MIL,101,1610612757,POR,79,,,,False
2002-2003,2003,0020200325,20021213/LACSAS,Final,2002-12-14,02:30,1610612759,SAS,97,1610612746,LAC,84,,,,False
2002-2003,2003,0020200326,20021213/NOHLAL,Final,2002-12-14,04:30,1610612747,LAL,82,1610612740,NOH,98,,,,False
2002-2003,2003,0020200327,20021214/PHXATL,Final,2002-12-15,01:00,1610612737,ATL,88,1610612756,PHX,102,,,,False
2002-2003,2003,0020200328,20021214/BOSNYK,Final,2002-12-15,01:30,1610612752,NYK,90,1610612738,BOS,113,,,,False
2002-2003,2003,0020200329,20021214/DENCLE,Final,2002-12-15,01:30,1610612739,CLE,111,1610612743,DEN,104,,,,False
2002-2003,2003,0020200330,20021214/SEADET,Final,2002-12-15,01:30,1610612765,DET,91,1610612760,SEA,78,,,,False
2002-2003,2003,0020200331,20021214/GSWMIA,Final,2002-12-15,02:00,1610612748,MIA,101,1610612744,GSW,92,,,,False
2002-2003,2003,0020200332,20021214/PORMIN,Final/OT,2002-12-15,02:00,1610612750,MIN,92,1610612757,POR,98,,,,False
2002-2003,2003,0020200334,20021214/MEMDAL,Final,2002-12-15,02:30,1610612742,DAL,104,1610612763,MEM,87,,,,False
2002-2003,2003,0020200335,20021214/LACHOU,Final,2002-12-15,02:30,1610612745,HOU,83,1610612746,LAC,94,,,,False
2002-2003,2003,0020200336,20021214/SACUTA,Final,2002-12-15,03:00,1610612762,UTA,96,1610612758,SAC,98,,,,False
2002-2003,2003,0020200333,20021214/MILCHI,Final,2002-12-15,02:30,1610612741,CHI,97,1610612749,MIL,95,,,,False
2002-2003,2003,0020200337,20021215/WASTOR,Final,2002-12-15,19:00,1610612761,TOR,82,1610612764,WAS,95,,,,False
2002-2003,2003,0020200338,20021215/PHIIND,Final,2002-12-15,23:00,1610612754,IND,107,1610612755,PHI,97,,,,False
2002-2003,2003,0020200339,20021215/NJNDET,Final,2002-12-16,00:00,1610612765,DET,101,1610612751,NJN,91,,,,False
2002-2003,2003,0020200340,20021215/NOHSAC,Final,2002-12-16,03:00,1610612758,SAC,107,1610612740,NOH,92,,,,False
2002-2003,2003,0020200341,20021215/ORLLAL,Final,2002-12-16,03:30,1610612747,LAL,107,1610612753,ORL,84,,,,False
2002-2003,2003,0020200342,20021216/DENPHI,Final,2002-12-17,01:00,1610612755,PHI,93,1610612743,DEN,71,,,,False
2002-2003,2003,0020200343,20021216/SEACLE,Final,2002-12-17,01:00,1610612739,CLE,98,1610612760,SEA,111,,,,False
2002-2003,2003,0020200344,20021216/HOUMIA,Final/OT,2002-12-17,01:30,1610612748,MIA,100,1610612745,HOU,105,,,,False
2002-2003,2003,0020200345,20021216/GSWMEM,Final,2002-12-17,02:00,1610612763,MEM,104,1610612744,GSW,91,,,,False
2002-2003,2003,0020200346,20021216/BOSCHI,Final,2002-12-17,02:30,1610612741,CHI,94,1610612738,BOS,83,,,,False
2002-2003,2003,0020200347,20021216/ORLPHX,Final,2002-12-17,03:00,1610612756,PHX,87,1610612753,ORL,84,,,,False
2002-2003,2003,0020200348,20021216/SASLAC,Final,2002-12-17,04:30,1610612746,LAC,91,1610612759,SAS,79,,,,False
2002-2003,2003,0020200349,20021217/NJNNYK,Final,2002-12-18,01:30,1610612752,NYK,101,1610612751,NJN,99,,,,False
2002-2003,2003,0020200350,20021217/WASATL,Final,2002-12-18,01:30,1610612737,ATL,99,1610612764,WAS,109,,,,False
2002-2003,2003,0020200351,20021217/TORMIL,Final/OT,2002-12-18,02:00,1610612749,MIL,117,1610612761,TOR,122,,,,False
2002-2003,2003,0020200352,20021217/LALMIN,Final,2002-12-18,02:00,1610612750,MIN,96,1610612747,LAL,80,,,,False
2002-2003,2003,0020200353,20021217/INDDAL,Final,2002-12-18,02:30,1610612742,DAL,118,1610612754,IND,97,,,,False
2002-2003,2003,0020200354,20021217/PHXSAC,Final,2002-12-18,04:00,1610612758,SAC,95,1610612756,PHX,86,,,,False
2002-2003,2003,0020200355,20021217/NOHPOR,Final,2002-12-18,04:00,1610612757,POR,102,1610612740,NOH,93,,,,False
2002-2003,2003,0020200356,20021218/MIABOS,Final,2002-12-19,01:00,1610612738,BOS,81,1610612748,MIA,91,,,,False
2002-2003,2003,0020200357,20021218/MINPHI,Final,2002-12-19,01:00,1610612755,PHI,99,1610612750,MIN,94,,,,False
2002-2003,2003,0020200358,20021218/MEMWAS,Final,2002-12-19,01:00,1610612764,WAS,118,1610612763,MEM,100,,,,False
2002-2003,2003,0020200359,20021218/DETCLE,Final/OT,2002-12-19,01:00,1610612739,CLE,106,1610612765,DET,111,,,,False
2002-2003,2003,0020200360,20021218/TORCHI,Final,2002-12-19,02:30,1610612741,CHI,96,1610612761,TOR,83,,,,False
2002-2003,2003,0020200361,20021218/INDHOU,Final,2002-12-19,03:00,1610612745,HOU,95,1610612754,IND,83,,,,False
2002-2003,2003,0020200363,20021218/ORLUTA,Final,2002-12-19,03:00,1610612762,UTA,90,1610612753,ORL,97,,,,False
2002-2003,2003,0020200364,20021218/SASSEA,Final,2002-12-19,04:00,1610612760,SEA,88,1610612759,SAS,91,,,,False
2002-2003,2003,0020200365,20021218/PORLAC,Final,2002-12-19,04:30,1610612746,LAC,93,1610612757,POR,97,,,,False
2002-2003,2003,0020200366,20021218/NOHGSW,Final,2002-12-19,04:30,1610612744,GSW,111,1610612740,NOH,106,,,,False
2002-2003,2003,0020200362,20021218/DALDEN,Final,2002-12-19,03:00,1610612743,DEN,75,1610612742,DAL,80,,,,False
2002-2003,2003,0020200367,20021219/LALNJN,Final,2002-12-20,01:30,1610612751,NJN,98,1610612747,LAL,71,,,,False
2002-2003,2003,0020200368,20021219/SASSAC,Final,2002-12-20,04:00,1610612758,SAC,81,1610612759,SAS,83,,,,False
2002-2003,2003,0020200369,20021220/MIATOR,Final,2002-12-21,01:00,1610612761,TOR,77,1610612748,MIA,97,,,,False
2002-2003,2003,0020200370,20021220/CHIIND,Final,2002-12-21,01:00,1610612754,IND,101,1610612741,CHI,86,,,,False
2002-2003,2003,0020200371,20021220/MINBOS,Final,2002-12-21,01:30,1610612738,BOS,108,1610612750,MIN,99,,,,False
2002-2003,2003,0020200372,20021220/LALPHI,Final/OT,2002-12-21,02:00,1610612755,PHI,107,1610612747,LAL,104,,,,False
2002-2003,2003,0020200373,20021220/CLEDET,Final/OT,2002-12-21,02:00,1610612765,DET,109,1610612739,CLE,107,,,,False
2002-2003,2003,0020200374,20021220/MILMEM,Final,2002-12-21,02:00,1610612763,MEM,95,1610612749,MIL,84,,,,False
2002-2003,2003,0020200375,20021220/UTADAL,Final,2002-12-21,02:30,1610612742,DAL,81,1610612762,UTA,93,,,,False
2002-2003,2003,0020200376,20021220/ATLHOU,Final,2002-12-21,02:30,1610612745,HOU,101,1610612737,ATL,82,,,,False
2002-2003,2003,0020200377,20021220/ORLDEN,Final,2002-12-21,03:00,1610612743,DEN,80,1610612753,ORL,89,,,,False
2002-2003,2003,0020200378,20021220/NOHSEA,Final/OT,2002-12-21,04:00,1610612760,SEA,86,1610612740,NOH,88,,,,False
2002-2003,2003,0020200379,20021220/PHXLAC,Final,2002-12-21,04:30,1610612746,LAC,76,1610612756,PHX,87,,,,False
2002-2003,2003,0020200380,20021220/PORGSW,Final,2002-12-21,04:30,1610612744,GSW,111,1610612757,POR,113,,,,False
2002-2003,2003,0020200381,20021221/PHIATL,Final,2002-12-22,01:00,1610612737,ATL,79,1610612755,PHI,77,,,,False
2002-2003,2003,0020200382,20021221/BOSCLE,Final,2002-12-22,01:30,1610612739,CLE,82,1610612738,BOS,89,,,,False
2002-2003,2003,0020200383,20021221/DETNJN,Final,2002-12-22,02:00,1610612751,NJN,100,1610612765,DET,92,,,,False
2002-2003,2003,0020200384,20021221/HOUMIN,Final,2002-12-22,02:00,1610612750,MIN,98,1610612745,HOU,86,,,,False
2002-2003,2003,0020200385,20021221/INDCHI,Final,2002-12-22,02:30,1610612741,CHI,110,1610612754,IND,103,,,,False
2002-2003,2003,0020200386,20021221/NYKMIL,Final,2002-12-22,02:30,1610612749,MIL,94,1610612752,NYK,90,,,,False
2002-2003,2003,0020200387,20021221/WASSAS,Final,2002-12-22,02:30,1610612759,SAS,92,1610612764,WAS,81,,,,False
2002-2003,2003,0020200388,20021221/SACPHX,Final,2002-12-22,03:00,1610612756,PHX,110,1610612758,SAC,101,,,,False
2002-2003,2003,0020200389,20021221/SEAPOR,Final,2002-12-22,04:00,1610612757,POR,81,1610612760,SEA,80,,,,False
2002-2003,2003,0020200390,20021221/DENLAC,Final,2002-12-22,04:30,1610612746,LAC,92,1610612743,DEN,89,,,,False
2002-2003,2003,0020200391,20021222/UTAMEM,Final,2002-12-22,22:00,1610612763,MEM,74,1610612762,UTA,103,,,,False
2002-2003,2003,0020200392,20021222/LALTOR,Final/OT,2002-12-22,23:00,1610612761,TOR,107,1610612747,LAL,109,,,,False
2002-2003,2003,0020200393,20021222/MIANYK,Final,2002-12-23,01:00,1610612752,NYK,84,1610612748,MIA,92,,,,False
2002-2003,2003,0020200394,20021222/GSWSAC,Final,2002-12-23,03:00,1610612758,SAC,103,1610612744,GSW,88,,,,False
2002-2003,2003,0020200299,20021223/ATLIND,Final,2002-12-24,01:00,1610612754,IND,112,1610612737,ATL,97,,,,False
2002-2003,2003,0020200395,20021223/MILORL,Final,2002-12-24,01:00,1610612753,ORL,103,1610612749,MIL,108,,,,False
2002-2003,2003,0020200396,20021223/MIACLE,Final,2002-12-24,01:00,1610612739,CLE,74,1610612748,MIA,72,,,,False
2002-2003,2003,0020200397,20021223/CHINJN,Final,2002-12-24,01:30,1610612751,NJN,99,1610612741,CHI,83,,,,False
2002-2003,2003,0020200398,20021223/WASDAL,Final,2002-12-24,02:30,1610612742,DAL,92,1610612764,WAS,86,,,,False
2002-2003,2003,0020200400,20021223/NOHSAS,Final/OT,2002-12-24,02:30,1610612759,SAS,99,1610612740,NOH,94,,,,False
2002-2003,2003,0020200401,20021223/SEAPHX,Final,2002-12-24,03:00,1610612756,PHX,89,1610612760,SEA,88,,,,False
2002-2003,2003,0020200399,20021223/UTAHOU,Final,2002-12-24,02:30,1610612745,HOU,91,1610612762,UTA,96,,,,False
2002-2003,2003,0020200402,20021225/DETORL,Final,2002-12-25,20:00,1610612753,ORL,104,1610612765,DET,99,,,,False
2002-2003,2003,0020200403,20021225/BOSNJN,Final,2002-12-26,00:00,1610612751,NJN,117,1610612738,BOS,81,,,,False
2002-2003,2003,0020200404,20021225/SACLAL,Final,2002-12-26,02:30,1610612747,LAL,99,1610612758,SAC,105,,,,False
2002-2003,2003,0020200405,20021226/DETWAS,Final,2002-12-27,01:30,1610612764,WAS,82,1610612765,DET,87,,,,False
2002-2003,2003,0020200406,20021226/DALNOH,Final,2002-12-27,02:30,1610612740,NOH,81,1610612742,DAL,83,,,,False
2002-2003,2003,0020200407,20021226/TORSEA,Final,2002-12-27,04:00,1610612760,SEA,97,1610612761,TOR,88,,,,False
2002-2003,2003,0020200409,20021227/SASATL,Final,2002-12-28,01:30,1610612737,ATL,81,1610612759,SAS,79,,,,False
2002-2003,2003,0020200410,20021227/INDCLE,Final,2002-12-28,01:30,1610612739,CLE,89,1610612754,IND,113,,,,False
2002-2003,2003,0020200408,20021227/MILNJN,Final,2002-12-28,02:00,1610612751,NJN,110,1610612749,MIL,90,,,,False
2002-2003,2003,0020200411,20021227/BOSMIA,Final,2002-12-28,02:00,1610612748,MIA,90,1610612738,BOS,70,,,,False
2002-2003,2003,0020200412,20021227/ORLMEM,Final,2002-12-28,02:00,1610612763,MEM,99,1610612753,ORL,86,,,,False
2002-2003,2003,0020200413,20021227/MINCHI,Final,2002-12-28,02:30,1610612741,CHI,100,1610612750,MIN,113,,,,False
2002-2003,2003,0020200414,20021227/NYKHOU,Final,2002-12-28,02:30,1610612745,HOU,83,1610612752,NYK,99,,,,False
2002-2003,2003,0020200415,20021227/LACPHX,Final,2002-12-28,03:00,1610612756,PHX,108,1610612746,LAC,95,,,,False
2002-2003,2003,0020200416,20021227/TORGSW,Final,2002-12-28,04:30,1610612744,GSW,101,1610612761,TOR,96,,,,False
2002-2003,2003,0020200417,20021227/UTAPOR,Final,2002-12-28,04:30,1610612757,POR,103,1610612762,UTA,98,,,,False
2002-2003,2003,0020200418,20021228/ATLWAS,Final,2002-12-29,01:00,1610612764,WAS,84,1610612737,ATL,76,,,,False
2002-2003,2003,0020200419,20021228/BOSORL,Final,2002-12-29,01:00,1610612753,ORL,101,1610612738,BOS,95,,,,False
2002-2003,2003,0020200420,20021228/NOHIND,Final,2002-12-29,01:00,1610612754,IND,91,1610612740,NOH,84,,,,False
2002-2003,2003,0020200421,20021228/MINDET,Final,2002-12-29,01:30,1610612765,DET,106,1610612750,MIN,82,,,,False
2002-2003,2003,0020200422,20021228/SASCHI,Final,2002-12-29,02:30,1610612741,CHI,95,1610612759,SAS,109,,,,False
2002-2003,2003,0020200423,20021228/NJNMIL,Final,2002-12-29,02:30,1610612749,MIL,96,1610612751,NJN,104,,,,False
2002-2003,2003,0020200424,20021228/NYKDAL,Final,2002-12-29,02:30,1610612742,DAL,107,1610612752,NYK,82,,,,False
2002-2003,2003,0020200425,20021228/LALDEN,Final,2002-12-29,03:00,1610612743,DEN,93,1610612747,LAL,112,,,,False
2002-2003,2003,0020200426,20021228/PHIUTA,Final,2002-12-29,03:00,1610612762,UTA,98,1610612755,PHI,69,,,,False
2002-2003,2003,0020200427,20021228/PORSAC,Final/OT,2002-12-29,04:00,1610612758,SAC,113,1610612757,POR,119,,,,False
2002-2003,2003,0020200428,20021228/GSWLAC,Final,2002-12-29,04:30,1610612746,LAC,92,1610612744,GSW,99,,,,False
2002-2003,2003,0020200429,20021229/PHXCLE,Final,2002-12-30,01:00,1610612739,CLE,84,1610612756,PHX,103,,,,False
2002-2003,2003,0020200430,20021229/NOHHOU,Final,2002-12-30,02:30,1610612745,HOU,97,1610612740,NOH,85,,,,False
2002-2003,2003,0020200431,20021229/TORLAL,Final,2002-12-30,03:30,1610612747,LAL,104,1610612761,TOR,88,,,,False
2002-2003,2003,0020200432,20021230/WASORL,Final,2002-12-31,01:00,1610612753,ORL,112,1610612764,WAS,95,,,,False
2002-2003,2003,0020200433,20021230/SASNYK,Final,2002-12-31,01:30,1610612752,NYK,96,1610612759,SAS,95,,,,False
2002-2003,2003,0020200434,20021230/CLENJN,Final,2002-12-31,01:30,1610612751,NJN,102,1610612739,CLE,88,,,,False
2002-2003,2003,0020200435,20021230/ATLMIA,Final,2002-12-31,01:30,1610612748,MIA,93,1610612737,ATL,84,,,,False
2002-2003,2003,0020200436,20021230/PORDET,Final,2002-12-31,01:30,1610612765,DET,74,1610612757,POR,85,,,,False
2002-2003,2003,0020200437,20021230/PHXMIN,Final,2002-12-31,02:00,1610612750,MIN,104,1610612756,PHX,98,,,,False
2002-2003,2003,0020200438,20021230/MILDAL,Final,2002-12-31,02:30,1610612742,DAL,107,1610612749,MIL,110,,,,False
2002-2003,2003,0020200439,20021230/SEADEN,Final,2002-12-31,03:00,1610612743,DEN,77,1610612760,SEA,79,,,,False
2002-2003,2003,0020200440,20021230/TORUTA,Final,2002-12-31,03:00,1610612762,UTA,107,1610612761,TOR,85,,,,False
2002-2003,2003,0020200441,20021230/PHIGSW,Final,2002-12-31,04:30,1610612744,GSW,104,1610612755,PHI,98,,,,False
2002-2003,2003,0020200442,20021231/MEMBOS,Final,2002-12-31,20:00,1610612738,BOS,96,1610612763,MEM,89,,,,False
2002-2003,2003,0020200444,20021231/SASWAS,Final,2003-01-01,02:00,1610612764,WAS,105,1610612759,SAS,103,,,,False
2002-2003,2003,0020200445,20021231/INDNOH,Final,2003-01-01,02:30,1610612740,NOH,86,1610612754,IND,89,,,,False
2002-2003,2003,0020200446,20021231/PHILAC,Final,2003-01-01,03:00,1610612746,LAC,75,1610612755,PHI,83,,,,False
2002-2003,2003,0020200447,20021231/MILHOU,Final,2003-01-01,04:00,1610612745,HOU,103,1610612749,MIL,80,,,,False
2002-2003,2003,0020200443,20021231/PORCHI,Final,2003-01-01,01:00,1610612741,CHI,102,1610612757,POR,87,,,,False
2002-2003,2003,0020200448,20030101/MIAATL,Final,2003-01-01,20:00,1610612737,ATL,73,1610612748,MIA,107,,,,False
2002-2003,2003,0020200449,20030101/TORNYK,Final,2003-01-02,01:00,1610612752,NYK,95,1610612761,TOR,75,,,,False
2002-2003,2003,0020200450,20030102/WASCHI,Final,2003-01-03,01:30,1610612741,CHI,82,1610612764,WAS,107,,,,False
2002-2003,2003,0020200451,20030102/LACDAL,Final,2003-01-03,02:30,1610612742,DAL,102,1610612746,LAC,92,,,,False
2002-2003,2003,0020200452,20030102/PHIPHX,Final,2003-01-03,04:00,1610612756,PHX,96,1610612755,PHI,78,,,,False
2002-2003,2003,0020200453,20030103/CLETOR,Final,2003-01-04,01:00,1610612761,TOR,80,1610612739,CLE,81,,,,False
2002-2003,2003,0020200454,20030103/PORBOS,Final,2003-01-04,02:00,1610612738,BOS,103,1610612757,POR,108,,,,False
2002-2003,2003,0020200455,20030103/INDNYK,Final,2003-01-04,02:00,1610612752,NYK,98,1610612754,IND,96,,,,False
2002-2003,2003,0020200456,20030103/NJNMIA,Final,2003-01-04,02:00,1610612748,MIA,80,1610612751,NJN,100,,,,False
2002-2003,2003,0020200458,20030103/LACMEM,Final,2003-01-04,02:00,1610612763,MEM,116,1610612746,LAC,111,,,,False
2002-2003,2003,0020200459,20030103/ORLNOH,Final,2003-01-04,02:30,1610612740,NOH,100,1610612753,ORL,89,,,,False
2002-2003,2003,0020200460,20030103/UTAMIL,Final,2003-01-04,02:30,1610612749,MIL,115,1610612762,UTA,118,,,,False
2002-2003,2003,0020200461,20030103/GSWSAS,Final,2003-01-04,02:30,1610612759,SAS,98,1610612744,GSW,95,,,,False
2002-2003,2003,0020200462,20030103/DENSEA,Final,2003-01-04,04:30,1610612760,SEA,82,1610612743,DEN,94,,,,False
2002-2003,2003,0020200463,20030104/PHIDAL,Final,2003-01-04,19:30,1610612742,DAL,102,1610612755,PHI,83,,,,False
2002-2003,2003,0020200464,20030104/INDWAS,Final/OT2,2003-01-05,01:00,1610612764,WAS,107,1610612754,IND,104,,,,False
2002-2003,2003,0020200465,20030104/NJNORL,Final,2003-01-05,01:00,1610612753,ORL,83,1610612751,NJN,88,,,,False
2002-2003,2003,0020200466,20030104/DETATL,Final,2003-01-05,01:00,1610612737,ATL,86,1610612765,DET,90,,,,False
2002-2003,2003,0020200467,20030104/UTAMIN,Final,2003-01-05,02:00,1610612750,MIN,97,1610612762,UTA,105,,,,False
2002-2003,2003,0020200468,20030104/CLECHI,Final,2003-01-05,02:30,1610612741,CHI,85,1610612739,CLE,79,,,,False
2002-2003,2003,0020200469,20030104/GSWHOU,Final,2003-01-05,02:30,1610612745,HOU,84,1610612744,GSW,86,,,,False
2002-2003,2003,0020200470,20030104/SACDEN,Final,2003-01-05,03:00,1610612743,DEN,76,1610612758,SAC,87,,,,False
2002-2003,2003,0020200471,20030104/LALPHX,Final,2003-01-05,03:00,1610612756,PHX,107,1610612747,LAL,93,,,,False
2002-2003,2003,0020200472,20030105/NOHTOR,Final,2003-01-05,21:30,1610612761,TOR,84,1610612740,NOH,99,,,,False
2002-2003,2003,0020200473,20030105/SASLAC,Final,2003-01-05,21:30,1610612746,LAC,86,1610612759,SAS,94,,,,False
2002-2003,2003,0020200474,20030105/PORNYK,Final,2003-01-06,01:00,1610612752,NYK,89,1610612757,POR,92,,,,False
2002-2003,2003,0020200475,20030105/MIASAC,Final,2003-01-06,03:00,1610612758,SAC,96,1610612748,MIA,70,,,,False
2002-2003,2003,0020200476,20030105/PHXLAL,Final,2003-01-06,03:30,1610612747,LAL,109,1610612756,PHX,97,,,,False
2002-2003,2003,0020200477,20030106/WASBOS,Final,2003-01-07,01:00,1610612738,BOS,95,1610612764,WAS,100,,,,False
2002-2003,2003,0020200478,20030106/INDPHI,Final/OT,2003-01-07,01:00,1610612755,PHI,104,1610612754,IND,105,,,,False
2002-2003,2003,0020200479,20030106/NYKORL,Final,2003-01-07,01:00,1610612753,ORL,103,1610612752,NYK,100,,,,False
2002-2003,2003,0020200480,20030106/MILCLE,Final,2003-01-07,01:00,1610612739,CLE,94,1610612749,MIL,106,,,,False
2002-2003,2003,0020200481,20030106/NJNATL,Final,2003-01-07,01:30,1610612737,ATL,94,1610612751,NJN,101,,,,False
2002-2003,2003,0020200482,20030106/TORDET,Final,2003-01-07,01:30,1610612765,DET,82,1610612761,TOR,74,,,,False
2002-2003,2003,0020200483,20030106/NOHMEM,Final,2003-01-07,02:00,1610612763,MEM,106,1610612740,NOH,102,,,,False
2002-2003,2003,0020200484,20030106/UTACHI,Final,2003-01-07,02:30,1610612741,CHI,113,1610612762,UTA,98,,,,False
2002-2003,2003,0020200485,20030106/DENDAL,Final,2003-01-07,02:30,1610612742,DAL,86,1610612743,DEN,71,,,,False
2002-2003,2003,0020200486,20030106/MIAGSW,Final,2003-01-07,04:30,1610612744,GSW,99,1610612748,MIA,85,,,,False
2002-2003,2003,0020200487,20030107/SACMIL,Final,2003-01-08,02:00,1610612749,MIL,76,1610612758,SAC,101,,,,False
2002-2003,2003,0020200488,20030107/MINHOU,Final,2003-01-08,02:30,1610612745,HOU,94,1610612750,MIN,86,,,,False
2002-2003,2003,0020200489,20030107/PHXPOR,Final,2003-01-08,04:00,1610612757,POR,81,1610612756,PHX,88,,,,False
2002-2003,2003,0020200490,20030107/SEALAL,Final,2003-01-08,04:30,1610612747,LAL,119,1610612760,SEA,98,,,,False
2002-2003,2003,0020200491,20030108/DETPHI,Final/OT,2003-01-09,01:00,1610612755,PHI,94,1610612765,DET,103,,,,False
2002-2003,2003,0020200492,20030108/CHIWAS,Final,2003-01-09,01:00,1610612764,WAS,101,1610612741,CHI,98,,,,False
2002-2003,2003,0020200493,20030108/HOUORL,Final,2003-01-09,01:00,1610612753,ORL,81,1610612745,HOU,91,,,,False
2002-2003,2003,0020200494,20030108/NYKIND,Final,2003-01-09,01:00,1610612754,IND,89,1610612752,NYK,87,,,,False
2002-2003,2003,0020200495,20030108/DALATL,Final,2003-01-09,01:30,1610612737,ATL,99,1610612742,DAL,117,,,,False
2002-2003,2003,0020200496,20030108/GSWMIN,Final,2003-01-09,02:00,1610612750,MIN,102,1610612744,GSW,95,,,,False
2002-2003,2003,0020200497,20030108/BOSNOH,Final,2003-01-09,03:00,1610612740,NOH,83,1610612738,BOS,93,,,,False
2002-2003,2003,0020200498,20030108/MIADEN,Final,2003-01-09,03:00,1610612743,DEN,86,1610612748,MIA,76,,,,False
2002-2003,2003,0020200499,20030108/PHXUTA,Final,2003-01-09,03:00,1610612762,UTA,99,1610612756,PHX,93,,,,False
2002-2003,2003,0020200500,20030108/SASSEA,Final,2003-01-09,04:00,1610612760,SEA,95,1610612759,SAS,106,,,,False
2002-2003,2003,0020200501,20030108/MEMLAC,Final,2003-01-09,04:30,1610612746,LAC,103,1610612763,MEM,95,,,,False
2002-2003,2003,0020200502,20030109/SACNJN,Final,2003-01-10,01:30,1610612751,NJN,82,1610612758,SAC,118,,,,False
2002-2003,2003,0020200503,20030109/SASPOR,Final,2003-01-10,04:00,1610612757,POR,90,1610612759,SAS,87,,,,False
2002-2003,2003,0020200504,20030110/NYKPHI,Final,2003-01-11,01:00,1610612755,PHI,112,1610612752,NYK,114,,,,False
2002-2003,2003,0020200505,20030110/GSWWAS,Final,2003-01-11,01:00,1610612764,WAS,99,1610612744,GSW,104,,,,False
2002-2003,2003,0020200506,20030110/INDORL,Final/OT,2003-01-11,01:00,1610612753,ORL,97,1610612754,IND,101,,,,False
2002-2003,2003,0020200507,20030110/NJNTOR,Final,2003-01-11,01:00,1610612761,TOR,79,1610612751,NJN,94,,,,False
2002-2003,2003,0020200508,20030110/HOUATL,Final,2003-01-11,01:30,1610612737,ATL,84,1610612745,HOU,75,,,,False
2002-2003,2003,0020200509,20030110/SACMIN,Final/OT,2003-01-11,02:00,1610612750,MIN,115,1610612758,SAC,109,,,,False
2002-2003,2003,0020200510,20030110/BOSDAL,Final,2003-01-11,02:00,1610612742,DAL,103,1610612738,BOS,78,,,,False
2002-2003,2003,0020200511,20030110/DETNOH,Final/OT,2003-01-11,02:30,1610612740,NOH,99,1610612765,DET,101,,,,False
2002-2003,2003,0020200512,20030110/CHIMIL,Final/OT,2003-01-11,02:30,1610612749,MIL,93,1610612741,CHI,85,,,,False
2002-2003,2003,0020200513,20030110/PORDEN,Final,2003-01-11,03:00,1610612743,DEN,82,1610612757,POR,81,,,,False
2002-2003,2003,0020200514,20030110/MIAUTA,Final,2003-01-11,03:00,1610612762,UTA,92,1610612748,MIA,76,,,,False
2002-2003,2003,0020200515,20030110/MEMPHX,Final,2003-01-11,03:00,1610612756,PHX,96,1610612763,MEM,90,,,,False
2002-2003,2003,0020200516,20030110/CLELAL,Final,2003-01-11,04:30,1610612747,LAL,115,1610612739,CLE,99,,,,False
2002-2003,2003,0020200517,20030110/LACSEA,Final,2003-01-11,04:30,1610612760,SEA,88,1610612746,LAC,90,,,,False
2002-2003,2003,0020200518,20030111/NOHATL,Final,2003-01-12,01:00,1610612737,ATL,87,1610612740,NOH,80,,,,False
2002-2003,2003,0020200519,20030111/GSWIND,Final,2003-01-12,01:00,1610612754,IND,116,1610612744,GSW,104,,,,False
2002-2003,2003,0020200520,20030111/WASNYK,Final,2003-01-12,01:30,1610612752,NYK,84,1610612764,WAS,89,,,,False
2002-2003,2003,0020200521,20030111/MILDET,Final,2003-01-12,01:30,1610612765,DET,87,1610612749,MIL,89,,,,False
2002-2003,2003,0020200522,20030111/DENHOU,Final,2003-01-12,02:30,1610612745,HOU,87,1610612743,DEN,85,,,,False
2002-2003,2003,0020200523,20030112/MINTOR,Final,2003-01-12,18:30,1610612761,TOR,105,1610612750,MIN,91,,,,False
2002-2003,2003,0020200524,20030112/DALLAC,Final,2003-01-12,21:30,1610612746,LAC,90,1610612742,DAL,96,,,,False
2002-2003,2003,0020200525,20030112/ORLPHI,Final,2003-01-13,01:00,1610612755,PHI,105,1610612753,ORL,107,,,,False
2002-2003,2003,0020200526,20030112/BOSSAS,Final,2003-01-13,01:00,1610612759,SAS,81,1610612738,BOS,80,,,,False
2002-2003,2003,0020200527,20030112/UTAPHX,Final,2003-01-13,02:00,1610612756,PHX,107,1610612762,UTA,99,,,,False
2002-2003,2003,0020200528,20030112/MEMSAC,Final,2003-01-13,03:00,1610612758,SAC,106,1610612763,MEM,98,,,,False
2002-2003,2003,0020200529,20030112/CLESEA,Final,2003-01-13,03:00,1610612760,SEA,79,1610612739,CLE,87,,,,False
2002-2003,2003,0020200530,20030112/MIALAL,Final,2003-01-13,03:30,1610612747,LAL,106,1610612748,MIA,81,,,,False
2002-2003,2003,0020200531,20030113/DETORL,Final,2003-01-14,01:00,1610612753,ORL,86,1610612765,DET,101,,,,False
2002-2003,2003,0020200532,20030113/DENMIN,Final,2003-01-14,02:00,1610612750,MIN,89,1610612743,DEN,75,,,,False
2002-2003,2003,0020200533,20030113/NYKCHI,Final,2003-01-14,02:30,1610612741,CHI,101,1610612752,NYK,94,,,,False
2002-2003,2003,0020200534,20030113/BOSHOU,Final,2003-01-14,02:30,1610612745,HOU,101,1610612738,BOS,92,,,,False
2002-2003,2003,0020200535,20030113/CLEPOR,Final,2003-01-14,04:00,1610612757,POR,118,1610612739,CLE,94,,,,False
2002-2003,2003,0020200536,20030113/MEMGSW,Final,2003-01-14,04:30,1610612744,GSW,108,1610612763,MEM,110,,,,False
2002-2003,2003,0020200537,20030114/TORWAS,Final,2003-01-15,01:00,1610612764,WAS,75,1610612761,TOR,84,,,,False
2002-2003,2003,0020200538,20030114/CHINYK,Final,2003-01-15,01:30,1610612752,NYK,98,1610612741,CHI,86,,,,False
2002-2003,2003,0020200539,20030114/DETMIA,Final,2003-01-15,01:30,1610612748,MIA,88,1610612765,DET,85,,,,False
2002-2003,2003,0020200540,20030114/ATLMIL,Final,2003-01-15,02:00,1610612749,MIL,97,1610612737,ATL,88,,,,False
2002-2003,2003,0020200541,20030114/PHXSAS,Final/OT,2003-01-15,02:30,1610612759,SAS,108,1610612756,PHX,100,,,,False
2002-2003,2003,0020200542,20030115/ATLBOS,Final,2003-01-16,01:00,1610612738,BOS,86,1610612737,ATL,66,,,,False
2002-2003,2003,0020200543,20030115/NJNPHI,Final,2003-01-16,01:00,1610612755,PHI,108,1610612751,NJN,107,,,,False
2002-2003,2003,0020200544,20030115/MILTOR,Final,2003-01-16,01:00,1610612761,TOR,87,1610612749,MIL,99,,,,False
2002-2003,2003,0020200545,20030115/MIAIND,Final,2003-01-16,01:00,1610612754,IND,104,1610612748,MIA,81,,,,False
2002-2003,2003,0020200546,20030115/LALNOH,Final,2003-01-16,02:30,1610612740,NOH,82,1610612747,LAL,90,,,,False
2002-2003,2003,0020200547,20030115/PHXHOU,Final,2003-01-16,02:30,1610612745,HOU,102,1610612756,PHX,96,,,,False
2002-2003,2003,0020200548,20030115/UTADEN,Final,2003-01-16,03:00,1610612743,DEN,81,1610612762,UTA,92,,,,False
2002-2003,2003,0020200549,20030115/DALSAC,Final,2003-01-16,03:00,1610612758,SAC,123,1610612742,DAL,94,,,,False
2002-2003,2003,0020200550,20030115/MEMPOR,Final,2003-01-16,04:00,1610612757,POR,100,1610612763,MEM,92,,,,False
2002-2003,2003,0020200551,20030115/MINLAC,Final,2003-01-16,04:30,1610612746,LAC,64,1610612750,MIN,95,,,,False
2002-2003,2003,0020200552,20030115/CLEGSW,Final,2003-01-16,04:30,1610612744,GSW,108,1610612739,CLE,80,,,,False
2002-2003,2003,0020200553,20030116/ORLWAS,Final,2003-01-17,01:30,1610612764,WAS,108,1610612753,ORL,93,,,,False
2002-2003,2003,0020200554,20030116/SEAUTA,Final,2003-01-17,04:00,1610612762,UTA,92,1610612760,SEA,85,,,,False
2002-2003,2003,0020200555,20030117/MILPHI,Final,2003-01-18,01:00,1610612755,PHI,95,1610612749,MIL,99,,,,False
2002-2003,2003,0020200556,20030117/INDBOS,Final,2003-01-18,01:30,1610612738,BOS,98,1610612754,IND,93,,,,False
2002-2003,2003,0020200557,20030117/TORNJN,Final,2003-01-18,01:30,1610612751,NJN,88,1610612761,TOR,77,,,,False
2002-2003,2003,0020200558,20030117/NYKDET,Final,2003-01-18,02:00,1610612765,DET,99,1610612752,NYK,82,,,,False
2002-2003,2003,0020200559,20030117/CHINOH,Final,2003-01-18,02:30,1610612740,NOH,90,1610612741,CHI,83,,,,False
2002-2003,2003,0020200560,20030117/ATLSAS,Final,2003-01-18,02:30,1610612759,SAS,106,1610612737,ATL,93,,,,False
2002-2003,2003,0020200561,20030117/CLEDEN,Final,2003-01-18,03:00,1610612743,DEN,97,1610612739,CLE,80,,,,False
2002-2003,2003,0020200562,20030117/DALPHX,Final,2003-01-18,03:00,1610612756,PHX,111,1610612742,DAL,106,,,,False
2002-2003,2003,0020200563,20030117/LALHOU,Final/OT,2003-01-18,03:30,1610612745,HOU,108,1610612747,LAL,104,,,,False
2002-2003,2003,0020200564,20030117/MEMSEA,Final/OT,2003-01-18,04:00,1610612760,SEA,103,1610612763,MEM,97,,,,False
2002-2003,2003,0020200565,20030117/MINGSW,Final,2003-01-18,04:30,1610612744,GSW,107,1610612750,MIN,98,,,,False
2002-2003,2003,0020200566,20030118/PHIWAS,Final,2003-01-19,01:00,1610612764,WAS,80,1610612755,PHI,88,,,,False
2002-2003,2003,0020200567,20030118/NYKATL,Final,2003-01-19,01:00,1610612737,ATL,92,1610612752,NYK,95,,,,False
2002-2003,2003,0020200568,20030118/DETIND,Final,2003-01-19,01:00,1610612754,IND,88,1610612765,DET,86,,,,False
2002-2003,2003,0020200569,20030118/CHIMIA,Final/OT2,2003-01-19,02:00,1610612748,MIA,102,1610612741,CHI,101,,,,False
2002-2003,2003,0020200570,20030118/BOSMIL,Final,2003-01-19,02:30,1610612749,MIL,95,1610612738,BOS,97,,,,False
2002-2003,2003,0020200571,20030118/CLEUTA,Final,2003-01-19,03:00,1610612762,UTA,95,1610612739,CLE,78,,,,False
2002-2003,2003,0020200572,20030118/MINPOR,Final,2003-01-19,04:00,1610612757,POR,98,1610612750,MIN,104,,,,False
2002-2003,2003,0020200573,20030118/SACLAC,Final,2003-01-19,04:30,1610612746,LAC,112,1610612758,SAC,107,,,,False
2002-2003,2003,0020200574,20030119/ORLTOR,Final,2003-01-19,18:30,1610612761,TOR,93,1610612753,ORL,101,,,,False
2002-2003,2003,0020200575,20030119/DALSEA,Final,2003-01-20,03:00,1610612760,SEA,85,1610612742,DAL,81,,,,False
2002-2003,2003,0020200578,20030120/CHIATL,Final,2003-01-20,18:00,1610612737,ATL,102,1610612741,CHI,115,,,,False
2002-2003,2003,0020200576,20030120/MIANYK,Final,2003-01-20,19:00,1610612752,NYK,72,1610612748,MIA,65,,,,False
2002-2003,2003,0020200577,20030120/DENWAS,Final,2003-01-20,19:00,1610612764,WAS,89,1610612743,DEN,74,,,,False
2002-2003,2003,0020200579,20030120/INDDET,Final,2003-01-20,21:00,1610612765,DET,88,1610612754,IND,78,,,,False
2002-2003,2003,0020200580,20030120/PHXNOH,Final,2003-01-20,21:30,1610612740,NOH,114,1610612756,PHX,102,,,,False
2002-2003,2003,0020200582,20030120/SACGSW,Final,2003-01-20,22:00,1610612744,GSW,80,1610612758,SAC,102,,,,False
2002-2003,2003,0020200581,20030120/HOUSAS,Final,2003-01-20,23:00,1610612759,SAS,87,1610612745,HOU,82,,,,False
2002-2003,2003,0020200583,20030120/TORMIN,Final,2003-01-20,23:00,1610612750,MIN,89,1610612761,TOR,81,,,,False
2002-2003,2003,0020200584,20030120/PORMEM,Final,2003-01-20,23:00,1610612763,MEM,87,1610612757,POR,99,,,,False
2002-2003,2003,0020200585,20030120/BOSPHI,Final,2003-01-21,01:30,1610612755,PHI,99,1610612738,BOS,100,,,,False
2002-2003,2003,0020200586,20030120/NJNUTA,Final/OT,2003-01-21,03:00,1610612762,UTA,106,1610612751,NJN,103,,,,False
2002-2003,2003,0020200587,20030120/LACLAL,Final,2003-01-21,04:00,1610612747,LAL,96,1610612746,LAC,92,,,,False
2002-2003,2003,0020200588,20030121/ORLCLE,Final,2003-01-22,01:00,1610612739,CLE,94,1610612753,ORL,103,,,,False
2002-2003,2003,0020200589,20030121/HOUDAL,Final,2003-01-22,02:30,1610612742,DAL,107,1610612745,HOU,86,,,,False
2002-2003,2003,0020200590,20030121/NJNSAC,Final,2003-01-22,04:00,1610612758,SAC,109,1610612751,NJN,102,,,,False
2002-2003,2003,0020200591,20030122/MILBOS,Final,2003-01-23,01:00,1610612738,BOS,97,1610612749,MIL,106,,,,False
2002-2003,2003,0020200592,20030122/CHIORL,Final,2003-01-23,01:00,1610612753,ORL,94,1610612741,CHI,91,,,,False
2002-2003,2003,0020200593,20030122/TORIND,Final,2003-01-23,01:00,1610612754,IND,101,1610612761,TOR,98,,,,False
2002-2003,2003,0020200594,20030122/DENNYK,Final,2003-01-23,01:30,1610612752,NYK,97,1610612743,DEN,88,,,,False
2002-2003,2003,0020200595,20030122/PHXMIA,Final,2003-01-23,01:30,1610612748,MIA,92,1610612756,PHX,85,,,,False
2002-2003,2003,0020200596,20030122/PORATL,Final/OT2,2003-01-23,01:30,1610612737,ATL,110,1610612757,POR,112,,,,False
2002-2003,2003,0020200597,20030122/PHIDET,Final,2003-01-23,01:30,1610612765,DET,83,1610612755,PHI,92,,,,False
2002-2003,2003,0020200598,20030122/SEAMIN,Final,2003-01-23,02:00,1610612750,MIN,96,1610612760,SEA,91,,,,False
2002-2003,2003,0020200599,20030122/MEMSAS,Final,2003-01-23,02:30,1610612759,SAS,93,1610612763,MEM,98,,,,False
2002-2003,2003,0020200600,20030122/WASNOH,Final,2003-01-23,03:00,1610612740,NOH,103,1610612764,WAS,94,,,,False
2002-2003,2003,0020200601,20030122/LACUTA,Final,2003-01-23,03:00,1610612762,UTA,89,1610612746,LAC,96,,,,False
2002-2003,2003,0020200602,20030122/GSWLAL,Final,2003-01-23,04:30,1610612747,LAL,110,1610612744,GSW,114,,,,False
2002-2003,2003,0020200603,20030123/DALPHI,Final,2003-01-24,01:30,1610612755,PHI,94,1610612742,DAL,107,,,,False
2002-2003,2003,0020200604,20030123/SACMEM,Final,2003-01-24,02:00,1610612763,MEM,98,1610612758,SAC,104,,,,False
2002-2003,2003,0020200605,20030123/NJNGSW,Final,2003-01-24,04:00,1610612744,GSW,105,1610612751,NJN,97,,,,False
2002-2003,2003,0020200606,20030124/DALNYK,Final,2003-01-25,01:00,1610612752,NYK,90,1610612742,DAL,101,,,,False
2002-2003,2003,0020200607,20030124/PHXORL,Final,2003-01-25,01:00,1610612753,ORL,107,1610612756,PHX,110,,,,False
2002-2003,2003,0020200608,20030124/SEAIND,Final,2003-01-25,01:00,1610612754,IND,93,1610612760,SEA,80,,,,False
2002-2003,2003,0020200609,20030124/DENBOS,Final,2003-01-25,01:30,1610612738,BOS,77,1610612743,DEN,58,,,,False
2002-2003,2003,0020200610,20030124/SACATL,Final,2003-01-25,01:30,1610612737,ATL,115,1610612758,SAC,104,,,,False
2002-2003,2003,0020200611,20030124/LACMIN,Final,2003-01-25,02:00,1610612750,MIN,88,1610612746,LAC,85,,,,False
2002-2003,2003,0020200613,20030124/WASCHI,Final,2003-01-25,02:00,1610612741,CHI,104,1610612764,WAS,97,,,,False
2002-2003,2003,0020200612,20030124/PORNOH,Final/OT,2003-01-25,02:30,1610612740,NOH,96,1610612757,POR,97,,,,False
2002-2003,2003,0020200614,20030124/DETHOU,Final,2003-01-25,02:30,1610612745,HOU,74,1610612765,DET,98,,,,False
2002-2003,2003,0020200615,20030124/SASUTA,Final,2003-01-25,03:00,1610612762,UTA,90,1610612759,SAS,91,,,,False
2002-2003,2003,0020200616,20030124/NJNLAL,Final,2003-01-25,04:30,1610612747,LAL,83,1610612751,NJN,89,,,,False
2002-2003,2003,0020200617,20030125/PHIMIA,Final,2003-01-25,21:00,1610612748,MIA,91,1610612755,PHI,97,,,,False
2002-2003,2003,0020200618,20030125/MINWAS,Final,2003-01-26,01:00,1610612764,WAS,89,1610612750,MIN,97,,,,False
2002-2003,2003,0020200619,20030125/ATLCLE,Final/OT,2003-01-26,01:30,1610612739,CLE,101,1610612737,ATL,102,,,,False
2002-2003,2003,0020200620,20030125/SEAMEM,Final,2003-01-26,02:00,1610612763,MEM,83,1610612760,SEA,95,,,,False
2002-2003,2003,0020200621,20030125/DENMIL,Final,2003-01-26,02:30,1610612749,MIL,88,1610612743,DEN,75,,,,False
2002-2003,2003,0020200622,20030125/DETSAS,Final,2003-01-26,02:30,1610612759,SAS,108,1610612765,DET,76,,,,False
2002-2003,2003,0020200623,20030125/UTAGSW,Final,2003-01-26,04:30,1610612744,GSW,108,1610612762,UTA,95,,,,False
2002-2003,2003,0020200628,20030126/SACTOR,Final,2003-01-26,18:30,1610612761,TOR,101,1610612758,SAC,97,,,,False
2002-2003,2003,0020200624,20030126/ORLBOS,Final,2003-01-26,19:00,1610612738,BOS,91,1610612753,ORL,83,,,,False
2002-2003,2003,0020200625,20030126/PHXNYK,Final,2003-01-26,19:00,1610612752,NYK,106,1610612756,PHX,98,,,,False
2002-2003,2003,0020200626,20030126/LACIND,Final,2003-01-26,19:00,1610612754,IND,108,1610612746,LAC,101,,,,False
2002-2003,2003,0020200627,20030126/HOUCHI,Final,2003-01-26,19:00,1610612741,CHI,100,1610612745,HOU,98,,,,False
2002-2003,2003,0020200629,20030126/PORDAL,Final,2003-01-26,20:00,1610612742,DAL,93,1610612757,POR,100,,,,False
2002-2003,2003,0020200630,20030127/PHXWAS,Final,2003-01-28,01:00,1610612764,WAS,98,1610612756,PHX,93,,,,False
2002-2003,2003,0020200631,20030127/LACCLE,Final,2003-01-28,01:00,1610612739,CLE,104,1610612746,LAC,100,,,,False
2002-2003,2003,0020200632,20030127/INDMIA,Final,2003-01-28,01:30,1610612748,MIA,95,1610612754,IND,102,,,,False
2002-2003,2003,0020200633,20030127/SASMIN,Final,2003-01-28,02:00,1610612750,MIN,106,1610612759,SAS,95,,,,False
2002-2003,2003,0020200634,20030127/HOUMEM,Final,2003-01-28,02:00,1610612763,MEM,95,1610612745,HOU,100,,,,False
2002-2003,2003,0020200635,20030127/MILNOH,Final,2003-01-28,02:30,1610612740,NOH,93,1610612749,MIL,108,,,,False
2002-2003,2003,0020200636,20030127/NJNDEN,Final,2003-01-28,03:00,1610612743,DEN,66,1610612751,NJN,92,,,,False
2002-2003,2003,0020200637,20030128/ATLNYK,Final,2003-01-29,01:30,1610612752,NYK,103,1610612737,ATL,98,,,,False
2002-2003,2003,0020200638,20030128/BOSDET,Final,2003-01-29,01:30,1610612765,DET,86,1610612738,BOS,83,,,,False
2002-2003,2003,0020200639,20030128/PHIMIL,Final,2003-01-29,02:00,1610612749,MIL,81,1610612755,PHI,108,,,,False
2002-2003,2003,0020200640,20030128/UTASAC,Final,2003-01-29,04:00,1610612758,SAC,92,1610612762,UTA,102,,,,False
2002-2003,2003,0020200641,20030128/DENPOR,Final,2003-01-29,04:00,1610612757,POR,98,1610612743,DEN,92,,,,False
2002-2003,2003,0020200642,20030128/GSWSEA,Final,2003-01-29,04:00,1610612760,SEA,91,1610612744,GSW,88,,,,False
2002-2003,2003,0020200643,20030129/ATLPHI,Final,2003-01-30,01:00,1610612755,PHI,83,1610612737,ATL,97,,,,False
2002-2003,2003,0020200644,20030129/CLEORL,Final,2003-01-30,01:00,1610612753,ORL,113,1610612739,CLE,108,,,,False
2002-2003,2003,0020200645,20030129/SASIND,Final,2003-01-30,01:00,1610612754,IND,97,1610612759,SAS,106,,,,False
2002-2003,2003,0020200646,20030129/WASNJN,Final,2003-01-30,01:30,1610612751,NJN,86,1610612764,WAS,78,,,,False
2002-2003,2003,0020200647,20030129/NYKMIA,Final,2003-01-30,01:30,1610612748,MIA,82,1610612752,NYK,80,,,,False
2002-2003,2003,0020200648,20030129/TORNOH,Final,2003-01-30,02:30,1610612740,NOH,104,1610612761,TOR,83,,,,False
2002-2003,2003,0020200649,20030129/DALHOU,Final,2003-01-30,03:00,1610612745,HOU,81,1610612742,DAL,104,,,,False
2002-2003,2003,0020200650,20030129/PORUTA,Final,2003-01-30,03:00,1610612762,UTA,95,1610612757,POR,71,,,,False
2002-2003,2003,0020200651,20030129/LALPHX,Final,2003-01-30,03:00,1610612756,PHX,90,1610612747,LAL,99,,,,False
2002-2003,2003,0020200652,20030129/CHILAC,Final,2003-01-30,04:30,1610612746,LAC,77,1610612741,CHI,75,,,,False
2002-2003,2003,0020200653,20030130/MINDAL,Final,2003-01-31,01:30,1610612742,DAL,112,1610612750,MIN,109,,,,False
2002-2003,2003,0020200654,20030130/WASMIL,Final,2003-01-31,02:00,1610612749,MIL,97,1610612764,WAS,90,,,,False
2002-2003,2003,0020200655,20030130/SACSEA,Final,2003-01-31,04:00,1610612760,SEA,77,1610612758,SAC,95,,,,False
2002-2003,2003,0020200656,20030131/MIAPHI,Final,2003-02-01,01:00,1610612755,PHI,104,1610612748,MIA,99,,,,False
2002-2003,2003,0020200657,20030131/INDTOR,Final,2003-02-01,01:00,1610612761,TOR,102,1610612754,IND,90,,,,False
2002-2003,2003,0020200658,20030131/DETBOS,Final,2003-02-01,01:30,1610612738,BOS,66,1610612765,DET,118,,,,False
2002-2003,2003,0020200659,20030131/NOHNJN,Final,2003-02-01,01:30,1610612751,NJN,89,1610612740,NOH,72,,,,False
2002-2003,2003,0020200660,20030131/CLEATL,Final,2003-02-01,01:30,1610612737,ATL,96,1610612739,CLE,91,,,,False
2002-2003,2003,0020200661,20030131/SASORL,Final,2003-02-01,02:00,1610612753,ORL,108,1610612759,SAS,109,,,,False
2002-2003,2003,0020200662,20030131/NYKMEM,Final,2003-02-01,02:00,1610612763,MEM,102,1610612752,NYK,108,,,,False
2002-2003,2003,0020200663,20030131/MINHOU,Final,2003-02-01,02:30,1610612745,HOU,121,1610612750,MIN,101,,,,False
2002-2003,2003,0020200664,20030131/GSWUTA,Final,2003-02-01,03:00,1610612762,UTA,102,1610612744,GSW,94,,,,False
2002-2003,2003,0020200666,20030131/PHXLAC,Final,2003-02-01,04:30,1610612746,LAC,92,1610612756,PHX,98,,,,False
2002-2003,2003,0020200667,20030131/LALSAC,Final,2003-02-01,04:30,1610612758,SAC,113,1610612747,LAL,124,,,,False
2002-2003,2003,0020200665,20030131/CHIPOR,Final,2003-02-01,04:00,1610612757,POR,107,1610612741,CHI,94,,,,False
2002-2003,2003,0020200668,20030201/NOHWAS,Final,2003-02-02,01:00,1610612764,WAS,109,1610612740,NOH,104,,,,False
2002-2003,2003,0020200669,20030201/BOSIND,Final,2003-02-02,01:00,1610612754,IND,109,1610612738,BOS,100,,,,False
2002-2003,2003,0020200670,20030201/NJNDET,Final,2003-02-02,01:30,1610612765,DET,106,1610612751,NJN,84,,,,False
2002-2003,2003,0020200671,20030201/SASMIA,Final,2003-02-02,02:00,1610612748,MIA,65,1610612759,SAS,67,,,,False
2002-2003,2003,0020200672,20030201/NYKMIL,Final,2003-02-02,02:30,1610612749,MIL,107,1610612752,NYK,100,,,,False
2002-2003,2003,0020200673,20030201/DENDAL,Final,2003-02-02,02:30,1610612742,DAL,122,1610612743,DEN,100,,,,False
2002-2003,2003,0020200674,20030201/GSWPHX,Final,2003-02-02,03:00,1610612756,PHX,116,1610612744,GSW,107,,,,False
2002-2003,2003,0020200675,20030201/CHISEA,Final,2003-02-02,04:00,1610612760,SEA,90,1610612741,CHI,77,,,,False
2002-2003,2003,0020200676,20030201/UTALAL,Final,2003-02-02,04:30,1610612747,LAL,99,1610612762,UTA,87,,,,False
2002-2003,2003,0020200677,20030202/PORCLE,Final,2003-02-02,19:00,1610612739,CLE,95,1610612757,POR,114,,,,False
2002-2003,2003,0020200678,20030202/LACTOR,Final,2003-02-02,19:30,1610612761,TOR,100,1610612746,LAC,86,,,,False
2002-2003,2003,0020200679,20030202/ORLATL,Final,2003-02-02,20:00,1610612737,ATL,97,1610612753,ORL,89,,,,False
2002-2003,2003,0020200680,20030202/PHIMIN,Final,2003-02-02,21:30,1610612750,MIN,99,1610612755,PHI,91,,,,False
2002-2003,2003,0020200681,20030202/SACHOU,Final,2003-02-02,22:00,1610612745,HOU,105,1610612758,SAC,89,,,,False
2002-2003,2003,0020200682,20030202/MEMDEN,Final,2003-02-03,03:30,1610612743,DEN,93,1610612763,MEM,78,,,,False
2002-2003,2003,0020200683,20030203/SEANJN,Final/OT,2003-02-04,01:30,1610612751,NJN,109,1610612760,SEA,108,,,,False
2002-2003,2003,0020200684,20030203/ATLMIA,Final,2003-02-04,01:30,1610612748,MIA,99,1610612737,ATL,79,,,,False
2002-2003,2003,0020200685,20030203/BOSNOH,Final,2003-02-04,02:30,1610612740,NOH,103,1610612738,BOS,96,,,,False
2002-2003,2003,0020200686,20030203/DALUTA,Final,2003-02-04,03:00,1610612762,UTA,90,1610612742,DAL,92,,,,False
2002-2003,2003,0020200687,20030203/CHIPHX,Final/OT,2003-02-04,03:00,1610612756,PHX,115,1610612741,CHI,111,,,,False
2002-2003,2003,0020200688,20030203/MEMGSW,Final,2003-02-04,04:30,1610612744,GSW,101,1610612763,MEM,91,,,,False
2002-2003,2003,0020200689,20030204/CLEWAS,Final,2003-02-05,01:00,1610612764,WAS,93,1610612739,CLE,84,,,,False
2002-2003,2003,0020200690,20030204/PORORL,Final,2003-02-05,01:00,1610612753,ORL,89,1610612757,POR,96,,,,False
2002-2003,2003,0020200691,20030204/LALIND,Final,2003-02-05,01:00,1610612754,IND,94,1610612747,LAL,97,,,,False
2002-2003,2003,0020200692,20030204/LACNYK,Final,2003-02-05,01:30,1610612752,NYK,105,1610612746,LAC,92,,,,False
2002-2003,2003,0020200693,20030204/TORMIL,Final,2003-02-05,02:00,1610612749,MIL,95,1610612761,TOR,98,,,,False
2002-2003,2003,0020200694,20030204/HOUMIN,Final,2003-02-05,02:00,1610612750,MIN,103,1610612745,HOU,89,,,,False
2002-2003,2003,0020200695,20030204/SACDAL,Final,2003-02-05,02:30,1610612742,DAL,109,1610612758,SAC,110,,,,False
2002-2003,2003,0020200696,20030204/CHIDEN,Final/OT,2003-02-05,03:00,1610612743,DEN,102,1610612741,CHI,100,,,,False
2002-2003,2003,0020200697,20030205/SEABOS,Final,2003-02-06,01:00,1610612738,BOS,114,1610612760,SEA,74,,,,False
2002-2003,2003,0020200698,20030205/HOUCLE,Final,2003-02-06,01:00,1610612739,CLE,105,1610612745,HOU,102,,,,False
2002-2003,2003,0020200699,20030205/NJNPHI,Final,2003-02-06,01:30,1610612755,PHI,85,1610612751,NJN,111,,,,False
2002-2003,2003,0020200700,20030205/PORMIA,Final,2003-02-06,01:30,1610612748,MIA,87,1610612757,POR,101,,,,False
2002-2003,2003,0020200701,20030205/LACDET,Final,2003-02-06,01:30,1610612765,DET,89,1610612746,LAC,80,,,,False
2002-2003,2003,0020200702,20030205/SACNOH,Final,2003-02-06,02:30,1610612740,NOH,108,1610612758,SAC,84,,,,False
2002-2003,2003,0020200703,20030205/MEMUTA,Final,2003-02-06,03:00,1610612762,UTA,105,1610612763,MEM,84,,,,False
2002-2003,2003,0020200704,20030205/SASGSW,Final,2003-02-06,04:30,1610612744,GSW,99,1610612759,SAS,103,,,,False
2002-2003,2003,0020200705,20030206/LALNYK,Final,2003-02-07,01:30,1610612752,NYK,109,1610612747,LAL,114,,,,False
2002-2003,2003,0020200706,20030206/SEAMIL,Final,2003-02-07,02:00,1610612749,MIL,97,1610612760,SEA,91,,,,False
2002-2003,2003,0020200707,20030206/SASDEN,Final,2003-02-07,04:00,1610612743,DEN,74,1610612759,SAS,83,,,,False
2002-2003,2003,0030200002,20030208/RKESPH,,2003-02-08,22:00,1610616838,SPH,0,1610616837,RKE,0,,Rising Stars,,False
2002-2003,2003,0030200003,20030208/WSTEST,,2003-02-09,02:00,1610616833,EST,0,1610616834,WST,0,,All-Star Game,,False
2002-2003,2003,0030200001,20030209/WSTEST,Final/OT2,2003-02-10,02:00,1610616833,EST,145,1610616834,WST,155,,All-Star Game,,False
2002-2003,2003,0020200708,20030211/NJNORL,Final,2003-02-12,01:00,1610612753,ORL,92,1610612751,NJN,83,,,,False
2002-2003,2003,0020200709,20030211/CLEIND,Final,2003-02-12,01:00,1610612754,IND,107,1610612739,CLE,96,,,,False
2002-2003,2003,0020200710,20030211/NOHMIA,Final,2003-02-12,01:30,1610612748,MIA,69,1610612740,NOH,78,,,,False
2002-2003,2003,0020200711,20030211/GSWATL,Final,2003-02-12,01:30,1610612737,ATL,113,1610612744,GSW,116,,,,False
2002-2003,2003,0020200712,20030211/DALMIN,Final,2003-02-12,02:00,1610612750,MIN,100,1610612742,DAL,98,,,,False
2002-2003,2003,0020200713,20030211/DETCHI,Final,2003-02-12,02:30,1610612741,CHI,79,1610612765,DET,89,,,,False
2002-2003,2003,0020200714,20030211/UTAHOU,Final/OT,2003-02-12,02:30,1610612745,HOU,101,1610612762,UTA,103,,,,False
2002-2003,2003,0020200715,20030211/LACPHX,Final,2003-02-12,03:00,1610612756,PHX,106,1610612746,LAC,107,,,,False
2002-2003,2003,0020200716,20030211/WASSAC,Final,2003-02-12,04:00,1610612758,SAC,99,1610612764,WAS,80,,,,False
2002-2003,2003,0020200718,20030211/BOSSEA,Final,2003-02-12,04:00,1610612760,SEA,76,1610612738,BOS,82,,,,False
2002-2003,2003,0020200719,20030211/DENLAL,Final,2003-02-12,04:30,1610612747,LAL,121,1610612743,DEN,93,,,,False
2002-2003,2003,0020200717,20030211/SASPOR,Final/OT,2003-02-12,04:00,1610612757,POR,111,1610612759,SAS,116,,,,False
2002-2003,2003,0020200720,20030212/CHIPHI,Final/OT,2003-02-13,01:00,1610612755,PHI,119,1610612741,CHI,111,,,,False
2002-2003,2003,0020200721,20030212/ATLTOR,Final,2003-02-13,01:00,1610612761,TOR,97,1610612737,ATL,96,,,,False
2002-2003,2003,0020200722,20030212/MINCLE,Final,2003-02-13,01:00,1610612739,CLE,91,1610612750,MIN,102,,,,False
2002-2003,2003,0020200723,20030212/GSWNYK,Final,2003-02-13,01:30,1610612752,NYK,107,1610612744,GSW,113,,,,False
2002-2003,2003,0020200724,20030212/NJNMEM,Final,2003-02-13,02:00,1610612763,MEM,97,1610612751,NJN,90,,,,False
2002-2003,2003,0020200725,20030212/INDNOH,Final,2003-02-13,02:30,1610612740,NOH,72,1610612754,IND,83,,,,False
2002-2003,2003,0020200726,20030212/DALMIL,Final,2003-02-13,03:00,1610612749,MIL,120,1610612742,DAL,114,,,,False
2002-2003,2003,0020200727,20030212/LALDEN,Final,2003-02-13,03:00,1610612743,DEN,102,1610612747,LAL,113,,,,False
2002-2003,2003,0020200728,20030212/HOUUTA,Final,2003-02-13,03:00,1610612762,UTA,76,1610612745,HOU,106,,,,False
2002-2003,2003,0020200729,20030212/WASLAC,Final,2003-02-13,04:30,1610612746,LAC,104,1610612764,WAS,108,,,,False
2002-2003,2003,0020200730,20030213/ORLDET,Final,2003-02-14,01:30,1610612765,DET,98,1610612753,ORL,88,,,,False
2002-2003,2003,0020200731,20030213/BOSPOR,Final,2003-02-14,04:00,1610612757,POR,92,1610612738,BOS,100,,,,False
2002-2003,2003,0020200732,20030214/GSWTOR,Final/OT,2003-02-15,01:00,1610612761,TOR,114,1610612744,GSW,118,,,,False
2002-2003,2003,0020200733,20030214/ATLIND,Final/OT,2003-02-15,01:00,1610612754,IND,98,1610612737,ATL,97,,,,False
2002-2003,2003,0020200734,20030214/CHINJN,Final,2003-02-15,01:30,1610612751,NJN,90,1610612741,CHI,72,,,,False
2002-2003,2003,0020200735,20030214/ORLPHI,Final,2003-02-15,02:00,1610612755,PHI,99,1610612753,ORL,98,,,,False
2002-2003,2003,0020200736,20030214/NOHMIN,Final,2003-02-15,02:00,1610612750,MIN,114,1610612740,NOH,93,,,,False
2002-2003,2003,0020200737,20030214/DALMEM,Final,2003-02-15,02:00,1610612763,MEM,103,1610612742,DAL,110,,,,False
2002-2003,2003,0020200738,20030214/DETMIL,Final,2003-02-15,02:30,1610612749,MIL,96,1610612765,DET,86,,,,False
2002-2003,2003,0020200739,20030214/MIAHOU,Final,2003-02-15,02:30,1610612745,HOU,82,1610612748,MIA,94,,,,False
2002-2003,2003,0020200740,20030214/WASUTA,Final,2003-02-15,03:00,1610612762,UTA,109,1610612764,WAS,77,,,,False
2002-2003,2003,0020200741,20030214/NYKPHX,Final,2003-02-15,03:00,1610612756,PHX,115,1610612752,NYK,116,,,,False
2002-2003,2003,0020200742,20030214/SEASAC,Final,2003-02-15,04:00,1610612758,SAC,110,1610612760,SEA,81,,,,False
2002-2003,2003,0020200743,20030214/SASLAL,Final,2003-02-15,04:30,1610612747,LAL,95,1610612759,SAS,103,,,,False
2002-2003,2003,0020200744,20030215/DENCHI,Final,2003-02-16,02:30,1610612741,CHI,88,1610612743,DEN,69,,,,False
2002-2003,2003,0020200745,20030215/MIADAL,Final,2003-02-16,02:30,1610612742,DAL,98,1610612748,MIA,92,,,,False
2002-2003,2003,0020200746,20030215/SEAPOR,Final,2003-02-16,04:00,1610612757,POR,101,1610612760,SEA,96,,,,False
2002-2003,2003,0020200747,20030215/BOSLAC,Final,2003-02-16,04:30,1610612746,LAC,84,1610612738,BOS,92,,,,False
2002-2003,2003,0020200748,20030216/PHINJN,Final,2003-02-16,19:00,1610612751,NJN,83,1610612755,PHI,90,,,,False
2002-2003,2003,0020200749,20030216/ORLTOR,Final,2003-02-16,19:30,1610612761,TOR,99,1610612753,ORL,97,,,,False
2002-2003,2003,0020200750,20030216/MEMMIL,Final,2003-02-16,21:00,1610612749,MIL,95,1610612763,MEM,101,,,,False
2002-2003,2003,0020200751,20030216/GSWMIN,Final,2003-02-16,21:30,1610612750,MIN,109,1610612744,GSW,102,,,,False
2002-2003,2003,0020200752,20030216/SASSAC,Final,2003-02-16,21:30,1610612758,SAC,101,1610612759,SAS,104,,,,False
2002-2003,2003,0020200753,20030216/INDATL,Final,2003-02-17,00:00,1610612737,ATL,99,1610612754,IND,86,,,,False
2002-2003,2003,0020200754,20030216/DENNOH,Final,2003-02-17,01:00,1610612740,NOH,100,1610612743,DEN,92,,,,False
2002-2003,2003,0020200755,20030216/DETCLE,Final,2003-02-17,01:00,1610612739,CLE,75,1610612765,DET,90,,,,False
2002-2003,2003,0020200756,20030216/BOSPHX,Final,2003-02-17,02:00,1610612756,PHX,102,1610612738,BOS,92,,,,False
2002-2003,2003,0020200757,20030216/NYKLAL,Final,2003-02-17,03:30,1610612747,LAL,110,1610612752,NYK,117,,,,False
2002-2003,2003,0020200759,20030217/MIADET,Final,2003-02-18,01:30,1610612765,DET,93,1610612748,MIA,62,,,,False
2002-2003,2003,0020200760,20030217/MINUTA,Final,2003-02-18,03:00,1610612762,UTA,109,1610612750,MIN,97,,,,False
2002-2003,2003,0020200761,20030217/NYKPOR,Final,2003-02-18,04:00,1610612757,POR,99,1610612752,NYK,91,,,,False
2002-2003,2003,0020200762,20030218/NOHORL,Final,2003-02-19,01:00,1610612753,ORL,99,1610612740,NOH,94,,,,False
2002-2003,2003,0020200763,20030218/CHICLE,Final,2003-02-19,01:00,1610612739,CLE,101,1610612741,CHI,107,,,,False
2002-2003,2003,0020200764,20030218/MIANJN,Final,2003-02-19,01:30,1610612751,NJN,84,1610612748,MIA,79,,,,False
2002-2003,2003,0020200765,20030218/INDMEM,Final/OT,2003-02-19,02:00,1610612763,MEM,108,1610612754,IND,103,,,,False
2002-2003,2003,0020200766,20030218/ATLDAL,Final,2003-02-19,02:30,1610612742,DAL,105,1610612737,ATL,79,,,,False
2002-2003,2003,0020200767,20030218/DENSAS,Final,2003-02-19,02:30,1610612759,SAS,101,1610612743,DEN,76,,,,False
2002-2003,2003,0020200768,20030218/MILSAC,Final,2003-02-19,04:00,1610612758,SAC,102,1610612749,MIL,93,,,,False
2002-2003,2003,0020200769,20030218/HOULAL,Final/OT2,2003-02-19,04:30,1610612747,LAL,106,1610612745,HOU,99,,,,False
2002-2003,2003,0020200770,20030218/BOSGSW,Final,2003-02-19,04:30,1610612744,GSW,117,1610612738,BOS,125,,,,False
2002-2003,2003,0020200771,20030219/DETTOR,Final,2003-02-20,01:00,1610612761,TOR,84,1610612765,DET,89,,,,False
2002-2003,2003,0020200772,20030219/WASNOH,Final,2003-02-20,02:30,1610612740,NOH,87,1610612764,WAS,75,,,,False
2002-2003,2003,0020200773,20030219/MINDEN,Final,2003-02-20,03:00,1610612743,DEN,77,1610612750,MIN,85,,,,False
2002-2003,2003,0020200774,20030219/LALUTA,Final,2003-02-20,03:00,1610612762,UTA,87,1610612747,LAL,93,,,,False
2002-2003,2003,0020200775,20030219/HOUPHX,Final,2003-02-20,03:00,1610612756,PHX,89,1610612745,HOU,107,,,,False
2002-2003,2003,0020200776,20030219/PHICHI,Final,2003-02-20,03:30,1610612741,CHI,82,1610612755,PHI,110,,,,False
2002-2003,2003,0020200777,20030219/GSWPOR,Final,2003-02-20,04:00,1610612757,POR,125,1610612744,GSW,98,,,,False
2002-2003,2003,0020200778,20030219/NYKSEA,Final,2003-02-20,04:00,1610612760,SEA,103,1610612752,NYK,94,,,,False
2002-2003,2003,0020200779,20030219/MILLAC,Final,2003-02-20,04:30,1610612746,LAC,110,1610612749,MIL,104,,,,False
2002-2003,2003,0020200780,20030220/INDNJN,Final,2003-02-21,01:30,1610612751,NJN,98,1610612754,IND,91,,,,False
2002-2003,2003,0020200781,20030220/SASDAL,Final,2003-02-21,02:30,1610612742,DAL,95,1610612759,SAS,87,,,,False
2002-2003,2003,0020200782,20030220/BOSSAC,Final,2003-02-21,04:00,1610612758,SAC,105,1610612738,BOS,83,,,,False
2002-2003,2003,0020200783,20030221/NJNWAS,Final,2003-02-22,01:00,1610612764,WAS,89,1610612751,NJN,86,,,,False
2002-2003,2003,0020200784,20030221/CHIORL,Final,2003-02-22,01:00,1610612753,ORL,110,1610612741,CHI,96,,,,False
2002-2003,2003,0020200785,20030221/PHXTOR,Final,2003-02-22,01:00,1610612761,TOR,92,1610612756,PHX,89,,,,False
2002-2003,2003,0020200786,20030221/PHICLE,Final,2003-02-22,01:30,1610612739,CLE,99,1610612755,PHI,119,,,,False
2002-2003,2003,0020200787,20030221/DETMIN,Final,2003-02-22,02:00,1610612750,MIN,103,1610612765,DET,96,,,,False
2002-2003,2003,0020200789,20030221/DALHOU,Final,2003-02-22,02:00,1610612745,HOU,85,1610612742,DAL,100,,,,False
2002-2003,2003,0020200788,20030221/MEMNOH,Final/OT,2003-02-22,02:30,1610612740,NOH,125,1610612763,MEM,123,,,,False
2002-2003,2003,0020200790,20030221/PORLAL,Final,2003-02-22,04:30,1610612747,LAL,92,1610612757,POR,84,,,,False
2002-2003,2003,0020200791,20030221/NYKGSW,Final,2003-02-22,04:30,1610612744,GSW,111,1610612752,NYK,107,,,,False
2002-2003,2003,0020200792,20030221/MILSEA,Final,2003-02-22,04:30,1610612760,SEA,88,1610612749,MIL,58,,,,False
2002-2003,2003,0020200793,20030222/NOHDET,Final,2003-02-23,01:30,1610612765,DET,91,1610612740,NOH,93,,,,False
2002-2003,2003,0020200794,20030222/CHIMIA,Final,2003-02-23,02:00,1610612748,MIA,100,1610612741,CHI,90,,,,False
2002-2003,2003,0020200795,20030222/MEMHOU,Final,2003-02-23,02:30,1610612745,HOU,93,1610612763,MEM,82,,,,False
2002-2003,2003,0020200796,20030222/INDSAS,Final,2003-02-23,02:30,1610612759,SAS,105,1610612754,IND,96,,,,False
2002-2003,2003,0020200797,20030222/DENUTA,Final,2003-02-23,03:00,1610612762,UTA,99,1610612743,DEN,89,,,,False
2002-2003,2003,0020200798,20030222/MILPOR,Final,2003-02-23,04:00,1610612757,POR,90,1610612749,MIL,93,,,,False
2002-2003,2003,0020200799,20030222/ATLLAC,Final,2003-02-23,04:30,1610612746,LAC,87,1610612737,ATL,89,,,,False
2002-2003,2003,0020200800,20030223/DALWAS,Final/OT,2003-02-23,18:30,1610612764,WAS,101,1610612742,DAL,106,,,,False
2002-2003,2003,0020200801,20030223/ORLNJN,Final,2003-02-23,21:00,1610612751,NJN,105,1610612753,ORL,113,,,,False
2002-2003,2003,0020200802,20030223/PHXMIN,Final,2003-02-23,21:30,1610612750,MIN,99,1610612756,PHX,97,,,,False
2002-2003,2003,0020200803,20030223/CLEPHI,Final,2003-02-24,00:00,1610612755,PHI,116,1610612739,CLE,103,,,,False
2002-2003,2003,0020200804,20030223/ATLGSW,Final,2003-02-24,03:00,1610612744,GSW,115,1610612737,ATL,93,,,,False
2002-2003,2003,0020200805,20030223/NYKSAC,Final,2003-02-24,03:00,1610612758,SAC,99,1610612752,NYK,92,,,,False
2002-2003,2003,0020200806,20030223/SEALAL,Final,2003-02-24,03:30,1610612747,LAL,106,1610612760,SEA,101,,,,False
2002-2003,2003,0020200807,20030224/HOUBOS,Final/OT,2003-02-25,01:00,1610612738,BOS,95,1610612745,HOU,101,,,,False
2002-2003,2003,0020200808,20030224/MINMIL,Final,2003-02-25,02:00,1610612749,MIL,114,1610612750,MIN,117,,,,False
2002-2003,2003,0020200809,20030224/UTAMEM,Final,2003-02-25,02:00,1610612763,MEM,103,1610612762,UTA,92,,,,False
2002-2003,2003,0020200810,20030224/PHXCHI,Final,2003-02-25,02:30,1610612741,CHI,90,1610612756,PHX,87,,,,False
2002-2003,2003,0020200811,20030224/GSWDEN,Final,2003-02-25,03:00,1610612743,DEN,89,1610612744,GSW,94,,,,False
2002-2003,2003,0020200812,20030224/DETSEA,Final,2003-02-25,04:00,1610612760,SEA,86,1610612765,DET,79,,,,False
2002-2003,2003,0020200818,20030225/DETSAC,Final,2003-02-26,04:00,1610612758,SAC,81,1610612765,DET,75,,,,False
2002-2003,2003,0020200819,20030225/ATLPOR,Final,2003-02-26,04:00,1610612757,POR,89,1610612737,ATL,86,,,,False
2002-2003,2003,0020200820,20030225/LACLAL,Final,2003-02-26,04:30,1610612747,LAL,109,1610612746,LAC,98,,,,False
2002-2003,2003,0020200813,20030225/DALORL,Final,2003-02-26,01:00,1610612753,ORL,98,1610612742,DAL,93,,,,False
2002-2003,2003,0020200814,20030225/NJNCLE,Final,2003-02-26,01:00,1610612739,CLE,93,1610612751,NJN,90,,,,False
2002-2003,2003,0020200815,20030225/WASIND,Final,2003-02-26,01:00,1610612754,IND,78,1610612764,WAS,83,,,,False
2002-2003,2003,0020200816,20030225/HOUNYK,Final,2003-02-26,01:30,1610612752,NYK,102,1610612745,HOU,95,,,,False
2002-2003,2003,0020200817,20030225/MIASAS,Final,2003-02-26,02:30,1610612759,SAS,84,1610612748,MIA,69,,,,False
2002-2003,2003,0020200821,20030226/INDBOS,Final,2003-02-27,01:00,1610612738,BOS,71,1610612754,IND,69,,,,False
2002-2003,2003,0020200822,20030226/MEMPHI,Final,2003-02-27,01:00,1610612755,PHI,111,1610612763,MEM,107,,,,False
2002-2003,2003,0020200823,20030226/NYKNJN,Final,2003-02-27,01:30,1610612751,NJN,105,1610612752,NYK,76,,,,False
2002-2003,2003,0020200824,20030226/PHXMIL,Final,2003-02-27,02:00,1610612749,MIL,112,1610612756,PHX,118,,,,False
2002-2003,2003,0020200826,20030226/MIANOH,Final,2003-02-27,02:30,1610612740,NOH,91,1610612748,MIA,82,,,,False
2002-2003,2003,0020200825,20030226/UTAMIN,Final,2003-02-27,03:00,1610612750,MIN,92,1610612762,UTA,85,,,,False
2002-2003,2003,0020200827,20030226/TORCHI,Final,2003-02-27,03:00,1610612741,CHI,103,1610612761,TOR,95,,,,False
2002-2003,2003,0020200828,20030226/PORDEN,Final,2003-02-27,03:00,1610612743,DEN,84,1610612757,POR,94,,,,False
2002-2003,2003,0020200829,20030226/ATLSEA,Final,2003-02-27,04:00,1610612760,SEA,93,1610612737,ATL,76,,,,False
2002-2003,2003,0020200830,20030226/GSWLAC,Final,2003-02-27,04:30,1610612746,LAC,94,1610612744,GSW,108,,,,False
2002-2003,2003,0020200831,20030227/HOUWAS,Final/OT,2003-02-28,01:00,1610612764,WAS,100,1610612745,HOU,98,,,,False
2002-2003,2003,0020200832,20030227/SACDAL,Final/OT,2003-02-28,03:30,1610612742,DAL,124,1610612758,SAC,126,,,,False
2002-2003,2003,0020200833,20030227/DETLAL,Final,2003-02-28,04:00,1610612747,LAL,95,1610612765,DET,85,,,,False
2002-2003,2003,0020200834,20030228/UTAPHI,Final,2003-03-01,01:00,1610612755,PHI,104,1610612762,UTA,83,,,,False
2002-2003,2003,0020200835,20030228/MILIND,Final,2003-03-01,01:00,1610612754,IND,107,1610612749,MIL,98,,,,False
2002-2003,2003,0020200836,20030228/ORLNYK,Final/OT2,2003-03-01,02:00,1610612752,NYK,118,1610612753,ORL,110,,,,False
2002-2003,2003,0020200837,20030228/TORBOS,Final,2003-03-01,02:00,1610612738,BOS,90,1610612761,TOR,85,,,,False
2002-2003,2003,0020200838,20030228/CLEMIN,Final,2003-03-01,02:00,1610612750,MIN,118,1610612739,CLE,95,,,,False
2002-2003,2003,0020200839,20030228/MIAMEM,Final/OT,2003-03-01,02:00,1610612763,MEM,126,1610612748,MIA,116,,,,False
2002-2003,2003,0020200840,20030228/ATLCHI,Final,2003-03-01,02:30,1610612741,CHI,88,1610612737,ATL,110,,,,False
2002-2003,2003,0020200841,20030228/NOHDEN,Final,2003-03-01,03:00,1610612743,DEN,88,1610612740,NOH,94,,,,False
2002-2003,2003,0020200842,20030228/LALSEA,Final,2003-03-01,04:00,1610612760,SEA,107,1610612747,LAL,90,,,,False
2002-2003,2003,0020200843,20030228/LACPOR,Final,2003-03-01,04:30,1610612757,POR,109,1610612746,LAC,103,,,,False
2002-2003,2003,0020200844,20030301/SACSAS,Final,2003-03-01,22:00,1610612759,SAS,108,1610612758,SAC,100,,,,False
2002-2003,2003,0020200845,20030301/CHIWAS,Final,2003-03-02,01:00,1610612764,WAS,101,1610612741,CHI,93,,,,False
2002-2003,2003,0020200846,20030301/MEMDAL,Final,2003-03-02,02:30,1610612742,DAL,114,1610612763,MEM,87,,,,False
2002-2003,2003,0020200847,20030301/NOHPHX,Final,2003-03-02,03:00,1610612756,PHX,92,1610612740,NOH,97,,,,False
2002-2003,2003,0020200848,20030301/SEALAC,Final,2003-03-02,04:30,1610612746,LAC,101,1610612760,SEA,109,,,,False
2002-2003,2003,0020200849,20030301/DETGSW,Final,2003-03-02,04:30,1610612744,GSW,92,1610612765,DET,90,,,,False
2002-2003,2003,0020200850,20030302/UTANJN,Final,2003-03-02,19:00,1610612751,NJN,90,1610612762,UTA,91,,,,False
2002-2003,2003,0020200851,20030302/ORLCLE,Final,2003-03-02,19:00,1610612739,CLE,76,1610612753,ORL,102,,,,False
2002-2003,2003,0020200852,20030302/BOSTOR,Final,2003-03-02,19:30,1610612761,TOR,104,1610612738,BOS,92,,,,False
2002-2003,2003,0020200853,20030302/ATLMIL,Final,2003-03-02,21:00,1610612749,MIL,120,1610612737,ATL,93,,,,False
2002-2003,2003,0020200854,20030302/NYKMIN,Final,2003-03-02,21:30,1610612750,MIN,99,1610612752,NYK,90,,,,False
2002-2003,2003,0020200855,20030302/SASHOU,Final,2003-03-02,22:00,1610612745,HOU,88,1610612759,SAS,97,,,,False
2002-2003,2003,0020200856,20030302/WASMIA,Final,2003-03-03,00:00,1610612748,MIA,93,1610612764,WAS,83,,,,False
2002-2003,2003,0020200857,20030302/PHIDEN,Final,2003-03-03,03:00,1610612743,DEN,94,1610612755,PHI,100,,,,False
2002-2003,2003,0020200858,20030302/DETPOR,Final,2003-03-03,03:00,1610612757,POR,103,1610612765,DET,86,,,,False
2002-2003,2003,0020200859,20030303/BOSMEM,Final,2003-03-04,02:00,1610612763,MEM,110,1610612738,BOS,111,,,,False
2002-2003,2003,0020200860,20030303/ORLCHI,Final,2003-03-04,02:30,1610612741,CHI,89,1610612753,ORL,104,,,,False
2002-2003,2003,0020200861,20030303/PHISAC,Final,2003-03-04,04:00,1610612758,SAC,107,1610612755,PHI,99,,,,False
2002-2003,2003,0020200862,20030303/NOHLAC,Final,2003-03-04,04:30,1610612746,LAC,108,1610612740,NOH,111,,,,False
2002-2003,2003,0020200758,20030304/TORWAS,Final,2003-03-05,01:00,1610612764,WAS,86,1610612761,TOR,89,,,,False
2002-2003,2003,0020200863,20030304/CLENYK,Final,2003-03-05,01:30,1610612752,NYK,89,1610612739,CLE,80,,,,False
2002-2003,2003,0020200864,20030304/MILMIA,Final,2003-03-05,01:30,1610612748,MIA,91,1610612749,MIL,100,,,,False
2002-2003,2003,0020200865,20030304/DENATL,Final,2003-03-05,01:30,1610612737,ATL,92,1610612743,DEN,86,,,,False
2002-2003,2003,0020200866,20030304/HOUDET,Final,2003-03-05,01:30,1610612765,DET,96,1610612745,HOU,83,,,,False
2002-2003,2003,0020200867,20030304/NJNDAL,Final,2003-03-05,02:30,1610612742,DAL,88,1610612751,NJN,79,,,,False
2002-2003,2003,0020200868,20030304/PHXSAS,Final,2003-03-05,02:30,1610612759,SAS,97,1610612756,PHX,104,,,,False
2002-2003,2003,0020200869,20030304/MINSEA,Final,2003-03-05,04:00,1610612760,SEA,92,1610612750,MIN,83,,,,False
2002-2003,2003,0020200870,20030304/INDGSW,Final,2003-03-05,04:30,1610612744,GSW,107,1610612754,IND,100,,,,False
2002-2003,2003,0020200871,20030305/NYKBOS,Final,2003-03-06,01:00,1610612738,BOS,97,1610612752,NYK,95,,,,False
2002-2003,2003,0020200872,20030305/LACWAS,Final,2003-03-06,01:00,1610612764,WAS,99,1610612746,LAC,80,,,,False
2002-2003,2003,0020200873,20030305/MILORL,Final,2003-03-06,01:00,1610612753,ORL,111,1610612749,MIL,99,,,,False
2002-2003,2003,0020200874,20030305/HOUTOR,Final,2003-03-06,01:00,1610612761,TOR,95,1610612745,HOU,97,,,,False
2002-2003,2003,0020200875,20030305/ATLCLE,Final,2003-03-06,01:00,1610612739,CLE,105,1610612737,ATL,111,,,,False
2002-2003,2003,0020200876,20030305/DENMEM,Final,2003-03-06,02:00,1610612763,MEM,96,1610612743,DEN,86,,,,False
2002-2003,2003,0020200877,20030305/SEAUTA,Final,2003-03-06,03:00,1610612762,UTA,94,1610612760,SEA,83,,,,False
2002-2003,2003,0020200878,20030305/PORPHX,Final,2003-03-06,03:00,1610612756,PHX,98,1610612757,POR,92,,,,False
2002-2003,2003,0020200879,20030305/MINSAC,Final/OT,2003-03-06,03:00,1610612758,SAC,96,1610612750,MIN,95,,,,False
2002-2003,2003,0020200880,20030305/INDLAL,Final,2003-03-06,04:30,1610612747,LAL,97,1610612754,IND,95,,,,False
2002-2003,2003,0020200881,20030306/NJNSAS,Final,2003-03-07,01:30,1610612759,SAS,92,1610612751,NJN,78,,,,False
2002-2003,2003,0020200883,20030306/PHIPOR,Final,2003-03-07,04:00,1610612757,POR,60,1610612755,PHI,88,,,,False
2002-2003,2003,0020200882,20030306/GSWCHI,Final,2003-03-07,02:30,1610612741,CHI,119,1610612744,GSW,105,,,,False
2002-2003,2003,0020200884,20030307/MILWAS,Final,2003-03-08,01:00,1610612764,WAS,82,1610612749,MIL,85,,,,False
2002-2003,2003,0020200885,20030307/NYKORL,Final,2003-03-08,01:00,1610612753,ORL,102,1610612752,NYK,111,,,,False
2002-2003,2003,0020200886,20030307/LACBOS,Final,2003-03-08,02:00,1610612738,BOS,83,1610612746,LAC,72,,,,False
2002-2003,2003,0020200887,20030307/DALMIA,Final,2003-03-08,02:00,1610612748,MIA,89,1610612742,DAL,91,,,,False
2002-2003,2003,0020200888,20030307/CLENOH,Final,2003-03-08,02:30,1610612740,NOH,102,1610612739,CLE,76,,,,False
2002-2003,2003,0020200889,20030307/SACUTA,Final/OT,2003-03-08,03:00,1610612762,UTA,105,1610612758,SAC,108,,,,False
2002-2003,2003,0020200890,20030307/MINLAL,Final,2003-03-08,04:30,1610612747,LAL,106,1610612750,MIN,96,,,,False
2002-2003,2003,0020200891,20030307/PHISEA,Final,2003-03-08,04:30,1610612760,SEA,99,1610612755,PHI,108,,,,False
2002-2003,2003,0020200892,20030308/TORATL,Final,2003-03-09,01:00,1610612737,ATL,98,1610612761,TOR,107,,,,False
2002-2003,2003,0020200893,20030308/MEMCLE,Final,2003-03-09,01:30,1610612739,CLE,89,1610612763,MEM,115,,,,False
2002-2003,2003,0020200894,20030308/DENMIA,Final,2003-03-09,02:00,1610612748,MIA,92,1610612743,DEN,98,,,,False
2002-2003,2003,0020200895,20030308/LACCHI,Final,2003-03-09,02:30,1610612741,CHI,97,1610612746,LAC,103,,,,False
2002-2003,2003,0020200896,20030308/GSWMIL,Final/OT,2003-03-09,02:30,1610612749,MIL,138,1610612744,GSW,133,,,,False
2002-2003,2003,0020200897,20030308/UTADAL,Final,2003-03-09,02:30,1610612742,DAL,101,1610612762,UTA,77,,,,False
2002-2003,2003,0020200898,20030308/NJNHOU,Final,2003-03-09,02:30,1610612745,HOU,83,1610612751,NJN,71,,,,False
2002-2003,2003,0020200899,20030308/INDPOR,Final,2003-03-09,04:00,1610612757,POR,94,1610612754,IND,80,,,,False
2002-2003,2003,0020200900,20030309/WASNYK,Final,2003-03-09,19:00,1610612752,NYK,97,1610612764,WAS,96,,,,False
2002-2003,2003,0020200901,20030309/PHILAL,Final,2003-03-09,21:30,1610612747,LAL,106,1610612755,PHI,92,,,,False
2002-2003,2003,0020200902,20030309/SASBOS,Final,2003-03-10,00:00,1610612738,BOS,78,1610612759,SAS,94,,,,False
2002-2003,2003,0020200903,20030309/DENORL,Final,2003-03-10,00:00,1610612753,ORL,111,1610612743,DEN,98,,,,False
2002-2003,2003,0020200904,20030309/MEMTOR,Final,2003-03-10,00:00,1610612761,TOR,106,1610612763,MEM,119,,,,False
2002-2003,2003,0020200905,20030309/GSWDET,Final,2003-03-10,00:00,1610612765,DET,107,1610612744,GSW,105,,,,False
2002-2003,2003,0020200906,20030309/NJNNOH,Final,2003-03-10,01:00,1610612740,NOH,92,1610612751,NJN,102,,,,False
2002-2003,2003,0020200907,20030309/MINPHX,Final,2003-03-10,02:00,1610612756,PHX,98,1610612750,MIN,105,,,,False
2002-2003,2003,0020200908,20030309/INDSAC,Final,2003-03-10,03:00,1610612758,SAC,107,1610612754,IND,88,,,,False
2002-2003,2003,0020200909,20030310/UTAMIA,Final,2003-03-11,01:30,1610612748,MIA,73,1610612762,UTA,83,,,,False
2002-2003,2003,0020200910,20030310/LACATL,Final,2003-03-11,01:30,1610612737,ATL,95,1610612746,LAC,86,,,,False
2002-2003,2003,0020200911,20030310/MINDAL,Final,2003-03-11,02:30,1610612742,DAL,83,1610612750,MIN,92,,,,False
2002-2003,2003,0020200912,20030311/ORLWAS,Final,2003-03-12,01:00,1610612764,WAS,106,1610612753,ORL,105,,,,False
2002-2003,2003,0020200913,20030311/MIACLE,Final,2003-03-12,01:00,1610612739,CLE,75,1610612748,MIA,77,,,,False
2002-2003,2003,0020200914,20030311/NOHIND,Final,2003-03-12,01:00,1610612754,IND,71,1610612740,NOH,81,,,,False
2002-2003,2003,0020200915,20030311/MEMNYK,Final,2003-03-12,01:30,1610612752,NYK,85,1610612763,MEM,87,,,,False
2002-2003,2003,0020200916,20030311/SASMIL,Final,2003-03-12,02:00,1610612749,MIL,102,1610612759,SAS,105,,,,False
2002-2003,2003,0020200917,20030311/LALCHI,Final,2003-03-12,02:30,1610612741,CHI,116,1610612747,LAL,99,,,,False
2002-2003,2003,0020200918,20030311/TORDEN,Final,2003-03-12,03:00,1610612743,DEN,95,1610612761,TOR,87,,,,False
2002-2003,2003,0020200919,20030311/PORSEA,Final,2003-03-12,04:00,1610612760,SEA,77,1610612757,POR,92,,,,False
2002-2003,2003,0020200920,20030311/PHXGSW,Final,2003-03-12,04:30,1610612744,GSW,113,1610612756,PHX,98,,,,False
2002-2003,2003,0020200921,20030312/NOHBOS,Final,2003-03-13,01:00,1610612738,BOS,93,1610612740,NOH,65,,,,False
2002-2003,2003,0020200922,20030312/INDPHI,Final,2003-03-13,01:00,1610612755,PHI,96,1610612754,IND,93,,,,False
2002-2003,2003,0020200923,20030312/UTAORL,Final,2003-03-13,01:00,1610612753,ORL,108,1610612762,UTA,111,,,,False
2002-2003,2003,0020200924,20030312/MILATL,Final,2003-03-13,01:30,1610612737,ATL,111,1610612749,MIL,92,,,,False
2002-2003,2003,0020200925,20030312/LALDET,Final,2003-03-13,01:30,1610612765,DET,111,1610612747,LAL,88,,,,False
2002-2003,2003,0020200926,20030312/SASMIN,Final,2003-03-13,02:00,1610612750,MIN,99,1610612759,SAS,111,,,,False
2002-2003,2003,0020200927,20030312/CHIMEM,Final,2003-03-13,02:00,1610612763,MEM,124,1610612741,CHI,95,,,,False
2002-2003,2003,0020200928,20030312/LACHOU,Final/OT,2003-03-13,02:30,1610612745,HOU,118,1610612746,LAC,114,,,,False
2002-2003,2003,0020200929,20030312/TORPOR,Final,2003-03-13,04:00,1610612757,POR,125,1610612761,TOR,103,,,,False
2002-2003,2003,0020200930,20030313/BOSNJN,Final,2003-03-14,01:30,1610612751,NJN,90,1610612738,BOS,75,,,,False
2002-2003,2003,0020200931,20030313/SACPHX,Final,2003-03-14,04:00,1610612756,PHX,109,1610612758,SAC,84,,,,False
2002-2003,2003,0020200932,20030313/DALSEA,Final,2003-03-14,04:00,1610612760,SEA,107,1610612742,DAL,100,,,,False
2002-2003,2003,0020200933,20030314/PORPHI,Final,2003-03-15,01:00,1610612755,PHI,90,1610612757,POR,79,,,,False
2002-2003,2003,0020200934,20030314/UTAIND,Final,2003-03-15,01:00,1610612754,IND,101,1610612762,UTA,81,,,,False
2002-2003,2003,0020200935,20030314/NYKATL,Final,2003-03-15,01:30,1610612737,ATL,107,1610612752,NYK,104,,,,False
2002-2003,2003,0020200936,20030314/NOHMIA,Final,2003-03-15,02:00,1610612748,MIA,83,1610612740,NOH,87,,,,False
2002-2003,2003,0020200937,20030314/WASDET,Final,2003-03-15,02:00,1610612765,DET,90,1610612764,WAS,80,,,,False
2002-2003,2003,0020200938,20030314/LALMIN,Final,2003-03-15,02:00,1610612750,MIN,99,1610612747,LAL,106,,,,False
2002-2003,2003,0020200939,20030314/CHIHOU,Final,2003-03-15,02:30,1610612745,HOU,121,1610612741,CHI,91,,,,False
2002-2003,2003,0020200940,20030314/LACSAS,Final,2003-03-15,02:30,1610612759,SAS,107,1610612746,LAC,96,,,,False
2002-2003,2003,0020200941,20030314/TORSAC,Final,2003-03-15,04:00,1610612758,SAC,119,1610612761,TOR,84,,,,False
2002-2003,2003,0020200942,20030314/DALGSW,Final,2003-03-15,04:30,1610612744,GSW,114,1610612742,DAL,116,,,,False
2002-2003,2003,0020200943,20030315/MIAWAS,Final,2003-03-16,01:00,1610612764,WAS,89,1610612748,MIA,82,,,,False
2002-2003,2003,0020200944,20030315/NOHORL,Final,2003-03-16,01:00,1610612753,ORL,96,1610612740,NOH,86,,,,False
2002-2003,2003,0020200945,20030315/BOSDET,Final,2003-03-16,01:30,1610612765,DET,71,1610612738,BOS,81,,,,False
2002-2003,2003,0020200946,20030315/LALMIL,Final,2003-03-16,02:30,1610612749,MIL,94,1610612747,LAL,98,,,,False
2002-2003,2003,0020200947,20030315/GSWSEA,Final,2003-03-16,04:00,1610612760,SEA,88,1610612744,GSW,94,,,,False
2002-2003,2003,0020200948,20030316/PHINJN,Final,2003-03-16,19:00,1610612751,NJN,87,1610612755,PHI,92,,,,False
2002-2003,2003,0020200949,20030316/UTACLE,Final,2003-03-16,19:00,1610612739,CLE,122,1610612762,UTA,95,,,,False
2002-2003,2003,0020200950,20030316/PORMIN,Final,2003-03-16,21:30,1610612750,MIN,111,1610612757,POR,95,,,,False
2002-2003,2003,0020200951,20030316/DALSAC,Final/OT,2003-03-16,21:30,1610612758,SAC,123,1610612742,DAL,129,,,,False
2002-2003,2003,0020200952,20030316/ATLMEM,Final,2003-03-16,22:00,1610612763,MEM,124,1610612737,ATL,92,,,,False
2002-2003,2003,0020200953,20030316/MILNYK,Final,2003-03-17,01:00,1610612752,NYK,120,1610612749,MIL,111,,,,False
2002-2003,2003,0020200954,20030316/CHISAS,Final,2003-03-17,01:00,1610612759,SAS,108,1610612741,CHI,97,,,,False
2002-2003,2003,0020200955,20030316/PHXHOU,Final,2003-03-17,02:30,1610612745,HOU,85,1610612756,PHX,75,,,,False
2002-2003,2003,0020200956,20030316/SEADEN,Final,2003-03-17,03:00,1610612743,DEN,84,1610612760,SEA,92,,,,False
2002-2003,2003,0020200957,20030316/TORLAC,Final,2003-03-17,03:00,1610612746,LAC,111,1610612761,TOR,110,,,,False
2002-2003,2003,0020200958,20030317/PORIND,Final,2003-03-18,01:00,1610612754,IND,88,1610612757,POR,95,,,,False
2002-2003,2003,0020200959,20030317/TORPHX,Final/OT,2003-03-18,03:00,1610612756,PHX,95,1610612761,TOR,91,,,,False
2002-2003,2003,0020200960,20030317/LALLAC,Final,2003-03-18,04:30,1610612746,LAC,85,1610612747,LAL,102,,,,False
2002-2003,2003,0020200961,20030318/NJNBOS,Final,2003-03-19,01:00,1610612738,BOS,74,1610612751,NJN,87,,,,False
2002-2003,2003,0020200962,20030318/DETWAS,Final/OT,2003-03-19,01:00,1610612764,WAS,90,1610612765,DET,94,,,,False
2002-2003,2003,0020200963,20030318/PHIMIA,Final,2003-03-19,01:30,1610612748,MIA,83,1610612755,PHI,103,,,,False
2002-2003,2003,0020200964,20030318/MEMMIN,Final,2003-03-19,02:00,1610612750,MIN,96,1610612763,MEM,80,,,,False
2002-2003,2003,0020200965,20030318/ATLCHI,Final,2003-03-19,02:30,1610612741,CHI,103,1610612737,ATL,78,,,,False
2002-2003,2003,0020200966,20030318/CLEDAL,Final,2003-03-19,02:30,1610612742,DAL,114,1610612739,CLE,93,,,,False
2002-2003,2003,0020200967,20030318/NYKSAS,Final,2003-03-19,02:30,1610612759,SAS,97,1610612752,NYK,105,,,,False
2002-2003,2003,0020200968,20030318/DENUTA,Final,2003-03-19,03:00,1610612762,UTA,99,1610612743,DEN,81,,,,False
2002-2003,2003,0020200969,20030318/GSWSAC,Final,2003-03-19,04:00,1610612758,SAC,117,1610612744,GSW,91,,,,False
2002-2003,2003,0020200970,20030318/HOUSEA,Final,2003-03-19,04:00,1610612760,SEA,100,1610612745,HOU,94,,,,False
2002-2003,2003,0020200971,20030319/MIAORL,Final,2003-03-20,01:00,1610612753,ORL,109,1610612748,MIA,93,,,,False
2002-2003,2003,0020200972,20030319/ATLTOR,Final,2003-03-20,01:00,1610612761,TOR,87,1610612737,ATL,86,,,,False
2002-2003,2003,0020200973,20030319/BOSIND,Final,2003-03-20,01:00,1610612754,IND,102,1610612738,BOS,72,,,,False
2002-2003,2003,0020200974,20030319/MILNJN,Final,2003-03-20,01:30,1610612751,NJN,85,1610612749,MIL,104,,,,False
2002-2003,2003,0020200975,20030319/CLEMEM,Final,2003-03-20,02:00,1610612763,MEM,128,1610612739,CLE,101,,,,False
2002-2003,2003,0020200976,20030319/NYKNOH,Final,2003-03-20,02:30,1610612740,NOH,101,1610612752,NYK,96,,,,False
2002-2003,2003,0020200977,20030319/UTAPHX,Final,2003-03-20,03:00,1610612756,PHX,86,1610612762,UTA,99,,,,False
2002-2003,2003,0020200978,20030319/HOUPOR,Final,2003-03-20,04:00,1610612757,POR,94,1610612745,HOU,83,,,,False
2002-2003,2003,0020200979,20030319/DENLAC,Final,2003-03-20,04:30,1610612746,LAC,91,1610612743,DEN,78,,,,False
2002-2003,2003,0020200980,20030319/SEAGSW,Final,2003-03-20,04:30,1610612744,GSW,105,1610612760,SEA,99,,,,False
2002-2003,2003,0020200981,20030320/PHIDET,Final,2003-03-21,01:30,1610612765,DET,113,1610612755,PHI,85,,,,False
2002-2003,2003,0020200982,20030320/SASDAL,Final/OT,2003-03-21,02:30,1610612742,DAL,110,1610612759,SAS,112,,,,False
2002-2003,2003,0020200983,20030320/LALSAC,Final,2003-03-21,04:00,1610612758,SAC,107,1610612747,LAL,99,,,,False
2002-2003,2003,0020200984,20030321/ATLPHI,Final,2003-03-22,01:00,1610612755,PHI,105,1610612737,ATL,114,,,,False
2002-2003,2003,0020200985,20030321/CLEORL,Final,2003-03-22,01:00,1610612753,ORL,109,1610612739,CLE,85,,,,False
2002-2003,2003,0020200986,20030321/MEMIND,Final,2003-03-22,01:00,1610612754,IND,101,1610612763,MEM,92,,,,False
2002-2003,2003,0020200987,20030321/DETNYK,Final,2003-03-22,02:00,1610612752,NYK,97,1610612765,DET,93,,,,False
2002-2003,2003,0020200988,20030321/TORMIA,Final,2003-03-22,02:00,1610612748,MIA,107,1610612761,TOR,98,,,,False
2002-2003,2003,0020200990,20030321/MINSAS,Final/OT,2003-03-22,02:00,1610612759,SAS,94,1610612750,MIN,101,,,,False
2002-2003,2003,0020200989,20030321/MILNOH,Final,2003-03-22,02:30,1610612740,NOH,113,1610612749,MIL,98,,,,False
2002-2003,2003,0020200992,20030321/DENSEA,Final/OT,2003-03-22,04:00,1610612760,SEA,101,1610612743,DEN,99,,,,False
2002-2003,2003,0020200991,20030321/WASPHX,Final,2003-03-22,04:30,1610612756,PHX,109,1610612764,WAS,83,,,,False
2002-2003,2003,0020200993,20030321/BOSLAL,Final,2003-03-22,04:30,1610612747,LAL,104,1610612738,BOS,96,,,,False
2002-2003,2003,0020200994,20030321/HOUGSW,Final,2003-03-22,04:30,1610612744,GSW,107,1610612745,HOU,117,,,,False
2002-2003,2003,0020200995,20030322/INDATL,Final,2003-03-23,01:00,1610612737,ATL,92,1610612754,IND,89,,,,False
2002-2003,2003,0020200996,20030322/MEMNJN,Final,2003-03-23,01:30,1610612751,NJN,107,1610612763,MEM,99,,,,False
2002-2003,2003,0020200997,20030322/NYKCHI,Final,2003-03-23,02:30,1610612741,CHI,100,1610612752,NYK,98,,,,False
2002-2003,2003,0020200998,20030322/NOHMIL,Final,2003-03-23,02:30,1610612749,MIL,93,1610612740,NOH,85,,,,False
2002-2003,2003,0020200999,20030322/PHXDAL,Final,2003-03-23,02:30,1610612742,DAL,102,1610612756,PHX,95,,,,False
2002-2003,2003,0020201000,20030322/LACUTA,Final,2003-03-23,03:00,1610612762,UTA,88,1610612746,LAC,73,,,,False
2002-2003,2003,0020201001,20030322/BOSDEN,Final,2003-03-23,04:00,1610612743,DEN,90,1610612738,BOS,80,,,,False
2002-2003,2003,0020201002,20030322/SACPOR,Final,2003-03-23,04:00,1610612757,POR,104,1610612758,SAC,113,,,,False
2002-2003,2003,0020201003,20030323/LALSAS,Final,2003-03-23,19:00,1610612759,SAS,98,1610612747,LAL,89,,,,False
2002-2003,2003,0020201004,20030323/PHITOR,Final,2003-03-23,21:30,1610612761,TOR,95,1610612755,PHI,112,,,,False
2002-2003,2003,0020201005,20030323/ORLMIA,Final,2003-03-24,00:00,1610612748,MIA,74,1610612753,ORL,96,,,,False
2002-2003,2003,0020201006,20030323/CHIDET,Final,2003-03-24,00:00,1610612765,DET,105,1610612741,CHI,82,,,,False
2002-2003,2003,0020201007,20030323/NJNCLE,Final,2003-03-24,01:00,1610612739,CLE,93,1610612751,NJN,88,,,,False
2002-2003,2003,0020201008,20030323/WASGSW,Final,2003-03-24,03:00,1610612744,GSW,113,1610612764,WAS,107,,,,False
2002-2003,2003,0020201009,20030323/HOUSAC,Final,2003-03-24,03:00,1610612758,SAC,109,1610612745,HOU,108,,,,False
2002-2003,2003,0020201010,20030324/MEMORL,Final,2003-03-25,01:00,1610612753,ORL,104,1610612763,MEM,110,,,,False
2002-2003,2003,0020201011,20030324/TORNYK,Final,2003-03-25,01:30,1610612752,NYK,100,1610612761,TOR,90,,,,False
2002-2003,2003,0020201012,20030324/DALDEN,Final,2003-03-25,03:00,1610612743,DEN,96,1610612742,DAL,108,,,,False
2002-2003,2003,0020201013,20030324/BOSUTA,Final,2003-03-25,03:00,1610612762,UTA,96,1610612738,BOS,91,,,,False
2002-2003,2003,0020201014,20030324/SEAPHX,Final,2003-03-25,03:00,1610612756,PHX,73,1610612760,SEA,82,,,,False
2002-2003,2003,0020201015,20030324/HOULAC,Final,2003-03-25,04:30,1610612746,LAC,90,1610612745,HOU,108,,,,False
2002-2003,2003,0020201016,20030325/GSWCLE,Final,2003-03-26,01:00,1610612739,CLE,124,1610612744,GSW,103,,,,False
2002-2003,2003,0020201017,20030325/LALATL,Final,2003-03-26,01:30,1610612737,ATL,91,1610612747,LAL,108,,,,False
2002-2003,2003,0020201018,20030325/MIAMIN,Final,2003-03-26,02:00,1610612750,MIN,108,1610612748,MIA,91,,,,False
2002-2003,2003,0020201019,20030325/MILSAS,Final,2003-03-26,02:00,1610612759,SAS,107,1610612749,MIL,94,,,,False
2002-2003,2003,0020201020,20030325/WASPOR,Final,2003-03-26,04:00,1610612757,POR,91,1610612764,WAS,95,,,,False
2002-2003,2003,0020201021,20030326/GSWBOS,Final,2003-03-27,01:00,1610612738,BOS,95,1610612744,GSW,107,,,,False
2002-2003,2003,0020201022,20030326/CLETOR,Final,2003-03-27,01:00,1610612761,TOR,89,1610612739,CLE,83,,,,False
2002-2003,2003,0020201023,20030326/PHIIND,Final,2003-03-27,01:00,1610612754,IND,85,1610612755,PHI,91,,,,False
2002-2003,2003,0020201024,20030326/NYKNJN,Final,2003-03-27,01:30,1610612751,NJN,101,1610612752,NYK,95,,,,False
2002-2003,2003,0020201025,20030326/ATLDET,Final/OT,2003-03-27,01:30,1610612765,DET,102,1610612737,ATL,99,,,,False
2002-2003,2003,0020201026,20030326/PHXMEM,Final,2003-03-27,02:00,1610612763,MEM,99,1610612756,PHX,101,,,,False
2002-2003,2003,0020201027,20030326/MIACHI,Final,2003-03-27,02:30,1610612741,CHI,82,1610612748,MIA,74,,,,False
2002-2003,2003,0020201028,20030326/LALHOU,Final,2003-03-27,03:00,1610612745,HOU,93,1610612747,LAL,96,,,,False
2002-2003,2003,0020201029,20030326/ORLNOH,Final,2003-03-27,03:00,1610612740,NOH,95,1610612753,ORL,97,,,,False
2002-2003,2003,0020201030,20030326/MILDEN,Final,2003-03-27,03:00,1610612743,DEN,108,1610612749,MIL,103,,,,False
2002-2003,2003,0020201031,20030326/PORUTA,Final,2003-03-27,03:00,1610612762,UTA,94,1610612757,POR,85,,,,False
2002-2003,2003,0020201032,20030326/WASSEA,Final,2003-03-27,04:00,1610612760,SEA,74,1610612764,WAS,80,,,,False
2002-2003,2003,0020201033,20030326/DALLAC,Final,2003-03-27,04:30,1610612746,LAC,107,1610612742,DAL,114,,,,False
2002-2003,2003,0020201034,20030327/MINORL,Final,2003-03-28,01:00,1610612753,ORL,110,1610612750,MIN,107,,,,False
2002-2003,2003,0020201035,20030327/HOUSAS,Final,2003-03-28,03:30,1610612759,SAS,98,1610612745,HOU,85,,,,False
2002-2003,2003,0020201036,20030327/LACSAC,Final,2003-03-28,04:00,1610612758,SAC,93,1610612746,LAC,83,,,,False
2002-2003,2003,0020201037,20030328/GSWPHI,Final,2003-03-29,01:00,1610612755,PHI,98,1610612744,GSW,102,,,,False
2002-2003,2003,0020201038,20030328/NOHTOR,Final,2003-03-29,01:00,1610612761,TOR,92,1610612740,NOH,101,,,,False
2002-2003,2003,0020201039,20030328/CHIIND,Final,2003-03-29,01:00,1610612754,IND,140,1610612741,CHI,89,,,,False
2002-2003,2003,0020201040,20030328/CLEBOS,Final,2003-03-29,01:30,1610612738,BOS,104,1610612739,CLE,95,,,,False
2002-2003,2003,0020201041,20030328/NJNNYK,Final,2003-03-29,02:00,1610612752,NYK,101,1610612751,NJN,122,,,,False
2002-2003,2003,0020201042,20030328/MINMIA,Final,2003-03-29,02:00,1610612748,MIA,111,1610612750,MIN,84,,,,False
2002-2003,2003,0020201043,20030328/PHXDET,Final,2003-03-29,02:00,1610612765,DET,91,1610612756,PHX,94,,,,False
2002-2003,2003,0020201044,20030328/MILUTA,Final,2003-03-29,03:00,1610612762,UTA,103,1610612749,MIL,90,,,,False
2002-2003,2003,0020201045,20030328/MEMSEA,Final,2003-03-29,04:00,1610612760,SEA,95,1610612763,MEM,71,,,,False
2002-2003,2003,0020201046,20030328/WASLAL,Final,2003-03-29,04:30,1610612747,LAL,108,1610612764,WAS,94,,,,False
2002-2003,2003,0020201047,20030328/DALPOR,Final,2003-03-29,04:30,1610612757,POR,112,1610612742,DAL,95,,,,False
2002-2003,2003,0020201048,20030329/PHIATL,Final,2003-03-30,01:00,1610612737,ATL,89,1610612755,PHI,110,,,,False
2002-2003,2003,0020201049,20030329/GSWNJN,Final,2003-03-30,01:30,1610612751,NJN,109,1610612744,GSW,97,,,,False
2002-2003,2003,0020201050,20030329/BOSCLE,Final,2003-03-30,01:30,1610612739,CLE,106,1610612738,BOS,110,,,,False
2002-2003,2003,0020201051,20030329/SACCHI,Final,2003-03-30,03:30,1610612741,CHI,92,1610612758,SAC,107,,,,False
2002-2003,2003,0020201052,20030329/DENHOU,Final,2003-03-30,03:30,1610612745,HOU,102,1610612743,DEN,89,,,,False
2002-2003,2003,0020201053,20030329/UTASAS,Final,2003-03-30,03:30,1610612759,SAS,101,1610612762,UTA,81,,,,False
2002-2003,2003,0020201054,20030330/DALMIN,Final,2003-03-30,20:30,1610612750,MIN,95,1610612742,DAL,119,,,,False
2002-2003,2003,0020201057,20030330/NYKTOR,Final,2003-03-30,20:30,1610612761,TOR,95,1610612752,NYK,86,,,,False
2002-2003,2003,0020201055,20030330/PHXIND,Final,2003-03-30,23:00,1610612754,IND,92,1610612756,PHX,81,,,,False
2002-2003,2003,0020201056,20030330/MIAMIL,Final,2003-03-30,23:00,1610612749,MIL,109,1610612748,MIA,87,,,,False
2002-2003,2003,0020201058,20030330/SACDET,Final,2003-03-31,01:00,1610612765,DET,99,1610612758,SAC,88,,,,False
2002-2003,2003,0020201059,20030330/SASNOH,Final,2003-03-31,02:00,1610612740,NOH,90,1610612759,SAS,92,,,,False
2002-2003,2003,0020201060,20030330/WASDEN,Final,2003-03-31,04:00,1610612743,DEN,88,1610612764,WAS,72,,,,False
2002-2003,2003,0020201061,20030330/MEMLAC,Final,2003-03-31,04:00,1610612746,LAC,102,1610612763,MEM,100,,,,False
2002-2003,2003,0020201062,20030330/LALSEA,Final,2003-03-31,04:00,1610612760,SEA,119,1610612747,LAL,98,,,,False
2002-2003,2003,0020201063,20030331/PHIORL,Final/OT,2003-04-01,02:00,1610612753,ORL,113,1610612755,PHI,118,,,,False
2002-2003,2003,0020201064,20030331/HOUNJN,Final,2003-04-01,02:30,1610612751,NJN,110,1610612745,HOU,86,,,,False
2002-2003,2003,0020201065,20030331/MILMIA,Final,2003-04-01,02:30,1610612748,MIA,86,1610612749,MIL,91,,,,False
2002-2003,2003,0020201066,20030331/MEMLAL,Final,2003-04-01,05:30,1610612747,LAL,110,1610612763,MEM,94,,,,False
2002-2003,2003,0020201067,20030401/DETTOR,Final,2003-04-02,02:00,1610612761,TOR,85,1610612765,DET,92,,,,False
2002-2003,2003,0020201068,20030401/SACIND,Final,2003-04-02,02:00,1610612754,IND,98,1610612758,SAC,103,,,,False
2002-2003,2003,0020201069,20030401/SEACHI,Final/OT,2003-04-02,03:30,1610612741,CHI,94,1610612760,SEA,101,,,,False
2002-2003,2003,0020201070,20030401/NOHDAL,Final,2003-04-02,03:30,1610612742,DAL,95,1610612740,NOH,86,,,,False
2002-2003,2003,0020201071,20030401/ORLSAS,Final,2003-04-02,03:30,1610612759,SAS,118,1610612753,ORL,105,,,,False
2002-2003,2003,0020201072,20030401/DENPHX,Final,2003-04-02,04:00,1610612756,PHX,95,1610612743,DEN,65,,,,False
2002-2003,2003,0020201073,20030401/GSWPOR,Final,2003-04-02,05:00,1610612757,POR,100,1610612744,GSW,86,,,,False
2002-2003,2003,0020201074,20030401/UTALAC,Final,2003-04-02,05:30,1610612746,LAC,89,1610612762,UTA,94,,,,False
2002-2003,2003,0020201075,20030402/MIABOS,Final,2003-04-03,02:00,1610612738,BOS,90,1610612748,MIA,62,,,,False
2002-2003,2003,0020201076,20030402/CHIPHI,Final,2003-04-03,02:00,1610612755,PHI,108,1610612741,CHI,101,,,,False
2002-2003,2003,0020201077,20030402/INDCLE,Final,2003-04-03,02:00,1610612739,CLE,82,1610612754,IND,103,,,,False
2002-2003,2003,0020201078,20030402/TORDET,Final,2003-04-03,02:30,1610612765,DET,78,1610612761,TOR,89,,,,False
2002-2003,2003,0020201079,20030402/SACWAS,Final,2003-04-03,03:00,1610612764,WAS,99,1610612758,SAC,105,,,,False
2002-2003,2003,0020201080,20030402/HOUMIL,Final,2003-04-03,03:00,1610612749,MIL,106,1610612745,HOU,99,,,,False
2002-2003,2003,0020201081,20030402/SEAMIN,Final,2003-04-03,03:00,1610612750,MIN,91,1610612760,SEA,86,,,,False
2002-2003,2003,0020201082,20030402/SASMEM,Final,2003-04-03,03:00,1610612763,MEM,87,1610612759,SAS,105,,,,False
2002-2003,2003,0020201083,20030402/NJNNOH,Final,2003-04-03,03:30,1610612740,NOH,106,1610612751,NJN,97,,,,False
2002-2003,2003,0020201084,20030402/NYKDEN,Final,2003-04-03,05:30,1610612743,DEN,75,1610612752,NYK,83,,,,False
2002-2003,2003,0020201085,20030403/WASATL,Final,2003-04-04,02:00,1610612737,ATL,91,1610612764,WAS,89,,,,False
2002-2003,2003,0020201086,20030403/LALDAL,Final,2003-04-04,04:30,1610612742,DAL,89,1610612747,LAL,100,,,,False
2002-2003,2003,0020201087,20030403/UTAPOR,Final,2003-04-04,05:00,1610612757,POR,88,1610612762,UTA,93,,,,False
2002-2003,2003,0020201088,20030404/HOUPHI,Final,2003-04-05,02:00,1610612755,PHI,79,1610612745,HOU,88,,,,False
2002-2003,2003,0020201090,20030404/MIANJN,Final,2003-04-05,02:30,1610612751,NJN,99,1610612748,MIA,83,,,,False
2002-2003,2003,0020201091,20030404/SACBOS,Final,2003-04-05,03:00,1610612738,BOS,92,1610612758,SAC,93,,,,False
2002-2003,2003,0020201092,20030404/INDDET,Final,2003-04-05,03:00,1610612765,DET,92,1610612754,IND,98,,,,False
2002-2003,2003,0020201093,20030404/LALMEM,Final,2003-04-05,03:00,1610612763,MEM,101,1610612747,LAL,102,,,,False
2002-2003,2003,0020201094,20030404/CLEMIL,Final,2003-04-05,03:30,1610612749,MIL,95,1610612739,CLE,93,,,,False
2002-2003,2003,0020201095,20030404/NYKUTA,Final/OT,2003-04-05,04:00,1610612762,UTA,92,1610612752,NYK,94,,,,False
2002-2003,2003,0020201096,20030404/PORGSW,Final,2003-04-05,05:30,1610612744,GSW,100,1610612757,POR,122,,,,False
2002-2003,2003,0020201097,20030404/LACSEA,Final,2003-04-05,05:30,1610612760,SEA,101,1610612746,LAC,93,,,,False
2002-2003,2003,0020201089,20030404/SASTOR,Final,2003-04-05,02:00,1610612761,TOR,98,1610612759,SAS,124,,,,False
2002-2003,2003,0020201102,20030405/MINPHX,Final,2003-04-05,22:30,1610612756,PHX,111,1610612750,MIN,94,,,,False
2002-2003,2003,0020201098,20030405/MEMATL,Final,2003-04-06,02:00,1610612737,ATL,97,1610612763,MEM,91,,,,False
2002-2003,2003,0020201099,20030405/NOHCLE,Final,2003-04-06,02:30,1610612739,CLE,79,1610612740,NOH,76,,,,False
2002-2003,2003,0020201100,20030405/MILCHI,Final/OT,2003-04-06,03:30,1610612741,CHI,117,1610612749,MIL,115,,,,False
2002-2003,2003,0020201101,20030405/ORLDAL,Final,2003-04-06,03:30,1610612742,DAL,108,1610612753,ORL,90,,,,False
2002-2003,2003,0020201103,20030405/NYKLAC,Final,2003-04-06,05:30,1610612746,LAC,109,1610612752,NYK,98,,,,False
2002-2003,2003,0020201104,20030406/WASBOS,Final/OT,2003-04-06,19:00,1610612738,BOS,98,1610612764,WAS,99,,,,False
2002-2003,2003,0020201106,20030406/NJNTOR,Final,2003-04-06,19:30,1610612761,TOR,87,1610612751,NJN,96,,,,False
2002-2003,2003,0020201105,20030406/SACPHI,Final,2003-04-06,21:30,1610612755,PHI,81,1610612758,SAC,97,,,,False
2002-2003,2003,0020201107,20030406/SASDET,Final,2003-04-07,00:00,1610612765,DET,83,1610612759,SAS,89,,,,False
2002-2003,2003,0020201108,20030406/MIAIND,Final,2003-04-07,00:00,1610612754,IND,90,1610612748,MIA,69,,,,False
2002-2003,2003,0020201109,20030406/DENGSW,Final,2003-04-07,00:30,1610612744,GSW,106,1610612743,DEN,99,,,,False
2002-2003,2003,0020201110,20030406/ORLHOU,Final,2003-04-07,02:30,1610612745,HOU,114,1610612753,ORL,93,,,,False
2002-2003,2003,0020201111,20030406/MINPOR,Final,2003-04-07,03:00,1610612757,POR,78,1610612750,MIN,97,,,,False
2002-2003,2003,0020201112,20030406/UTASEA,Final,2003-04-07,03:00,1610612760,SEA,82,1610612762,UTA,80,,,,False
2002-2003,2003,0020201113,20030406/PHXLAL,Final/OT,2003-04-07,03:30,1610612747,LAL,115,1610612756,PHX,113,,,,False
2002-2003,2003,0020201114,20030408/DETPHI,Final,2003-04-09,01:00,1610612755,PHI,91,1610612765,DET,74,,,,False
2002-2003,2003,0020201115,20030408/WASCLE,Final,2003-04-09,01:00,1610612739,CLE,91,1610612764,WAS,100,,,,False
2002-2003,2003,0020201116,20030408/ATLNYK,Final,2003-04-09,01:30,1610612752,NYK,99,1610612737,ATL,95,,,,False
2002-2003,2003,0020201117,20030408/TORMIA,Final,2003-04-09,01:30,1610612748,MIA,89,1610612761,TOR,83,,,,False
2002-2003,2003,0020201118,20030408/LACMEM,Final,2003-04-09,02:00,1610612763,MEM,111,1610612746,LAC,108,,,,False
2002-2003,2003,0020201120,20030408/PORHOU,Final,2003-04-09,02:30,1610612745,HOU,66,1610612757,POR,81,,,,False
2002-2003,2003,0020201121,20030408/PHXDEN,Final,2003-04-09,03:00,1610612743,DEN,78,1610612756,PHX,98,,,,False
2002-2003,2003,0020201122,20030408/SEASAC,Final,2003-04-09,04:00,1610612758,SAC,107,1610612760,SEA,85,,,,False
2002-2003,2003,0020201123,20030408/DALLAL,Final,2003-04-09,04:30,1610612747,LAL,108,1610612742,DAL,99,,,,False
2002-2003,2003,0020201124,20030408/UTAGSW,Final,2003-04-09,04:30,1610612744,GSW,128,1610612762,UTA,102,,,,False
2002-2003,2003,0020201119,20030408/INDCHI,Final,2003-04-09,02:30,1610612741,CHI,115,1610612754,IND,103,,,,False
2002-2003,2003,0020201125,20030409/BOSWAS,Final,2003-04-10,01:00,1610612764,WAS,83,1610612738,BOS,87,,,,False
2002-2003,2003,0020201126,20030409/TORORL,Final,2003-04-10,01:00,1610612753,ORL,88,1610612761,TOR,82,,,,False
2002-2003,2003,0020201127,20030409/NJNATL,Final,2003-04-10,01:30,1610612737,ATL,97,1610612751,NJN,92,,,,False
2002-2003,2003,0020201128,20030409/CHIDET,Final/OT,2003-04-10,01:30,1610612765,DET,111,1610612741,CHI,102,,,,False
2002-2003,2003,0020201129,20030409/LACMIL,Final,2003-04-10,02:00,1610612749,MIL,112,1610612746,LAC,92,,,,False
2002-2003,2003,0020201130,20030409/CLENOH,Final,2003-04-10,02:30,1610612740,NOH,100,1610612739,CLE,81,,,,False
2002-2003,2003,0020201131,20030409/PORSAS,Final,2003-04-10,02:30,1610612759,SAS,84,1610612757,POR,79,,,,False
2002-2003,2003,0020201132,20030409/HOUUTA,Final,2003-04-10,03:00,1610612762,UTA,94,1610612745,HOU,73,,,,False
2002-2003,2003,0020201133,20030409/DALPHX,Final,2003-04-10,04:00,1610612756,PHX,112,1610612742,DAL,89,,,,False
2002-2003,2003,0020201134,20030409/MINSEA,Final,2003-04-10,04:00,1610612760,SEA,100,1610612750,MIN,92,,,,False
2002-2003,2003,0020201135,20030410/PHIBOS,Final,2003-04-11,01:30,1610612738,BOS,78,1610612755,PHI,99,,,,False
2002-2003,2003,0020201136,20030410/SACLAL,Final,2003-04-11,04:00,1610612747,LAL,117,1610612758,SAC,104,,,,False
2002-2003,2003,0020201137,20030411/MILTOR,Final,2003-04-12,01:00,1610612761,TOR,103,1610612749,MIL,105,,,,False
2002-2003,2003,0020201138,20030411/CLEATL,Final,2003-04-12,01:30,1610612737,ATL,109,1610612739,CLE,89,,,,False
2002-2003,2003,0020201139,20030411/PHINYK,Final,2003-04-12,02:00,1610612752,NYK,108,1610612755,PHI,103,,,,False
2002-2003,2003,0020201140,20030411/WASMIA,Final,2003-04-12,02:00,1610612748,MIA,87,1610612764,WAS,91,,,,False
2002-2003,2003,0020201141,20030411/ORLIND,Final,2003-04-12,02:00,1610612754,IND,86,1610612753,ORL,98,,,,False
2002-2003,2003,0020201142,20030411/LACMIN,Final,2003-04-12,02:00,1610612750,MIN,106,1610612746,LAC,90,,,,False
2002-2003,2003,0020201143,20030411/PORMEM,Final,2003-04-12,02:00,1610612763,MEM,96,1610612757,POR,93,,,,False
2002-2003,2003,0020201144,20030411/DETNOH,Final,2003-04-12,02:30,1610612740,NOH,93,1610612765,DET,89,,,,False
2002-2003,2003,0020201145,20030411/NJNCHI,Final,2003-04-12,02:30,1610612741,CHI,95,1610612751,NJN,86,,,,False
2002-2003,2003,0020201146,20030411/SEASAS,Final,2003-04-12,02:30,1610612759,SAS,94,1610612760,SEA,86,,,,False
2002-2003,2003,0020201147,20030411/DALUTA,Final,2003-04-12,03:00,1610612762,UTA,95,1610612742,DAL,92,,,,False
2002-2003,2003,0020201148,20030411/GSWPHX,Final,2003-04-12,04:30,1610612756,PHX,117,1610612744,GSW,101,,,,False
2002-2003,2003,0020201149,20030411/DENSAC,Final,2003-04-12,04:30,1610612758,SAC,105,1610612743,DEN,103,,,,False
2002-2003,2003,0020201150,20030412/ATLWAS,Final,2003-04-13,01:00,1610612764,WAS,100,1610612737,ATL,101,,,,False
2002-2003,2003,0020201151,20030412/BOSORL,Final,2003-04-13,01:00,1610612753,ORL,89,1610612738,BOS,86,,,,False
2002-2003,2003,0020201152,20030412/TORNJN,Final,2003-04-13,01:30,1610612751,NJN,94,1610612761,TOR,86,,,,False
2002-2003,2003,0020201153,20030412/NYKCLE,Final/OT,2003-04-13,01:30,1610612739,CLE,104,1610612752,NYK,99,,,,False
2002-2003,2003,0020201154,20030412/GSWDAL,Final,2003-04-13,02:30,1610612742,DAL,117,1610612744,GSW,108,,,,False
2002-2003,2003,0020201155,20030412/SEAHOU,Final,2003-04-13,02:30,1610612745,HOU,101,1610612760,SEA,86,,,,False
2002-2003,2003,0020201156,20030412/LACDEN,Final,2003-04-13,03:30,1610612743,DEN,79,1610612746,LAC,101,,,,False
2002-2003,2003,0020201157,20030413/INDMIL,Final,2003-04-13,21:00,1610612749,MIL,107,1610612754,IND,98,,,,False
2002-2003,2003,0020201158,20030413/CHIMIN,Final,2003-04-13,21:30,1610612750,MIN,119,1610612741,CHI,95,,,,False
2002-2003,2003,0020201159,20030413/LALPOR,Final,2003-04-13,21:30,1610612757,POR,101,1610612747,LAL,99,,,,False
2002-2003,2003,0020201160,20030413/DETMEM,Final/OT2,2003-04-13,23:30,1610612763,MEM,107,1610612765,DET,110,,,,False
2002-2003,2003,0020201161,20030413/NOHPHI,Final,2003-04-14,00:00,1610612755,PHI,89,1610612740,NOH,94,,,,False
2002-2003,2003,0020201162,20030413/BOSMIA,Final,2003-04-14,00:00,1610612748,MIA,86,1610612738,BOS,94,,,,False
2002-2003,2003,0020201163,20030413/SASPHX,Final,2003-04-14,03:00,1610612756,PHX,92,1610612759,SAS,85,,,,False
2002-2003,2003,0020201170,20030414/LACGSW,Final,2003-04-15,04:30,1610612744,GSW,113,1610612746,LAC,122,,,,False
2002-2003,2003,0020201164,20030414/NYKWAS,Final,2003-04-15,01:00,1610612764,WAS,79,1610612752,NYK,93,,,,False
2002-2003,2003,0020201165,20030414/NOHNJN,Final,2003-04-15,01:30,1610612751,NJN,74,1610612740,NOH,87,,,,False
2002-2003,2003,0020201166,20030414/ORLATL,Final,2003-04-15,01:30,1610612737,ATL,100,1610612753,ORL,84,,,,False
2002-2003,2003,0020201168,20030414/SEADAL,Final,2003-04-15,02:30,1610612742,DAL,109,1610612760,SEA,106,,,,False
2002-2003,2003,0020201169,20030414/SASUTA,Final,2003-04-15,03:00,1610612762,UTA,83,1610612759,SAS,91,,,,False
2002-2003,2003,0020201167,20030414/CLEDET,Final,2003-04-15,01:30,1610612765,DET,89,1610612739,CLE,88,,,,False
2002-2003,2003,0020201171,20030415/MIATOR,Final,2003-04-16,01:00,1610612761,TOR,99,1610612748,MIA,103,,,,False
2002-2003,2003,0020201172,20030415/INDNYK,Final,2003-04-16,01:30,1610612752,NYK,93,1610612754,IND,109,,,,False
2002-2003,2003,0020201173,20030415/PHICHI,Final,2003-04-16,02:30,1610612741,CHI,115,1610612755,PHI,106,,,,False
2002-2003,2003,0020201174,20030415/MEMHOU,Final,2003-04-16,02:30,1610612745,HOU,97,1610612763,MEM,86,,,,False
2002-2003,2003,0020201175,20030415/PHXPOR,Final,2003-04-16,04:00,1610612757,POR,120,1610612756,PHX,102,,,,False
2002-2003,2003,0020201176,20030415/DENLAL,Final,2003-04-16,04:30,1610612747,LAL,126,1610612743,DEN,104,,,,False
2002-2003,2003,0020201177,20030416/DETBOS,Final,2003-04-17,01:00,1610612738,BOS,99,1610612765,DET,92,,,,False
2002-2003,2003,0020201178,20030416/WASPHI,Final,2003-04-17,01:00,1610612755,PHI,107,1610612764,WAS,87,,,,False
2002-2003,2003,0020201179,20030416/TORCLE,Final,2003-04-17,01:00,1610612739,CLE,96,1610612761,TOR,86,,,,False
2002-2003,2003,0020201180,20030416/NJNIND,Final,2003-04-17,02:00,1610612754,IND,90,1610612751,NJN,83,,,,False
2002-2003,2003,0020201181,20030416/ORLMIL,Final,2003-04-17,02:00,1610612749,MIL,93,1610612753,ORL,87,,,,False
2002-2003,2003,0020201182,20030416/MINMEM,Final,2003-04-17,02:00,1610612763,MEM,87,1610612750,MIN,95,,,,False
2002-2003,2003,0020201183,20030416/ATLNOH,Final,2003-04-17,02:30,1610612740,NOH,92,1610612737,ATL,77,,,,False
2002-2003,2003,0020201184,20030416/DALSAS,Final,2003-04-17,02:30,1610612759,SAS,72,1610612742,DAL,93,,,,False
2002-2003,2003,0020201185,20030416/HOUDEN,Final,2003-04-17,03:00,1610612743,DEN,84,1610612745,HOU,89,,,,False
2002-2003,2003,0020201186,20030416/UTASAC,Final,2003-04-17,04:00,1610612758,SAC,95,1610612762,UTA,84,,,,False
2002-2003,2003,0020201187,20030416/PHXSEA,Final,2003-04-17,04:00,1610612760,SEA,84,1610612756,PHX,70,,,,False
2002-2003,2003,0020201188,20030416/PORLAC,Final,2003-04-17,04:30,1610612746,LAC,107,1610612757,POR,93,,,,False
2002-2003,2003,0020201189,20030416/LALGSW,Final,2003-04-17,04:30,1610612744,GSW,111,1610612747,LAL,117,,,,False
2002-2003,2003,0040200111,20030419/MILNJN,Final,2003-04-19,18:30,1610612751,NJN,109,1610612749,MIL,96,Game 1,East - First Round,1st Round,False
2002-2003,2003,0040200121,20030419/BOSIND,Final,2003-04-19,21:00,1610612754,IND,100,1610612738,BOS,103,Game 1,East - First Round,1st Round,False
2002-2003,2003,0040200141,20030419/PHXSAS,Final/OT,2003-04-19,23:30,1610612759,SAS,95,1610612756,PHX,96,Game 1,West - First Round,1st Round,False
2002-2003,2003,0040200151,20030419/UTASAC,Final,2003-04-20,04:30,1610612758,SAC,96,1610612762,UTA,90,Game 1,West - First Round,1st Round,False
2002-2003,2003,0040200161,20030419/PORDAL,Final,2003-04-20,02:00,1610612742,DAL,96,1610612757,POR,86,Game 1,West - First Round,1st Round,False
2002-2003,2003,0040200101,20030420/ORLDET,Final,2003-04-20,18:30,1610612765,DET,94,1610612753,ORL,99,Game 1,East - First Round,1st Round,False
2002-2003,2003,0040200131,20030420/NOHPHI,Final,2003-04-21,02:00,1610612755,PHI,98,1610612740,NOH,90,Game 1,East - First Round,1st Round,False
2002-2003,2003,0040200171,20030420/LALMIN,Final,2003-04-20,21:30,1610612750,MIN,98,1610612747,LAL,117,Game 1,West - First Round,1st Round,False
2002-2003,2003,0040200122,20030421/BOSIND,Final,2003-04-22,02:30,1610612754,IND,89,1610612738,BOS,77,Game 2,East - First Round,1st Round,False
2002-2003,2003,0040200142,20030421/PHXSAS,Final,2003-04-22,02:00,1610612759,SAS,84,1610612756,PHX,76,Game 2,West - First Round,1st Round,False
2002-2003,2003,0040200152,20030421/UTASAC,Final,2003-04-22,04:30,1610612758,SAC,108,1610612762,UTA,95,Game 2,West - First Round,1st Round,False
2002-2003,2003,0040200112,20030422/MILNJN,Final,2003-04-23,01:00,1610612751,NJN,85,1610612749,MIL,88,Game 2,East - First Round,1st Round,False
2002-2003,2003,0040200172,20030422/LALMIN,Final,2003-04-23,03:30,1610612750,MIN,119,1610612747,LAL,91,Game 2,West - First Round,1st Round,False
2002-2003,2003,0040200102,20030423/ORLDET,Final,2003-04-24,02:00,1610612765,DET,89,1610612753,ORL,77,Game 2,East - First Round,1st Round,False
2002-2003,2003,0040200132,20030423/NOHPHI,Final,2003-04-24,01:00,1610612755,PHI,90,1610612740,NOH,85,Game 2,East - First Round,1st Round,False
2002-2003,2003,0040200162,20030423/PORDAL,Final,2003-04-24,03:30,1610612742,DAL,103,1610612757,POR,99,Game 2,West - First Round,1st Round,False
2002-2003,2003,0040200113,20030424/NJNMIL,Final,2003-04-25,02:30,1610612749,MIL,101,1610612751,NJN,103,Game 3,East - First Round,1st Round,False
2002-2003,2003,0040200123,20030424/INDBOS,Final,2003-04-25,00:00,1610612738,BOS,101,1610612754,IND,83,Game 3,East - First Round,1st Round,False
2002-2003,2003,0040200173,20030424/MINLAL,Final/OT,2003-04-25,05:00,1610612747,LAL,110,1610612750,MIN,114,Game 3,West - First Round,1st Round,False
2002-2003,2003,0040200103,20030425/DETORL,Final,2003-04-26,02:00,1610612753,ORL,89,1610612765,DET,80,Game 3,East - First Round,1st Round,False
2002-2003,2003,0040200143,20030425/SASPHX,Final,2003-04-26,04:00,1610612756,PHX,86,1610612759,SAS,99,Game 3,West - First Round,1st Round,False
2002-2003,2003,0040200163,20030425/DALPOR,Final,2003-04-26,04:30,1610612757,POR,103,1610612742,DAL,115,Game 3,West - First Round,1st Round,False
2002-2003,2003,0040200114,20030426/NJNMIL,Final/OT,2003-04-26,23:00,1610612749,MIL,119,1610612751,NJN,114,Game 4,East - First Round,1st Round,False
2002-2003,2003,0040200133,20030426/PHINOH,Final,2003-04-27,01:30,1610612740,NOH,99,1610612755,PHI,85,Game 3,East - First Round,1st Round,False
2002-2003,2003,0040200153,20030426/SACUTA,Final,2003-04-27,04:00,1610612762,UTA,107,1610612758,SAC,104,Game 3,West - First Round,1st Round,False
2002-2003,2003,0040200104,20030427/DETORL,Final,2003-04-27,23:30,1610612753,ORL,100,1610612765,DET,92,Game 4,East - First Round,1st Round,False
2002-2003,2003,0040200124,20030427/INDBOS,Final,2003-04-27,18:00,1610612738,BOS,102,1610612754,IND,92,Game 4,East - First Round,1st Round,False
2002-2003,2003,0040200144,20030427/SASPHX,Final,2003-04-28,04:30,1610612756,PHX,86,1610612759,SAS,84,Game 4,West - First Round,1st Round,False
2002-2003,2003,0040200164,20030427/DALPOR,Final,2003-04-28,02:00,1610612757,POR,98,1610612742,DAL,79,Game 4,West - First Round,1st Round,False
2002-2003,2003,0040200174,20030427/MINLAL,Final,2003-04-27,21:00,1610612747,LAL,102,1610612750,MIN,97,Game 4,West - First Round,1st Round,False
2002-2003,2003,0040200134,20030428/PHINOH,Final,2003-04-29,02:00,1610612740,NOH,87,1610612755,PHI,96,Game 4,East - First Round,1st Round,False
2002-2003,2003,0040200154,20030428/SACUTA,Final,2003-04-29,04:30,1610612762,UTA,82,1610612758,SAC,99,Game 4,West - First Round,1st Round,False
2002-2003,2003,0040200115,20030429/MILNJN,Final,2003-04-30,01:00,1610612751,NJN,89,1610612749,MIL,82,Game 5,East - First Round,1st Round,False
2002-2003,2003,0040200125,20030429/BOSIND,Final/OT,2003-04-30,03:30,1610612754,IND,93,1610612738,BOS,88,Game 5,East - First Round,1st Round,False
2002-2003,2003,0040200145,20030429/PHXSAS,Final,2003-04-30,01:00,1610612759,SAS,94,1610612756,PHX,82,Game 5,West - First Round,1st Round,False
2002-2003,2003,0040200175,20030429/LALMIN,Final,2003-04-30,03:30,1610612750,MIN,90,1610612747,LAL,120,Game 5,West - First Round,1st Round,False
2002-2003,2003,0040200105,20030430/ORLDET,Final,2003-05-01,02:00,1610612765,DET,98,1610612753,ORL,67,Game 5,East - First Round,1st Round,False
2002-2003,2003,0040200135,20030430/NOHPHI,Final,2003-05-01,00:00,1610612755,PHI,91,1610612740,NOH,93,Game 5,East - First Round,1st Round,False
2002-2003,2003,0040200155,20030430/UTASAC,Final,2003-05-01,05:00,1610612758,SAC,111,1610612762,UTA,91,Game 5,West - First Round,1st Round,False
2002-2003,2003,0040200165,20030430/PORDAL,Final,2003-05-01,02:30,1610612742,DAL,99,1610612757,POR,103,Game 5,West - First Round,1st Round,False
2002-2003,2003,0040200116,20030501/NJNMIL,Final,2003-05-02,02:00,1610612749,MIL,101,1610612751,NJN,113,Game 6,East - First Round,1st Round,False
2002-2003,2003,0040200126,20030501/INDBOS,Final,2003-05-02,01:00,1610612738,BOS,110,1610612754,IND,90,Game 6,East - First Round,1st Round,False
2002-2003,2003,0040200146,20030501/SASPHX,Final,2003-05-02,03:30,1610612756,PHX,85,1610612759,SAS,87,Game 6,West - First Round,1st Round,False
2002-2003,2003,0040200176,20030501/MINLAL,Final,2003-05-02,04:30,1610612747,LAL,101,1610612750,MIN,85,Game 6,West - First Round,1st Round,False
2002-2003,2003,0040200106,20030502/DETORL,Final,2003-05-03,01:00,1610612753,ORL,88,1610612765,DET,103,Game 6,East - First Round,1st Round,False
2002-2003,2003,0040200136,20030502/PHINOH,Final,2003-05-03,03:30,1610612740,NOH,103,1610612755,PHI,107,Game 6,East - First Round,1st Round,False
2002-2003,2003,0040200166,20030502/DALPOR,Final,2003-05-03,04:30,1610612757,POR,125,1610612742,DAL,103,Game 6,West - First Round,1st Round,False
2002-2003,2003,0040200107,20030504/ORLDET,Final,2003-05-04,18:30,1610612765,DET,108,1610612753,ORL,93,Game 7,East - First Round,1st Round,False
2002-2003,2003,0040200167,20030504/PORDAL,Final,2003-05-04,21:30,1610612742,DAL,107,1610612757,POR,95,Game 7,West - First Round,1st Round,False
2002-2003,2003,0040200211,20030505/BOSNJN,Final,2003-05-06,01:00,1610612751,NJN,97,1610612738,BOS,93,Game 1,East - Conf. Semifinals,Conf. Semifinals,False
2002-2003,2003,0040200221,20030505/LALSAS,Final,2003-05-06,03:30,1610612759,SAS,87,1610612747,LAL,82,Game 1,West - Conf. Semifinals,Conf. Semifinals,False
2002-2003,2003,0040200201,20030506/PHIDET,Final,2003-05-07,02:00,1610612765,DET,98,1610612755,PHI,87,Game 1,East - Conf. Semifinals,Conf. Semifinals,False
2002-2003,2003,0040200231,20030506/SACDAL,Final,2003-05-07,03:00,1610612742,DAL,113,1610612758,SAC,124,Game 1,West - Conf. Semifinals,Conf. Semifinals,False
2002-2003,2003,0040200212,20030507/BOSNJN,Final,2003-05-08,01:00,1610612751,NJN,104,1610612738,BOS,95,Game 2,East - Conf. Semifinals,Conf. Semifinals,False
2002-2003,2003,0040200222,20030507/LALSAS,Final,2003-05-08,03:30,1610612759,SAS,114,1610612747,LAL,95,Game 2,West - Conf. Semifinals,Conf. Semifinals,False
2002-2003,2003,0040200202,20030508/PHIDET,Final/OT,2003-05-09,01:00,1610612765,DET,104,1610612755,PHI,97,Game 2,East - Conf. Semifinals,Conf. Semifinals,False
2002-2003,2003,0040200232,20030508/SACDAL,Final,2003-05-09,03:30,1610612742,DAL,132,1610612758,SAC,110,Game 2,West - Conf. Semifinals,Conf. Semifinals,False
2002-2003,2003,0040200213,20030509/NJNBOS,Final,2003-05-10,02:00,1610612738,BOS,76,1610612751,NJN,94,Game 3,East - Conf. Semifinals,Conf. Semifinals,False
2002-2003,2003,0040200223,20030509/SASLAL,Final,2003-05-10,04:30,1610612747,LAL,110,1610612759,SAS,95,Game 3,West - Conf. Semifinals,Conf. Semifinals,False
2002-2003,2003,0040200203,20030510/DETPHI,Final,2003-05-11,01:00,1610612755,PHI,93,1610612765,DET,83,Game 3,East - Conf. Semifinals,Conf. Semifinals,False
2002-2003,2003,0040200233,20030510/DALSAC,Final/OT2,2003-05-11,03:30,1610612758,SAC,137,1610612742,DAL,141,Game 3,West - Conf. Semifinals,Conf. Semifinals,False
2002-2003,2003,0040200204,20030511/DETPHI,Final,2003-05-12,02:00,1610612755,PHI,95,1610612765,DET,82,Game 4,East - Conf. Semifinals,Conf. Semifinals,False
2002-2003,2003,0040200224,20030511/SASLAL,Final,2003-05-11,21:30,1610612747,LAL,99,1610612759,SAS,95,Game 4,West - Conf. Semifinals,Conf. Semifinals,False
2002-2003,2003,0040200234,20030511/DALSAC,Final,2003-05-12,04:30,1610612758,SAC,99,1610612742,DAL,83,Game 4,West - Conf. Semifinals,Conf. Semifinals,False
2002-2003,2003,0040200214,20030512/NJNBOS,Final/OT2,2003-05-13,02:00,1610612738,BOS,101,1610612751,NJN,110,Game 4,East - Conf. Semifinals,Conf. Semifinals,False
2002-2003,2003,0040200225,20030513/LALSAS,Final,2003-05-14,03:30,1610612759,SAS,96,1610612747,LAL,94,Game 5,West - Conf. Semifinals,Conf. Semifinals,False
2002-2003,2003,0040200235,20030513/SACDAL,Final,2003-05-14,01:00,1610612742,DAL,112,1610612758,SAC,93,Game 5,West - Conf. Semifinals,Conf. Semifinals,False
2002-2003,2003,0040200205,20030514/PHIDET,Final,2003-05-15,02:00,1610612765,DET,78,1610612755,PHI,77,Game 5,East - Conf. Semifinals,Conf. Semifinals,False
2002-2003,2003,0040200226,20030515/SASLAL,Final,2003-05-16,02:00,1610612747,LAL,82,1610612759,SAS,110,Game 6,West - Conf. Semifinals,Conf. Semifinals,False
2002-2003,2003,0040200236,20030515/DALSAC,Final,2003-05-16,04:30,1610612758,SAC,115,1610612742,DAL,109,Game 6,West - Conf. Semifinals,Conf. Semifinals,False
2002-2003,2003,0040200206,20030516/DETPHI,Final/OT,2003-05-17,01:30,1610612755,PHI,89,1610612765,DET,93,Game 6,East - Conf. Semifinals,Conf. Semifinals,False
2002-2003,2003,0040200237,20030517/SACDAL,Final,2003-05-18,02:00,1610612742,DAL,112,1610612758,SAC,99,Game 7,West - Conf. Semifinals,Conf. Semifinals,False
2002-2003,2003,0040200301,20030518/NJNDET,Final,2003-05-18,19:30,1610612765,DET,74,1610612751,NJN,76,Game 1,East - Conf. Finals,Conf. Finals,False
2002-2003,2003,0040200311,20030519/DALSAS,Final,2003-05-20,03:30,1610612759,SAS,110,1610612742,DAL,113,Game 1,West - Conf. Finals,Conf. Finals,False
2002-2003,2003,0040200302,20030520/NJNDET,Final,2003-05-21,02:00,1610612765,DET,86,1610612751,NJN,88,Game 2,East - Conf. Finals,Conf. Finals,False
2002-2003,2003,0040200312,20030521/DALSAS,Final,2003-05-22,02:30,1610612759,SAS,119,1610612742,DAL,106,Game 2,West - Conf. Finals,Conf. Finals,False
2002-2003,2003,0040200303,20030522/DETNJN,Final,2003-05-23,02:30,1610612751,NJN,97,1610612765,DET,85,Game 3,East - Conf. Finals,Conf. Finals,False
2002-2003,2003,0040200313,20030523/SASDAL,Final,2003-05-24,03:00,1610612742,DAL,83,1610612759,SAS,96,Game 3,West - Conf. Finals,Conf. Finals,False
2002-2003,2003,0040200304,20030524/DETNJN,Final,2003-05-25,02:00,1610612751,NJN,102,1610612765,DET,82,Game 4,East - Conf. Finals,Conf. Finals,False
2002-2003,2003,0040200314,20030525/SASDAL,Final,2003-05-26,02:30,1610612742,DAL,95,1610612759,SAS,102,Game 4,West - Conf. Finals,Conf. Finals,False
2002-2003,2003,0040200315,20030527/DALSAS,Final,2003-05-28,03:00,1610612759,SAS,91,1610612742,DAL,103,Game 5,West - Conf. Finals,Conf. Finals,False
2002-2003,2003,0040200316,20030529/SASDAL,Final,2003-05-30,03:00,1610612742,DAL,78,1610612759,SAS,90,Game 6,West - Conf. Finals,Conf. Finals,False
2002-2003,2003,0040200401,20030604/NJNSAS,Final,2003-06-05,02:30,1610612759,SAS,101,1610612751,NJN,89,Game 1,NBA Finals,NBA Finals,False
2002-2003,2003,0040200402,20030606/NJNSAS,Final,2003-06-07,02:30,1610612759,SAS,85,1610612751,NJN,87,Game 2,NBA Finals,NBA Finals,False
2002-2003,2003,0040200403,20030608/SASNJN,Final,2003-06-09,02:30,1610612751,NJN,79,1610612759,SAS,84,Game 3,NBA Finals,NBA Finals,False
2002-2003,2003,0040200404,20030611/SASNJN,Final,2003-06-12,02:30,1610612751,NJN,77,1610612759,SAS,76,Game 4,NBA Finals,NBA Finals,False
2002-2003,2003,0040200405,20030613/SASNJN,Final,2003-06-14,02:30,1610612751,NJN,83,1610612759,SAS,93,Game 5,NBA Finals,NBA Finals,False
2002-2003,2003,0040200406,20030615/NJNSAS,Final,2003-06-16,02:30,1610612759,SAS,88,1610612751,NJN,77,Game 6,NBA Finals,NBA Finals,False
