Saison,Année,gameId,gameCode,gameStatusText,dateParis,heureParis,homeTeamId,homeTeamTricode,homeTeamScore,awayTeamId,awayTeamTricode,awayTeamScore,seriesGameNumber,gameLabel,poRoundDesc,ifNecessary
2010-2011,2011,0011000001,20101003/NYKMLN,Final,2010-10-03,18:30,94,MLN,113,1610612752,NYK,125,,,,False
2010-2011,2011,0011000002,20101003/MACNJN,Final,2010-10-04,01:00,1610612751,NJN,108,93,MAC,70,,,,False
2010-2011,2011,0011000003,20101004/LALMIN,Final,2010-10-04,21:00,1610612750,MIN,111,1610612747,LAL,92,,,,False
2010-2011,2011,0011000004,20101005/CHACLE,Final,2010-10-06,01:00,1610612739,CLE,87,1610612766,CHA,72,,,,False
2010-2011,2011,0011000007,20101005/NJNPHI,Final,2010-10-06,01:00,1610612755,PHI,96,1610612751,NJN,103,,,,False
2010-2011,2011,0011000011,20101005/DETMIA,Final,2010-10-06,01:30,1610612748,MIA,105,1610612765,DET,89,,,,False
2010-2011,2011,0011000006,20101005/CHIMIL,Final,2010-10-06,02:00,1610612749,MIL,92,1610612741,CHI,83,,,,False
2010-2011,2011,0011000005,20101005/ORLHOU,Final,2010-10-06,02:30,1610612745,HOU,88,1610612753,ORL,97,,,,False
2010-2011,2011,0011000010,20101005/WASDAL,Final,2010-10-06,02:30,1610612742,DAL,94,1610612764,WAS,97,,,,False
2010-2011,2011,0011000008,20101005/LACPOR,Final,2010-10-06,04:00,1610612757,POR,115,1610612746,LAC,86,,,,False
2010-2011,2011,0011000009,20101005/PHXSAC,Final,2010-10-06,04:00,1610612758,SAC,109,1610612756,PHX,95,,,,False
2010-2011,2011,0011000016,20101006/NYKMIN,Final,2010-10-06,20:00,1610612750,MIN,106,1610612752,NYK,100,,,,False
2010-2011,2011,0011000012,20101006/OKCCHA,Final,2010-10-07,01:30,1610612766,CHA,93,1610612760,OKC,97,,,,False
2010-2011,2011,0011000015,20101006/PHIBOS,Final,2010-10-07,01:30,1610612738,BOS,93,1610612755,PHI,65,,,,False
2010-2011,2011,0011000013,20101006/INDMEM,Final,2010-10-07,02:00,1610612763,MEM,87,1610612754,IND,85,,,,False
2010-2011,2011,0011000014,20101006/TORPHX,Final,2010-10-07,04:00,1610612756,PHX,78,1610612761,TOR,129,,,,False
2010-2011,2011,0011000024,20101007/LALBAR,Final,2010-10-07,20:30,12304,BAR,92,1610612747,LAL,88,,,,False
2010-2011,2011,0011000017,20101007/MEMATL,Final/OT,2010-10-08,01:00,1610612737,ATL,111,1610612763,MEM,115,,,,False
2010-2011,2011,0011000018,20101007/WASCLE,Final,2010-10-08,01:00,1610612739,CLE,83,1610612764,WAS,97,,,,False
2010-2011,2011,0011000019,20101007/BOSNJN,Final,2010-10-08,01:00,1610612751,NJN,92,1610612738,BOS,96,,,,False
2010-2011,2011,0011000022,20101007/CHIDAL,Final,2010-10-08,02:30,1610612742,DAL,88,1610612741,CHI,83,,,,False
2010-2011,2011,0011000023,20101007/SASHOU,Final,2010-10-08,02:30,1610612745,HOU,90,1610612759,SAS,87,,,,False
2010-2011,2011,0011000021,20101007/PORUTA,Final,2010-10-08,03:00,1610612762,UTA,100,1610612757,POR,96,,,,False
2010-2011,2011,0011000020,20101007/LACSAC,Final,2010-10-08,04:00,1610612758,SAC,88,1610612746,LAC,120,,,,False
2010-2011,2011,0011000027,20101008/ORLIND,Final,2010-10-09,01:00,1610612754,IND,86,1610612753,ORL,93,,,,False
2010-2011,2011,0011000028,20101008/MILDET,Final/OT,2010-10-09,01:30,1610612765,DET,115,1610612749,MIL,110,,,,False
2010-2011,2011,0011000025,20101008/WASCHI,Final,2010-10-09,02:00,1610612741,CHI,107,1610612764,WAS,96,,,,False
2010-2011,2011,0011000030,20101008/OKCMIA,Final,2010-10-09,02:30,1610612748,MIA,103,1610612760,OKC,96,,,,False
2010-2011,2011,0011000026,20101008/PORDEN,Final,2010-10-09,03:00,1610612743,DEN,109,1610612757,POR,99,,,,False
2010-2011,2011,0011000029,20101008/LACGSW,Final,2010-10-09,04:30,1610612744,GSW,127,1610612746,LAC,87,,,,False
2010-2011,2011,0011000031,20101009/PHINJN,Final,2010-10-09,19:00,1610612751,NJN,90,1610612755,PHI,89,,,,False
2010-2011,2011,0011000032,20101009/INDHOU,Final,2010-10-10,01:00,1610612745,HOU,126,1610612754,IND,92,,,,False
2010-2011,2011,0011000034,20101009/CHAMIL,Final,2010-10-10,02:00,1610612749,MIL,86,1610612766,CHA,78,,,,False
2010-2011,2011,0011000035,20101009/MEMNOH,Final,2010-10-10,02:00,1610612740,NOH,90,1610612763,MEM,97,,,,False
2010-2011,2011,0011000036,20101009/MIASAS,Final,2010-10-10,02:30,1610612759,SAS,90,1610612748,MIA,73,,,,False
2010-2011,2011,0011000033,20101009/DALPHX,Final,2010-10-10,03:30,1610612756,PHX,98,1610612742,DAL,90,,,,False
2010-2011,2011,0011000037,20101010/TORBOS,Final,2010-10-11,00:00,1610612738,BOS,91,1610612761,TOR,87,,,,False
2010-2011,2011,0011000039,20101010/NOHORL,Final,2010-10-11,00:00,1610612753,ORL,135,1610612740,NOH,81,,,,False
2010-2011,2011,0011000038,20101010/CLEHOU,Final,2010-10-11,01:00,1610612745,HOU,93,1610612739,CLE,99,,,,False
2010-2011,2011,0011000040,20101010/SACGSW,Final,2010-10-11,04:00,1610612744,GSW,95,1610612758,SAC,86,,,,False
2010-2011,2011,0011000043,20101011/ATLDET,Final,2010-10-12,01:30,1610612765,DET,94,1610612737,ATL,85,,,,False
2010-2011,2011,0011000042,20101011/CLEDAL,Final,2010-10-12,02:30,1610612742,DAL,79,1610612739,CLE,85,,,,False
2010-2011,2011,0011000041,20101011/UTAPOR,Final,2010-10-12,04:00,1610612757,POR,100,1610612762,UTA,109,,,,False
2010-2011,2011,0011000047,20101012/BOSPHI,Final,2010-10-13,01:00,1610612755,PHI,103,1610612738,BOS,92,,,,False
2010-2011,2011,0011000050,20101012/ATLWAS,Final,2010-10-13,01:00,1610612764,WAS,107,1610612737,ATL,92,,,,False
2010-2011,2011,0011000051,20101012/MOSMIA,Final,2010-10-13,01:30,1610612748,MIA,96,12308,MOS,85,,,,False
2010-2011,2011,0011000044,20101012/TORCHI,Final,2010-10-13,02:00,1610612741,CHI,109,1610612761,TOR,90,,,,False
2010-2011,2011,0011000045,20101012/DENMIN,Final,2010-10-13,02:00,1610612750,MIN,122,1610612743,DEN,108,,,,False
2010-2011,2011,0011000046,20101012/MEMOKC,Final,2010-10-13,02:00,1610612760,OKC,96,1610612763,MEM,116,,,,False
2010-2011,2011,0011000052,20101012/SASLAC,Final,2010-10-13,03:30,1610612746,LAC,99,1610612759,SAS,100,,,,False
2010-2011,2011,0011000048,20101012/UTAPHX,Final,2010-10-13,04:00,1610612756,PHX,100,1610612762,UTA,105,,,,False
2010-2011,2011,0011000049,20101012/GSWSAC,Final,2010-10-13,04:00,1610612758,SAC,116,1610612744,GSW,97,,,,False
2010-2011,2011,0011000059,20101013/NJNHOU,Final,2010-10-13,14:00,1610612745,HOU,91,1610612751,NJN,81,,,,False
2010-2011,2011,0011000053,20101013/DALDET,Final,2010-10-14,01:00,1610612765,DET,96,1610612742,DAL,101,,,,False
2010-2011,2011,0011000054,20101013/MININD,Final,2010-10-14,01:00,1610612754,IND,98,1610612750,MIN,86,,,,False
2010-2011,2011,0011000057,20101013/PHITOR,Final/OT2,2010-10-14,01:00,1610612761,TOR,119,1610612755,PHI,116,,,,False
2010-2011,2011,0011000058,20101013/BOSNYK,Final,2010-10-14,01:30,1610612752,NYK,101,1610612738,BOS,104,,,,False
2010-2011,2011,0011000056,20101013/MIANOH,Final,2010-10-14,02:00,1610612740,NOH,90,1610612748,MIA,76,,,,False
2010-2011,2011,0011000055,20101013/SACLAL,Final,2010-10-14,04:00,1610612747,LAL,98,1610612758,SAC,95,,,,False
2010-2011,2011,0011000062,20101014/CHAORL,Final,2010-10-15,01:00,1610612753,ORL,86,1610612766,CHA,73,,,,False
2010-2011,2011,0011000064,20101014/MILWAS,Final,2010-10-15,01:00,1610612764,WAS,88,1610612749,MIL,96,,,,False
2010-2011,2011,0011000065,20101014/SASCLE,Final,2010-10-15,01:30,1610612739,CLE,106,1610612759,SAS,80,,,,False
2010-2011,2011,0011000060,20101014/LABMEM,Final,2010-10-15,02:00,1610612763,MEM,110,95,LAB,105,,,,False
2010-2011,2011,0011000061,20101014/MOSOKC,Final,2010-10-15,02:00,1610612760,OKC,97,12308,MOS,89,,,,False
2010-2011,2011,0011000063,20101014/PHXUTA,Final,2010-10-15,03:00,1610612762,UTA,108,1610612756,PHX,97,,,,False
2010-2011,2011,0011000066,20101014/DENLAC,Final,2010-10-15,04:30,1610612746,LAC,95,1610612743,DEN,100,,,,False
2010-2011,2011,0011000068,20101015/NOHIND,Final,2010-10-16,01:00,1610612754,IND,101,1610612740,NOH,98,,,,False
2010-2011,2011,0011000069,20101015/BOSTOR,Final,2010-10-16,01:00,1610612761,TOR,112,1610612738,BOS,117,,,,False
2010-2011,2011,0011000070,20101015/DETMIN,Final,2010-10-16,01:30,1610612750,MIN,99,1610612765,DET,88,,,,False
2010-2011,2011,0011000067,20101015/DALCHI,Final/OT,2010-10-16,02:00,1610612741,CHI,105,1610612742,DAL,109,,,,False
2010-2011,2011,0011000081,20101016/HOUNJN,Final,2010-10-16,13:30,1610612751,NJN,85,1610612745,HOU,95,,,,False
2010-2011,2011,0011000072,20101016/DETCHA,Final,2010-10-17,00:30,1610612766,CHA,97,1610612765,DET,94,,,,False
2010-2011,2011,0011000074,20101016/CHIORL,Final,2010-10-17,01:00,1610612753,ORL,105,1610612741,CHI,67,,,,False
2010-2011,2011,0011000071,20101016/UTALAC,Final,2010-10-17,01:30,1610612746,LAC,91,1610612762,UTA,103,,,,False
2010-2011,2011,0011000076,20101016/NYKBOS,Final,2010-10-17,01:30,1610612738,BOS,97,1610612752,NYK,84,,,,False
2010-2011,2011,0011000077,20101016/MOSCLE,Final,2010-10-17,01:30,1610612739,CLE,87,12308,MOS,90,,,,False
2010-2011,2011,0011000073,20101016/MILMEM,Final,2010-10-17,02:00,1610612763,MEM,91,1610612749,MIL,77,,,,False
2010-2011,2011,0011000079,20101016/ATLNOH,Final,2010-10-17,02:30,1610612740,NOH,74,1610612737,ATL,84,,,,False
2010-2011,2011,0011000080,20101016/LABSAS,Final,2010-10-17,02:30,1610612759,SAS,108,95,LAB,85,,,,False
2010-2011,2011,0011000075,20101016/GSWPOR,Final,2010-10-17,04:00,1610612757,POR,118,1610612744,GSW,105,,,,False
2010-2011,2011,0011000078,20101016/DENLAL,Final,2010-10-17,04:30,1610612747,LAL,102,1610612743,DEN,95,,,,False
2010-2011,2011,0011000082,20101017/PHXTOR,Final,2010-10-17,19:00,1610612761,TOR,121,1610612756,PHX,100,,,,False
2010-2011,2011,0011000085,20101017/WASNYK,Final,2010-10-18,00:00,1610612752,NYK,92,1610612764,WAS,90,,,,False
2010-2011,2011,0011000083,20101017/LACDEN,Final,2010-10-18,01:30,1610612743,DEN,108,1610612746,LAC,104,,,,False
2010-2011,2011,0011000084,20101017/MILMIN,Final,2010-10-18,02:00,1610612750,MIN,114,1610612749,MIL,109,,,,False
2010-2011,2011,0011000086,20101017/UTALAL,Final,2010-10-18,04:30,1610612747,LAL,94,1610612762,UTA,99,,,,False
2010-2011,2011,0011000087,20101018/ORLATL,Final,2010-10-19,01:00,1610612737,ATL,73,1610612753,ORL,102,,,,False
2010-2011,2011,0011000090,20101018/CHAMIA,Final,2010-10-19,01:30,1610612748,MIA,96,1610612766,CHA,102,,,,False
2010-2011,2011,0011000088,20101018/NOHMEM,Final,2010-10-19,02:00,1610612763,MEM,96,1610612740,NOH,91,,,,False
2010-2011,2011,0011000091,20101018/OKCSAS,Final,2010-10-19,02:30,1610612759,SAS,102,1610612760,OKC,111,,,,False
2010-2011,2011,0011000089,20101018/PORGSW,Final,2010-10-19,04:30,1610612744,GSW,100,1610612757,POR,78,,,,False
2010-2011,2011,0011000092,20101019/PHICLE,Final,2010-10-20,01:00,1610612739,CLE,111,1610612755,PHI,95,,,,False
2010-2011,2011,0011000094,20101019/WASDET,Final,2010-10-20,01:00,1610612765,DET,98,1610612764,WAS,92,,,,False
2010-2011,2011,0011000099,20101019/NJNNYK,Final,2010-10-20,01:30,1610612752,NYK,117,1610612751,NJN,111,,,,False
2010-2011,2011,0011000096,20101019/INDMIN,Final/OT,2010-10-20,02:00,1610612750,MIN,124,1610612754,IND,128,,,,False
2010-2011,2011,0011000093,20101019/OKCDEN,Final,2010-10-20,03:00,1610612743,DEN,130,1610612760,OKC,115,,,,False
2010-2011,2011,0011000095,20101019/UTALAL,Final,2010-10-20,04:00,1610612747,LAL,74,1610612762,UTA,82,,,,False
2010-2011,2011,0011000097,20101019/GSWPHX,Final,2010-10-20,04:00,1610612756,PHX,92,1610612744,GSW,87,,,,False
2010-2011,2011,0011000098,20101019/SACLAC,Final,2010-10-20,04:30,1610612746,LAC,94,1610612758,SAC,96,,,,False
2010-2011,2011,0011000100,20101020/NOHCHA,Final/OT,2010-10-20,17:00,1610612766,CHA,105,1610612740,NOH,98,,,,False
2010-2011,2011,0011000101,20101020/DALORL,Final,2010-10-21,01:00,1610612753,ORL,101,1610612742,DAL,76,,,,False
2010-2011,2011,0011000102,20101020/NYKPHI,Final,2010-10-21,01:00,1610612755,PHI,118,1610612752,NYK,91,,,,False
2010-2011,2011,0011000103,20101020/CHITOR,Final,2010-10-21,01:00,1610612761,TOR,103,1610612741,CHI,110,,,,False
2010-2011,2011,0011000104,20101020/NJNBOS,Final,2010-10-21,01:30,1610612738,BOS,107,1610612751,NJN,92,,,,False
2010-2011,2011,0011000105,20101021/MILCLE,Final,2010-10-22,01:00,1610612739,CLE,83,1610612749,MIL,77,,,,False
2010-2011,2011,0011000107,20101021/NOHOKC,Final,2010-10-22,02:00,1610612760,OKC,101,1610612740,NOH,86,,,,False
2010-2011,2011,0011000110,20101021/MIAATL,Final,2010-10-22,02:00,1610612737,ATL,98,1610612748,MIA,89,,,,False
2010-2011,2011,0011000109,20101021/HOUSAS,Final,2010-10-22,02:30,1610612759,SAS,111,1610612745,HOU,103,,,,False
2010-2011,2011,0011000106,20101021/GSWLAL,Final,2010-10-22,04:00,1610612747,LAL,120,1610612744,GSW,99,,,,False
2010-2011,2011,0011000108,20101021/DENPOR,Final,2010-10-22,04:00,1610612757,POR,90,1610612743,DEN,83,,,,False
2010-2011,2011,0011000111,20101022/ATLCHA,Final,2010-10-23,01:00,1610612766,CHA,99,1610612737,ATL,66,,,,False
2010-2011,2011,0011000115,20101022/NYKTOR,Final,2010-10-23,01:00,1610612761,TOR,108,1610612752,NYK,103,,,,False
2010-2011,2011,0011000118,20101022/MEMDET,Final,2010-10-23,01:30,1610612765,DET,103,1610612763,MEM,106,,,,False
2010-2011,2011,0011000112,20101022/INDCHI,Final,2010-10-23,02:00,1610612741,CHI,102,1610612754,IND,74,,,,False
2010-2011,2011,0011000117,20101022/HOUDAL,Final,2010-10-23,02:30,1610612742,DAL,97,1610612745,HOU,96,,,,False
2010-2011,2011,0011000120,20101022/MINMIL,Final/OT,2010-10-23,02:30,1610612749,MIL,118,1610612750,MIN,119,,,,False
2010-2011,2011,0011000116,20101022/SACUTA,Final,2010-10-23,03:00,1610612762,UTA,82,1610612758,SAC,71,,,,False
2010-2011,2011,0011000113,20101022/GSWLAL,Final/OT,2010-10-23,04:00,1610612747,LAL,105,1610612744,GSW,102,,,,False
2010-2011,2011,0011000114,20101022/DENPHX,Final,2010-10-23,04:00,1610612756,PHX,106,1610612743,DEN,144,,,,False
2010-2011,2011,0021000001,20101026/MIABOS,Final,2010-10-27,01:30,1610612738,BOS,88,1610612748,MIA,80,,,,False
2010-2011,2011,0021000002,20101026/PHXPOR,Final,2010-10-27,04:00,1610612757,POR,106,1610612756,PHX,92,,,,False
2010-2011,2011,0021000003,20101026/HOULAL,Final,2010-10-27,04:30,1610612747,LAL,112,1610612745,HOU,110,,,,False
2010-2011,2011,0021000004,20101027/BOSCLE,Final,2010-10-28,01:00,1610612739,CLE,95,1610612738,BOS,87,,,,False
2010-2011,2011,0021000005,20101027/DETNJN,Final,2010-10-28,01:00,1610612751,NJN,101,1610612765,DET,98,,,,False
2010-2011,2011,0021000006,20101027/MIAPHI,Final,2010-10-28,01:00,1610612755,PHI,87,1610612748,MIA,97,,,,False
2010-2011,2011,0021000007,20101027/NYKTOR,Final,2010-10-28,01:00,1610612761,TOR,93,1610612752,NYK,98,,,,False
2010-2011,2011,0021000008,20101027/ATLMEM,Final,2010-10-28,02:00,1610612763,MEM,104,1610612737,ATL,119,,,,False
2010-2011,2011,0021000009,20101027/SACMIN,Final,2010-10-28,02:00,1610612750,MIN,116,1610612758,SAC,117,,,,False
2010-2011,2011,0021000010,20101027/MILNOH,Final,2010-10-28,02:00,1610612740,NOH,95,1610612749,MIL,91,,,,False
2010-2011,2011,0021000011,20101027/CHIOKC,Final,2010-10-28,02:00,1610612760,OKC,106,1610612741,CHI,95,,,,False
2010-2011,2011,0021000012,20101027/CHADAL,Final,2010-10-28,02:30,1610612742,DAL,101,1610612766,CHA,86,,,,False
2010-2011,2011,0021000013,20101027/INDSAS,Final,2010-10-28,02:30,1610612759,SAS,122,1610612754,IND,109,,,,False
2010-2011,2011,0021000014,20101027/UTADEN,Final,2010-10-28,03:00,1610612743,DEN,110,1610612762,UTA,88,,,,False
2010-2011,2011,0021000015,20101027/HOUGSW,Final,2010-10-28,04:30,1610612744,GSW,132,1610612745,HOU,128,,,,False
2010-2011,2011,0021000016,20101027/PORLAC,Final,2010-10-28,04:30,1610612746,LAC,88,1610612757,POR,98,,,,False
2010-2011,2011,0021000017,20101028/WASORL,Final,2010-10-29,02:00,1610612753,ORL,112,1610612764,WAS,83,,,,False
2010-2011,2011,0021000018,20101028/PHXUTA,Final,2010-10-29,04:30,1610612762,UTA,94,1610612756,PHX,110,,,,False
2010-2011,2011,0021000019,20101029/INDCHA,Final,2010-10-30,01:00,1610612766,CHA,101,1610612754,IND,104,,,,False
2010-2011,2011,0021000020,20101029/SACNJN,Final,2010-10-30,01:00,1610612751,NJN,106,1610612758,SAC,100,,,,False
2010-2011,2011,0021000021,20101029/ATLPHI,Final,2010-10-30,01:00,1610612755,PHI,101,1610612737,ATL,104,,,,False
2010-2011,2011,0021000022,20101029/CLETOR,Final,2010-10-30,01:00,1610612761,TOR,101,1610612739,CLE,81,,,,False
2010-2011,2011,0021000023,20101029/NYKBOS,Final,2010-10-30,01:30,1610612738,BOS,105,1610612752,NYK,101,,,,False
2010-2011,2011,0021000024,20101029/OKCDET,Final,2010-10-30,02:00,1610612765,DET,104,1610612760,OKC,105,,,,False
2010-2011,2011,0021000025,20101029/ORLMIA,Final,2010-10-30,02:00,1610612748,MIA,96,1610612753,ORL,70,,,,False
2010-2011,2011,0021000026,20101029/MILMIN,Final,2010-10-30,02:00,1610612750,MIN,96,1610612749,MIL,85,,,,False
2010-2011,2011,0021000027,20101029/DENNOH,Final,2010-10-30,02:00,1610612740,NOH,101,1610612743,DEN,95,,,,False
2010-2011,2011,0021000028,20101029/MEMDAL,Final,2010-10-30,02:30,1610612742,DAL,90,1610612763,MEM,90,,,,False
2010-2011,2011,0021000029,20101029/LACGSW,Final,2010-10-30,04:30,1610612744,GSW,109,1610612746,LAC,91,,,,False
2010-2011,2011,0021000030,20101029/LALPHX,Final,2010-10-30,04:30,1610612756,PHX,106,1610612747,LAL,114,,,,False
2010-2011,2011,0021000031,20101030/WASATL,Final,2010-10-31,01:00,1610612737,ATL,99,1610612764,WAS,95,,,,False
2010-2011,2011,0021000032,20101030/SACCLE,Final,2010-10-31,01:30,1610612739,CLE,104,1610612758,SAC,107,,,,False
2010-2011,2011,0021000033,20101030/PORNYK,Final,2010-10-31,01:30,1610612752,NYK,95,1610612757,POR,100,,,,False
2010-2011,2011,0021000034,20101030/PHIIND,Final,2010-10-31,02:00,1610612754,IND,99,1610612755,PHI,86,,,,False
2010-2011,2011,0021000035,20101030/DETCHI,Final,2010-10-31,02:00,1610612741,CHI,101,1610612765,DET,91,,,,False
2010-2011,2011,0021000036,20101030/MINMEM,Final,2010-10-31,02:00,1610612763,MEM,109,1610612750,MIN,89,,,,False
2010-2011,2011,0021000037,20101030/DENHOU,Final,2010-10-31,02:30,1610612745,HOU,94,1610612743,DEN,107,,,,False
2010-2011,2011,0021000038,20101030/CHAMIL,Final,2010-10-31,02:30,1610612749,MIL,98,1610612766,CHA,88,,,,False
2010-2011,2011,0021000039,20101030/NOHSAS,Final,2010-10-31,02:30,1610612759,SAS,90,1610612740,NOH,99,,,,False
2010-2011,2011,0021000040,20101031/MIANJN,Final,2010-10-31,18:00,1610612751,NJN,78,1610612748,MIA,101,,,,False
2010-2011,2011,0021000041,20101031/DALLAC,Final,2010-10-31,20:30,1610612746,LAC,83,1610612742,DAL,99,,,,False
2010-2011,2011,0021000042,20101031/UTAOKC,Final,2010-11-01,00:00,1610612760,OKC,99,1610612762,UTA,120,,,,False
2010-2011,2011,0021000043,20101031/GSWLAL,Final,2010-11-01,02:30,1610612747,LAL,107,1610612744,GSW,83,,,,False
2010-2011,2011,0021000044,20101101/PORCHI,Final,2010-11-02,01:00,1610612741,CHI,110,1610612757,POR,98,,,,False
2010-2011,2011,0021000045,20101101/TORSAC,Final,2010-11-02,03:00,1610612758,SAC,111,1610612761,TOR,108,,,,False
2010-2011,2011,0021000046,20101101/SASLAC,Final,2010-11-02,03:30,1610612746,LAC,88,1610612759,SAS,97,,,,False
2010-2011,2011,0021000047,20101102/ATLCLE,Final,2010-11-03,00:00,1610612739,CLE,88,1610612737,ATL,100,,,,False
2010-2011,2011,0021000048,20101102/PHIWAS,Final/OT,2010-11-03,00:00,1610612764,WAS,116,1610612755,PHI,115,,,,False
2010-2011,2011,0021000049,20101102/BOSDET,Final,2010-11-03,00:30,1610612765,DET,86,1610612738,BOS,109,,,,False
2010-2011,2011,0021000050,20101102/MINMIA,Final,2010-11-03,00:30,1610612748,MIA,129,1610612750,MIN,97,,,,False
2010-2011,2011,0021000052,20101102/PORMIL,Final,2010-11-03,01:00,1610612749,MIL,76,1610612757,POR,90,,,,False
2010-2011,2011,0021000053,20101102/MEMLAL,Final,2010-11-03,03:30,1610612747,LAL,124,1610612763,MEM,105,,,,False
2010-2011,2011,0021000054,20101103/DETATL,Final,2010-11-04,00:00,1610612737,ATL,94,1610612765,DET,85,,,,False
2010-2011,2011,0021000055,20101103/CHANJN,Final,2010-11-04,00:00,1610612751,NJN,83,1610612766,CHA,85,,,,False
2010-2011,2011,0021000056,20101103/MINORL,Final,2010-11-04,00:00,1610612753,ORL,128,1610612750,MIN,86,,,,False
2010-2011,2011,0021000057,20101103/INDPHI,Final,2010-11-04,00:00,1610612755,PHI,101,1610612754,IND,75,,,,False
2010-2011,2011,0021000058,20101103/MILBOS,Final/OT,2010-11-04,01:00,1610612738,BOS,105,1610612749,MIL,102,,,,False
2010-2011,2011,0021000059,20101103/NOHHOU,Final,2010-11-04,01:30,1610612745,HOU,99,1610612740,NOH,107,,,,False
2010-2011,2011,0021000060,20101103/DALDEN,Final,2010-11-04,02:00,1610612743,DEN,101,1610612742,DAL,102,,,,False
2010-2011,2011,0021000061,20101103/TORUTA,Final,2010-11-04,02:00,1610612762,UTA,125,1610612761,TOR,108,,,,False
2010-2011,2011,0021000062,20101103/SASPHX,Final,2010-11-04,03:00,1610612756,PHX,110,1610612759,SAS,112,,,,False
2010-2011,2011,0021000063,20101103/MEMGSW,Final,2010-11-04,03:30,1610612744,GSW,115,1610612763,MEM,109,,,,False
2010-2011,2011,0021000064,20101103/OKCLAC,Final,2010-11-04,03:30,1610612746,LAC,107,1610612760,OKC,92,,,,False
2010-2011,2011,0021000065,20101103/LALSAC,Final,2010-11-04,03:30,1610612758,SAC,100,1610612747,LAL,112,,,,False
2010-2011,2011,0021000066,20101104/NYKCHI,Final,2010-11-05,01:00,1610612741,CHI,112,1610612752,NYK,120,,,,False
2010-2011,2011,0021000067,20101104/OKCPOR,Final/OT,2010-11-05,03:30,1610612757,POR,106,1610612760,OKC,107,,,,False
2010-2011,2011,0021000068,20101105/MILIND,Final,2010-11-06,00:00,1610612754,IND,90,1610612749,MIL,94,,,,False
2010-2011,2011,0021000069,20101105/NJNORL,Final,2010-11-06,00:00,1610612753,ORL,105,1610612751,NJN,90,,,,False
2010-2011,2011,0021000070,20101105/CLEPHI,Final,2010-11-06,00:00,1610612755,PHI,116,1610612739,CLE,123,,,,False
2010-2011,2011,0021000071,20101105/CHADET,Final,2010-11-06,00:30,1610612765,DET,97,1610612766,CHA,90,,,,False
2010-2011,2011,0021000072,20101105/WASNYK,Final,2010-11-06,00:30,1610612752,NYK,112,1610612764,WAS,91,,,,False
2010-2011,2011,0021000073,20101105/CHIBOS,Final/OT,2010-11-06,01:00,1610612738,BOS,110,1610612741,CHI,105,,,,False
2010-2011,2011,0021000074,20101105/ATLMIN,Final,2010-11-06,01:00,1610612750,MIN,103,1610612737,ATL,113,,,,False
2010-2011,2011,0021000075,20101105/MIANOH,Final,2010-11-06,01:00,1610612740,NOH,96,1610612748,MIA,93,,,,False
2010-2011,2011,0021000076,20101105/MEMPHX,Final/OT2,2010-11-06,03:00,1610612756,PHX,123,1610612763,MEM,118,,,,False
2010-2011,2011,0021000077,20101105/LACDEN,Final,2010-11-06,03:30,1610612743,DEN,111,1610612746,LAC,104,,,,False
2010-2011,2011,0021000078,20101105/UTAGSW,Final,2010-11-06,03:30,1610612744,GSW,85,1610612762,UTA,78,,,,False
2010-2011,2011,0021000079,20101105/TORLAL,Final,2010-11-06,03:30,1610612747,LAL,108,1610612761,TOR,103,,,,False
2010-2011,2011,0021000080,20101106/ORLCHA,Final,2010-11-07,00:00,1610612766,CHA,88,1610612753,ORL,91,,,,False
2010-2011,2011,0021000081,20101106/CLEWAS,Final,2010-11-07,00:00,1610612764,WAS,102,1610612739,CLE,107,,,,False
2010-2011,2011,0021000082,20101106/NJNMIA,Final,2010-11-07,00:30,1610612748,MIA,101,1610612751,NJN,89,,,,False
2010-2011,2011,0021000083,20101106/NOHMIL,Final,2010-11-07,01:30,1610612749,MIL,81,1610612740,NOH,87,,,,False
2010-2011,2011,0021000084,20101106/HOUSAS,Final/OT,2010-11-07,01:30,1610612759,SAS,124,1610612745,HOU,121,,,,False
2010-2011,2011,0021000085,20101106/DENDAL,Final,2010-11-07,02:00,1610612742,DAL,92,1610612743,DEN,103,,,,False
2010-2011,2011,0021000086,20101106/LACUTA,Final/OT2,2010-11-07,02:00,1610612762,UTA,109,1610612746,LAC,107,,,,False
2010-2011,2011,0021000087,20101106/TORPOR,Final,2010-11-07,03:00,1610612757,POR,97,1610612761,TOR,84,,,,False
2010-2011,2011,0021000088,20101106/MEMSAC,Final,2010-11-07,03:00,1610612758,SAC,91,1610612763,MEM,100,,,,False
2010-2011,2011,0021000089,20101107/PHINYK,Final,2010-11-07,18:00,1610612752,NYK,96,1610612755,PHI,106,,,,False
2010-2011,2011,0021000090,20101107/PHXATL,Final,2010-11-07,23:00,1610612737,ATL,114,1610612756,PHX,118,,,,False
2010-2011,2011,0021000091,20101107/GSWDET,Final,2010-11-08,00:00,1610612765,DET,102,1610612744,GSW,97,,,,False
2010-2011,2011,0021000092,20101107/MINHOU,Final,2010-11-08,01:00,1610612745,HOU,120,1610612750,MIN,94,,,,False
2010-2011,2011,0021000093,20101107/BOSOKC,Final,2010-11-08,01:00,1610612760,OKC,83,1610612738,BOS,92,,,,False
2010-2011,2011,0021000094,20101107/PORLAL,Final,2010-11-08,03:30,1610612747,LAL,121,1610612757,POR,96,,,,False
2010-2011,2011,0021000095,20101108/SASCHA,Final,2010-11-09,01:00,1610612766,CHA,91,1610612759,SAS,95,,,,False
2010-2011,2011,0021000096,20101108/ATLORL,Final,2010-11-09,01:00,1610612753,ORL,93,1610612737,ATL,89,,,,False
2010-2011,2011,0021000097,20101108/GSWTOR,Final,2010-11-09,01:00,1610612761,TOR,102,1610612744,GSW,109,,,,False
2010-2011,2011,0021000098,20101108/DENCHI,Final,2010-11-09,02:00,1610612741,CHI,94,1610612743,DEN,92,,,,False
2010-2011,2011,0021000099,20101108/PHXMEM,Final,2010-11-09,02:00,1610612763,MEM,109,1610612756,PHX,99,,,,False
2010-2011,2011,0021000100,20101108/BOSDAL,Final,2010-11-09,02:30,1610612742,DAL,89,1610612738,BOS,87,,,,False
2010-2011,2011,0021000101,20101109/DENIND,Final,2010-11-10,01:00,1610612754,IND,144,1610612743,DEN,113,,,,False
2010-2011,2011,0021000102,20101109/CLENJN,Final,2010-11-10,01:00,1610612751,NJN,91,1610612739,CLE,93,,,,False
2010-2011,2011,0021000103,20101109/UTAMIA,Final/OT,2010-11-10,01:30,1610612748,MIA,114,1610612762,UTA,116,,,,False
2010-2011,2011,0021000104,20101109/NYKMIL,Final,2010-11-10,02:00,1610612749,MIL,107,1610612752,NYK,80,,,,False
2010-2011,2011,0021000105,20101109/LACNOH,Final,2010-11-10,02:00,1610612740,NOH,101,1610612746,LAC,82,,,,False
2010-2011,2011,0021000106,20101109/DETPOR,Final,2010-11-10,04:00,1610612757,POR,100,1610612765,DET,78,,,,False
2010-2011,2011,0021000107,20101109/MINLAL,Final,2010-11-10,04:30,1610612747,LAL,99,1610612750,MIN,94,,,,False
2010-2011,2011,0021000108,20101110/MILATL,Final,2010-11-11,01:00,1610612737,ATL,91,1610612749,MIL,108,,,,False
2010-2011,2011,0021000109,20101110/UTAORL,Final,2010-11-11,01:00,1610612753,ORL,94,1610612762,UTA,104,,,,False
2010-2011,2011,0021000110,20101110/CHATOR,Final,2010-11-11,01:00,1610612761,TOR,96,1610612766,CHA,101,,,,False
2010-2011,2011,0021000111,20101110/HOUWAS,Final,2010-11-11,01:00,1610612764,WAS,98,1610612745,HOU,91,,,,False
2010-2011,2011,0021000112,20101110/NJNCLE,Final,2010-11-11,01:30,1610612739,CLE,87,1610612751,NJN,95,,,,False
2010-2011,2011,0021000113,20101110/GSWNYK,Final,2010-11-11,01:30,1610612752,NYK,117,1610612744,GSW,122,,,,False
2010-2011,2011,0021000114,20101110/DALMEM,Final,2010-11-11,02:00,1610612763,MEM,91,1610612742,DAL,106,,,,False
2010-2011,2011,0021000115,20101110/PHIOKC,Final,2010-11-11,02:00,1610612760,OKC,109,1610612755,PHI,103,,,,False
2010-2011,2011,0021000116,20101110/LACSAS,Final,2010-11-11,03:30,1610612759,SAS,107,1610612746,LAC,95,,,,False
2010-2011,2011,0021000117,20101110/MINSAC,Final,2010-11-11,04:00,1610612758,SAC,89,1610612750,MIN,98,,,,False
2010-2011,2011,0021000118,20101111/BOSMIA,Final,2010-11-12,02:00,1610612748,MIA,107,1610612738,BOS,112,,,,False
2010-2011,2011,0021000119,20101111/GSWCHI,Final,2010-11-12,02:00,1610612741,CHI,120,1610612744,GSW,90,,,,False
2010-2011,2011,0021000120,20101111/LALDEN,Final,2010-11-12,04:30,1610612743,DEN,118,1610612747,LAL,112,,,,False
2010-2011,2011,0021000121,20101112/UTAATL,Final,2010-11-13,01:00,1610612737,ATL,86,1610612762,UTA,90,,,,False
2010-2011,2011,0021000122,20101112/HOUIND,Final,2010-11-13,01:00,1610612754,IND,99,1610612745,HOU,102,,,,False
2010-2011,2011,0021000123,20101112/TORORL,Final,2010-11-13,01:00,1610612753,ORL,106,1610612761,TOR,110,,,,False
2010-2011,2011,0021000124,20101112/CHAWAS,Final,2010-11-13,01:00,1610612764,WAS,85,1610612766,CHA,93,,,,False
2010-2011,2011,0021000125,20101112/NYKMIN,Final,2010-11-13,02:00,1610612750,MIN,112,1610612752,NYK,103,,,,False
2010-2011,2011,0021000126,20101112/PHIDAL,Final,2010-11-13,02:30,1610612742,DAL,99,1610612755,PHI,90,,,,False
2010-2011,2011,0021000127,20101112/SACPHX,Final,2010-11-13,03:00,1610612756,PHX,103,1610612758,SAC,89,,,,False
2010-2011,2011,0021000128,20101112/POROKC,Final,2010-11-13,03:30,1610612760,OKC,110,1610612757,POR,108,,,,False
2010-2011,2011,0021000129,20101112/DETLAC,Final/OT,2010-11-13,04:30,1610612746,LAC,107,1610612765,DET,113,,,,False
2010-2011,2011,0021000130,20101113/UTACHA,Final,2010-11-14,01:00,1610612766,CHA,95,1610612762,UTA,96,,,,False
2010-2011,2011,0021000131,20101113/ORLNJN,Final,2010-11-14,01:00,1610612751,NJN,90,1610612753,ORL,91,,,,False
2010-2011,2011,0021000132,20101113/INDCLE,Final,2010-11-14,01:30,1610612739,CLE,85,1610612754,IND,99,,,,False
2010-2011,2011,0021000133,20101113/TORMIA,Final,2010-11-14,01:30,1610612748,MIA,109,1610612761,TOR,100,,,,False
2010-2011,2011,0021000134,20101113/WASCHI,Final,2010-11-14,02:00,1610612741,CHI,103,1610612764,WAS,96,,,,False
2010-2011,2011,0021000135,20101113/BOSMEM,Final/OT,2010-11-14,02:00,1610612763,MEM,110,1610612738,BOS,116,,,,False
2010-2011,2011,0021000136,20101113/PORNOH,Final,2010-11-14,02:00,1610612740,NOH,107,1610612757,POR,87,,,,False
2010-2011,2011,0021000137,20101113/GSWMIL,Final,2010-11-14,02:30,1610612749,MIL,79,1610612744,GSW,72,,,,False
2010-2011,2011,0021000138,20101113/PHISAS,Final,2010-11-14,02:30,1610612759,SAS,116,1610612755,PHI,93,,,,False
2010-2011,2011,0021000139,20101114/MINATL,Final,2010-11-14,20:00,1610612737,ATL,111,1610612750,MIN,105,,,,False
2010-2011,2011,0021000140,20101114/DETSAC,Final,2010-11-15,00:00,1610612758,SAC,94,1610612765,DET,100,,,,False
2010-2011,2011,0021000141,20101114/SASOKC,Final,2010-11-15,01:00,1610612760,OKC,104,1610612759,SAS,117,,,,False
2010-2011,2011,0021000142,20101114/HOUNYK,Final,2010-11-15,01:30,1610612752,NYK,96,1610612745,HOU,104,,,,False
2010-2011,2011,0021000143,20101114/PHXLAL,Final,2010-11-15,03:30,1610612747,LAL,116,1610612756,PHX,121,,,,False
2010-2011,2011,0021000144,20101115/MINCHA,Final,2010-11-16,01:00,1610612766,CHA,113,1610612750,MIN,110,,,,False
2010-2011,2011,0021000145,20101115/MEMORL,Final,2010-11-16,01:00,1610612753,ORL,89,1610612763,MEM,72,,,,False
2010-2011,2011,0021000146,20101115/NOHDAL,Final,2010-11-16,02:30,1610612742,DAL,98,1610612740,NOH,95,,,,False
2010-2011,2011,0021000147,20101115/DENPHX,Final,2010-11-16,03:00,1610612756,PHX,100,1610612743,DEN,94,,,,False
2010-2011,2011,0021000148,20101115/OKCUTA,Final,2010-11-16,03:00,1610612762,UTA,108,1610612760,OKC,115,,,,False
2010-2011,2011,0021000149,20101115/DETGSW,Final,2010-11-16,04:30,1610612744,GSW,101,1610612765,DET,97,,,,False
2010-2011,2011,0021000150,20101115/NJNLAC,Final,2010-11-16,04:30,1610612746,LAC,96,1610612751,NJN,110,,,,False
2010-2011,2011,0021000151,20101116/PHICLE,Final,2010-11-17,01:00,1610612739,CLE,101,1610612755,PHI,93,,,,False
2010-2011,2011,0021000152,20101116/ATLIND,Final,2010-11-17,01:00,1610612754,IND,92,1610612737,ATL,102,,,,False
2010-2011,2011,0021000153,20101116/TORWAS,Final,2010-11-17,01:00,1610612764,WAS,109,1610612761,TOR,94,,,,False
2010-2011,2011,0021000154,20101116/PORMEM,Final,2010-11-17,02:00,1610612763,MEM,99,1610612757,POR,100,,,,False
2010-2011,2011,0021000155,20101116/LALMIL,Final,2010-11-17,02:00,1610612749,MIL,107,1610612747,LAL,118,,,,False
2010-2011,2011,0021000156,20101116/CHIHOU,Final,2010-11-17,02:30,1610612745,HOU,92,1610612741,CHI,95,,,,False
2010-2011,2011,0021000157,20101116/NYKDEN,Final,2010-11-17,03:00,1610612743,DEN,120,1610612752,NYK,118,,,,False
2010-2011,2011,0021000158,20101117/PHXMIA,Final,2010-11-18,01:00,1610612748,MIA,123,1610612756,PHX,96,,,,False
2010-2011,2011,0021000159,20101117/TORPHI,Final,2010-11-18,01:00,1610612755,PHI,86,1610612761,TOR,94,,,,False
2010-2011,2011,0021000160,20101117/WASBOS,Final,2010-11-18,01:30,1610612738,BOS,114,1610612764,WAS,83,,,,False
2010-2011,2011,0021000161,20101117/LALDET,Final,2010-11-18,01:30,1610612765,DET,90,1610612747,LAL,103,,,,False
2010-2011,2011,0021000162,20101117/LACMIN,Final,2010-11-18,02:00,1610612750,MIN,113,1610612746,LAC,111,,,,False
2010-2011,2011,0021000163,20101117/DALNOH,Final,2010-11-18,02:00,1610612740,NOH,99,1610612742,DAL,97,,,,False
2010-2011,2011,0021000164,20101117/HOUOKC,Final,2010-11-18,02:00,1610612760,OKC,116,1610612745,HOU,99,,,,False
2010-2011,2011,0021000165,20101117/NJNUTA,Final,2010-11-18,03:00,1610612762,UTA,98,1610612751,NJN,88,,,,False
2010-2011,2011,0021000166,20101117/CHISAS,Final,2010-11-18,03:30,1610612759,SAS,103,1610612741,CHI,94,,,,False
2010-2011,2011,0021000167,20101117/NYKSAC,Final,2010-11-18,04:00,1610612758,SAC,106,1610612752,NYK,113,,,,False
2010-2011,2011,0021000168,20101118/LACIND,Final,2010-11-19,01:00,1610612754,IND,107,1610612746,LAC,80,,,,False
2010-2011,2011,0021000169,20101118/PHXORL,Final,2010-11-19,02:00,1610612753,ORL,105,1610612756,PHX,89,,,,False
2010-2011,2011,0021000170,20101118/DENPOR,Final,2010-11-19,04:30,1610612757,POR,86,1610612743,DEN,83,,,,False
2010-2011,2011,0021000171,20101119/OKCBOS,Final,2010-11-20,01:00,1610612738,BOS,84,1610612760,OKC,89,,,,False
2010-2011,2011,0021000172,20101119/MILPHI,Final,2010-11-20,01:00,1610612755,PHI,90,1610612749,MIL,79,,,,False
2010-2011,2011,0021000173,20101119/HOUTOR,Final,2010-11-20,01:00,1610612761,TOR,106,1610612745,HOU,96,,,,False
2010-2011,2011,0021000174,20101119/MEMWAS,Final,2010-11-20,01:00,1610612764,WAS,89,1610612763,MEM,86,,,,False
2010-2011,2011,0021000175,20101119/CHAMIA,Final,2010-11-20,01:30,1610612748,MIA,95,1610612766,CHA,87,,,,False
2010-2011,2011,0021000176,20101119/LALMIN,Final,2010-11-20,02:00,1610612750,MIN,95,1610612747,LAL,112,,,,False
2010-2011,2011,0021000177,20101119/CLENOH,Final,2010-11-20,02:00,1610612740,NOH,108,1610612739,CLE,101,,,,False
2010-2011,2011,0021000178,20101119/SASUTA,Final,2010-11-20,03:00,1610612762,UTA,82,1610612759,SAS,94,,,,False
2010-2011,2011,0021000179,20101119/CHIDAL,Final,2010-11-20,03:30,1610612742,DAL,83,1610612741,CHI,88,,,,False
2010-2011,2011,0021000180,20101119/NJNSAC,Final,2010-11-20,04:00,1610612758,SAC,86,1610612751,NJN,81,,,,False
2010-2011,2011,0021000181,20101119/NYKGSW,Final,2010-11-20,04:30,1610612744,GSW,119,1610612752,NYK,125,,,,False
2010-2011,2011,0021000182,20101120/PHXCHA,Final,2010-11-21,01:00,1610612766,CHA,123,1610612756,PHX,105,,,,False
2010-2011,2011,0021000183,20101120/ORLIND,Final,2010-11-21,01:00,1610612754,IND,86,1610612753,ORL,90,,,,False
2010-2011,2011,0021000184,20101120/DALATL,Final,2010-11-21,02:00,1610612737,ATL,93,1610612742,DAL,98,,,,False
2010-2011,2011,0021000185,20101120/MIAMEM,Final,2010-11-21,02:00,1610612763,MEM,97,1610612748,MIA,95,,,,False
2010-2011,2011,0021000186,20101120/OKCMIL,Final,2010-11-21,02:30,1610612749,MIL,81,1610612760,OKC,82,,,,False
2010-2011,2011,0021000187,20101120/CLESAS,Final,2010-11-21,02:30,1610612759,SAS,116,1610612739,CLE,92,,,,False
2010-2011,2011,0021000188,20101120/NJNDEN,Final,2010-11-21,03:00,1610612743,DEN,107,1610612751,NJN,103,,,,False
2010-2011,2011,0021000189,20101120/UTAPOR,Final,2010-11-21,04:00,1610612757,POR,94,1610612762,UTA,103,,,,False
2010-2011,2011,0021000190,20101120/NYKLAC,Final,2010-11-21,04:30,1610612746,LAC,115,1610612752,NYK,124,,,,False
2010-2011,2011,0021000191,20101121/BOSTOR,Final,2010-11-21,19:00,1610612761,TOR,102,1610612738,BOS,101,,,,False
2010-2011,2011,0021000192,20101121/WASDET,Final/OT,2010-11-22,00:00,1610612765,DET,115,1610612764,WAS,110,,,,False
2010-2011,2011,0021000193,20101121/NOHSAC,Final,2010-11-22,00:00,1610612758,SAC,71,1610612740,NOH,75,,,,False
2010-2011,2011,0021000194,20101121/GSWLAL,Final,2010-11-22,03:30,1610612747,LAL,117,1610612744,GSW,89,,,,False
2010-2011,2011,0021000195,20101122/BOSATL,Final,2010-11-23,01:00,1610612737,ATL,76,1610612738,BOS,99,,,,False
2010-2011,2011,0021000196,20101122/INDMIA,Final,2010-11-23,01:30,1610612748,MIA,77,1610612754,IND,93,,,,False
2010-2011,2011,0021000197,20101122/MINOKC,Final,2010-11-23,02:00,1610612760,OKC,117,1610612750,MIN,107,,,,False
2010-2011,2011,0021000198,20101122/PHXHOU,Final,2010-11-23,02:30,1610612745,HOU,116,1610612756,PHX,123,,,,False
2010-2011,2011,0021000199,20101122/ORLSAS,Final,2010-11-23,02:30,1610612759,SAS,106,1610612753,ORL,97,,,,False
2010-2011,2011,0021000200,20101122/SACUTA,Final,2010-11-23,03:00,1610612762,UTA,94,1610612758,SAC,83,,,,False
2010-2011,2011,0021000201,20101122/DENGSW,Final,2010-11-23,04:30,1610612744,GSW,89,1610612743,DEN,106,,,,False
2010-2011,2011,0021000202,20101122/NOHLAC,Final,2010-11-23,04:30,1610612746,LAC,99,1610612740,NOH,95,,,,False
2010-2011,2011,0021000203,20101123/CLEIND,Final,2010-11-24,01:00,1610612754,IND,100,1610612739,CLE,89,,,,False
2010-2011,2011,0021000204,20101123/ATLNJN,Final/OT,2010-11-24,01:00,1610612751,NJN,107,1610612737,ATL,101,,,,False
2010-2011,2011,0021000205,20101123/PHIWAS,Final/OT,2010-11-24,01:00,1610612764,WAS,116,1610612755,PHI,114,,,,False
2010-2011,2011,0021000206,20101123/CHANYK,Final,2010-11-24,01:30,1610612752,NYK,110,1610612766,CHA,107,,,,False
2010-2011,2011,0021000207,20101123/DETDAL,Final,2010-11-24,02:30,1610612742,DAL,88,1610612765,DET,84,,,,False
2010-2011,2011,0021000208,20101123/CHILAL,Final,2010-11-24,04:30,1610612747,LAL,98,1610612741,CHI,91,,,,False
2010-2011,2011,0021000209,20101124/NYKCHA,Final,2010-11-25,01:00,1610612766,CHA,95,1610612752,NYK,99,,,,False
2010-2011,2011,0021000210,20101124/MILCLE,Final,2010-11-25,01:00,1610612739,CLE,83,1610612749,MIL,81,,,,False
2010-2011,2011,0021000211,20101124/PHITOR,Final,2010-11-25,01:00,1610612761,TOR,106,1610612755,PHI,90,,,,False
2010-2011,2011,0021000212,20101124/NJNBOS,Final,2010-11-25,01:30,1610612738,BOS,89,1610612751,NJN,83,,,,False
2010-2011,2011,0021000213,20101124/MIAORL,Final,2010-11-25,01:30,1610612753,ORL,104,1610612748,MIA,95,,,,False
2010-2011,2011,0021000214,20101124/DETMEM,Final,2010-11-25,02:00,1610612763,MEM,105,1610612765,DET,84,,,,False
2010-2011,2011,0021000215,20101124/SASMIN,Final/OT,2010-11-25,02:00,1610612750,MIN,109,1610612759,SAS,113,,,,False
2010-2011,2011,0021000216,20101124/DALOKC,Final,2010-11-25,02:00,1610612760,OKC,103,1610612742,DAL,111,,,,False
2010-2011,2011,0021000217,20101124/GSWHOU,Final,2010-11-25,02:30,1610612745,HOU,111,1610612744,GSW,101,,,,False
2010-2011,2011,0021000218,20101124/CHIPHX,Final/OT2,2010-11-25,03:00,1610612756,PHX,115,1610612741,CHI,123,,,,False
2010-2011,2011,0021000219,20101124/NOHUTA,Final,2010-11-25,03:00,1610612762,UTA,105,1610612740,NOH,87,,,,False
2010-2011,2011,0021000220,20101125/WASATL,Final,2010-11-26,02:00,1610612737,ATL,116,1610612764,WAS,96,,,,False
2010-2011,2011,0021000221,20101125/SACLAC,Final,2010-11-26,04:30,1610612746,LAC,100,1610612758,SAC,82,,,,False
2010-2011,2011,0021000222,20101126/HOUCHA,Final,2010-11-27,01:00,1610612766,CHA,99,1610612745,HOU,89,,,,False
2010-2011,2011,0021000223,20101126/CLEORL,Final,2010-11-27,01:00,1610612753,ORL,111,1610612739,CLE,100,,,,False
2010-2011,2011,0021000224,20101126/TORBOS,Final,2010-11-27,01:30,1610612738,BOS,110,1610612761,TOR,101,,,,False
2010-2011,2011,0021000225,20101126/MILDET,Final,2010-11-27,01:30,1610612765,DET,103,1610612749,MIL,89,,,,False
2010-2011,2011,0021000226,20101126/PHIMIA,Final,2010-11-27,01:30,1610612748,MIA,99,1610612755,PHI,90,,,,False
2010-2011,2011,0021000227,20101126/OKCIND,Final/OT,2010-11-27,02:00,1610612754,IND,106,1610612760,OKC,110,,,,False
2010-2011,2011,0021000228,20101126/DALSAS,Final,2010-11-27,02:30,1610612759,SAS,94,1610612742,DAL,103,,,,False
2010-2011,2011,0021000229,20101126/CHIDEN,Final,2010-11-27,03:00,1610612743,DEN,98,1610612741,CHI,97,,,,False
2010-2011,2011,0021000230,20101126/LACPHX,Final,2010-11-27,03:00,1610612756,PHX,116,1610612746,LAC,108,,,,False
2010-2011,2011,0021000231,20101126/LALUTA,Final,2010-11-27,03:00,1610612762,UTA,102,1610612747,LAL,96,,,,False
2010-2011,2011,0021000232,20101126/GSWMEM,Final,2010-11-27,03:30,1610612763,MEM,116,1610612744,GSW,111,,,,False
2010-2011,2011,0021000233,20101126/NOHPOR,Final,2010-11-27,04:00,1610612757,POR,78,1610612740,NOH,97,,,,False
2010-2011,2011,0021000234,20101127/ATLNYK,Final,2010-11-27,19:00,1610612752,NYK,90,1610612737,ATL,99,,,,False
2010-2011,2011,0021000235,20101127/ORLWAS,Final,2010-11-28,01:00,1610612764,WAS,99,1610612753,ORL,100,,,,False
2010-2011,2011,0021000236,20101127/MEMCLE,Final,2010-11-28,01:30,1610612739,CLE,92,1610612763,MEM,86,,,,False
2010-2011,2011,0021000237,20101127/NJNPHI,Final,2010-11-28,01:30,1610612755,PHI,102,1610612751,NJN,86,,,,False
2010-2011,2011,0021000238,20101127/GSWMIN,Final,2010-11-28,02:00,1610612750,MIN,94,1610612744,GSW,104,,,,False
2010-2011,2011,0021000239,20101127/MIADAL,Final,2010-11-28,02:30,1610612742,DAL,106,1610612748,MIA,95,,,,False
2010-2011,2011,0021000240,20101127/CHAMIL,Final,2010-11-28,03:00,1610612749,MIL,104,1610612766,CHA,101,,,,False
2010-2011,2011,0021000241,20101127/CHISAC,Final,2010-11-28,04:00,1610612758,SAC,85,1610612741,CHI,96,,,,False
2010-2011,2011,0021000242,20101128/ATLTOR,Final,2010-11-28,19:00,1610612761,TOR,78,1610612737,ATL,96,,,,False
2010-2011,2011,0021000243,20101128/NYKDET,Final/OT2,2010-11-28,19:30,1610612765,DET,116,1610612752,NYK,125,,,,False
2010-2011,2011,0021000244,20101128/SASNOH,Final,2010-11-28,21:00,1610612740,NOH,95,1610612759,SAS,109,,,,False
2010-2011,2011,0021000245,20101128/UTALAC,Final,2010-11-28,21:30,1610612746,LAC,97,1610612762,UTA,109,,,,False
2010-2011,2011,0021000246,20101128/PORNJN,Final,2010-11-29,01:00,1610612751,NJN,98,1610612757,POR,96,,,,False
2010-2011,2011,0021000247,20101128/OKCHOU,Final,2010-11-29,01:00,1610612745,HOU,99,1610612760,OKC,98,,,,False
2010-2011,2011,0021000248,20101128/PHXDEN,Final,2010-11-29,02:00,1610612743,DEN,138,1610612756,PHX,133,,,,False
2010-2011,2011,0021000249,20101128/INDLAL,Final,2010-11-29,03:30,1610612747,LAL,92,1610612754,IND,95,,,,False
2010-2011,2011,0021000250,20101129/WASMIA,Final,2010-11-30,01:30,1610612748,MIA,105,1610612764,WAS,94,,,,False
2010-2011,2011,0021000251,20101129/NOHOKC,Final,2010-11-30,02:00,1610612760,OKC,95,1610612740,NOH,89,,,,False
2010-2011,2011,0021000252,20101129/HOUDAL,Final,2010-11-30,02:30,1610612742,DAL,101,1610612745,HOU,91,,,,False
2010-2011,2011,0021000253,20101129/MILUTA,Final,2010-11-30,03:00,1610612762,UTA,109,1610612749,MIL,88,,,,False
2010-2011,2011,0021000254,20101130/BOSCLE,Final,2010-12-01,01:00,1610612739,CLE,87,1610612738,BOS,106,,,,False
2010-2011,2011,0021000255,20101130/DETORL,Final,2010-12-01,01:00,1610612753,ORL,90,1610612765,DET,79,,,,False
2010-2011,2011,0021000256,20101130/PORPHI,Final,2010-12-01,01:00,1610612755,PHI,88,1610612757,POR,79,,,,False
2010-2011,2011,0021000257,20101130/NJNNYK,Final,2010-12-01,01:30,1610612752,NYK,111,1610612751,NJN,100,,,,False
2010-2011,2011,0021000258,20101130/LALMEM,Final,2010-12-01,02:00,1610612763,MEM,98,1610612747,LAL,96,,,,False
2010-2011,2011,0021000259,20101130/INDSAC,Final,2010-12-01,04:00,1610612758,SAC,98,1610612754,IND,107,,,,False
2010-2011,2011,0021000260,20101130/SASGSW,Final,2010-12-01,04:30,1610612744,GSW,98,1610612759,SAS,118,,,,False
2010-2011,2011,0021000261,20101201/MEMATL,Final,2010-12-02,01:00,1610612737,ATL,112,1610612763,MEM,109,,,,False
2010-2011,2011,0021000262,20101201/OKCNJN,Final/OT3,2010-12-02,01:00,1610612751,NJN,120,1610612760,OKC,123,,,,False
2010-2011,2011,0021000263,20101201/WASTOR,Final,2010-12-02,01:00,1610612761,TOR,127,1610612764,WAS,108,,,,False
2010-2011,2011,0021000264,20101201/PORBOS,Final,2010-12-02,01:30,1610612738,BOS,99,1610612757,POR,95,,,,False
2010-2011,2011,0021000265,20101201/DETMIA,Final,2010-12-02,01:30,1610612748,MIA,97,1610612765,DET,72,,,,False
2010-2011,2011,0021000266,20101201/ORLCHI,Final,2010-12-02,02:00,1610612741,CHI,78,1610612753,ORL,107,,,,False
2010-2011,2011,0021000267,20101201/CHANOH,Final,2010-12-02,02:00,1610612740,NOH,89,1610612766,CHA,73,,,,False
2010-2011,2011,0021000268,20101201/MINDAL,Final,2010-12-02,02:30,1610612742,DAL,100,1610612750,MIN,86,,,,False
2010-2011,2011,0021000269,20101201/LALHOU,Final,2010-12-02,02:30,1610612745,HOU,109,1610612747,LAL,99,,,,False
2010-2011,2011,0021000270,20101201/MILDEN,Final,2010-12-02,03:00,1610612743,DEN,105,1610612749,MIL,94,,,,False
2010-2011,2011,0021000271,20101201/INDUTA,Final,2010-12-02,03:00,1610612762,UTA,110,1610612754,IND,88,,,,False
2010-2011,2011,0021000272,20101201/SASLAC,Final,2010-12-02,04:30,1610612746,LAC,90,1610612759,SAS,85,,,,False
2010-2011,2011,0021000273,20101202/MIACLE,Final,2010-12-03,02:00,1610612739,CLE,90,1610612748,MIA,118,,,,False
2010-2011,2011,0021000274,20101202/PHXGSW,Final,2010-12-03,04:30,1610612744,GSW,101,1610612756,PHX,107,,,,False
2010-2011,2011,0021000275,20101203/NJNCHA,Final/OT,2010-12-04,01:00,1610612766,CHA,91,1610612751,NJN,84,,,,False
2010-2011,2011,0021000276,20101203/OKCTOR,Final,2010-12-04,01:00,1610612761,TOR,111,1610612760,OKC,99,,,,False
2010-2011,2011,0021000277,20101203/PORWAS,Final,2010-12-04,01:00,1610612764,WAS,83,1610612757,POR,79,,,,False
2010-2011,2011,0021000278,20101203/PHIATL,Final,2010-12-04,01:30,1610612737,ATL,93,1610612755,PHI,88,,,,False
2010-2011,2011,0021000279,20101203/ORLDET,Final,2010-12-04,01:30,1610612765,DET,91,1610612753,ORL,104,,,,False
2010-2011,2011,0021000280,20101203/CHIBOS,Final,2010-12-04,02:00,1610612738,BOS,104,1610612741,CHI,92,,,,False
2010-2011,2011,0021000281,20101203/HOUMEM,Final,2010-12-04,02:00,1610612763,MEM,111,1610612745,HOU,127,,,,False
2010-2011,2011,0021000282,20101203/NYKNOH,Final,2010-12-04,02:00,1610612740,NOH,92,1610612752,NYK,100,,,,False
2010-2011,2011,0021000283,20101203/MINSAS,Final,2010-12-04,02:30,1610612759,SAS,107,1610612750,MIN,101,,,,False
2010-2011,2011,0021000284,20101203/LACDEN,Final,2010-12-04,03:00,1610612743,DEN,109,1610612746,LAC,104,,,,False
2010-2011,2011,0021000285,20101203/INDPHX,Final,2010-12-04,03:00,1610612756,PHX,105,1610612754,IND,97,,,,False
2010-2011,2011,0021000286,20101203/DALUTA,Final,2010-12-04,04:30,1610612762,UTA,81,1610612742,DAL,93,,,,False
2010-2011,2011,0021000287,20101203/SACLAL,Final,2010-12-04,04:30,1610612747,LAL,113,1610612758,SAC,80,,,,False
2010-2011,2011,0021000288,20101204/ATLMIA,Final,2010-12-05,01:30,1610612748,MIA,89,1610612737,ATL,77,,,,False
2010-2011,2011,0021000289,20101204/CHAPHI,Final,2010-12-05,01:30,1610612755,PHI,109,1610612766,CHA,91,,,,False
2010-2011,2011,0021000290,20101204/HOUCHI,Final/OT,2010-12-05,02:00,1610612741,CHI,119,1610612745,HOU,116,,,,False
2010-2011,2011,0021000291,20101204/CLEMIN,Final,2010-12-05,02:00,1610612750,MIN,129,1610612739,CLE,95,,,,False
2010-2011,2011,0021000292,20101204/ORLMIL,Final,2010-12-05,02:30,1610612749,MIL,96,1610612753,ORL,85,,,,False
2010-2011,2011,0021000293,20101204/DALSAC,Final,2010-12-05,04:00,1610612758,SAC,103,1610612742,DAL,105,,,,False
2010-2011,2011,0021000294,20101205/BOSNJN,Final,2010-12-05,19:00,1610612751,NJN,75,1610612738,BOS,100,,,,False
2010-2011,2011,0021000295,20101205/NYKTOR,Final,2010-12-05,19:00,1610612761,TOR,99,1610612752,NYK,116,,,,False
2010-2011,2011,0021000296,20101205/CLEDET,Final,2010-12-06,00:00,1610612765,DET,102,1610612739,CLE,92,,,,False
2010-2011,2011,0021000297,20101205/GSWOKC,Final,2010-12-06,01:00,1610612760,OKC,114,1610612744,GSW,109,,,,False
2010-2011,2011,0021000298,20101205/NOHSAS,Final,2010-12-06,01:00,1610612759,SAS,109,1610612740,NOH,84,,,,False
2010-2011,2011,0021000299,20101205/MEMDEN,Final,2010-12-06,02:00,1610612743,DEN,108,1610612763,MEM,107,,,,False
2010-2011,2011,0021000300,20101205/WASPHX,Final,2010-12-06,02:00,1610612756,PHX,125,1610612764,WAS,108,,,,False
2010-2011,2011,0021000301,20101205/LACPOR,Final,2010-12-06,03:00,1610612757,POR,100,1610612746,LAC,91,,,,False
2010-2011,2011,0021000302,20101206/TORIND,Final,2010-12-07,01:00,1610612754,IND,124,1610612761,TOR,100,,,,False
2010-2011,2011,0021000303,20101206/ATLORL,Final,2010-12-07,01:00,1610612753,ORL,74,1610612737,ATL,80,,,,False
2010-2011,2011,0021000304,20101206/MINNYK,Final,2010-12-07,01:30,1610612752,NYK,121,1610612750,MIN,114,,,,False
2010-2011,2011,0021000305,20101206/OKCCHI,Final,2010-12-07,02:00,1610612741,CHI,99,1610612760,OKC,90,,,,False
2010-2011,2011,0021000306,20101206/MIAMIL,Final,2010-12-07,02:00,1610612749,MIL,78,1610612748,MIA,88,,,,False
2010-2011,2011,0021000307,20101206/MEMUTA,Final,2010-12-07,03:00,1610612762,UTA,94,1610612763,MEM,85,,,,False
2010-2011,2011,0021000308,20101206/SACLAC,Final,2010-12-07,04:30,1610612746,LAC,98,1610612758,SAC,91,,,,False
2010-2011,2011,0021000309,20101207/NJNATL,Final,2010-12-08,01:00,1610612737,ATL,116,1610612751,NJN,101,,,,False
2010-2011,2011,0021000310,20101207/DENCHA,Final,2010-12-08,01:00,1610612766,CHA,100,1610612743,DEN,98,,,,False
2010-2011,2011,0021000311,20101207/CLEPHI,Final,2010-12-08,01:00,1610612755,PHI,117,1610612739,CLE,97,,,,False
2010-2011,2011,0021000312,20101207/GSWDAL,Final,2010-12-08,02:30,1610612742,DAL,105,1610612744,GSW,100,,,,False
2010-2011,2011,0021000313,20101207/DETHOU,Final,2010-12-08,02:30,1610612745,HOU,97,1610612765,DET,83,,,,False
2010-2011,2011,0021000314,20101207/PHXPOR,Final,2010-12-08,04:00,1610612757,POR,106,1610612756,PHX,99,,,,False
2010-2011,2011,0021000315,20101207/WASLAL,Final,2010-12-08,04:30,1610612747,LAL,115,1610612764,WAS,108,,,,False
2010-2011,2011,0021000316,20101208/DENBOS,Final,2010-12-09,01:00,1610612738,BOS,105,1610612743,DEN,89,,,,False
2010-2011,2011,0021000317,20101208/CHICLE,Final,2010-12-09,01:00,1610612739,CLE,83,1610612741,CHI,88,,,,False
2010-2011,2011,0021000318,20101208/TORNYK,Final,2010-12-09,01:30,1610612752,NYK,113,1610612761,TOR,110,,,,False
2010-2011,2011,0021000319,20101208/INDMIL,Final,2010-12-09,02:00,1610612749,MIL,97,1610612754,IND,95,,,,False
2010-2011,2011,0021000320,20101208/OKCMIN,Final,2010-12-09,02:00,1610612750,MIN,103,1610612760,OKC,111,,,,False
2010-2011,2011,0021000321,20101208/DETNOH,Final,2010-12-09,02:00,1610612740,NOH,93,1610612765,DET,74,,,,False
2010-2011,2011,0021000322,20101208/GSWSAS,Final,2010-12-09,02:30,1610612759,SAS,111,1610612744,GSW,94,,,,False
2010-2011,2011,0021000323,20101208/MEMPHX,Final/OT,2010-12-09,03:00,1610612756,PHX,98,1610612763,MEM,104,,,,False
2010-2011,2011,0021000324,20101208/MIAUTA,Final,2010-12-09,03:00,1610612762,UTA,98,1610612748,MIA,111,,,,False
2010-2011,2011,0021000325,20101208/WASSAC,Final,2010-12-09,04:00,1610612758,SAC,116,1610612764,WAS,91,,,,False
2010-2011,2011,0021000326,20101208/LALLAC,Final,2010-12-09,04:30,1610612746,LAC,86,1610612747,LAL,87,,,,False
2010-2011,2011,0021000327,20101209/BOSPHI,Final,2010-12-10,02:00,1610612755,PHI,101,1610612738,BOS,102,,,,False
2010-2011,2011,0021000328,20101209/NJNDAL,Final,2010-12-10,02:30,1610612742,DAL,102,1610612751,NJN,89,,,,False
2010-2011,2011,0021000329,20101209/ORLPOR,Final,2010-12-10,04:30,1610612757,POR,97,1610612753,ORL,83,,,,False
2010-2011,2011,0021000330,20101210/CHAIND,Final,2010-12-11,01:00,1610612754,IND,100,1610612766,CHA,92,,,,False
2010-2011,2011,0021000331,20101210/DENTOR,Final,2010-12-11,01:00,1610612761,TOR,116,1610612743,DEN,123,,,,False
2010-2011,2011,0021000332,20101210/NYKWAS,Final,2010-12-11,01:00,1610612764,WAS,95,1610612752,NYK,101,,,,False
2010-2011,2011,0021000333,20101210/LALCHI,Final,2010-12-11,02:00,1610612741,CHI,88,1610612747,LAL,84,,,,False
2010-2011,2011,0021000334,20101210/DETMIN,Final,2010-12-11,02:00,1610612750,MIN,109,1610612765,DET,99,,,,False
2010-2011,2011,0021000335,20101210/OKCNOH,Final,2010-12-11,02:00,1610612740,NOH,92,1610612760,OKC,97,,,,False
2010-2011,2011,0021000336,20101210/HOUMIL,Final,2010-12-11,02:30,1610612749,MIL,97,1610612745,HOU,91,,,,False
2010-2011,2011,0021000337,20101210/ATLSAS,Final,2010-12-11,02:30,1610612759,SAS,108,1610612737,ATL,92,,,,False
2010-2011,2011,0021000338,20101210/PORPHX,Final,2010-12-11,03:00,1610612756,PHX,94,1610612757,POR,101,,,,False
2010-2011,2011,0021000339,20101210/ORLUTA,Final,2010-12-11,03:00,1610612762,UTA,117,1610612753,ORL,105,,,,False
2010-2011,2011,0021000340,20101210/MIAGSW,Final,2010-12-11,04:30,1610612744,GSW,84,1610612748,MIA,106,,,,False
2010-2011,2011,0021000341,20101211/MEMLAC,Final,2010-12-11,21:30,1610612746,LAC,83,1610612763,MEM,84,,,,False
2010-2011,2011,0021000342,20101211/INDATL,Final,2010-12-12,01:00,1610612737,ATL,97,1610612754,IND,83,,,,False
2010-2011,2011,0021000343,20101211/BOSCHA,Final,2010-12-12,01:00,1610612766,CHA,62,1610612738,BOS,93,,,,False
2010-2011,2011,0021000344,20101211/TORDET,Final,2010-12-12,01:30,1610612765,DET,116,1610612761,TOR,120,,,,False
2010-2011,2011,0021000345,20101211/MINCHI,Final,2010-12-12,02:00,1610612741,CHI,113,1610612750,MIN,82,,,,False
2010-2011,2011,0021000346,20101211/UTADAL,Final,2010-12-12,02:30,1610612742,DAL,103,1610612762,UTA,97,,,,False
2010-2011,2011,0021000347,20101211/CLEHOU,Final,2010-12-12,02:30,1610612745,HOU,110,1610612739,CLE,95,,,,False
2010-2011,2011,0021000348,20101211/MIASAC,Final,2010-12-12,04:00,1610612758,SAC,83,1610612748,MIA,104,,,,False
2010-2011,2011,0021000349,20101212/DENNYK,Final,2010-12-12,18:00,1610612752,NYK,129,1610612743,DEN,125,,,,False
2010-2011,2011,0021000350,20101212/NOHPHI,Final,2010-12-12,18:00,1610612755,PHI,88,1610612740,NOH,70,,,,False
2010-2011,2011,0021000351,20101212/LALNJN,Final,2010-12-12,19:00,1610612751,NJN,92,1610612747,LAL,99,,,,False
2010-2011,2011,0021000353,20101212/PORSAS,Final,2010-12-12,21:30,1610612759,SAS,95,1610612757,POR,78,,,,False
2010-2011,2011,0021000352,20101212/CLEOKC,Final,2010-12-13,01:00,1610612760,OKC,106,1610612739,CLE,77,,,,False
2010-2011,2011,0021000354,20101212/ORLLAC,Final,2010-12-13,03:30,1610612746,LAC,85,1610612753,ORL,94,,,,False
2010-2011,2011,0021000355,20101213/NOHMIA,Final,2010-12-14,01:30,1610612748,MIA,96,1610612740,NOH,84,,,,False
2010-2011,2011,0021000356,20101213/INDCHI,Final,2010-12-14,02:00,1610612741,CHI,92,1610612754,IND,73,,,,False
2010-2011,2011,0021000357,20101213/PORMEM,Final,2010-12-14,02:00,1610612763,MEM,86,1610612757,POR,73,,,,False
2010-2011,2011,0021000358,20101213/MILDAL,Final,2010-12-14,02:30,1610612742,DAL,99,1610612749,MIL,103,,,,False
2010-2011,2011,0021000359,20101213/GSWUTA,Final,2010-12-14,03:00,1610612762,UTA,108,1610612744,GSW,95,,,,False
2010-2011,2011,0021000360,20101214/TORCHA,Final,2010-12-15,01:00,1610612766,CHA,97,1610612761,TOR,91,,,,False
2010-2011,2011,0021000361,20101214/PHINJN,Final,2010-12-15,01:00,1610612751,NJN,77,1610612755,PHI,82,,,,False
2010-2011,2011,0021000362,20101214/LALWAS,Final,2010-12-15,01:00,1610612764,WAS,89,1610612747,LAL,103,,,,False
2010-2011,2011,0021000363,20101214/ATLDET,Final,2010-12-15,01:30,1610612765,DET,103,1610612737,ATL,80,,,,False
2010-2011,2011,0021000364,20101214/SACHOU,Final,2010-12-15,02:30,1610612745,HOU,118,1610612758,SAC,105,,,,False
2010-2011,2011,0021000365,20101214/ORLDEN,Final,2010-12-15,03:00,1610612743,DEN,111,1610612753,ORL,94,,,,False
2010-2011,2011,0021000366,20101214/MINGSW,Final,2010-12-15,04:30,1610612744,GSW,108,1610612750,MIN,99,,,,False
2010-2011,2011,0021000367,20101215/LALIND,Final,2010-12-16,01:00,1610612754,IND,94,1610612747,LAL,109,,,,False
2010-2011,2011,0021000368,20101215/BOSNYK,Final,2010-12-16,01:00,1610612752,NYK,116,1610612738,BOS,118,,,,False
2010-2011,2011,0021000369,20101215/LACPHI,Final,2010-12-16,01:00,1610612755,PHI,105,1610612746,LAC,91,,,,False
2010-2011,2011,0021000370,20101215/CHITOR,Final,2010-12-16,01:00,1610612761,TOR,93,1610612741,CHI,110,,,,False
2010-2011,2011,0021000371,20101215/CLEMIA,Final,2010-12-16,01:30,1610612748,MIA,101,1610612739,CLE,95,,,,False
2010-2011,2011,0021000372,20101215/CHAMEM,Final,2010-12-16,02:00,1610612763,MEM,113,1610612766,CHA,80,,,,False
2010-2011,2011,0021000373,20101215/SACNOH,Final,2010-12-16,02:00,1610612740,NOH,94,1610612758,SAC,91,,,,False
2010-2011,2011,0021000374,20101215/HOUOKC,Final,2010-12-16,02:00,1610612760,OKC,117,1610612745,HOU,105,,,,False
2010-2011,2011,0021000375,20101215/MILSAS,Final,2010-12-16,02:30,1610612759,SAS,92,1610612749,MIL,90,,,,False
2010-2011,2011,0021000376,20101215/MINPHX,Final,2010-12-16,03:00,1610612756,PHX,128,1610612750,MIN,122,,,,False
2010-2011,2011,0021000377,20101215/PORDAL,Final,2010-12-16,03:30,1610612742,DAL,103,1610612757,POR,98,,,,False
2010-2011,2011,0021000378,20101216/WASNJN,Final,2010-12-17,01:00,1610612751,NJN,97,1610612764,WAS,89,,,,False
2010-2011,2011,0021000379,20101216/ATLBOS,Final,2010-12-17,02:00,1610612738,BOS,102,1610612737,ATL,90,,,,False
2010-2011,2011,0021000380,20101216/SASDEN,Final,2010-12-17,04:30,1610612743,DEN,112,1610612759,SAS,113,,,,False
2010-2011,2011,0021000381,20101217/CLEIND,Final,2010-12-18,01:00,1610612754,IND,108,1610612739,CLE,99,,,,False
2010-2011,2011,0021000382,20101217/MIANYK,Final,2010-12-18,01:00,1610612752,NYK,91,1610612748,MIA,113,,,,False
2010-2011,2011,0021000383,20101217/LALPHI,Final,2010-12-18,01:00,1610612755,PHI,81,1610612747,LAL,93,,,,False
2010-2011,2011,0021000384,20101217/NJNTOR,Final,2010-12-18,01:00,1610612761,TOR,98,1610612751,NJN,92,,,,False
2010-2011,2011,0021000385,20101217/CHAATL,Final,2010-12-18,01:30,1610612737,ATL,90,1610612766,CHA,85,,,,False
2010-2011,2011,0021000386,20101217/LACDET,Final,2010-12-18,01:30,1610612765,DET,88,1610612746,LAC,109,,,,False
2010-2011,2011,0021000387,20101217/UTANOH,Final,2010-12-18,02:00,1610612740,NOH,100,1610612762,UTA,71,,,,False
2010-2011,2011,0021000388,20101217/SACOKC,Final,2010-12-18,02:00,1610612760,OKC,102,1610612758,SAC,87,,,,False
2010-2011,2011,0021000389,20101217/MEMHOU,Final,2010-12-18,02:30,1610612745,HOU,103,1610612763,MEM,87,,,,False
2010-2011,2011,0021000390,20101217/PHXDAL,Final,2010-12-18,03:30,1610612742,DAL,106,1610612756,PHX,91,,,,False
2010-2011,2011,0021000391,20101217/MINPOR,Final,2010-12-18,04:00,1610612757,POR,107,1610612750,MIN,102,,,,False
2010-2011,2011,0021000392,20101218/PHIORL,Final,2010-12-19,01:00,1610612753,ORL,89,1610612755,PHI,97,,,,False
2010-2011,2011,0021000393,20101218/MIAWAS,Final,2010-12-19,01:00,1610612764,WAS,94,1610612748,MIA,95,,,,False
2010-2011,2011,0021000394,20101218/NYKCLE,Final/OT,2010-12-19,01:30,1610612739,CLE,109,1610612752,NYK,102,,,,False
2010-2011,2011,0021000395,20101218/LACCHI,Final,2010-12-19,02:00,1610612741,CHI,99,1610612746,LAC,100,,,,False
2010-2011,2011,0021000396,20101218/UTAMIL,Final,2010-12-19,02:30,1610612749,MIL,86,1610612762,UTA,95,,,,False
2010-2011,2011,0021000397,20101218/MEMSAS,Final/OT,2010-12-19,02:30,1610612759,SAS,112,1610612763,MEM,106,,,,False
2010-2011,2011,0021000398,20101218/MINDEN,Final,2010-12-19,03:00,1610612743,DEN,115,1610612750,MIN,113,,,,False
2010-2011,2011,0021000399,20101218/GSWPOR,Final,2010-12-19,04:00,1610612757,POR,96,1610612744,GSW,95,,,,False
2010-2011,2011,0021000400,20101219/INDBOS,Final,2010-12-19,19:00,1610612738,BOS,99,1610612754,IND,88,,,,False
2010-2011,2011,0021000401,20101219/ATLNJN,Final,2010-12-19,19:00,1610612751,NJN,89,1610612737,ATL,82,,,,False
2010-2011,2011,0021000402,20101219/LALTOR,Final,2010-12-19,19:00,1610612761,TOR,110,1610612747,LAL,120,,,,False
2010-2011,2011,0021000403,20101219/NOHDET,Final/OT,2010-12-20,00:00,1610612765,DET,111,1610612740,NOH,108,,,,False
2010-2011,2011,0021000404,20101219/HOUSAC,Final,2010-12-20,00:00,1610612758,SAC,93,1610612745,HOU,102,,,,False
2010-2011,2011,0021000405,20101219/PHXOKC,Final,2010-12-20,01:00,1610612760,OKC,110,1610612756,PHX,113,,,,False
2010-2011,2011,0021000406,20101220/ORLATL,Final,2010-12-21,01:00,1610612737,ATL,91,1610612753,ORL,81,,,,False
2010-2011,2011,0021000407,20101220/UTACLE,Final,2010-12-21,01:00,1610612739,CLE,90,1610612762,UTA,101,,,,False
2010-2011,2011,0021000408,20101220/NOHIND,Final,2010-12-21,01:00,1610612754,IND,94,1610612740,NOH,93,,,,False
2010-2011,2011,0021000409,20101220/CHAWAS,Final,2010-12-21,01:00,1610612764,WAS,108,1610612766,CHA,75,,,,False
2010-2011,2011,0021000410,20101220/DALMIA,Final,2010-12-21,01:30,1610612748,MIA,96,1610612742,DAL,98,,,,False
2010-2011,2011,0021000411,20101220/PHXSAS,Final,2010-12-21,02:30,1610612759,SAS,118,1610612756,PHX,110,,,,False
2010-2011,2011,0021000412,20101220/MILPOR,Final,2010-12-21,04:00,1610612757,POR,106,1610612749,MIL,80,,,,False
2010-2011,2011,0021000413,20101220/HOUGSW,Final,2010-12-21,04:30,1610612744,GSW,112,1610612745,HOU,121,,,,False
2010-2011,2011,0021000414,20101220/MINLAC,Final,2010-12-21,04:30,1610612746,LAC,113,1610612750,MIN,90,,,,False
2010-2011,2011,0021000415,20101221/OKCCHA,Final,2010-12-22,01:00,1610612766,CHA,81,1610612760,OKC,99,,,,False
2010-2011,2011,0021000416,20101221/DALORL,Final,2010-12-22,01:00,1610612753,ORL,99,1610612742,DAL,105,,,,False
2010-2011,2011,0021000417,20101221/PHICHI,Final,2010-12-22,02:00,1610612741,CHI,121,1610612755,PHI,76,,,,False
2010-2011,2011,0021000418,20101221/NJNMEM,Final,2010-12-22,02:00,1610612763,MEM,94,1610612751,NJN,101,,,,False
2010-2011,2011,0021000419,20101221/GSWSAC,Final/OT,2010-12-22,04:00,1610612758,SAC,109,1610612744,GSW,117,,,,False
2010-2011,2011,0021000420,20101221/MILLAL,Final,2010-12-22,04:30,1610612747,LAL,79,1610612749,MIL,98,,,,False
2010-2011,2011,0021000421,20101222/CLEATL,Final,2010-12-23,01:00,1610612737,ATL,98,1610612739,CLE,84,,,,False
2010-2011,2011,0021000422,20101222/DETTOR,Final,2010-12-23,01:00,1610612761,TOR,93,1610612765,DET,115,,,,False
2010-2011,2011,0021000423,20101222/CHIWAS,Final,2010-12-23,01:00,1610612764,WAS,80,1610612741,CHI,87,,,,False
2010-2011,2011,0021000424,20101222/PHIBOS,Final,2010-12-23,01:30,1610612738,BOS,84,1610612755,PHI,80,,,,False
2010-2011,2011,0021000425,20101222/OKCNYK,Final,2010-12-23,01:30,1610612752,NYK,112,1610612760,OKC,98,,,,False
2010-2011,2011,0021000426,20101222/UTAMIN,Final,2010-12-23,02:00,1610612750,MIN,107,1610612762,UTA,112,,,,False
2010-2011,2011,0021000427,20101222/NJNNOH,Final,2010-12-23,02:00,1610612740,NOH,105,1610612751,NJN,91,,,,False
2010-2011,2011,0021000428,20101222/DENSAS,Final,2010-12-23,02:30,1610612759,SAS,109,1610612743,DEN,103,,,,False
2010-2011,2011,0021000429,20101222/HOULAC,Final,2010-12-23,04:30,1610612746,LAC,92,1610612745,HOU,97,,,,False
2010-2011,2011,0021000430,20101223/SASORL,Final,2010-12-24,02:00,1610612753,ORL,123,1610612759,SAS,101,,,,False
2010-2011,2011,0021000431,20101223/MILSAC,Final,2010-12-24,04:00,1610612758,SAC,79,1610612749,MIL,84,,,,False
2010-2011,2011,0021000432,20101223/MIAPHX,Final,2010-12-24,04:30,1610612756,PHX,83,1610612748,MIA,95,,,,False
2010-2011,2011,0021000433,20101225/CHINYK,Final,2010-12-25,18:00,1610612752,NYK,103,1610612741,CHI,95,,,,False
2010-2011,2011,0021000434,20101225/BOSORL,Final,2010-12-25,20:30,1610612753,ORL,86,1610612738,BOS,78,,,,False
2010-2011,2011,0021000435,20101225/MIALAL,Final,2010-12-25,23:00,1610612747,LAL,80,1610612748,MIA,96,,,,False
2010-2011,2011,0021000436,20101225/DENOKC,Final,2010-12-26,02:00,1610612760,OKC,114,1610612743,DEN,106,,,,False
2010-2011,2011,0021000437,20101225/PORGSW,Final,2010-12-26,04:30,1610612744,GSW,109,1610612757,POR,102,,,,False
2010-2011,2011,0021000438,20101226/PHXLAC,Final,2010-12-26,21:00,1610612746,LAC,108,1610612756,PHX,103,,,,False
2010-2011,2011,0021000439,20101226/MINCLE,Final,2010-12-27,00:00,1610612739,CLE,97,1610612750,MIN,98,,,,False
2010-2011,2011,0021000440,20101226/CHIDET,Final/OT,2010-12-27,00:00,1610612765,DET,92,1610612741,CHI,95,,,,False
2010-2011,2011,0021000441,20101226/MEMIND,Final,2010-12-27,01:00,1610612754,IND,90,1610612763,MEM,104,,,,False
2010-2011,2011,0021000442,20101226/ATLNOH,Final,2010-12-27,01:00,1610612740,NOH,93,1610612737,ATL,86,,,,False
2010-2011,2011,0021000443,20101226/WASSAS,Final,2010-12-27,01:00,1610612759,SAS,94,1610612764,WAS,80,,,,False
2010-2011,2011,0021000444,20101226/PHIDEN,Final,2010-12-27,02:00,1610612743,DEN,89,1610612755,PHI,95,,,,False
2010-2011,2011,0021000445,20101227/DETCHA,Final,2010-12-28,01:00,1610612766,CHA,105,1610612765,DET,100,,,,False
2010-2011,2011,0021000446,20101227/ORLNJN,Final,2010-12-28,01:00,1610612751,NJN,88,1610612753,ORL,104,,,,False
2010-2011,2011,0021000447,20101227/TORMEM,Final,2010-12-28,02:00,1610612763,MEM,96,1610612761,TOR,85,,,,False
2010-2011,2011,0021000448,20101227/ATLMIL,Final,2010-12-28,02:00,1610612749,MIL,80,1610612737,ATL,95,,,,False
2010-2011,2011,0021000449,20101227/NOHMIN,Final,2010-12-28,02:00,1610612750,MIN,113,1610612740,NOH,98,,,,False
2010-2011,2011,0021000450,20101227/DALOKC,Final,2010-12-28,02:00,1610612760,OKC,93,1610612742,DAL,103,,,,False
2010-2011,2011,0021000451,20101227/WASHOU,Final,2010-12-28,02:30,1610612745,HOU,100,1610612764,WAS,93,,,,False
2010-2011,2011,0021000452,20101227/PORUTA,Final,2010-12-28,03:00,1610612762,UTA,91,1610612757,POR,96,,,,False
2010-2011,2011,0021000453,20101227/LACSAC,Final,2010-12-28,04:00,1610612758,SAC,99,1610612746,LAC,100,,,,False
2010-2011,2011,0021000454,20101227/PHIGSW,Final,2010-12-28,04:30,1610612744,GSW,110,1610612755,PHI,95,,,,False
2010-2011,2011,0021000455,20101228/ORLCLE,Final,2010-12-29,01:00,1610612739,CLE,95,1610612753,ORL,110,,,,False
2010-2011,2011,0021000456,20101228/BOSIND,Final,2010-12-29,01:00,1610612754,IND,83,1610612738,BOS,95,,,,False
2010-2011,2011,0021000457,20101228/NYKMIA,Final,2010-12-29,01:30,1610612748,MIA,106,1610612752,NYK,98,,,,False
2010-2011,2011,0021000458,20101228/MILCHI,Final,2010-12-29,02:00,1610612741,CHI,90,1610612749,MIL,77,,,,False
2010-2011,2011,0021000459,20101228/TORDAL,Final,2010-12-29,02:30,1610612742,DAL,76,1610612761,TOR,84,,,,False
2010-2011,2011,0021000460,20101228/LALSAS,Final,2010-12-29,02:30,1610612759,SAS,97,1610612747,LAL,82,,,,False
2010-2011,2011,0021000461,20101228/PORDEN,Final,2010-12-29,03:00,1610612743,DEN,95,1610612757,POR,77,,,,False
2010-2011,2011,0021000462,20101229/GSWATL,Final,2010-12-30,01:00,1610612737,ATL,103,1610612744,GSW,93,,,,False
2010-2011,2011,0021000463,20101229/CLECHA,Final,2010-12-30,01:00,1610612766,CHA,101,1610612739,CLE,92,,,,False
2010-2011,2011,0021000464,20101229/INDWAS,Final,2010-12-30,01:00,1610612764,WAS,104,1610612754,IND,90,,,,False
2010-2011,2011,0021000465,20101229/BOSDET,Final,2010-12-30,01:30,1610612765,DET,104,1610612738,BOS,92,,,,False
2010-2011,2011,0021000466,20101229/DENMIN,Final,2010-12-30,02:00,1610612750,MIN,113,1610612743,DEN,119,,,,False
2010-2011,2011,0021000467,20101229/LALNOH,Final,2010-12-30,02:00,1610612740,NOH,88,1610612747,LAL,103,,,,False
2010-2011,2011,0021000468,20101229/NJNOKC,Final,2010-12-30,02:00,1610612760,OKC,114,1610612751,NJN,93,,,,False
2010-2011,2011,0021000469,20101229/MIAHOU,Final,2010-12-30,02:30,1610612745,HOU,119,1610612748,MIA,125,,,,False
2010-2011,2011,0021000470,20101229/PHIPHX,Final,2010-12-30,03:00,1610612756,PHX,110,1610612755,PHI,123,,,,False
2010-2011,2011,0021000471,20101229/MEMSAC,Final,2010-12-30,04:00,1610612758,SAC,100,1610612763,MEM,98,,,,False
2010-2011,2011,0021000472,20101229/UTALAC,Final,2010-12-30,04:30,1610612746,LAC,95,1610612762,UTA,103,,,,False
2010-2011,2011,0021000473,20101230/NYKORL,Final,2010-12-31,01:00,1610612753,ORL,112,1610612752,NYK,103,,,,False
2010-2011,2011,0021000474,20101230/SASDAL,Final,2010-12-31,03:30,1610612742,DAL,93,1610612759,SAS,99,,,,False
2010-2011,2011,0021000475,20101230/UTAPOR,Final,2010-12-31,04:00,1610612757,POR,100,1610612762,UTA,89,,,,False
2010-2011,2011,0021000476,20101231/NOHBOS,Final,2010-12-31,21:00,1610612738,BOS,81,1610612740,NOH,83,,,,False
2010-2011,2011,0021000477,20101231/GSWCHA,Final,2010-12-31,21:00,1610612766,CHA,95,1610612744,GSW,96,,,,False
2010-2011,2011,0021000478,20101231/WASIND,Final,2010-12-31,21:00,1610612754,IND,95,1610612764,WAS,86,,,,False
2010-2011,2011,0021000479,20101231/NJNCHI,Final,2010-12-31,21:00,1610612741,CHI,90,1610612751,NJN,81,,,,False
2010-2011,2011,0021000480,20101231/TORHOU,Final,2011-01-01,01:00,1610612745,HOU,114,1610612761,TOR,105,,,,False
2010-2011,2011,0021000481,20101231/ATLOKC,Final,2011-01-01,02:00,1610612760,OKC,103,1610612737,ATL,94,,,,False
2010-2011,2011,0021000482,20101231/DETPHX,Final,2011-01-01,03:00,1610612756,PHX,92,1610612765,DET,75,,,,False
2010-2011,2011,0021000483,20101231/PHILAL,Final,2011-01-01,04:30,1610612747,LAL,102,1610612755,PHI,98,,,,False
2010-2011,2011,0021000484,20110101/NOHWAS,Final,2011-01-02,01:00,1610612764,WAS,81,1610612740,NOH,92,,,,False
2010-2011,2011,0021000485,20110101/CLECHI,Final,2011-01-02,01:00,1610612741,CHI,100,1610612739,CLE,91,,,,False
2010-2011,2011,0021000486,20110101/GSWMIA,Final,2011-01-02,01:30,1610612748,MIA,114,1610612744,GSW,107,,,,False
2010-2011,2011,0021000487,20110101/NJNMIN,Final,2011-01-02,02:00,1610612750,MIN,103,1610612751,NJN,88,,,,False
2010-2011,2011,0021000488,20110101/OKCSAS,Final,2011-01-02,02:30,1610612759,SAS,101,1610612760,OKC,74,,,,False
2010-2011,2011,0021000489,20110101/DALMIL,Final,2011-01-02,03:00,1610612749,MIL,99,1610612742,DAL,87,,,,False
2010-2011,2011,0021000490,20110101/SACDEN,Final,2011-01-02,03:00,1610612743,DEN,104,1610612758,SAC,86,,,,False
2010-2011,2011,0021000491,20110101/MEMUTA,Final,2011-01-02,03:00,1610612762,UTA,98,1610612763,MEM,92,,,,False
2010-2011,2011,0021000492,20110102/INDNYK,Final,2011-01-02,19:00,1610612752,NYK,98,1610612754,IND,92,,,,False
2010-2011,2011,0021000493,20110102/ATLLAC,Final,2011-01-02,21:30,1610612746,LAC,98,1610612737,ATL,107,,,,False
2010-2011,2011,0021000494,20110102/BOSTOR,Final,2011-01-03,00:00,1610612761,TOR,79,1610612738,BOS,93,,,,False
2010-2011,2011,0021000495,20110102/DALCLE,Final,2011-01-03,01:00,1610612739,CLE,95,1610612742,DAL,104,,,,False
2010-2011,2011,0021000496,20110102/HOUPOR,Final,2011-01-03,03:00,1610612757,POR,100,1610612745,HOU,85,,,,False
2010-2011,2011,0021000497,20110102/PHXSAC,Final,2011-01-03,03:00,1610612758,SAC,94,1610612756,PHX,89,,,,False
2010-2011,2011,0021000498,20110102/MEMLAL,Final,2011-01-03,03:30,1610612747,LAL,85,1610612763,MEM,104,,,,False
2010-2011,2011,0021000499,20110103/MIACHA,Final,2011-01-04,01:00,1610612766,CHA,82,1610612748,MIA,96,,,,False
2010-2011,2011,0021000500,20110103/GSWORL,Final,2011-01-04,01:00,1610612753,ORL,110,1610612744,GSW,90,,,,False
2010-2011,2011,0021000501,20110103/MINBOS,Final,2011-01-04,01:30,1610612738,BOS,96,1610612750,MIN,93,,,,False
2010-2011,2011,0021000502,20110103/PHINOH,Final,2011-01-04,02:00,1610612740,NOH,84,1610612755,PHI,77,,,,False
2010-2011,2011,0021000503,20110103/HOUDEN,Final,2011-01-04,03:00,1610612743,DEN,113,1610612745,HOU,106,,,,False
2010-2011,2011,0021000504,20110103/DETUTA,Final,2011-01-04,03:00,1610612762,UTA,102,1610612765,DET,97,,,,False
2010-2011,2011,0021000505,20110104/MILMIA,Final,2011-01-05,01:30,1610612748,MIA,101,1610612749,MIL,89,,,,False
2010-2011,2011,0021000506,20110104/SASNYK,Final,2011-01-05,01:30,1610612752,NYK,128,1610612759,SAS,115,,,,False
2010-2011,2011,0021000507,20110104/TORCHI,Final,2011-01-05,02:00,1610612741,CHI,111,1610612761,TOR,91,,,,False
2010-2011,2011,0021000508,20110104/OKCMEM,Final,2011-01-05,02:00,1610612763,MEM,110,1610612760,OKC,105,,,,False
2010-2011,2011,0021000509,20110104/PORDAL,Final,2011-01-05,02:30,1610612742,DAL,84,1610612757,POR,81,,,,False
2010-2011,2011,0021000510,20110104/ATLSAC,Final,2011-01-05,04:00,1610612758,SAC,102,1610612737,ATL,108,,,,False
2010-2011,2011,0021000511,20110104/DETLAL,Final,2011-01-05,04:30,1610612747,LAL,108,1610612765,DET,83,,,,False
2010-2011,2011,0021000512,20110105/TORCLE,Final,2011-01-06,01:00,1610612739,CLE,105,1610612761,TOR,120,,,,False
2010-2011,2011,0021000513,20110105/CHINJN,Final,2011-01-06,01:00,1610612751,NJN,96,1610612741,CHI,94,,,,False
2010-2011,2011,0021000514,20110105/MILORL,Final,2011-01-06,01:00,1610612753,ORL,97,1610612749,MIL,87,,,,False
2010-2011,2011,0021000515,20110105/WASPHI,Final,2011-01-06,01:00,1610612755,PHI,109,1610612764,WAS,97,,,,False
2010-2011,2011,0021000516,20110105/SASBOS,Final,2011-01-06,01:30,1610612738,BOS,105,1610612759,SAS,103,,,,False
2010-2011,2011,0021000517,20110105/CHAMIN,Final/OT,2011-01-06,02:00,1610612750,MIN,105,1610612766,CHA,108,,,,False
2010-2011,2011,0021000518,20110105/GSWNOH,Final,2011-01-06,02:00,1610612740,NOH,103,1610612744,GSW,110,,,,False
2010-2011,2011,0021000519,20110105/PORHOU,Final,2011-01-06,02:30,1610612745,HOU,100,1610612757,POR,103,,,,False
2010-2011,2011,0021000520,20110105/ATLUTA,Final,2011-01-06,03:00,1610612762,UTA,87,1610612737,ATL,110,,,,False
2010-2011,2011,0021000521,20110105/LALPHX,Final,2011-01-06,04:30,1610612756,PHX,95,1610612747,LAL,99,,,,False
2010-2011,2011,0021000522,20110105/DENLAC,Final,2011-01-06,04:30,1610612746,LAC,106,1610612743,DEN,93,,,,False
2010-2011,2011,0021000523,20110106/OKCDAL,Final,2011-01-07,02:00,1610612742,DAL,95,1610612760,OKC,99,,,,False
2010-2011,2011,0021000524,20110106/DENSAC,Final,2011-01-07,04:30,1610612758,SAC,122,1610612743,DEN,102,,,,False
2010-2011,2011,0021000525,20110107/SASIND,Final,2011-01-08,01:00,1610612754,IND,87,1610612759,SAS,90,,,,False
2010-2011,2011,0021000526,20110107/CHIPHI,Final,2011-01-08,01:00,1610612755,PHI,105,1610612741,CHI,99,,,,False
2010-2011,2011,0021000527,20110107/NJNWAS,Final,2011-01-08,01:00,1610612764,WAS,97,1610612751,NJN,77,,,,False
2010-2011,2011,0021000528,20110107/TORBOS,Final,2011-01-08,01:30,1610612738,BOS,122,1610612761,TOR,102,,,,False
2010-2011,2011,0021000529,20110107/HOUORL,Final,2011-01-08,02:00,1610612753,ORL,110,1610612745,HOU,95,,,,False
2010-2011,2011,0021000530,20110107/UTAMEM,Final,2011-01-08,02:00,1610612763,MEM,110,1610612762,UTA,99,,,,False
2010-2011,2011,0021000531,20110107/PORMIN,Final,2011-01-08,02:00,1610612750,MIN,98,1610612757,POR,108,,,,False
2010-2011,2011,0021000532,20110107/MIAMIL,Final/OT,2011-01-08,02:30,1610612749,MIL,95,1610612748,MIA,101,,,,False
2010-2011,2011,0021000533,20110107/NYKPHX,Final,2011-01-08,04:30,1610612756,PHX,96,1610612752,NYK,121,,,,False
2010-2011,2011,0021000534,20110107/CLEGSW,Final,2011-01-08,04:30,1610612744,GSW,116,1610612739,CLE,98,,,,False
2010-2011,2011,0021000535,20110107/NOHLAL,Final,2011-01-08,04:30,1610612747,LAL,101,1610612740,NOH,97,,,,False
2010-2011,2011,0021000536,20110108/INDATL,Final,2011-01-09,01:00,1610612737,ATL,108,1610612754,IND,93,,,,False
2010-2011,2011,0021000537,20110108/WASCHA,Final,2011-01-09,01:00,1610612766,CHA,104,1610612764,WAS,89,,,,False
2010-2011,2011,0021000538,20110108/MILNJN,Final,2011-01-09,01:00,1610612751,NJN,92,1610612749,MIL,115,,,,False
2010-2011,2011,0021000539,20110108/PHIDET,Final/OT,2011-01-09,01:30,1610612765,DET,112,1610612755,PHI,109,,,,False
2010-2011,2011,0021000540,20110108/BOSCHI,Final,2011-01-09,02:00,1610612741,CHI,90,1610612738,BOS,79,,,,False
2010-2011,2011,0021000541,20110108/MEMOKC,Final,2011-01-09,02:00,1610612760,OKC,109,1610612763,MEM,100,,,,False
2010-2011,2011,0021000542,20110108/ORLDAL,Final,2011-01-09,02:30,1610612742,DAL,107,1610612753,ORL,117,,,,False
2010-2011,2011,0021000543,20110108/UTAHOU,Final/OT,2011-01-09,02:30,1610612745,HOU,99,1610612762,UTA,103,,,,False
2010-2011,2011,0021000544,20110109/SACTOR,Final,2011-01-09,19:00,1610612761,TOR,118,1610612758,SAC,112,,,,False
2010-2011,2011,0021000545,20110109/GSWLAC,Final,2011-01-09,21:30,1610612746,LAC,105,1610612744,GSW,91,,,,False
2010-2011,2011,0021000546,20110109/MINSAS,Final,2011-01-10,01:00,1610612759,SAS,94,1610612750,MIN,91,,,,False
2010-2011,2011,0021000547,20110109/CLEPHX,Final,2011-01-10,02:00,1610612756,PHX,108,1610612739,CLE,100,,,,False
2010-2011,2011,0021000548,20110109/NOHDEN,Final,2011-01-10,03:00,1610612743,DEN,87,1610612740,NOH,96,,,,False
2010-2011,2011,0021000549,20110109/MIAPOR,Final/OT,2011-01-10,03:00,1610612757,POR,100,1610612748,MIA,107,,,,False
2010-2011,2011,0021000550,20110109/NYKLAL,Final,2011-01-10,03:30,1610612747,LAL,109,1610612752,NYK,87,,,,False
2010-2011,2011,0021000551,20110110/MEMCHA,Final,2011-01-11,01:00,1610612766,CHA,96,1610612763,MEM,82,,,,False
2010-2011,2011,0021000552,20110110/HOUBOS,Final,2011-01-11,01:30,1610612738,BOS,102,1610612745,HOU,108,,,,False
2010-2011,2011,0021000553,20110110/DETCHI,Final,2011-01-11,02:00,1610612741,CHI,95,1610612765,DET,82,,,,False
2010-2011,2011,0021000555,20110111/INDPHI,Final,2011-01-12,01:00,1610612755,PHI,103,1610612754,IND,111,,,,False
2010-2011,2011,0021000556,20110111/SACWAS,Final/OT,2011-01-12,01:00,1610612764,WAS,136,1610612758,SAC,133,,,,False
2010-2011,2011,0021000557,20110111/SASMIN,Final,2011-01-12,02:00,1610612750,MIN,96,1610612759,SAS,107,,,,False
2010-2011,2011,0021000558,20110111/PHXDEN,Final,2011-01-12,03:00,1610612743,DEN,132,1610612756,PHX,98,,,,False
2010-2011,2011,0021000559,20110111/NYKPOR,Final,2011-01-12,04:00,1610612757,POR,86,1610612752,NYK,100,,,,False
2010-2011,2011,0021000560,20110111/CLELAL,Final,2011-01-12,04:30,1610612747,LAL,112,1610612739,CLE,57,,,,False
2010-2011,2011,0021000561,20110112/CHICHA,Final,2011-01-13,01:00,1610612766,CHA,96,1610612741,CHI,91,,,,False
2010-2011,2011,0021000562,20110112/DALIND,Final,2011-01-13,01:00,1610612754,IND,102,1610612742,DAL,89,,,,False
2010-2011,2011,0021000563,20110112/ATLTOR,Final,2011-01-13,01:00,1610612761,TOR,101,1610612737,ATL,104,,,,False
2010-2011,2011,0021000564,20110112/SACBOS,Final,2011-01-13,01:30,1610612738,BOS,119,1610612758,SAC,95,,,,False
2010-2011,2011,0021000565,20110112/MEMDET,Final,2011-01-13,01:30,1610612765,DET,99,1610612763,MEM,107,,,,False
2010-2011,2011,0021000566,20110112/SASMIL,Final,2011-01-13,02:00,1610612749,MIL,84,1610612759,SAS,91,,,,False
2010-2011,2011,0021000567,20110112/ORLNOH,Final/OT,2011-01-13,02:00,1610612740,NOH,92,1610612753,ORL,89,,,,False
2010-2011,2011,0021000568,20110112/OKCHOU,Final,2011-01-13,02:30,1610612745,HOU,112,1610612760,OKC,118,,,,False
2010-2011,2011,0021000569,20110112/NJNPHX,Final/OT,2011-01-13,03:00,1610612756,PHX,118,1610612751,NJN,109,,,,False
2010-2011,2011,0021000570,20110112/NYKUTA,Final,2011-01-13,03:00,1610612762,UTA,131,1610612752,NYK,125,,,,False
2010-2011,2011,0021000571,20110112/LALGSW,Final,2011-01-13,04:30,1610612744,GSW,110,1610612747,LAL,115,,,,False
2010-2011,2011,0021000572,20110112/MIALAC,Final,2011-01-13,04:30,1610612746,LAC,111,1610612748,MIA,105,,,,False
2010-2011,2011,0021000573,20110113/WASMIN,Final,2011-01-14,02:00,1610612750,MIN,109,1610612764,WAS,97,,,,False
2010-2011,2011,0021000574,20110113/ORLOKC,Final,2011-01-14,02:00,1610612760,OKC,125,1610612753,ORL,124,,,,False
2010-2011,2011,0021000575,20110113/MIADEN,Final,2011-01-14,04:30,1610612743,DEN,130,1610612748,MIA,102,,,,False
2010-2011,2011,0021000576,20110114/CHIIND,Final,2011-01-15,01:00,1610612754,IND,86,1610612741,CHI,99,,,,False
2010-2011,2011,0021000577,20110114/MILPHI,Final,2011-01-15,01:00,1610612755,PHI,95,1610612749,MIL,94,,,,False
2010-2011,2011,0021000578,20110114/DETTOR,Final,2011-01-15,01:00,1610612761,TOR,95,1610612765,DET,101,,,,False
2010-2011,2011,0021000579,20110114/CHABOS,Final,2011-01-15,01:30,1610612738,BOS,99,1610612766,CHA,94,,,,False
2010-2011,2011,0021000580,20110114/SACNYK,Final,2011-01-15,01:30,1610612752,NYK,83,1610612758,SAC,93,,,,False
2010-2011,2011,0021000581,20110114/DALSAS,Final,2011-01-15,02:00,1610612759,SAS,101,1610612742,DAL,89,,,,False
2010-2011,2011,0021000582,20110114/NOHHOU,Final/OT,2011-01-15,02:30,1610612745,HOU,105,1610612740,NOH,110,,,,False
2010-2011,2011,0021000583,20110114/CLEUTA,Final,2011-01-15,03:00,1610612762,UTA,121,1610612739,CLE,99,,,,False
2010-2011,2011,0021000584,20110114/PORPHX,Final,2011-01-15,04:30,1610612756,PHX,115,1610612757,POR,111,,,,False
2010-2011,2011,0021000585,20110114/LACGSW,Final,2011-01-15,04:30,1610612744,GSW,122,1610612746,LAC,112,,,,False
2010-2011,2011,0021000586,20110114/NJNLAL,Final,2011-01-15,04:30,1610612747,LAL,100,1610612751,NJN,88,,,,False
2010-2011,2011,0021000587,20110115/HOUATL,Final,2011-01-16,01:00,1610612737,ATL,106,1610612745,HOU,112,,,,False
2010-2011,2011,0021000588,20110115/NOHCHA,Final,2011-01-16,01:00,1610612766,CHA,81,1610612740,NOH,88,,,,False
2010-2011,2011,0021000589,20110115/TORWAS,Final,2011-01-16,01:00,1610612764,WAS,98,1610612761,TOR,95,,,,False
2010-2011,2011,0021000590,20110115/SACDET,Final,2011-01-16,01:30,1610612765,DET,110,1610612758,SAC,106,,,,False
2010-2011,2011,0021000591,20110115/MIACHI,Final,2011-01-16,02:00,1610612741,CHI,99,1610612748,MIA,96,,,,False
2010-2011,2011,0021000592,20110115/DALMEM,Final,2011-01-16,02:00,1610612763,MEM,89,1610612742,DAL,70,,,,False
2010-2011,2011,0021000593,20110115/ORLMIN,Final,2011-01-16,02:00,1610612750,MIN,99,1610612753,ORL,108,,,,False
2010-2011,2011,0021000594,20110115/CLEDEN,Final,2011-01-16,03:00,1610612743,DEN,127,1610612739,CLE,99,,,,False
2010-2011,2011,0021000595,20110115/NJNPOR,Final,2011-01-16,04:00,1610612757,POR,96,1610612751,NJN,89,,,,False
2010-2011,2011,0021000596,20110116/LALLAC,Final,2011-01-16,21:30,1610612746,LAC,99,1610612747,LAL,92,,,,False
2010-2011,2011,0021000597,20110116/DENSAS,Final,2011-01-17,03:00,1610612759,SAS,110,1610612743,DEN,97,,,,False
2010-2011,2011,0021000598,20110117/PHXNYK,Final,2011-01-17,19:00,1610612752,NYK,121,1610612756,PHX,129,,,,False
2010-2011,2011,0021000599,20110117/UTAWAS,Final,2011-01-17,19:00,1610612764,WAS,108,1610612762,UTA,101,,,,False
2010-2011,2011,0021000600,20110117/CHIMEM,Final,2011-01-17,19:00,1610612763,MEM,84,1610612741,CHI,96,,,,False
2010-2011,2011,0021000601,20110117/CHAPHI,Final/OT,2011-01-17,20:00,1610612755,PHI,96,1610612766,CHA,92,,,,False
2010-2011,2011,0021000602,20110117/MILHOU,Final,2011-01-17,21:00,1610612745,HOU,93,1610612749,MIL,84,,,,False
2010-2011,2011,0021000603,20110117/TORNOH,Final,2011-01-17,21:00,1610612740,NOH,85,1610612761,TOR,81,,,,False
2010-2011,2011,0021000604,20110117/DALDET,Final,2011-01-17,21:30,1610612765,DET,103,1610612742,DAL,89,,,,False
2010-2011,2011,0021000605,20110117/INDLAC,Final,2011-01-17,21:30,1610612746,LAC,114,1610612754,IND,107,,,,False
2010-2011,2011,0021000606,20110117/SACATL,Final,2011-01-17,22:00,1610612737,ATL,100,1610612758,SAC,98,,,,False
2010-2011,2011,0021000607,20110117/NJNGSW,Final,2011-01-17,22:00,1610612744,GSW,109,1610612751,NJN,100,,,,False
2010-2011,2011,0021000608,20110117/ORLBOS,Final,2011-01-18,02:00,1610612738,BOS,109,1610612753,ORL,106,,,,False
2010-2011,2011,0021000609,20110117/MINPOR,Final,2011-01-18,04:00,1610612757,POR,113,1610612750,MIN,102,,,,False
2010-2011,2011,0021000610,20110117/OKCLAL,Final,2011-01-18,04:30,1610612747,LAL,101,1610612760,OKC,94,,,,False
2010-2011,2011,0021000611,20110118/ATLMIA,Final/OT,2011-01-19,01:30,1610612748,MIA,89,1610612737,ATL,93,,,,False
2010-2011,2011,0021000612,20110118/CHACHI,Final,2011-01-19,02:00,1610612741,CHI,82,1610612766,CHA,83,,,,False
2010-2011,2011,0021000613,20110119/PHXCLE,Final,2011-01-20,01:00,1610612739,CLE,98,1610612756,PHX,106,,,,False
2010-2011,2011,0021000614,20110119/UTANJN,Final,2011-01-20,01:00,1610612751,NJN,103,1610612762,UTA,95,,,,False
2010-2011,2011,0021000615,20110119/PHIORL,Final/OT,2011-01-20,01:00,1610612753,ORL,99,1610612755,PHI,98,,,,False
2010-2011,2011,0021000616,20110119/DETBOS,Final,2011-01-20,01:30,1610612738,BOS,86,1610612765,DET,82,,,,False
2010-2011,2011,0021000617,20110119/WASMIL,Final,2011-01-20,02:00,1610612749,MIL,100,1610612764,WAS,87,,,,False
2010-2011,2011,0021000618,20110119/MEMNOH,Final/OT,2011-01-20,02:00,1610612740,NOH,103,1610612763,MEM,102,,,,False
2010-2011,2011,0021000619,20110119/NYKHOU,Final,2011-01-20,02:30,1610612745,HOU,104,1610612752,NYK,89,,,,False
2010-2011,2011,0021000620,20110119/TORSAS,Final,2011-01-20,02:30,1610612759,SAS,104,1610612761,TOR,95,,,,False
2010-2011,2011,0021000621,20110119/LALDAL,Final,2011-01-20,03:00,1610612742,DAL,109,1610612747,LAL,100,,,,False
2010-2011,2011,0021000622,20110119/OKCDEN,Final,2011-01-20,03:00,1610612743,DEN,112,1610612760,OKC,107,,,,False
2010-2011,2011,0021000623,20110119/PORSAC,Final/OT,2011-01-20,04:00,1610612758,SAC,90,1610612757,POR,94,,,,False
2010-2011,2011,0021000624,20110119/INDGSW,Final,2011-01-20,04:30,1610612744,GSW,110,1610612754,IND,108,,,,False
2010-2011,2011,0021000625,20110119/MINLAC,Final,2011-01-20,04:30,1610612746,LAC,126,1610612750,MIN,111,,,,False
2010-2011,2011,0021000626,20110120/PHICHA,Final,2011-01-21,01:00,1610612766,CHA,100,1610612755,PHI,97,,,,False
2010-2011,2011,0021000627,20110120/DALCHI,Final,2011-01-21,02:00,1610612741,CHI,82,1610612742,DAL,77,,,,False
2010-2011,2011,0021000628,20110120/LACPOR,Final,2011-01-21,04:30,1610612757,POR,108,1610612746,LAC,93,,,,False
2010-2011,2011,0021000629,20110121/DETNJN,Final,2011-01-22,01:00,1610612751,NJN,89,1610612765,DET,74,,,,False
2010-2011,2011,0021000630,20110121/TORORL,Final,2011-01-22,01:00,1610612753,ORL,112,1610612761,TOR,72,,,,False
2010-2011,2011,0021000634,20110121/PHXWAS,Final,2011-01-22,01:00,1610612764,WAS,91,1610612756,PHX,109,,,,False
2010-2011,2011,0021000631,20110121/NOHATL,Final,2011-01-22,01:30,1610612737,ATL,59,1610612740,NOH,100,,,,False
2010-2011,2011,0021000632,20110121/UTABOS,Final,2011-01-22,01:30,1610612738,BOS,110,1610612762,UTA,86,,,,False
2010-2011,2011,0021000633,20110121/MILCLE,Final,2011-01-22,01:30,1610612739,CLE,88,1610612749,MIL,102,,,,False
2010-2011,2011,0021000635,20110121/HOUMEM,Final,2011-01-22,02:00,1610612763,MEM,115,1610612745,HOU,110,,,,False
2010-2011,2011,0021000636,20110121/NYKSAS,Final,2011-01-22,02:00,1610612759,SAS,101,1610612752,NYK,92,,,,False
2010-2011,2011,0021000637,20110121/LALDEN,Final,2011-01-22,04:30,1610612743,DEN,97,1610612747,LAL,107,,,,False
2010-2011,2011,0021000638,20110121/SACGSW,Final/OT,2011-01-22,04:30,1610612744,GSW,119,1610612758,SAC,112,,,,False
2010-2011,2011,0021000639,20110122/ATLCHA,Final,2011-01-23,01:00,1610612766,CHA,87,1610612737,ATL,103,,,,False
2010-2011,2011,0021000640,20110122/DALNJN,Final,2011-01-23,01:00,1610612751,NJN,86,1610612742,DAL,87,,,,False
2010-2011,2011,0021000641,20110122/BOSWAS,Final,2011-01-23,01:00,1610612764,WAS,85,1610612738,BOS,83,,,,False
2010-2011,2011,0021000642,20110122/PHXDET,Final,2011-01-23,01:30,1610612765,DET,75,1610612756,PHX,74,,,,False
2010-2011,2011,0021000643,20110122/TORMIA,Final,2011-01-23,01:30,1610612748,MIA,120,1610612761,TOR,103,,,,False
2010-2011,2011,0021000644,20110122/UTAPHI,Final,2011-01-23,01:30,1610612755,PHI,96,1610612762,UTA,85,,,,False
2010-2011,2011,0021000645,20110122/CLECHI,Final,2011-01-23,02:00,1610612741,CHI,92,1610612739,CLE,79,,,,False
2010-2011,2011,0021000646,20110122/SASNOH,Final,2011-01-23,02:00,1610612740,NOH,96,1610612759,SAS,72,,,,False
2010-2011,2011,0021000647,20110122/NYKOKC,Final,2011-01-23,02:00,1610612760,OKC,101,1610612752,NYK,98,,,,False
2010-2011,2011,0021000648,20110122/ORLHOU,Final,2011-01-23,02:30,1610612745,HOU,104,1610612753,ORL,118,,,,False
2010-2011,2011,0021000649,20110122/MEMMIL,Final,2011-01-23,02:30,1610612749,MIL,81,1610612763,MEM,94,,,,False
2010-2011,2011,0021000650,20110122/INDPOR,Final,2011-01-23,04:00,1610612757,POR,97,1610612754,IND,92,,,,False
2010-2011,2011,0021000651,20110122/GSWLAC,Final,2011-01-23,04:30,1610612746,LAC,113,1610612744,GSW,109,,,,False
2010-2011,2011,0021000652,20110123/INDDEN,Final,2011-01-24,02:00,1610612743,DEN,121,1610612754,IND,107,,,,False
2010-2011,2011,0021000653,20110124/CLENJN,Final,2011-01-25,01:00,1610612751,NJN,103,1610612739,CLE,101,,,,False
2010-2011,2011,0021000654,20110124/DETORL,Final,2011-01-25,01:00,1610612753,ORL,96,1610612765,DET,103,,,,False
2010-2011,2011,0021000655,20110124/PHXPHI,Final,2011-01-25,01:00,1610612755,PHI,105,1610612756,PHX,95,,,,False
2010-2011,2011,0021000656,20110124/MEMTOR,Final,2011-01-25,01:00,1610612761,TOR,98,1610612763,MEM,100,,,,False
2010-2011,2011,0021000657,20110124/WASNYK,Final,2011-01-25,01:30,1610612752,NYK,115,1610612764,WAS,106,,,,False
2010-2011,2011,0021000658,20110124/MILCHI,Final,2011-01-25,02:00,1610612741,CHI,92,1610612749,MIL,83,,,,False
2010-2011,2011,0021000659,20110124/HOUMIN,Final,2011-01-25,02:00,1610612750,MIN,125,1610612745,HOU,129,,,,False
2010-2011,2011,0021000660,20110124/OKCNOH,Final,2011-01-25,02:00,1610612740,NOH,91,1610612760,OKC,89,,,,False
2010-2011,2011,0021000661,20110124/SACPOR,Final,2011-01-25,04:00,1610612757,POR,81,1610612758,SAC,96,,,,False
2010-2011,2011,0021000662,20110124/SASGSW,Final,2011-01-25,04:30,1610612744,GSW,102,1610612759,SAS,113,,,,False
2010-2011,2011,0021000663,20110125/DENWAS,Final,2011-01-26,01:00,1610612764,WAS,109,1610612743,DEN,120,,,,False
2010-2011,2011,0021000664,20110125/CLEBOS,Final,2011-01-26,01:30,1610612738,BOS,112,1610612739,CLE,95,,,,False
2010-2011,2011,0021000665,20110125/LACDAL,Final,2011-01-26,02:30,1610612742,DAL,112,1610612746,LAC,105,,,,False
2010-2011,2011,0021000666,20110125/CHASAC,Final,2011-01-26,04:00,1610612758,SAC,89,1610612766,CHA,94,,,,False
2010-2011,2011,0021000667,20110125/UTALAL,Final,2011-01-26,04:30,1610612747,LAL,120,1610612762,UTA,91,,,,False
2010-2011,2011,0021000668,20110126/ORLIND,Final,2011-01-27,01:00,1610612754,IND,96,1610612753,ORL,111,,,,False
2010-2011,2011,0021000669,20110126/MEMNJN,Final,2011-01-27,01:00,1610612751,NJN,93,1610612763,MEM,88,,,,False
2010-2011,2011,0021000670,20110126/PHITOR,Final,2011-01-27,01:00,1610612761,TOR,94,1610612755,PHI,107,,,,False
2010-2011,2011,0021000671,20110126/DENDET,Final,2011-01-27,01:30,1610612765,DET,100,1610612743,DEN,109,,,,False
2010-2011,2011,0021000672,20110126/ATLMIL,Final,2011-01-27,02:00,1610612749,MIL,98,1610612737,ATL,90,,,,False
2010-2011,2011,0021000673,20110126/OKCMIN,Final/OT,2011-01-27,02:00,1610612750,MIN,117,1610612760,OKC,118,,,,False
2010-2011,2011,0021000674,20110126/LACHOU,Final,2011-01-27,02:30,1610612745,HOU,96,1610612746,LAC,83,,,,False
2010-2011,2011,0021000675,20110126/CHAPHX,Final,2011-01-27,03:00,1610612756,PHX,107,1610612766,CHA,114,,,,False
2010-2011,2011,0021000676,20110126/SASUTA,Final,2011-01-27,03:30,1610612762,UTA,105,1610612759,SAS,112,,,,False
2010-2011,2011,0021000677,20110126/NOHGSW,Final,2011-01-27,04:30,1610612744,GSW,103,1610612740,NOH,112,,,,False
2010-2011,2011,0021000678,20110127/MIANYK,Final,2011-01-28,02:00,1610612752,NYK,93,1610612748,MIA,88,,,,False
2010-2011,2011,0021000679,20110127/HOUDAL,Final,2011-01-28,02:30,1610612742,DAL,111,1610612745,HOU,106,,,,False
2010-2011,2011,0021000680,20110127/BOSPOR,Final,2011-01-28,04:30,1610612757,POR,78,1610612738,BOS,88,,,,False
2010-2011,2011,0021000681,20110128/NJNIND,Final,2011-01-29,01:00,1610612754,IND,124,1610612751,NJN,92,,,,False
2010-2011,2011,0021000682,20110128/MEMPHI,Final,2011-01-29,01:00,1610612755,PHI,94,1610612763,MEM,99,,,,False
2010-2011,2011,0021000683,20110128/MILTOR,Final/OT,2011-01-29,01:00,1610612761,TOR,110,1610612749,MIL,116,,,,False
2010-2011,2011,0021000684,20110128/NYKATL,Final,2011-01-29,01:30,1610612737,ATL,111,1610612752,NYK,102,,,,False
2010-2011,2011,0021000685,20110128/DENCLE,Final,2011-01-29,01:30,1610612739,CLE,103,1610612743,DEN,117,,,,False
2010-2011,2011,0021000686,20110128/DETMIA,Final,2011-01-29,01:30,1610612748,MIA,88,1610612765,DET,87,,,,False
2010-2011,2011,0021000687,20110128/ORLCHI,Final,2011-01-29,02:00,1610612741,CHI,99,1610612753,ORL,90,,,,False
2010-2011,2011,0021000688,20110128/WASOKC,Final/OT2,2011-01-29,02:00,1610612760,OKC,124,1610612764,WAS,117,,,,False
2010-2011,2011,0021000689,20110128/MINUTA,Final,2011-01-29,03:00,1610612762,UTA,108,1610612750,MIN,100,,,,False
2010-2011,2011,0021000690,20110128/BOSPHX,Final,2011-01-29,04:30,1610612756,PHX,88,1610612738,BOS,71,,,,False
2010-2011,2011,0021000691,20110128/CHAGSW,Final/OT,2011-01-29,04:30,1610612744,GSW,113,1610612766,CHA,121,,,,False
2010-2011,2011,0021000692,20110128/SACLAL,Final,2011-01-29,04:30,1610612747,LAL,95,1610612758,SAC,100,,,,False
2010-2011,2011,0021000693,20110129/INDCHI,Final,2011-01-30,02:00,1610612741,CHI,110,1610612754,IND,89,,,,False
2010-2011,2011,0021000694,20110129/WASMEM,Final,2011-01-30,02:00,1610612763,MEM,107,1610612764,WAS,93,,,,False
2010-2011,2011,0021000695,20110129/TORMIN,Final,2011-01-30,02:00,1610612750,MIN,103,1610612761,TOR,87,,,,False
2010-2011,2011,0021000696,20110129/ATLDAL,Final,2011-01-30,02:30,1610612742,DAL,102,1610612737,ATL,91,,,,False
2010-2011,2011,0021000697,20110129/NJNMIL,Final,2011-01-30,02:30,1610612749,MIL,91,1610612751,NJN,81,,,,False
2010-2011,2011,0021000698,20110129/HOUSAS,Final,2011-01-30,02:30,1610612759,SAS,108,1610612745,HOU,95,,,,False
2010-2011,2011,0021000699,20110129/NOHSAC,Final,2011-01-30,04:00,1610612758,SAC,102,1610612740,NOH,96,,,,False
2010-2011,2011,0021000700,20110129/CHALAC,Final,2011-01-30,04:30,1610612746,LAC,103,1610612766,CHA,88,,,,False
2010-2011,2011,0021000701,20110130/MIAOKC,Final,2011-01-30,19:00,1610612760,OKC,103,1610612748,MIA,108,,,,False
2010-2011,2011,0021000702,20110130/BOSLAL,Final,2011-01-30,21:30,1610612747,LAL,96,1610612738,BOS,109,,,,False
2010-2011,2011,0021000703,20110130/CLEORL,Final,2011-01-31,00:00,1610612753,ORL,103,1610612739,CLE,87,,,,False
2010-2011,2011,0021000704,20110130/DENPHI,Final,2011-01-31,00:00,1610612755,PHI,110,1610612743,DEN,99,,,,False
2010-2011,2011,0021000705,20110130/DETNYK,Final,2011-01-31,01:30,1610612752,NYK,124,1610612765,DET,106,,,,False
2010-2011,2011,0021000706,20110130/NOHPHX,Final,2011-01-31,02:00,1610612756,PHX,104,1610612740,NOH,102,,,,False
2010-2011,2011,0021000707,20110130/UTAGSW,Final,2011-01-31,04:00,1610612744,GSW,96,1610612762,UTA,81,,,,False
2010-2011,2011,0021000708,20110131/TORIND,Final,2011-02-01,01:00,1610612754,IND,104,1610612761,TOR,93,,,,False
2010-2011,2011,0021000709,20110131/DENNJN,Final,2011-02-01,01:00,1610612751,NJN,115,1610612743,DEN,99,,,,False
2010-2011,2011,0021000710,20110131/CLEMIA,Final,2011-02-01,01:30,1610612748,MIA,117,1610612739,CLE,90,,,,False
2010-2011,2011,0021000711,20110131/ORLMEM,Final,2011-02-01,02:00,1610612763,MEM,100,1610612753,ORL,97,,,,False
2010-2011,2011,0021000712,20110131/WASDAL,Final,2011-02-01,02:30,1610612742,DAL,102,1610612764,WAS,92,,,,False
2010-2011,2011,0021000713,20110131/CHAUTA,Final,2011-02-01,03:00,1610612762,UTA,83,1610612766,CHA,78,,,,False
2010-2011,2011,0021000714,20110131/MILLAC,Final,2011-02-01,04:30,1610612746,LAC,105,1610612749,MIL,98,,,,False
2010-2011,2011,0021000715,20110201/WASNOH,Final,2011-02-02,02:00,1610612740,NOH,97,1610612764,WAS,89,,,,False
2010-2011,2011,0021000716,20110201/SASPOR,Final,2011-02-02,04:00,1610612757,POR,99,1610612759,SAS,86,,,,False
2010-2011,2011,0021000717,20110201/BOSSAC,Final,2011-02-02,04:00,1610612758,SAC,90,1610612738,BOS,95,,,,False
2010-2011,2011,0021000718,20110201/HOULAL,Final/OT,2011-02-02,04:30,1610612747,LAL,114,1610612745,HOU,106,,,,False
2010-2011,2011,0021000719,20110202/TORATL,Final,2011-02-03,01:00,1610612737,ATL,100,1610612761,TOR,87,,,,False
2010-2011,2011,0021000720,20110202/INDCLE,Final,2011-02-03,01:00,1610612739,CLE,112,1610612754,IND,117,,,,False
2010-2011,2011,0021000721,20110202/PHINJN,Final,2011-02-03,01:00,1610612751,NJN,92,1610612755,PHI,106,,,,False
2010-2011,2011,0021000722,20110202/CHADET,Final,2011-02-03,01:30,1610612765,DET,87,1610612766,CHA,97,,,,False
2010-2011,2011,0021000723,20110202/DALNYK,Final,2011-02-03,01:30,1610612752,NYK,97,1610612742,DAL,113,,,,False
2010-2011,2011,0021000724,20110202/MEMMIN,Final,2011-02-03,02:00,1610612750,MIN,84,1610612763,MEM,102,,,,False
2010-2011,2011,0021000725,20110202/NOHOKC,Final,2011-02-03,02:00,1610612760,OKC,104,1610612740,NOH,93,,,,False
2010-2011,2011,0021000726,20110202/PORDEN,Final,2011-02-03,03:00,1610612743,DEN,109,1610612757,POR,90,,,,False
2010-2011,2011,0021000727,20110202/MILPHX,Final,2011-02-03,03:00,1610612756,PHX,92,1610612749,MIL,77,,,,False
2010-2011,2011,0021000728,20110202/HOUUTA,Final,2011-02-03,03:00,1610612762,UTA,96,1610612745,HOU,97,,,,False
2010-2011,2011,0021000729,20110202/CHILAC,Final,2011-02-03,04:30,1610612746,LAC,88,1610612741,CHI,106,,,,False
2010-2011,2011,0021000730,20110203/MIAORL,Final,2011-02-04,02:00,1610612753,ORL,100,1610612748,MIA,104,,,,False
2010-2011,2011,0021000731,20110203/MILGSW,Final,2011-02-04,04:30,1610612744,GSW,100,1610612749,MIL,94,,,,False
2010-2011,2011,0021000732,20110203/SASLAL,Final,2011-02-04,04:30,1610612747,LAL,88,1610612759,SAS,89,,,,False
2010-2011,2011,0021000733,20110204/MIACHA,Final,2011-02-05,01:00,1610612766,CHA,97,1610612748,MIA,109,,,,False
2010-2011,2011,0021000734,20110204/PORIND,Final,2011-02-05,01:00,1610612754,IND,100,1610612757,POR,87,,,,False
2010-2011,2011,0021000735,20110204/NYKPHI,Final,2011-02-05,01:00,1610612755,PHI,100,1610612752,NYK,98,,,,False
2010-2011,2011,0021000736,20110204/MINTOR,Final,2011-02-05,01:00,1610612761,TOR,111,1610612750,MIN,100,,,,False
2010-2011,2011,0021000737,20110204/ORLWAS,Final,2011-02-05,01:00,1610612764,WAS,92,1610612753,ORL,110,,,,False
2010-2011,2011,0021000738,20110204/LACATL,Final,2011-02-05,01:30,1610612737,ATL,101,1610612746,LAC,100,,,,False
2010-2011,2011,0021000739,20110204/NJNDET,Final,2011-02-05,01:30,1610612765,DET,92,1610612751,NJN,82,,,,False
2010-2011,2011,0021000740,20110204/DALBOS,Final,2011-02-05,02:00,1610612738,BOS,97,1610612742,DAL,101,,,,False
2010-2011,2011,0021000741,20110204/CLEMEM,Final,2011-02-05,02:00,1610612763,MEM,112,1610612739,CLE,105,,,,False
2010-2011,2011,0021000742,20110204/OKCPHX,Final,2011-02-05,03:00,1610612756,PHX,107,1610612760,OKC,111,,,,False
2010-2011,2011,0021000743,20110204/SASSAC,Final,2011-02-05,04:00,1610612758,SAC,100,1610612759,SAS,113,,,,False
2010-2011,2011,0021000744,20110204/UTADEN,Final,2011-02-05,04:30,1610612743,DEN,106,1610612762,UTA,113,,,,False
2010-2011,2011,0021000745,20110205/DALCHA,Final,2011-02-06,01:00,1610612766,CHA,92,1610612742,DAL,101,,,,False
2010-2011,2011,0021000746,20110205/ATLWAS,Final,2011-02-06,01:00,1610612764,WAS,92,1610612737,ATL,99,,,,False
2010-2011,2011,0021000747,20110205/PORCLE,Final,2011-02-06,01:30,1610612739,CLE,105,1610612757,POR,111,,,,False
2010-2011,2011,0021000748,20110205/LALNOH,Final,2011-02-06,02:00,1610612740,NOH,95,1610612747,LAL,101,,,,False
2010-2011,2011,0021000749,20110205/MEMHOU,Final/OT,2011-02-06,02:30,1610612745,HOU,95,1610612763,MEM,93,,,,False
2010-2011,2011,0021000750,20110205/DETMIL,Final,2011-02-06,02:30,1610612749,MIL,78,1610612765,DET,89,,,,False
2010-2011,2011,0021000751,20110205/DENMIN,Final,2011-02-06,02:30,1610612750,MIN,100,1610612743,DEN,113,,,,False
2010-2011,2011,0021000752,20110205/OKCUTA,Final,2011-02-06,03:00,1610612762,UTA,105,1610612760,OKC,121,,,,False
2010-2011,2011,0021000753,20110205/CHIGSW,Final,2011-02-06,04:30,1610612744,GSW,101,1610612741,CHI,90,,,,False
2010-2011,2011,0021000754,20110206/LACMIA,Final,2011-02-06,18:00,1610612748,MIA,97,1610612746,LAC,79,,,,False
2010-2011,2011,0021000755,20110206/INDNJN,Final,2011-02-06,18:00,1610612751,NJN,86,1610612754,IND,105,,,,False
2010-2011,2011,0021000756,20110206/PHINYK,Final,2011-02-06,18:00,1610612752,NYK,117,1610612755,PHI,103,,,,False
2010-2011,2011,0021000757,20110206/ORLBOS,Final,2011-02-06,20:30,1610612738,BOS,91,1610612753,ORL,80,,,,False
2010-2011,2011,0021000758,20110207/BOSCHA,Final,2011-02-08,01:00,1610612766,CHA,94,1610612738,BOS,89,,,,False
2010-2011,2011,0021000759,20110207/LALMEM,Final,2011-02-08,02:00,1610612763,MEM,84,1610612747,LAL,93,,,,False
2010-2011,2011,0021000760,20110207/MINNOH,Final,2011-02-08,02:00,1610612740,NOH,92,1610612750,MIN,104,,,,False
2010-2011,2011,0021000761,20110207/CLEDAL,Final,2011-02-08,02:30,1610612742,DAL,99,1610612739,CLE,96,,,,False
2010-2011,2011,0021000762,20110207/HOUDEN,Final,2011-02-08,03:00,1610612743,DEN,103,1610612745,HOU,108,,,,False
2010-2011,2011,0021000763,20110207/CHIPOR,Final,2011-02-08,04:00,1610612757,POR,109,1610612741,CHI,103,,,,False
2010-2011,2011,0021000764,20110207/UTASAC,Final,2011-02-08,04:00,1610612758,SAC,104,1610612762,UTA,107,,,,False
2010-2011,2011,0021000765,20110207/PHXGSW,Final,2011-02-08,04:30,1610612744,GSW,92,1610612756,PHX,104,,,,False
2010-2011,2011,0021000766,20110208/PHIATL,Final,2011-02-09,01:00,1610612737,ATL,83,1610612755,PHI,117,,,,False
2010-2011,2011,0021000767,20110208/LACORL,Final,2011-02-09,01:00,1610612753,ORL,101,1610612746,LAC,85,,,,False
2010-2011,2011,0021000768,20110208/SASDET,Final,2011-02-09,01:30,1610612765,DET,89,1610612759,SAS,100,,,,False
2010-2011,2011,0021000769,20110208/INDMIA,Final,2011-02-09,01:30,1610612748,MIA,117,1610612754,IND,112,,,,False
2010-2011,2011,0021000770,20110208/TORMIL,Final,2011-02-09,02:00,1610612749,MIL,92,1610612761,TOR,74,,,,False
2010-2011,2011,0021000771,20110208/MEMOKC,Final/OT,2011-02-09,02:00,1610612760,OKC,101,1610612763,MEM,105,,,,False
2010-2011,2011,0021000772,20110208/MINHOU,Final,2011-02-09,02:30,1610612745,HOU,108,1610612750,MIN,112,,,,False
2010-2011,2011,0021000773,20110209/DETCLE,Final,2011-02-10,01:00,1610612739,CLE,94,1610612765,DET,103,,,,False
2010-2011,2011,0021000774,20110209/CHAIND,Final,2011-02-10,01:00,1610612754,IND,104,1610612766,CHA,103,,,,False
2010-2011,2011,0021000775,20110209/NOHNJN,Final/OT,2011-02-10,01:00,1610612751,NJN,103,1610612740,NOH,101,,,,False
2010-2011,2011,0021000776,20110209/ORLPHI,Final,2011-02-10,01:00,1610612755,PHI,95,1610612753,ORL,99,,,,False
2010-2011,2011,0021000777,20110209/SASTOR,Final,2011-02-10,01:00,1610612761,TOR,100,1610612759,SAS,111,,,,False
2010-2011,2011,0021000778,20110209/MILWAS,Final,2011-02-10,01:00,1610612764,WAS,100,1610612749,MIL,85,,,,False
2010-2011,2011,0021000779,20110209/LACNYK,Final,2011-02-10,01:30,1610612752,NYK,108,1610612746,LAC,116,,,,False
2010-2011,2011,0021000780,20110209/CHIUTA,Final,2011-02-10,03:00,1610612762,UTA,86,1610612741,CHI,91,,,,False
2010-2011,2011,0021000781,20110209/DALSAC,Final,2011-02-10,04:00,1610612758,SAC,100,1610612742,DAL,102,,,,False
2010-2011,2011,0021000782,20110209/DENGSW,Final,2011-02-10,04:30,1610612744,GSW,116,1610612743,DEN,114,,,,False
2010-2011,2011,0021000783,20110210/LALBOS,Final,2011-02-11,02:00,1610612738,BOS,86,1610612747,LAL,92,,,,False
2010-2011,2011,0021000784,20110210/GSWPHX,Final,2011-02-11,03:00,1610612756,PHX,112,1610612744,GSW,88,,,,False
2010-2011,2011,0021000785,20110210/DALDEN,Final,2011-02-11,04:30,1610612743,DEN,121,1610612742,DAL,120,,,,False
2010-2011,2011,0021000786,20110211/NJNCHA,Final,2011-02-12,01:00,1610612766,CHA,89,1610612751,NJN,94,,,,False
2010-2011,2011,0021000787,20110211/MININD,Final,2011-02-12,01:00,1610612754,IND,116,1610612750,MIN,105,,,,False
2010-2011,2011,0021000788,20110211/NOHORL,Final,2011-02-12,01:00,1610612753,ORL,93,1610612740,NOH,99,,,,False
2010-2011,2011,0021000789,20110211/SASPHI,Final,2011-02-12,01:00,1610612755,PHI,77,1610612759,SAS,71,,,,False
2010-2011,2011,0021000790,20110211/PORTOR,Final,2011-02-12,01:00,1610612761,TOR,96,1610612757,POR,102,,,,False
2010-2011,2011,0021000791,20110211/LACCLE,Final/OT,2011-02-12,01:30,1610612739,CLE,126,1610612746,LAC,119,,,,False
2010-2011,2011,0021000792,20110211/MIADET,Final,2011-02-12,01:30,1610612765,DET,92,1610612748,MIA,106,,,,False
2010-2011,2011,0021000793,20110211/LALNYK,Final,2011-02-12,02:00,1610612752,NYK,96,1610612747,LAL,113,,,,False
2010-2011,2011,0021000794,20110211/MILMEM,Final,2011-02-12,02:00,1610612763,MEM,89,1610612749,MIL,86,,,,False
2010-2011,2011,0021000795,20110211/PHXUTA,Final,2011-02-12,04:30,1610612762,UTA,83,1610612756,PHX,95,,,,False
2010-2011,2011,0021000796,20110212/CHAATL,Final,2011-02-13,01:00,1610612737,ATL,86,1610612766,CHA,88,,,,False
2010-2011,2011,0021000797,20110212/NYKNJN,Final,2011-02-13,01:00,1610612751,NJN,95,1610612752,NYK,105,,,,False
2010-2011,2011,0021000798,20110212/SASWAS,Final,2011-02-13,02:00,1610612764,WAS,94,1610612759,SAS,118,,,,False
2010-2011,2011,0021000799,20110212/PHIMIN,Final,2011-02-13,02:00,1610612750,MIN,87,1610612755,PHI,107,,,,False
2010-2011,2011,0021000800,20110212/CHINOH,Final,2011-02-13,02:00,1610612740,NOH,88,1610612741,CHI,97,,,,False
2010-2011,2011,0021000801,20110212/DALHOU,Final,2011-02-13,02:30,1610612745,HOU,102,1610612742,DAL,106,,,,False
2010-2011,2011,0021000802,20110212/INDMIL,Final,2011-02-13,02:30,1610612749,MIL,97,1610612754,IND,103,,,,False
2010-2011,2011,0021000803,20110212/OKCSAC,Final,2011-02-13,04:00,1610612758,SAC,97,1610612760,OKC,99,,,,False
2010-2011,2011,0021000804,20110213/MIABOS,Final,2011-02-13,19:00,1610612738,BOS,85,1610612748,MIA,82,,,,False
2010-2011,2011,0021000805,20110213/LALORL,Final,2011-02-13,21:30,1610612753,ORL,89,1610612747,LAL,75,,,,False
2010-2011,2011,0021000806,20110213/WASCLE,Final,2011-02-14,00:00,1610612739,CLE,100,1610612764,WAS,115,,,,False
2010-2011,2011,0021000807,20110213/PORDET,Final,2011-02-14,00:00,1610612765,DET,100,1610612757,POR,105,,,,False
2010-2011,2011,0021000808,20110213/LACTOR,Final,2011-02-14,00:00,1610612761,TOR,98,1610612746,LAC,93,,,,False
2010-2011,2011,0021000809,20110213/DENMEM,Final,2011-02-14,00:00,1610612763,MEM,116,1610612743,DEN,108,,,,False
2010-2011,2011,0021000810,20110213/SACPHX,Final,2011-02-14,02:00,1610612756,PHX,108,1610612758,SAC,113,,,,False
2010-2011,2011,0021000811,20110213/OKCGSW,Final,2011-02-14,02:00,1610612744,GSW,100,1610612760,OKC,94,,,,False
2010-2011,2011,0021000812,20110214/LALCHA,Final,2011-02-15,01:00,1610612766,CHA,109,1610612747,LAL,89,,,,False
2010-2011,2011,0021000813,20110214/SASNJN,Final,2011-02-15,01:00,1610612751,NJN,85,1610612759,SAS,102,,,,False
2010-2011,2011,0021000814,20110214/ATLDET,Final,2011-02-15,01:30,1610612765,DET,79,1610612737,ATL,94,,,,False
2010-2011,2011,0021000815,20110214/LACMIL,Final,2011-02-15,02:00,1610612749,MIL,102,1610612746,LAC,78,,,,False
2010-2011,2011,0021000816,20110214/PORMIN,Final,2011-02-15,02:00,1610612750,MIN,81,1610612757,POR,95,,,,False
2010-2011,2011,0021000817,20110214/DENHOU,Final,2011-02-15,02:30,1610612745,HOU,121,1610612743,DEN,102,,,,False
2010-2011,2011,0021000818,20110215/MIAIND,Final,2011-02-16,01:00,1610612754,IND,103,1610612748,MIA,110,,,,False
2010-2011,2011,0021000819,20110215/CHACHI,Final,2011-02-16,02:00,1610612741,CHI,106,1610612766,CHA,94,,,,False
2010-2011,2011,0021000820,20110215/PHIMEM,Final,2011-02-16,02:00,1610612763,MEM,102,1610612755,PHI,91,,,,False
2010-2011,2011,0021000821,20110215/SACOKC,Final,2011-02-16,02:00,1610612760,OKC,126,1610612758,SAC,96,,,,False
2010-2011,2011,0021000822,20110215/UTAPHX,Final,2011-02-16,03:00,1610612756,PHX,102,1610612762,UTA,101,,,,False
2010-2011,2011,0021000823,20110215/NOHGSW,Final,2011-02-16,04:30,1610612744,GSW,102,1610612740,NOH,89,,,,False
2010-2011,2011,0021000824,20110216/WASORL,Final,2011-02-17,01:00,1610612753,ORL,101,1610612764,WAS,76,,,,False
2010-2011,2011,0021000825,20110216/MIATOR,Final,2011-02-17,01:00,1610612761,TOR,95,1610612748,MIA,103,,,,False
2010-2011,2011,0021000826,20110216/NJNBOS,Final,2011-02-17,01:30,1610612738,BOS,94,1610612751,NJN,80,,,,False
2010-2011,2011,0021000827,20110216/LALCLE,Final,2011-02-17,01:30,1610612739,CLE,104,1610612747,LAL,99,,,,False
2010-2011,2011,0021000828,20110216/INDDET,Final/OT,2011-02-17,01:30,1610612765,DET,115,1610612754,IND,109,,,,False
2010-2011,2011,0021000829,20110216/ATLNYK,Final,2011-02-17,01:30,1610612752,NYK,102,1610612737,ATL,90,,,,False
2010-2011,2011,0021000830,20110216/LACMIN,Final,2011-02-17,02:00,1610612750,MIN,90,1610612746,LAC,98,,,,False
2010-2011,2011,0021000831,20110216/SACDAL,Final,2011-02-17,02:30,1610612742,DAL,116,1610612758,SAC,100,,,,False
2010-2011,2011,0021000832,20110216/PHIHOU,Final,2011-02-17,02:30,1610612745,HOU,105,1610612755,PHI,114,,,,False
2010-2011,2011,0021000833,20110216/DENMIL,Final,2011-02-17,03:00,1610612749,MIL,87,1610612743,DEN,94,,,,False
2010-2011,2011,0021000834,20110216/GSWUTA,Final,2011-02-17,03:00,1610612762,UTA,100,1610612744,GSW,107,,,,False
2010-2011,2011,0021000835,20110216/NOHPOR,Final,2011-02-17,04:00,1610612757,POR,103,1610612740,NOH,96,,,,False
2010-2011,2011,0021000836,20110217/SASCHI,Final,2011-02-18,02:00,1610612741,CHI,109,1610612759,SAS,99,,,,False
2010-2011,2011,0021000837,20110217/DALPHX,Final,2011-02-18,04:30,1610612756,PHX,106,1610612742,DAL,112,,,,False
2010-2011,2011,0031000003,20110218/ESTWST,Final,2011-02-19,01:00,1610616840,WST,49,1610616839,EST,54,,,,False
2010-2011,2011,0031000002,20110218/RKESPH,Final,2011-02-19,03:00,1610616838,SPH,140,1610616837,RKE,148,,Rising Stars,,False
2010-2011,2011,0031000001,20110220/ESTWST,Final,2011-02-21,02:00,1610616834,WST,148,1610616833,EST,143,,All-Star Game,,False
2010-2011,2011,0021000838,20110222/TORCHA,Final,2011-02-23,01:00,1610612766,CHA,114,1610612761,TOR,101,,,,False
2010-2011,2011,0021000839,20110222/INDWAS,Final,2011-02-23,01:00,1610612764,WAS,96,1610612754,IND,113,,,,False
2010-2011,2011,0021000840,20110222/HOUDET,Final,2011-02-23,01:30,1610612765,DET,100,1610612745,HOU,108,,,,False
2010-2011,2011,0021000841,20110222/SACMIA,Final,2011-02-23,01:30,1610612748,MIA,117,1610612758,SAC,97,,,,False
2010-2011,2011,0021000842,20110222/MINMIL,Final,2011-02-23,02:00,1610612749,MIL,94,1610612750,MIN,88,,,,False
2010-2011,2011,0021000843,20110222/LACOKC,Final,2011-02-23,02:00,1610612760,OKC,111,1610612746,LAC,88,,,,False
2010-2011,2011,0021000844,20110222/MEMDEN,Final,2011-02-23,03:00,1610612743,DEN,120,1610612763,MEM,107,,,,False
2010-2011,2011,0021000845,20110222/BOSGSW,Final,2011-02-23,04:30,1610612744,GSW,93,1610612738,BOS,115,,,,False
2010-2011,2011,0021000846,20110222/ATLLAL,Final,2011-02-23,04:30,1610612747,LAL,104,1610612737,ATL,80,,,,False
2010-2011,2011,0021000847,20110223/HOUCLE,Final,2011-02-24,01:00,1610612739,CLE,119,1610612745,HOU,124,,,,False
2010-2011,2011,0021000848,20110223/DETIND,Final,2011-02-24,01:00,1610612754,IND,102,1610612765,DET,101,,,,False
2010-2011,2011,0021000849,20110223/SACORL,Final,2011-02-24,01:00,1610612753,ORL,105,1610612758,SAC,111,,,,False
2010-2011,2011,0021000850,20110223/WASPHI,Final,2011-02-24,01:00,1610612755,PHI,117,1610612764,WAS,94,,,,False
2010-2011,2011,0021000851,20110223/CHITOR,Final,2011-02-24,01:00,1610612761,TOR,118,1610612741,CHI,113,,,,False
2010-2011,2011,0021000855,20110223/OKCSAS,Final,2011-02-24,01:00,1610612759,SAS,109,1610612760,OKC,105,,,,False
2010-2011,2011,0021000852,20110223/MILNYK,Final,2011-02-24,01:30,1610612752,NYK,114,1610612749,MIL,108,,,,False
2010-2011,2011,0021000853,20110223/MEMMIN,Final,2011-02-24,02:00,1610612750,MIN,95,1610612763,MEM,104,,,,False
2010-2011,2011,0021000856,20110223/UTADAL,Final,2011-02-24,02:30,1610612742,DAL,118,1610612762,UTA,99,,,,False
2010-2011,2011,0021000857,20110223/ATLPHX,Final,2011-02-24,03:00,1610612756,PHX,105,1610612737,ATL,97,,,,False
2010-2011,2011,0021000854,20110223/LACNOH,Final,2011-02-24,03:30,1610612740,NOH,98,1610612746,LAC,87,,,,False
2010-2011,2011,0021000858,20110223/LALPOR,Final/OT,2011-02-24,04:30,1610612757,POR,101,1610612747,LAL,106,,,,False
2010-2011,2011,0021000859,20110224/MIACHI,Final,2011-02-25,02:00,1610612741,CHI,93,1610612748,MIA,89,,,,False
2010-2011,2011,0021000860,20110224/BOSDEN,Final,2011-02-25,04:30,1610612743,DEN,89,1610612738,BOS,75,,,,False
2010-2011,2011,0021000861,20110225/SACCHA,Final,2011-02-26,01:00,1610612766,CHA,110,1610612758,SAC,98,,,,False
2010-2011,2011,0021000862,20110225/UTAIND,Final,2011-02-26,01:00,1610612754,IND,84,1610612762,UTA,95,,,,False
2010-2011,2011,0021000863,20110225/DETPHI,Final,2011-02-26,01:00,1610612755,PHI,110,1610612765,DET,94,,,,False
2010-2011,2011,0021000864,20110225/PHXTOR,Final,2011-02-26,01:00,1610612761,TOR,92,1610612756,PHX,110,,,,False
2010-2011,2011,0021000865,20110225/NYKCLE,Final,2011-02-26,01:30,1610612739,CLE,115,1610612752,NYK,109,,,,False
2010-2011,2011,0021000866,20110225/WASMIA,Final,2011-02-26,01:30,1610612748,MIA,121,1610612764,WAS,113,,,,False
2010-2011,2011,0021000867,20110225/OKCORL,Final,2011-02-26,02:00,1610612753,ORL,111,1610612760,OKC,88,,,,False
2010-2011,2011,0021000868,20110225/NOHMIN,Final,2011-02-26,02:00,1610612750,MIN,81,1610612740,NOH,95,,,,False
2010-2011,2011,0021000869,20110225/NJNSAS,Final,2011-02-26,02:30,1610612759,SAS,106,1610612751,NJN,96,,,,False
2010-2011,2011,0021000870,20110225/ATLGSW,Final,2011-02-26,04:30,1610612744,GSW,79,1610612737,ATL,95,,,,False
2010-2011,2011,0021000871,20110225/LACLAL,Final,2011-02-26,04:30,1610612747,LAL,108,1610612746,LAC,95,,,,False
2010-2011,2011,0021000872,20110225/DENPOR,Final/OT,2011-02-26,04:30,1610612757,POR,107,1610612743,DEN,106,,,,False
2010-2011,2011,0021000874,20110226/UTADET,Final,2011-02-27,01:30,1610612765,DET,120,1610612762,UTA,116,,,,False
2010-2011,2011,0021000873,20110226/DALWAS,Final,2011-02-27,02:00,1610612764,WAS,99,1610612742,DAL,105,,,,False
2010-2011,2011,0021000875,20110226/SACMEM,Final,2011-02-27,02:00,1610612763,MEM,120,1610612758,SAC,92,,,,False
2010-2011,2011,0021000876,20110226/NJNHOU,Final,2011-02-27,02:30,1610612745,HOU,123,1610612751,NJN,108,,,,False
2010-2011,2011,0021000877,20110226/CHIMIL,Final,2011-02-27,02:30,1610612749,MIL,75,1610612741,CHI,83,,,,False
2010-2011,2011,0021000878,20110226/BOSLAC,Final,2011-02-27,04:30,1610612746,LAC,92,1610612738,BOS,99,,,,False
2010-2011,2011,0021000879,20110227/PHXIND,Final/OT,2011-02-27,18:00,1610612754,IND,108,1610612756,PHX,110,,,,False
2010-2011,2011,0021000880,20110227/LALOKC,Final,2011-02-27,20:30,1610612760,OKC,87,1610612747,LAL,90,,,,False
2010-2011,2011,0021000881,20110227/PHICLE,Final,2011-02-27,23:00,1610612739,CLE,91,1610612755,PHI,95,,,,False
2010-2011,2011,0021000882,20110227/GSWMIN,Final,2011-02-27,23:00,1610612750,MIN,126,1610612744,GSW,123,,,,False
2010-2011,2011,0021000883,20110227/CHAORL,Final,2011-02-28,00:00,1610612753,ORL,100,1610612766,CHA,86,,,,False
2010-2011,2011,0021000884,20110227/DALTOR,Final,2011-02-28,00:00,1610612761,TOR,96,1610612742,DAL,114,,,,False
2010-2011,2011,0021000885,20110227/HOUNOH,Final,2011-02-28,01:00,1610612740,NOH,89,1610612745,HOU,91,,,,False
2010-2011,2011,0021000886,20110227/MEMSAS,Final,2011-02-28,01:00,1610612759,SAS,95,1610612763,MEM,88,,,,False
2010-2011,2011,0021000887,20110227/NYKMIA,Final,2011-02-28,02:00,1610612748,MIA,86,1610612752,NYK,91,,,,False
2010-2011,2011,0021000888,20110227/ATLPOR,Final,2011-02-28,04:30,1610612757,POR,83,1610612737,ATL,90,,,,False
2010-2011,2011,0021000889,20110228/PHXNJN,Final/OT,2011-03-01,01:00,1610612751,NJN,103,1610612756,PHX,104,,,,False
2010-2011,2011,0021000890,20110228/CHIWAS,Final,2011-03-01,01:00,1610612764,WAS,77,1610612741,CHI,105,,,,False
2010-2011,2011,0021000891,20110228/ATLDEN,Final,2011-03-01,03:00,1610612743,DEN,100,1610612737,ATL,90,,,,False
2010-2011,2011,0021000892,20110228/BOSUTA,Final,2011-03-01,03:00,1610612762,UTA,102,1610612738,BOS,107,,,,False
2010-2011,2011,0021000893,20110228/LACSAC,Final,2011-03-01,04:00,1610612758,SAC,105,1610612746,LAC,99,,,,False
2010-2011,2011,0021000894,20110301/GSWIND,Final,2011-03-02,01:00,1610612754,IND,109,1610612744,GSW,100,,,,False
2010-2011,2011,0021000895,20110301/NYKORL,Final,2011-03-02,01:00,1610612753,ORL,116,1610612752,NYK,110,,,,False
2010-2011,2011,0021000896,20110301/DALPHI,Final,2011-03-02,01:00,1610612755,PHI,93,1610612742,DAL,101,,,,False
2010-2011,2011,0021000897,20110301/NOHTOR,Final,2011-03-02,01:00,1610612761,TOR,96,1610612740,NOH,90,,,,False
2010-2011,2011,0021000898,20110301/SASMEM,Final,2011-03-02,02:00,1610612763,MEM,109,1610612759,SAS,93,,,,False
2010-2011,2011,0021000899,20110301/DETMIL,Final,2011-03-02,02:00,1610612749,MIL,92,1610612765,DET,90,,,,False
2010-2011,2011,0021000900,20110301/LALMIN,Final,2011-03-02,02:00,1610612750,MIN,79,1610612747,LAL,90,,,,False
2010-2011,2011,0021000901,20110301/HOUPOR,Final,2011-03-02,04:00,1610612757,POR,87,1610612745,HOU,103,,,,False
2010-2011,2011,0021000902,20110302/CHIATL,Final,2011-03-03,01:00,1610612737,ATL,83,1610612741,CHI,80,,,,False
2010-2011,2011,0021000903,20110302/SASCLE,Final,2011-03-03,01:00,1610612739,CLE,99,1610612759,SAS,109,,,,False
2010-2011,2011,0021000904,20110302/GSWWAS,Final,2011-03-03,01:00,1610612764,WAS,102,1610612744,GSW,106,,,,False
2010-2011,2011,0021000905,20110302/PHXBOS,Final,2011-03-03,01:30,1610612738,BOS,115,1610612756,PHX,103,,,,False
2010-2011,2011,0021000906,20110302/MINDET,Final,2011-03-03,01:30,1610612765,DET,105,1610612750,MIN,116,,,,False
2010-2011,2011,0021000907,20110302/NOHNYK,Final,2011-03-03,01:30,1610612752,NYK,107,1610612740,NOH,88,,,,False
2010-2011,2011,0021000908,20110302/INDOKC,Final,2011-03-03,02:00,1610612760,OKC,113,1610612754,IND,89,,,,False
2010-2011,2011,0021000909,20110302/CHADEN,Final,2011-03-03,03:00,1610612743,DEN,120,1610612766,CHA,80,,,,False
2010-2011,2011,0021000910,20110302/PORSAC,Final,2011-03-03,04:00,1610612758,SAC,102,1610612757,POR,107,,,,False
2010-2011,2011,0021000911,20110302/HOULAC,Final,2011-03-03,04:30,1610612746,LAC,106,1610612745,HOU,103,,,,False
2010-2011,2011,0021000912,20110303/ORLMIA,Final,2011-03-04,02:00,1610612748,MIA,96,1610612753,ORL,99,,,,False
2010-2011,2011,0021000913,20110303/DENUTA,Final,2011-03-04,04:30,1610612762,UTA,101,1610612743,DEN,103,,,,False
2010-2011,2011,0021000914,20110304/TORNJN,Final,2011-03-04,21:00,1610612751,NJN,116,1610612761,TOR,103,,,,False
2010-2011,2011,0021000915,20110304/CHIORL,Final,2011-03-05,01:00,1610612753,ORL,81,1610612741,CHI,89,,,,False
2010-2011,2011,0021000916,20110304/MINPHI,Final,2011-03-05,01:00,1610612755,PHI,111,1610612750,MIN,100,,,,False
2010-2011,2011,0021000917,20110304/OKCATL,Final,2011-03-05,01:30,1610612737,ATL,104,1610612760,OKC,111,,,,False
2010-2011,2011,0021000918,20110304/GSWBOS,Final,2011-03-05,01:30,1610612738,BOS,107,1610612744,GSW,103,,,,False
2010-2011,2011,0021000919,20110304/CLENYK,Final,2011-03-05,01:30,1610612752,NYK,115,1610612739,CLE,119,,,,False
2010-2011,2011,0021000920,20110304/NOHMEM,Final,2011-03-05,02:00,1610612763,MEM,91,1610612740,NOH,98,,,,False
2010-2011,2011,0021000921,20110304/INDDAL,Final,2011-03-05,02:30,1610612742,DAL,116,1610612754,IND,108,,,,False
2010-2011,2011,0021000922,20110304/PHXMIL,Final,2011-03-05,02:30,1610612749,MIL,88,1610612756,PHX,102,,,,False
2010-2011,2011,0021000923,20110304/MIASAS,Final,2011-03-05,03:30,1610612759,SAS,125,1610612748,MIA,95,,,,False
2010-2011,2011,0021000924,20110304/CHALAL,Final,2011-03-05,04:30,1610612747,LAL,92,1610612766,CHA,84,,,,False
2010-2011,2011,0021000925,20110305/TORNJN,Final/OT3,2011-03-05,21:00,1610612751,NJN,137,1610612761,TOR,136,,,,False
2010-2011,2011,0021000926,20110305/MINWAS,Final,2011-03-06,01:00,1610612764,WAS,103,1610612750,MIN,96,,,,False
2010-2011,2011,0021000927,20110305/INDHOU,Final,2011-03-06,02:30,1610612745,HOU,112,1610612754,IND,95,,,,False
2010-2011,2011,0021000928,20110305/SACUTA,Final/OT,2011-03-06,03:00,1610612762,UTA,109,1610612758,SAC,102,,,,False
2010-2011,2011,0021000929,20110305/CHAPOR,Final,2011-03-06,04:00,1610612757,POR,93,1610612766,CHA,69,,,,False
2010-2011,2011,0021000930,20110305/DENLAC,Final,2011-03-06,04:30,1610612746,LAC,100,1610612743,DEN,94,,,,False
2010-2011,2011,0021000931,20110306/CHIMIA,Final,2011-03-06,19:00,1610612748,MIA,86,1610612741,CHI,87,,,,False
2010-2011,2011,0021000932,20110306/LALSAS,Final,2011-03-06,21:30,1610612759,SAS,83,1610612747,LAL,99,,,,False
2010-2011,2011,0021000934,20110306/WASDET,Final,2011-03-07,00:00,1610612765,DET,113,1610612764,WAS,102,,,,False
2010-2011,2011,0021000935,20110306/GSWPHI,Final/OT,2011-03-07,00:00,1610612755,PHI,125,1610612744,GSW,117,,,,False
2010-2011,2011,0021000933,20110306/NYKATL,Final,2011-03-07,00:30,1610612737,ATL,79,1610612752,NYK,92,,,,False
2010-2011,2011,0021000936,20110306/NOHCLE,Final,2011-03-07,00:30,1610612739,CLE,81,1610612740,NOH,96,,,,False
2010-2011,2011,0021000937,20110306/PHXOKC,Final/OT,2011-03-07,01:00,1610612760,OKC,122,1610612756,PHX,118,,,,False
2010-2011,2011,0021000938,20110306/MEMDAL,Final,2011-03-07,01:30,1610612742,DAL,103,1610612763,MEM,104,,,,False
2010-2011,2011,0021000939,20110306/BOSMIL,Final,2011-03-07,03:00,1610612749,MIL,83,1610612738,BOS,89,,,,False
2010-2011,2011,0021000940,20110307/LACCHA,Final,2011-03-08,01:00,1610612766,CHA,87,1610612746,LAC,92,,,,False
2010-2011,2011,0021000941,20110307/PORORL,Final,2011-03-08,01:00,1610612753,ORL,85,1610612757,POR,89,,,,False
2010-2011,2011,0021000942,20110307/UTANYK,Final,2011-03-08,01:30,1610612752,NYK,131,1610612762,UTA,109,,,,False
2010-2011,2011,0021000943,20110307/NOHCHI,Final,2011-03-08,02:00,1610612741,CHI,85,1610612740,NOH,77,,,,False
2010-2011,2011,0021000944,20110307/OKCMEM,Final,2011-03-08,02:00,1610612763,MEM,107,1610612760,OKC,101,,,,False
2010-2011,2011,0021000945,20110307/DALMIN,Final,2011-03-08,02:00,1610612750,MIN,105,1610612742,DAL,108,,,,False
2010-2011,2011,0021000946,20110307/HOUSAC,Final,2011-03-08,04:00,1610612758,SAC,101,1610612745,HOU,123,,,,False
2010-2011,2011,0021000947,20110308/LALATL,Final,2011-03-09,01:00,1610612737,ATL,87,1610612747,LAL,101,,,,False
2010-2011,2011,0021000948,20110308/GSWCLE,Final,2011-03-09,01:00,1610612739,CLE,85,1610612744,GSW,95,,,,False
2010-2011,2011,0021000949,20110308/PHIIND,Final,2011-03-09,01:00,1610612754,IND,100,1610612755,PHI,110,,,,False
2010-2011,2011,0021000950,20110308/MILWAS,Final,2011-03-09,01:00,1610612764,WAS,76,1610612749,MIL,95,,,,False
2010-2011,2011,0021000951,20110308/PORMIA,Final,2011-03-09,01:30,1610612748,MIA,96,1610612757,POR,105,,,,False
2010-2011,2011,0021000952,20110308/HOUPHX,Final,2011-03-09,03:00,1610612756,PHX,113,1610612745,HOU,110,,,,False
2010-2011,2011,0021000953,20110309/CHICHA,Final,2011-03-10,01:00,1610612766,CHA,84,1610612741,CHI,101,,,,False
2010-2011,2011,0021000954,20110309/GSWNJN,Final,2011-03-10,01:00,1610612751,NJN,94,1610612744,GSW,90,,,,False
2010-2011,2011,0021000955,20110309/OKCPHI,Final/OT,2011-03-10,01:00,1610612755,PHI,105,1610612760,OKC,110,,,,False
2010-2011,2011,0021000956,20110309/UTATOR,Final,2011-03-10,01:00,1610612761,TOR,94,1610612762,UTA,96,,,,False
2010-2011,2011,0021000957,20110309/LACBOS,Final,2011-03-10,01:30,1610612738,BOS,103,1610612746,LAC,108,,,,False
2010-2011,2011,0021000958,20110309/NYKMEM,Final,2011-03-10,02:00,1610612763,MEM,108,1610612752,NYK,110,,,,False
2010-2011,2011,0021000959,20110309/CLEMIL,Final,2011-03-10,02:00,1610612749,MIL,110,1610612739,CLE,90,,,,False
2010-2011,2011,0021000960,20110309/INDMIN,Final,2011-03-10,02:00,1610612750,MIN,101,1610612754,IND,75,,,,False
2010-2011,2011,0021000961,20110309/DALNOH,Final,2011-03-10,02:00,1610612740,NOH,93,1610612742,DAL,92,,,,False
2010-2011,2011,0021000962,20110309/DETSAS,Final,2011-03-10,02:30,1610612759,SAS,111,1610612765,DET,104,,,,False
2010-2011,2011,0021000963,20110309/ORLSAC,Final,2011-03-10,04:00,1610612758,SAC,102,1610612753,ORL,106,,,,False
2010-2011,2011,0021000964,20110310/LALMIA,Final,2011-03-11,01:00,1610612748,MIA,94,1610612747,LAL,88,,,,False
2010-2011,2011,0021000965,20110310/NYKDAL,Final,2011-03-11,03:30,1610612742,DAL,127,1610612752,NYK,109,,,,False
2010-2011,2011,0021000966,20110310/DENPHX,Final,2011-03-11,04:30,1610612756,PHX,97,1610612743,DEN,116,,,,False
2010-2011,2011,0021000967,20110311/PORCHA,Final,2011-03-12,01:00,1610612766,CHA,97,1610612757,POR,92,,,,False
2010-2011,2011,0021000968,20110311/LACNJN,Final/OT,2011-03-12,01:00,1610612751,NJN,102,1610612746,LAC,98,,,,False
2010-2011,2011,0021000969,20110311/BOSPHI,Final,2011-03-12,01:00,1610612755,PHI,89,1610612738,BOS,86,,,,False
2010-2011,2011,0021000970,20110311/INDTOR,Final,2011-03-12,01:00,1610612761,TOR,108,1610612754,IND,98,,,,False
2010-2011,2011,0021000971,20110311/ATLCHI,Final,2011-03-12,02:00,1610612741,CHI,94,1610612737,ATL,76,,,,False
2010-2011,2011,0021000972,20110311/UTAMIN,Final,2011-03-12,02:00,1610612750,MIN,122,1610612762,UTA,101,,,,False
2010-2011,2011,0021000973,20110311/DETOKC,Final,2011-03-12,02:00,1610612760,OKC,104,1610612765,DET,94,,,,False
2010-2011,2011,0021000974,20110311/SACSAS,Final,2011-03-12,02:30,1610612759,SAS,108,1610612758,SAC,103,,,,False
2010-2011,2011,0021000975,20110311/ORLGSW,Final/OT,2011-03-12,04:30,1610612744,GSW,123,1610612753,ORL,120,,,,False
2010-2011,2011,0021000976,20110312/MEMMIA,Final,2011-03-12,21:30,1610612748,MIA,118,1610612763,MEM,85,,,,False
2010-2011,2011,0021000977,20110312/PORATL,Final,2011-03-13,01:00,1610612737,ATL,91,1610612757,POR,82,,,,False
2010-2011,2011,0021000978,20110312/LACWAS,Final,2011-03-13,01:00,1610612764,WAS,101,1610612746,LAC,122,,,,False
2010-2011,2011,0021000979,20110312/UTACHI,Final,2011-03-13,02:00,1610612741,CHI,118,1610612762,UTA,100,,,,False
2010-2011,2011,0021000980,20110312/PHIMIL,Final,2011-03-13,02:00,1610612749,MIL,102,1610612755,PHI,74,,,,False
2010-2011,2011,0021000981,20110312/SACNOH,Final,2011-03-13,02:00,1610612740,NOH,115,1610612758,SAC,103,,,,False
2010-2011,2011,0021000983,20110312/SASHOU,Final,2011-03-13,02:30,1610612745,HOU,107,1610612759,SAS,115,,,,False
2010-2011,2011,0021000982,20110312/LALDAL,Final,2011-03-13,03:00,1610612742,DAL,91,1610612747,LAL,96,,,,False
2010-2011,2011,0021000984,20110312/DETDEN,Final,2011-03-13,03:00,1610612743,DEN,131,1610612765,DET,101,,,,False
2010-2011,2011,0021000985,20110313/OKCCLE,Final,2011-03-13,18:00,1610612739,CLE,75,1610612760,OKC,95,,,,False
2010-2011,2011,0021000986,20110313/CHATOR,Final,2011-03-13,18:00,1610612761,TOR,90,1610612766,CHA,95,,,,False
2010-2011,2011,0021000987,20110313/ORLPHX,Final,2011-03-13,20:30,1610612756,PHX,88,1610612753,ORL,111,,,,False
2010-2011,2011,0021000988,20110313/MILBOS,Final,2011-03-13,23:00,1610612738,BOS,87,1610612749,MIL,56,,,,False
2010-2011,2011,0021000989,20110313/INDNYK,Final,2011-03-13,23:00,1610612752,NYK,93,1610612754,IND,106,,,,False
2010-2011,2011,0021000990,20110313/MINGSW,Final,2011-03-14,02:00,1610612744,GSW,100,1610612750,MIN,77,,,,False
2010-2011,2011,0021000991,20110314/BOSNJN,Final,2011-03-15,00:00,1610612751,NJN,88,1610612738,BOS,79,,,,False
2010-2011,2011,0021000992,20110314/OKCWAS,Final,2011-03-15,00:00,1610612764,WAS,89,1610612760,OKC,116,,,,False
2010-2011,2011,0021000993,20110314/SASMIA,Final,2011-03-15,01:00,1610612748,MIA,110,1610612759,SAS,80,,,,False
2010-2011,2011,0021000994,20110314/LACMEM,Final,2011-03-15,01:00,1610612763,MEM,105,1610612746,LAC,82,,,,False
2010-2011,2011,0021000995,20110314/DENNOH,Final,2011-03-15,01:00,1610612740,NOH,103,1610612743,DEN,114,,,,False
2010-2011,2011,0021000996,20110314/PHXHOU,Final,2011-03-15,01:30,1610612745,HOU,95,1610612756,PHX,93,,,,False
2010-2011,2011,0021000997,20110314/PHIUTA,Final/OT,2011-03-15,02:00,1610612762,UTA,112,1610612755,PHI,107,,,,False
2010-2011,2011,0021000998,20110314/GSWSAC,Final,2011-03-15,03:00,1610612758,SAC,129,1610612744,GSW,119,,,,False
2010-2011,2011,0021000999,20110314/ORLLAL,Final,2011-03-15,03:30,1610612747,LAL,97,1610612753,ORL,84,,,,False
2010-2011,2011,0021000554,20110315/MILATL,Final,2011-03-16,00:00,1610612737,ATL,110,1610612749,MIL,85,,,,False
2010-2011,2011,0021001000,20110315/NYKIND,Final,2011-03-16,00:00,1610612754,IND,119,1610612752,NYK,117,,,,False
2010-2011,2011,0021001001,20110315/WASCHI,Final,2011-03-16,01:00,1610612741,CHI,98,1610612764,WAS,79,,,,False
2010-2011,2011,0021001002,20110315/DALPOR,Final,2011-03-16,03:00,1610612757,POR,104,1610612742,DAL,101,,,,False
2010-2011,2011,0021001003,20110316/DENATL,Final,2011-03-17,00:00,1610612737,ATL,87,1610612743,DEN,102,,,,False
2010-2011,2011,0021001004,20110316/INDBOS,Final,2011-03-17,00:30,1610612738,BOS,92,1610612754,IND,80,,,,False
2010-2011,2011,0021001005,20110316/TORDET,Final,2011-03-17,00:30,1610612765,DET,107,1610612761,TOR,93,,,,False
2010-2011,2011,0021001006,20110316/OKCMIA,Final,2011-03-17,01:00,1610612748,MIA,85,1610612760,OKC,96,,,,False
2010-2011,2011,0021001007,20110316/ORLMIL,Final/OT,2011-03-17,01:00,1610612749,MIL,89,1610612753,ORL,93,,,,False
2010-2011,2011,0021001008,20110316/PHXNOH,Final,2011-03-17,01:00,1610612740,NOH,100,1610612756,PHX,95,,,,False
2010-2011,2011,0021001009,20110316/CHAHOU,Final,2011-03-17,01:30,1610612745,HOU,94,1610612766,CHA,78,,,,False
2010-2011,2011,0021001010,20110316/MINUTA,Final,2011-03-17,02:00,1610612762,UTA,119,1610612750,MIN,104,,,,False
2010-2011,2011,0021001011,20110316/CLESAC,Final,2011-03-17,03:00,1610612758,SAC,93,1610612739,CLE,97,,,,False
2010-2011,2011,0021001012,20110316/DALGSW,Final,2011-03-17,03:30,1610612744,GSW,106,1610612742,DAL,112,,,,False
2010-2011,2011,0021001013,20110316/PHILAC,Final,2011-03-17,03:30,1610612746,LAC,94,1610612755,PHI,104,,,,False
2010-2011,2011,0021001014,20110317/CHINJN,Final,2011-03-18,00:00,1610612751,NJN,73,1610612741,CHI,84,,,,False
2010-2011,2011,0021001015,20110317/MEMNYK,Final,2011-03-18,00:30,1610612752,NYK,120,1610612763,MEM,99,,,,False
2010-2011,2011,0021001016,20110317/CLEPOR,Final,2011-03-18,03:00,1610612757,POR,111,1610612739,CLE,70,,,,False
2010-2011,2011,0021001017,20110318/CHIIND,Final/OT,2011-03-19,00:00,1610612754,IND,115,1610612741,CHI,108,,,,False
2010-2011,2011,0021001018,20110318/DENORL,Final,2011-03-19,00:00,1610612753,ORL,85,1610612743,DEN,82,,,,False
2010-2011,2011,0021001019,20110318/WASTOR,Final,2011-03-19,00:00,1610612761,TOR,116,1610612764,WAS,107,,,,False
2010-2011,2011,0021001020,20110318/MIAATL,Final,2011-03-19,00:30,1610612737,ATL,85,1610612748,MIA,106,,,,False
2010-2011,2011,0021001021,20110318/NYKDET,Final,2011-03-19,00:30,1610612765,DET,99,1610612752,NYK,95,,,,False
2010-2011,2011,0021001022,20110318/CHAOKC,Final,2011-03-19,01:00,1610612760,OKC,99,1610612766,CHA,82,,,,False
2010-2011,2011,0021001023,20110318/SASDAL,Final,2011-03-19,01:30,1610612742,DAL,91,1610612759,SAS,97,,,,False
2010-2011,2011,0021001024,20110318/BOSHOU,Final,2011-03-19,01:30,1610612745,HOU,93,1610612738,BOS,77,,,,False
2010-2011,2011,0021001025,20110318/NJNMIL,Final,2011-03-19,01:30,1610612749,MIL,110,1610612751,NJN,95,,,,False
2010-2011,2011,0021001026,20110318/GSWPHX,Final,2011-03-19,03:00,1610612756,PHX,108,1610612744,GSW,97,,,,False
2010-2011,2011,0021001027,20110318/PHISAC,Final,2011-03-19,03:00,1610612758,SAC,80,1610612755,PHI,102,,,,False
2010-2011,2011,0021001028,20110318/MINLAL,Final,2011-03-19,03:30,1610612747,LAL,106,1610612750,MIN,98,,,,False
2010-2011,2011,0021001029,20110319/CLELAC,Final,2011-03-19,20:30,1610612746,LAC,100,1610612739,CLE,92,,,,False
2010-2011,2011,0021001030,20110319/DENMIA,Final,2011-03-20,00:30,1610612748,MIA,103,1610612743,DEN,98,,,,False
2010-2011,2011,0021001031,20110319/INDMEM,Final,2011-03-20,01:00,1610612763,MEM,99,1610612754,IND,78,,,,False
2010-2011,2011,0021001032,20110319/BOSNOH,Final,2011-03-20,01:00,1610612740,NOH,85,1610612738,BOS,89,,,,False
2010-2011,2011,0021001033,20110319/CHASAS,Final,2011-03-20,01:30,1610612759,SAS,109,1610612766,CHA,98,,,,False
2010-2011,2011,0021001034,20110319/PHIPOR,Final,2011-03-20,03:00,1610612757,POR,110,1610612755,PHI,101,,,,False
2010-2011,2011,0021001035,20110320/NJNWAS,Final,2011-03-20,18:00,1610612764,WAS,98,1610612751,NJN,92,,,,False
2010-2011,2011,0021001036,20110320/DETATL,Final,2011-03-20,19:00,1610612737,ATL,104,1610612765,DET,96,,,,False
2010-2011,2011,0021001037,20110320/NYKMIL,Final,2011-03-20,20:00,1610612749,MIL,100,1610612752,NYK,95,,,,False
2010-2011,2011,0021001038,20110320/SACMIN,Final,2011-03-20,20:30,1610612750,MIN,95,1610612758,SAC,127,,,,False
2010-2011,2011,0021001039,20110320/PHXLAC,Final,2011-03-20,20:30,1610612746,LAC,99,1610612756,PHX,108,,,,False
2010-2011,2011,0021001040,20110320/UTAHOU,Final,2011-03-21,00:00,1610612745,HOU,110,1610612762,UTA,108,,,,False
2010-2011,2011,0021001041,20110320/TOROKC,Final,2011-03-21,00:00,1610612760,OKC,93,1610612761,TOR,95,,,,False
2010-2011,2011,0021001042,20110320/GSWDAL,Final,2011-03-21,00:30,1610612742,DAL,101,1610612744,GSW,73,,,,False
2010-2011,2011,0021001043,20110320/PORLAL,Final,2011-03-21,02:30,1610612747,LAL,84,1610612757,POR,80,,,,False
2010-2011,2011,0021001044,20110321/ORLCLE,Final,2011-03-22,00:00,1610612739,CLE,86,1610612753,ORL,97,,,,False
2010-2011,2011,0021001045,20110321/INDNJN,Final,2011-03-22,00:00,1610612751,NJN,98,1610612754,IND,102,,,,False
2010-2011,2011,0021001046,20110321/BOSNYK,Final,2011-03-22,00:30,1610612752,NYK,86,1610612738,BOS,96,,,,False
2010-2011,2011,0021001047,20110321/SACCHI,Final,2011-03-22,01:00,1610612741,CHI,132,1610612758,SAC,92,,,,False
2010-2011,2011,0021001048,20110321/UTAMEM,Final,2011-03-22,01:00,1610612763,MEM,103,1610612762,UTA,85,,,,False
2010-2011,2011,0021001049,20110321/GSWSAS,Final,2011-03-22,01:30,1610612759,SAS,111,1610612744,GSW,96,,,,False
2010-2011,2011,0021001050,20110321/TORDEN,Final,2011-03-22,02:00,1610612743,DEN,123,1610612761,TOR,90,,,,False
2010-2011,2011,0021001051,20110322/CHIATL,Final,2011-03-23,01:00,1610612737,ATL,81,1610612741,CHI,114,,,,False
2010-2011,2011,0021001052,20110322/WASPOR,Final,2011-03-23,03:00,1610612757,POR,111,1610612764,WAS,76,,,,False
2010-2011,2011,0021001053,20110322/PHXLAL,Final/OT3,2011-03-23,03:30,1610612747,LAL,139,1610612756,PHX,137,,,,False
2010-2011,2011,0021001054,20110323/INDCHA,Final,2011-03-24,00:00,1610612766,CHA,88,1610612754,IND,111,,,,False
2010-2011,2011,0021001055,20110323/NJNCLE,Final/OT,2011-03-24,00:00,1610612739,CLE,94,1610612751,NJN,98,,,,False
2010-2011,2011,0021001056,20110323/ATLPHI,Final,2011-03-24,00:00,1610612755,PHI,105,1610612737,ATL,100,,,,False
2010-2011,2011,0021001057,20110323/MEMBOS,Final,2011-03-24,00:30,1610612738,BOS,87,1610612763,MEM,90,,,,False
2010-2011,2011,0021001058,20110323/MIADET,Final,2011-03-24,00:30,1610612765,DET,94,1610612748,MIA,100,,,,False
2010-2011,2011,0021001059,20110323/ORLNYK,Final,2011-03-24,01:00,1610612752,NYK,99,1610612753,ORL,111,,,,False
2010-2011,2011,0021001060,20110323/SACMIL,Final,2011-03-24,01:00,1610612749,MIL,90,1610612758,SAC,97,,,,False
2010-2011,2011,0021001061,20110323/UTAOKC,Final,2011-03-24,01:00,1610612760,OKC,106,1610612762,UTA,94,,,,False
2010-2011,2011,0021001062,20110323/GSWHOU,Final,2011-03-24,01:30,1610612745,HOU,131,1610612744,GSW,112,,,,False
2010-2011,2011,0021001063,20110323/TORPHX,Final,2011-03-24,03:00,1610612756,PHX,114,1610612761,TOR,106,,,,False
2010-2011,2011,0021001064,20110323/SASDEN,Final,2011-03-24,03:30,1610612743,DEN,115,1610612759,SAS,112,,,,False
2010-2011,2011,0021001065,20110323/WASLAC,Final/OT2,2011-03-24,03:30,1610612746,LAC,127,1610612764,WAS,119,,,,False
2010-2011,2011,0021001066,20110324/MINDAL,Final,2011-03-25,01:30,1610612742,DAL,104,1610612750,MIN,96,,,,False
2010-2011,2011,0021001067,20110324/NOHUTA,Final/OT,2011-03-25,02:00,1610612762,UTA,117,1610612740,NOH,121,,,,False
2010-2011,2011,0021001068,20110325/SACIND,Final,2011-03-26,00:00,1610612754,IND,93,1610612758,SAC,110,,,,False
2010-2011,2011,0021001069,20110325/NJNORL,Final,2011-03-26,00:00,1610612753,ORL,95,1610612751,NJN,85,,,,False
2010-2011,2011,0021001070,20110325/CHABOS,Final,2011-03-26,00:30,1610612738,BOS,81,1610612766,CHA,83,,,,False
2010-2011,2011,0021001071,20110325/DETCLE,Final,2011-03-26,00:30,1610612739,CLE,97,1610612765,DET,91,,,,False
2010-2011,2011,0021001072,20110325/PHIMIA,Final,2011-03-26,00:30,1610612748,MIA,111,1610612755,PHI,99,,,,False
2010-2011,2011,0021001073,20110325/MILNYK,Final,2011-03-26,00:30,1610612752,NYK,96,1610612749,MIL,102,,,,False
2010-2011,2011,0021001074,20110325/MEMCHI,Final,2011-03-26,01:00,1610612741,CHI,99,1610612763,MEM,96,,,,False
2010-2011,2011,0021001075,20110325/MINOKC,Final,2011-03-26,01:00,1610612760,OKC,111,1610612750,MIN,103,,,,False
2010-2011,2011,0021001076,20110325/WASDEN,Final,2011-03-26,02:00,1610612743,DEN,114,1610612764,WAS,94,,,,False
2010-2011,2011,0021001077,20110325/NOHPHX,Final,2011-03-26,03:00,1610612756,PHX,100,1610612740,NOH,106,,,,False
2010-2011,2011,0021001078,20110325/SASPOR,Final,2011-03-26,03:00,1610612757,POR,98,1610612759,SAS,96,,,,False
2010-2011,2011,0021001079,20110325/TORGSW,Final,2011-03-26,03:30,1610612744,GSW,138,1610612761,TOR,100,,,,False
2010-2011,2011,0021001080,20110325/LACLAL,Final,2011-03-26,03:30,1610612747,LAL,112,1610612746,LAC,104,,,,False
2010-2011,2011,0021001081,20110326/NJNATL,Final,2011-03-27,00:00,1610612737,ATL,98,1610612751,NJN,87,,,,False
2010-2011,2011,0021001082,20110326/NYKCHA,Final,2011-03-27,00:00,1610612766,CHA,114,1610612752,NYK,106,,,,False
2010-2011,2011,0021001083,20110326/INDDET,Final,2011-03-27,00:30,1610612765,DET,100,1610612754,IND,88,,,,False
2010-2011,2011,0021001084,20110326/CHIMIL,Final,2011-03-27,01:30,1610612749,MIL,87,1610612741,CHI,95,,,,False
2010-2011,2011,0021001085,20110326/DALUTA,Final,2011-03-27,03:00,1610612762,UTA,77,1610612742,DAL,94,,,,False
2010-2011,2011,0021001086,20110326/TORLAC,Final,2011-03-27,04:30,1610612746,LAC,94,1610612761,TOR,90,,,,False
2010-2011,2011,0021001087,20110327/SACPHI,Final/OT,2011-03-27,18:00,1610612755,PHI,111,1610612758,SAC,114,,,,False
2010-2011,2011,0021001088,20110327/ATLCLE,Final,2011-03-28,00:00,1610612739,CLE,83,1610612737,ATL,99,,,,False
2010-2011,2011,0021001089,20110327/HOUMIA,Final,2011-03-28,00:00,1610612748,MIA,125,1610612745,HOU,119,,,,False
2010-2011,2011,0021001090,20110327/SASMEM,Final,2011-03-28,00:00,1610612763,MEM,111,1610612759,SAS,104,,,,False
2010-2011,2011,0021001091,20110327/BOSMIN,Final,2011-03-28,01:00,1610612750,MIN,82,1610612738,BOS,85,,,,False
2010-2011,2011,0021001092,20110327/POROKC,Final,2011-03-28,02:00,1610612760,OKC,99,1610612757,POR,90,,,,False
2010-2011,2011,0021001093,20110327/WASGSW,Final,2011-03-28,03:00,1610612744,GSW,114,1610612764,WAS,104,,,,False
2010-2011,2011,0021001094,20110327/NOHLAL,Final,2011-03-28,03:30,1610612747,LAL,102,1610612740,NOH,84,,,,False
2010-2011,2011,0021001095,20110327/DALPHX,Final,2011-03-28,04:30,1610612756,PHX,83,1610612742,DAL,91,,,,False
2010-2011,2011,0021001096,20110328/MILCHA,Final,2011-03-29,01:00,1610612766,CHA,87,1610612749,MIL,86,,,,False
2010-2011,2011,0021001097,20110328/BOSIND,Final,2011-03-29,01:00,1610612754,IND,107,1610612738,BOS,100,,,,False
2010-2011,2011,0021000051,20110328/ORLNYK,Final/OT,2011-03-29,01:30,1610612752,NYK,113,1610612753,ORL,106,,,,False
2010-2011,2011,0021001098,20110328/PHICHI,Final,2011-03-29,02:00,1610612741,CHI,85,1610612755,PHI,97,,,,False
2010-2011,2011,0021001099,20110328/PORSAS,Final,2011-03-29,02:30,1610612759,SAS,92,1610612757,POR,100,,,,False
2010-2011,2011,0021001100,20110328/WASUTA,Final/OT,2011-03-29,03:00,1610612762,UTA,95,1610612764,WAS,100,,,,False
2010-2011,2011,0021001101,20110329/MIACLE,Final,2011-03-30,01:00,1610612739,CLE,102,1610612748,MIA,90,,,,False
2010-2011,2011,0021001102,20110329/HOUNJN,Final,2011-03-30,01:00,1610612751,NJN,87,1610612745,HOU,112,,,,False
2010-2011,2011,0021001103,20110329/GSWOKC,Final/OT,2011-03-30,02:00,1610612760,OKC,115,1610612744,GSW,114,,,,False
2010-2011,2011,0021001104,20110329/PHXSAC,Final,2011-03-30,04:00,1610612758,SAC,116,1610612756,PHX,113,,,,False
2010-2011,2011,0021001105,20110330/ORLATL,Final,2011-03-31,01:00,1610612737,ATL,85,1610612753,ORL,82,,,,False
2010-2011,2011,0021001106,20110330/CLECHA,Final,2011-03-31,01:00,1610612766,CHA,98,1610612739,CLE,97,,,,False
2010-2011,2011,0021001107,20110330/DETIND,Final,2011-03-31,01:00,1610612754,IND,111,1610612765,DET,101,,,,False
2010-2011,2011,0021001108,20110330/HOUPHI,Final,2011-03-31,01:00,1610612755,PHI,108,1610612745,HOU,97,,,,False
2010-2011,2011,0021001109,20110330/MILTOR,Final,2011-03-31,01:00,1610612761,TOR,98,1610612749,MIL,104,,,,False
2010-2011,2011,0021001110,20110330/MIAWAS,Final,2011-03-31,01:00,1610612764,WAS,107,1610612748,MIA,123,,,,False
2010-2011,2011,0021001111,20110330/NJNNYK,Final,2011-03-31,01:30,1610612752,NYK,120,1610612751,NJN,116,,,,False
2010-2011,2011,0021001112,20110330/GSWMEM,Final,2011-03-31,02:00,1610612763,MEM,110,1610612744,GSW,91,,,,False
2010-2011,2011,0021001113,20110330/CHIMIN,Final,2011-03-31,02:00,1610612750,MIN,91,1610612741,CHI,108,,,,False
2010-2011,2011,0021001114,20110330/PORNOH,Final,2011-03-31,02:00,1610612740,NOH,95,1610612757,POR,91,,,,False
2010-2011,2011,0021001115,20110330/SACDEN,Final,2011-03-31,03:00,1610612743,DEN,104,1610612758,SAC,90,,,,False
2010-2011,2011,0021001116,20110330/OKCPHX,Final,2011-03-31,04:00,1610612756,PHX,98,1610612760,OKC,116,,,,False
2010-2011,2011,0021001117,20110330/DALLAC,Final,2011-03-31,04:30,1610612746,LAC,100,1610612742,DAL,106,,,,False
2010-2011,2011,0021001118,20110331/BOSSAS,Final,2011-04-01,02:00,1610612759,SAS,97,1610612738,BOS,107,,,,False
2010-2011,2011,0021001119,20110331/DALLAL,Final,2011-04-01,04:30,1610612747,LAL,110,1610612742,DAL,82,,,,False
2010-2011,2011,0021001120,20110401/MILIND,Final,2011-04-02,01:00,1610612754,IND,89,1610612749,MIL,88,,,,False
2010-2011,2011,0021001121,20110401/CHAORL,Final,2011-04-02,01:00,1610612753,ORL,89,1610612766,CHA,77,,,,False
2010-2011,2011,0021001122,20110401/NJNPHI,Final,2011-04-02,01:00,1610612755,PHI,115,1610612751,NJN,90,,,,False
2010-2011,2011,0021001123,20110401/CLEWAS,Final,2011-04-02,01:00,1610612764,WAS,115,1610612739,CLE,107,,,,False
2010-2011,2011,0021001124,20110401/CHIDET,Final,2011-04-02,01:30,1610612765,DET,96,1610612741,CHI,101,,,,False
2010-2011,2011,0021001125,20110401/BOSATL,Final,2011-04-02,02:00,1610612737,ATL,88,1610612738,BOS,83,,,,False
2010-2011,2011,0021001126,20110401/MIAMIN,Final,2011-04-02,02:00,1610612750,MIN,92,1610612748,MIA,111,,,,False
2010-2011,2011,0021001127,20110401/MEMNOH,Final,2011-04-02,02:00,1610612740,NOH,81,1610612763,MEM,93,,,,False
2010-2011,2011,0021001128,20110401/SASHOU,Final/OT,2011-04-02,02:30,1610612745,HOU,119,1610612759,SAS,114,,,,False
2010-2011,2011,0021001129,20110401/LACPHX,Final,2011-04-02,04:00,1610612756,PHX,111,1610612746,LAC,98,,,,False
2010-2011,2011,0021001130,20110401/OKCPOR,Final,2011-04-02,04:00,1610612757,POR,98,1610612760,OKC,91,,,,False
2010-2011,2011,0021001131,20110401/DENSAC,Final,2011-04-02,04:00,1610612758,SAC,90,1610612743,DEN,99,,,,False
2010-2011,2011,0021001132,20110401/LALUTA,Final,2011-04-02,04:30,1610612762,UTA,85,1610612747,LAL,96,,,,False
2010-2011,2011,0021001133,20110402/TORCHI,Final,2011-04-03,02:00,1610612741,CHI,113,1610612761,TOR,106,,,,False
2010-2011,2011,0021001134,20110402/MINMEM,Final,2011-04-03,02:00,1610612763,MEM,106,1610612750,MIN,89,,,,False
2010-2011,2011,0021001135,20110402/PHIMIL,Final/OT,2011-04-03,02:30,1610612749,MIL,93,1610612755,PHI,87,,,,False
2010-2011,2011,0021001136,20110402/DALGSW,Final,2011-04-03,04:30,1610612744,GSW,99,1610612742,DAL,92,,,,False
2010-2011,2011,0021001137,20110402/OKCLAC,Final,2011-04-03,04:30,1610612746,LAC,98,1610612760,OKC,92,,,,False
2010-2011,2011,0021001138,20110403/PHXSAS,Final,2011-04-03,19:00,1610612759,SAS,114,1610612756,PHX,97,,,,False
2010-2011,2011,0021001139,20110403/DENLAL,Final,2011-04-03,21:30,1610612747,LAL,90,1610612743,DEN,95,,,,False
2010-2011,2011,0021001140,20110403/DETBOS,Final,2011-04-04,00:00,1610612738,BOS,101,1610612765,DET,90,,,,False
2010-2011,2011,0021001141,20110403/WASCHA,Final,2011-04-04,00:00,1610612766,CHA,91,1610612764,WAS,97,,,,False
2010-2011,2011,0021001142,20110403/MIANJN,Final,2011-04-04,00:00,1610612751,NJN,94,1610612748,MIA,108,,,,False
2010-2011,2011,0021001143,20110403/CLENYK,Final,2011-04-04,00:00,1610612752,NYK,123,1610612739,CLE,107,,,,False
2010-2011,2011,0021001144,20110403/ORLTOR,Final,2011-04-04,00:00,1610612761,TOR,102,1610612753,ORL,98,,,,False
2010-2011,2011,0021001145,20110403/UTASAC,Final,2011-04-04,00:00,1610612758,SAC,106,1610612762,UTA,97,,,,False
2010-2011,2011,0021001146,20110403/ATLHOU,Final,2011-04-04,01:00,1610612745,HOU,114,1610612737,ATL,109,,,,False
2010-2011,2011,0021001147,20110403/INDNOH,Final,2011-04-04,01:00,1610612740,NOH,108,1610612754,IND,96,,,,False
2010-2011,2011,0021001148,20110403/DALPOR,Final,2011-04-04,03:00,1610612757,POR,104,1610612742,DAL,96,,,,False
2010-2011,2011,0021001149,20110405/SASATL,Final,2011-04-06,01:00,1610612737,ATL,90,1610612759,SAS,97,,,,False
2010-2011,2011,0021001150,20110405/CHACLE,Final,2011-04-06,01:00,1610612739,CLE,99,1610612766,CHA,89,,,,False
2010-2011,2011,0021001151,20110405/MINNJN,Final,2011-04-06,01:00,1610612751,NJN,107,1610612750,MIN,105,,,,False
2010-2011,2011,0021001152,20110405/MILORL,Final,2011-04-06,01:00,1610612753,ORL,78,1610612749,MIL,72,,,,False
2010-2011,2011,0021001153,20110405/DETWAS,Final,2011-04-06,01:00,1610612764,WAS,107,1610612765,DET,105,,,,False
2010-2011,2011,0021001154,20110405/PHIBOS,Final,2011-04-06,01:30,1610612738,BOS,99,1610612755,PHI,82,,,,False
2010-2011,2011,0021001155,20110405/TORNYK,Final,2011-04-06,01:30,1610612752,NYK,131,1610612761,TOR,118,,,,False
2010-2011,2011,0021001156,20110405/PHXCHI,Final,2011-04-06,02:00,1610612741,CHI,97,1610612756,PHX,94,,,,False
2010-2011,2011,0021001157,20110405/LACMEM,Final,2011-04-06,02:00,1610612763,MEM,81,1610612746,LAC,82,,,,False
2010-2011,2011,0021001158,20110405/SACHOU,Final,2011-04-06,02:30,1610612745,HOU,101,1610612758,SAC,104,,,,False
2010-2011,2011,0021001159,20110405/OKCDEN,Final,2011-04-06,03:00,1610612743,DEN,94,1610612760,OKC,101,,,,False
2010-2011,2011,0021001160,20110405/GSWPOR,Final,2011-04-06,04:00,1610612757,POR,87,1610612744,GSW,108,,,,False
2010-2011,2011,0021001161,20110405/UTALAL,Final,2011-04-06,04:30,1610612747,LAL,85,1610612762,UTA,86,,,,False
2010-2011,2011,0021001162,20110406/ORLCHA,Final/OT,2011-04-07,01:00,1610612766,CHA,102,1610612753,ORL,111,,,,False
2010-2011,2011,0021001163,20110406/WASIND,Final,2011-04-07,01:00,1610612754,IND,136,1610612764,WAS,112,,,,False
2010-2011,2011,0021001165,20110406/NYKPHI,Final,2011-04-07,01:00,1610612755,PHI,92,1610612752,NYK,97,,,,False
2010-2011,2011,0021001166,20110406/CLETOR,Final,2011-04-07,01:00,1610612761,TOR,96,1610612739,CLE,104,,,,False
2010-2011,2011,0021001167,20110406/NJNDET,Final,2011-04-07,01:30,1610612765,DET,116,1610612751,NJN,109,,,,False
2010-2011,2011,0021001164,20110406/MILMIA,Final,2011-04-07,02:00,1610612748,MIA,85,1610612749,MIL,90,,,,False
2010-2011,2011,0021001168,20110406/PHXMIN,Final,2011-04-07,02:00,1610612750,MIN,98,1610612756,PHX,108,,,,False
2010-2011,2011,0021001169,20110406/HOUNOH,Final,2011-04-07,02:00,1610612740,NOH,101,1610612745,HOU,93,,,,False
2010-2011,2011,0021001170,20110406/LACOKC,Final,2011-04-07,02:00,1610612760,OKC,112,1610612746,LAC,108,,,,False
2010-2011,2011,0021001171,20110406/SACSAS,Final,2011-04-07,02:30,1610612759,SAS,124,1610612758,SAC,92,,,,False
2010-2011,2011,0021001172,20110406/DENDAL,Final,2011-04-07,02:30,1610612742,DAL,96,1610612743,DEN,104,,,,False
2010-2011,2011,0021001173,20110406/LALGSW,Final,2011-04-07,04:30,1610612744,GSW,95,1610612747,LAL,87,,,,False
2010-2011,2011,0021001174,20110407/BOSCHI,Final,2011-04-08,02:00,1610612741,CHI,97,1610612738,BOS,81,,,,False
2010-2011,2011,0021001175,20110407/PORUTA,Final,2011-04-08,04:30,1610612762,UTA,87,1610612757,POR,98,,,,False
2010-2011,2011,0021001176,20110408/ATLIND,Final,2011-04-09,01:00,1610612754,IND,114,1610612737,ATL,102,,,,False
2010-2011,2011,0021001177,20110408/NYKNJN,Final,2011-04-09,01:00,1610612751,NJN,93,1610612752,NYK,116,,,,False
2010-2011,2011,0021001178,20110408/TORPHI,Final,2011-04-09,01:00,1610612755,PHI,98,1610612761,TOR,93,,,,False
2010-2011,2011,0021001179,20110408/WASBOS,Final,2011-04-09,01:30,1610612738,BOS,104,1610612764,WAS,88,,,,False
2010-2011,2011,0021001180,20110408/CHICLE,Final,2011-04-09,01:30,1610612739,CLE,82,1610612741,CHI,93,,,,False
2010-2011,2011,0021001181,20110408/MILDET,Final,2011-04-09,01:30,1610612765,DET,110,1610612749,MIL,100,,,,False
2010-2011,2011,0021001182,20110408/CHAMIA,Final,2011-04-09,01:30,1610612748,MIA,112,1610612766,CHA,103,,,,False
2010-2011,2011,0021001183,20110408/SACMEM,Final,2011-04-09,02:00,1610612763,MEM,101,1610612758,SAC,96,,,,False
2010-2011,2011,0021001184,20110408/PHXNOH,Final,2011-04-09,02:00,1610612740,NOH,109,1610612756,PHX,97,,,,False
2010-2011,2011,0021001185,20110408/DENOKC,Final,2011-04-09,02:00,1610612760,OKC,104,1610612743,DEN,89,,,,False
2010-2011,2011,0021001186,20110408/LACDAL,Final,2011-04-09,02:30,1610612742,DAL,107,1610612746,LAC,96,,,,False
2010-2011,2011,0021001187,20110408/LALPOR,Final,2011-04-09,04:00,1610612757,POR,93,1610612747,LAL,86,,,,False
2010-2011,2011,0021001188,20110409/ATLWAS,Final,2011-04-10,01:00,1610612764,WAS,115,1610612737,ATL,83,,,,False
2010-2011,2011,0021001189,20110409/LACHOU,Final,2011-04-10,02:30,1610612745,HOU,99,1610612746,LAC,78,,,,False
2010-2011,2011,0021001190,20110409/CLEMIL,Final,2011-04-10,02:30,1610612749,MIL,108,1610612739,CLE,101,,,,False
2010-2011,2011,0021001191,20110409/UTASAS,Final,2011-04-10,02:30,1610612759,SAS,111,1610612762,UTA,102,,,,False
2010-2011,2011,0021001192,20110409/MINDEN,Final,2011-04-10,03:00,1610612743,DEN,130,1610612750,MIN,106,,,,False
2010-2011,2011,0021001193,20110410/CHIORL,Final,2011-04-10,19:00,1610612753,ORL,99,1610612741,CHI,102,,,,False
2010-2011,2011,0021001194,20110410/BOSMIA,Final,2011-04-10,21:30,1610612748,MIA,100,1610612738,BOS,77,,,,False
2010-2011,2011,0021001195,20110410/DETCHA,Final,2011-04-11,00:00,1610612766,CHA,101,1610612765,DET,112,,,,False
2010-2011,2011,0021001196,20110410/NJNTOR,Final,2011-04-11,00:00,1610612761,TOR,99,1610612751,NJN,92,,,,False
2010-2011,2011,0021001197,20110410/NOHMEM,Final,2011-04-11,00:00,1610612763,MEM,111,1610612740,NOH,89,,,,False
2010-2011,2011,0021001198,20110410/NYKIND,Final,2011-04-11,01:00,1610612754,IND,109,1610612752,NYK,110,,,,False
2010-2011,2011,0021001199,20110410/PHXDAL,Final,2011-04-11,01:30,1610612742,DAL,115,1610612756,PHX,90,,,,False
2010-2011,2011,0021001200,20110410/SACGSW,Final,2011-04-11,03:00,1610612744,GSW,103,1610612758,SAC,104,,,,False
2010-2011,2011,0021001201,20110410/OKCLAL,Final,2011-04-11,03:30,1610612747,LAL,106,1610612760,OKC,120,,,,False
2010-2011,2011,0021001202,20110411/MIAATL,Final,2011-04-12,01:00,1610612737,ATL,90,1610612748,MIA,98,,,,False
2010-2011,2011,0021001203,20110411/CHANJN,Final,2011-04-12,01:00,1610612751,NJN,103,1610612766,CHA,105,,,,False
2010-2011,2011,0021001204,20110411/ORLPHI,Final,2011-04-12,01:00,1610612755,PHI,85,1610612753,ORL,95,,,,False
2010-2011,2011,0021001205,20110411/BOSWAS,Final/OT,2011-04-12,01:00,1610612764,WAS,95,1610612738,BOS,94,,,,False
2010-2011,2011,0021001206,20110411/CLEDET,Final,2011-04-12,01:30,1610612765,DET,101,1610612739,CLE,110,,,,False
2010-2011,2011,0021001207,20110411/TORMIL,Final,2011-04-12,02:00,1610612749,MIL,93,1610612761,TOR,86,,,,False
2010-2011,2011,0021001208,20110411/UTANOH,Final,2011-04-12,02:00,1610612740,NOH,78,1610612762,UTA,90,,,,False
2010-2011,2011,0021001209,20110411/DALHOU,Final/OT,2011-04-12,02:30,1610612745,HOU,91,1610612742,DAL,98,,,,False
2010-2011,2011,0021001210,20110411/GSWDEN,Final,2011-04-12,03:00,1610612743,DEN,134,1610612744,GSW,111,,,,False
2010-2011,2011,0021001211,20110411/MINPHX,Final/OT,2011-04-12,04:00,1610612756,PHX,135,1610612750,MIN,127,,,,False
2010-2011,2011,0021001212,20110411/OKCSAC,Final,2011-04-12,04:00,1610612758,SAC,112,1610612760,OKC,120,,,,False
2010-2011,2011,0021001213,20110412/CHINYK,Final,2011-04-13,02:00,1610612752,NYK,90,1610612741,CHI,103,,,,False
2010-2011,2011,0021001214,20110412/MEMPOR,Final,2011-04-13,04:00,1610612757,POR,102,1610612763,MEM,89,,,,False
2010-2011,2011,0021001215,20110412/SASLAL,Final,2011-04-13,04:30,1610612747,LAL,102,1610612759,SAS,93,,,,False
2010-2011,2011,0021001216,20110413/NYKBOS,Final,2011-04-14,02:00,1610612738,BOS,112,1610612752,NYK,102,,,,False
2010-2011,2011,0021001217,20110413/ATLCHA,Final,2011-04-14,02:00,1610612766,CHA,96,1610612737,ATL,85,,,,False
2010-2011,2011,0021001218,20110413/WASCLE,Final,2011-04-14,02:00,1610612739,CLE,100,1610612764,WAS,93,,,,False
2010-2011,2011,0021001219,20110413/INDORL,Final,2011-04-14,02:00,1610612753,ORL,92,1610612754,IND,74,,,,False
2010-2011,2011,0021001220,20110413/DETPHI,Final,2011-04-14,02:00,1610612755,PHI,100,1610612765,DET,104,,,,False
2010-2011,2011,0021001221,20110413/MIATOR,Final,2011-04-14,02:00,1610612761,TOR,79,1610612748,MIA,97,,,,False
2010-2011,2011,0021001222,20110413/NJNCHI,Final,2011-04-14,02:00,1610612741,CHI,97,1610612751,NJN,92,,,,False
2010-2011,2011,0021001223,20110413/NOHDAL,Final,2011-04-14,02:00,1610612742,DAL,121,1610612740,NOH,89,,,,False
2010-2011,2011,0021001224,20110413/HOUMIN,Final,2011-04-14,02:00,1610612750,MIN,102,1610612745,HOU,121,,,,False
2010-2011,2011,0021001225,20110413/MILOKC,Final/OT,2011-04-14,02:00,1610612760,OKC,106,1610612749,MIL,110,,,,False
2010-2011,2011,0021001226,20110413/DENUTA,Final,2011-04-14,02:00,1610612762,UTA,107,1610612743,DEN,103,,,,False
2010-2011,2011,0021001227,20110413/PORGSW,Final,2011-04-14,04:30,1610612744,GSW,110,1610612757,POR,86,,,,False
2010-2011,2011,0021001228,20110413/MEMLAC,Final,2011-04-14,04:30,1610612746,LAC,110,1610612763,MEM,103,,,,False
2010-2011,2011,0021001229,20110413/SASPHX,Final,2011-04-14,04:30,1610612756,PHX,106,1610612759,SAS,103,,,,False
2010-2011,2011,0021001230,20110413/LALSAC,Final/OT,2011-04-14,04:30,1610612758,SAC,108,1610612747,LAL,116,,,,False
2010-2011,2011,0041000101,20110416/INDCHI,Final,2011-04-16,19:00,1610612741,CHI,104,1610612754,IND,99,Game 1,East - First Round,1st Round,False
2010-2011,2011,0041000111,20110416/PHIMIA,Final,2011-04-16,21:30,1610612748,MIA,97,1610612755,PHI,89,Game 1,East - First Round,1st Round,False
2010-2011,2011,0041000131,20110416/ATLORL,Final,2011-04-17,01:00,1610612753,ORL,93,1610612737,ATL,103,Game 1,East - First Round,1st Round,False
2010-2011,2011,0041000161,20110416/PORDAL,Final,2011-04-17,03:30,1610612742,DAL,89,1610612757,POR,81,Game 1,West - First Round,1st Round,False
2010-2011,2011,0041000141,20110417/MEMSAS,Final,2011-04-17,19:00,1610612759,SAS,98,1610612763,MEM,101,Game 1,West - First Round,1st Round,False
2010-2011,2011,0041000151,20110417/NOHLAL,Final,2011-04-17,21:30,1610612747,LAL,100,1610612740,NOH,109,Game 1,West - First Round,1st Round,False
2010-2011,2011,0041000121,20110417/NYKBOS,Final,2011-04-18,01:00,1610612738,BOS,87,1610612752,NYK,85,Game 1,East - First Round,1st Round,False
2010-2011,2011,0041000171,20110417/DENOKC,Final,2011-04-18,03:30,1610612760,OKC,107,1610612743,DEN,103,Game 1,West - First Round,1st Round,False
2010-2011,2011,0041000112,20110418/PHIMIA,Final,2011-04-19,01:00,1610612748,MIA,94,1610612755,PHI,73,Game 2,East - First Round,1st Round,False
2010-2011,2011,0041000102,20110418/INDCHI,Final,2011-04-19,03:30,1610612741,CHI,96,1610612754,IND,90,Game 2,East - First Round,1st Round,False
2010-2011,2011,0041000122,20110419/NYKBOS,Final,2011-04-20,01:00,1610612738,BOS,96,1610612752,NYK,93,Game 2,East - First Round,1st Round,False
2010-2011,2011,0041000132,20110419/ATLORL,Final,2011-04-20,01:30,1610612753,ORL,88,1610612737,ATL,82,Game 2,East - First Round,1st Round,False
2010-2011,2011,0041000162,20110419/PORDAL,Final,2011-04-20,03:30,1610612742,DAL,101,1610612757,POR,89,Game 2,West - First Round,1st Round,False
2010-2011,2011,0041000172,20110420/DENOKC,Final,2011-04-21,02:00,1610612760,OKC,106,1610612743,DEN,89,Game 2,West - First Round,1st Round,False
2010-2011,2011,0041000142,20110420/MEMSAS,Final,2011-04-21,02:30,1610612759,SAS,93,1610612763,MEM,87,Game 2,West - First Round,1st Round,False
2010-2011,2011,0041000152,20110420/NOHLAL,Final,2011-04-21,04:30,1610612747,LAL,87,1610612740,NOH,78,Game 2,West - First Round,1st Round,False
2010-2011,2011,0041000103,20110421/CHIIND,Final,2011-04-22,01:00,1610612754,IND,84,1610612741,CHI,88,Game 3,East - First Round,1st Round,False
2010-2011,2011,0041000113,20110421/MIAPHI,Final,2011-04-22,02:00,1610612755,PHI,94,1610612748,MIA,100,Game 3,East - First Round,1st Round,False
2010-2011,2011,0041000163,20110421/DALPOR,Final,2011-04-22,04:30,1610612757,POR,97,1610612742,DAL,92,Game 3,West - First Round,1st Round,False
2010-2011,2011,0041000123,20110422/BOSNYK,Final,2011-04-23,01:00,1610612752,NYK,96,1610612738,BOS,113,Game 3,East - First Round,1st Round,False
2010-2011,2011,0041000133,20110422/ORLATL,Final,2011-04-23,02:00,1610612737,ATL,88,1610612753,ORL,84,Game 3,East - First Round,1st Round,False
2010-2011,2011,0041000153,20110422/LALNOH,Final,2011-04-23,03:30,1610612740,NOH,86,1610612747,LAL,100,Game 3,West - First Round,1st Round,False
2010-2011,2011,0041000104,20110423/CHIIND,Final,2011-04-23,20:30,1610612754,IND,89,1610612741,CHI,84,Game 4,East - First Round,1st Round,False
2010-2011,2011,0041000164,20110423/DALPOR,Final,2011-04-23,23:00,1610612757,POR,84,1610612742,DAL,82,Game 4,West - First Round,1st Round,False
2010-2011,2011,0041000143,20110423/SASMEM,Final,2011-04-24,01:30,1610612763,MEM,91,1610612759,SAS,88,Game 3,West - First Round,1st Round,False
2010-2011,2011,0041000173,20110423/OKCDEN,Final,2011-04-24,04:00,1610612743,DEN,94,1610612760,OKC,97,Game 3,West - First Round,1st Round,False
2010-2011,2011,0041000114,20110424/MIAPHI,Final,2011-04-24,19:00,1610612755,PHI,86,1610612748,MIA,82,Game 4,East - First Round,1st Round,False
2010-2011,2011,0041000124,20110424/BOSNYK,Final,2011-04-24,21:30,1610612752,NYK,89,1610612738,BOS,101,Game 4,East - First Round,1st Round,False
2010-2011,2011,0041000134,20110424/ORLATL,Final,2011-04-25,01:00,1610612737,ATL,88,1610612753,ORL,85,Game 4,East - First Round,1st Round,False
2010-2011,2011,0041000154,20110424/LALNOH,Final,2011-04-25,03:30,1610612740,NOH,93,1610612747,LAL,88,Game 4,West - First Round,1st Round,False
2010-2011,2011,0041000144,20110425/SASMEM,Final,2011-04-26,02:00,1610612763,MEM,104,1610612759,SAS,86,Game 4,West - First Round,1st Round,False
2010-2011,2011,0041000165,20110425/PORDAL,Final,2011-04-26,02:30,1610612742,DAL,93,1610612757,POR,82,Game 5,West - First Round,1st Round,False
2010-2011,2011,0041000174,20110425/OKCDEN,Final,2011-04-26,04:30,1610612743,DEN,104,1610612760,OKC,101,Game 4,West - First Round,1st Round,False
2010-2011,2011,0041000135,20110426/ATLORL,Final,2011-04-27,01:30,1610612753,ORL,101,1610612737,ATL,76,Game 5,East - First Round,1st Round,False
2010-2011,2011,0041000105,20110426/INDCHI,Final,2011-04-27,02:00,1610612741,CHI,116,1610612754,IND,89,Game 5,East - First Round,1st Round,False
2010-2011,2011,0041000155,20110426/NOHLAL,Final,2011-04-27,04:30,1610612747,LAL,106,1610612740,NOH,90,Game 5,West - First Round,1st Round,False
2010-2011,2011,0041000115,20110427/PHIMIA,Final,2011-04-28,01:00,1610612748,MIA,97,1610612755,PHI,91,Game 5,East - First Round,1st Round,False
2010-2011,2011,0041000145,20110427/MEMSAS,Final/OT,2011-04-28,02:30,1610612759,SAS,110,1610612763,MEM,103,Game 5,West - First Round,1st Round,False
2010-2011,2011,0041000175,20110427/DENOKC,Final,2011-04-28,03:30,1610612760,OKC,100,1610612743,DEN,97,Game 5,West - First Round,1st Round,False
2010-2011,2011,0041000136,20110428/ORLATL,Final,2011-04-29,01:30,1610612737,ATL,84,1610612753,ORL,81,Game 6,East - First Round,1st Round,False
2010-2011,2011,0041000156,20110428/LALNOH,Final,2011-04-29,02:00,1610612740,NOH,80,1610612747,LAL,98,Game 6,West - First Round,1st Round,False
2010-2011,2011,0041000166,20110428/DALPOR,Final,2011-04-29,04:30,1610612757,POR,96,1610612742,DAL,103,Game 6,West - First Round,1st Round,False
2010-2011,2011,0041000146,20110429/SASMEM,Final,2011-04-30,03:00,1610612763,MEM,99,1610612759,SAS,91,Game 6,West - First Round,1st Round,False
2010-2011,2011,0041000221,20110501/MEMOKC,Final,2011-05-01,19:00,1610612760,OKC,101,1610612763,MEM,114,Game 1,West - Conf. Semifinals,Conf. Semifinals,False
2010-2011,2011,0041000211,20110501/BOSMIA,Final,2011-05-01,21:30,1610612748,MIA,99,1610612738,BOS,90,Game 1,East - Conf. Semifinals,Conf. Semifinals,False
2010-2011,2011,0041000201,20110502/ATLCHI,Final,2011-05-03,02:00,1610612741,CHI,95,1610612737,ATL,103,Game 1,East - Conf. Semifinals,Conf. Semifinals,False
2010-2011,2011,0041000231,20110502/DALLAL,Final,2011-05-03,04:30,1610612747,LAL,94,1610612742,DAL,96,Game 1,West - Conf. Semifinals,Conf. Semifinals,False
2010-2011,2011,0041000212,20110503/BOSMIA,Final,2011-05-04,01:00,1610612748,MIA,102,1610612738,BOS,91,Game 2,East - Conf. Semifinals,Conf. Semifinals,False
2010-2011,2011,0041000222,20110503/MEMOKC,Final,2011-05-04,03:30,1610612760,OKC,111,1610612763,MEM,102,Game 2,West - Conf. Semifinals,Conf. Semifinals,False
2010-2011,2011,0041000202,20110504/ATLCHI,Final,2011-05-05,02:00,1610612741,CHI,86,1610612737,ATL,73,Game 2,East - Conf. Semifinals,Conf. Semifinals,False
2010-2011,2011,0041000232,20110504/DALLAL,Final,2011-05-05,04:30,1610612747,LAL,81,1610612742,DAL,93,Game 2,West - Conf. Semifinals,Conf. Semifinals,False
2010-2011,2011,0041000203,20110506/CHIATL,Final,2011-05-07,01:00,1610612737,ATL,82,1610612741,CHI,99,Game 3,East - Conf. Semifinals,Conf. Semifinals,False
2010-2011,2011,0041000233,20110506/LALDAL,Final,2011-05-07,03:30,1610612742,DAL,98,1610612747,LAL,92,Game 3,West - Conf. Semifinals,Conf. Semifinals,False
2010-2011,2011,0041000223,20110507/OKCMEM,Final/OT,2011-05-07,23:00,1610612763,MEM,101,1610612760,OKC,93,Game 3,West - Conf. Semifinals,Conf. Semifinals,False
2010-2011,2011,0041000213,20110507/MIABOS,Final,2011-05-08,02:00,1610612738,BOS,97,1610612748,MIA,81,Game 3,East - Conf. Semifinals,Conf. Semifinals,False
2010-2011,2011,0041000234,20110508/LALDAL,Final,2011-05-08,21:30,1610612742,DAL,122,1610612747,LAL,86,Game 4,West - Conf. Semifinals,Conf. Semifinals,False
2010-2011,2011,0041000204,20110508/CHIATL,Final,2011-05-09,02:00,1610612737,ATL,100,1610612741,CHI,88,Game 4,East - Conf. Semifinals,Conf. Semifinals,False
2010-2011,2011,0041000214,20110509/MIABOS,Final/OT,2011-05-10,01:00,1610612738,BOS,90,1610612748,MIA,98,Game 4,East - Conf. Semifinals,Conf. Semifinals,False
2010-2011,2011,0041000224,20110509/OKCMEM,Final/OT3,2011-05-10,03:30,1610612763,MEM,123,1610612760,OKC,133,Game 4,West - Conf. Semifinals,Conf. Semifinals,False
2010-2011,2011,0041000205,20110510/ATLCHI,Final,2011-05-11,02:00,1610612741,CHI,95,1610612737,ATL,83,Game 5,East - Conf. Semifinals,Conf. Semifinals,False
2010-2011,2011,0041000215,20110511/BOSMIA,Final,2011-05-12,01:00,1610612748,MIA,97,1610612738,BOS,87,Game 5,East - Conf. Semifinals,Conf. Semifinals,False
2010-2011,2011,0041000225,20110511/MEMOKC,Final,2011-05-12,03:30,1610612760,OKC,99,1610612763,MEM,72,Game 5,West - Conf. Semifinals,Conf. Semifinals,False
2010-2011,2011,0041000206,20110512/CHIATL,Final,2011-05-13,02:00,1610612737,ATL,73,1610612741,CHI,93,Game 6,East - Conf. Semifinals,Conf. Semifinals,False
2010-2011,2011,0041000226,20110513/OKCMEM,Final,2011-05-14,03:00,1610612763,MEM,95,1610612760,OKC,83,Game 6,West - Conf. Semifinals,Conf. Semifinals,False
2010-2011,2011,0041000227,20110515/MEMOKC,Final,2011-05-15,21:30,1610612760,OKC,105,1610612763,MEM,90,Game 7,West - Conf. Semifinals,Conf. Semifinals,False
2010-2011,2011,0041000301,20110515/MIACHI,Final,2011-05-16,02:00,1610612741,CHI,103,1610612748,MIA,82,Game 1,East - Conf. Finals,Conf. Finals,False
2010-2011,2011,0041000311,20110517/OKCDAL,Final,2011-05-18,03:00,1610612742,DAL,121,1610612760,OKC,112,Game 1,West - Conf. Finals,Conf. Finals,False
2010-2011,2011,0041000302,20110518/MIACHI,Final,2011-05-19,02:30,1610612741,CHI,75,1610612748,MIA,85,Game 2,East - Conf. Finals,Conf. Finals,False
2010-2011,2011,0041000312,20110519/OKCDAL,Final,2011-05-20,03:00,1610612742,DAL,100,1610612760,OKC,106,Game 2,West - Conf. Finals,Conf. Finals,False
2010-2011,2011,0041000313,20110521/DALOKC,Final,2011-05-22,03:00,1610612760,OKC,87,1610612742,DAL,93,Game 3,West - Conf. Finals,Conf. Finals,False
2010-2011,2011,0041000303,20110522/CHIMIA,Final,2011-05-23,02:30,1610612748,MIA,96,1610612741,CHI,85,Game 3,East - Conf. Finals,Conf. Finals,False
2010-2011,2011,0041000314,20110523/DALOKC,Final/OT,2011-05-24,03:00,1610612760,OKC,105,1610612742,DAL,112,Game 4,West - Conf. Finals,Conf. Finals,False
2010-2011,2011,0041000304,20110524/CHIMIA,Final/OT,2011-05-25,02:30,1610612748,MIA,101,1610612741,CHI,93,Game 4,East - Conf. Finals,Conf. Finals,False
2010-2011,2011,0041000315,20110525/OKCDAL,Final,2011-05-26,03:00,1610612742,DAL,100,1610612760,OKC,96,Game 5,West - Conf. Finals,Conf. Finals,False
2010-2011,2011,0041000305,20110526/MIACHI,Final,2011-05-27,02:30,1610612741,CHI,80,1610612748,MIA,83,Game 5,East - Conf. Finals,Conf. Finals,False
2010-2011,2011,0041000401,20110531/DALMIA,Final,2011-06-01,03:00,1610612748,MIA,92,1610612742,DAL,84,Game 1,NBA Finals,NBA Finals,False
2010-2011,2011,0041000402,20110602/DALMIA,Final,2011-06-03,03:00,1610612748,MIA,93,1610612742,DAL,95,Game 2,NBA Finals,NBA Finals,False
2010-2011,2011,0041000403,20110605/MIADAL,Final,2011-06-06,02:00,1610612742,DAL,86,1610612748,MIA,88,Game 3,NBA Finals,NBA Finals,False
2010-2011,2011,0041000404,20110607/MIADAL,Final,2011-06-08,03:00,1610612742,DAL,86,1610612748,MIA,83,Game 4,NBA Finals,NBA Finals,False
2010-2011,2011,0041000405,20110609/MIADAL,Final,2011-06-10,03:00,1610612742,DAL,112,1610612748,MIA,103,Game 5,NBA Finals,NBA Finals,False
2010-2011,2011,0041000406,20110612/DALMIA,Final,2011-06-13,02:00,1610612748,MIA,95,1610612742,DAL,105,Game 6,NBA Finals,NBA Finals,False
