Saison,Année,gameId,gameCode,gameStatusText,dateParis,heureParis,homeTeamId,homeTeamTricode,homeTeamScore,awayTeamId,awayTeamTricode,awayTeamScore,seriesGameNumber,gameLabel,poRoundDesc,ifNecessary
2006-2007,2007,0090600034,,6:30 am ET,2006-09-01,12:30,0,,0,0,,0,,,,False
2006-2007,2007,0090600035,,6:30 am ET,2006-09-02,12:30,0,,0,0,,0,,,,False
2006-2007,2007,0090600036,,6:30 am ET,2006-09-03,12:30,0,,0,0,,0,,,,False
2006-2007,2007,0010600001,20061005/PHIBAR,Final,2006-10-05,21:00,12304,BAR,104,1610612755,PHI,99,,,,False
2006-2007,2007,0010600002,20061005/SASLYV,Final,2006-10-05,21:00,12305,LYV,90,1610612759,SAS,115,,,,False
2006-2007,2007,0010600003,20061006/LACKHI,Final,2006-10-06,18:00,12306,KHI,91,1610612746,LAC,98,,,,False
2006-2007,2007,0010600004,20061006/PHXROM,Final,2006-10-06,21:00,12307,ROM,93,1610612756,PHX,100,,,,False
2006-2007,2007,0010600005,20061007/LACMOS,Final,2006-10-07,14:00,12308,MOS,94,1610612746,LAC,75,,,,False
2006-2007,2007,0010600006,20061008/SASMTA,Final,2006-10-08,16:00,12303,MTA,84,1610612759,SAS,97,,,,False
2006-2007,2007,0010600007,20061009/TORWAS,Final,2006-10-10,01:00,1610612764,WAS,88,1610612761,TOR,93,,,,False
2006-2007,2007,0010600008,20061010/ORLCHA,Final,2006-10-11,01:00,1610612766,CHA,90,1610612753,ORL,109,,,,False
2006-2007,2007,0010600015,20061010/PHXPHI,Final,2006-10-10,21:00,1610612755,PHI,103,1610612756,PHX,100,,,,False
2006-2007,2007,0010600009,20061010/BOSCLE,Final,2006-10-11,01:00,1610612739,CLE,93,1610612738,BOS,109,,,,False
2006-2007,2007,0010600010,20061010/DALNOK,Final,2006-10-11,02:00,1610612740,NOK,84,1610612742,DAL,81,,,,False
2006-2007,2007,0010600013,20061010/MEMHOU,Final,2006-10-11,02:30,1610612745,HOU,69,1610612763,MEM,75,,,,False
2006-2007,2007,0010600014,20061010/DETMIA,Final,2006-10-11,02:30,1610612748,MIA,64,1610612765,DET,84,,,,False
2006-2007,2007,0010600011,20061010/EPTDEN,Final,2006-10-11,03:00,1610612743,DEN,118,12309,EPT,102,,,,False
2006-2007,2007,0010600012,20061010/UTALAL,Final,2006-10-11,04:00,1610612747,LAL,94,1610612762,UTA,79,,,,False
2006-2007,2007,0010600016,20061011/MTAPHX,Final,2006-10-11,18:00,1610612756,PHX,119,12303,MTA,102,,,,False
2006-2007,2007,0010600023,20061011/PHIMOS,4th Qtr,2006-10-11,21:00,12308,MOS,0,1610612755,PHI,13,,,,False
2006-2007,2007,0010600017,20061011/BOSTOR,Final/OT,2006-10-12,01:00,1610612761,TOR,118,1610612738,BOS,112,,,,False
2006-2007,2007,0010600018,20061011/NJNIND,Final,2006-10-12,01:00,1610612754,IND,103,1610612751,NJN,89,,,,False
2006-2007,2007,0010600019,20061011/ATLMEM,Final,2006-10-12,02:00,1610612763,MEM,91,1610612737,ATL,108,,,,False
2006-2007,2007,0010600020,20061011/MILMIN,Final,2006-10-12,02:00,1610612750,MIN,98,1610612749,MIL,93,,,,False
2006-2007,2007,0010600022,20061011/WASCHI,Final,2006-10-12,02:30,1610612741,CHI,87,1610612764,WAS,86,,,,False
2006-2007,2007,0010600021,20061011/SEAPOR,Final,2006-10-12,04:00,1610612757,POR,89,1610612760,SEA,99,,,,False
2006-2007,2007,0010600025,20061012/SACDAL,Final,2006-10-13,02:30,1610612742,DAL,90,1610612758,SAC,111,,,,False
2006-2007,2007,0010600024,20061012/SEALAL,Final,2006-10-13,04:00,1610612747,LAL,104,1610612760,SEA,101,,,,False
2006-2007,2007,0010600026,20061012/EPTGSW,7:30 pm ET,2006-10-13,04:30,1610612744,GSW,0,12309,EPT,0,,,,False
2006-2007,2007,0010600027,20061013/MILCHA,Final,2006-10-14,01:00,1610612766,CHA,100,1610612749,MIL,104,,,,False
2006-2007,2007,0010600030,20061013/CLEBOS,Final,2006-10-14,01:30,1610612738,BOS,82,1610612739,CLE,91,,,,False
2006-2007,2007,0010600031,20061013/NJNNYK,Final,2006-10-14,01:30,1610612752,NYK,111,1610612751,NJN,97,,,,False
2006-2007,2007,0010600028,20061013/ORLNOK,Final,2006-10-14,02:00,1610612740,NOK,85,1610612753,ORL,100,,,,False
2006-2007,2007,0010600029,20061013/DETMIN,Final,2006-10-14,02:00,1610612750,MIN,96,1610612765,DET,101,,,,False
2006-2007,2007,0010600032,20061013/ATLHOU,Final,2006-10-14,02:30,1610612745,HOU,107,1610612737,ATL,93,,,,False
2006-2007,2007,0010600033,20061014/MIAATL,Final,2006-10-15,01:00,1610612737,ATL,91,1610612748,MIA,81,,,,False
2006-2007,2007,0010600034,20061014/NYKPHI,Final,2006-10-15,01:00,1610612755,PHI,100,1610612752,NYK,102,,,,False
2006-2007,2007,0010600035,20061014/UTAIND,Final,2006-10-15,01:00,1610612754,IND,84,1610612762,UTA,97,,,,False
2006-2007,2007,0010600038,20061014/WASCLE,Final,2006-10-15,01:30,1610612739,CLE,89,1610612764,WAS,93,,,,False
2006-2007,2007,0010600036,20061014/DETMEM,Final,2006-10-15,02:00,1610612763,MEM,101,1610612765,DET,89,,,,False
2006-2007,2007,0010600037,20061014/ORLSAS,Final,2006-10-15,02:00,1610612759,SAS,87,1610612753,ORL,92,,,,False
2006-2007,2007,0010600040,20061014/GSWDEN,Final,2006-10-15,02:00,1610612743,DEN,115,1610612744,GSW,121,,,,False
2006-2007,2007,0010600039,20061014/DALMIL,Final,2006-10-15,02:30,1610612749,MIL,91,1610612742,DAL,78,,,,False
2006-2007,2007,0010600042,20061015/NJNTOR,Final,2006-10-15,19:00,1610612761,TOR,119,1610612751,NJN,110,,,,False
2006-2007,2007,0010600041,20061015/SEACHI,Final/OT,2006-10-15,20:00,1610612741,CHI,110,1610612760,SEA,105,,,,False
2006-2007,2007,0010600043,20061015/PHXLAL,Final,2006-10-16,03:30,1610612747,LAL,91,1610612756,PHX,99,,,,False
2006-2007,2007,0010600045,20061016/MININD,Final,2006-10-17,01:00,1610612754,IND,87,1610612750,MIN,103,,,,False
2006-2007,2007,0010600047,20061016/UTADET,Final,2006-10-17,01:30,1610612765,DET,90,1610612762,UTA,85,,,,False
2006-2007,2007,0010600046,20061016/CHIMEM,Final,2006-10-17,02:00,1610612763,MEM,78,1610612741,CHI,87,,,,False
2006-2007,2007,0010600044,20061016/WASCHA,Final,2006-10-16,16:00,1610612766,CHA,91,1610612764,WAS,100,,,,False
2006-2007,2007,0010600049,20061017/ATLORL,Final,2006-10-18,01:00,1610612753,ORL,96,1610612737,ATL,100,,,,False
2006-2007,2007,0010600050,20061017/MTACLE,Final,2006-10-18,01:00,1610612739,CLE,93,12303,MTA,67,,,,False
2006-2007,2007,0010600054,20061017/BOSNYK,Final,2006-10-18,01:30,1610612752,NYK,116,1610612738,BOS,108,,,,False
2006-2007,2007,0010600055,20061017/NOKMIA,Final,2006-10-18,01:30,1610612748,MIA,109,1610612740,NOK,105,,,,False
2006-2007,2007,0010600048,20061017/WASCHA,Final,2006-10-18,02:00,1610612766,CHA,84,1610612764,WAS,100,,,,False
2006-2007,2007,0010600056,20061017/HOUDAL,Final,2006-10-18,02:30,1610612742,DAL,69,1610612745,HOU,72,,,,False
2006-2007,2007,0010600051,20061017/LACPHX,Final,2006-10-18,04:00,1610612756,PHX,96,1610612746,LAC,107,,,,False
2006-2007,2007,0010600052,20061017/SACLAL,Final,2006-10-18,04:00,1610612747,LAL,91,1610612758,SAC,96,,,,False
2006-2007,2007,0010600053,20061017/GSWPOR,Final/OT,2006-10-18,04:00,1610612757,POR,120,1610612744,GSW,124,,,,False
2006-2007,2007,0010600057,20061018/MINDET,Final,2006-10-19,01:00,1610612765,DET,112,1610612750,MIN,103,,,,False
2006-2007,2007,0010600058,20061018/INDDEN,Final,2006-10-19,01:00,1610612743,DEN,114,1610612754,IND,102,,,,False
2006-2007,2007,0010600059,20061018/NJNBOS,Final,2006-10-19,01:30,1610612738,BOS,94,1610612751,NJN,90,,,,False
2006-2007,2007,0010600060,20061018/TORCLE,Final,2006-10-19,01:30,1610612739,CLE,81,1610612761,TOR,103,,,,False
2006-2007,2007,0010600061,20061018/MILHOU,Final,2006-10-19,02:30,1610612745,HOU,111,1610612749,MIL,97,,,,False
2006-2007,2007,0010600062,20061019/NOKGSW,Final,2006-10-20,01:00,1610612744,GSW,112,1610612740,NOK,103,,,,False
2006-2007,2007,0010600063,20061019/MTATOR,Final,2006-10-20,01:00,1610612761,TOR,118,12303,MTA,84,,,,False
2006-2007,2007,0010600065,20061019/CHAIND,Final,2006-10-20,01:00,1610612754,IND,109,1610612766,CHA,96,,,,False
2006-2007,2007,0010600064,20061019/ORLATL,Final,2006-10-20,02:00,1610612737,ATL,88,1610612753,ORL,109,,,,False
2006-2007,2007,0010600066,20061019/CHISAS,Final,2006-10-20,02:00,1610612759,SAS,67,1610612741,CHI,99,,,,False
2006-2007,2007,0010600070,20061019/MILDAL,Final,2006-10-20,02:30,1610612742,DAL,88,1610612749,MIL,71,,,,False
2006-2007,2007,0010600067,20061019/PORUTA,Final,2006-10-20,03:00,1610612762,UTA,104,1610612757,POR,90,,,,False
2006-2007,2007,0010600068,20061019/SACPHX,Final,2006-10-20,04:00,1610612756,PHX,111,1610612758,SAC,94,,,,False
2006-2007,2007,0010600069,20061019/LACLAL,Final,2006-10-20,04:00,1610612747,LAL,90,1610612746,LAC,91,,,,False
2006-2007,2007,0010600071,20061020/GSWLAC,Final,2006-10-21,01:30,1610612746,LAC,106,1610612744,GSW,116,,,,False
2006-2007,2007,0010600074,20061020/PHINJN,Final,2006-10-21,01:30,1610612751,NJN,102,1610612755,PHI,92,,,,False
2006-2007,2007,0010600072,20061020/MIAMEM,Final,2006-10-21,02:00,1610612763,MEM,96,1610612748,MIA,95,,,,False
2006-2007,2007,0010600075,20061020/MINCHI,Final,2006-10-21,02:30,1610612741,CHI,83,1610612750,MIN,85,,,,False
2006-2007,2007,0010600073,20061020/UTASAC,Final,2006-10-21,04:00,1610612758,SAC,112,1610612762,UTA,96,,,,False
2006-2007,2007,0010600076,20061020/NOKLAL,Final,2006-10-21,04:30,1610612747,LAL,113,1610612740,NOK,106,,,,False
2006-2007,2007,0010600077,20061020/PORSEA,Final,2006-10-21,04:30,1610612760,SEA,95,1610612757,POR,103,,,,False
2006-2007,2007,0010600082,20061021/ATLCLE,Final/OT,2006-10-22,01:00,1610612739,CLE,88,1610612737,ATL,90,,,,False
2006-2007,2007,0010600078,20061021/MEMORL,Final,2006-10-22,01:00,1610612753,ORL,112,1610612763,MEM,89,,,,False
2006-2007,2007,0010600081,20061021/NYKBOS,Final,2006-10-22,01:30,1610612738,BOS,113,1610612752,NYK,89,,,,False
2006-2007,2007,0010600079,20061021/INDMIN,Final,2006-10-22,02:00,1610612750,MIN,91,1610612754,IND,98,,,,False
2006-2007,2007,0010600080,20061021/MIASAS,Final,2006-10-22,02:00,1610612759,SAS,103,1610612748,MIA,93,,,,False
2006-2007,2007,0010600083,20061021/DENMIL,Final,2006-10-22,02:30,1610612749,MIL,119,1610612743,DEN,108,,,,False
2006-2007,2007,0010600084,20061021/WASDAL,Final,2006-10-22,02:30,1610612742,DAL,93,1610612764,WAS,90,,,,False
2006-2007,2007,0010600085,20061021/SEALAC,Final,2006-10-22,04:30,1610612746,LAC,86,1610612760,SEA,82,,,,False
2006-2007,2007,0010600088,20061022/DENDET,Final,2006-10-22,23:00,1610612765,DET,105,1610612743,DEN,124,,,,False
2006-2007,2007,0010600086,20061022/CLETOR,Final,2006-10-23,00:00,1610612761,TOR,91,1610612739,CLE,90,,,,False
2006-2007,2007,0010600087,20061022/NOKSAC,Final,2006-10-23,02:00,1610612758,SAC,117,1610612740,NOK,93,,,,False
2006-2007,2007,0010600090,20061022/SASHOU,Final,2006-10-23,02:30,1610612745,HOU,93,1610612759,SAS,72,,,,False
2006-2007,2007,0010600089,20061022/PHXLAL,Final,2006-10-23,03:30,1610612747,LAL,94,1610612756,PHX,91,,,,False
2006-2007,2007,0010600091,20061023/WASATL,Final,2006-10-24,01:00,1610612737,ATL,105,1610612764,WAS,110,,,,False
2006-2007,2007,0010600092,20061023/SEAPHX,Final,2006-10-24,04:00,1610612756,PHX,102,1610612760,SEA,108,,,,False
2006-2007,2007,0010600093,20061023/UTAPOR,Final,2006-10-24,04:00,1610612757,POR,114,1610612762,UTA,110,,,,False
2006-2007,2007,0010600094,20061024/INDCHA,Final,2006-10-25,01:00,1610612766,CHA,101,1610612754,IND,89,,,,False
2006-2007,2007,0010600095,20061024/MIAORL,Final,2006-10-25,01:00,1610612753,ORL,82,1610612748,MIA,92,,,,False
2006-2007,2007,0010600100,20061024/WASDET,Final,2006-10-25,01:00,1610612765,DET,101,1610612764,WAS,94,,,,False
2006-2007,2007,0010600098,20061024/BOSNJN,Final,2006-10-25,01:30,1610612751,NJN,109,1610612738,BOS,107,,,,False
2006-2007,2007,0010600099,20061024/PHINYK,Final,2006-10-25,01:30,1610612752,NYK,113,1610612755,PHI,102,,,,False
2006-2007,2007,0010600101,20061024/MEMCHI,Final,2006-10-25,02:30,1610612741,CHI,87,1610612763,MEM,84,,,,False
2006-2007,2007,0010600096,20061024/UTADEN,Final,2006-10-25,03:00,1610612743,DEN,107,1610612762,UTA,127,,,,False
2006-2007,2007,0010600097,20061024/NOKSAC,Final,2006-10-25,04:00,1610612758,SAC,81,1610612740,NOK,84,,,,False
2006-2007,2007,0010600102,20061024/PORGSW,Final,2006-10-25,04:30,1610612744,GSW,108,1610612757,POR,96,,,,False
2006-2007,2007,0010600103,20061025/NJNPHI,Final,2006-10-26,01:00,1610612755,PHI,110,1610612751,NJN,88,,,,False
2006-2007,2007,0010600108,20061025/MEMDET,Final,2006-10-26,01:00,1610612765,DET,82,1610612763,MEM,92,,,,False
2006-2007,2007,0010600106,20061025/TORBOS,Final,2006-10-26,01:30,1610612738,BOS,102,1610612761,TOR,106,,,,False
2006-2007,2007,0010600107,20061025/DALCLE,Final,2006-10-26,01:30,1610612739,CLE,81,1610612742,DAL,83,,,,False
2006-2007,2007,0010600104,20061025/CHIMIN,Final/OT,2006-10-26,02:00,1610612750,MIN,109,1610612741,CHI,105,,,,False
2006-2007,2007,0010600110,20061025/HOUMIA,Final,2006-10-26,02:00,1610612748,MIA,71,1610612745,HOU,96,,,,False
2006-2007,2007,0010600105,20061025/SACSEA,Final,2006-10-26,04:00,1610612760,SEA,103,1610612758,SAC,88,,,,False
2006-2007,2007,0010600109,20061025/PORLAC,Final,2006-10-26,04:30,1610612746,LAC,97,1610612757,POR,89,,,,False
2006-2007,2007,0010600112,20061026/CHAMIL,Final/OT2,2006-10-27,02:00,1610612749,MIL,124,1610612766,CHA,126,,,,False
2006-2007,2007,0010600111,20061026/HOUORL,Final,2006-10-27,01:00,1610612753,ORL,94,1610612745,HOU,90,,,,False
2006-2007,2007,0010600113,20061026/INDUTA,Final,2006-10-27,03:00,1610612762,UTA,122,1610612754,IND,96,,,,False
2006-2007,2007,0010600114,20061026/DENLAL,Final,2006-10-27,04:00,1610612747,LAL,108,1610612743,DEN,126,,,,False
2006-2007,2007,0010600115,20061026/GSWSEA,Final/OT,2006-10-27,04:00,1610612760,SEA,111,1610612744,GSW,107,,,,False
2006-2007,2007,0010600118,20061027/NYKNJN,Final,2006-10-28,01:30,1610612751,NJN,138,1610612752,NYK,121,,,,False
2006-2007,2007,0010600116,20061027/MINMIL,Final,2006-10-28,02:00,1610612749,MIL,76,1610612750,MIN,101,,,,False
2006-2007,2007,0010600122,20061027/CHAATL,Final,2006-10-28,02:00,1610612737,ATL,105,1610612766,CHA,94,,,,False
2006-2007,2007,0010600119,20061027/TORCHI,Final,2006-10-28,02:30,1610612741,CHI,108,1610612761,TOR,97,,,,False
2006-2007,2007,0010600120,20061027/DALSAS,Final,2006-10-28,02:30,1610612759,SAS,100,1610612742,DAL,79,,,,False
2006-2007,2007,0010600117,20061027/PORSAC,Final,2006-10-28,04:00,1610612758,SAC,84,1610612757,POR,78,,,,False
2006-2007,2007,0010600121,20061027/DENLAC,Final,2006-10-28,04:30,1610612746,LAC,86,1610612743,DEN,112,,,,False
2006-2007,2007,0020600001,20061031/CHIMIA,Final,2006-11-01,02:00,1610612748,MIA,66,1610612741,CHI,108,,,,False
2006-2007,2007,0020600002,20061031/PHXLAL,Final,2006-11-01,04:30,1610612747,LAL,114,1610612756,PHX,106,,,,False
2006-2007,2007,0020600003,20061101/ATLPHI,Final,2006-11-02,01:00,1610612755,PHI,88,1610612737,ATL,75,,,,False
2006-2007,2007,0020600004,20061101/INDCHA,Final,2006-11-02,01:00,1610612766,CHA,99,1610612754,IND,106,,,,False
2006-2007,2007,0020600005,20061101/CHIORL,Final,2006-11-02,01:00,1610612753,ORL,109,1610612741,CHI,94,,,,False
2006-2007,2007,0020600006,20061101/NOKBOS,Final,2006-11-02,01:30,1610612738,BOS,87,1610612740,NOK,91,,,,False
2006-2007,2007,0020600007,20061101/TORNJN,Final,2006-11-02,01:30,1610612751,NJN,102,1610612761,TOR,92,,,,False
2006-2007,2007,0020600008,20061101/MILDET,Final,2006-11-02,02:00,1610612765,DET,97,1610612749,MIL,105,,,,False
2006-2007,2007,0020600009,20061101/WASCLE,Final,2006-11-02,02:00,1610612739,CLE,97,1610612764,WAS,94,,,,False
2006-2007,2007,0020600010,20061101/NYKMEM,Final/OT3,2006-11-02,02:00,1610612763,MEM,117,1610612752,NYK,118,,,,False
2006-2007,2007,0020600011,20061101/SACMIN,Final,2006-11-02,02:00,1610612750,MIN,92,1610612758,SAC,83,,,,False
2006-2007,2007,0020600012,20061101/HOUUTA,Final,2006-11-02,03:00,1610612762,UTA,107,1610612745,HOU,97,,,,False
2006-2007,2007,0020600013,20061101/PORSEA,Final,2006-11-02,04:00,1610612760,SEA,106,1610612757,POR,110,,,,False
2006-2007,2007,0020600014,20061101/LACPHX,Final,2006-11-02,04:30,1610612756,PHX,112,1610612746,LAC,104,,,,False
2006-2007,2007,0020600015,20061101/LALGSW,Final,2006-11-02,04:30,1610612744,GSW,98,1610612747,LAL,110,,,,False
2006-2007,2007,0020600017,20061102/DENLAC,Final,2006-11-03,04:30,1610612746,LAC,96,1610612743,DEN,95,,,,False
2006-2007,2007,0020600016,20061102/SASDAL,Final,2006-11-03,02:00,1610612742,DAL,91,1610612759,SAS,97,,,,False
2006-2007,2007,0020600018,20061103/MILTOR,Final,2006-11-04,01:00,1610612761,TOR,109,1610612749,MIL,92,,,,False
2006-2007,2007,0020600019,20061103/PHIORL,Final,2006-11-04,01:00,1610612753,ORL,103,1610612755,PHI,105,,,,False
2006-2007,2007,0020600020,20061103/NOKIND,Final,2006-11-04,01:00,1610612754,IND,91,1610612740,NOK,100,,,,False
2006-2007,2007,0020600021,20061103/DETBOS,Final,2006-11-04,01:30,1610612738,BOS,88,1610612765,DET,101,,,,False
2006-2007,2007,0020600022,20061103/NYKATL,Final,2006-11-04,01:30,1610612737,ATL,102,1610612752,NYK,92,,,,False
2006-2007,2007,0020600023,20061103/NJNMIA,Final,2006-11-04,01:30,1610612748,MIA,91,1610612751,NJN,85,,,,False
2006-2007,2007,0020600024,20061103/CHAMEM,Final,2006-11-04,02:00,1610612763,MEM,96,1610612766,CHA,83,,,,False
2006-2007,2007,0020600025,20061103/CLESAS,Final,2006-11-04,02:00,1610612759,SAS,81,1610612739,CLE,88,,,,False
2006-2007,2007,0020600026,20061103/SACCHI,Final,2006-11-04,02:30,1610612741,CHI,88,1610612758,SAC,89,,,,False
2006-2007,2007,0020600027,20061103/MINDEN,Final,2006-11-04,03:00,1610612743,DEN,109,1610612750,MIN,112,,,,False
2006-2007,2007,0020600028,20061103/UTAPHX,Final,2006-11-04,03:00,1610612756,PHX,104,1610612762,UTA,108,,,,False
2006-2007,2007,0020600029,20061103/SEALAL,Final,2006-11-04,04:30,1610612747,LAL,118,1610612760,SEA,112,,,,False
2006-2007,2007,0020600030,20061103/PORGSW,Final,2006-11-04,04:30,1610612744,GSW,102,1610612757,POR,89,,,,False
2006-2007,2007,0020600031,20061104/BOSWAS,Final,2006-11-05,01:00,1610612764,WAS,124,1610612738,BOS,117,,,,False
2006-2007,2007,0020600032,20061104/CLECHA,Final,2006-11-05,01:00,1610612766,CHA,92,1610612739,CLE,88,,,,False
2006-2007,2007,0020600033,20061104/INDNYK,Final,2006-11-05,01:30,1610612752,NYK,95,1610612754,IND,109,,,,False
2006-2007,2007,0020600034,20061104/MEMDET,Final,2006-11-05,01:30,1610612765,DET,95,1610612763,MEM,86,,,,False
2006-2007,2007,0020600035,20061104/SACMIL,Final,2006-11-05,02:30,1610612749,MIL,104,1610612758,SAC,91,,,,False
2006-2007,2007,0020600036,20061104/DALHOU,Final,2006-11-05,02:30,1610612745,HOU,107,1610612742,DAL,76,,,,False
2006-2007,2007,0020600037,20061104/GSWUTA,Final,2006-11-05,03:00,1610612762,UTA,106,1610612744,GSW,82,,,,False
2006-2007,2007,0020600038,20061104/MINPOR,Final,2006-11-05,04:00,1610612757,POR,88,1610612750,MIN,86,,,,False
2006-2007,2007,0020600039,20061104/PHXLAC,Final,2006-11-05,04:30,1610612746,LAC,114,1610612756,PHX,108,,,,False
2006-2007,2007,0020600040,20061105/SASTOR,Final,2006-11-05,19:00,1610612761,TOR,94,1610612759,SAS,103,,,,False
2006-2007,2007,0020600041,20061105/MIAPHI,Final,2006-11-05,20:00,1610612755,PHI,107,1610612748,MIA,98,,,,False
2006-2007,2007,0020600042,20061105/ORLATL,Final,2006-11-05,20:00,1610612737,ATL,95,1610612753,ORL,82,,,,False
2006-2007,2007,0020600043,20061105/HOUNOK,Final,2006-11-06,01:00,1610612740,NOK,96,1610612745,HOU,90,,,,False
2006-2007,2007,0020600044,20061105/LALSEA,Final,2006-11-06,03:00,1610612760,SEA,117,1610612747,LAL,101,,,,False
2006-2007,2007,0020600045,20061106/WASORL,Final,2006-11-07,01:00,1610612753,ORL,106,1610612764,WAS,103,,,,False
2006-2007,2007,0020600046,20061106/SASNYK,Final,2006-11-07,01:30,1610612752,NYK,93,1610612759,SAS,105,,,,False
2006-2007,2007,0020600047,20061106/MILCHI,Final,2006-11-07,02:30,1610612741,CHI,110,1610612749,MIL,85,,,,False
2006-2007,2007,0020600048,20061106/GSWDAL,Final,2006-11-07,02:30,1610612742,DAL,104,1610612744,GSW,107,,,,False
2006-2007,2007,0020600049,20061106/DETUTA,Final,2006-11-07,03:00,1610612762,UTA,103,1610612765,DET,101,,,,False
2006-2007,2007,0020600050,20061106/MINSAC,Final,2006-11-07,04:00,1610612758,SAC,93,1610612750,MIN,81,,,,False
2006-2007,2007,0020600051,20061106/PORLAC,Final,2006-11-07,04:30,1610612746,LAC,102,1610612757,POR,89,,,,False
2006-2007,2007,0020600052,20061107/ATLCLE,Final/OT,2006-11-08,01:00,1610612739,CLE,95,1610612737,ATL,104,,,,False
2006-2007,2007,0020600053,20061107/PHIIND,Final,2006-11-08,01:00,1610612754,IND,97,1610612755,PHI,86,,,,False
2006-2007,2007,0020600054,20061107/SEAMIA,Final,2006-11-08,01:30,1610612748,MIA,90,1610612760,SEA,87,,,,False
2006-2007,2007,0020600055,20061107/HOUMEM,Final,2006-11-08,02:00,1610612763,MEM,80,1610612745,HOU,86,,,,False
2006-2007,2007,0020600056,20061107/GSWNOK,Final,2006-11-08,02:00,1610612740,NOK,97,1610612744,GSW,93,,,,False
2006-2007,2007,0020600057,20061107/MINLAL,Final,2006-11-08,04:30,1610612747,LAL,95,1610612750,MIN,88,,,,False
2006-2007,2007,0020600058,20061108/PHITOR,Final,2006-11-09,01:00,1610612761,TOR,106,1610612755,PHI,104,,,,False
2006-2007,2007,0020600059,20061108/INDWAS,Final,2006-11-09,01:00,1610612764,WAS,117,1610612754,IND,91,,,,False
2006-2007,2007,0020600060,20061108/SEAORL,Final,2006-11-09,01:00,1610612753,ORL,88,1610612760,SEA,87,,,,False
2006-2007,2007,0020600061,20061108/CHABOS,Final/OT,2006-11-09,01:30,1610612738,BOS,110,1610612766,CHA,108,,,,False
2006-2007,2007,0020600062,20061108/UTANJN,Final,2006-11-09,01:30,1610612751,NJN,96,1610612762,UTA,89,,,,False
2006-2007,2007,0020600063,20061108/HOUMIL,Final,2006-11-09,02:00,1610612749,MIL,93,1610612745,HOU,97,,,,False
2006-2007,2007,0020600064,20061108/PHXSAS,Final/OT,2006-11-09,02:00,1610612759,SAS,111,1610612756,PHX,106,,,,False
2006-2007,2007,0020600065,20061108/NYKDEN,Final,2006-11-09,03:00,1610612743,DEN,107,1610612752,NYK,109,,,,False
2006-2007,2007,0020600066,20061108/LALPOR,Final,2006-11-09,04:00,1610612757,POR,101,1610612747,LAL,90,,,,False
2006-2007,2007,0020600067,20061108/DALLAC,Final,2006-11-09,04:30,1610612746,LAC,103,1610612742,DAL,85,,,,False
2006-2007,2007,0020600068,20061108/DETSAC,Final,2006-11-09,04:30,1610612758,SAC,99,1610612765,DET,86,,,,False
2006-2007,2007,0020600069,20061109/CHICLE,Final,2006-11-10,02:00,1610612739,CLE,113,1610612741,CHI,94,,,,False
2006-2007,2007,0020600070,20061109/DALPHX,Final,2006-11-10,04:30,1610612756,PHX,112,1610612742,DAL,119,,,,False
2006-2007,2007,0020600071,20061109/NOKGSW,Final,2006-11-10,04:30,1610612744,GSW,121,1610612740,NOK,116,,,,False
2006-2007,2007,0020600080,20061110/NOKPOR,Final,2006-11-11,04:00,1610612757,POR,92,1610612740,NOK,91,,,,False
2006-2007,2007,0020600072,20061110/ATLTOR,Final,2006-11-11,01:00,1610612761,TOR,102,1610612737,ATL,111,,,,False
2006-2007,2007,0020600073,20061110/DENPHI,Final,2006-11-11,01:00,1610612755,PHI,101,1610612743,DEN,108,,,,False
2006-2007,2007,0020600074,20061110/MILWAS,Final,2006-11-11,01:00,1610612764,WAS,116,1610612749,MIL,111,,,,False
2006-2007,2007,0020600075,20061110/SEACHA,Final,2006-11-11,01:00,1610612766,CHA,85,1610612760,SEA,99,,,,False
2006-2007,2007,0020600076,20061110/ORLIND,Final,2006-11-11,01:00,1610612754,IND,93,1610612753,ORL,83,,,,False
2006-2007,2007,0020600077,20061110/UTABOS,Final,2006-11-11,01:30,1610612738,BOS,100,1610612762,UTA,107,,,,False
2006-2007,2007,0020600078,20061110/MIANJN,Final,2006-11-11,02:00,1610612751,NJN,106,1610612748,MIA,113,,,,False
2006-2007,2007,0020600079,20061110/NYKHOU,Final,2006-11-11,02:30,1610612745,HOU,103,1610612752,NYK,94,,,,False
2006-2007,2007,0020600081,20061110/DETLAL,Final,2006-11-11,04:30,1610612747,LAL,83,1610612765,DET,97,,,,False
2006-2007,2007,0020600082,20061111/SEAATL,Final/OT,2006-11-12,01:00,1610612737,ATL,112,1610612760,SEA,113,,,,False
2006-2007,2007,0020600083,20061111/BOSCLE,Final,2006-11-12,01:30,1610612739,CLE,94,1610612738,BOS,93,,,,False
2006-2007,2007,0020600084,20061111/NYKSAS,Final,2006-11-12,02:00,1610612759,SAS,100,1610612752,NYK,92,,,,False
2006-2007,2007,0020600085,20061111/ORLMIN,Final,2006-11-12,02:00,1610612750,MIN,98,1610612753,ORL,109,,,,False
2006-2007,2007,0020600086,20061111/INDCHI,Final,2006-11-12,02:30,1610612741,CHI,89,1610612754,IND,80,,,,False
2006-2007,2007,0020600087,20061111/UTAMIL,Final,2006-11-12,02:30,1610612749,MIL,111,1610612762,UTA,113,,,,False
2006-2007,2007,0020600088,20061111/MEMPHX,Final,2006-11-12,03:00,1610612756,PHX,96,1610612763,MEM,87,,,,False
2006-2007,2007,0020600089,20061111/DETGSW,Final,2006-11-12,04:30,1610612744,GSW,111,1610612765,DET,79,,,,False
2006-2007,2007,0020600090,20061112/NOKLAC,Final,2006-11-12,21:30,1610612746,LAC,92,1610612740,NOK,76,,,,False
2006-2007,2007,0020600091,20061112/NJNWAS,Final/OT,2006-11-13,00:00,1610612764,WAS,93,1610612751,NJN,105,,,,False
2006-2007,2007,0020600092,20061112/DENCHA,Final,2006-11-13,00:00,1610612766,CHA,101,1610612743,DEN,108,,,,False
2006-2007,2007,0020600093,20061112/HOUMIA,Final,2006-11-13,02:00,1610612748,MIA,72,1610612745,HOU,94,,,,False
2006-2007,2007,0020600094,20061112/TORSAC,Final,2006-11-13,03:00,1610612758,SAC,107,1610612761,TOR,92,,,,False
2006-2007,2007,0020600095,20061112/DALPOR,Final,2006-11-13,03:00,1610612757,POR,96,1610612742,DAL,103,,,,False
2006-2007,2007,0020600096,20061112/MEMLAL,Final,2006-11-13,03:30,1610612747,LAL,91,1610612763,MEM,81,,,,False
2006-2007,2007,0020600097,20061113/ORLBOS,Final,2006-11-14,01:30,1610612738,BOS,89,1610612753,ORL,92,,,,False
2006-2007,2007,0020600098,20061113/SEANJN,Final,2006-11-14,01:30,1610612751,NJN,113,1610612760,SEA,119,,,,False
2006-2007,2007,0020600099,20061113/CLENYK,Final,2006-11-14,01:30,1610612752,NYK,96,1610612739,CLE,102,,,,False
2006-2007,2007,0020600100,20061114/MILATL,Final,2006-11-15,01:00,1610612737,ATL,101,1610612749,MIL,103,,,,False
2006-2007,2007,0020600101,20061114/DENMIA,Final,2006-11-15,01:30,1610612748,MIA,105,1610612743,DEN,112,,,,False
2006-2007,2007,0020600102,20061114/CHANOK,Final,2006-11-15,02:00,1610612740,NOK,94,1610612766,CHA,85,,,,False
2006-2007,2007,0020600103,20061114/PORMIN,Final,2006-11-15,02:00,1610612750,MIN,101,1610612757,POR,89,,,,False
2006-2007,2007,0020600104,20061114/SASHOU,Final,2006-11-15,02:30,1610612745,HOU,84,1610612759,SAS,92,,,,False
2006-2007,2007,0020600105,20061114/CHIDAL,Final,2006-11-15,02:30,1610612742,DAL,111,1610612741,CHI,99,,,,False
2006-2007,2007,0020600106,20061114/LACUTA,Final,2006-11-15,03:00,1610612762,UTA,112,1610612746,LAC,90,,,,False
2006-2007,2007,0020600107,20061114/TORGSW,Final,2006-11-15,04:30,1610612744,GSW,110,1610612761,TOR,99,,,,False
2006-2007,2007,0020600108,20061115/DENORL,Final,2006-11-16,01:00,1610612753,ORL,108,1610612743,DEN,99,,,,False
2006-2007,2007,0020600109,20061115/PORCLE,Final,2006-11-16,01:00,1610612739,CLE,100,1610612757,POR,87,,,,False
2006-2007,2007,0020600110,20061115/INDBOS,Final,2006-11-16,01:30,1610612738,BOS,114,1610612754,IND,88,,,,False
2006-2007,2007,0020600111,20061115/MILNJN,Final,2006-11-16,01:30,1610612751,NJN,100,1610612749,MIL,87,,,,False
2006-2007,2007,0020600112,20061115/WASNYK,Final,2006-11-16,01:30,1610612752,NYK,102,1610612764,WAS,82,,,,False
2006-2007,2007,0020600113,20061115/NOKDET,Final,2006-11-16,01:30,1610612765,DET,99,1610612740,NOK,100,,,,False
2006-2007,2007,0020600114,20061115/CHASAS,Final/OT,2006-11-16,02:00,1610612759,SAS,92,1610612766,CHA,95,,,,False
2006-2007,2007,0020600115,20061115/MEMSAC,Final,2006-11-16,03:00,1610612758,SAC,115,1610612763,MEM,111,,,,False
2006-2007,2007,0020600116,20061115/PHISEA,Final,2006-11-16,04:00,1610612760,SEA,90,1610612755,PHI,96,,,,False
2006-2007,2007,0020600118,20061116/SACGSW,Final,2006-11-17,04:30,1610612744,GSW,117,1610612758,SAC,105,,,,False
2006-2007,2007,0020600117,20061116/CHIHOU,Final,2006-11-17,02:00,1610612745,HOU,101,1610612741,CHI,100,,,,False
2006-2007,2007,0020600119,20061117/NJNIND,Final,2006-11-18,01:00,1610612754,IND,91,1610612751,NJN,100,,,,False
2006-2007,2007,0020600120,20061117/PORBOS,Final,2006-11-18,01:30,1610612738,BOS,118,1610612757,POR,90,,,,False
2006-2007,2007,0020600121,20061117/NYKMIA,Final,2006-11-18,01:30,1610612748,MIA,76,1610612752,NYK,100,,,,False
2006-2007,2007,0020600122,20061117/MINCLE,Final,2006-11-18,01:30,1610612739,CLE,92,1610612750,MIN,76,,,,False
2006-2007,2007,0020600123,20061117/WASDET,Final,2006-11-18,02:00,1610612765,DET,100,1610612764,WAS,91,,,,False
2006-2007,2007,0020600124,20061117/DALMEM,Final,2006-11-18,02:00,1610612763,MEM,103,1610612742,DAL,115,,,,False
2006-2007,2007,0020600125,20061117/CHISAS,Final,2006-11-18,02:00,1610612759,SAS,100,1610612741,CHI,83,,,,False
2006-2007,2007,0020600126,20061117/PHIPHX,Final,2006-11-18,04:30,1610612756,PHX,106,1610612755,PHI,94,,,,False
2006-2007,2007,0020600127,20061117/TORLAL,Final,2006-11-18,04:30,1610612747,LAL,107,1610612761,TOR,100,,,,False
2006-2007,2007,0020600128,20061117/UTASEA,Final,2006-11-18,04:30,1610612760,SEA,109,1610612762,UTA,118,,,,False
2006-2007,2007,0020600129,20061118/CLEWAS,Final,2006-11-19,01:00,1610612764,WAS,111,1610612739,CLE,99,,,,False
2006-2007,2007,0020600130,20061118/MIAATL,Final/OT,2006-11-19,01:00,1610612737,ATL,88,1610612748,MIA,93,,,,False
2006-2007,2007,0020600131,20061118/CHAORL,Final,2006-11-19,01:00,1610612753,ORL,97,1610612766,CHA,83,,,,False
2006-2007,2007,0020600132,20061118/PORNJN,Final,2006-11-19,01:30,1610612751,NJN,68,1610612757,POR,86,,,,False
2006-2007,2007,0020600133,20061118/BOSNYK,Final,2006-11-19,01:30,1610612752,NYK,118,1610612738,BOS,122,,,,False
2006-2007,2007,0020600134,20061118/HOUDET,Final,2006-11-19,01:30,1610612765,DET,104,1610612745,HOU,92,,,,False
2006-2007,2007,0020600135,20061118/NOKMIN,Final,2006-11-19,02:00,1610612750,MIN,96,1610612740,NOK,99,,,,False
2006-2007,2007,0020600136,20061118/INDMIL,Final,2006-11-19,02:30,1610612749,MIL,100,1610612754,IND,102,,,,False
2006-2007,2007,0020600137,20061118/MEMDAL,Final,2006-11-19,02:30,1610612742,DAL,89,1610612763,MEM,84,,,,False
2006-2007,2007,0020600138,20061118/TORDEN,Final,2006-11-19,03:00,1610612743,DEN,117,1610612761,TOR,109,,,,False
2006-2007,2007,0020600139,20061118/PHXUTA,Final/OT,2006-11-19,03:00,1610612762,UTA,120,1610612756,PHX,117,,,,False
2006-2007,2007,0020600140,20061118/PHILAC,Final/OT,2006-11-19,04:30,1610612746,LAC,103,1610612755,PHI,97,,,,False
2006-2007,2007,0020600141,20061118/SEAGSW,Final,2006-11-19,04:30,1610612744,GSW,107,1610612760,SEA,95,,,,False
2006-2007,2007,0020600142,20061119/CHILAL,Final,2006-11-20,02:00,1610612747,LAL,82,1610612741,CHI,72,,,,False
2006-2007,2007,0020600143,20061119/SASSAC,Final,2006-11-20,03:00,1610612758,SAC,99,1610612759,SAS,108,,,,False
2006-2007,2007,0020600144,20061120/DALCHA,Final,2006-11-21,01:00,1610612766,CHA,85,1610612742,DAL,93,,,,False
2006-2007,2007,0020600145,20061120/HOUNYK,Final,2006-11-21,01:30,1610612752,NYK,90,1610612745,HOU,97,,,,False
2006-2007,2007,0020600146,20061120/ORLMEM,Final,2006-11-21,02:00,1610612763,MEM,95,1610612753,ORL,86,,,,False
2006-2007,2007,0020600147,20061120/TORUTA,Final,2006-11-21,03:00,1610612762,UTA,101,1610612761,TOR,96,,,,False
2006-2007,2007,0020600148,20061120/SASPOR,Final,2006-11-21,04:00,1610612757,POR,98,1610612759,SAS,107,,,,False
2006-2007,2007,0020600149,20061120/NJNSEA,Final,2006-11-21,04:00,1610612760,SEA,99,1610612751,NJN,87,,,,False
2006-2007,2007,0020600150,20061120/PHXGSW,Final,2006-11-21,04:30,1610612744,GSW,110,1610612756,PHX,113,,,,False
2006-2007,2007,0020600154,20061121/MIANOK,Final,2006-11-22,02:00,1610612740,NOK,101,1610612748,MIA,86,,,,False
2006-2007,2007,0020600151,20061121/DETPHI,Final,2006-11-22,01:00,1610612755,PHI,87,1610612765,DET,97,,,,False
2006-2007,2007,0020600152,20061121/MEMCLE,Final,2006-11-22,01:00,1610612739,CLE,97,1610612763,MEM,94,,,,False
2006-2007,2007,0020600153,20061121/MILIND,Final,2006-11-22,01:00,1610612754,IND,93,1610612749,MIL,88,,,,False
2006-2007,2007,0020600155,20061121/WASDAL,Final,2006-11-22,02:30,1610612742,DAL,107,1610612764,WAS,80,,,,False
2006-2007,2007,0020600156,20061121/CHIDEN,Final,2006-11-22,03:00,1610612743,DEN,113,1610612741,CHI,109,,,,False
2006-2007,2007,0020600157,20061121/LACLAL,Final,2006-11-22,04:30,1610612747,LAL,105,1610612746,LAC,101,,,,False
2006-2007,2007,0020600158,20061122/CLETOR,Final,2006-11-23,01:00,1610612761,TOR,95,1610612739,CLE,87,,,,False
2006-2007,2007,0020600159,20061122/BOSCHA,Final,2006-11-23,01:00,1610612766,CHA,92,1610612738,BOS,83,,,,False
2006-2007,2007,0020600160,20061122/INDORL,Final,2006-11-23,01:00,1610612753,ORL,96,1610612754,IND,91,,,,False
2006-2007,2007,0020600161,20061122/ATLDET,Final,2006-11-23,01:30,1610612765,DET,103,1610612737,ATL,98,,,,False
2006-2007,2007,0020600162,20061122/MIASAS,Final,2006-11-23,01:30,1610612759,SAS,106,1610612748,MIA,86,,,,False
2006-2007,2007,0020600163,20061122/PHIMIL,Final,2006-11-23,02:00,1610612749,MIL,98,1610612755,PHI,94,,,,False
2006-2007,2007,0020600164,20061122/NYKMIN,Final,2006-11-23,02:00,1610612750,MIN,107,1610612752,NYK,89,,,,False
2006-2007,2007,0020600165,20061122/WASHOU,Final,2006-11-23,02:30,1610612745,HOU,86,1610612764,WAS,82,,,,False
2006-2007,2007,0020600166,20061122/NOKPHX,Final,2006-11-23,03:00,1610612756,PHX,92,1610612740,NOK,83,,,,False
2006-2007,2007,0020600167,20061122/UTASAC,Final,2006-11-23,04:00,1610612758,SAC,101,1610612762,UTA,110,,,,False
2006-2007,2007,0020600168,20061122/NJNPOR,Final,2006-11-23,04:00,1610612757,POR,100,1610612751,NJN,97,,,,False
2006-2007,2007,0020600169,20061122/SEALAC,Final,2006-11-23,04:30,1610612746,LAC,85,1610612760,SEA,95,,,,False
2006-2007,2007,0020600170,20061122/DENGSW,Final,2006-11-23,04:30,1610612744,GSW,112,1610612743,DEN,115,,,,False
2006-2007,2007,0020600171,20061124/NYKBOS,Final,2006-11-25,01:30,1610612738,BOS,77,1610612752,NYK,101,,,,False
2006-2007,2007,0020600172,20061124/CHIPHI,Final,2006-11-25,01:30,1610612755,PHI,123,1610612741,CHI,108,,,,False
2006-2007,2007,0020600173,20061124/TORATL,Final,2006-11-25,01:30,1610612737,ATL,97,1610612761,TOR,93,,,,False
2006-2007,2007,0020600174,20061124/ORLMIA,Final,2006-11-25,01:30,1610612748,MIA,104,1610612753,ORL,107,,,,False
2006-2007,2007,0020600175,20061124/CHADET,Final,2006-11-25,02:00,1610612765,DET,104,1610612766,CHA,95,,,,False
2006-2007,2007,0020600176,20061124/CLEIND,Final,2006-11-25,02:00,1610612754,IND,97,1610612739,CLE,87,,,,False
2006-2007,2007,0020600177,20061124/WASMEM,Final,2006-11-25,02:00,1610612763,MEM,95,1610612764,WAS,80,,,,False
2006-2007,2007,0020600178,20061124/MINNOK,Final,2006-11-25,02:00,1610612740,NOK,79,1610612750,MIN,86,,,,False
2006-2007,2007,0020600179,20061124/DALSAS,Final,2006-11-25,02:00,1610612759,SAS,92,1610612742,DAL,95,,,,False
2006-2007,2007,0020600180,20061124/GSWDEN,Final,2006-11-25,03:00,1610612743,DEN,140,1610612744,GSW,129,,,,False
2006-2007,2007,0020600181,20061124/LALUTA,Final,2006-11-25,03:00,1610612762,UTA,114,1610612747,LAL,108,,,,False
2006-2007,2007,0020600182,20061124/NJNPHX,Final,2006-11-25,04:30,1610612756,PHX,99,1610612751,NJN,93,,,,False
2006-2007,2007,0020600183,20061124/SACSEA,Final,2006-11-25,04:30,1610612760,SEA,100,1610612758,SAC,109,,,,False
2006-2007,2007,0020600192,20061125/BOSMIL,Final,2006-11-26,03:00,1610612749,MIL,98,1610612738,BOS,111,,,,False
2006-2007,2007,0020600184,20061125/DETWAS,Final,2006-11-26,01:00,1610612764,WAS,111,1610612765,DET,115,,,,False
2006-2007,2007,0020600185,20061125/MIACHA,Final,2006-11-26,01:00,1610612766,CHA,93,1610612748,MIA,102,,,,False
2006-2007,2007,0020600186,20061125/ATLORL,Final,2006-11-26,01:00,1610612753,ORL,98,1610612737,ATL,79,,,,False
2006-2007,2007,0020600187,20061125/CHINYK,Final,2006-11-26,01:30,1610612752,NYK,95,1610612741,CHI,106,,,,False
2006-2007,2007,0020600188,20061125/PHICLE,Final,2006-11-26,01:30,1610612739,CLE,108,1610612755,PHI,95,,,,False
2006-2007,2007,0020600189,20061125/LACMIN,Final,2006-11-26,02:00,1610612750,MIN,104,1610612746,LAC,96,,,,False
2006-2007,2007,0020600190,20061125/MEMHOU,Final,2006-11-26,02:30,1610612745,HOU,85,1610612763,MEM,76,,,,False
2006-2007,2007,0020600191,20061125/NOKDAL,Final,2006-11-26,02:30,1610612742,DAL,85,1610612740,NOK,73,,,,False
2006-2007,2007,0020600193,20061125/PORSAC,Final,2006-11-26,04:00,1610612758,SAC,105,1610612757,POR,85,,,,False
2006-2007,2007,0020600194,20061125/UTAGSW,Final,2006-11-26,04:30,1610612744,GSW,91,1610612762,UTA,78,,,,False
2006-2007,2007,0020600195,20061126/INDTOR,Final,2006-11-26,19:00,1610612761,TOR,92,1610612754,IND,83,,,,False
2006-2007,2007,0020600196,20061126/LACDEN,Final,2006-11-27,02:00,1610612743,DEN,103,1610612746,LAC,88,,,,False
2006-2007,2007,0020600197,20061126/PHXPOR,Final,2006-11-27,03:00,1610612757,POR,101,1610612756,PHX,119,,,,False
2006-2007,2007,0020600198,20061126/SASSEA,Final,2006-11-27,03:00,1610612760,SEA,78,1610612759,SAS,98,,,,False
2006-2007,2007,0020600199,20061126/NJNLAL,Final,2006-11-27,03:30,1610612747,LAL,99,1610612751,NJN,93,,,,False
2006-2007,2007,0020600202,20061127/ORLUTA,Final,2006-11-28,03:00,1610612762,UTA,75,1610612753,ORL,88,,,,False
2006-2007,2007,0020600200,20061127/PHIMIA,Final,2006-11-28,01:30,1610612748,MIA,103,1610612755,PHI,91,,,,False
2006-2007,2007,0020600201,20061127/MINDAL,Final,2006-11-28,02:30,1610612742,DAL,93,1610612750,MIN,87,,,,False
2006-2007,2007,0020600203,20061127/SASGSW,Final,2006-11-28,04:30,1610612744,GSW,111,1610612759,SAS,102,,,,False
2006-2007,2007,0020600204,20061128/ATLWAS,Final,2006-11-29,01:00,1610612764,WAS,96,1610612737,ATL,95,,,,False
2006-2007,2007,0020600205,20061128/CHANJN,Final,2006-11-29,01:30,1610612751,NJN,92,1610612766,CHA,96,,,,False
2006-2007,2007,0020600206,20061128/TORNOK,Final,2006-11-29,02:00,1610612740,NOK,77,1610612761,TOR,94,,,,False
2006-2007,2007,0020600207,20061128/NYKCHI,Final,2006-11-29,02:30,1610612741,CHI,102,1610612752,NYK,85,,,,False
2006-2007,2007,0020600208,20061128/MINHOU,Final,2006-11-29,02:30,1610612745,HOU,82,1610612750,MIN,75,,,,False
2006-2007,2007,0020600209,20061128/MEMDEN,Final,2006-11-29,03:00,1610612743,DEN,96,1610612763,MEM,108,,,,False
2006-2007,2007,0020600210,20061128/LACSAC,Final,2006-11-29,04:00,1610612758,SAC,93,1610612746,LAC,80,,,,False
2006-2007,2007,0020600211,20061128/INDPOR,Final,2006-11-29,04:00,1610612757,POR,97,1610612754,IND,105,,,,False
2006-2007,2007,0020600212,20061128/MILLAL,Final,2006-11-29,04:30,1610612747,LAL,105,1610612749,MIL,109,,,,False
2006-2007,2007,0020600213,20061129/CHAATL,Final,2006-11-30,01:00,1610612737,ATL,99,1610612766,CHA,90,,,,False
2006-2007,2007,0020600214,20061129/NYKCLE,Final,2006-11-30,01:00,1610612739,CLE,98,1610612752,NYK,101,,,,False
2006-2007,2007,0020600215,20061129/NJNBOS,Final,2006-11-30,01:30,1610612738,BOS,103,1610612751,NJN,106,,,,False
2006-2007,2007,0020600216,20061129/TORDAL,Final,2006-11-30,02:30,1610612742,DAL,117,1610612761,TOR,98,,,,False
2006-2007,2007,0020600217,20061129/SASUTA,Final,2006-11-30,03:00,1610612762,UTA,83,1610612759,SAS,75,,,,False
2006-2007,2007,0020600218,20061129/HOUPHX,Final,2006-11-30,03:00,1610612756,PHX,102,1610612745,HOU,91,,,,False
2006-2007,2007,0020600219,20061129/ORLSEA,Final,2006-11-30,04:00,1610612760,SEA,84,1610612753,ORL,94,,,,False
2006-2007,2007,0020600220,20061129/MEMLAC,Final,2006-11-30,04:30,1610612746,LAC,105,1610612763,MEM,90,,,,False
2006-2007,2007,0020600221,20061129/INDGSW,Final,2006-11-30,04:30,1610612744,GSW,106,1610612754,IND,108,,,,False
2006-2007,2007,0020600222,20061130/DETMIA,Final,2006-12-01,02:00,1610612748,MIA,85,1610612765,DET,87,,,,False
2006-2007,2007,0020600223,20061130/UTALAL,Final,2006-12-01,04:30,1610612747,LAL,132,1610612762,UTA,102,,,,False
2006-2007,2007,0020600224,20061201/BOSTOR,Final,2006-12-02,01:00,1610612761,TOR,106,1610612738,BOS,102,,,,False
2006-2007,2007,0020600225,20061201/CHAWAS,Final,2006-12-02,01:00,1610612764,WAS,121,1610612766,CHA,109,,,,False
2006-2007,2007,0020600226,20061201/CLEATL,Final,2006-12-02,01:30,1610612737,ATL,95,1610612739,CLE,106,,,,False
2006-2007,2007,0020600227,20061201/NYKDET,Final,2006-12-02,02:00,1610612765,DET,108,1610612752,NYK,100,,,,False
2006-2007,2007,0020600228,20061201/CHINOK,Final,2006-12-02,02:00,1610612740,NOK,108,1610612741,CHI,111,,,,False
2006-2007,2007,0020600229,20061201/DENMIN,Final,2006-12-02,02:00,1610612750,MIN,92,1610612743,DEN,106,,,,False
2006-2007,2007,0020600230,20061201/SACDAL,Final,2006-12-02,02:30,1610612742,DAL,109,1610612758,SAC,90,,,,False
2006-2007,2007,0020600231,20061201/MILPHX,Final,2006-12-02,03:00,1610612756,PHX,122,1610612749,MIL,116,,,,False
2006-2007,2007,0020600232,20061201/ORLPOR,Final,2006-12-02,04:00,1610612757,POR,89,1610612753,ORL,91,,,,False
2006-2007,2007,0020600233,20061201/INDSEA,Final,2006-12-02,04:30,1610612760,SEA,105,1610612754,IND,103,,,,False
2006-2007,2007,0020600234,20061202/PHINJN,Final,2006-12-03,01:30,1610612751,NJN,112,1610612755,PHI,107,,,,False
2006-2007,2007,0020600235,20061202/TORNYK,Final,2006-12-03,02:00,1610612752,NYK,100,1610612761,TOR,103,,,,False
2006-2007,2007,0020600236,20061202/MIAMEM,Final,2006-12-03,02:00,1610612763,MEM,97,1610612748,MIA,98,,,,False
2006-2007,2007,0020600237,20061202/SACSAS,Final,2006-12-03,02:00,1610612759,SAS,100,1610612758,SAC,98,,,,False
2006-2007,2007,0020600238,20061202/WASCHI,Final,2006-12-03,02:30,1610612741,CHI,112,1610612764,WAS,94,,,,False
2006-2007,2007,0020600239,20061202/CLEHOU,Final,2006-12-03,02:30,1610612745,HOU,81,1610612739,CLE,63,,,,False
2006-2007,2007,0020600240,20061202/INDDEN,Final,2006-12-03,03:00,1610612743,DEN,121,1610612754,IND,101,,,,False
2006-2007,2007,0020600241,20061202/SEAUTA,Final,2006-12-03,03:00,1610612762,UTA,109,1610612760,SEA,107,,,,False
2006-2007,2007,0020600242,20061202/LALLAC,Final,2006-12-03,04:30,1610612746,LAC,88,1610612747,LAL,97,,,,False
2006-2007,2007,0020600243,20061202/MILGSW,Final,2006-12-03,04:30,1610612744,GSW,110,1610612749,MIL,115,,,,False
2006-2007,2007,0020600244,20061203/MINPHI,Final,2006-12-04,00:00,1610612755,PHI,84,1610612750,MIN,95,,,,False
2006-2007,2007,0020600245,20061203/DETCHA,Final,2006-12-04,00:00,1610612766,CHA,97,1610612765,DET,89,,,,False
2006-2007,2007,0020600246,20061203/ATLPOR,Final,2006-12-04,03:00,1610612757,POR,96,1610612737,ATL,107,,,,False
2006-2007,2007,0020600247,20061203/ORLLAC,Final,2006-12-04,03:30,1610612746,LAC,116,1610612753,ORL,91,,,,False
2006-2007,2007,0020600248,20061204/DALWAS,Final,2006-12-05,01:00,1610612764,WAS,106,1610612742,DAL,97,,,,False
2006-2007,2007,0020600249,20061204/MEMNYK,Final,2006-12-05,01:30,1610612752,NYK,98,1610612763,MEM,90,,,,False
2006-2007,2007,0020600250,20061204/GSWSAS,Final,2006-12-05,02:00,1610612759,SAS,129,1610612744,GSW,89,,,,False
2006-2007,2007,0020600251,20061204/BOSCHI,Final,2006-12-05,02:30,1610612741,CHI,100,1610612738,BOS,82,,,,False
2006-2007,2007,0020600252,20061204/MILUTA,Final,2006-12-05,03:00,1610612762,UTA,101,1610612749,MIL,88,,,,False
2006-2007,2007,0020600253,20061204/ORLSAC,Final,2006-12-05,04:00,1610612758,SAC,89,1610612753,ORL,92,,,,False
2006-2007,2007,0020600254,20061204/INDLAL,Final,2006-12-05,04:30,1610612747,LAL,101,1610612754,IND,87,,,,False
2006-2007,2007,0020600255,20061205/DALNJN,Final,2006-12-06,01:30,1610612751,NJN,75,1610612742,DAL,92,,,,False
2006-2007,2007,0020600256,20061205/PORDET,Final,2006-12-06,01:30,1610612765,DET,85,1610612757,POR,88,,,,False
2006-2007,2007,0020600257,20061205/GSWHOU,Final,2006-12-06,02:30,1610612745,HOU,118,1610612744,GSW,90,,,,False
2006-2007,2007,0020600258,20061205/SACPHX,Final,2006-12-06,03:00,1610612756,PHX,127,1610612758,SAC,102,,,,False
2006-2007,2007,0020600259,20061205/ATLSEA,Final,2006-12-06,04:00,1610612760,SEA,102,1610612737,ATL,87,,,,False
2006-2007,2007,0020600260,20061205/MIALAC,Final,2006-12-06,04:30,1610612746,LAC,101,1610612748,MIA,97,,,,False
2006-2007,2007,0020600261,20061206/SASCHA,Final,2006-12-07,01:00,1610612766,CHA,76,1610612759,SAS,96,,,,False
2006-2007,2007,0020600262,20061206/TORCLE,Final,2006-12-07,01:00,1610612739,CLE,95,1610612761,TOR,91,,,,False
2006-2007,2007,0020600263,20061206/ORLIND,Final,2006-12-07,01:00,1610612754,IND,94,1610612753,ORL,80,,,,False
2006-2007,2007,0020600264,20061206/MEMBOS,Final,2006-12-07,01:30,1610612738,BOS,96,1610612763,MEM,98,,,,False
2006-2007,2007,0020600265,20061206/WASNYK,Final,2006-12-07,01:30,1610612752,NYK,102,1610612764,WAS,113,,,,False
2006-2007,2007,0020600266,20061206/PORMIL,Final/OT,2006-12-07,02:00,1610612749,MIL,102,1610612757,POR,94,,,,False
2006-2007,2007,0020600267,20061206/HOUMIN,Final,2006-12-07,02:00,1610612750,MIN,90,1610612745,HOU,84,,,,False
2006-2007,2007,0020600268,20061206/PHICHI,Final,2006-12-07,03:00,1610612741,CHI,121,1610612755,PHI,94,,,,False
2006-2007,2007,0020600269,20061206/ATLDEN,Final,2006-12-07,03:00,1610612743,DEN,96,1610612737,ATL,98,,,,False
2006-2007,2007,0020600270,20061206/NOKLAL,Final,2006-12-07,04:30,1610612747,LAL,89,1610612740,NOK,105,,,,False
2006-2007,2007,0020600271,20061207/PHXNJN,Final/OT2,2006-12-08,01:30,1610612751,NJN,157,1610612756,PHX,161,,,,False
2006-2007,2007,0020600272,20061207/DETDAL,Final,2006-12-08,02:00,1610612742,DAL,82,1610612765,DET,92,,,,False
2006-2007,2007,0020600273,20061207/MIASAC,Final/OT,2006-12-08,04:30,1610612758,SAC,91,1610612748,MIA,93,,,,False
2006-2007,2007,0020600274,20061208/HOUCHA,Final,2006-12-09,01:00,1610612766,CHA,62,1610612745,HOU,92,,,,False
2006-2007,2007,0020600275,20061208/DETORL,Final,2006-12-09,01:00,1610612753,ORL,83,1610612765,DET,87,,,,False
2006-2007,2007,0020600276,20061208/PORIND,Final,2006-12-09,01:00,1610612754,IND,108,1610612757,POR,95,,,,False
2006-2007,2007,0020600277,20061208/PHXBOS,Final,2006-12-09,01:30,1610612738,BOS,111,1610612756,PHX,116,,,,False
2006-2007,2007,0020600278,20061208/WASPHI,Final,2006-12-09,02:00,1610612755,PHI,98,1610612764,WAS,113,,,,False
2006-2007,2007,0020600279,20061208/LACSAS,Final,2006-12-09,02:00,1610612759,SAS,111,1610612746,LAC,82,,,,False
2006-2007,2007,0020600280,20061208/UTAMIN,Final,2006-12-09,02:00,1610612750,MIN,110,1610612762,UTA,103,,,,False
2006-2007,2007,0020600281,20061208/TORCHI,Final,2006-12-09,02:30,1610612741,CHI,93,1610612761,TOR,90,,,,False
2006-2007,2007,0020600282,20061208/MEMMIL,Final,2006-12-09,02:30,1610612749,MIL,100,1610612763,MEM,94,,,,False
2006-2007,2007,0020600283,20061208/MIADEN,Final,2006-12-09,04:30,1610612743,DEN,123,1610612748,MIA,107,,,,False
2006-2007,2007,0020600284,20061208/ATLLAL,Final,2006-12-09,04:30,1610612747,LAL,106,1610612737,ATL,95,,,,False
2006-2007,2007,0020600285,20061208/NOKSEA,Final,2006-12-09,04:30,1610612760,SEA,94,1610612740,NOK,74,,,,False
2006-2007,2007,0020600286,20061209/HOUWAS,Final,2006-12-10,01:00,1610612764,WAS,109,1610612745,HOU,114,,,,False
2006-2007,2007,0020600287,20061209/PHIORL,Final,2006-12-10,01:00,1610612753,ORL,86,1610612755,PHI,84,,,,False
2006-2007,2007,0020600288,20061209/BOSNJN,Final,2006-12-10,01:30,1610612751,NJN,90,1610612738,BOS,92,,,,False
2006-2007,2007,0020600289,20061209/MILNYK,Final,2006-12-10,01:30,1610612752,NYK,115,1610612749,MIL,107,,,,False
2006-2007,2007,0020600290,20061209/INDCLE,Final,2006-12-10,01:30,1610612739,CLE,107,1610612754,IND,75,,,,False
2006-2007,2007,0020600291,20061209/LACMEM,Final,2006-12-10,02:00,1610612763,MEM,82,1610612746,LAC,89,,,,False
2006-2007,2007,0020600292,20061209/MINCHI,Final,2006-12-10,02:30,1610612741,CHI,81,1610612750,MIN,91,,,,False
2006-2007,2007,0020600293,20061209/DENDAL,Final,2006-12-10,02:30,1610612742,DAL,105,1610612743,DEN,90,,,,False
2006-2007,2007,0020600294,20061209/NOKGSW,Final,2006-12-10,04:30,1610612744,GSW,101,1610612740,NOK,80,,,,False
2006-2007,2007,0020600295,20061210/PORTOR,Final,2006-12-10,19:00,1610612761,TOR,83,1610612757,POR,93,,,,False
2006-2007,2007,0020600296,20061210/PHXCHA,Final,2006-12-11,00:00,1610612766,CHA,84,1610612756,PHX,114,,,,False
2006-2007,2007,0020600297,20061210/ATLSAC,Final,2006-12-11,03:00,1610612758,SAC,117,1610612737,ATL,92,,,,False
2006-2007,2007,0020600298,20061210/GSWSEA,Final,2006-12-11,03:00,1610612760,SEA,117,1610612744,GSW,115,,,,False
2006-2007,2007,0020600299,20061210/SASLAL,Final,2006-12-11,03:30,1610612747,LAL,106,1610612759,SAS,99,,,,False
2006-2007,2007,0020600300,20061211/PORPHI,Final,2006-12-12,01:00,1610612755,PHI,79,1610612757,POR,81,,,,False
2006-2007,2007,0020600307,20061211/DALUTA,Final,2006-12-12,03:00,1610612762,UTA,101,1610612742,DAL,79,,,,False
2006-2007,2007,0020600301,20061211/PHXORL,Final,2006-12-12,01:00,1610612753,ORL,89,1610612756,PHX,103,,,,False
2006-2007,2007,0020600302,20061211/MEMNJN,Final,2006-12-12,01:30,1610612751,NJN,105,1610612763,MEM,92,,,,False
2006-2007,2007,0020600303,20061211/BOSNYK,Final,2006-12-12,01:30,1610612752,NYK,90,1610612738,BOS,97,,,,False
2006-2007,2007,0020600304,20061211/TORMIA,Final,2006-12-12,01:30,1610612748,MIA,99,1610612761,TOR,77,,,,False
2006-2007,2007,0020600305,20061211/CLENOK,Final,2006-12-12,02:00,1610612740,NOK,95,1610612739,CLE,89,,,,False
2006-2007,2007,0020600306,20061211/INDCHI,Final,2006-12-12,02:30,1610612741,CHI,106,1610612754,IND,91,,,,False
2006-2007,2007,0020600308,20061211/SASLAC,Final,2006-12-12,04:30,1610612746,LAC,81,1610612759,SAS,103,,,,False
2006-2007,2007,0020600309,20061212/DENATL,Final,2006-12-13,01:00,1610612737,ATL,87,1610612743,DEN,100,,,,False
2006-2007,2007,0020600310,20061212/SEAMIL,Final,2006-12-13,02:00,1610612749,MIL,94,1610612760,SEA,93,,,,False
2006-2007,2007,0020600311,20061212/LALHOU,Final,2006-12-13,02:30,1610612745,HOU,94,1610612747,LAL,102,,,,False
2006-2007,2007,0020600312,20061212/SACGSW,Final,2006-12-13,04:30,1610612744,GSW,126,1610612758,SAC,113,,,,False
2006-2007,2007,0020600313,20061213/BOSPHI,Final,2006-12-14,01:00,1610612755,PHI,81,1610612738,BOS,101,,,,False
2006-2007,2007,0020600314,20061213/DENWAS,Final,2006-12-14,01:00,1610612764,WAS,120,1610612743,DEN,91,,,,False
2006-2007,2007,0020600315,20061213/TORORL,Final,2006-12-14,01:00,1610612753,ORL,84,1610612761,TOR,91,,,,False
2006-2007,2007,0020600316,20061213/PHXMIA,Final,2006-12-14,01:00,1610612748,MIA,89,1610612756,PHX,99,,,,False
2006-2007,2007,0020600317,20061213/CHACLE,Final,2006-12-14,01:00,1610612739,CLE,104,1610612766,CHA,101,,,,False
2006-2007,2007,0020600318,20061213/DETIND,Final,2006-12-14,01:00,1610612754,IND,101,1610612765,DET,90,,,,False
2006-2007,2007,0020600319,20061213/MILNJN,Final,2006-12-14,01:30,1610612751,NJN,108,1610612749,MIL,95,,,,False
2006-2007,2007,0020600320,20061213/ATLNYK,Final,2006-12-14,01:30,1610612752,NYK,94,1610612737,ATL,82,,,,False
2006-2007,2007,0020600321,20061213/PORMEM,Final,2006-12-14,02:00,1610612763,MEM,79,1610612757,POR,85,,,,False
2006-2007,2007,0020600322,20061213/MINSAS,Final,2006-12-14,02:00,1610612759,SAS,95,1610612750,MIN,82,,,,False
2006-2007,2007,0020600323,20061213/SEACHI,Final,2006-12-14,02:30,1610612741,CHI,99,1610612760,SEA,84,,,,False
2006-2007,2007,0020600324,20061213/LALDAL,Final,2006-12-14,03:30,1610612742,DAL,110,1610612747,LAL,101,,,,False
2006-2007,2007,0020600325,20061213/UTALAC,Final,2006-12-14,04:30,1610612746,LAC,86,1610612762,UTA,105,,,,False
2006-2007,2007,0020600326,20061214/ORLCHA,Final,2006-12-15,01:00,1610612766,CHA,99,1610612753,ORL,89,,,,False
2006-2007,2007,0020600327,20061214/SASNOK,Final,2006-12-15,03:30,1610612740,NOK,77,1610612759,SAS,103,,,,False
2006-2007,2007,0020600328,20061214/HOUGSW,Final,2006-12-15,04:30,1610612744,GSW,109,1610612745,HOU,107,,,,False
2006-2007,2007,0020600329,20061215/NJNTOR,Final,2006-12-16,01:00,1610612761,TOR,90,1610612751,NJN,78,,,,False
2006-2007,2007,0020600330,20061215/MIAWAS,Final,2006-12-16,01:00,1610612764,WAS,106,1610612748,MIA,95,,,,False
2006-2007,2007,0020600331,20061215/NYKIND,Final,2006-12-16,01:00,1610612754,IND,112,1610612752,NYK,96,,,,False
2006-2007,2007,0020600332,20061215/DENBOS,Final,2006-12-16,01:30,1610612738,BOS,119,1610612743,DEN,114,,,,False
2006-2007,2007,0020600333,20061215/SEACLE,Final,2006-12-16,01:30,1610612739,CLE,106,1610612760,SEA,84,,,,False
2006-2007,2007,0020600334,20061215/ATLMEM,Final,2006-12-16,02:00,1610612763,MEM,88,1610612737,ATL,97,,,,False
2006-2007,2007,0020600335,20061215/PHIDAL,Final,2006-12-16,02:00,1610612742,DAL,93,1610612755,PHI,79,,,,False
2006-2007,2007,0020600336,20061215/MILCHI,Final,2006-12-16,02:30,1610612741,CHI,117,1610612749,MIL,111,,,,False
2006-2007,2007,0020600337,20061215/SACUTA,Final,2006-12-16,03:00,1610612762,UTA,97,1610612758,SAC,98,,,,False
2006-2007,2007,0020600338,20061215/GSWPHX,Final,2006-12-16,03:00,1610612756,PHX,105,1610612744,GSW,101,,,,False
2006-2007,2007,0020600339,20061215/LACPOR,Final,2006-12-16,04:00,1610612757,POR,109,1610612746,LAC,99,,,,False
2006-2007,2007,0020600340,20061215/HOULAL,Final/OT2,2006-12-16,04:30,1610612747,LAL,112,1610612745,HOU,101,,,,False
2006-2007,2007,0020600347,20061216/DALNOK,Final,2006-12-17,02:00,1610612740,NOK,79,1610612742,DAL,90,,,,False
2006-2007,2007,0020600341,20061216/BOSCHA,Final,2006-12-17,01:00,1610612766,CHA,100,1610612738,BOS,106,,,,False
2006-2007,2007,0020600342,20061216/CHIATL,Final/OT,2006-12-17,01:00,1610612737,ATL,104,1610612741,CHI,106,,,,False
2006-2007,2007,0020600343,20061216/CLEORL,Final,2006-12-17,01:00,1610612753,ORL,81,1610612739,CLE,74,,,,False
2006-2007,2007,0020600344,20061216/DENNYK,Final,2006-12-17,01:30,1610612752,NYK,100,1610612743,DEN,123,,,,False
2006-2007,2007,0020600345,20061216/MEMMIA,Final,2006-12-17,01:30,1610612748,MIA,98,1610612763,MEM,90,,,,False
2006-2007,2007,0020600346,20061216/DETNJN,Final,2006-12-17,02:00,1610612751,NJN,82,1610612765,DET,90,,,,False
2006-2007,2007,0020600348,20061216/PHISAS,Final,2006-12-17,02:00,1610612759,SAS,103,1610612755,PHI,98,,,,False
2006-2007,2007,0020600349,20061216/MINMIL,Final,2006-12-17,02:30,1610612749,MIL,108,1610612750,MIN,104,,,,False
2006-2007,2007,0020600350,20061216/PHXSAC,Final,2006-12-17,04:00,1610612758,SAC,98,1610612756,PHX,105,,,,False
2006-2007,2007,0020600351,20061217/GSWTOR,Final,2006-12-17,19:00,1610612761,TOR,120,1610612744,GSW,115,,,,False
2006-2007,2007,0020600352,20061217/UTAIND,Final,2006-12-17,20:30,1610612754,IND,94,1610612762,UTA,104,,,,False
2006-2007,2007,0020600353,20061217/HOULAC,Final,2006-12-17,21:30,1610612746,LAC,103,1610612745,HOU,108,,,,False
2006-2007,2007,0020600354,20061217/SEADET,Final,2006-12-18,00:00,1610612765,DET,97,1610612760,SEA,93,,,,False
2006-2007,2007,0020600355,20061217/WASLAL,Final/OT,2006-12-18,03:30,1610612747,LAL,141,1610612764,WAS,147,,,,False
2006-2007,2007,0020600356,20061218/GSWNJN,Final,2006-12-19,01:30,1610612751,NJN,105,1610612744,GSW,97,,,,False
2006-2007,2007,0020600357,20061218/UTANYK,Final/OT,2006-12-19,01:30,1610612752,NYK,97,1610612762,UTA,96,,,,False
2006-2007,2007,0020600358,20061218/NOKMIA,Final,2006-12-19,01:30,1610612748,MIA,101,1610612740,NOK,99,,,,False
2006-2007,2007,0020600359,20061218/SEAMEM,Final/OT2,2006-12-19,02:00,1610612763,MEM,134,1610612760,SEA,126,,,,False
2006-2007,2007,0020600360,20061218/WASDEN,Final,2006-12-19,03:00,1610612743,DEN,117,1610612764,WAS,108,,,,False
2006-2007,2007,0020600361,20061218/DALSAC,Final,2006-12-19,04:00,1610612758,SAC,91,1610612742,DAL,109,,,,False
2006-2007,2007,0020600362,20061219/LALCHI,Final,2006-12-20,02:30,1610612741,CHI,94,1610612747,LAL,89,,,,False
2006-2007,2007,0020600363,20061219/TORPHX,Final,2006-12-20,03:00,1610612756,PHX,115,1610612761,TOR,98,,,,False
2006-2007,2007,0020600364,20061220/INDPHI,Final,2006-12-21,01:00,1610612755,PHI,93,1610612754,IND,101,,,,False
2006-2007,2007,0020600365,20061220/UTAATL,Final,2006-12-21,01:00,1610612737,ATL,106,1610612762,UTA,112,,,,False
2006-2007,2007,0020600366,20061220/NOKORL,Final,2006-12-21,01:00,1610612753,ORL,86,1610612740,NOK,83,,,,False
2006-2007,2007,0020600367,20061220/GSWBOS,Final,2006-12-21,01:30,1610612738,BOS,95,1610612744,GSW,96,,,,False
2006-2007,2007,0020600368,20061220/CHANYK,Final/OT2,2006-12-21,01:30,1610612752,NYK,111,1610612766,CHA,109,,,,False
2006-2007,2007,0020600369,20061220/CLENJN,Final,2006-12-21,02:00,1610612751,NJN,113,1610612739,CLE,111,,,,False
2006-2007,2007,0020600370,20061220/MIAMIL,Final,2006-12-21,02:00,1610612749,MIL,121,1610612748,MIA,95,,,,False
2006-2007,2007,0020600371,20061220/MEMSAS,Final,2006-12-21,02:00,1610612759,SAS,105,1610612763,MEM,98,,,,False
2006-2007,2007,0020600372,20061220/LALMIN,Final,2006-12-21,02:00,1610612750,MIN,94,1610612747,LAL,111,,,,False
2006-2007,2007,0020600374,20061220/HOUPOR,Final,2006-12-21,04:00,1610612757,POR,89,1610612745,HOU,87,,,,False
2006-2007,2007,0020600375,20061220/TORLAC,Final,2006-12-21,04:30,1610612746,LAC,96,1610612761,TOR,98,,,,False
2006-2007,2007,0020600376,20061220/DALSEA,Final,2006-12-21,04:30,1610612760,SEA,95,1610612742,DAL,103,,,,False
2006-2007,2007,0020600377,20061221/DETCLE,Final,2006-12-22,02:00,1610612739,CLE,71,1610612765,DET,87,,,,False
2006-2007,2007,0020600378,20061221/WASSAC,Final,2006-12-22,04:30,1610612758,SAC,119,1610612764,WAS,126,,,,False
2006-2007,2007,0020600384,20061222/PHIBOS,Final,2006-12-23,02:00,1610612738,BOS,83,1610612755,PHI,98,,,,False
2006-2007,2007,0020600385,20061222/MEMNOK,Final/OT,2006-12-23,02:00,1610612740,NOK,100,1610612763,MEM,97,,,,False
2006-2007,2007,0020600379,20061222/UTACHA,Final,2006-12-23,01:00,1610612766,CHA,101,1610612762,UTA,89,,,,False
2006-2007,2007,0020600380,20061222/GSWORL,Final,2006-12-23,01:00,1610612753,ORL,108,1610612744,GSW,117,,,,False
2006-2007,2007,0020600381,20061222/LALNJN,Final,2006-12-23,01:30,1610612751,NJN,95,1610612747,LAL,99,,,,False
2006-2007,2007,0020600382,20061222/CHINYK,Final,2006-12-23,01:30,1610612752,NYK,103,1610612741,CHI,92,,,,False
2006-2007,2007,0020600383,20061222/INDATL,Final,2006-12-23,01:30,1610612737,ATL,90,1610612754,IND,100,,,,False
2006-2007,2007,0020600386,20061222/HOUSAS,Final,2006-12-23,02:00,1610612759,SAS,78,1610612745,HOU,97,,,,False
2006-2007,2007,0020600387,20061222/MILMIN,Final,2006-12-23,02:00,1610612750,MIN,107,1610612749,MIL,113,,,,False
2006-2007,2007,0020600388,20061222/LACDAL,Final,2006-12-23,02:30,1610612742,DAL,115,1610612746,LAC,83,,,,False
2006-2007,2007,0020600389,20061222/SACDEN,Final,2006-12-23,03:00,1610612743,DEN,96,1610612758,SAC,101,,,,False
2006-2007,2007,0020600390,20061222/TORPOR,Final/OT,2006-12-23,04:00,1610612757,POR,100,1610612761,TOR,101,,,,False
2006-2007,2007,0020600391,20061222/WASPHX,Final/OT,2006-12-23,04:30,1610612756,PHX,139,1610612764,WAS,144,,,,False
2006-2007,2007,0020600398,20061223/SASNOK,Final,2006-12-24,02:00,1610612740,NOK,77,1610612759,SAS,112,,,,False
2006-2007,2007,0020600392,20061223/MININD,Final,2006-12-24,01:00,1610612754,IND,71,1610612750,MIN,78,,,,False
2006-2007,2007,0020600393,20061223/NYKPHI,Final,2006-12-24,01:30,1610612755,PHI,98,1610612752,NYK,77,,,,False
2006-2007,2007,0020600394,20061223/GSWMIA,Final,2006-12-24,01:30,1610612748,MIA,105,1610612744,GSW,92,,,,False
2006-2007,2007,0020600395,20061223/ATLDET,Final,2006-12-24,01:30,1610612765,DET,108,1610612737,ATL,81,,,,False
2006-2007,2007,0020600396,20061223/ORLCLE,Final,2006-12-24,01:30,1610612739,CLE,86,1610612753,ORL,83,,,,False
2006-2007,2007,0020600397,20061223/UTAMEM,Final,2006-12-24,02:00,1610612763,MEM,97,1610612762,UTA,100,,,,False
2006-2007,2007,0020600399,20061223/CHACHI,Final,2006-12-24,02:30,1610612741,CHI,115,1610612766,CHA,76,,,,False
2006-2007,2007,0020600400,20061223/NJNMIL,Final,2006-12-24,02:30,1610612749,MIL,115,1610612751,NJN,104,,,,False
2006-2007,2007,0020600401,20061223/LACHOU,Final,2006-12-24,02:30,1610612745,HOU,93,1610612746,LAC,98,,,,False
2006-2007,2007,0020600402,20061223/TORSEA,Final,2006-12-24,04:00,1610612760,SEA,110,1610612761,TOR,97,,,,False
2006-2007,2007,0020600403,20061225/LALMIA,Final,2006-12-25,20:30,1610612748,MIA,101,1610612747,LAL,85,,,,False
2006-2007,2007,0020600404,20061226/MEMWAS,Final,2006-12-27,01:00,1610612764,WAS,116,1610612763,MEM,101,,,,False
2006-2007,2007,0020600405,20061226/HOUIND,Final,2006-12-27,01:00,1610612754,IND,81,1610612745,HOU,76,,,,False
2006-2007,2007,0020600406,20061226/NJNDET,Final,2006-12-27,01:30,1610612765,DET,92,1610612751,NJN,91,,,,False
2006-2007,2007,0020600407,20061226/MILSAS,Final,2006-12-27,02:00,1610612759,SAS,107,1610612749,MIL,114,,,,False
2006-2007,2007,0020600408,20061226/CHIMIN,Final,2006-12-27,02:00,1610612750,MIN,100,1610612741,CHI,98,,,,False
2006-2007,2007,0020600409,20061226/CHADAL,Final,2006-12-27,02:30,1610612742,DAL,97,1610612766,CHA,84,,,,False
2006-2007,2007,0020600410,20061226/BOSDEN,Final,2006-12-27,03:00,1610612743,DEN,116,1610612738,BOS,105,,,,False
2006-2007,2007,0020600411,20061226/LACUTA,Final,2006-12-27,03:00,1610612762,UTA,102,1610612746,LAC,92,,,,False
2006-2007,2007,0020600412,20061226/PORPHX,Final,2006-12-27,03:00,1610612756,PHX,110,1610612757,POR,87,,,,False
2006-2007,2007,0020600413,20061226/NOKSEA,Final,2006-12-27,04:00,1610612760,SEA,102,1610612740,NOK,94,,,,False
2006-2007,2007,0020600414,20061226/PHIGSW,Final,2006-12-27,04:30,1610612744,GSW,116,1610612755,PHI,97,,,,False
2006-2007,2007,0020600415,20061227/MINTOR,Final,2006-12-28,01:00,1610612761,TOR,100,1610612750,MIN,97,,,,False
2006-2007,2007,0020600416,20061227/WASCHA,Final,2006-12-28,01:00,1610612766,CHA,107,1610612764,WAS,114,,,,False
2006-2007,2007,0020600417,20061227/CLEATL,Final,2006-12-28,01:00,1610612737,ATL,76,1610612739,CLE,89,,,,False
2006-2007,2007,0020600418,20061227/LALORL,Final,2006-12-28,01:00,1610612753,ORL,93,1610612747,LAL,106,,,,False
2006-2007,2007,0020600419,20061227/HOUNJN,Final,2006-12-28,01:30,1610612751,NJN,71,1610612745,HOU,96,,,,False
2006-2007,2007,0020600420,20061227/DETNYK,Final/OT3,2006-12-28,01:30,1610612752,NYK,151,1610612765,DET,145,,,,False
2006-2007,2007,0020600421,20061227/MILMEM,Final,2006-12-28,02:00,1610612763,MEM,96,1610612749,MIL,112,,,,False
2006-2007,2007,0020600422,20061227/MIACHI,Final,2006-12-28,02:30,1610612741,CHI,109,1610612748,MIA,103,,,,False
2006-2007,2007,0020600423,20061227/PHISAC,Final,2006-12-28,04:00,1610612758,SAC,101,1610612755,PHI,76,,,,False
2006-2007,2007,0020600424,20061227/NOKPOR,Final,2006-12-28,04:00,1610612757,POR,100,1610612740,NOK,85,,,,False
2006-2007,2007,0020600425,20061227/BOSLAC,Final,2006-12-28,04:30,1610612746,LAC,100,1610612738,BOS,77,,,,False
2006-2007,2007,0020600426,20061228/PHXDAL,Final,2006-12-29,02:00,1610612742,DAL,101,1610612756,PHX,99,,,,False
2006-2007,2007,0020600427,20061228/UTASAS,Final,2006-12-29,02:00,1610612759,SAS,106,1610612762,UTA,83,,,,False
2006-2007,2007,0020600428,20061228/SEADEN,Final,2006-12-29,04:30,1610612743,DEN,112,1610612760,SEA,98,,,,False
2006-2007,2007,0020600429,20061229/CHITOR,Final,2006-12-30,01:00,1610612761,TOR,97,1610612741,CHI,107,,,,False
2006-2007,2007,0020600430,20061229/ORLWAS,Final,2006-12-30,01:00,1610612764,WAS,112,1610612753,ORL,111,,,,False
2006-2007,2007,0020600431,20061229/LALCHA,Final/OT3,2006-12-30,01:00,1610612766,CHA,133,1610612747,LAL,124,,,,False
2006-2007,2007,0020600432,20061229/NJNMIA,Final,2006-12-30,01:30,1610612748,MIA,81,1610612751,NJN,91,,,,False
2006-2007,2007,0020600433,20061229/MILCLE,Final,2006-12-30,01:30,1610612739,CLE,109,1610612749,MIL,99,,,,False
2006-2007,2007,0020600434,20061229/INDDET,Final,2006-12-30,02:00,1610612765,DET,92,1610612754,IND,93,,,,False
2006-2007,2007,0020600435,20061229/DENNOK,Final,2006-12-30,02:00,1610612740,NOK,99,1610612743,DEN,89,,,,False
2006-2007,2007,0020600436,20061229/SEAMIN,Final,2006-12-30,02:00,1610612750,MIN,101,1610612760,SEA,82,,,,False
2006-2007,2007,0020600437,20061229/ATLHOU,Final,2006-12-30,02:30,1610612745,HOU,94,1610612737,ATL,68,,,,False
2006-2007,2007,0020600438,20061229/NYKPHX,Final,2006-12-30,03:00,1610612756,PHX,108,1610612752,NYK,86,,,,False
2006-2007,2007,0020600439,20061229/PHIPOR,Final,2006-12-30,04:00,1610612757,POR,95,1610612755,PHI,98,,,,False
2006-2007,2007,0020600440,20061229/SACLAC,Final,2006-12-30,04:30,1610612746,LAC,102,1610612758,SAC,93,,,,False
2006-2007,2007,0020600441,20061229/BOSGSW,Final,2006-12-30,04:30,1610612744,GSW,110,1610612738,BOS,100,,,,False
2006-2007,2007,0020600447,20061230/WASMIL,Final,2006-12-31,02:30,1610612749,MIL,119,1610612764,WAS,102,,,,False
2006-2007,2007,0020600442,20061230/MIAORL,Final,2006-12-31,01:00,1610612753,ORL,97,1610612748,MIA,68,,,,False
2006-2007,2007,0020600443,20061230/CHAIND,Final,2006-12-31,01:00,1610612754,IND,102,1610612766,CHA,113,,,,False
2006-2007,2007,0020600444,20061230/MINNJN,Final,2006-12-31,01:30,1610612751,NJN,100,1610612750,MIN,92,,,,False
2006-2007,2007,0020600445,20061230/TORMEM,Final,2006-12-31,02:00,1610612763,MEM,110,1610612761,TOR,104,,,,False
2006-2007,2007,0020600446,20061230/CLECHI,Final,2006-12-31,02:30,1610612741,CHI,103,1610612739,CLE,96,,,,False
2006-2007,2007,0020600448,20061230/NOKDAL,Final,2006-12-31,02:30,1610612742,DAL,94,1610612740,NOK,80,,,,False
2006-2007,2007,0020600449,20061230/PORUTA,Final,2006-12-31,03:00,1610612762,UTA,96,1610612757,POR,86,,,,False
2006-2007,2007,0020600450,20061230/GSWSAC,Final,2006-12-31,04:00,1610612758,SAC,119,1610612744,GSW,96,,,,False
2006-2007,2007,0020600451,20061231/ATLSAS,Final,2006-12-31,21:30,1610612759,SAS,95,1610612737,ATL,81,,,,False
2006-2007,2007,0020600452,20061231/NYKLAC,Final,2006-12-31,21:30,1610612746,LAC,90,1610612752,NYK,80,,,,False
2006-2007,2007,0020600453,20061231/PHXDET,Final,2006-12-31,22:00,1610612765,DET,101,1610612756,PHX,108,,,,False
2006-2007,2007,0020600454,20061231/MEMHOU,Final,2007-01-01,01:00,1610612745,HOU,111,1610612763,MEM,109,,,,False
2006-2007,2007,0020600455,20061231/DALDEN,Final,2007-01-01,03:00,1610612743,DEN,85,1610612742,DAL,89,,,,False
2006-2007,2007,0020600456,20061231/PHILAL,Final,2007-01-01,03:30,1610612747,LAL,104,1610612755,PHI,94,,,,False
2006-2007,2007,0020600457,20061231/BOSSEA,Final,2007-01-01,04:00,1610612760,SEA,101,1610612738,BOS,95,,,,False
2006-2007,2007,0020600458,20070101/MINCHA,Final,2007-01-02,01:00,1610612766,CHA,96,1610612750,MIN,102,,,,False
2006-2007,2007,0020600459,20070101/BOSPOR,Final,2007-01-02,04:00,1610612757,POR,81,1610612738,BOS,89,,,,False
2006-2007,2007,0020600460,20070102/LACORL,Final,2007-01-03,01:00,1610612753,ORL,91,1610612746,LAC,86,,,,False
2006-2007,2007,0020600461,20070102/SASCLE,Final,2007-01-03,01:00,1610612739,CLE,82,1610612759,SAS,78,,,,False
2006-2007,2007,0020600462,20070102/GSWNOK,Final,2007-01-03,02:00,1610612740,NOK,89,1610612744,GSW,97,,,,False
2006-2007,2007,0020600463,20070102/PHXCHI,Final,2007-01-03,02:30,1610612741,CHI,96,1610612756,PHX,97,,,,False
2006-2007,2007,0020600464,20070102/SEADAL,Final,2007-01-03,02:30,1610612742,DAL,112,1610612760,SEA,88,,,,False
2006-2007,2007,0020600465,20070102/PHIDEN,Final,2007-01-03,03:00,1610612743,DEN,97,1610612755,PHI,108,,,,False
2006-2007,2007,0020600466,20070102/NYKSAC,Final,2007-01-03,04:00,1610612758,SAC,112,1610612752,NYK,100,,,,False
2006-2007,2007,0020600474,20070103/PHIUTA,Final,2007-01-04,03:00,1610612762,UTA,98,1610612755,PHI,87,,,,False
2006-2007,2007,0020600467,20070103/PHXTOR,Final,2007-01-04,01:00,1610612761,TOR,98,1610612756,PHX,100,,,,False
2006-2007,2007,0020600468,20070103/MILWAS,Final,2007-01-04,01:00,1610612764,WAS,108,1610612749,MIL,105,,,,False
2006-2007,2007,0020600469,20070103/CLEBOS,Final,2007-01-04,01:30,1610612738,BOS,104,1610612739,CLE,107,,,,False
2006-2007,2007,0020600470,20070103/LACMIA,Final,2007-01-04,01:30,1610612748,MIA,95,1610612746,LAC,110,,,,False
2006-2007,2007,0020600471,20070103/GSWMEM,Final,2007-01-04,02:00,1610612763,MEM,144,1610612744,GSW,135,,,,False
2006-2007,2007,0020600472,20070103/SASMIN,Final/OT,2007-01-04,02:00,1610612750,MIN,103,1610612759,SAS,101,,,,False
2006-2007,2007,0020600473,20070103/SEAHOU,Final,2007-01-04,02:30,1610612745,HOU,103,1610612760,SEA,96,,,,False
2006-2007,2007,0020600475,20070103/NYKPOR,Final,2007-01-04,04:00,1610612757,POR,81,1610612752,NYK,99,,,,False
2006-2007,2007,0020600476,20070104/DETNOK,Final,2007-01-05,02:00,1610612740,NOK,68,1610612765,DET,92,,,,False
2006-2007,2007,0020600477,20070104/INDDAL,Final,2007-01-05,02:30,1610612742,DAL,100,1610612754,IND,91,,,,False
2006-2007,2007,0020600478,20070104/LALSAC,Final/OT,2007-01-05,04:30,1610612758,SAC,128,1610612747,LAL,132,,,,False
2006-2007,2007,0020600479,20070105/ATLTOR,Final,2007-01-06,01:00,1610612761,TOR,105,1610612737,ATL,92,,,,False
2006-2007,2007,0020600484,20070105/DALSAS,Final,2007-01-06,02:00,1610612759,SAS,85,1610612742,DAL,90,,,,False
2006-2007,2007,0020600480,20070105/LACWAS,Final,2007-01-06,01:00,1610612764,WAS,116,1610612746,LAC,105,,,,False
2006-2007,2007,0020600481,20070105/CHAORL,Final,2007-01-06,01:00,1610612753,ORL,106,1610612766,CHA,74,,,,False
2006-2007,2007,0020600482,20070105/CHINJN,Final,2007-01-06,01:30,1610612751,NJN,91,1610612741,CHI,86,,,,False
2006-2007,2007,0020600483,20070105/BOSMEM,Final,2007-01-06,02:00,1610612763,MEM,119,1610612738,BOS,128,,,,False
2006-2007,2007,0020600485,20070105/PHIMIN,Final/OT,2007-01-06,02:00,1610612750,MIN,104,1610612755,PHI,102,,,,False
2006-2007,2007,0020600486,20070105/CLEMIL,Final,2007-01-06,02:30,1610612749,MIL,86,1610612739,CLE,95,,,,False
2006-2007,2007,0020600487,20070105/UTAHOU,Final,2007-01-06,02:30,1610612745,HOU,100,1610612762,UTA,86,,,,False
2006-2007,2007,0020600488,20070105/MIAPHX,Final,2007-01-06,04:30,1610612756,PHX,108,1610612748,MIA,80,,,,False
2006-2007,2007,0020600489,20070105/DENLAL,Final,2007-01-06,04:30,1610612747,LAL,123,1610612743,DEN,104,,,,False
2006-2007,2007,0020600490,20070105/NYKSEA,Final,2007-01-06,04:30,1610612760,SEA,93,1610612752,NYK,111,,,,False
2006-2007,2007,0020600491,20070106/LACATL,Final,2007-01-07,01:00,1610612737,ATL,86,1610612746,LAC,74,,,,False
2006-2007,2007,0020600492,20070106/NJNCLE,Final,2007-01-07,01:30,1610612739,CLE,96,1610612751,NJN,91,,,,False
2006-2007,2007,0020600493,20070106/INDNOK,Final,2007-01-07,02:00,1610612740,NOK,93,1610612754,IND,100,,,,False
2006-2007,2007,0020600494,20070106/DETCHI,Final,2007-01-07,02:30,1610612741,CHI,106,1610612765,DET,89,,,,False
2006-2007,2007,0020600495,20070106/UTADEN,Final,2007-01-07,03:00,1610612743,DEN,84,1610612762,UTA,96,,,,False
2006-2007,2007,0020600496,20070106/PORSAC,Final/OT,2007-01-07,04:00,1610612758,SAC,105,1610612757,POR,110,,,,False
2006-2007,2007,0020600497,20070106/SEAGSW,Final,2007-01-07,04:30,1610612744,GSW,108,1610612760,SEA,104,,,,False
2006-2007,2007,0020600498,20070107/WASTOR,Final,2007-01-07,19:00,1610612761,TOR,116,1610612764,WAS,111,,,,False
2006-2007,2007,0020600499,20070107/HOUMIN,Final/OT,2007-01-07,21:30,1610612750,MIN,103,1610612745,HOU,99,,,,False
2006-2007,2007,0020600500,20070107/SASMEM,Final,2007-01-07,22:00,1610612763,MEM,96,1610612759,SAS,110,,,,False
2006-2007,2007,0020600501,20070107/BOSORL,Final,2007-01-08,00:00,1610612753,ORL,87,1610612738,BOS,79,,,,False
2006-2007,2007,0020600502,20070107/GSWPHX,Final,2007-01-08,02:00,1610612756,PHX,128,1610612744,GSW,105,,,,False
2006-2007,2007,0020600503,20070107/MIAPOR,Final,2007-01-08,03:00,1610612757,POR,90,1610612748,MIA,93,,,,False
2006-2007,2007,0020600504,20070107/DALLAL,Final,2007-01-08,03:30,1610612747,LAL,101,1610612742,DAL,98,,,,False
2006-2007,2007,0020600505,20070108/LACNOK,Final,2007-01-09,02:00,1610612740,NOK,90,1610612746,LAC,100,,,,False
2006-2007,2007,0020600506,20070108/HOUCHI,Final,2007-01-09,02:30,1610612741,CHI,77,1610612745,HOU,84,,,,False
2006-2007,2007,0020600507,20070108/MILDEN,Final,2007-01-09,03:00,1610612743,DEN,104,1610612749,MIL,92,,,,False
2006-2007,2007,0020600508,20070109/DETPHI,Final,2007-01-10,01:00,1610612755,PHI,89,1610612765,DET,98,,,,False
2006-2007,2007,0020600509,20070109/ATLIND,Final,2007-01-10,01:00,1610612754,IND,91,1610612737,ATL,72,,,,False
2006-2007,2007,0020600510,20070109/TORNJN,Final,2007-01-10,01:30,1610612751,NJN,101,1610612761,TOR,86,,,,False
2006-2007,2007,0020600511,20070109/LALMEM,Final,2007-01-10,02:00,1610612763,MEM,128,1610612747,LAL,118,,,,False
2006-2007,2007,0020600512,20070109/PORSAS,Final,2007-01-10,02:00,1610612759,SAS,98,1610612757,POR,84,,,,False
2006-2007,2007,0020600513,20070109/DALUTA,Final,2007-01-10,03:00,1610612762,UTA,105,1610612742,DAL,108,,,,False
2006-2007,2007,0020600514,20070109/SEAPHX,Final,2007-01-10,03:00,1610612756,PHX,113,1610612760,SEA,102,,,,False
2006-2007,2007,0020600515,20070109/CLESAC,Final,2007-01-10,04:00,1610612758,SAC,98,1610612739,CLE,108,,,,False
2006-2007,2007,0020600516,20070110/CHIWAS,Final,2007-01-11,01:00,1610612764,WAS,113,1610612741,CHI,103,,,,False
2006-2007,2007,0020600517,20070110/NOKATL,Final,2007-01-11,01:00,1610612737,ATL,77,1610612740,NOK,96,,,,False
2006-2007,2007,0020600518,20070110/INDBOS,Final,2007-01-11,01:30,1610612738,BOS,84,1610612754,IND,97,,,,False
2006-2007,2007,0020600519,20070110/PHINYK,Final,2007-01-11,01:30,1610612752,NYK,106,1610612755,PHI,99,,,,False
2006-2007,2007,0020600520,20070110/CHADET,Final,2007-01-11,01:30,1610612765,DET,96,1610612766,CHA,103,,,,False
2006-2007,2007,0020600521,20070110/TORMIL,Final,2007-01-11,02:00,1610612749,MIL,77,1610612761,TOR,90,,,,False
2006-2007,2007,0020600522,20070110/LACMIN,Final,2007-01-11,02:00,1610612750,MIN,91,1610612746,LAC,92,,,,False
2006-2007,2007,0020600523,20070110/LALHOU,Final,2007-01-11,02:30,1610612745,HOU,102,1610612747,LAL,77,,,,False
2006-2007,2007,0020600524,20070110/PORDAL,Final,2007-01-11,02:30,1610612742,DAL,99,1610612757,POR,74,,,,False
2006-2007,2007,0020600525,20070110/SASDEN,Final,2007-01-11,03:00,1610612743,DEN,83,1610612759,SAS,92,,,,False
2006-2007,2007,0020600526,20070110/MIASEA,Final,2007-01-11,04:00,1610612760,SEA,103,1610612748,MIA,107,,,,False
2006-2007,2007,0020600527,20070110/ORLGSW,Final,2007-01-11,04:30,1610612744,GSW,76,1610612753,ORL,91,,,,False
2006-2007,2007,0020600528,20070111/NJNCHI,Final,2007-01-12,02:00,1610612741,CHI,83,1610612751,NJN,86,,,,False
2006-2007,2007,0020600529,20070111/CLEPHX,Final,2007-01-12,04:30,1610612756,PHX,109,1610612739,CLE,90,,,,False
2006-2007,2007,0020600530,20070112/MILPHI,Final,2007-01-13,01:00,1610612755,PHI,110,1610612749,MIL,97,,,,False
2006-2007,2007,0020600531,20070112/DALIND,Final/OT,2007-01-13,01:00,1610612754,IND,113,1610612742,DAL,115,,,,False
2006-2007,2007,0020600532,20070112/TORBOS,Final,2007-01-13,01:30,1610612738,BOS,86,1610612761,TOR,95,,,,False
2006-2007,2007,0020600533,20070112/CHANYK,Final,2007-01-13,01:30,1610612752,NYK,110,1610612766,CHA,126,,,,False
2006-2007,2007,0020600534,20070112/DETATL,Final,2007-01-13,01:30,1610612737,ATL,99,1610612765,DET,93,,,,False
2006-2007,2007,0020600535,20070112/MINMEM,Final,2007-01-13,02:00,1610612763,MEM,110,1610612750,MIN,116,,,,False
2006-2007,2007,0020600536,20070112/WASNOK,Final,2007-01-13,02:00,1610612740,NOK,104,1610612764,WAS,97,,,,False
2006-2007,2007,0020600537,20070112/SACPOR,Final,2007-01-13,04:00,1610612757,POR,95,1610612758,SAC,87,,,,False
2006-2007,2007,0020600538,20070112/HOUDEN,Final,2007-01-13,04:30,1610612743,DEN,86,1610612745,HOU,90,,,,False
2006-2007,2007,0020600539,20070112/ORLLAL,Final,2007-01-13,04:30,1610612747,LAL,109,1610612753,ORL,106,,,,False
2006-2007,2007,0020600540,20070112/MIAGSW,Final,2007-01-13,04:30,1610612744,GSW,96,1610612748,MIA,118,,,,False
2006-2007,2007,0020600541,20070112/UTASEA,Final/OT,2007-01-13,04:30,1610612760,SEA,122,1610612762,UTA,114,,,,False
2006-2007,2007,0020600542,20070113/PHICHA,Final,2007-01-14,01:00,1610612766,CHA,89,1610612755,PHI,83,,,,False
2006-2007,2007,0020600543,20070113/BOSDET,Final,2007-01-14,01:30,1610612765,DET,81,1610612738,BOS,73,,,,False
2006-2007,2007,0020600544,20070113/WASSAS,Final,2007-01-14,02:00,1610612759,SAS,93,1610612764,WAS,80,,,,False
2006-2007,2007,0020600545,20070113/NJNMIN,Final,2007-01-14,02:00,1610612750,MIN,109,1610612751,NJN,98,,,,False
2006-2007,2007,0020600546,20070113/MEMCHI,Final,2007-01-14,02:30,1610612741,CHI,111,1610612763,MEM,66,,,,False
2006-2007,2007,0020600548,20070113/MIAUTA,Final,2007-01-14,03:00,1610612762,UTA,110,1610612748,MIA,119,,,,False
2006-2007,2007,0020600549,20070113/ORLPHX,Final,2007-01-14,03:00,1610612756,PHX,107,1610612753,ORL,101,,,,False
2006-2007,2007,0020600550,20070113/HOUSAC,Final/OT,2007-01-14,04:00,1610612758,SAC,111,1610612745,HOU,115,,,,False
2006-2007,2007,0020600551,20070113/CLELAC,Final,2007-01-14,04:30,1610612746,LAC,92,1610612739,CLE,104,,,,False
2006-2007,2007,0020600552,20070114/DALTOR,Final,2007-01-14,19:00,1610612761,TOR,96,1610612742,DAL,97,,,,False
2006-2007,2007,0020600553,20070114/DENPOR,Final,2007-01-15,03:00,1610612757,POR,93,1610612743,DEN,109,,,,False
2006-2007,2007,0020600554,20070115/SACNYK,Final,2007-01-15,19:00,1610612752,NYK,102,1610612758,SAC,97,,,,False
2006-2007,2007,0020600555,20070115/UTAWAS,Final,2007-01-15,19:00,1610612764,WAS,114,1610612762,UTA,111,,,,False
2006-2007,2007,0020600556,20070115/MILCHA,Final,2007-01-15,19:00,1610612766,CHA,91,1610612749,MIL,99,,,,False
2006-2007,2007,0020600557,20070115/TORPHI,Final,2007-01-15,20:00,1610612755,PHI,86,1610612761,TOR,104,,,,False
2006-2007,2007,0020600558,20070115/BOSATL,Final,2007-01-15,20:00,1610612737,ATL,100,1610612738,BOS,96,,,,False
2006-2007,2007,0020600559,20070115/SASCHI,Final,2007-01-15,20:00,1610612741,CHI,99,1610612759,SAS,87,,,,False
2006-2007,2007,0020600560,20070115/INDNJN,Final,2007-01-15,21:30,1610612751,NJN,105,1610612754,IND,95,,,,False
2006-2007,2007,0020600561,20070115/MINDET,Final/OT,2007-01-15,21:30,1610612765,DET,90,1610612750,MIN,94,,,,False
2006-2007,2007,0020600562,20070115/LACGSW,Final,2007-01-15,22:00,1610612744,GSW,108,1610612746,LAC,93,,,,False
2006-2007,2007,0020600563,20070115/PHXMEM,Final,2007-01-16,01:30,1610612763,MEM,122,1610612756,PHX,137,,,,False
2006-2007,2007,0020600564,20070115/MIALAL,Final/OT,2007-01-16,04:00,1610612747,LAL,124,1610612748,MIA,118,,,,False
2006-2007,2007,0020600565,20070116/ORLNOK,Final/OT,2007-01-17,02:00,1610612740,NOK,84,1610612753,ORL,78,,,,False
2006-2007,2007,0020600566,20070116/HOUDAL,Final,2007-01-17,02:30,1610612742,DAL,109,1610612745,HOU,96,,,,False
2006-2007,2007,0020600567,20070116/CLESEA,Final,2007-01-17,04:00,1610612760,SEA,101,1610612739,CLE,96,,,,False
2006-2007,2007,0020600568,20070117/SACTOR,Final,2007-01-18,01:00,1610612761,TOR,101,1610612758,SAC,85,,,,False
2006-2007,2007,0020600569,20070117/NYKWAS,Final,2007-01-18,01:00,1610612764,WAS,99,1610612752,NYK,98,,,,False
2006-2007,2007,0020600570,20070117/NJNCHA,Final,2007-01-18,01:00,1610612766,CHA,85,1610612751,NJN,92,,,,False
2006-2007,2007,0020600571,20070117/UTADET,Final,2007-01-18,01:30,1610612765,DET,99,1610612762,UTA,100,,,,False
2006-2007,2007,0020600572,20070117/CHIMIL,Final,2007-01-18,02:00,1610612749,MIL,90,1610612741,CHI,99,,,,False
2006-2007,2007,0020600573,20070117/PHIMEM,Final,2007-01-18,02:00,1610612763,MEM,118,1610612755,PHI,102,,,,False
2006-2007,2007,0020600574,20070117/ATLMIN,Final,2007-01-18,02:00,1610612750,MIN,88,1610612737,ATL,105,,,,False
2006-2007,2007,0020600575,20070117/PHXHOU,Final,2007-01-18,02:30,1610612745,HOU,91,1610612756,PHX,100,,,,False
2006-2007,2007,0020600576,20070117/LALSAS,Final,2007-01-18,03:00,1610612759,SAS,96,1610612747,LAL,100,,,,False
2006-2007,2007,0020600577,20070117/CLEPOR,Final,2007-01-18,04:00,1610612757,POR,94,1610612739,CLE,76,,,,False
2006-2007,2007,0020600578,20070117/GSWLAC,Final,2007-01-18,04:30,1610612746,LAC,115,1610612744,GSW,109,,,,False
2006-2007,2007,0020600579,20070118/INDMIA,Final,2007-01-19,01:00,1610612748,MIA,104,1610612754,IND,101,,,,False
2006-2007,2007,0020600580,20070118/LALDAL,Final,2007-01-19,03:30,1610612742,DAL,114,1610612747,LAL,95,,,,False
2006-2007,2007,0020600581,20070119/UTATOR,Final,2007-01-20,01:00,1610612761,TOR,94,1610612762,UTA,102,,,,False
2006-2007,2007,0020600582,20070119/MIAPHI,Final/OT,2007-01-20,01:00,1610612755,PHI,98,1610612748,MIA,95,,,,False
2006-2007,2007,0020600583,20070119/WASORL,Final,2007-01-20,01:00,1610612753,ORL,93,1610612764,WAS,114,,,,False
2006-2007,2007,0020600584,20070119/SACBOS,Final,2007-01-20,01:30,1610612738,BOS,91,1610612758,SAC,96,,,,False
2006-2007,2007,0020600585,20070119/NJNNYK,Final,2007-01-20,01:30,1610612752,NYK,100,1610612751,NJN,101,,,,False
2006-2007,2007,0020600586,20070119/CHAATL,Final,2007-01-20,01:30,1610612737,ATL,75,1610612766,CHA,96,,,,False
2006-2007,2007,0020600587,20070119/NOKSAS,Final,2007-01-20,02:00,1610612759,SAS,99,1610612740,NOK,86,,,,False
2006-2007,2007,0020600588,20070119/DETMIN,Final/OT2,2007-01-20,02:00,1610612750,MIN,98,1610612765,DET,104,,,,False
2006-2007,2007,0020600589,20070119/PORPHX,Final,2007-01-20,03:00,1610612756,PHX,106,1610612757,POR,101,,,,False
2006-2007,2007,0020600590,20070119/CLEDEN,Final,2007-01-20,04:30,1610612743,DEN,110,1610612739,CLE,99,,,,False
2006-2007,2007,0020600591,20070119/MILSEA,Final,2007-01-20,04:30,1610612760,SEA,99,1610612749,MIL,72,,,,False
2006-2007,2007,0020600592,20070120/MEMLAC,Final,2007-01-20,21:30,1610612746,LAC,112,1610612763,MEM,91,,,,False
2006-2007,2007,0020600593,20070120/ATLCHA,Final,2007-01-21,01:00,1610612766,CHA,104,1610612737,ATL,85,,,,False
2006-2007,2007,0020600594,20070120/NYKIND,Final,2007-01-21,01:00,1610612754,IND,106,1610612752,NYK,108,,,,False
2006-2007,2007,0020600596,20070120/SACDET,Final,2007-01-21,01:30,1610612765,DET,91,1610612758,SAC,74,,,,False
2006-2007,2007,0020600595,20070120/BOSWAS,Final/OT,2007-01-21,02:00,1610612764,WAS,115,1610612738,BOS,110,,,,False
2006-2007,2007,0020600597,20070120/ORLNJN,Final,2007-01-21,02:00,1610612751,NJN,101,1610612753,ORL,94,,,,False
2006-2007,2007,0020600598,20070120/LALNOK,Final,2007-01-21,02:00,1610612740,NOK,113,1610612747,LAL,103,,,,False
2006-2007,2007,0020600599,20070120/UTACHI,Final,2007-01-21,02:30,1610612741,CHI,85,1610612762,UTA,95,,,,False
2006-2007,2007,0020600600,20070120/DENHOU,Final/OT,2007-01-21,02:30,1610612745,HOU,113,1610612743,DEN,121,,,,False
2006-2007,2007,0020600601,20070120/CLEGSW,Final/OT,2007-01-21,04:30,1610612744,GSW,104,1610612739,CLE,106,,,,False
2006-2007,2007,0020600602,20070121/DALMIA,Final,2007-01-21,19:00,1610612748,MIA,93,1610612742,DAL,99,,,,False
2006-2007,2007,0020600603,20070121/SASPHI,Final,2007-01-22,00:00,1610612755,PHI,85,1610612759,SAS,99,,,,False
2006-2007,2007,0020600604,20070121/MINPHX,Final,2007-01-22,02:00,1610612756,PHX,131,1610612750,MIN,102,,,,False
2006-2007,2007,0020600605,20070121/MILPOR,Final,2007-01-22,03:00,1610612757,POR,99,1610612749,MIL,95,,,,False
2006-2007,2007,0020600614,20070122/GSWLAL,Final,2007-01-23,04:30,1610612747,LAL,108,1610612744,GSW,103,,,,False
2006-2007,2007,0020600606,20070122/CHATOR,Final,2007-01-23,01:00,1610612761,TOR,105,1610612766,CHA,84,,,,False
2006-2007,2007,0020600607,20070122/ORLCLE,Final,2007-01-23,01:00,1610612739,CLE,79,1610612753,ORL,90,,,,False
2006-2007,2007,0020600608,20070122/CHIIND,Final,2007-01-23,01:00,1610612754,IND,98,1610612741,CHI,91,,,,False
2006-2007,2007,0020600609,20070122/SASBOS,Final,2007-01-23,01:30,1610612738,BOS,89,1610612759,SAS,93,,,,False
2006-2007,2007,0020600610,20070122/NYKMIA,Final,2007-01-23,01:30,1610612748,MIA,101,1610612752,NYK,83,,,,False
2006-2007,2007,0020600611,20070122/MEMDEN,Final,2007-01-23,03:00,1610612743,DEN,115,1610612763,MEM,98,,,,False
2006-2007,2007,0020600612,20070122/MINUTA,Final,2007-01-23,03:00,1610612762,UTA,106,1610612750,MIN,91,,,,False
2006-2007,2007,0020600613,20070122/NJNSAC,Final,2007-01-23,04:00,1610612758,SAC,88,1610612751,NJN,87,,,,False
2006-2007,2007,0020600615,20070123/NOKPHI,Final,2007-01-24,01:00,1610612755,PHI,102,1610612740,NOK,96,,,,False
2006-2007,2007,0020600616,20070123/PHXWAS,Final,2007-01-24,01:00,1610612764,WAS,105,1610612756,PHX,127,,,,False
2006-2007,2007,0020600617,20070123/DALORL,Final,2007-01-24,01:00,1610612753,ORL,95,1610612742,DAL,111,,,,False
2006-2007,2007,0020600618,20070123/ATLCHI,Final,2007-01-24,02:30,1610612741,CHI,94,1610612737,ATL,86,,,,False
2006-2007,2007,0020600619,20070123/DENSEA,Final,2007-01-24,04:00,1610612760,SEA,112,1610612743,DEN,117,,,,False
2006-2007,2007,0020600620,20070123/MILLAC,Final,2007-01-24,04:30,1610612746,LAC,115,1610612749,MIL,96,,,,False
2006-2007,2007,0020600621,20070124/NOKTOR,Final,2007-01-25,01:00,1610612761,TOR,90,1610612740,NOK,88,,,,False
2006-2007,2007,0020600622,20070124/DETCHA,Final,2007-01-25,01:00,1610612766,CHA,92,1610612765,DET,103,,,,False
2006-2007,2007,0020600623,20070124/PHICLE,Final/OT2,2007-01-25,01:00,1610612739,CLE,115,1610612755,PHI,118,,,,False
2006-2007,2007,0020600624,20070124/MIAIND,Final/OT,2007-01-25,01:00,1610612754,IND,96,1610612748,MIA,94,,,,False
2006-2007,2007,0020600625,20070124/ATLBOS,Final,2007-01-25,01:30,1610612738,BOS,76,1610612737,ATL,82,,,,False
2006-2007,2007,0020600626,20070124/PHXNYK,Final,2007-01-25,01:30,1610612752,NYK,107,1610612756,PHX,112,,,,False
2006-2007,2007,0020600627,20070124/HOUSAS,Final,2007-01-25,03:00,1610612759,SAS,85,1610612745,HOU,90,,,,False
2006-2007,2007,0020600628,20070124/MEMUTA,Final/OT,2007-01-25,03:00,1610612762,UTA,130,1610612763,MEM,132,,,,False
2006-2007,2007,0020600629,20070124/MILSAC,Final,2007-01-25,04:00,1610612758,SAC,114,1610612749,MIL,106,,,,False
2006-2007,2007,0020600630,20070124/MINPOR,Final/OT,2007-01-25,04:00,1610612757,POR,101,1610612750,MIN,98,,,,False
2006-2007,2007,0020600631,20070124/NJNGSW,Final,2007-01-25,04:30,1610612744,GSW,110,1610612751,NJN,109,,,,False
2006-2007,2007,0020600632,20070125/DALCHI,Final,2007-01-26,02:00,1610612741,CHI,96,1610612742,DAL,85,,,,False
2006-2007,2007,0020600633,20070125/NJNLAC,Final,2007-01-26,04:30,1610612746,LAC,102,1610612751,NJN,101,,,,False
2006-2007,2007,0020600634,20070126/BOSTOR,Final,2007-01-27,01:00,1610612761,TOR,96,1610612738,BOS,90,,,,False
2006-2007,2007,0020600635,20070126/CLEPHI,Final,2007-01-27,01:00,1610612755,PHI,97,1610612739,CLE,105,,,,False
2006-2007,2007,0020600636,20070126/ATLORL,Final,2007-01-27,01:00,1610612753,ORL,90,1610612737,ATL,93,,,,False
2006-2007,2007,0020600638,20070126/WASDET,Final,2007-01-27,01:00,1610612765,DET,96,1610612764,WAS,99,,,,False
2006-2007,2007,0020600637,20070126/MIANYK,Final,2007-01-27,01:30,1610612752,NYK,116,1610612748,MIA,96,,,,False
2006-2007,2007,0020600639,20070126/SACNOK,Final,2007-01-27,02:00,1610612740,NOK,88,1610612758,SAC,84,,,,False
2006-2007,2007,0020600640,20070126/MEMSAS,Final,2007-01-27,02:00,1610612759,SAS,112,1610612763,MEM,96,,,,False
2006-2007,2007,0020600641,20070126/PHXMIL,Final,2007-01-27,02:30,1610612749,MIL,90,1610612756,PHX,98,,,,False
2006-2007,2007,0020600642,20070126/PORHOU,Final,2007-01-27,02:30,1610612745,HOU,99,1610612757,POR,69,,,,False
2006-2007,2007,0020600643,20070126/DENUTA,Final,2007-01-27,03:00,1610612762,UTA,116,1610612743,DEN,111,,,,False
2006-2007,2007,0020600644,20070126/CHALAL,Final/OT,2007-01-27,04:30,1610612747,LAL,97,1610612766,CHA,106,,,,False
2006-2007,2007,0020600645,20070126/MINSEA,Final,2007-01-27,04:30,1610612760,SEA,102,1610612750,MIN,100,,,,False
2006-2007,2007,0020600646,20070127/PHIATL,Final,2007-01-28,01:00,1610612737,ATL,89,1610612755,PHI,104,,,,False
2006-2007,2007,0020600647,20070127/TORIND,Final,2007-01-28,01:00,1610612754,IND,102,1610612761,TOR,84,,,,False
2006-2007,2007,0020600648,20070127/PORMEM,Final/OT2,2007-01-28,02:00,1610612763,MEM,132,1610612757,POR,135,,,,False
2006-2007,2007,0020600649,20070127/UTANOK,Final,2007-01-28,02:00,1610612740,NOK,94,1610612762,UTA,83,,,,False
2006-2007,2007,0020600650,20070127/MIACHI,Final,2007-01-28,02:30,1610612741,CHI,100,1610612748,MIA,97,,,,False
2006-2007,2007,0020600651,20070127/SACDAL,Final,2007-01-28,02:30,1610612742,DAL,106,1610612758,SAC,104,,,,False
2006-2007,2007,0020600652,20070127/NJNDEN,Final,2007-01-28,03:00,1610612743,DEN,102,1610612751,NJN,112,,,,False
2006-2007,2007,0020600653,20070127/MINLAC,Final,2007-01-28,04:30,1610612746,LAC,87,1610612750,MIN,101,,,,False
2006-2007,2007,0020600654,20070127/CHAGSW,Final,2007-01-28,04:30,1610612744,GSW,131,1610612766,CHA,105,,,,False
2006-2007,2007,0020600658,20070128/WASBOS,Final,2007-01-29,00:00,1610612738,BOS,91,1610612764,WAS,105,,,,False
2006-2007,2007,0020600655,20070128/PHXCLE,Final,2007-01-28,19:00,1610612739,CLE,100,1610612756,PHX,115,,,,False
2006-2007,2007,0020600656,20070128/NYKMIL,Final,2007-01-28,21:30,1610612749,MIL,107,1610612752,NYK,105,,,,False
2006-2007,2007,0020600657,20070128/SASLAL,Final/OT,2007-01-28,21:30,1610612747,LAL,94,1610612759,SAS,96,,,,False
2006-2007,2007,0020600659,20070128/INDDET,Final,2007-01-29,00:30,1610612765,DET,95,1610612754,IND,87,,,,False
2006-2007,2007,0020600660,20070128/LACSEA,Final,2007-01-29,04:00,1610612760,SEA,76,1610612746,LAC,98,,,,False
2006-2007,2007,0020600661,20070129/ORLATL,Final,2007-01-30,01:00,1610612737,ATL,93,1610612753,ORL,83,,,,False
2006-2007,2007,0020600662,20070129/SACMEM,Final,2007-01-30,02:00,1610612763,MEM,124,1610612758,SAC,117,,,,False
2006-2007,2007,0020600663,20070129/PORNOK,Final,2007-01-30,02:00,1610612740,NOK,103,1610612757,POR,91,,,,False
2006-2007,2007,0020600664,20070129/PHXMIN,Final,2007-01-30,02:00,1610612750,MIN,121,1610612756,PHX,112,,,,False
2006-2007,2007,0020600665,20070129/PHIHOU,Final,2007-01-30,02:30,1610612745,HOU,105,1610612755,PHI,84,,,,False
2006-2007,2007,0020600666,20070129/CHADEN,Final,2007-01-30,03:00,1610612743,DEN,101,1610612766,CHA,105,,,,False
2006-2007,2007,0020600667,20070129/NJNUTA,Final,2007-01-30,03:00,1610612762,UTA,115,1610612751,NJN,116,,,,False
2006-2007,2007,0020600668,20070130/DETWAS,Final,2007-01-31,01:00,1610612764,WAS,104,1610612765,DET,99,,,,False
2006-2007,2007,0020600669,20070130/GSWCLE,Final,2007-01-31,01:00,1610612739,CLE,124,1610612744,GSW,97,,,,False
2006-2007,2007,0020600670,20070130/BOSIND,Final,2007-01-31,01:00,1610612754,IND,103,1610612738,BOS,96,,,,False
2006-2007,2007,0020600671,20070130/LALNYK,Final,2007-01-31,01:30,1610612752,NYK,99,1610612747,LAL,94,,,,False
2006-2007,2007,0020600672,20070130/MILMIA,Final,2007-01-31,01:30,1610612748,MIA,110,1610612749,MIL,80,,,,False
2006-2007,2007,0020600673,20070130/SEADAL,Final,2007-01-31,02:30,1610612742,DAL,122,1610612760,SEA,102,,,,False
2006-2007,2007,0020600674,20070131/WASTOR,Final,2007-02-01,01:00,1610612761,TOR,119,1610612764,WAS,109,,,,False
2006-2007,2007,0020600675,20070131/NYKCHA,Final,2007-02-01,01:00,1610612766,CHA,104,1610612752,NYK,87,,,,False
2006-2007,2007,0020600676,20070131/GSWATL,Final,2007-02-01,01:00,1610612737,ATL,115,1610612744,GSW,94,,,,False
2006-2007,2007,0020600677,20070131/MILORL,Final,2007-02-01,01:00,1610612753,ORL,98,1610612749,MIL,73,,,,False
2006-2007,2007,0020600678,20070131/LALBOS,Final,2007-02-01,01:30,1610612738,BOS,98,1610612747,LAL,111,,,,False
2006-2007,2007,0020600679,20070131/DETNJN,Final,2007-02-01,01:30,1610612751,NJN,89,1610612765,DET,113,,,,False
2006-2007,2007,0020600680,20070131/DALMEM,Final,2007-02-01,02:00,1610612763,MEM,94,1610612742,DAL,95,,,,False
2006-2007,2007,0020600681,20070131/PHINOK,Final,2007-02-01,02:00,1610612740,NOK,78,1610612755,PHI,89,,,,False
2006-2007,2007,0020600683,20070131/SACMIN,Final,2007-02-01,02:00,1610612750,MIN,98,1610612758,SAC,100,,,,False
2006-2007,2007,0020600682,20070131/SEAHOU,Final,2007-02-01,02:30,1610612745,HOU,112,1610612760,SEA,102,,,,False
2006-2007,2007,0020600684,20070131/SASUTA,Final,2007-02-01,03:00,1610612762,UTA,97,1610612759,SAS,93,,,,False
2006-2007,2007,0020600685,20070131/DENPOR,Final,2007-02-01,04:00,1610612757,POR,100,1610612743,DEN,91,,,,False
2006-2007,2007,0020600686,20070131/CHILAC,Final,2007-02-01,04:30,1610612746,LAC,110,1610612741,CHI,98,,,,False
2006-2007,2007,0020600687,20070201/CLEMIA,Final,2007-02-02,02:00,1610612748,MIA,92,1610612739,CLE,89,,,,False
2006-2007,2007,0020600688,20070201/SASPHX,Final,2007-02-02,04:30,1610612756,PHX,103,1610612759,SAS,87,,,,False
2006-2007,2007,0020600689,20070202/GSWPHI,Final,2007-02-03,01:00,1610612755,PHI,101,1610612744,GSW,102,,,,False
2006-2007,2007,0020600691,20070202/LALIND,Final,2007-02-03,01:00,1610612754,IND,95,1610612747,LAL,84,,,,False
2006-2007,2007,0020600692,20070202/LACBOS,Final,2007-02-03,01:30,1610612738,BOS,89,1610612746,LAC,100,,,,False
2006-2007,2007,0020600693,20070202/TORATL,Final,2007-02-03,01:30,1610612737,ATL,91,1610612761,TOR,103,,,,False
2006-2007,2007,0020600694,20070202/CHACLE,Final,2007-02-03,01:30,1610612739,CLE,101,1610612766,CHA,81,,,,False
2006-2007,2007,0020600690,20070202/NJNORL,Final,2007-02-03,02:00,1610612753,ORL,119,1610612751,NJN,86,,,,False
2006-2007,2007,0020600695,20070202/MILDET,Final,2007-02-03,02:00,1610612765,DET,96,1610612749,MIL,86,,,,False
2006-2007,2007,0020600696,20070202/MINNOK,Final,2007-02-03,02:00,1610612740,NOK,90,1610612750,MIN,83,,,,False
2006-2007,2007,0020600697,20070202/PORDEN,Final/OT,2007-02-03,03:00,1610612743,DEN,114,1610612757,POR,107,,,,False
2006-2007,2007,0020600698,20070202/CHISEA,Final,2007-02-03,04:30,1610612760,SEA,101,1610612741,CHI,107,,,,False
2006-2007,2007,0020600699,20070203/LALWAS,Final,2007-02-04,01:00,1610612764,WAS,102,1610612747,LAL,118,,,,False
2006-2007,2007,0020600700,20070203/GSWCHA,Final,2007-02-04,01:00,1610612766,CHA,98,1610612744,GSW,90,,,,False
2006-2007,2007,0020600701,20070203/NYKORL,Final,2007-02-04,01:00,1610612753,ORL,86,1610612752,NYK,94,,,,False
2006-2007,2007,0020600702,20070203/INDMEM,Final,2007-02-04,02:00,1610612763,MEM,110,1610612754,IND,116,,,,False
2006-2007,2007,0020600703,20070203/MIAMIL,Final,2007-02-04,02:30,1610612749,MIL,98,1610612748,MIA,117,,,,False
2006-2007,2007,0020600704,20070203/NOKHOU,Final,2007-02-04,02:30,1610612745,HOU,74,1610612740,NOK,87,,,,False
2006-2007,2007,0020600705,20070203/MINDAL,Final,2007-02-04,02:30,1610612742,DAL,94,1610612750,MIN,93,,,,False
2006-2007,2007,0020600706,20070203/UTAPHX,Final,2007-02-04,03:00,1610612756,PHX,105,1610612762,UTA,108,,,,False
2006-2007,2007,0020600707,20070203/DENSAC,Final,2007-02-04,04:00,1610612758,SAC,94,1610612743,DEN,87,,,,False
2006-2007,2007,0020600708,20070203/CHIPOR,Final,2007-02-04,04:00,1610612757,POR,86,1610612741,CHI,88,,,,False
2006-2007,2007,0020600709,20070204/LACTOR,Final,2007-02-04,18:00,1610612761,TOR,122,1610612746,LAC,110,,,,False
2006-2007,2007,0020600710,20070204/ATLNJN,Final/OT,2007-02-04,18:00,1610612751,NJN,99,1610612737,ATL,101,,,,False
2006-2007,2007,0020600711,20070204/DETCLE,Final,2007-02-04,20:30,1610612739,CLE,78,1610612765,DET,90,,,,False
2006-2007,2007,0020600712,20070205/NJNPHI,Final/OT,2007-02-06,01:00,1610612755,PHI,100,1610612751,NJN,98,,,,False
2006-2007,2007,0020600713,20070205/SEAWAS,Final,2007-02-06,01:00,1610612764,WAS,118,1610612760,SEA,108,,,,False
2006-2007,2007,0020600714,20070205/LALATL,Final,2007-02-06,01:00,1610612737,ATL,83,1610612747,LAL,90,,,,False
2006-2007,2007,0020600715,20070205/GSWIND,Final,2007-02-06,01:00,1610612754,IND,98,1610612744,GSW,113,,,,False
2006-2007,2007,0020600716,20070205/CHAMIA,Final,2007-02-06,01:30,1610612748,MIA,113,1610612766,CHA,93,,,,False
2006-2007,2007,0020600717,20070205/MINHOU,Final,2007-02-06,02:30,1610612745,HOU,105,1610612750,MIN,77,,,,False
2006-2007,2007,0020600373,20070205/PHXDEN,Final,2007-02-06,03:00,1610612743,DEN,108,1610612756,PHX,113,,,,False
2006-2007,2007,0020600718,20070205/CHIUTA,Final,2007-02-06,03:00,1610612762,UTA,100,1610612741,CHI,95,,,,False
2006-2007,2007,0020600719,20070205/NOKSAC,Final,2007-02-06,04:00,1610612758,SAC,105,1610612740,NOK,99,,,,False
2006-2007,2007,0020600720,20070206/LACNYK,Final,2007-02-07,01:30,1610612752,NYK,102,1610612746,LAC,90,,,,False
2006-2007,2007,0020600721,20070206/BOSDET,Final,2007-02-07,01:30,1610612765,DET,109,1610612738,BOS,102,,,,False
2006-2007,2007,0020600722,20070206/ORLMIL,Final,2007-02-07,02:00,1610612749,MIL,116,1610612753,ORL,111,,,,False
2006-2007,2007,0020600723,20070206/HOUMEM,Final,2007-02-07,02:00,1610612763,MEM,90,1610612745,HOU,98,,,,False
2006-2007,2007,0020600724,20070206/PHXPOR,Final/OT,2007-02-07,04:00,1610612757,POR,102,1610612756,PHX,109,,,,False
2006-2007,2007,0020600725,20070207/ORLTOR,Final,2007-02-08,01:00,1610612761,TOR,113,1610612753,ORL,103,,,,False
2006-2007,2007,0020600726,20070207/CHAPHI,Final,2007-02-08,01:00,1610612755,PHI,92,1610612766,CHA,83,,,,False
2006-2007,2007,0020600727,20070207/SASWAS,Final,2007-02-08,01:00,1610612764,WAS,83,1610612759,SAS,110,,,,False
2006-2007,2007,0020600728,20070207/NJNATL,Final,2007-02-08,01:00,1610612737,ATL,85,1610612751,NJN,87,,,,False
2006-2007,2007,0020600729,20070207/LACCLE,Final,2007-02-08,01:00,1610612739,CLE,94,1610612746,LAC,77,,,,False
2006-2007,2007,0020600730,20070207/SEAIND,Final,2007-02-08,01:00,1610612754,IND,102,1610612760,SEA,103,,,,False
2006-2007,2007,0020600731,20070207/MIABOS,Final,2007-02-08,01:30,1610612738,BOS,79,1610612748,MIA,91,,,,False
2006-2007,2007,0020600732,20070207/GSWMIN,Final,2007-02-08,02:00,1610612750,MIN,121,1610612744,GSW,93,,,,False
2006-2007,2007,0020600733,20070207/MEMDAL,Final,2007-02-08,02:30,1610612742,DAL,113,1610612763,MEM,97,,,,False
2006-2007,2007,0020600734,20070207/NOKDEN,Final/OT,2007-02-08,03:00,1610612743,DEN,112,1610612740,NOK,114,,,,False
2006-2007,2007,0020600735,20070208/LALDET,Final,2007-02-09,02:00,1610612765,DET,93,1610612747,LAL,78,,,,False
2006-2007,2007,0020600736,20070208/MILNOK,Final/OT2,2007-02-09,02:00,1610612740,NOK,109,1610612749,MIL,101,,,,False
2006-2007,2007,0020600737,20070208/CHISAC,Final,2007-02-09,04:30,1610612758,SAC,86,1610612741,CHI,77,,,,False
2006-2007,2007,0020600738,20070209/LALTOR,Final,2007-02-10,01:00,1610612761,TOR,96,1610612747,LAL,92,,,,False
2006-2007,2007,0020600739,20070209/LACPHI,Final,2007-02-10,01:00,1610612755,PHI,89,1610612746,LAC,90,,,,False
2006-2007,2007,0020600740,20070209/PORCHA,Final/OT,2007-02-10,01:00,1610612766,CHA,100,1610612757,POR,108,,,,False
2006-2007,2007,0020600741,20070209/SASORL,Final,2007-02-10,01:00,1610612753,ORL,106,1610612759,SAS,104,,,,False
2006-2007,2007,0020600742,20070209/DENIND,Final,2007-02-10,01:00,1610612754,IND,95,1610612743,DEN,102,,,,False
2006-2007,2007,0020600743,20070209/NJNBOS,Final,2007-02-10,01:30,1610612738,BOS,78,1610612751,NJN,92,,,,False
2006-2007,2007,0020600744,20070209/MIACLE,Final,2007-02-10,02:00,1610612739,CLE,103,1610612748,MIA,79,,,,False
2006-2007,2007,0020600745,20070209/MINMEM,Final/OT,2007-02-10,02:00,1610612763,MEM,105,1610612750,MIN,97,,,,False
2006-2007,2007,0020600746,20070209/HOUDAL,Final,2007-02-10,02:30,1610612742,DAL,95,1610612745,HOU,74,,,,False
2006-2007,2007,0020600747,20070209/ATLPHX,Final,2007-02-10,03:00,1610612756,PHX,111,1610612737,ATL,120,,,,False
2006-2007,2007,0020600748,20070209/CHIGSW,Final/OT,2007-02-10,04:30,1610612744,GSW,123,1610612741,CHI,121,,,,False
2006-2007,2007,0020600749,20070210/ORLNJN,Final,2007-02-11,01:30,1610612751,NJN,93,1610612753,ORL,78,,,,False
2006-2007,2007,0020600750,20070210/TORDET,Final,2007-02-11,01:30,1610612765,DET,98,1610612761,TOR,92,,,,False
2006-2007,2007,0020600751,20070210/MEMNOK,Final,2007-02-11,02:00,1610612740,NOK,114,1610612763,MEM,99,,,,False
2006-2007,2007,0020600752,20070210/DENMIL,Final,2007-02-11,02:30,1610612749,MIL,102,1610612743,DEN,109,,,,False
2006-2007,2007,0020600753,20070210/CHAHOU,Final,2007-02-11,02:30,1610612745,HOU,104,1610612766,CHA,83,,,,False
2006-2007,2007,0020600754,20070210/NYKUTA,Final/OT,2007-02-11,03:00,1610612762,UTA,104,1610612752,NYK,102,,,,False
2006-2007,2007,0020600755,20070210/SACSEA,Final,2007-02-11,04:00,1610612760,SEA,93,1610612758,SAC,114,,,,False
2006-2007,2007,0020600756,20070211/PORWAS,Final,2007-02-11,19:00,1610612764,WAS,73,1610612757,POR,94,,,,False
2006-2007,2007,0020600757,20070211/SASMIA,Final,2007-02-11,19:00,1610612748,MIA,100,1610612759,SAS,85,,,,False
2006-2007,2007,0020600758,20070211/LACIND,Final,2007-02-11,20:30,1610612754,IND,94,1610612746,LAC,80,,,,False
2006-2007,2007,0020600759,20070211/LALCLE,Final,2007-02-11,21:30,1610612739,CLE,99,1610612747,LAL,90,,,,False
2006-2007,2007,0020600760,20070211/BOSMIN,Final,2007-02-12,00:00,1610612750,MIN,109,1610612738,BOS,107,,,,False
2006-2007,2007,0020600761,20070211/DALPHI,Final,2007-02-12,00:00,1610612755,PHI,89,1610612742,DAL,106,,,,False
2006-2007,2007,0020600762,20070211/CHIPHX,Final,2007-02-12,02:00,1610612756,PHX,103,1610612741,CHI,116,,,,False
2006-2007,2007,0020600763,20070211/ATLGSW,Final,2007-02-12,03:00,1610612744,GSW,105,1610612737,ATL,106,,,,False
2006-2007,2007,0020600764,20070211/SEASAC,Final,2007-02-12,03:00,1610612758,SAC,103,1610612760,SEA,114,,,,False
2006-2007,2007,0020600765,20070212/LACDET,Final,2007-02-13,01:30,1610612765,DET,92,1610612746,LAC,74,,,,False
2006-2007,2007,0020600766,20070212/GSWDEN,Final,2007-02-13,03:00,1610612743,DEN,123,1610612744,GSW,111,,,,False
2006-2007,2007,0020600767,20070212/ATLUTA,Final,2007-02-13,03:00,1610612762,UTA,102,1610612737,ATL,76,,,,False
2006-2007,2007,0020600768,20070213/SASNJN,Final,2007-02-14,01:30,1610612751,NJN,82,1610612759,SAS,107,,,,False
2006-2007,2007,0020600769,20070213/PORMIA,Final,2007-02-14,01:30,1610612748,MIA,104,1610612757,POR,85,,,,False
2006-2007,2007,0020600770,20070213/DALMIL,Final,2007-02-14,02:00,1610612749,MIL,93,1610612742,DAL,99,,,,False
2006-2007,2007,0020600771,20070213/NOKMEM,Final,2007-02-14,02:00,1610612763,MEM,108,1610612740,NOK,104,,,,False
2006-2007,2007,0020600772,20070213/TORCHI,Final,2007-02-14,02:30,1610612741,CHI,111,1610612761,TOR,112,,,,False
2006-2007,2007,0020600773,20070213/SACHOU,Final/OT,2007-02-14,02:30,1610612745,HOU,109,1610612758,SAC,104,,,,False
2006-2007,2007,0020600774,20070213/NYKLAL,Final,2007-02-14,04:30,1610612747,LAL,106,1610612752,NYK,107,,,,False
2006-2007,2007,0020600775,20070214/NJNTOR,Final,2007-02-15,01:00,1610612761,TOR,120,1610612751,NJN,109,,,,False
2006-2007,2007,0020600776,20070214/WASPHI,Final,2007-02-15,01:00,1610612755,PHI,85,1610612764,WAS,92,,,,False
2006-2007,2007,0020600777,20070214/CHICHA,Final,2007-02-15,01:00,1610612766,CHA,100,1610612741,CHI,85,,,,False
2006-2007,2007,0020600778,20070214/PORORL,Final,2007-02-15,01:00,1610612753,ORL,103,1610612757,POR,91,,,,False
2006-2007,2007,0020600779,20070214/MEMIND,Final,2007-02-15,01:00,1610612754,IND,114,1610612763,MEM,104,,,,False
2006-2007,2007,0020600780,20070214/MILBOS,Final,2007-02-15,01:30,1610612738,BOS,117,1610612749,MIL,97,,,,False
2006-2007,2007,0020600781,20070214/SASDET,Final,2007-02-15,01:30,1610612765,DET,81,1610612759,SAS,90,,,,False
2006-2007,2007,0020600782,20070214/SACNOK,Final,2007-02-15,02:00,1610612740,NOK,110,1610612758,SAC,93,,,,False
2006-2007,2007,0020600783,20070214/DENMIN,Final,2007-02-15,02:00,1610612750,MIN,99,1610612743,DEN,94,,,,False
2006-2007,2007,0020600784,20070214/CLEUTA,Final,2007-02-15,03:00,1610612762,UTA,99,1610612739,CLE,98,,,,False
2006-2007,2007,0020600785,20070214/PHXSEA,Final,2007-02-15,04:00,1610612760,SEA,114,1610612756,PHX,90,,,,False
2006-2007,2007,0020600786,20070214/ATLLAC,Final,2007-02-15,04:30,1610612746,LAC,93,1610612737,ATL,96,,,,False
2006-2007,2007,0020600787,20070214/NYKGSW,Final,2007-02-15,04:30,1610612744,GSW,120,1610612752,NYK,101,,,,False
2006-2007,2007,0020600788,20070215/DALHOU,Final,2007-02-16,02:00,1610612745,HOU,77,1610612742,DAL,80,,,,False
2006-2007,2007,0020600789,20070215/CLELAL,Final,2007-02-16,04:30,1610612747,LAL,108,1610612739,CLE,114,,,,False
2006-2007,2007,0030600003,20070216/ESTWST,Final,2007-02-17,01:00,1610616834,WST,0,1610616833,EST,0,,All-Star Game,,False
2006-2007,2007,0030600002,20070216/RKESPH,Final,2007-02-17,03:00,1610616838,SPH,155,1610616837,RKE,114,,Rising Stars,,False
2006-2007,2007,0030600005,20070217/ESTWST,5:00 pm ET,2007-02-17,23:00,1610616834,WST,0,1610616833,EST,0,,All-Star Game,,False
2006-2007,2007,0030600006,20070217/ESTWST,7:00 pm ET,2007-02-18,01:00,1610616834,WST,0,1610616833,EST,0,,All-Star Game,,False
2006-2007,2007,0030600007,20070217/ESTWST,8:00 pm ET,2007-02-18,02:00,1610616834,WST,0,1610616833,EST,0,,All-Star Game,,False
2006-2007,2007,0030600004,20070217/ESTWST,8:30 pm ET,2007-02-18,02:30,1610616834,WST,0,1610616833,EST,0,,All-Star Game,,False
2006-2007,2007,0030600008,20070217/ESTWST,10:00 pm ET,2007-02-18,04:00,1610616834,WST,0,1610616833,EST,0,,All-Star Game,,False
2006-2007,2007,0030600001,20070218/ESTWST,Final,2007-02-19,02:30,1610616834,WST,153,1610616833,EST,132,,All-Star Game,,False
2006-2007,2007,0020600790,20070220/MINWAS,Final,2007-02-21,01:00,1610612764,WAS,112,1610612750,MIN,100,,,,False
2006-2007,2007,0020600791,20070220/NOKCHA,Final,2007-02-21,01:00,1610612766,CHA,104,1610612740,NOK,100,,,,False
2006-2007,2007,0020600792,20070220/ORLNYK,Final,2007-02-21,01:30,1610612752,NYK,100,1610612753,ORL,94,,,,False
2006-2007,2007,0020600793,20070220/DETMIL,Final,2007-02-21,02:00,1610612749,MIL,83,1610612765,DET,84,,,,False
2006-2007,2007,0020600794,20070220/DENSAS,Final,2007-02-21,02:00,1610612759,SAS,95,1610612743,DEN,80,,,,False
2006-2007,2007,0020600795,20070220/ATLCHI,Final,2007-02-21,02:30,1610612741,CHI,106,1610612737,ATL,81,,,,False
2006-2007,2007,0020600796,20070220/BOSSAC,Final,2007-02-21,04:00,1610612758,SAC,104,1610612738,BOS,101,,,,False
2006-2007,2007,0020600797,20070220/UTAPOR,Final,2007-02-21,04:00,1610612757,POR,103,1610612762,UTA,100,,,,False
2006-2007,2007,0020600798,20070220/MEMSEA,Final,2007-02-21,04:00,1610612760,SEA,121,1610612763,MEM,105,,,,False
2006-2007,2007,0020600799,20070220/PHXLAC,Final,2007-02-21,04:30,1610612746,LAC,90,1610612756,PHX,115,,,,False
2006-2007,2007,0020600800,20070221/CLETOR,Final,2007-02-22,01:00,1610612761,TOR,85,1610612739,CLE,86,,,,False
2006-2007,2007,0020600801,20070221/NYKPHI,Final,2007-02-22,01:00,1610612755,PHI,104,1610612752,NYK,84,,,,False
2006-2007,2007,0020600802,20070221/SASATL,Final,2007-02-22,01:00,1610612737,ATL,96,1610612759,SAS,103,,,,False
2006-2007,2007,0020600803,20070221/MILIND,Final/OT2,2007-02-22,01:00,1610612754,IND,136,1610612749,MIL,129,,,,False
2006-2007,2007,0020600804,20070221/NOKNJN,Final,2007-02-22,01:30,1610612751,NJN,107,1610612740,NOK,111,,,,False
2006-2007,2007,0020600805,20070221/ORLDET,Final,2007-02-22,01:30,1610612765,DET,110,1610612753,ORL,88,,,,False
2006-2007,2007,0020600806,20070221/CHAMIN,Final,2007-02-22,02:00,1610612750,MIN,95,1610612766,CHA,100,,,,False
2006-2007,2007,0020600807,20070221/MIAHOU,Final,2007-02-22,03:00,1610612745,HOU,112,1610612748,MIA,102,,,,False
2006-2007,2007,0020600808,20070221/BOSPHX,Final,2007-02-22,03:00,1610612756,PHX,118,1610612738,BOS,108,,,,False
2006-2007,2007,0020600809,20070221/PORLAL,Final,2007-02-22,04:30,1610612747,LAL,108,1610612757,POR,112,,,,False
2006-2007,2007,0020600810,20070221/MEMGSW,Final/OT,2007-02-22,04:30,1610612744,GSW,118,1610612763,MEM,115,,,,False
2006-2007,2007,0020600811,20070222/SACWAS,Final,2007-02-23,01:00,1610612764,WAS,109,1610612758,SAC,106,,,,False
2006-2007,2007,0020600812,20070222/CHICLE,Final,2007-02-23,01:00,1610612739,CLE,78,1610612741,CHI,84,,,,False
2006-2007,2007,0020600813,20070222/MIADAL,Final,2007-02-23,03:30,1610612742,DAL,112,1610612748,MIA,100,,,,False
2006-2007,2007,0020600814,20070223/INDTOR,Final,2007-02-24,01:00,1610612761,TOR,110,1610612754,IND,88,,,,False
2006-2007,2007,0020600815,20070223/PHICHA,Final,2007-02-24,01:00,1610612766,CHA,102,1610612755,PHI,87,,,,False
2006-2007,2007,0020600816,20070223/DETORL,Final,2007-02-24,01:00,1610612753,ORL,89,1610612765,DET,94,,,,False
2006-2007,2007,0020600817,20070223/SACNJN,Final,2007-02-24,01:30,1610612751,NJN,109,1610612758,SAC,96,,,,False
2006-2007,2007,0020600818,20070223/MILNYK,Final,2007-02-24,01:30,1610612752,NYK,95,1610612749,MIL,93,,,,False
2006-2007,2007,0020600819,20070223/HOUATL,Final,2007-02-24,01:30,1610612737,ATL,105,1610612745,HOU,99,,,,False
2006-2007,2007,0020600820,20070223/WASCHI,Final,2007-02-24,02:00,1610612741,CHI,105,1610612764,WAS,90,,,,False
2006-2007,2007,0020600821,20070223/SEANOK,Final,2007-02-24,02:00,1610612740,NOK,98,1610612760,SEA,97,,,,False
2006-2007,2007,0020600822,20070223/PHXMIN,Final,2007-02-24,02:00,1610612750,MIN,104,1610612756,PHX,116,,,,False
2006-2007,2007,0020600823,20070223/MEMPOR,Final,2007-02-24,04:00,1610612757,POR,102,1610612763,MEM,103,,,,False
2006-2007,2007,0020600824,20070223/UTADEN,Final,2007-02-24,04:30,1610612743,DEN,104,1610612762,UTA,114,,,,False
2006-2007,2007,0020600825,20070223/BOSLAL,Final,2007-02-24,04:30,1610612747,LAL,122,1610612738,BOS,96,,,,False
2006-2007,2007,0020600826,20070224/GSWLAC,Final,2007-02-24,21:30,1610612746,LAC,103,1610612744,GSW,90,,,,False
2006-2007,2007,0020600827,20070224/TORCHA,Final,2007-02-25,01:00,1610612766,CHA,76,1610612761,TOR,93,,,,False
2006-2007,2007,0020600828,20070224/SEASAS,Final,2007-02-25,02:00,1610612759,SAS,102,1610612760,SEA,71,,,,False
2006-2007,2007,0020600829,20070224/PHIMIL,Final,2007-02-25,02:30,1610612749,MIL,109,1610612755,PHI,90,,,,False
2006-2007,2007,0020600830,20070224/DENDAL,Final,2007-02-25,03:00,1610612742,DAL,115,1610612743,DEN,95,,,,False
2006-2007,2007,0020600831,20070224/BOSUTA,Final,2007-02-25,03:00,1610612762,UTA,105,1610612738,BOS,87,,,,False
2006-2007,2007,0020600832,20070225/CHIDET,Final,2007-02-25,19:00,1610612765,DET,95,1610612741,CHI,93,,,,False
2006-2007,2007,0020600834,20070225/HOUORL,Final,2007-02-25,20:00,1610612753,ORL,93,1610612745,HOU,97,,,,False
2006-2007,2007,0020600835,20070225/CLEMIA,Final,2007-02-25,21:30,1610612748,MIA,86,1610612739,CLE,81,,,,False
2006-2007,2007,0020600836,20070225/WASMIN,Final,2007-02-25,21:30,1610612750,MIN,98,1610612764,WAS,94,,,,False
2006-2007,2007,0020600833,20070225/PHXATL,Final,2007-02-26,00:00,1610612737,ATL,106,1610612756,PHX,115,,,,False
2006-2007,2007,0020600837,20070225/NYKNJN,Final,2007-02-26,00:00,1610612751,NJN,101,1610612752,NYK,92,,,,False
2006-2007,2007,0020600838,20070225/LALGSW,Final,2007-02-26,00:00,1610612744,GSW,85,1610612747,LAL,102,,,,False
2006-2007,2007,0020600839,20070225/SACIND,Final,2007-02-26,02:00,1610612754,IND,93,1610612758,SAC,110,,,,False
2006-2007,2007,0020600840,20070226/SACPHI,Final,2007-02-27,01:00,1610612755,PHI,89,1610612758,SAC,82,,,,False
2006-2007,2007,0020600841,20070226/MIANYK,Final,2007-02-27,01:30,1610612752,NYK,99,1610612748,MIA,93,,,,False
2006-2007,2007,0020600842,20070226/DENMEM,Final,2007-02-27,02:00,1610612763,MEM,107,1610612743,DEN,111,,,,False
2006-2007,2007,0020600843,20070226/TORSAS,Final,2007-02-27,02:00,1610612759,SAS,107,1610612761,TOR,91,,,,False
2006-2007,2007,0020600844,20070226/ORLCHI,Final,2007-02-27,02:30,1610612741,CHI,87,1610612753,ORL,94,,,,False
2006-2007,2007,0020600845,20070226/BOSHOU,Final,2007-02-27,02:30,1610612745,HOU,72,1610612738,BOS,77,,,,False
2006-2007,2007,0020600846,20070226/ATLDAL,Final,2007-02-27,02:30,1610612742,DAL,110,1610612737,ATL,87,,,,False
2006-2007,2007,0020600847,20070226/LALUTA,Final,2007-02-27,03:00,1610612762,UTA,94,1610612747,LAL,102,,,,False
2006-2007,2007,0020600848,20070226/PORSEA,Final,2007-02-27,04:00,1610612760,SEA,97,1610612757,POR,73,,,,False
2006-2007,2007,0020600849,20070226/CHALAC,Final,2007-02-27,04:30,1610612746,LAC,100,1610612766,CHA,93,,,,False
2006-2007,2007,0020600850,20070227/NOKCLE,Final,2007-02-28,01:00,1610612739,CLE,97,1610612740,NOK,89,,,,False
2006-2007,2007,0020600851,20070227/PHXIND,Final,2007-02-28,01:00,1610612754,IND,92,1610612756,PHX,103,,,,False
2006-2007,2007,0020600852,20070227/WASNJN,Final,2007-02-28,01:30,1610612751,NJN,113,1610612764,WAS,101,,,,False
2006-2007,2007,0020600853,20070227/GSWMIL,Final,2007-02-28,02:00,1610612749,MIL,122,1610612744,GSW,101,,,,False
2006-2007,2007,0020600854,20070227/DALMIN,Final,2007-02-28,02:00,1610612750,MIN,65,1610612742,DAL,91,,,,False
2006-2007,2007,0020600855,20070228/PHXPHI,Final,2007-03-01,01:00,1610612755,PHI,99,1610612756,PHX,94,,,,False
2006-2007,2007,0020600856,20070228/MIAWAS,Final,2007-03-01,01:00,1610612764,WAS,83,1610612748,MIA,92,,,,False
2006-2007,2007,0020600857,20070228/NYKBOS,Final,2007-03-01,01:30,1610612738,BOS,102,1610612752,NYK,94,,,,False
2006-2007,2007,0020600858,20070228/UTAMEM,Final,2007-03-01,02:00,1610612763,MEM,88,1610612762,UTA,104,,,,False
2006-2007,2007,0020600859,20070228/ATLNOK,Final,2007-03-01,02:00,1610612740,NOK,107,1610612737,ATL,100,,,,False
2006-2007,2007,0020600860,20070228/GSWCHI,Final,2007-03-01,02:30,1610612741,CHI,113,1610612744,GSW,83,,,,False
2006-2007,2007,0020600861,20070228/TORHOU,Final,2007-03-01,02:30,1610612745,HOU,90,1610612761,TOR,106,,,,False
2006-2007,2007,0020600862,20070228/ORLDEN,Final,2007-03-01,03:00,1610612743,DEN,111,1610612753,ORL,101,,,,False
2006-2007,2007,0020600863,20070228/CHASAC,Final,2007-03-01,04:00,1610612758,SAC,135,1610612766,CHA,120,,,,False
2006-2007,2007,0020600864,20070228/SEALAC,Final,2007-03-01,04:30,1610612746,LAC,96,1610612760,SEA,91,,,,False
2006-2007,2007,0020600865,20070301/CLEDAL,Final,2007-03-02,02:00,1610612742,DAL,95,1610612739,CLE,92,,,,False
2006-2007,2007,0020600866,20070301/CHAPOR,Final,2007-03-02,04:00,1610612757,POR,127,1610612766,CHA,90,,,,False
2006-2007,2007,0020600867,20070301/LACSEA,Final,2007-03-02,04:30,1610612760,SEA,77,1610612746,LAC,75,,,,False
2006-2007,2007,0020600868,20070302/MILTOR,Final,2007-03-03,01:00,1610612761,TOR,81,1610612749,MIL,94,,,,False
2006-2007,2007,0020600869,20070302/MEMPHI,Final/OT,2007-03-03,01:00,1610612755,PHI,117,1610612763,MEM,112,,,,False
2006-2007,2007,0020600870,20070302/ATLWAS,Final,2007-03-03,01:00,1610612764,WAS,93,1610612737,ATL,92,,,,False
2006-2007,2007,0020600871,20070302/GSWNYK,Final,2007-03-03,01:30,1610612752,NYK,106,1610612744,GSW,97,,,,False
2006-2007,2007,0020600872,20070302/DETMIA,Final,2007-03-03,02:00,1610612748,MIA,85,1610612765,DET,82,,,,False
2006-2007,2007,0020600873,20070302/ORLSAS,Final,2007-03-03,02:00,1610612759,SAS,98,1610612753,ORL,74,,,,False
2006-2007,2007,0020600874,20070302/UTAMIN,Final,2007-03-03,02:00,1610612750,MIN,83,1610612762,UTA,109,,,,False
2006-2007,2007,0020600875,20070302/NOKCHI,Final,2007-03-03,02:30,1610612741,CHI,104,1610612740,NOK,93,,,,False
2006-2007,2007,0020600877,20070302/INDPHX,Final,2007-03-03,03:00,1610612756,PHX,115,1610612754,IND,90,,,,False
2006-2007,2007,0020600876,20070302/HOUDEN,Final,2007-03-03,04:30,1610612743,DEN,97,1610612745,HOU,108,,,,False
2006-2007,2007,0020600878,20070302/SACLAL,Final,2007-03-03,04:30,1610612747,LAL,108,1610612758,SAC,116,,,,False
2006-2007,2007,0020600879,20070303/BOSNJN,Final/OT,2007-03-03,19:00,1610612751,NJN,88,1610612738,BOS,96,,,,False
2006-2007,2007,0020600880,20070303/NYKATL,Final/OT,2007-03-04,01:00,1610612737,ATL,100,1610612752,NYK,104,,,,False
2006-2007,2007,0020600881,20070303/TORCLE,Final,2007-03-04,01:30,1610612739,CLE,120,1610612761,TOR,97,,,,False
2006-2007,2007,0020600882,20070303/DETMEM,Final,2007-03-04,02:00,1610612763,MEM,89,1610612765,DET,92,,,,False
2006-2007,2007,0020600883,20070303/SASHOU,Final,2007-03-04,02:30,1610612745,HOU,74,1610612759,SAS,97,,,,False
2006-2007,2007,0020600884,20070303/ORLDAL,Final,2007-03-04,03:00,1610612742,DAL,103,1610612753,ORL,98,,,,False
2006-2007,2007,0020600885,20070303/SACPOR,Final,2007-03-04,04:00,1610612757,POR,96,1610612758,SAC,104,,,,False
2006-2007,2007,0020600886,20070303/INDLAC,Final,2007-03-04,04:30,1610612746,LAC,87,1610612754,IND,64,,,,False
2006-2007,2007,0020600887,20070304/MINBOS,Final/OT2,2007-03-04,18:30,1610612738,BOS,124,1610612750,MIN,117,,,,False
2006-2007,2007,0020600888,20070304/GSWWAS,Final,2007-03-04,19:00,1610612764,WAS,107,1610612744,GSW,106,,,,False
2006-2007,2007,0020600889,20070304/CHIMIL,Final/OT,2007-03-04,21:00,1610612749,MIL,121,1610612741,CHI,126,,,,False
2006-2007,2007,0020600890,20070304/LALPHX,Final,2007-03-04,21:30,1610612756,PHX,99,1610612747,LAL,94,,,,False
2006-2007,2007,0020600892,20070304/NJNPHI,Final,2007-03-05,00:00,1610612755,PHI,99,1610612751,NJN,86,,,,False
2006-2007,2007,0020600891,20070304/UTANOK,Final,2007-03-05,02:00,1610612740,NOK,94,1610612762,UTA,108,,,,False
2006-2007,2007,0020600893,20070304/CHASEA,Final,2007-03-05,03:00,1610612760,SEA,96,1610612766,CHA,89,,,,False
2006-2007,2007,0020600894,20070305/MILORL,Final,2007-03-06,01:00,1610612753,ORL,99,1610612749,MIL,81,,,,False
2006-2007,2007,0020600895,20070305/HOUCLE,Final,2007-03-06,01:00,1610612739,CLE,91,1610612745,HOU,85,,,,False
2006-2007,2007,0020600896,20070305/ATLMIA,Final,2007-03-06,01:30,1610612748,MIA,88,1610612737,ATL,81,,,,False
2006-2007,2007,0020600897,20070305/GSWDET,Final,2007-03-06,01:30,1610612765,DET,93,1610612744,GSW,111,,,,False
2006-2007,2007,0020600898,20070305/CHAUTA,Final,2007-03-06,03:00,1610612762,UTA,120,1610612766,CHA,95,,,,False
2006-2007,2007,0020600899,20070305/SASLAC,Final,2007-03-06,04:30,1610612746,LAC,74,1610612759,SAS,88,,,,False
2006-2007,2007,0020600900,20070306/TORWAS,Final,2007-03-07,01:00,1610612764,WAS,129,1610612761,TOR,109,,,,False
2006-2007,2007,0020600901,20070306/SEANYK,Final,2007-03-07,01:30,1610612752,NYK,99,1610612760,SEA,100,,,,False
2006-2007,2007,0020600902,20070306/LALMIN,Final/OT2,2007-03-07,02:00,1610612750,MIN,117,1610612747,LAL,107,,,,False
2006-2007,2007,0020600903,20070306/NJNDAL,Final,2007-03-07,02:30,1610612742,DAL,102,1610612751,NJN,89,,,,False
2006-2007,2007,0020600904,20070306/NOKDEN,Final,2007-03-07,03:00,1610612743,DEN,106,1610612740,NOK,91,,,,False
2006-2007,2007,0020600905,20070306/INDSAC,Final,2007-03-07,04:00,1610612758,SAC,102,1610612754,IND,98,,,,False
2006-2007,2007,0020600906,20070306/SASPOR,Final,2007-03-07,04:00,1610612757,POR,94,1610612759,SAS,99,,,,False
2006-2007,2007,0020600907,20070307/MEMTOR,Final,2007-03-08,01:00,1610612761,TOR,94,1610612763,MEM,87,,,,False
2006-2007,2007,0020600908,20070307/SEAPHI,Final,2007-03-08,01:00,1610612755,PHI,92,1610612760,SEA,89,,,,False
2006-2007,2007,0020600909,20070307/WASATL,Final,2007-03-08,01:00,1610612737,ATL,100,1610612764,WAS,97,,,,False
2006-2007,2007,0020600910,20070307/HOUBOS,Final,2007-03-08,01:30,1610612738,BOS,80,1610612745,HOU,111,,,,False
2006-2007,2007,0020600911,20070307/CHIMIA,Final,2007-03-08,01:30,1610612748,MIA,103,1610612741,CHI,70,,,,False
2006-2007,2007,0020600912,20070307/CLEDET,Final/OT,2007-03-08,01:30,1610612765,DET,97,1610612739,CLE,101,,,,False
2006-2007,2007,0020600913,20070307/LALMIL,Final,2007-03-08,02:00,1610612749,MIL,110,1610612747,LAL,90,,,,False
2006-2007,2007,0020600914,20070307/INDUTA,Final,2007-03-08,03:00,1610612762,UTA,94,1610612754,IND,72,,,,False
2006-2007,2007,0020600915,20070307/CHAPHX,Final/OT,2007-03-08,03:00,1610612756,PHX,115,1610612766,CHA,106,,,,False
2006-2007,2007,0020600916,20070307/DENGSW,Final,2007-03-08,04:30,1610612744,GSW,110,1610612743,DEN,96,,,,False
2006-2007,2007,0020600917,20070308/CHIORL,Final,2007-03-09,02:00,1610612753,ORL,76,1610612741,CHI,100,,,,False
2006-2007,2007,0020600918,20070308/SASSAC,Final,2007-03-09,04:30,1610612758,SAC,93,1610612759,SAS,100,,,,False
2006-2007,2007,0020600919,20070309/LALPHI,Final,2007-03-10,01:00,1610612755,PHI,108,1610612747,LAL,92,,,,False
2006-2007,2007,0020600920,20070309/SEABOS,Final,2007-03-10,01:30,1610612738,BOS,118,1610612760,SEA,103,,,,False
2006-2007,2007,0020600921,20070309/MEMATL,Final,2007-03-10,01:30,1610612737,ATL,106,1610612763,MEM,105,,,,False
2006-2007,2007,0020600922,20070309/MINMIA,Final,2007-03-10,01:30,1610612748,MIA,105,1610612750,MIN,91,,,,False
2006-2007,2007,0020600923,20070309/NJNHOU,Final,2007-03-10,02:30,1610612745,HOU,112,1610612751,NJN,91,,,,False
2006-2007,2007,0020600924,20070309/DETDEN,Final,2007-03-10,03:00,1610612743,DEN,82,1610612765,DET,95,,,,False
2006-2007,2007,0020600925,20070309/NOKPHX,Final,2007-03-10,03:00,1610612756,PHX,104,1610612740,NOK,103,,,,False
2006-2007,2007,0020600926,20070309/LACGSW,Final,2007-03-10,04:30,1610612744,GSW,99,1610612746,LAC,89,,,,False
2006-2007,2007,0020600927,20070310/NYKWAS,Final,2007-03-11,01:00,1610612764,WAS,89,1610612752,NYK,90,,,,False
2006-2007,2007,0020600928,20070310/MEMCHA,Final,2007-03-11,01:00,1610612766,CHA,107,1610612763,MEM,115,,,,False
2006-2007,2007,0020600929,20070310/MINATL,Final,2007-03-11,01:00,1610612737,ATL,99,1610612750,MIN,93,,,,False
2006-2007,2007,0020600930,20070310/PHIIND,Final,2007-03-11,01:00,1610612754,IND,96,1610612755,PHI,100,,,,False
2006-2007,2007,0020600931,20070310/NJNSAS,Final,2007-03-11,02:00,1610612759,SAS,93,1610612751,NJN,77,,,,False
2006-2007,2007,0020600932,20070310/CLEMIL,Final,2007-03-11,02:30,1610612749,MIL,92,1610612739,CLE,94,,,,False
2006-2007,2007,0020600933,20070310/NOKUTA,Final,2007-03-11,03:00,1610612762,UTA,96,1610612740,NOK,86,,,,False
2006-2007,2007,0020600934,20070311/SEATOR,Final/OT,2007-03-11,18:00,1610612761,TOR,120,1610612760,SEA,119,,,,False
2006-2007,2007,0020600935,20070311/DETLAC,Final,2007-03-11,20:00,1610612746,LAC,80,1610612765,DET,98,,,,False
2006-2007,2007,0020600938,20070311/DENSAC,Final,2007-03-11,20:30,1610612758,SAC,101,1610612743,DEN,113,,,,False
2006-2007,2007,0020600936,20070311/CHIBOS,Final,2007-03-11,23:00,1610612738,BOS,78,1610612741,CHI,94,,,,False
2006-2007,2007,0020600939,20070311/WASMIA,Final,2007-03-11,23:00,1610612748,MIA,106,1610612764,WAS,104,,,,False
2006-2007,2007,0020600940,20070311/INDCLE,Final,2007-03-11,23:00,1610612739,CLE,99,1610612754,IND,88,,,,False
2006-2007,2007,0020600937,20070311/ORLHOU,Final,2007-03-11,23:30,1610612745,HOU,103,1610612753,ORL,92,,,,False
2006-2007,2007,0020600941,20070311/DALLAL,Final,2007-03-12,02:00,1610612747,LAL,72,1610612742,DAL,108,,,,False
2006-2007,2007,0020600942,20070311/GSWPOR,Final,2007-03-12,02:00,1610612757,POR,106,1610612744,GSW,87,,,,False
2006-2007,2007,0020600943,20070312/ORLCHA,Final,2007-03-13,00:00,1610612766,CHA,119,1610612753,ORL,108,,,,False
2006-2007,2007,0020600944,20070312/TORMIL,Final,2007-03-13,01:00,1610612749,MIL,93,1610612761,TOR,108,,,,False
2006-2007,2007,0020600945,20070312/NJNMEM,Final,2007-03-13,01:00,1610612763,MEM,102,1610612751,NJN,113,,,,False
2006-2007,2007,0020600946,20070312/HOUPHX,Final,2007-03-13,03:00,1610612756,PHX,103,1610612745,HOU,82,,,,False
2006-2007,2007,0020600947,20070312/DALGSW,Final,2007-03-13,03:30,1610612744,GSW,117,1610612742,DAL,100,,,,False
2006-2007,2007,0020600948,20070313/PHIATL,Final,2007-03-14,00:00,1610612737,ATL,104,1610612755,PHI,92,,,,False
2006-2007,2007,0020600949,20070313/SACCLE,Final,2007-03-14,00:00,1610612739,CLE,124,1610612758,SAC,100,,,,False
2006-2007,2007,0020600950,20070313/UTAMIA,Final,2007-03-14,00:30,1610612748,MIA,88,1610612762,UTA,86,,,,False
2006-2007,2007,0020600951,20070313/NJNNOK,Final,2007-03-14,01:00,1610612740,NOK,108,1610612751,NJN,112,,,,False
2006-2007,2007,0020600952,20070313/LACSAS,Final,2007-03-14,01:00,1610612759,SAS,93,1610612746,LAC,84,,,,False
2006-2007,2007,0020600953,20070313/INDMIN,Final,2007-03-14,01:00,1610612750,MIN,86,1610612754,IND,81,,,,False
2006-2007,2007,0020600954,20070313/BOSCHI,Final,2007-03-14,01:30,1610612741,CHI,95,1610612738,BOS,87,,,,False
2006-2007,2007,0020600955,20070313/PORDEN,Final,2007-03-14,02:00,1610612743,DEN,107,1610612757,POR,99,,,,False
2006-2007,2007,0020600956,20070313/DETSEA,Final,2007-03-14,03:00,1610612760,SEA,97,1610612765,DET,101,,,,False
2006-2007,2007,0020600957,20070314/NYKTOR,Final,2007-03-15,00:00,1610612761,TOR,104,1610612752,NYK,94,,,,False
2006-2007,2007,0020600958,20070314/CHIPHI,Final,2007-03-15,00:00,1610612755,PHI,87,1610612741,CHI,88,,,,False
2006-2007,2007,0020600959,20070314/SACCHA,Final,2007-03-15,00:00,1610612766,CHA,111,1610612758,SAC,108,,,,False
2006-2007,2007,0020600960,20070314/UTAORL,Final,2007-03-15,00:00,1610612753,ORL,101,1610612762,UTA,90,,,,False
2006-2007,2007,0020600961,20070314/WASIND,Final,2007-03-15,00:00,1610612754,IND,96,1610612764,WAS,112,,,,False
2006-2007,2007,0020600962,20070314/ATLBOS,Final,2007-03-15,00:30,1610612738,BOS,109,1610612737,ATL,88,,,,False
2006-2007,2007,0020600963,20070314/CLEMEM,Final,2007-03-15,01:00,1610612763,MEM,96,1610612739,CLE,118,,,,False
2006-2007,2007,0020600964,20070314/LACHOU,Final,2007-03-15,01:30,1610612745,HOU,109,1610612746,LAC,105,,,,False
2006-2007,2007,0020600965,20070314/PHXDAL,Final/OT2,2007-03-15,02:00,1610612742,DAL,127,1610612756,PHX,129,,,,False
2006-2007,2007,0020600966,20070314/DETPOR,Final,2007-03-15,03:00,1610612757,POR,75,1610612765,DET,87,,,,False
2006-2007,2007,0020600967,20070315/MIANJN,Final,2007-03-16,01:00,1610612751,NJN,86,1610612748,MIA,93,,,,False
2006-2007,2007,0020600968,20070315/SASMIL,Final,2007-03-16,01:00,1610612749,MIL,101,1610612759,SAS,90,,,,False
2006-2007,2007,0020600969,20070315/LALDEN,Final,2007-03-16,03:30,1610612743,DEN,113,1610612747,LAL,86,,,,False
2006-2007,2007,0020600970,20070316/HOUTOR,Final,2007-03-17,00:00,1610612761,TOR,100,1610612745,HOU,114,,,,False
2006-2007,2007,0020600971,20070316/UTAPHI,Final,2007-03-17,00:00,1610612755,PHI,89,1610612762,UTA,88,,,,False
2006-2007,2007,0020600972,20070316/LACCHA,Final,2007-03-17,00:00,1610612766,CHA,93,1610612746,LAC,102,,,,False
2006-2007,2007,0020600973,20070316/NOKNYK,Final,2007-03-17,00:30,1610612752,NYK,90,1610612740,NOK,92,,,,False
2006-2007,2007,0020600974,20070316/SACMIA,Final,2007-03-17,00:30,1610612748,MIA,103,1610612758,SAC,97,,,,False
2006-2007,2007,0020600975,20070316/BOSDAL,Final,2007-03-17,01:30,1610612742,DAL,106,1610612738,BOS,101,,,,False
2006-2007,2007,0020600976,20070316/DETPHX,Final,2007-03-17,03:00,1610612756,PHX,83,1610612765,DET,105,,,,False
2006-2007,2007,0020600977,20070316/PORLAL,Final/OT,2007-03-17,03:30,1610612747,LAL,116,1610612757,POR,111,,,,False
2006-2007,2007,0020600978,20070316/MINGSW,Final,2007-03-17,03:30,1610612744,GSW,106,1610612750,MIN,86,,,,False
2006-2007,2007,0020600979,20070317/NOKWAS,Final,2007-03-18,00:00,1610612764,WAS,125,1610612740,NOK,103,,,,False
2006-2007,2007,0020600980,20070317/SACORL,Final,2007-03-18,00:00,1610612753,ORL,83,1610612758,SAC,95,,,,False
2006-2007,2007,0020600981,20070317/ATLIND,Final,2007-03-18,00:00,1610612754,IND,113,1610612737,ATL,90,,,,False
2006-2007,2007,0020600982,20070317/UTACLE,Final,2007-03-18,00:30,1610612739,CLE,82,1610612762,UTA,73,,,,False
2006-2007,2007,0020600983,20070317/CHIMEM,Final,2007-03-18,01:00,1610612763,MEM,104,1610612741,CHI,103,,,,False
2006-2007,2007,0020600984,20070317/BOSSAS,Final,2007-03-18,01:00,1610612759,SAS,85,1610612738,BOS,91,,,,False
2006-2007,2007,0020600985,20070317/CHAMIL,Final,2007-03-18,01:30,1610612749,MIL,97,1610612766,CHA,91,,,,False
2006-2007,2007,0020600986,20070317/PHXDEN,Final,2007-03-18,03:00,1610612743,DEN,131,1610612756,PHX,107,,,,False
2006-2007,2007,0020600987,20070317/GSWSEA,Final,2007-03-18,03:00,1610612760,SEA,98,1610612744,GSW,99,,,,False
2006-2007,2007,0020600988,20070318/TORNYK,Final,2007-03-18,17:00,1610612752,NYK,92,1610612761,TOR,74,,,,False
2006-2007,2007,0020600989,20070318/DALDET,Final,2007-03-18,20:30,1610612765,DET,88,1610612742,DAL,92,,,,False
2006-2007,2007,0020600990,20070318/LACNJN,Final,2007-03-18,23:00,1610612751,NJN,101,1610612746,LAC,95,,,,False
2006-2007,2007,0020600991,20070318/ORLMIA,Final,2007-03-18,23:00,1610612748,MIA,83,1610612753,ORL,97,,,,False
2006-2007,2007,0020600992,20070318/HOUPHI,Final,2007-03-18,23:00,1610612755,PHI,74,1610612745,HOU,124,,,,False
2006-2007,2007,0020600994,20070318/MINLAL,Final,2007-03-19,01:00,1610612747,LAL,109,1610612750,MIN,102,,,,False
2006-2007,2007,0020600993,20070318/SEAPOR,Final,2007-03-19,02:00,1610612757,POR,77,1610612760,SEA,95,,,,False
2006-2007,2007,0020600995,20070319/SACATL,Final,2007-03-20,00:00,1610612737,ATL,99,1610612758,SAC,76,,,,False
2006-2007,2007,0020600996,20070319/BOSNOK,Final,2007-03-20,01:00,1610612740,NOK,106,1610612738,BOS,88,,,,False
2006-2007,2007,0020600997,20070320/DENNJN,Final,2007-03-21,00:00,1610612751,NJN,90,1610612743,DEN,94,,,,False
2006-2007,2007,0020600998,20070320/CLECHA,Final/OT,2007-03-21,00:00,1610612766,CHA,108,1610612739,CLE,100,,,,False
2006-2007,2007,0020600999,20070320/DALNYK,Final,2007-03-21,00:30,1610612752,NYK,77,1610612742,DAL,92,,,,False
2006-2007,2007,0020601000,20070320/PHIDET,Final,2007-03-21,00:30,1610612765,DET,96,1610612755,PHI,75,,,,False
2006-2007,2007,0020601001,20070320/NOKMEM,Final,2007-03-21,01:00,1610612763,MEM,103,1610612740,NOK,114,,,,False
2006-2007,2007,0020601002,20070320/LACCHI,Final,2007-03-21,01:30,1610612741,CHI,89,1610612746,LAC,103,,,,False
2006-2007,2007,0020601003,20070320/GSWUTA,Final,2007-03-21,02:00,1610612762,UTA,104,1610612744,GSW,100,,,,False
2006-2007,2007,0020601004,20070320/INDHOU,Final,2007-03-21,02:30,1610612745,HOU,86,1610612754,IND,76,,,,False
2006-2007,2007,0020601005,20070320/MINPHX,Final,2007-03-21,03:00,1610612756,PHX,108,1610612750,MIN,90,,,,False
2006-2007,2007,0020601006,20070320/WASPOR,Final,2007-03-21,03:00,1610612757,POR,100,1610612764,WAS,98,,,,False
2006-2007,2007,0020601007,20070321/ORLTOR,Final,2007-03-22,00:00,1610612761,TOR,92,1610612753,ORL,85,,,,False
2006-2007,2007,0020601008,20070321/MIAATL,Final,2007-03-22,00:00,1610612737,ATL,83,1610612748,MIA,91,,,,False
2006-2007,2007,0020601009,20070321/CHABOS,Final,2007-03-22,00:30,1610612738,BOS,84,1610612766,CHA,92,,,,False
2006-2007,2007,0020601010,20070321/DALCLE,Final,2007-03-22,01:00,1610612739,CLE,90,1610612742,DAL,98,,,,False
2006-2007,2007,0020601011,20070321/LACMIL,Final,2007-03-22,01:00,1610612749,MIL,103,1610612746,LAC,104,,,,False
2006-2007,2007,0020601012,20070321/INDSAS,Final,2007-03-22,01:00,1610612759,SAS,90,1610612754,IND,72,,,,False
2006-2007,2007,0020601013,20070321/MINSAC,Final,2007-03-22,03:00,1610612758,SAC,89,1610612750,MIN,95,,,,False
2006-2007,2007,0020601014,20070321/WASSEA,Final,2007-03-22,03:00,1610612760,SEA,106,1610612764,WAS,108,,,,False
2006-2007,2007,0020601015,20070322/PORNYK,Final,2007-03-23,00:30,1610612752,NYK,86,1610612757,POR,92,,,,False
2006-2007,2007,0020601016,20070322/LALMEM,Final,2007-03-23,01:00,1610612763,MEM,119,1610612747,LAL,121,,,,False
2006-2007,2007,0020601017,20070322/DENCHI,Final,2007-03-23,01:30,1610612741,CHI,109,1610612743,DEN,108,,,,False
2006-2007,2007,0020601018,20070322/DETHOU,Final,2007-03-23,01:30,1610612745,HOU,91,1610612765,DET,85,,,,False
2006-2007,2007,0020601019,20070322/SACPHX,Final,2007-03-23,03:00,1610612756,PHX,118,1610612758,SAC,100,,,,False
2006-2007,2007,0020601020,20070323/DENTOR,Final,2007-03-24,00:00,1610612761,TOR,121,1610612743,DEN,94,,,,False
2006-2007,2007,0020601021,20070323/CHAPHI,Final,2007-03-24,00:00,1610612755,PHI,106,1610612766,CHA,97,,,,False
2006-2007,2007,0020601022,20070323/NJNORL,Final,2007-03-24,00:00,1610612753,ORL,90,1610612751,NJN,82,,,,False
2006-2007,2007,0020601023,20070323/MIAIND,Final,2007-03-24,00:00,1610612754,IND,95,1610612748,MIA,70,,,,False
2006-2007,2007,0020601024,20070323/DALBOS,Final,2007-03-24,00:30,1610612738,BOS,95,1610612742,DAL,109,,,,False
2006-2007,2007,0020601025,20070323/PORATL,Final/OT,2007-03-24,00:30,1610612737,ATL,100,1610612757,POR,102,,,,False
2006-2007,2007,0020601026,20070323/NYKCLE,Final,2007-03-24,00:30,1610612739,CLE,90,1610612752,NYK,68,,,,False
2006-2007,2007,0020601027,20070323/LALNOK,Final,2007-03-24,01:00,1610612740,NOK,105,1610612747,LAL,111,,,,False
2006-2007,2007,0020601028,20070323/DETSAS,Final,2007-03-24,01:00,1610612759,SAS,90,1610612765,DET,89,,,,False
2006-2007,2007,0020601029,20070323/UTALAC,Final,2007-03-24,03:30,1610612746,LAC,104,1610612762,UTA,72,,,,False
2006-2007,2007,0020601030,20070323/WASGSW,Final,2007-03-24,03:30,1610612744,GSW,135,1610612764,WAS,128,,,,False
2006-2007,2007,0020601031,20070323/MINSEA,Final,2007-03-24,03:30,1610612760,SEA,85,1610612750,MIN,82,,,,False
2006-2007,2007,0020601032,20070324/NJNCHA,Final/OT,2007-03-25,00:00,1610612766,CHA,107,1610612751,NJN,113,,,,False
2006-2007,2007,0020601033,20070324/PHIMIA,Final,2007-03-25,00:30,1610612748,MIA,85,1610612755,PHI,93,,,,False
2006-2007,2007,0020601034,20070324/MEMUTA,Final,2007-03-25,03:00,1610612762,UTA,118,1610612763,MEM,108,,,,False
2006-2007,2007,0020601035,20070324/WASLAC,Final,2007-03-25,04:30,1610612746,LAC,111,1610612764,WAS,105,,,,False
2006-2007,2007,0020601036,20070325/DALATL,Final,2007-03-25,19:00,1610612737,ATL,97,1610612742,DAL,104,,,,False
2006-2007,2007,0020601037,20070325/CHIIND,Final,2007-03-25,21:30,1610612754,IND,90,1610612741,CHI,92,,,,False
2006-2007,2007,0020601038,20070325/DETMIL,Final,2007-03-25,21:30,1610612749,MIL,95,1610612765,DET,121,,,,False
2006-2007,2007,0020601040,20070325/PORMIN,Final,2007-03-25,21:30,1610612750,MIN,94,1610612757,POR,93,,,,False
2006-2007,2007,0020601041,20070325/PHXSAC,Final,2007-03-25,21:30,1610612758,SAC,107,1610612756,PHX,100,,,,False
2006-2007,2007,0020601039,20070325/HOUNOK,Final,2007-03-26,02:00,1610612740,NOK,106,1610612745,HOU,94,,,,False
2006-2007,2007,0020601042,20070325/DENCLE,Final,2007-03-26,02:00,1610612739,CLE,93,1610612743,DEN,105,,,,False
2006-2007,2007,0020601043,20070325/SASSEA,Final,2007-03-26,03:00,1610612760,SEA,79,1610612759,SAS,120,,,,False
2006-2007,2007,0020601044,20070325/GSWLAL,Final,2007-03-26,03:30,1610612747,LAL,115,1610612744,GSW,113,,,,False
2006-2007,2007,0020601045,20070326/TORBOS,Final,2007-03-27,01:30,1610612738,BOS,95,1610612761,TOR,87,,,,False
2006-2007,2007,0020601046,20070326/ORLNYK,Final,2007-03-27,01:30,1610612752,NYK,89,1610612753,ORL,94,,,,False
2006-2007,2007,0020601047,20070326/ATLMIA,Final,2007-03-27,01:30,1610612748,MIA,106,1610612737,ATL,89,,,,False
2006-2007,2007,0020601048,20070326/DENDET,Final/OT,2007-03-27,01:30,1610612765,DET,113,1610612743,DEN,109,,,,False
2006-2007,2007,0020601049,20070326/PORCHI,Final,2007-03-27,02:30,1610612741,CHI,100,1610612757,POR,89,,,,False
2006-2007,2007,0020601050,20070326/MILHOU,Final,2007-03-27,02:30,1610612745,HOU,106,1610612749,MIL,87,,,,False
2006-2007,2007,0020601051,20070326/WASUTA,Final,2007-03-27,03:00,1610612762,UTA,103,1610612764,WAS,97,,,,False
2006-2007,2007,0020601052,20070326/MEMPHX,Final,2007-03-27,04:00,1610612756,PHX,105,1610612763,MEM,87,,,,False
2006-2007,2007,0020601053,20070326/SASGSW,Final,2007-03-27,04:30,1610612744,GSW,89,1610612759,SAS,126,,,,False
2006-2007,2007,0020601054,20070327/CLEIND,Final,2007-03-28,01:00,1610612754,IND,94,1610612739,CLE,105,,,,False
2006-2007,2007,0020601055,20070327/DALNOK,Final,2007-03-28,02:00,1610612740,NOK,89,1610612742,DAL,105,,,,False
2006-2007,2007,0020601056,20070327/SEAMIN,Final,2007-03-28,02:00,1610612750,MIN,106,1610612760,SEA,114,,,,False
2006-2007,2007,0020601057,20070327/MEMLAL,Final,2007-03-28,04:30,1610612747,LAL,86,1610612763,MEM,88,,,,False
2006-2007,2007,0020601058,20070328/MIATOR,Final,2007-03-29,01:00,1610612761,TOR,96,1610612748,MIA,83,,,,False
2006-2007,2007,0020601059,20070328/PHIWAS,Final,2007-03-29,01:00,1610612764,WAS,111,1610612755,PHI,108,,,,False
2006-2007,2007,0020601060,20070328/ATLCHA,Final,2007-03-29,01:00,1610612766,CHA,101,1610612737,ATL,87,,,,False
2006-2007,2007,0020601061,20070328/ORLBOS,Final/OT2,2007-03-29,01:30,1610612738,BOS,105,1610612753,ORL,96,,,,False
2006-2007,2007,0020601062,20070328/INDNJN,Final,2007-03-29,01:30,1610612751,NJN,118,1610612754,IND,94,,,,False
2006-2007,2007,0020601063,20070328/CLENYK,Final,2007-03-29,01:30,1610612752,NYK,97,1610612739,CLE,93,,,,False
2006-2007,2007,0020601064,20070328/NOKSAS,Final,2007-03-29,02:00,1610612759,SAS,92,1610612740,NOK,88,,,,False
2006-2007,2007,0020601065,20070328/MILDAL,Final,2007-03-29,02:30,1610612742,DAL,105,1610612749,MIL,103,,,,False
2006-2007,2007,0020601066,20070328/SEADEN,Final,2007-03-29,03:00,1610612743,DEN,97,1610612760,SEA,100,,,,False
2006-2007,2007,0020601067,20070328/MINUTA,Final,2007-03-29,03:00,1610612762,UTA,108,1610612750,MIN,102,,,,False
2006-2007,2007,0020601068,20070328/HOULAC,Final,2007-03-29,04:00,1610612746,LAC,87,1610612745,HOU,92,,,,False
2006-2007,2007,0020601069,20070329/DETCHI,Final,2007-03-30,02:00,1610612741,CHI,83,1610612765,DET,81,,,,False
2006-2007,2007,0020601070,20070329/MEMPOR,Final,2007-03-30,04:00,1610612757,POR,92,1610612763,MEM,96,,,,False
2006-2007,2007,0020601071,20070329/PHXGSW,Final,2007-03-30,04:30,1610612744,GSW,124,1610612756,PHX,119,,,,False
2006-2007,2007,0020601072,20070330/BOSPHI,Final,2007-03-31,01:00,1610612755,PHI,88,1610612738,BOS,82,,,,False
2006-2007,2007,0020601073,20070330/TORWAS,Final/OT,2007-03-31,01:00,1610612764,WAS,118,1610612761,TOR,123,,,,False
2006-2007,2007,0020601074,20070330/MILCHA,Final,2007-03-31,01:00,1610612766,CHA,97,1610612749,MIL,81,,,,False
2006-2007,2007,0020601075,20070330/INDORL,Final,2007-03-31,02:00,1610612753,ORL,95,1610612754,IND,87,,,,False
2006-2007,2007,0020601076,20070330/NJNDET,Final,2007-03-31,02:00,1610612765,DET,110,1610612751,NJN,105,,,,False
2006-2007,2007,0020601077,20070330/UTASAS,Final,2007-03-31,02:00,1610612759,SAS,102,1610612762,UTA,93,,,,False
2006-2007,2007,0020601078,20070330/MIAMIN,Final,2007-03-31,02:00,1610612750,MIN,77,1610612748,MIA,92,,,,False
2006-2007,2007,0020601079,20070330/NYKDAL,Final,2007-03-31,02:30,1610612742,DAL,105,1610612752,NYK,103,,,,False
2006-2007,2007,0020601080,20070330/DENPHX,Final,2007-03-31,04:00,1610612756,PHX,125,1610612743,DEN,108,,,,False
2006-2007,2007,0020601081,20070330/HOULAL,Final/OT,2007-03-31,04:30,1610612747,LAL,104,1610612745,HOU,107,,,,False
2006-2007,2007,0020601082,20070330/LACSAC,Final,2007-03-31,04:30,1610612758,SAC,101,1610612746,LAC,105,,,,False
2006-2007,2007,0020601083,20070330/MEMSEA,Final,2007-03-31,04:30,1610612760,SEA,120,1610612763,MEM,93,,,,False
2006-2007,2007,0020601084,20070331/CLECHI,Final/OT,2007-03-31,21:00,1610612741,CHI,108,1610612739,CLE,112,,,,False
2006-2007,2007,0020601085,20070331/PHINJN,Final,2007-04-01,01:30,1610612751,NJN,86,1610612755,PHI,82,,,,False
2006-2007,2007,0020601086,20070331/NYKNOK,Final/OT,2007-04-01,02:00,1610612740,NOK,103,1610612752,NYK,94,,,,False
2006-2007,2007,0020601087,20070331/LACPOR,Final,2007-04-01,04:00,1610612757,POR,86,1610612746,LAC,99,,,,False
2006-2007,2007,0020601088,20070401/MIADET,Final,2007-04-01,19:00,1610612765,DET,94,1610612748,MIA,88,,,,False
2006-2007,2007,0020601089,20070401/CHIATL,Final,2007-04-01,20:00,1610612737,ATL,97,1610612741,CHI,105,,,,False
2006-2007,2007,0020601093,20070401/MEMGSW,Final,2007-04-01,21:00,1610612744,GSW,122,1610612763,MEM,117,,,,False
2006-2007,2007,0020601091,20070401/WASMIL,Final,2007-04-01,21:30,1610612749,MIL,107,1610612764,WAS,121,,,,False
2006-2007,2007,0020601092,20070401/DALPHX,Final,2007-04-01,21:30,1610612756,PHX,126,1610612742,DAL,104,,,,False
2006-2007,2007,0020601094,20070401/CLEBOS,Final,2007-04-02,00:00,1610612738,BOS,98,1610612739,CLE,96,,,,False
2006-2007,2007,0020601095,20070401/CHATOR,Final,2007-04-02,00:00,1610612761,TOR,107,1610612766,CHA,94,,,,False
2006-2007,2007,0020601096,20070401/MINORL,Final/OT,2007-04-02,00:00,1610612753,ORL,104,1610612750,MIN,105,,,,False
2006-2007,2007,0020601097,20070401/UTAHOU,Final,2007-04-02,00:00,1610612745,HOU,83,1610612762,UTA,86,,,,False
2006-2007,2007,0020601090,20070401/SASIND,Final,2007-04-02,01:00,1610612754,IND,100,1610612759,SAS,99,,,,False
2006-2007,2007,0020601098,20070401/DENSEA,Final,2007-04-02,03:00,1610612760,SEA,103,1610612743,DEN,114,,,,False
2006-2007,2007,0020601099,20070401/SACLAL,Final,2007-04-02,03:30,1610612747,LAL,126,1610612758,SAC,103,,,,False
2006-2007,2007,0020601100,20070403/WASCHA,Final,2007-04-04,01:00,1610612766,CHA,122,1610612764,WAS,102,,,,False
2006-2007,2007,0020601101,20070403/DETIND,Final,2007-04-04,01:00,1610612754,IND,85,1610612765,DET,100,,,,False
2006-2007,2007,0020601102,20070403/TORMIA,Final,2007-04-04,01:30,1610612748,MIA,92,1610612761,TOR,89,,,,False
2006-2007,2007,0020600547,20070403/NOKMIL,Final,2007-04-04,02:00,1610612749,MIL,101,1610612740,NOK,119,,,,False
2006-2007,2007,0020601103,20070403/PHXMEM,Final,2007-04-04,02:00,1610612763,MEM,111,1610612756,PHX,116,,,,False
2006-2007,2007,0020601104,20070403/SEASAS,Final,2007-04-04,02:00,1610612759,SAS,110,1610612760,SEA,91,,,,False
2006-2007,2007,0020601105,20070403/CLEMIN,Final,2007-04-04,02:00,1610612750,MIN,88,1610612739,CLE,101,,,,False
2006-2007,2007,0020601106,20070403/DALSAC,Final,2007-04-04,04:00,1610612758,SAC,93,1610612742,DAL,97,,,,False
2006-2007,2007,0020601107,20070403/DENLAL,Final,2007-04-04,04:30,1610612747,LAL,105,1610612743,DEN,111,,,,False
2006-2007,2007,0020601108,20070404/CHAWAS,Final,2007-04-05,01:00,1610612764,WAS,100,1610612766,CHA,108,,,,False
2006-2007,2007,0020601109,20070404/TORORL,Final,2007-04-05,01:00,1610612753,ORL,108,1610612761,TOR,111,,,,False
2006-2007,2007,0020601110,20070404/ATLNJN,Final,2007-04-05,01:30,1610612751,NJN,101,1610612737,ATL,86,,,,False
2006-2007,2007,0020601111,20070404/PHINYK,Final,2007-04-05,01:30,1610612752,NYK,90,1610612755,PHI,92,,,,False
2006-2007,2007,0020601112,20070404/CHIDET,Final,2007-04-05,01:30,1610612765,DET,88,1610612741,CHI,106,,,,False
2006-2007,2007,0020601113,20070404/BOSMIL,Final,2007-04-05,02:00,1610612749,MIL,98,1610612738,BOS,89,,,,False
2006-2007,2007,0020601114,20070404/SEANOK,Final/OT,2007-04-05,02:00,1610612740,NOK,101,1610612760,SEA,92,,,,False
2006-2007,2007,0020601115,20070404/GSWHOU,Final,2007-04-05,02:30,1610612745,HOU,99,1610612744,GSW,110,,,,False
2006-2007,2007,0020601116,20070404/SACDEN,Final,2007-04-05,04:00,1610612743,DEN,120,1610612758,SAC,115,,,,False
2006-2007,2007,0020601117,20070404/UTAPOR,Final,2007-04-05,04:00,1610612757,POR,94,1610612762,UTA,89,,,,False
2006-2007,2007,0020601118,20070404/LALLAC,Final,2007-04-05,04:30,1610612746,LAC,90,1610612747,LAL,82,,,,False
2006-2007,2007,0020601119,20070405/MIACLE,Final/OT,2007-04-06,01:00,1610612739,CLE,90,1610612748,MIA,94,,,,False
2006-2007,2007,0020601120,20070405/PHXSAS,Final,2007-04-06,03:30,1610612759,SAS,92,1610612756,PHX,85,,,,False
2006-2007,2007,0020601121,20070406/TORPHI,Final,2007-04-07,01:00,1610612755,PHI,85,1610612761,TOR,94,,,,False
2006-2007,2007,0020601122,20070406/INDCHA,Final,2007-04-07,01:00,1610612766,CHA,102,1610612754,IND,112,,,,False
2006-2007,2007,0020601123,20070406/MIABOS,Final,2007-04-07,01:30,1610612738,BOS,85,1610612748,MIA,88,,,,False
2006-2007,2007,0020601124,20070406/MINNYK,Final,2007-04-07,01:30,1610612752,NYK,94,1610612750,MIN,99,,,,False
2006-2007,2007,0020601125,20070406/MILATL,Final,2007-04-07,01:30,1610612737,ATL,115,1610612749,MIL,102,,,,False
2006-2007,2007,0020601126,20070406/CLEWAS,Final,2007-04-07,02:00,1610612764,WAS,94,1610612739,CLE,99,,,,False
2006-2007,2007,0020601127,20070406/GSWMEM,Final,2007-04-07,02:00,1610612763,MEM,104,1610612744,GSW,116,,,,False
2006-2007,2007,0020601128,20070406/PHXNOK,Final,2007-04-07,02:00,1610612740,NOK,95,1610612756,PHX,103,,,,False
2006-2007,2007,0020601129,20070406/NJNCHI,Final,2007-04-07,02:30,1610612741,CHI,105,1610612751,NJN,74,,,,False
2006-2007,2007,0020601130,20070406/PORHOU,Final,2007-04-07,02:30,1610612745,HOU,78,1610612757,POR,85,,,,False
2006-2007,2007,0020601131,20070406/UTASAC,Final,2007-04-07,04:00,1610612758,SAC,107,1610612762,UTA,103,,,,False
2006-2007,2007,0020601132,20070406/DALDEN,Final,2007-04-07,04:30,1610612743,DEN,75,1610612742,DAL,71,,,,False
2006-2007,2007,0020601133,20070406/LALSEA,Final,2007-04-07,04:30,1610612760,SEA,109,1610612747,LAL,112,,,,False
2006-2007,2007,0020601134,20070407/MEMORL,Final,2007-04-08,01:00,1610612753,ORL,116,1610612763,MEM,89,,,,False
2006-2007,2007,0020601135,20070407/BOSIND,Final,2007-04-08,01:00,1610612754,IND,105,1610612738,BOS,98,,,,False
2006-2007,2007,0020601136,20070407/WASNJN,Final/OT,2007-04-08,01:30,1610612751,NJN,120,1610612764,WAS,114,,,,False
2006-2007,2007,0020601137,20070407/GSWSAS,Final,2007-04-08,02:00,1610612759,SAS,112,1610612744,GSW,99,,,,False
2006-2007,2007,0020601138,20070407/NOKMIN,Final,2007-04-08,02:00,1610612750,MIN,94,1610612740,NOK,96,,,,False
2006-2007,2007,0020601139,20070407/NYKMIL,Final/OT,2007-04-08,02:30,1610612749,MIL,113,1610612752,NYK,118,,,,False
2006-2007,2007,0020601140,20070407/PORDAL,Final,2007-04-08,03:00,1610612742,DAL,86,1610612757,POR,74,,,,False
2006-2007,2007,0020601141,20070407/SEAUTA,Final,2007-04-08,03:00,1610612762,UTA,103,1610612760,SEA,106,,,,False
2006-2007,2007,0020601142,20070407/DENLAC,Final,2007-04-08,04:30,1610612746,LAC,93,1610612743,DEN,96,,,,False
2006-2007,2007,0020601143,20070408/CLEDET,Final,2007-04-08,19:00,1610612765,DET,87,1610612739,CLE,82,,,,False
2006-2007,2007,0020601144,20070408/PHXLAL,Final,2007-04-08,21:30,1610612747,LAL,107,1610612756,PHX,115,,,,False
2006-2007,2007,0020601145,20070408/CHITOR,Final,2007-04-09,00:00,1610612761,TOR,103,1610612741,CHI,89,,,,False
2006-2007,2007,0020601146,20070408/CHAMIA,Final/OT,2007-04-09,00:00,1610612748,MIA,103,1610612766,CHA,111,,,,False
2006-2007,2007,0020601147,20070408/ATLPHI,Final/OT,2007-04-09,01:30,1610612755,PHI,109,1610612737,ATL,104,,,,False
2006-2007,2007,0020601148,20070408/HOUSAC,Final,2007-04-09,03:00,1610612758,SAC,106,1610612745,HOU,112,,,,False
2006-2007,2007,0020601149,20070409/DETNYK,Final,2007-04-10,01:30,1610612752,NYK,83,1610612765,DET,91,,,,False
2006-2007,2007,0020601150,20070409/ORLMIL,Final,2007-04-10,02:00,1610612749,MIL,94,1610612753,ORL,117,,,,False
2006-2007,2007,0020601151,20070409/PORSAS,Final,2007-04-10,02:00,1610612759,SAS,112,1610612757,POR,96,,,,False
2006-2007,2007,0020601152,20070409/TORMIN,Final,2007-04-10,02:00,1610612750,MIN,100,1610612761,TOR,111,,,,False
2006-2007,2007,0020601153,20070409/LACDAL,Final,2007-04-10,02:30,1610612742,DAL,96,1610612746,LAC,86,,,,False
2006-2007,2007,0020601154,20070409/LALDEN,Final,2007-04-10,03:00,1610612743,DEN,115,1610612747,LAL,111,,,,False
2006-2007,2007,0020601155,20070409/HOUSEA,Final,2007-04-10,04:00,1610612760,SEA,90,1610612745,HOU,95,,,,False
2006-2007,2007,0020601156,20070409/UTAGSW,Final,2007-04-10,04:30,1610612744,GSW,126,1610612762,UTA,102,,,,False
2006-2007,2007,0020601157,20070410/INDPHI,Final,2007-04-11,01:00,1610612755,PHI,90,1610612754,IND,86,,,,False
2006-2007,2007,0020601158,20070410/NJNWAS,Final,2007-04-11,01:00,1610612764,WAS,92,1610612751,NJN,96,,,,False
2006-2007,2007,0020601159,20070410/MIACHA,Final,2007-04-11,01:00,1610612766,CHA,92,1610612748,MIA,82,,,,False
2006-2007,2007,0020601160,20070410/BOSATL,Final,2007-04-11,01:00,1610612737,ATL,104,1610612738,BOS,96,,,,False
2006-2007,2007,0020601161,20070410/SACMEM,Final,2007-04-11,02:00,1610612763,MEM,100,1610612758,SAC,112,,,,False
2006-2007,2007,0020601162,20070410/LACNOK,Final/OT,2007-04-11,02:00,1610612740,NOK,103,1610612746,LAC,100,,,,False
2006-2007,2007,0020601163,20070410/NYKCHI,Final,2007-04-11,02:30,1610612741,CHI,98,1610612752,NYK,69,,,,False
2006-2007,2007,0020601164,20070411/PHIBOS,Final,2007-04-12,01:30,1610612738,BOS,94,1610612755,PHI,102,,,,False
2006-2007,2007,0020601165,20070411/WASMIA,Final,2007-04-12,01:30,1610612748,MIA,85,1610612764,WAS,82,,,,False
2006-2007,2007,0020601166,20070411/ORLDET,Final,2007-04-12,02:00,1610612765,DET,104,1610612753,ORL,99,,,,False
2006-2007,2007,0020601167,20070411/INDMIL,Final,2007-04-12,02:00,1610612749,MIL,98,1610612754,IND,104,,,,False
2006-2007,2007,0020601168,20070411/SACSAS,Final,2007-04-12,02:00,1610612759,SAS,109,1610612758,SAC,100,,,,False
2006-2007,2007,0020601169,20070411/DALMIN,Final,2007-04-12,02:00,1610612750,MIN,88,1610612742,DAL,105,,,,False
2006-2007,2007,0020601170,20070411/DENUTA,Final,2007-04-12,03:00,1610612762,UTA,106,1610612743,DEN,115,,,,False
2006-2007,2007,0020601171,20070411/SEAPHX,Final,2007-04-12,04:00,1610612756,PHX,109,1610612760,SEA,91,,,,False
2006-2007,2007,0020601172,20070411/HOUPOR,Final,2007-04-12,04:00,1610612757,POR,95,1610612745,HOU,99,,,,False
2006-2007,2007,0020601173,20070412/NJNCLE,Final,2007-04-13,02:00,1610612739,CLE,94,1610612751,NJN,76,,,,False
2006-2007,2007,0020601174,20070412/LACLAL,Final,2007-04-13,04:30,1610612747,LAL,110,1610612746,LAC,118,,,,False
2006-2007,2007,0020601175,20070413/DETTOR,Final,2007-04-14,01:00,1610612761,TOR,87,1610612765,DET,84,,,,False
2006-2007,2007,0020601176,20070413/MILBOS,Final,2007-04-14,01:30,1610612738,BOS,102,1610612749,MIL,104,,,,False
2006-2007,2007,0020601177,20070413/NYKNJN,Final,2007-04-14,01:30,1610612751,NJN,100,1610612752,NYK,86,,,,False
2006-2007,2007,0020601178,20070413/WASATL,Final,2007-04-14,01:30,1610612737,ATL,85,1610612764,WAS,98,,,,False
2006-2007,2007,0020601179,20070413/INDMIA,Final,2007-04-14,02:00,1610612748,MIA,100,1610612754,IND,96,,,,False
2006-2007,2007,0020601180,20070413/DENNOK,Final,2007-04-14,02:00,1610612740,NOK,105,1610612743,DEN,107,,,,False
2006-2007,2007,0020601181,20070413/SASMIN,Final,2007-04-14,02:00,1610612750,MIN,91,1610612759,SAS,110,,,,False
2006-2007,2007,0020601182,20070413/CHACHI,Final,2007-04-14,02:30,1610612741,CHI,100,1610612766,CHA,81,,,,False
2006-2007,2007,0020601183,20070413/UTADAL,Final,2007-04-14,02:30,1610612742,DAL,89,1610612762,UTA,104,,,,False
2006-2007,2007,0020601184,20070413/GSWSAC,Final,2007-04-14,04:00,1610612758,SAC,108,1610612744,GSW,125,,,,False
2006-2007,2007,0020601185,20070413/LALPHX,Final,2007-04-14,04:30,1610612756,PHX,93,1610612747,LAL,85,,,,False
2006-2007,2007,0020601186,20070413/PORLAC,Final,2007-04-14,04:30,1610612746,LAC,107,1610612757,POR,89,,,,False
2006-2007,2007,0020601187,20070414/ORLPHI,Final,2007-04-14,21:00,1610612755,PHI,87,1610612753,ORL,104,,,,False
2006-2007,2007,0020601188,20070414/ATLCLE,Final,2007-04-15,01:30,1610612739,CLE,110,1610612737,ATL,76,,,,False
2006-2007,2007,0020601189,20070414/DENMEM,Final,2007-04-15,02:00,1610612763,MEM,133,1610612743,DEN,118,,,,False
2006-2007,2007,0020601190,20070414/CHAMIL,Final,2007-04-15,02:30,1610612749,MIL,92,1610612766,CHA,113,,,,False
2006-2007,2007,0020601191,20070414/NOKHOU,Final,2007-04-15,02:30,1610612745,HOU,123,1610612740,NOK,112,,,,False
2006-2007,2007,0020601192,20070414/PHXUTA,Final,2007-04-15,03:00,1610612762,UTA,98,1610612756,PHX,126,,,,False
2006-2007,2007,0020601193,20070414/SEAPOR,Final,2007-04-15,04:00,1610612757,POR,108,1610612760,SEA,102,,,,False
2006-2007,2007,0020601195,20070415/CHIWAS,Final,2007-04-15,19:00,1610612764,WAS,68,1610612741,CHI,101,,,,False
2006-2007,2007,0020601194,20070415/SASDAL,Final,2007-04-15,21:30,1610612742,DAL,91,1610612759,SAS,86,,,,False
2006-2007,2007,0020601196,20070415/NJNIND,Final,2007-04-15,21:30,1610612754,IND,107,1610612751,NJN,111,,,,False
2006-2007,2007,0020601197,20070415/SACLAC,Final,2007-04-15,21:30,1610612746,LAC,100,1610612758,SAC,105,,,,False
2006-2007,2007,0020601198,20070415/MINGSW,Final,2007-04-15,21:30,1610612744,GSW,121,1610612750,MIN,108,,,,False
2006-2007,2007,0020601199,20070415/NYKTOR,Final,2007-04-16,00:00,1610612761,TOR,107,1610612752,NYK,105,,,,False
2006-2007,2007,0020601200,20070415/BOSORL,Final,2007-04-16,00:00,1610612753,ORL,88,1610612738,BOS,86,,,,False
2006-2007,2007,0020601201,20070415/PHIDET,Final,2007-04-16,00:00,1610612765,DET,91,1610612755,PHI,102,,,,False
2006-2007,2007,0020601202,20070415/SEALAL,Final,2007-04-16,03:30,1610612747,LAL,109,1610612760,SEA,98,,,,False
2006-2007,2007,0020601203,20070416/NJNNYK,Final,2007-04-17,01:30,1610612752,NYK,95,1610612751,NJN,104,,,,False
2006-2007,2007,0020601204,20070416/BOSMIA,Final,2007-04-17,01:30,1610612748,MIA,89,1610612738,BOS,91,,,,False
2006-2007,2007,0020601205,20070416/ATLMIL,Final,2007-04-17,02:00,1610612749,MIL,102,1610612737,ATL,96,,,,False
2006-2007,2007,0020601206,20070416/SASMEM,Final,2007-04-17,02:00,1610612763,MEM,101,1610612759,SAS,91,,,,False
2006-2007,2007,0020601207,20070416/PHXHOU,Final,2007-04-17,02:30,1610612745,HOU,120,1610612756,PHX,117,,,,False
2006-2007,2007,0020601208,20070416/MINDEN,Final,2007-04-17,03:00,1610612743,DEN,122,1610612750,MIN,107,,,,False
2006-2007,2007,0020601209,20070416/PORUTA,Final,2007-04-17,03:00,1610612762,UTA,130,1610612757,POR,93,,,,False
2006-2007,2007,0020601210,20070416/NOKSAC,Final,2007-04-17,04:00,1610612758,SAC,118,1610612740,NOK,125,,,,False
2006-2007,2007,0020601211,20070417/CLEPHI,Final,2007-04-18,01:00,1610612755,PHI,92,1610612739,CLE,98,,,,False
2006-2007,2007,0020601212,20070417/ORLWAS,Final,2007-04-18,01:00,1610612764,WAS,89,1610612753,ORL,95,,,,False
2006-2007,2007,0020601213,20070417/INDATL,Final,2007-04-18,01:00,1610612737,ATL,118,1610612754,IND,102,,,,False
2006-2007,2007,0020601214,20070417/TORDET,Final,2007-04-18,01:30,1610612765,DET,100,1610612761,TOR,84,,,,False
2006-2007,2007,0020601215,20070417/LACPHX,Final,2007-04-18,04:00,1610612756,PHX,99,1610612746,LAC,103,,,,False
2006-2007,2007,0020601216,20070417/DALGSW,Final,2007-04-18,04:30,1610612744,GSW,111,1610612742,DAL,82,,,,False
2006-2007,2007,0020601217,20070418/PHITOR,Final,2007-04-19,01:00,1610612761,TOR,119,1610612755,PHI,122,,,,False
2006-2007,2007,0020601218,20070418/NYKCHA,Final,2007-04-19,01:00,1610612766,CHA,93,1610612752,NYK,94,,,,False
2006-2007,2007,0020601219,20070418/MIAORL,Final,2007-04-19,01:00,1610612753,ORL,94,1610612748,MIA,68,,,,False
2006-2007,2007,0020601220,20070418/MILCLE,Final,2007-04-19,01:00,1610612739,CLE,109,1610612749,MIL,96,,,,False
2006-2007,2007,0020601221,20070418/DETBOS,Final,2007-04-19,01:30,1610612738,BOS,89,1610612765,DET,91,,,,False
2006-2007,2007,0020601222,20070418/CHINJN,Final,2007-04-19,01:30,1610612751,NJN,106,1610612741,CHI,97,,,,False
2006-2007,2007,0020601223,20070418/WASIND,Final,2007-04-19,02:00,1610612754,IND,95,1610612764,WAS,98,,,,False
2006-2007,2007,0020601224,20070418/DENSAS,Final,2007-04-19,02:00,1610612759,SAS,77,1610612743,DEN,100,,,,False
2006-2007,2007,0020601225,20070418/MEMMIN,Final,2007-04-19,02:00,1610612750,MIN,94,1610612763,MEM,116,,,,False
2006-2007,2007,0020601226,20070418/HOUUTA,Final,2007-04-19,03:00,1610612762,UTA,101,1610612745,HOU,91,,,,False
2006-2007,2007,0020601227,20070418/LALSAC,Final,2007-04-19,04:00,1610612758,SAC,106,1610612747,LAL,117,,,,False
2006-2007,2007,0020601228,20070418/GSWPOR,Final,2007-04-19,04:00,1610612757,POR,98,1610612744,GSW,120,,,,False
2006-2007,2007,0020601229,20070418/DALSEA,Final,2007-04-19,04:00,1610612760,SEA,75,1610612742,DAL,106,,,,False
2006-2007,2007,0020601230,20070418/NOKLAC,Final,2007-04-19,04:30,1610612746,LAC,83,1610612740,NOK,86,,,,False
2006-2007,2007,0040600121,20070421/NJNTOR,Final,2007-04-21,18:30,1610612761,TOR,91,1610612751,NJN,96,Game 1,East - First Round,1st Round,False
2006-2007,2007,0040600131,20070421/MIACHI,Final,2007-04-21,21:00,1610612741,CHI,96,1610612748,MIA,91,Game 1,East - First Round,1st Round,False
2006-2007,2007,0040600101,20070421/ORLDET,Final,2007-04-22,01:00,1610612765,DET,100,1610612753,ORL,92,Game 1,East - First Round,1st Round,False
2006-2007,2007,0040600171,20070421/UTAHOU,Final,2007-04-22,03:30,1610612745,HOU,84,1610612762,UTA,75,Game 1,West - First Round,1st Round,False
2006-2007,2007,0040600111,20070422/WASCLE,Final,2007-04-22,18:30,1610612739,CLE,97,1610612764,WAS,82,Game 1,East - First Round,1st Round,False
2006-2007,2007,0040600151,20070422/LALPHX,Final,2007-04-22,21:00,1610612756,PHX,95,1610612747,LAL,87,Game 1,West - First Round,1st Round,False
2006-2007,2007,0040600161,20070422/DENSAS,Final,2007-04-23,01:00,1610612759,SAS,89,1610612743,DEN,95,Game 1,West - First Round,1st Round,False
2006-2007,2007,0040600141,20070422/GSWDAL,Final,2007-04-23,03:30,1610612742,DAL,85,1610612744,GSW,97,Game 1,West - First Round,1st Round,False
2006-2007,2007,0040600102,20070423/ORLDET,Final,2007-04-24,01:00,1610612765,DET,98,1610612753,ORL,90,Game 2,East - First Round,1st Round,False
2006-2007,2007,0040600172,20070423/UTAHOU,Final,2007-04-24,03:30,1610612745,HOU,98,1610612762,UTA,90,Game 2,West - First Round,1st Round,False
2006-2007,2007,0040600122,20070424/NJNTOR,Final,2007-04-25,01:00,1610612761,TOR,89,1610612751,NJN,83,Game 2,East - First Round,1st Round,False
2006-2007,2007,0040600132,20070424/MIACHI,Final,2007-04-25,02:00,1610612741,CHI,107,1610612748,MIA,89,Game 2,East - First Round,1st Round,False
2006-2007,2007,0040600152,20070424/LALPHX,Final,2007-04-25,04:30,1610612756,PHX,126,1610612747,LAL,98,Game 2,West - First Round,1st Round,False
2006-2007,2007,0040600162,20070425/DENSAS,Final,2007-04-26,01:00,1610612759,SAS,97,1610612743,DEN,88,Game 2,West - First Round,1st Round,False
2006-2007,2007,0040600112,20070425/WASCLE,Final,2007-04-26,02:00,1610612739,CLE,109,1610612764,WAS,102,Game 2,East - First Round,1st Round,False
2006-2007,2007,0040600142,20070425/GSWDAL,Final,2007-04-26,03:30,1610612742,DAL,112,1610612744,GSW,99,Game 2,West - First Round,1st Round,False
2006-2007,2007,0040600103,20070426/DETORL,Final,2007-04-27,02:00,1610612753,ORL,77,1610612765,DET,93,Game 3,East - First Round,1st Round,False
2006-2007,2007,0040600173,20070426/HOUUTA,Final,2007-04-27,03:00,1610612762,UTA,81,1610612745,HOU,67,Game 3,West - First Round,1st Round,False
2006-2007,2007,0040600153,20070426/PHXLAL,Final,2007-04-27,04:30,1610612747,LAL,95,1610612756,PHX,89,Game 3,West - First Round,1st Round,False
2006-2007,2007,0040600123,20070427/TORNJN,Final,2007-04-28,01:00,1610612751,NJN,102,1610612761,TOR,89,Game 3,East - First Round,1st Round,False
2006-2007,2007,0040600133,20070427/CHIMIA,Final,2007-04-28,02:00,1610612748,MIA,96,1610612741,CHI,104,Game 3,East - First Round,1st Round,False
2006-2007,2007,0040600143,20070427/DALGSW,Final,2007-04-28,04:30,1610612744,GSW,109,1610612742,DAL,91,Game 3,West - First Round,1st Round,False
2006-2007,2007,0040600104,20070428/DETORL,Final,2007-04-29,01:30,1610612753,ORL,93,1610612765,DET,97,Game 4,East - First Round,1st Round,False
2006-2007,2007,0040600113,20070428/CLEWAS,Final,2007-04-28,23:30,1610612764,WAS,92,1610612739,CLE,98,Game 3,East - First Round,1st Round,False
2006-2007,2007,0040600163,20070428/SASDEN,Final,2007-04-29,02:00,1610612743,DEN,91,1610612759,SAS,96,Game 3,West - First Round,1st Round,False
2006-2007,2007,0040600174,20070428/HOUUTA,Final,2007-04-29,04:30,1610612762,UTA,98,1610612745,HOU,85,Game 4,West - First Round,1st Round,False
2006-2007,2007,0040600134,20070429/CHIMIA,Final,2007-04-29,19:00,1610612748,MIA,79,1610612741,CHI,92,Game 4,East - First Round,1st Round,False
2006-2007,2007,0040600154,20070429/PHXLAL,Final,2007-04-29,21:30,1610612747,LAL,100,1610612756,PHX,113,Game 4,West - First Round,1st Round,False
2006-2007,2007,0040600124,20070429/TORNJN,Final,2007-04-30,01:30,1610612751,NJN,102,1610612761,TOR,81,Game 4,East - First Round,1st Round,False
2006-2007,2007,0040600144,20070429/DALGSW,Final,2007-04-30,04:00,1610612744,GSW,103,1610612742,DAL,99,Game 4,West - First Round,1st Round,False
2006-2007,2007,0040600114,20070430/CLEWAS,Final,2007-05-01,01:00,1610612764,WAS,90,1610612739,CLE,97,Game 4,East - First Round,1st Round,False
2006-2007,2007,0040600175,20070430/UTAHOU,Final,2007-05-01,02:00,1610612745,HOU,96,1610612762,UTA,92,Game 5,West - First Round,1st Round,False
2006-2007,2007,0040600164,20070430/SASDEN,Final,2007-05-01,04:30,1610612743,DEN,89,1610612759,SAS,96,Game 4,West - First Round,1st Round,False
2006-2007,2007,0040600125,20070501/NJNTOR,Final,2007-05-02,01:00,1610612761,TOR,98,1610612751,NJN,96,Game 5,East - First Round,1st Round,False
2006-2007,2007,0040600145,20070501/GSWDAL,Final,2007-05-02,03:30,1610612742,DAL,118,1610612744,GSW,112,Game 5,West - First Round,1st Round,False
2006-2007,2007,0040600165,20070502/DENSAS,Final,2007-05-03,02:00,1610612759,SAS,93,1610612743,DEN,78,Game 5,West - First Round,1st Round,False
2006-2007,2007,0040600155,20070502/LALPHX,Final,2007-05-03,04:30,1610612756,PHX,119,1610612747,LAL,110,Game 5,West - First Round,1st Round,False
2006-2007,2007,0040600176,20070503/HOUUTA,Final,2007-05-04,02:00,1610612762,UTA,94,1610612745,HOU,82,Game 6,West - First Round,1st Round,False
2006-2007,2007,0040600146,20070503/DALGSW,Final,2007-05-04,04:30,1610612744,GSW,111,1610612742,DAL,86,Game 6,West - First Round,1st Round,False
2006-2007,2007,0040600126,20070504/TORNJN,Final,2007-05-05,02:00,1610612751,NJN,98,1610612761,TOR,97,Game 6,East - First Round,1st Round,False
2006-2007,2007,0040600201,20070505/CHIDET,Final,2007-05-06,01:00,1610612765,DET,95,1610612741,CHI,69,Game 1,East - Conf. Semifinals,Conf. Semifinals,False
2006-2007,2007,0040600177,20070505/UTAHOU,Final,2007-05-06,03:30,1610612745,HOU,99,1610612762,UTA,103,Game 7,West - First Round,1st Round,False
2006-2007,2007,0040600211,20070506/NJNCLE,Final,2007-05-06,19:00,1610612739,CLE,81,1610612751,NJN,77,Game 1,East - Conf. Semifinals,Conf. Semifinals,False
2006-2007,2007,0040600231,20070506/SASPHX,Final,2007-05-06,21:30,1610612756,PHX,106,1610612759,SAS,111,Game 1,West - Conf. Semifinals,Conf. Semifinals,False
2006-2007,2007,0040600202,20070507/CHIDET,Final,2007-05-08,02:00,1610612765,DET,108,1610612741,CHI,87,Game 2,East - Conf. Semifinals,Conf. Semifinals,False
2006-2007,2007,0040600221,20070507/GSWUTA,Final,2007-05-08,04:30,1610612762,UTA,116,1610612744,GSW,112,Game 1,West - Conf. Semifinals,Conf. Semifinals,False
2006-2007,2007,0040600212,20070508/NJNCLE,Final,2007-05-09,02:00,1610612739,CLE,102,1610612751,NJN,92,Game 2,East - Conf. Semifinals,Conf. Semifinals,False
2006-2007,2007,0040600232,20070508/SASPHX,Final,2007-05-09,04:30,1610612756,PHX,101,1610612759,SAS,81,Game 2,West - Conf. Semifinals,Conf. Semifinals,False
2006-2007,2007,0040600222,20070509/GSWUTA,Final/OT,2007-05-10,03:00,1610612762,UTA,127,1610612744,GSW,117,Game 2,West - Conf. Semifinals,Conf. Semifinals,False
2006-2007,2007,0040600203,20070510/DETCHI,Final,2007-05-11,03:00,1610612741,CHI,74,1610612765,DET,81,Game 3,East - Conf. Semifinals,Conf. Semifinals,False
2006-2007,2007,0040600223,20070511/UTAGSW,Final,2007-05-12,03:00,1610612744,GSW,125,1610612762,UTA,105,Game 3,West - Conf. Semifinals,Conf. Semifinals,False
2006-2007,2007,0040600213,20070512/CLENJN,Final,2007-05-12,23:00,1610612751,NJN,96,1610612739,CLE,85,Game 3,East - Conf. Semifinals,Conf. Semifinals,False
2006-2007,2007,0040600233,20070512/PHXSAS,Final,2007-05-13,02:00,1610612759,SAS,108,1610612756,PHX,101,Game 3,West - Conf. Semifinals,Conf. Semifinals,False
2006-2007,2007,0040600204,20070513/DETCHI,Final,2007-05-13,21:30,1610612741,CHI,102,1610612765,DET,87,Game 4,East - Conf. Semifinals,Conf. Semifinals,False
2006-2007,2007,0040600224,20070513/UTAGSW,Final,2007-05-14,03:00,1610612744,GSW,101,1610612762,UTA,115,Game 4,West - Conf. Semifinals,Conf. Semifinals,False
2006-2007,2007,0040600214,20070514/CLENJN,Final,2007-05-15,01:00,1610612751,NJN,85,1610612739,CLE,87,Game 4,East - Conf. Semifinals,Conf. Semifinals,False
2006-2007,2007,0040600234,20070514/PHXSAS,Final,2007-05-15,03:30,1610612759,SAS,98,1610612756,PHX,104,Game 4,West - Conf. Semifinals,Conf. Semifinals,False
2006-2007,2007,0040600205,20070515/CHIDET,Final,2007-05-16,02:00,1610612765,DET,92,1610612741,CHI,108,Game 5,East - Conf. Semifinals,Conf. Semifinals,False
2006-2007,2007,0040600225,20070515/GSWUTA,Final,2007-05-16,04:30,1610612762,UTA,100,1610612744,GSW,87,Game 5,West - Conf. Semifinals,Conf. Semifinals,False
2006-2007,2007,0040600215,20070516/NJNCLE,Final,2007-05-17,02:00,1610612739,CLE,72,1610612751,NJN,83,Game 5,East - Conf. Semifinals,Conf. Semifinals,False
2006-2007,2007,0040600235,20070516/SASPHX,Final,2007-05-17,04:30,1610612756,PHX,85,1610612759,SAS,88,Game 5,West - Conf. Semifinals,Conf. Semifinals,False
2006-2007,2007,0040600206,20070517/DETCHI,Final,2007-05-18,02:00,1610612741,CHI,85,1610612765,DET,95,Game 6,East - Conf. Semifinals,Conf. Semifinals,False
2006-2007,2007,0040600216,20070518/CLENJN,Final,2007-05-19,01:00,1610612751,NJN,72,1610612739,CLE,88,Game 6,East - Conf. Semifinals,Conf. Semifinals,False
2006-2007,2007,0040600236,20070518/PHXSAS,Final,2007-05-19,03:30,1610612759,SAS,114,1610612756,PHX,106,Game 6,West - Conf. Semifinals,Conf. Semifinals,False
2006-2007,2007,0040600311,20070520/UTASAS,Final,2007-05-20,21:30,1610612759,SAS,108,1610612762,UTA,100,Game 1,West - Conf. Finals,Conf. Finals,False
2006-2007,2007,0040600301,20070521/CLEDET,Final,2007-05-22,02:00,1610612765,DET,79,1610612739,CLE,76,Game 1,East - Conf. Finals,Conf. Finals,False
2006-2007,2007,0040600312,20070522/UTASAS,Final,2007-05-23,03:00,1610612759,SAS,105,1610612762,UTA,96,Game 2,West - Conf. Finals,Conf. Finals,False
2006-2007,2007,0040600302,20070524/CLEDET,Final,2007-05-25,02:00,1610612765,DET,79,1610612739,CLE,76,Game 2,East - Conf. Finals,Conf. Finals,False
2006-2007,2007,0040600313,20070526/SASUTA,Final,2007-05-27,02:30,1610612762,UTA,109,1610612759,SAS,83,Game 3,West - Conf. Finals,Conf. Finals,False
2006-2007,2007,0040600303,20070527/DETCLE,Final,2007-05-28,02:30,1610612739,CLE,88,1610612765,DET,82,Game 3,East - Conf. Finals,Conf. Finals,False
2006-2007,2007,0040600314,20070528/SASUTA,Final,2007-05-29,03:00,1610612762,UTA,79,1610612759,SAS,91,Game 4,West - Conf. Finals,Conf. Finals,False
2006-2007,2007,0040600304,20070529/DETCLE,Final,2007-05-30,02:00,1610612739,CLE,91,1610612765,DET,87,Game 4,East - Conf. Finals,Conf. Finals,False
2006-2007,2007,0040600315,20070530/UTASAS,Final,2007-05-31,03:00,1610612759,SAS,109,1610612762,UTA,84,Game 5,West - Conf. Finals,Conf. Finals,False
2006-2007,2007,0040600305,20070531/CLEDET,Final/OT2,2007-06-01,02:00,1610612765,DET,107,1610612739,CLE,109,Game 5,East - Conf. Finals,Conf. Finals,False
2006-2007,2007,0040600306,20070602/DETCLE,Final,2007-06-03,02:30,1610612739,CLE,98,1610612765,DET,82,Game 6,East - Conf. Finals,Conf. Finals,False
2006-2007,2007,0040600401,20070607/CLESAS,Final,2007-06-08,03:00,1610612759,SAS,85,1610612739,CLE,76,Game 1,NBA Finals,NBA Finals,False
2006-2007,2007,0040600402,20070610/CLESAS,Final,2007-06-11,03:00,1610612759,SAS,103,1610612739,CLE,92,Game 2,NBA Finals,NBA Finals,False
2006-2007,2007,0040600403,20070612/SASCLE,Final,2007-06-13,03:00,1610612739,CLE,72,1610612759,SAS,75,Game 3,NBA Finals,NBA Finals,False
2006-2007,2007,0040600404,20070614/SASCLE,Final,2007-06-15,03:00,1610612739,CLE,82,1610612759,SAS,83,Game 4,NBA Finals,NBA Finals,False
