Saison,Année,gameId,gameCode,gameStatusText,dateParis,heureParis,homeTeamId,homeTeamTricode,homeTeamScore,awayTeamId,awayTeamTricode,awayTeamScore,seriesGameNumber,gameLabel,poRoundDesc,ifNecessary
1999-2000,2000,19900001,19991010/SASPHI,Final,1999-10-10,23:00,1610612755,PHI,0,1610612759,SAS,0,,,,False
1999-2000,2000,19900002,,,1999-10-12,20:00,0,,0,1610612748,MIA,0,,,,False
1999-2000,2000,19900003,19991012/SEAPOR,,1999-10-13,04:00,1610612757,POR,0,1610612760,SEA,0,,,,False
1999-2000,2000,19900004,19991012/PHINYK,,1999-10-13,01:30,1610612752,NYK,0,1610612755,PHI,0,,,,False
1999-2000,2000,19900005,19991012/LACGSW,,1999-10-13,04:30,1610612744,GSW,0,1610612746,LAC,0,,,,False
1999-2000,2000,19900006,19991012/WASLAL,,1999-10-13,02:30,1610612747,LAL,0,1610612764,WAS,0,,,,False
1999-2000,2000,19900007,19991012/ORLDET,,1999-10-13,01:30,1610612765,DET,0,1610612753,ORL,0,,,,False
1999-2000,2000,19900008,19991012/MILTOR,,1999-10-13,01:00,1610612761,TOR,0,1610612749,MIL,0,,,,False
1999-2000,2000,19900009,19991012/DENCHI,,1999-10-13,02:30,1610612741,CHI,0,1610612743,DEN,0,,,,False
1999-2000,2000,19900010,19991012/ATLNJN,,1999-10-13,01:30,1610612751,NJN,0,1610612737,ATL,0,,,,False
1999-2000,2000,19900011,19991013/MINPHX,,1999-10-14,04:00,1610612756,PHX,0,1610612750,MIN,0,,,,False
1999-2000,2000,19900012,19991013/HOUSEA,,1999-10-14,04:00,1610612760,SEA,0,1610612745,HOU,0,,,,False
1999-2000,2000,19900013,19991013/CHHBOS,,1999-10-14,01:00,1610612738,BOS,0,1610612766,CHH,0,,,,False
1999-2000,2000,19900014,19991013/WASLAL,,1999-10-14,02:30,1610612747,LAL,0,1610612764,WAS,0,,,,False
1999-2000,2000,19900015,19991013/NJNCLE,,1999-10-14,01:30,1610612739,CLE,0,1610612751,NJN,0,,,,False
1999-2000,2000,19900016,19991013/VANUTA,,1999-10-14,03:30,1610612762,UTA,0,1610612763,VAN,0,,,,False
1999-2000,2000,19900017,19991013/DENIND,,1999-10-14,02:00,1610612754,IND,0,1610612743,DEN,0,,,,False
1999-2000,2000,19900018,19991014/MILATL,,1999-10-15,01:30,1610612737,ATL,0,1610612749,MIL,0,,,,False
1999-2000,2000,19900019,19991014/SACDET,,1999-10-15,01:30,1610612765,DET,0,1610612758,SAC,0,,,,False
1999-2000,2000,19900020,19991014/GSWPOR,,1999-10-15,04:00,1610612757,POR,0,1610612744,GSW,0,,,,False
1999-2000,2000,19900021,19991014/CHHMIN,,1999-10-15,02:00,1610612750,MIN,0,1610612766,CHH,0,,,,False
1999-2000,2000,19900022,19991015/CLEHOU,,1999-10-16,02:30,1610612745,HOU,0,1610612739,CLE,0,,,,False
1999-2000,2000,19900023,19991015/VANGSW,,1999-10-16,04:30,1610612744,GSW,0,1610612763,VAN,0,,,,False
1999-2000,2000,19900024,19991015/DENCHI,,1999-10-16,02:30,1610612741,CHI,0,1610612743,DEN,0,,,,False
1999-2000,2000,19900025,19991015/LACTOR,,1999-10-16,01:00,1610612761,TOR,0,1610612746,LAC,0,,,,False
1999-2000,2000,19900026,19991015/MIAORL,,1999-10-16,01:30,1610612753,ORL,0,1610612748,MIA,0,,,,False
1999-2000,2000,19900027,,,1999-10-15,19:30,0,,0,1610612759,SAS,0,,,,False
1999-2000,2000,19900028,19991015/SEAUTA,,1999-10-16,03:00,1610612762,UTA,0,1610612760,SEA,0,,,,False
1999-2000,2000,19900029,19991015/ATLBOS,,1999-10-16,01:30,1610612738,BOS,0,1610612737,ATL,0,,,,False
1999-2000,2000,19900030,19991016/LACCHI,,1999-10-17,02:30,1610612741,CHI,0,1610612746,LAC,0,,,,False
1999-2000,2000,19900031,,,1999-10-16,19:30,1610612759,SAS,0,0,,0,,,,False
1999-2000,2000,19900032,19991016/PHIDET,,1999-10-17,01:30,1610612765,DET,0,1610612755,PHI,0,,,,False
1999-2000,2000,19900033,19991016/CLENYK,,1999-10-17,01:30,1610612752,NYK,0,1610612739,CLE,0,,,,False
1999-2000,2000,19900034,19991016/CHHDAL,,1999-10-17,02:00,1610612742,DAL,0,1610612766,CHH,0,,,,False
1999-2000,2000,19900035,19991016/SACIND,,1999-10-17,02:00,1610612754,IND,0,1610612758,SAC,0,,,,False
1999-2000,2000,19900036,19991016/MINMIL,,1999-10-17,02:00,1610612749,MIL,0,1610612750,MIN,0,,,,False
1999-2000,2000,19900037,19991017/SACIND,,1999-10-18,01:00,1610612754,IND,0,1610612758,SAC,0,,,,False
1999-2000,2000,19900038,19991017/HOUORL,,1999-10-18,01:30,1610612753,ORL,0,1610612745,HOU,0,,,,False
1999-2000,2000,19900039,19991017/PORPHX,,1999-10-18,02:30,1610612756,PHX,0,1610612757,POR,0,,,,False
1999-2000,2000,19900040,19991017/DALDET,,1999-10-18,01:00,1610612765,DET,0,1610612742,DAL,0,,,,False
1999-2000,2000,19900041,19991017/DENVAN,,1999-10-17,21:00,1610612763,VAN,0,1610612743,DEN,0,,,,False
1999-2000,2000,19900042,19991018/HOUCHH,,1999-10-19,01:30,1610612766,CHH,0,1610612745,HOU,0,,,,False
1999-2000,2000,19900043,19991018/TORVAN,,1999-10-19,03:00,1610612763,VAN,0,1610612761,TOR,0,,,,False
1999-2000,2000,19900044,19991018/NYKUTA,,1999-10-19,03:00,1610612762,UTA,0,1610612752,NYK,0,,,,False
1999-2000,2000,19900045,19991018/ATLMIA,,1999-10-19,01:30,1610612748,MIA,0,1610612737,ATL,0,,,,False
1999-2000,2000,19900046,19991019/PORSEA,,1999-10-20,04:00,1610612760,SEA,0,1610612757,POR,0,,,,False
1999-2000,2000,19900047,19991019/DALMIL,,1999-10-20,02:00,1610612749,MIL,0,1610612742,DAL,0,,,,False
1999-2000,2000,19900048,19991019/ORLSAS,,1999-10-20,02:30,1610612759,SAS,0,1610612753,ORL,0,,,,False
1999-2000,2000,19900049,19991019/NJNATL,,1999-10-20,02:30,1610612737,ATL,0,1610612751,NJN,0,,,,False
1999-2000,2000,19900050,19991019/MININD,,1999-10-20,02:00,1610612754,IND,0,1610612750,MIN,0,,,,False
1999-2000,2000,19900051,19991019/LACPHX,,1999-10-20,04:00,1610612756,PHX,0,1610612746,LAC,0,,,,False
1999-2000,2000,19900052,19991019/BOSCHH,,1999-10-20,01:30,1610612766,CHH,0,1610612738,BOS,0,,,,False
1999-2000,2000,19900053,19991019/GSWLAL,,1999-10-20,04:30,1610612747,LAL,0,1610612744,GSW,0,,,,False
1999-2000,2000,19900054,19991019/SACCHI,,1999-10-20,02:30,1610612741,CHI,0,1610612758,SAC,0,,,,False
1999-2000,2000,19900055,19991020/NJNNYK,,1999-10-21,01:30,1610612752,NYK,0,1610612751,NJN,0,,,,False
1999-2000,2000,19900056,19991020/TORDEN,,1999-10-21,03:00,1610612743,DEN,0,1610612761,TOR,0,,,,False
1999-2000,2000,19900057,19991020/MILMIN,,1999-10-21,02:30,1610612750,MIN,0,1610612749,MIL,0,,,,False
1999-2000,2000,19900058,19991020/UTABOS,,1999-10-21,01:30,1610612738,BOS,0,1610612762,UTA,0,,,,False
1999-2000,2000,19900059,19991021/PHISAS,,1999-10-22,02:30,1610612759,SAS,0,1610612755,PHI,0,,,,False
1999-2000,2000,19900060,19991021/MIAPHX,,1999-10-22,02:00,1610612756,PHX,0,1610612748,MIA,0,,,,False
1999-2000,2000,19900061,19991021/MIAPHX,,1999-10-22,02:30,1610612756,PHX,0,1610612748,MIA,0,,,,False
1999-2000,2000,19900062,19991021/LALGSW,,1999-10-22,05:00,1610612744,GSW,0,1610612747,LAL,0,,,,False
1999-2000,2000,19900063,19991021/ATLCHI,,1999-10-22,02:30,1610612741,CHI,0,1610612737,ATL,0,,,,False
1999-2000,2000,19900064,19991021/GSWLAL,,1999-10-22,02:00,1610612747,LAL,0,1610612744,GSW,0,,,,False
1999-2000,2000,19900065,19991021/ORLHOU,,1999-10-22,02:30,1610612745,HOU,0,1610612753,ORL,0,,,,False
1999-2000,2000,19900066,19991021/TORDAL,,1999-10-22,02:30,1610612742,DAL,0,1610612761,TOR,0,,,,False
1999-2000,2000,19900067,19991021/WASCLE,,1999-10-22,01:30,1610612739,CLE,0,1610612764,WAS,0,,,,False
1999-2000,2000,19900068,19991022/MINDET,,1999-10-23,01:30,1610612765,DET,0,1610612750,MIN,0,,,,False
1999-2000,2000,19900069,19991022/LACVAN,,1999-10-23,04:00,1610612763,VAN,0,1610612746,LAC,0,,,,False
1999-2000,2000,19900070,19991022/CHHATL,,1999-10-23,01:30,1610612737,ATL,0,1610612766,CHH,0,,,,False
1999-2000,2000,19900071,19991022/MIAGSW,,1999-10-23,02:00,1610612744,GSW,0,1610612748,MIA,0,,,,False
1999-2000,2000,19900072,19991022/SEADEN,,1999-10-23,03:00,1610612743,DEN,0,1610612760,SEA,0,,,,False
1999-2000,2000,19900073,19991022/UTAIND,,1999-10-23,02:00,1610612754,IND,0,1610612762,UTA,0,,,,False
1999-2000,2000,19900074,19991022/MIAGSW,,1999-10-23,02:00,1610612744,GSW,0,1610612748,MIA,0,,,,False
1999-2000,2000,19900075,19991022/PHXLAL,,1999-10-23,05:00,1610612747,LAL,0,1610612756,PHX,0,,,,False
1999-2000,2000,19900076,19991022/NJNPHI,,1999-10-23,02:30,1610612755,PHI,0,1610612751,NJN,0,,,,False
1999-2000,2000,19900077,19991022/LALPHX,,1999-10-23,03:00,1610612756,PHX,0,1610612747,LAL,0,,,,False
1999-2000,2000,19900078,19991023/CLEWAS,,1999-10-24,01:00,1610612764,WAS,0,1610612739,CLE,0,,,,False
1999-2000,2000,19900079,19991023/SACPOR,,1999-10-24,04:00,1610612757,POR,0,1610612758,SAC,0,,,,False
1999-2000,2000,19900080,19991023/TORMIL,,1999-10-24,02:00,1610612749,MIL,0,1610612761,TOR,0,,,,False
1999-2000,2000,19900081,19991023/BOSUTA,,1999-10-24,01:30,1610612762,UTA,0,1610612738,BOS,0,,,,False
1999-2000,2000,19900082,19991023/INDCHI,,1999-10-24,02:00,1610612741,CHI,0,1610612754,IND,0,,,,False
1999-2000,2000,19900083,19991023/DALCHH,,1999-10-24,01:30,1610612766,CHH,0,1610612742,DAL,0,,,,False
1999-2000,2000,19900084,19991023/SASNYK,,1999-10-24,00:30,1610612752,NYK,0,1610612759,SAS,0,,,,False
1999-2000,2000,19900085,19991024/GSWNJN,,1999-10-25,03:00,1610612751,NJN,0,1610612744,GSW,0,,,,False
1999-2000,2000,19900086,19991024/SACVAN,,1999-10-25,04:00,1610612763,VAN,0,1610612758,SAC,0,,,,False
1999-2000,2000,19900087,19991024/DETHOU,,1999-10-25,01:00,1610612745,HOU,0,1610612765,DET,0,,,,False
1999-2000,2000,19900088,19991024/PHIPHX,,1999-10-25,03:00,1610612756,PHX,0,1610612755,PHI,0,,,,False
1999-2000,2000,19900089,19991024/LACSEA,,1999-10-25,00:00,1610612760,SEA,0,1610612746,LAC,0,,,,False
1999-2000,2000,19900090,19991025/INDUTA,,1999-10-26,03:00,1610612762,UTA,0,1610612754,IND,0,,,,False
1999-2000,2000,19900091,19991025/DALORL,,1999-10-26,01:30,1610612753,ORL,0,1610612742,DAL,0,,,,False
1999-2000,2000,19900092,19991025/BOSATL,,1999-10-26,02:30,1610612737,ATL,0,1610612738,BOS,0,,,,False
1999-2000,2000,19900093,19991025/WASNYK,,1999-10-26,01:30,1610612752,NYK,0,1610612764,WAS,0,,,,False
1999-2000,2000,19900094,19991025/PORLAL,,1999-10-26,04:30,1610612747,LAL,0,1610612757,POR,0,,,,False
1999-2000,2000,19900095,19991026/SASHOU,,1999-10-27,02:30,1610612745,HOU,0,1610612759,SAS,0,,,,False
1999-2000,2000,19900096,19991026/SEASAC,,1999-10-27,04:30,1610612758,SAC,0,1610612760,SEA,0,,,,False
1999-2000,2000,19900097,19991026/MILDAL,,1999-10-27,02:30,1610612742,DAL,0,1610612749,MIL,0,,,,False
1999-2000,2000,19900098,19991026/PHXLAL,,1999-10-27,04:30,1610612747,LAL,0,1610612756,PHX,0,,,,False
1999-2000,2000,19900099,19991026/VANDEN,,1999-10-27,03:00,1610612743,DEN,0,1610612763,VAN,0,,,,False
1999-2000,2000,19900100,19991026/MINCHI,,1999-10-27,02:30,1610612741,CHI,0,1610612750,MIN,0,,,,False
1999-2000,2000,19900101,19991026/CLETOR,,1999-10-27,01:00,1610612761,TOR,0,1610612739,CLE,0,,,,False
1999-2000,2000,19900102,19991026/ORLMIA,,1999-10-27,01:30,1610612748,MIA,0,1610612753,ORL,0,,,,False
1999-2000,2000,19900103,19991027/CLEDET,,1999-10-28,01:30,1610612765,DET,0,1610612739,CLE,0,,,,False
1999-2000,2000,19900104,19991027/MILLAC,,1999-10-28,04:30,1610612746,LAC,0,1610612749,MIL,0,,,,False
1999-2000,2000,19900105,19991027/WASBOS,,1999-10-28,01:30,1610612738,BOS,0,1610612764,WAS,0,,,,False
1999-2000,2000,19900106,19991027/SEAVAN,,1999-10-28,04:00,1610612763,VAN,0,1610612760,SEA,0,,,,False
1999-2000,2000,19900107,19991027/INDMIN,,1999-10-28,02:00,1610612750,MIN,0,1610612754,IND,0,,,,False
1999-2000,2000,19900108,19991027/PHINYK,,1999-10-28,01:30,1610612752,NYK,0,1610612755,PHI,0,,,,False
1999-2000,2000,19900109,19991028/PHXPOR,,1999-10-29,04:00,1610612757,POR,0,1610612756,PHX,0,,,,False
1999-2000,2000,19900110,19991028/UTALAL,,1999-10-29,04:30,1610612747,LAL,0,1610612762,UTA,0,,,,False
1999-2000,2000,19900111,19991028/DETORL,,1999-10-29,01:30,1610612753,ORL,0,1610612765,DET,0,,,,False
1999-2000,2000,19900112,19991028/NJNNYK,,1999-10-29,01:30,1610612752,NYK,0,1610612751,NJN,0,,,,False
1999-2000,2000,19900113,19991028/DENTOR,,1999-10-29,01:00,1610612761,TOR,0,1610612743,DEN,0,,,,False
1999-2000,2000,19900114,19991029/BOSWAS,,1999-10-30,04:00,1610612764,WAS,0,1610612738,BOS,0,,,,False
1999-2000,2000,19900115,19991029/PORSAC,,1999-10-30,04:30,1610612758,SAC,0,1610612757,POR,0,,,,False
1999-2000,2000,19900116,19991029/HOUSAS,,1999-10-30,02:30,1610612759,SAS,0,1610612745,HOU,0,,,,False
1999-2000,2000,19900117,19991029/CHHCHI,,1999-10-30,01:30,1610612741,CHI,0,1610612766,CHH,0,,,,False
1999-2000,2000,19900118,19991029/GSWLAC,,1999-10-30,04:30,1610612746,LAC,0,1610612744,GSW,0,,,,False
1999-2000,2000,19900119,19991029/PHINJN,,1999-10-30,01:30,1610612751,NJN,0,1610612755,PHI,0,,,,False
1999-2000,2000,18800089,,,1999-10-31,01:00,0,,0,0,,0,,,,False
1999-2000,2000,29900001,19991102/CLENYK,Final,1999-11-03,01:30,1610612752,NYK,92,1610612739,CLE,84,,,,False
1999-2000,2000,29900002,19991102/INDNJN,Final,1999-11-03,01:30,1610612751,NJN,112,1610612754,IND,119,,,,False
1999-2000,2000,29900003,19991102/ATLWAS,Final,1999-11-03,01:00,1610612764,WAS,94,1610612737,ATL,87,,,,False
1999-2000,2000,29900004,19991102/DETMIA,Final/OT2,1999-11-03,01:30,1610612748,MIA,128,1610612765,DET,122,,,,False
1999-2000,2000,29900005,19991102/ORLCHH,Final,1999-11-03,01:30,1610612766,CHH,100,1610612753,ORL,86,,,,False
1999-2000,2000,29900006,19991102/BOSTOR,Final,1999-11-03,02:00,1610612761,TOR,90,1610612738,BOS,103,,,,False
1999-2000,2000,29900007,19991102/GSWDAL,Final,1999-11-03,02:30,1610612742,DAL,108,1610612744,GSW,96,,,,False
1999-2000,2000,29900008,19991102/MILHOU,Final,1999-11-03,02:30,1610612745,HOU,93,1610612749,MIL,98,,,,False
1999-2000,2000,29900009,19991102/PHISAS,Final,1999-11-03,02:00,1610612759,SAS,89,1610612755,PHI,76,,,,False
1999-2000,2000,29900010,19991102/PHXDEN,Final/OT,1999-11-03,03:00,1610612743,DEN,107,1610612756,PHX,102,,,,False
1999-2000,2000,29900011,19991102/LALUTA,Final,1999-11-03,04:30,1610612762,UTA,84,1610612747,LAL,91,,,,False
1999-2000,2000,29900012,19991102/SEALAC,Final,1999-11-03,04:30,1610612746,LAC,92,1610612760,SEA,104,,,,False
1999-2000,2000,29900013,19991102/PORVAN,Final,1999-11-03,04:30,1610612763,VAN,86,1610612757,POR,106,,,,False
1999-2000,2000,29900014,19991103/WASBOS,Final,1999-11-04,01:00,1610612738,BOS,112,1610612764,WAS,101,,,,False
1999-2000,2000,29900015,19991103/DETORL,Final,1999-11-04,01:30,1610612753,ORL,103,1610612765,DET,94,,,,False
1999-2000,2000,29900016,19991103/NJNCLE,Final,1999-11-04,01:30,1610612739,CLE,97,1610612751,NJN,90,,,,False
1999-2000,2000,29900017,19991103/NYKCHI,Final,1999-11-04,02:00,1610612741,CHI,74,1610612752,NYK,84,,,,False
1999-2000,2000,29900018,19991103/VANLAL,Final,1999-11-04,04:30,1610612747,LAL,103,1610612763,VAN,88,,,,False
1999-2000,2000,29900019,19991103/LACPOR,Final,1999-11-04,04:00,1610612757,POR,121,1610612746,LAC,98,,,,False
1999-2000,2000,29900020,19991104/INDCHH,Final,1999-11-05,01:30,1610612766,CHH,98,1610612754,IND,89,,,,False
1999-2000,2000,29900021,19991104/MILATL,Final,1999-11-05,01:30,1610612737,ATL,109,1610612749,MIL,119,,,,False
1999-2000,2000,29900022,19991104/MIATOR,Final,1999-11-05,01:00,1610612761,TOR,97,1610612748,MIA,86,,,,False
1999-2000,2000,29900023,19991104/GSWSAS,Final,1999-11-05,02:30,1610612759,SAS,104,1610612744,GSW,81,,,,False
1999-2000,2000,29900024,19991104/HOUUTA,Final,1999-11-05,03:00,1610612762,UTA,98,1610612745,HOU,82,,,,False
1999-2000,2000,29900025,19991104/PHIPHX,Final,1999-11-05,03:00,1610612756,PHX,84,1610612755,PHI,80,,,,False
1999-2000,2000,29900026,19991104/DALSEA,Final,1999-11-05,04:00,1610612760,SEA,106,1610612742,DAL,96,,,,False
1999-2000,2000,29900027,19991105/CHHBOS,Final,1999-11-06,01:00,1610612738,BOS,103,1610612766,CHH,100,,,,False
1999-2000,2000,29900028,19991105/TORNJN,Final,1999-11-06,01:30,1610612751,NJN,92,1610612761,TOR,112,,,,False
1999-2000,2000,29900029,19991105/CLEORL,Final,1999-11-06,01:30,1610612753,ORL,99,1610612739,CLE,104,,,,False
1999-2000,2000,29900030,19991105/NYKDET,Final,1999-11-06,02:00,1610612765,DET,91,1610612752,NYK,103,,,,False
1999-2000,2000,29900031,19991105/MIACHI,Final,1999-11-06,02:30,1610612741,CHI,87,1610612748,MIA,105,,,,False
1999-2000,2000,29900032,19991105/SASHOU,Final,1999-11-06,02:00,1610612745,HOU,85,1610612759,SAS,95,,,,False
1999-2000,2000,29900033,19991105/PHILAC,Final,1999-11-06,04:30,1610612746,LAC,91,1610612755,PHI,81,,,,False
1999-2000,2000,29900034,19991105/MINSAC,Final,1999-11-06,04:30,1610612758,SAC,100,1610612750,MIN,95,,,,False
1999-2000,2000,29900035,19991105/DENPOR,Final,1999-11-06,04:00,1610612757,POR,95,1610612743,DEN,83,,,,False
1999-2000,2000,29900036,19991106/ORLWAS,Final,1999-11-07,01:00,1610612764,WAS,104,1610612753,ORL,107,,,,False
1999-2000,2000,29900037,19991106/CHIATL,Final,1999-11-07,01:30,1610612737,ATL,113,1610612741,CHI,97,,,,False
1999-2000,2000,29900038,19991106/NYKCLE,Final,1999-11-07,01:30,1610612739,CLE,102,1610612752,NYK,93,,,,False
1999-2000,2000,29900039,19991106/BOSIND,Final,1999-11-07,01:00,1610612754,IND,115,1610612738,BOS,108,,,,False
1999-2000,2000,29900040,19991106/DETMIL,Final,1999-11-07,03:00,1610612749,MIL,121,1610612765,DET,111,,,,False
1999-2000,2000,29900041,19991106/SACMIN,Final,1999-11-07,04:00,1610612750,MIN,114,1610612758,SAC,101,,,,False
1999-2000,2000,29900042,19991106/DALGSW,Final,1999-11-07,04:30,1610612744,GSW,97,1610612742,DAL,120,,,,False
1999-2000,2000,29900043,19991106/LALPOR,Final,1999-11-07,04:00,1610612757,POR,97,1610612747,LAL,82,,,,False
1999-2000,2000,29900044,19991106/UTASEA,Final,1999-11-07,04:00,1610612760,SEA,99,1610612762,UTA,94,,,,False
1999-2000,2000,29900045,19991106/DENVAN,Final,1999-11-07,04:00,1610612763,VAN,109,1610612743,DEN,94,,,,False
1999-2000,2000,29900046,19991107/WASNJN,Final,1999-11-08,02:00,1610612751,NJN,112,1610612764,WAS,87,,,,False
1999-2000,2000,29900047,19991107/CHHTOR,Final,1999-11-07,22:00,1610612761,TOR,109,1610612766,CHH,99,,,,False
1999-2000,2000,29900048,19991107/SASPHX,Final,1999-11-08,02:00,1610612756,PHX,77,1610612759,SAS,74,,,,False
1999-2000,2000,29900049,19991107/DALLAL,Final,1999-11-08,03:30,1610612747,LAL,105,1610612742,DAL,97,,,,False
1999-2000,2000,29900050,19991108/MILNYK,Final/OT,1999-11-09,01:30,1610612752,NYK,111,1610612749,MIL,101,,,,False
1999-2000,2000,29900051,19991108/SEAPHI,Final,1999-11-09,01:00,1610612755,PHI,117,1610612760,SEA,98,,,,False
1999-2000,2000,29900052,19991108/ORLHOU,Final,1999-11-09,02:30,1610612745,HOU,97,1610612753,ORL,102,,,,False
1999-2000,2000,29900053,19991108/ATLDEN,Final,1999-11-09,03:00,1610612743,DEN,115,1610612737,ATL,100,,,,False
1999-2000,2000,29900054,19991108/UTALAC,Final,1999-11-09,04:30,1610612746,LAC,79,1610612762,UTA,94,,,,False
1999-2000,2000,29900055,19991109/INDMIA,Final,1999-11-10,01:30,1610612748,MIA,113,1610612754,IND,101,,,,False
1999-2000,2000,29900056,19991109/PHXCHI,Final,1999-11-10,02:30,1610612741,CHI,80,1610612756,PHX,103,,,,False
1999-2000,2000,29900057,19991109/LALDAL,Final,1999-11-10,02:30,1610612742,DAL,101,1610612747,LAL,123,,,,False
1999-2000,2000,29900058,19991109/PORUTA,Final,1999-11-10,02:00,1610612762,UTA,92,1610612757,POR,87,,,,False
1999-2000,2000,29900059,19991109/SASGSW,Final,1999-11-10,04:30,1610612744,GSW,89,1610612759,SAS,118,,,,False
1999-2000,2000,29900060,19991110/DETBOS,Final,1999-11-11,01:00,1610612738,BOS,92,1610612765,DET,110,,,,False
1999-2000,2000,29900061,19991110/PHXNJN,Final,1999-11-11,01:30,1610612751,NJN,89,1610612756,PHX,104,,,,False
1999-2000,2000,29900062,19991110/SEAWAS,Final,1999-11-11,01:00,1610612764,WAS,95,1610612760,SEA,109,,,,False
1999-2000,2000,29900063,19991110/PHIORL,Final,1999-11-11,01:30,1610612753,ORL,110,1610612755,PHI,105,,,,False
1999-2000,2000,29900064,19991110/MILCHH,Final,1999-11-11,01:30,1610612766,CHH,117,1610612749,MIL,111,,,,False
1999-2000,2000,29900065,19991110/LALHOU,Final,1999-11-11,02:00,1610612745,HOU,88,1610612747,LAL,89,,,,False
1999-2000,2000,29900066,19991110/SASLAC,Final,1999-11-11,04:30,1610612746,LAC,94,1610612759,SAS,99,,,,False
1999-2000,2000,29900067,19991110/ATLVAN,Final/OT,1999-11-11,04:00,1610612763,VAN,102,1610612737,ATL,97,,,,False
1999-2000,2000,29900068,19991111/DALMIA,Final,1999-11-12,01:30,1610612748,MIA,128,1610612742,DAL,105,,,,False
1999-2000,2000,29900069,19991111/SEACLE,Final,1999-11-12,01:30,1610612739,CLE,103,1610612760,SEA,109,,,,False
1999-2000,2000,29900070,19991111/TORDET,Final,1999-11-12,01:30,1610612765,DET,106,1610612761,TOR,123,,,,False
1999-2000,2000,29900071,19991111/ORLIND,Final,1999-11-12,01:00,1610612754,IND,116,1610612753,ORL,101,,,,False
1999-2000,2000,29900072,19991111/NYKMIN,Final,1999-11-12,02:00,1610612750,MIN,93,1610612752,NYK,90,,,,False
1999-2000,2000,29900073,19991112/NYKBOS,Final,1999-11-13,01:00,1610612738,BOS,80,1610612752,NYK,74,,,,False
1999-2000,2000,29900074,19991112/CHIPHI,Final,1999-11-13,01:00,1610612755,PHI,92,1610612741,CHI,86,,,,False
1999-2000,2000,29900075,19991112/MIAWAS,Final,1999-11-13,01:00,1610612764,WAS,95,1610612748,MIA,104,,,,False
1999-2000,2000,29900076,19991112/NJNCHH,Final,1999-11-13,01:30,1610612766,CHH,96,1610612751,NJN,92,,,,False
1999-2000,2000,29900077,19991112/PHXMIL,Final,1999-11-13,02:00,1610612749,MIL,107,1610612756,PHX,92,,,,False
1999-2000,2000,29900078,19991112/PORDEN,Final,1999-11-13,03:00,1610612743,DEN,78,1610612757,POR,93,,,,False
1999-2000,2000,29900079,19991112/HOULAL,Final,1999-11-13,04:30,1610612747,LAL,81,1610612745,HOU,97,,,,False
1999-2000,2000,29900080,19991112/UTASAC,Final,1999-11-13,02:00,1610612758,SAC,105,1610612762,UTA,92,,,,False
1999-2000,2000,29900081,19991112/GSWVAN,Final,1999-11-13,04:30,1610612763,VAN,93,1610612744,GSW,103,,,,False
1999-2000,2000,29900082,19991113/MILCLE,Final,1999-11-14,01:30,1610612739,CLE,117,1610612749,MIL,112,,,,False
1999-2000,2000,29900083,19991113/SEADET,Final,1999-11-14,01:30,1610612765,DET,107,1610612760,SEA,99,,,,False
1999-2000,2000,29900084,19991113/WASIND,Final,1999-11-14,01:00,1610612754,IND,105,1610612764,WAS,83,,,,False
1999-2000,2000,29900085,19991113/BOSCHI,Final,1999-11-14,02:30,1610612741,CHI,92,1610612738,BOS,91,,,,False
1999-2000,2000,29900086,19991113/PHXMIN,Final,1999-11-14,02:00,1610612750,MIN,111,1610612756,PHX,100,,,,False
1999-2000,2000,29900087,19991113/ORLDAL,Final,1999-11-14,02:00,1610612742,DAL,125,1610612753,ORL,117,,,,False
1999-2000,2000,29900088,19991113/CHHSAS,Final,1999-11-14,02:30,1610612759,SAS,95,1610612766,CHH,79,,,,False
1999-2000,2000,29900089,19991113/HOUGSW,Final,1999-11-14,04:30,1610612744,GSW,95,1610612745,HOU,103,,,,False
1999-2000,2000,29900090,19991113/ATLPOR,Final,1999-11-14,04:00,1610612757,POR,131,1610612737,ATL,95,,,,False
1999-2000,2000,29900091,19991114/MIANYK,Final,1999-11-15,01:00,1610612752,NYK,88,1610612748,MIA,94,,,,False
1999-2000,2000,29900092,19991114/PHITOR,Final,1999-11-14,21:00,1610612761,TOR,90,1610612755,PHI,93,,,,False
1999-2000,2000,29900093,19991114/ATLLAL,Final,1999-11-15,03:30,1610612747,LAL,93,1610612737,ATL,88,,,,False
1999-2000,2000,29900094,19991114/DENSAC,Final,1999-11-15,03:00,1610612758,SAC,126,1610612743,DEN,116,,,,False
1999-2000,2000,29900095,19991114/LACVAN,Final,1999-11-15,03:00,1610612763,VAN,109,1610612746,LAC,89,,,,False
1999-2000,2000,29900096,19991115/SEANJN,Final,1999-11-16,01:30,1610612751,NJN,92,1610612760,SEA,100,,,,False
1999-2000,2000,29900097,19991115/INDHOU,Final,1999-11-16,02:30,1610612745,HOU,87,1610612754,IND,96,,,,False
1999-2000,2000,29900098,19991115/SASUTA,Final,1999-11-16,03:00,1610612762,UTA,91,1610612759,SAS,85,,,,False
1999-2000,2000,29900099,19991115/LALPHX,Final,1999-11-16,03:00,1610612756,PHX,82,1610612747,LAL,91,,,,False
1999-2000,2000,29900100,19991116/PHIWAS,Final,1999-11-17,01:00,1610612764,WAS,73,1610612755,PHI,95,,,,False
1999-2000,2000,29900101,19991116/PORMIA,Final,1999-11-17,01:30,1610612748,MIA,96,1610612757,POR,101,,,,False
1999-2000,2000,29900102,19991116/CHHATL,Final,1999-11-17,01:30,1610612737,ATL,103,1610612766,CHH,98,,,,False
1999-2000,2000,29900103,19991116/DETTOR,Final,1999-11-17,01:00,1610612761,TOR,89,1610612765,DET,85,,,,False
1999-2000,2000,29900104,19991116/LACMIL,Final,1999-11-17,02:00,1610612749,MIL,101,1610612746,LAC,93,,,,False
1999-2000,2000,29900105,19991116/HOUDAL,Final,1999-11-17,02:30,1610612742,DAL,114,1610612745,HOU,95,,,,False
1999-2000,2000,29900106,19991116/INDSAS,Final/OT,1999-11-17,02:00,1610612759,SAS,90,1610612754,IND,87,,,,False
1999-2000,2000,29900107,19991116/NYKDEN,Final,1999-11-17,03:00,1610612743,DEN,95,1610612752,NYK,102,,,,False
1999-2000,2000,29900108,19991116/CHIGSW,Final,1999-11-17,04:30,1610612744,GSW,99,1610612741,CHI,79,,,,False
1999-2000,2000,29900109,19991116/VANSAC,Final,1999-11-17,04:30,1610612758,SAC,81,1610612763,VAN,77,,,,False
1999-2000,2000,29900110,19991117/CLEBOS,Final,1999-11-18,01:00,1610612738,BOS,114,1610612739,CLE,103,,,,False
1999-2000,2000,29900111,19991117/MIAPHI,Final,1999-11-18,01:00,1610612755,PHI,93,1610612748,MIA,98,,,,False
1999-2000,2000,29900112,19991117/PORORL,Final,1999-11-18,01:30,1610612753,ORL,79,1610612757,POR,81,,,,False
1999-2000,2000,29900113,19991117/DALCHH,Final,1999-11-18,01:30,1610612766,CHH,104,1610612742,DAL,99,,,,False
1999-2000,2000,29900114,19991117/NJNDET,Final,1999-11-18,01:30,1610612765,DET,109,1610612751,NJN,107,,,,False
1999-2000,2000,29900115,19991117/LACMIN,Final,1999-11-18,02:00,1610612750,MIN,85,1610612746,LAC,89,,,,False
1999-2000,2000,29900116,19991117/NYKUTA,Final,1999-11-18,02:00,1610612762,UTA,98,1610612752,NYK,90,,,,False
1999-2000,2000,29900117,19991117/CHIPHX,Final,1999-11-18,03:00,1610612756,PHX,105,1610612741,CHI,81,,,,False
1999-2000,2000,29900118,19991117/GSWSEA,Final,1999-11-18,04:00,1610612760,SEA,111,1610612744,GSW,108,,,,False
1999-2000,2000,29900119,19991118/TORWAS,Final,1999-11-19,01:00,1610612764,WAS,92,1610612761,TOR,81,,,,False
1999-2000,2000,29900120,19991118/SASMIL,Final,1999-11-19,02:00,1610612749,MIL,99,1610612759,SAS,88,,,,False
1999-2000,2000,29900121,19991118/SACHOU,Final,1999-11-19,02:30,1610612745,HOU,110,1610612758,SAC,128,,,,False
1999-2000,2000,29900122,19991118/LALDEN,Final,1999-11-19,03:00,1610612743,DEN,93,1610612747,LAL,82,,,,False
1999-2000,2000,29900123,19991118/SEAVAN,Final,1999-11-19,04:00,1610612763,VAN,108,1610612760,SEA,110,,,,False
1999-2000,2000,29900124,19991119/NJNBOS,Final,1999-11-20,01:00,1610612738,BOS,109,1610612751,NJN,96,,,,False
1999-2000,2000,29900125,19991119/PORPHI,Final,1999-11-20,02:00,1610612755,PHI,91,1610612757,POR,97,,,,False
1999-2000,2000,29900126,19991119/CHHORL,Final,1999-11-20,01:30,1610612753,ORL,92,1610612766,CHH,103,,,,False
1999-2000,2000,29900127,19991119/LACTOR,Final,1999-11-20,01:00,1610612761,TOR,106,1610612746,LAC,100,,,,False
1999-2000,2000,29900128,19991119/CLEDET,Final,1999-11-20,02:00,1610612765,DET,101,1610612739,CLE,90,,,,False
1999-2000,2000,29900129,19991119/ATLIND,Final,1999-11-20,01:00,1610612754,IND,99,1610612737,ATL,105,,,,False
1999-2000,2000,29900130,19991119/UTAMIN,Final,1999-11-20,02:00,1610612750,MIN,89,1610612762,UTA,84,,,,False
1999-2000,2000,29900131,19991119/SACDAL,Final,1999-11-20,02:30,1610612742,DAL,94,1610612758,SAC,103,,,,False
1999-2000,2000,29900132,19991119/NYKPHX,Final,1999-11-20,03:00,1610612756,PHX,96,1610612752,NYK,81,,,,False
1999-2000,2000,29900133,19991119/CHILAL,Final,1999-11-20,04:30,1610612747,LAL,103,1610612741,CHI,95,,,,False
1999-2000,2000,29900134,19991120/PHINJN,Final,1999-11-21,02:00,1610612751,NJN,96,1610612755,PHI,100,,,,False
1999-2000,2000,29900135,19991120/LACWAS,Final,1999-11-21,01:30,1610612764,WAS,89,1610612746,LAC,98,,,,False
1999-2000,2000,29900136,19991120/BOSMIA,Final,1999-11-21,01:30,1610612748,MIA,110,1610612738,BOS,92,,,,False
1999-2000,2000,29900137,19991120/PORCHH,Final/OT,1999-11-21,01:30,1610612766,CHH,96,1610612757,POR,100,,,,False
1999-2000,2000,29900138,19991120/ORLATL,Final,1999-11-21,01:30,1610612737,ATL,103,1610612753,ORL,107,,,,False
1999-2000,2000,29900139,19991120/INDCLE,Final,1999-11-21,01:30,1610612739,CLE,98,1610612754,IND,107,,,,False
1999-2000,2000,29900140,19991120/UTAMIL,Final,1999-11-21,02:30,1610612749,MIL,100,1610612762,UTA,111,,,,False
1999-2000,2000,29900141,19991120/DALSAS,Final,1999-11-21,02:30,1610612759,SAS,106,1610612742,DAL,90,,,,False
1999-2000,2000,29900142,19991120/CHIDEN,Final,1999-11-21,03:00,1610612743,DEN,95,1610612741,CHI,86,,,,False
1999-2000,2000,29900143,19991120/NYKGSW,Final,1999-11-21,04:30,1610612744,GSW,79,1610612752,NYK,86,,,,False
1999-2000,2000,29900144,19991120/HOUSEA,Final,1999-11-21,04:00,1610612760,SEA,110,1610612745,HOU,107,,,,False
1999-2000,2000,29900145,19991121/MILDET,Final,1999-11-22,00:00,1610612765,DET,113,1610612749,MIL,94,,,,False
1999-2000,2000,29900146,19991121/SEAPHX,Final,1999-11-22,02:00,1610612756,PHX,99,1610612760,SEA,86,,,,False
1999-2000,2000,29900147,19991121/TORLAL,Final,1999-11-22,03:30,1610612747,LAL,102,1610612761,TOR,111,,,,False
1999-2000,2000,29900148,19991121/HOUSAC,Final,1999-11-22,03:00,1610612758,SAC,110,1610612745,HOU,105,,,,False
1999-2000,2000,29900149,19991121/MINVAN,Final,1999-11-21,21:00,1610612763,VAN,81,1610612750,MIN,105,,,,False
1999-2000,2000,29900150,19991122/INDBOS,Final,1999-11-23,01:00,1610612738,BOS,95,1610612754,IND,85,,,,False
1999-2000,2000,29900151,19991122/SASPHI,Final,1999-11-23,01:00,1610612755,PHI,91,1610612759,SAS,94,,,,False
1999-2000,2000,29900152,19991122/MINUTA,Final,1999-11-23,03:00,1610612762,UTA,108,1610612750,MIN,93,,,,False
1999-2000,2000,29900153,19991123/VANWAS,Final,1999-11-24,01:00,1610612764,WAS,89,1610612763,VAN,87,,,,False
1999-2000,2000,29900154,19991123/MIAATL,Final,1999-11-24,01:30,1610612737,ATL,113,1610612748,MIA,106,,,,False
1999-2000,2000,29900155,19991123/PORCLE,Final,1999-11-24,01:30,1610612739,CLE,103,1610612757,POR,100,,,,False
1999-2000,2000,29900156,19991123/DALHOU,Final,1999-11-24,02:30,1610612745,HOU,119,1610612742,DAL,99,,,,False
1999-2000,2000,29900157,19991123/TORPHX,Final,1999-11-24,03:00,1610612756,PHX,94,1610612761,TOR,93,,,,False
1999-2000,2000,29900158,19991123/NYKLAC,Final,1999-11-24,04:30,1610612746,LAC,100,1610612752,NYK,95,,,,False
1999-2000,2000,29900159,19991123/NJNSAC,Final,1999-11-24,04:30,1610612758,SAC,105,1610612751,NJN,92,,,,False
1999-2000,2000,29900160,19991124/SASBOS,Final,1999-11-25,01:00,1610612738,BOS,98,1610612759,SAS,121,,,,False
1999-2000,2000,29900161,19991124/WASPHI,Final,1999-11-25,01:00,1610612755,PHI,93,1610612764,WAS,101,,,,False
1999-2000,2000,29900162,19991124/DALORL,Final,1999-11-25,01:30,1610612753,ORL,112,1610612742,DAL,100,,,,False
1999-2000,2000,29900163,19991124/ATLMIA,Final,1999-11-25,01:30,1610612748,MIA,93,1610612737,ATL,91,,,,False
1999-2000,2000,29900164,19991124/VANCHH,Final,1999-11-25,01:30,1610612766,CHH,89,1610612763,VAN,73,,,,False
1999-2000,2000,29900165,19991124/CHIMIL,Final,1999-11-25,02:00,1610612749,MIL,102,1610612741,CHI,95,,,,False
1999-2000,2000,29900166,19991124/PORMIN,Final,1999-11-25,02:00,1610612750,MIN,81,1610612757,POR,88,,,,False
1999-2000,2000,29900167,19991124/TORDEN,Final,1999-11-25,03:00,1610612743,DEN,109,1610612761,TOR,84,,,,False
1999-2000,2000,29900168,19991124/UTALAL,Final,1999-11-25,04:30,1610612747,LAL,90,1610612762,UTA,82,,,,False
1999-2000,2000,29900169,19991124/NJNGSW,Final,1999-11-25,04:30,1610612744,GSW,84,1610612751,NJN,92,,,,False
1999-2000,2000,29900170,19991125/DETIND,Final,1999-11-26,02:00,1610612754,IND,99,1610612765,DET,107,,,,False
1999-2000,2000,29900171,19991126/MILBOS,Final,1999-11-27,01:00,1610612738,BOS,112,1610612749,MIL,114,,,,False
1999-2000,2000,29900172,19991126/CLEPHI,Final,1999-11-27,01:30,1610612755,PHI,106,1610612739,CLE,83,,,,False
1999-2000,2000,29900173,19991126/WASCHH,Final,1999-11-27,01:30,1610612766,CHH,118,1610612764,WAS,85,,,,False
1999-2000,2000,29900174,19991126/ATLDET,Final,1999-11-27,02:00,1610612765,DET,93,1610612737,ATL,91,,,,False
1999-2000,2000,29900175,19991126/VANIND,Final,1999-11-27,01:30,1610612754,IND,105,1610612763,VAN,86,,,,False
1999-2000,2000,29900176,19991126/CHISAS,Final,1999-11-27,02:30,1610612759,SAS,101,1610612741,CHI,78,,,,False
1999-2000,2000,29900177,19991126/MINDEN,Final,1999-11-27,03:00,1610612743,DEN,114,1610612750,MIN,105,,,,False
1999-2000,2000,29900178,19991126/TORUTA,Final,1999-11-27,03:00,1610612762,UTA,87,1610612761,TOR,100,,,,False
1999-2000,2000,29900179,19991126/NJNLAL,Final,1999-11-27,04:30,1610612747,LAL,103,1610612751,NJN,80,,,,False
1999-2000,2000,29900180,19991126/GSWSAC,Final,1999-11-27,04:30,1610612758,SAC,124,1610612744,GSW,95,,,,False
1999-2000,2000,29900181,19991126/HOUPOR,Final/OT,1999-11-27,02:00,1610612757,POR,91,1610612745,HOU,88,,,,False
1999-2000,2000,29900182,19991126/LACSEA,Final,1999-11-27,04:00,1610612760,SEA,98,1610612746,LAC,93,,,,False
1999-2000,2000,29900183,19991127/ORLNYK,Final,1999-11-27,19:00,1610612752,NYK,99,1610612753,ORL,96,,,,False
1999-2000,2000,29900184,19991127/WASMIA,Final,1999-11-28,01:30,1610612748,MIA,89,1610612764,WAS,86,,,,False
1999-2000,2000,29900185,19991127/BOSATL,Final,1999-11-28,01:30,1610612737,ATL,94,1610612738,BOS,84,,,,False
1999-2000,2000,29900186,19991127/CHHCLE,Final,1999-11-28,01:30,1610612739,CLE,106,1610612766,CHH,89,,,,False
1999-2000,2000,29900187,19991127/PHIMIL,Final,1999-11-28,02:30,1610612749,MIL,79,1610612755,PHI,82,,,,False
1999-2000,2000,29900188,19991127/VANMIN,Final,1999-11-28,02:00,1610612750,MIN,113,1610612763,VAN,82,,,,False
1999-2000,2000,29900189,19991127/CHIDAL,Final,1999-11-28,02:00,1610612742,DAL,95,1610612741,CHI,83,,,,False
1999-2000,2000,29900190,19991127/DENSAS,Final,1999-11-28,02:30,1610612759,SAS,106,1610612743,DEN,87,,,,False
1999-2000,2000,29900191,19991127/NJNPHX,Final,1999-11-28,03:00,1610612756,PHX,129,1610612751,NJN,90,,,,False
1999-2000,2000,29900192,19991127/PORLAC,Final,1999-11-28,05:00,1610612746,LAC,71,1610612757,POR,88,,,,False
1999-2000,2000,29900193,19991127/TORGSW,Final,1999-11-28,04:30,1610612744,GSW,88,1610612761,TOR,106,,,,False
1999-2000,2000,29900194,19991128/ORLDET,Final,1999-11-29,00:00,1610612765,DET,99,1610612753,ORL,108,,,,False
1999-2000,2000,29900195,19991128/INDSEA,Final,1999-11-29,02:00,1610612760,SEA,102,1610612754,IND,91,,,,False
1999-2000,2000,29900196,19991129/DALNYK,Final,1999-11-30,01:30,1610612752,NYK,107,1610612742,DAL,82,,,,False
1999-2000,2000,29900197,19991129/SACMIA,Final,1999-11-30,01:30,1610612748,MIA,98,1610612758,SAC,88,,,,False
1999-2000,2000,29900198,19991129/GSWUTA,Final,1999-11-30,03:00,1610612762,UTA,115,1610612744,GSW,99,,,,False
1999-2000,2000,29900199,19991129/INDPOR,Final,1999-11-30,04:00,1610612757,POR,91,1610612754,IND,93,,,,False
1999-2000,2000,29900200,19991129/HOUVAN,Final/OT,1999-11-30,04:00,1610612763,VAN,110,1610612745,HOU,118,,,,False
1999-2000,2000,29900201,19991130/WASNJN,Final,1999-12-01,01:30,1610612751,NJN,78,1610612764,WAS,85,,,,False
1999-2000,2000,29900202,19991130/NYKPHI,Final,1999-12-01,02:00,1610612755,PHI,74,1610612752,NYK,70,,,,False
1999-2000,2000,29900203,19991130/SACORL,Final,1999-12-01,01:30,1610612753,ORL,102,1610612758,SAC,111,,,,False
1999-2000,2000,29900204,19991130/ATLTOR,Final,1999-12-01,01:00,1610612761,TOR,89,1610612737,ATL,107,,,,False
1999-2000,2000,29900205,19991130/DALCLE,Final,1999-12-01,01:30,1610612739,CLE,106,1610612742,DAL,99,,,,False
1999-2000,2000,29900206,19991130/DENMIN,Final,1999-12-01,02:00,1610612750,MIN,109,1610612743,DEN,92,,,,False
1999-2000,2000,29900207,19991130/DETSAS,Final,1999-12-01,02:30,1610612759,SAS,106,1610612765,DET,87,,,,False
1999-2000,2000,29900208,19991130/PHXLAC,Final,1999-12-01,04:30,1610612746,LAC,80,1610612756,PHX,94,,,,False
1999-2000,2000,29900209,19991130/LALSEA,Final,1999-12-01,04:00,1610612760,SEA,77,1610612747,LAL,101,,,,False
1999-2000,2000,29900210,19991201/CLEWAS,Final,1999-12-02,01:00,1610612764,WAS,108,1610612739,CLE,111,,,,False
1999-2000,2000,29900211,19991201/PHIMIA,Final,1999-12-02,01:30,1610612748,MIA,90,1610612755,PHI,83,,,,False
1999-2000,2000,29900212,19991201/DETDEN,Final,1999-12-02,03:00,1610612743,DEN,100,1610612765,DET,96,,,,False
1999-2000,2000,29900213,19991201/HOUPHX,Final/OT2,1999-12-02,02:00,1610612756,PHX,128,1610612745,HOU,122,,,,False
1999-2000,2000,29900214,19991201/GSWLAL,Final,1999-12-02,04:30,1610612747,LAL,93,1610612744,GSW,75,,,,False
1999-2000,2000,29900215,19991201/CHHPOR,Final,1999-12-02,04:00,1610612757,POR,94,1610612766,CHH,90,,,,False
1999-2000,2000,29900216,19991201/INDVAN,Final,1999-12-02,04:00,1610612763,VAN,89,1610612754,IND,96,,,,False
1999-2000,2000,29900217,19991202/SASNJN,Final,1999-12-03,01:30,1610612751,NJN,94,1610612759,SAS,96,,,,False
1999-2000,2000,29900218,19991202/SACATL,Final,1999-12-03,01:30,1610612737,ATL,110,1610612758,SAC,100,,,,False
1999-2000,2000,29900219,19991202/DALCHI,Final,1999-12-03,02:30,1610612741,CHI,95,1610612742,DAL,101,,,,False
1999-2000,2000,29900220,19991202/NYKMIL,Final,1999-12-03,02:00,1610612749,MIL,80,1610612752,NYK,84,,,,False
1999-2000,2000,29900221,19991202/ORLMIN,Final,1999-12-03,02:00,1610612750,MIN,93,1610612753,ORL,103,,,,False
1999-2000,2000,29900222,19991202/HOULAC,Final,1999-12-03,04:30,1610612746,LAC,96,1610612745,HOU,109,,,,False
1999-2000,2000,29900223,19991202/SEAGSW,Final,1999-12-03,04:30,1610612744,GSW,108,1610612760,SEA,117,,,,False
1999-2000,2000,29900224,19991203/MIABOS,Final,1999-12-04,01:00,1610612738,BOS,96,1610612748,MIA,84,,,,False
1999-2000,2000,29900225,19991203/WASTOR,Final,1999-12-04,01:00,1610612761,TOR,95,1610612764,WAS,93,,,,False
1999-2000,2000,29900226,19991203/PHICLE,Final/OT,1999-12-04,01:30,1610612739,CLE,100,1610612755,PHI,102,,,,False
1999-2000,2000,29900227,19991203/SASDET,Final,1999-12-04,02:00,1610612765,DET,102,1610612759,SAS,80,,,,False
1999-2000,2000,29900228,19991203/ORLDEN,Final,1999-12-04,03:00,1610612743,DEN,100,1610612753,ORL,112,,,,False
1999-2000,2000,29900229,19991203/INDUTA,Final,1999-12-04,02:00,1610612762,UTA,75,1610612754,IND,100,,,,False
1999-2000,2000,29900230,19991203/PORLAL,Final,1999-12-04,04:30,1610612747,LAL,93,1610612757,POR,80,,,,False
1999-2000,2000,29900231,19991203/CHHVAN,Final,1999-12-04,04:00,1610612763,VAN,94,1610612766,CHH,113,,,,False
1999-2000,2000,29900232,19991204/NYKNJN,Final,1999-12-04,19:00,1610612751,NJN,82,1610612752,NYK,92,,,,False
1999-2000,2000,29900233,19991204/BOSPHI,Final,1999-12-05,01:00,1610612755,PHI,77,1610612738,BOS,74,,,,False
1999-2000,2000,29900234,19991204/SACWAS,Final,1999-12-05,02:00,1610612764,WAS,104,1610612758,SAC,114,,,,False
1999-2000,2000,29900235,19991204/DETATL,Final,1999-12-05,01:30,1610612737,ATL,112,1610612765,DET,110,,,,False
1999-2000,2000,29900236,19991204/MILCHI,Final,1999-12-05,02:30,1610612741,CHI,91,1610612749,MIL,92,,,,False
1999-2000,2000,29900237,19991204/DALMIN,Final,1999-12-05,02:00,1610612750,MIN,84,1610612742,DAL,103,,,,False
1999-2000,2000,29900238,19991204/PHXHOU,Final,1999-12-05,02:30,1610612745,HOU,105,1610612756,PHX,95,,,,False
1999-2000,2000,29900239,19991204/SEALAC,Final,1999-12-04,22:00,1610612746,LAC,89,1610612760,SEA,102,,,,False
1999-2000,2000,29900240,19991204/UTAGSW,Final,1999-12-05,04:30,1610612744,GSW,82,1610612762,UTA,94,,,,False
1999-2000,2000,29900241,19991205/DENNYK,Final,1999-12-06,01:00,1610612752,NYK,78,1610612743,DEN,80,,,,False
1999-2000,2000,29900242,19991205/SASTOR,Final,1999-12-05,21:00,1610612761,TOR,98,1610612759,SAS,92,,,,False
1999-2000,2000,29900243,19991205/DALMIL,Final,1999-12-06,01:00,1610612749,MIL,103,1610612742,DAL,97,,,,False
1999-2000,2000,29900244,19991205/PORPHX,Final,1999-12-06,02:00,1610612756,PHX,90,1610612757,POR,92,,,,False
1999-2000,2000,29900245,19991205/ORLLAL,Final,1999-12-06,03:30,1610612747,LAL,117,1610612753,ORL,100,,,,False
1999-2000,2000,29900246,19991205/CHHSEA,Final,1999-12-05,21:30,1610612760,SEA,81,1610612766,CHH,103,,,,False
1999-2000,2000,29900247,19991206/SACNJN,Final,1999-12-07,01:30,1610612751,NJN,109,1610612758,SAC,95,,,,False
1999-2000,2000,29900248,19991206/DENPHI,Final,1999-12-07,01:00,1610612755,PHI,77,1610612743,DEN,94,,,,False
1999-2000,2000,29900249,19991206/VANHOU,Final,1999-12-07,02:30,1610612745,HOU,102,1610612763,VAN,99,,,,False
1999-2000,2000,29900250,19991206/WASUTA,Final,1999-12-07,03:00,1610612762,UTA,102,1610612764,WAS,96,,,,False
1999-2000,2000,29900251,19991206/MIALAC,Final,1999-12-07,04:30,1610612746,LAC,91,1610612748,MIA,99,,,,False
1999-2000,2000,29900252,19991207/GSWNYK,Final,1999-12-08,01:30,1610612752,NYK,89,1610612744,GSW,83,,,,False
1999-2000,2000,29900253,19991207/CLETOR,Final,1999-12-08,01:00,1610612761,TOR,101,1610612739,CLE,98,,,,False
1999-2000,2000,29900254,19991207/SASIND,Final,1999-12-08,02:00,1610612754,IND,83,1610612759,SAS,77,,,,False
1999-2000,2000,29900255,19991207/DETMIL,Final,1999-12-08,02:00,1610612749,MIL,112,1610612765,DET,116,,,,False
1999-2000,2000,29900256,19991207/VANDAL,Final,1999-12-08,02:30,1610612742,DAL,95,1610612763,VAN,104,,,,False
1999-2000,2000,29900257,19991207/ORLPHX,Final,1999-12-08,03:00,1610612756,PHX,110,1610612753,ORL,107,,,,False
1999-2000,2000,29900258,19991207/WASLAL,Final,1999-12-08,04:30,1610612747,LAL,91,1610612764,WAS,80,,,,False
1999-2000,2000,29900259,19991207/MIAPOR,Final,1999-12-08,04:00,1610612757,POR,76,1610612748,MIA,86,,,,False
1999-2000,2000,29900260,19991208/DENBOS,Final,1999-12-09,01:00,1610612738,BOS,115,1610612743,DEN,90,,,,False
1999-2000,2000,29900261,19991208/MILNJN,Final,1999-12-09,01:30,1610612751,NJN,107,1610612749,MIL,90,,,,False
1999-2000,2000,29900262,19991208/HOUPHI,Final,1999-12-09,01:00,1610612755,PHI,83,1610612745,HOU,73,,,,False
1999-2000,2000,29900263,19991208/GSWCHH,Final,1999-12-09,01:30,1610612766,CHH,113,1610612744,GSW,106,,,,False
1999-2000,2000,29900264,19991208/LACATL,Final,1999-12-09,01:30,1610612737,ATL,99,1610612746,LAC,81,,,,False
1999-2000,2000,29900265,19991208/CHICLE,Final,1999-12-09,01:30,1610612739,CLE,107,1610612741,CHI,93,,,,False
1999-2000,2000,29900266,19991208/DALUTA,Final,1999-12-09,03:00,1610612762,UTA,85,1610612742,DAL,79,,,,False
1999-2000,2000,29900267,19991208/LALSAC,Final,1999-12-09,02:00,1610612758,SAC,103,1610612747,LAL,91,,,,False
1999-2000,2000,29900268,19991208/MINSEA,Final,1999-12-09,04:00,1610612760,SEA,110,1610612750,MIN,94,,,,False
1999-2000,2000,29900269,19991209/VANSAS,Final,1999-12-10,02:30,1610612759,SAS,99,1610612763,VAN,91,,,,False
1999-2000,2000,29900270,19991209/WASPHX,Final,1999-12-10,03:00,1610612756,PHX,99,1610612764,WAS,85,,,,False
1999-2000,2000,29900271,19991209/MINPOR,Final,1999-12-10,04:00,1610612757,POR,90,1610612750,MIN,86,,,,False
1999-2000,2000,29900272,19991210/HOUBOS,Final,1999-12-11,01:00,1610612738,BOS,100,1610612745,HOU,96,,,,False
1999-2000,2000,29900273,19991210/PHINYK,Final,1999-12-11,02:00,1610612752,NYK,85,1610612755,PHI,78,,,,False
1999-2000,2000,29900274,19991210/DENCHH,Final,1999-12-11,01:30,1610612766,CHH,106,1610612743,DEN,99,,,,False
1999-2000,2000,29900275,19991210/GSWATL,Final,1999-12-11,01:30,1610612737,ATL,99,1610612744,GSW,107,,,,False
1999-2000,2000,29900276,19991210/MILTOR,Final,1999-12-11,01:00,1610612761,TOR,91,1610612749,MIL,107,,,,False
1999-2000,2000,29900277,19991210/LACDET,Final,1999-12-11,02:00,1610612765,DET,107,1610612746,LAC,83,,,,False
1999-2000,2000,29900278,19991210/CLEIND,Final,1999-12-11,01:00,1610612754,IND,136,1610612739,CLE,88,,,,False
1999-2000,2000,29900279,19991210/NJNCHI,Final,1999-12-11,02:30,1610612741,CHI,71,1610612751,NJN,69,,,,False
1999-2000,2000,29900280,19991210/SEAUTA,Final,1999-12-11,03:00,1610612762,UTA,101,1610612760,SEA,83,,,,False
1999-2000,2000,29900281,19991210/MIASAC,Final,1999-12-11,04:30,1610612758,SAC,97,1610612748,MIA,107,,,,False
1999-2000,2000,29900282,19991211/HOUNJN,Final,1999-12-12,02:00,1610612751,NJN,106,1610612745,HOU,94,,,,False
1999-2000,2000,29900283,19991211/CHHPHI,Final,1999-12-12,01:00,1610612755,PHI,84,1610612766,CHH,106,,,,False
1999-2000,2000,29900284,19991211/CHIORL,Final,1999-12-12,01:30,1610612753,ORL,108,1610612741,CHI,87,,,,False
1999-2000,2000,29900285,19991211/ATLCLE,Final,1999-12-12,01:30,1610612739,CLE,127,1610612737,ATL,116,,,,False
1999-2000,2000,29900286,19991211/LACIND,Final,1999-12-12,01:00,1610612754,IND,108,1610612746,LAC,90,,,,False
1999-2000,2000,29900287,19991211/DENMIL,Final,1999-12-12,02:30,1610612749,MIL,99,1610612743,DEN,101,,,,False
1999-2000,2000,29900288,19991211/GSWMIN,Final,1999-12-12,02:00,1610612750,MIN,76,1610612744,GSW,104,,,,False
1999-2000,2000,29900289,19991211/PHXDAL,Final,1999-12-12,02:00,1610612742,DAL,120,1610612756,PHX,115,,,,False
1999-2000,2000,29900290,19991211/WASSAS,Final,1999-12-12,02:30,1610612759,SAS,89,1610612764,WAS,99,,,,False
1999-2000,2000,29900291,19991211/PORSAC,Final,1999-12-12,04:30,1610612758,SAC,96,1610612757,POR,101,,,,False
1999-2000,2000,29900292,19991211/MIASEA,Final,1999-12-12,04:00,1610612760,SEA,92,1610612748,MIA,88,,,,False
1999-2000,2000,29900293,19991211/LALVAN,Final,1999-12-11,21:00,1610612763,VAN,94,1610612747,LAL,106,,,,False
1999-2000,2000,29900294,19991212/BOSNYK,Final,1999-12-13,01:00,1610612752,NYK,99,1610612738,BOS,97,,,,False
1999-2000,2000,29900295,19991212/UTATOR,Final,1999-12-12,19:00,1610612761,TOR,88,1610612762,UTA,103,,,,False
1999-2000,2000,29900296,19991212/DETLAL,Final,1999-12-13,03:30,1610612747,LAL,101,1610612765,DET,93,,,,False
1999-2000,2000,29900297,19991213/VANLAC,Final,1999-12-14,04:30,1610612746,LAC,102,1610612763,VAN,90,,,,False
1999-2000,2000,29900298,19991214/UTAWAS,Final,1999-12-15,01:00,1610612764,WAS,80,1610612762,UTA,101,,,,False
1999-2000,2000,29900299,19991214/MINATL,Final,1999-12-15,01:30,1610612737,ATL,105,1610612750,MIN,94,,,,False
1999-2000,2000,29900300,19991214/INDTOR,Final,1999-12-15,02:00,1610612761,TOR,105,1610612754,IND,97,,,,False
1999-2000,2000,29900301,19991214/BOSCLE,Final,1999-12-15,01:30,1610612739,CLE,115,1610612738,BOS,88,,,,False
1999-2000,2000,29900302,19991214/SASDAL,Final,1999-12-15,02:30,1610612742,DAL,93,1610612759,SAS,111,,,,False
1999-2000,2000,29900303,19991214/NYKHOU,Final,1999-12-15,02:00,1610612745,HOU,90,1610612752,NYK,101,,,,False
1999-2000,2000,29900304,19991214/DETPHX,Final,1999-12-15,03:00,1610612756,PHX,114,1610612765,DET,104,,,,False
1999-2000,2000,29900305,19991214/LACLAL,Final,1999-12-15,04:30,1610612747,LAL,95,1610612746,LAC,68,,,,False
1999-2000,2000,29900306,19991214/MIAGSW,Final,1999-12-15,04:30,1610612744,GSW,102,1610612748,MIA,97,,,,False
1999-2000,2000,29900307,19991214/DENSEA,Final,1999-12-15,04:00,1610612760,SEA,109,1610612743,DEN,84,,,,False
1999-2000,2000,29900308,19991215/UTABOS,Final,1999-12-16,01:00,1610612738,BOS,86,1610612762,UTA,96,,,,False
1999-2000,2000,29900309,19991215/CLENJN,Final,1999-12-16,01:30,1610612751,NJN,111,1610612739,CLE,101,,,,False
1999-2000,2000,29900310,19991215/TORPHI,Final,1999-12-16,02:00,1610612755,PHI,93,1610612761,TOR,91,,,,False
1999-2000,2000,29900311,19991215/MILORL,Final,1999-12-16,01:30,1610612753,ORL,99,1610612749,MIL,116,,,,False
1999-2000,2000,29900312,19991215/MINCHH,Final,1999-12-16,01:30,1610612766,CHH,103,1610612750,MIN,98,,,,False
1999-2000,2000,29900313,19991215/CHIIND,Final,1999-12-16,01:00,1610612754,IND,102,1610612741,CHI,91,,,,False
1999-2000,2000,29900314,19991215/HOUSAS,Final,1999-12-16,02:30,1610612759,SAS,83,1610612745,HOU,77,,,,False
1999-2000,2000,29900315,19991215/SACVAN,Final,1999-12-16,04:00,1610612763,VAN,106,1610612758,SAC,109,,,,False
1999-2000,2000,29900316,19991216/NJNWAS,Final,1999-12-17,01:00,1610612764,WAS,108,1610612751,NJN,104,,,,False
1999-2000,2000,29900317,19991216/MILMIA,Final,1999-12-17,01:30,1610612748,MIA,95,1610612749,MIL,96,,,,False
1999-2000,2000,29900318,19991216/LALATL,Final,1999-12-17,01:30,1610612737,ATL,88,1610612747,LAL,95,,,,False
1999-2000,2000,29900319,19991216/NYKDAL,Final,1999-12-17,02:30,1610612742,DAL,93,1610612752,NYK,100,,,,False
1999-2000,2000,29900320,19991216/SACDEN,Final,1999-12-17,03:00,1610612743,DEN,116,1610612758,SAC,106,,,,False
1999-2000,2000,29900321,19991216/DETGSW,Final,1999-12-17,04:30,1610612744,GSW,108,1610612765,DET,116,,,,False
1999-2000,2000,29900322,19991216/PORSEA,Final,1999-12-17,04:00,1610612760,SEA,81,1610612757,POR,107,,,,False
1999-2000,2000,29900323,19991217/CHIPHI,Final,1999-12-18,01:00,1610612755,PHI,77,1610612741,CHI,74,,,,False
1999-2000,2000,29900324,19991217/TORORL,Final,1999-12-18,01:30,1610612753,ORL,112,1610612761,TOR,98,,,,False
1999-2000,2000,29900325,19991217/CLECHH,Final,1999-12-18,01:30,1610612766,CHH,99,1610612739,CLE,86,,,,False
1999-2000,2000,29900326,19991217/UTAIND,Final,1999-12-18,01:00,1610612754,IND,89,1610612762,UTA,74,,,,False
1999-2000,2000,29900327,19991217/LALMIN,Final,1999-12-18,02:00,1610612750,MIN,88,1610612747,LAL,97,,,,False
1999-2000,2000,29900328,19991217/BOSSAS,Final,1999-12-18,02:30,1610612759,SAS,103,1610612738,BOS,94,,,,False
1999-2000,2000,29900329,19991217/GSWLAC,Final,1999-12-18,04:30,1610612746,LAC,92,1610612744,GSW,91,,,,False
1999-2000,2000,29900330,19991217/PHXPOR,Final,1999-12-18,04:00,1610612757,POR,102,1610612756,PHX,110,,,,False
1999-2000,2000,29900331,19991218/WASNYK,Final,1999-12-18,19:00,1610612752,NYK,83,1610612764,WAS,95,,,,False
1999-2000,2000,29900332,19991218/CHHMIA,Final,1999-12-19,01:30,1610612748,MIA,89,1610612766,CHH,106,,,,False
1999-2000,2000,29900333,19991218/UTAATL,Final,1999-12-19,01:30,1610612737,ATL,96,1610612762,UTA,106,,,,False
1999-2000,2000,29900334,19991218/NJNCLE,Final,1999-12-19,01:30,1610612739,CLE,74,1610612751,NJN,98,,,,False
1999-2000,2000,29900335,19991218/PHIDET,Final,1999-12-19,01:30,1610612765,DET,104,1610612755,PHI,91,,,,False
1999-2000,2000,29900336,19991218/ORLCHI,Final,1999-12-19,02:30,1610612741,CHI,74,1610612753,ORL,83,,,,False
1999-2000,2000,29900337,19991218/INDMIL,Final,1999-12-19,02:30,1610612749,MIL,109,1610612754,IND,95,,,,False
1999-2000,2000,29900338,19991218/MINDAL,Final,1999-12-19,02:00,1610612742,DAL,104,1610612750,MIN,108,,,,False
1999-2000,2000,29900339,19991218/BOSHOU,Final,1999-12-19,02:30,1610612745,HOU,100,1610612738,BOS,94,,,,False
1999-2000,2000,29900340,19991218/SASDEN,Final,1999-12-19,03:00,1610612743,DEN,86,1610612759,SAS,84,,,,False
1999-2000,2000,29900341,19991218/SACPHX,Final,1999-12-19,03:00,1610612756,PHX,119,1610612758,SAC,103,,,,False
1999-2000,2000,29900342,19991218/VANSEA,Final,1999-12-19,04:00,1610612760,SEA,112,1610612763,VAN,89,,,,False
1999-2000,2000,29900343,19991219/ATLNJN,Final,1999-12-20,00:00,1610612751,NJN,96,1610612737,ATL,88,,,,False
1999-2000,2000,29900344,19991219/LALTOR,Final,1999-12-19,21:00,1610612761,TOR,88,1610612747,LAL,94,,,,False
1999-2000,2000,29900345,19991219/LACVAN,Final,1999-12-20,03:00,1610612763,VAN,85,1610612746,LAC,84,,,,False
1999-2000,2000,29900346,19991220/LALBOS,Final,1999-12-21,01:00,1610612738,BOS,90,1610612747,LAL,99,,,,False
1999-2000,2000,29900347,19991220/CHHNYK,Final/OT,1999-12-21,01:30,1610612752,NYK,112,1610612766,CHH,109,,,,False
1999-2000,2000,29900348,19991220/DETPHI,Final/OT,1999-12-21,01:00,1610612755,PHI,122,1610612765,DET,121,,,,False
1999-2000,2000,29900349,19991220/UTAORL,Final,1999-12-21,01:30,1610612753,ORL,104,1610612762,UTA,102,,,,False
1999-2000,2000,29900350,19991220/MINCLE,Final,1999-12-21,01:30,1610612739,CLE,94,1610612750,MIN,100,,,,False
1999-2000,2000,29900351,19991220/SEACHI,Final,1999-12-21,02:30,1610612741,CHI,84,1610612760,SEA,93,,,,False
1999-2000,2000,29900352,19991220/MIADAL,Final,1999-12-21,02:30,1610612742,DAL,89,1610612748,MIA,92,,,,False
1999-2000,2000,29900353,19991220/PORDEN,Final,1999-12-21,03:00,1610612743,DEN,97,1610612757,POR,88,,,,False
1999-2000,2000,29900354,19991220/MILPHX,Final,1999-12-21,03:00,1610612756,PHX,108,1610612749,MIL,101,,,,False
1999-2000,2000,29900355,19991220/SACGSW,Final,1999-12-21,04:30,1610612744,GSW,111,1610612758,SAC,99,,,,False
1999-2000,2000,29900356,19991221/NJNTOR,Final,1999-12-22,01:00,1610612761,TOR,116,1610612751,NJN,87,,,,False
1999-2000,2000,29900357,19991221/WASDET,Final,1999-12-22,01:30,1610612765,DET,83,1610612764,WAS,97,,,,False
1999-2000,2000,29900358,19991221/SEAIND,Final,1999-12-22,01:00,1610612754,IND,113,1610612760,SEA,103,,,,False
1999-2000,2000,29900359,19991221/PORHOU,Final,1999-12-22,02:30,1610612745,HOU,79,1610612757,POR,89,,,,False
1999-2000,2000,29900360,19991221/PHXSAS,Final/OT,1999-12-22,02:00,1610612759,SAS,91,1610612756,PHX,90,,,,False
1999-2000,2000,29900361,19991221/MILSAC,Final,1999-12-22,04:30,1610612758,SAC,108,1610612749,MIL,95,,,,False
1999-2000,2000,29900362,19991222/ATLBOS,Final,1999-12-23,01:00,1610612738,BOS,98,1610612737,ATL,81,,,,False
1999-2000,2000,29900363,19991222/TORNYK,Final,1999-12-23,01:30,1610612752,NYK,91,1610612761,TOR,90,,,,False
1999-2000,2000,29900364,19991222/UTAMIA,Final,1999-12-23,02:00,1610612748,MIA,74,1610612762,UTA,72,,,,False
1999-2000,2000,29900365,19991222/ORLCLE,Final,1999-12-23,01:30,1610612739,CLE,97,1610612753,ORL,103,,,,False
1999-2000,2000,29900366,19991222/MINCHI,Final,1999-12-23,02:30,1610612741,CHI,86,1610612750,MIN,106,,,,False
1999-2000,2000,29900367,19991222/LACGSW,Final,1999-12-23,04:30,1610612744,GSW,99,1610612746,LAC,103,,,,False
1999-2000,2000,29900368,19991223/PHINJN,Final,1999-12-24,01:30,1610612751,NJN,99,1610612755,PHI,94,,,,False
1999-2000,2000,29900369,19991223/ORLCHH,Final,1999-12-24,01:30,1610612766,CHH,106,1610612753,ORL,110,,,,False
1999-2000,2000,29900370,19991223/CLEATL,Final,1999-12-24,01:30,1610612737,ATL,108,1610612739,CLE,90,,,,False
1999-2000,2000,29900371,19991223/SEAMIN,Final,1999-12-24,02:00,1610612750,MIN,109,1610612760,SEA,102,,,,False
1999-2000,2000,29900372,19991223/WASHOU,Final,1999-12-24,02:30,1610612745,HOU,105,1610612764,WAS,89,,,,False
1999-2000,2000,29900373,19991223/MILSAS,Final,1999-12-24,02:30,1610612759,SAS,91,1610612749,MIL,94,,,,False
1999-2000,2000,29900374,19991223/DALPHX,Final,1999-12-24,03:00,1610612756,PHX,110,1610612742,DAL,111,,,,False
1999-2000,2000,29900375,19991223/SACLAC,Final,1999-12-24,04:30,1610612746,LAC,97,1610612758,SAC,91,,,,False
1999-2000,2000,29900376,19991223/GSWPOR,Final,1999-12-24,04:00,1610612757,POR,111,1610612744,GSW,91,,,,False
1999-2000,2000,29900377,19991223/DENVAN,Final,1999-12-24,04:00,1610612763,VAN,93,1610612743,DEN,91,,,,False
1999-2000,2000,29900378,19991225/NYKIND,Final,1999-12-26,01:00,1610612754,IND,101,1610612752,NYK,90,,,,False
1999-2000,2000,29900379,19991225/SASLAL,Final,1999-12-26,03:30,1610612747,LAL,99,1610612759,SAS,93,,,,False
1999-2000,2000,29900380,19991226/CHINJN,Final,1999-12-27,02:00,1610612751,NJN,103,1610612741,CHI,76,,,,False
1999-2000,2000,29900381,19991226/HOUWAS,Final,1999-12-26,19:00,1610612764,WAS,103,1610612745,HOU,92,,,,False
1999-2000,2000,29900382,19991226/TORCLE,Final,1999-12-27,01:30,1610612739,CLE,95,1610612761,TOR,98,,,,False
1999-2000,2000,29900383,19991226/CHHDET,Final,1999-12-27,00:00,1610612765,DET,114,1610612766,CHH,96,,,,False
1999-2000,2000,29900384,19991226/MIAMIL,Final,1999-12-27,02:30,1610612749,MIL,93,1610612748,MIA,85,,,,False
1999-2000,2000,29900385,19991226/VANDEN,Final,1999-12-27,03:00,1610612743,DEN,109,1610612763,VAN,86,,,,False
1999-2000,2000,29900386,19991226/GSWPHX,Final,1999-12-27,02:00,1610612756,PHX,108,1610612744,GSW,88,,,,False
1999-2000,2000,29900387,19991226/BOSLAC,Final,1999-12-26,22:00,1610612746,LAC,103,1610612738,BOS,100,,,,False
1999-2000,2000,29900388,19991226/DALSAC,Final,1999-12-27,03:00,1610612758,SAC,118,1610612742,DAL,111,,,,False
1999-2000,2000,29900389,19991226/PHISEA,Final,1999-12-27,02:00,1610612760,SEA,86,1610612755,PHI,92,,,,False
1999-2000,2000,29900390,19991227/MINORL,Final,1999-12-28,01:30,1610612753,ORL,105,1610612750,MIN,107,,,,False
1999-2000,2000,29900391,19991227/ATLCHH,Final,1999-12-28,01:30,1610612766,CHH,108,1610612737,ATL,104,,,,False
1999-2000,2000,29900392,19991227/INDCHI,Final,1999-12-28,02:30,1610612741,CHI,91,1610612754,IND,103,,,,False
1999-2000,2000,29900393,19991227/PHXUTA,Final,1999-12-28,03:00,1610612762,UTA,92,1610612756,PHX,91,,,,False
1999-2000,2000,29900394,19991227/DALLAL,Final,1999-12-28,04:30,1610612747,LAL,108,1610612742,DAL,106,,,,False
1999-2000,2000,29900395,19991227/SASGSW,Final,1999-12-28,04:30,1610612744,GSW,83,1610612759,SAS,105,,,,False
1999-2000,2000,29900396,19991227/PHIVAN,Final,1999-12-28,04:00,1610612763,VAN,93,1610612755,PHI,100,,,,False
1999-2000,2000,29900397,19991228/NYKNJN,Final,1999-12-29,01:30,1610612751,NJN,89,1610612752,NYK,83,,,,False
1999-2000,2000,29900398,19991228/MINMIA,Final,1999-12-29,01:30,1610612748,MIA,89,1610612750,MIN,78,,,,False
1999-2000,2000,29900399,19991228/TORHOU,Final,1999-12-29,02:30,1610612745,HOU,99,1610612761,TOR,100,,,,False
1999-2000,2000,29900400,19991228/LACDEN,Final,1999-12-29,03:00,1610612743,DEN,128,1610612746,LAC,105,,,,False
1999-2000,2000,29900401,19991228/BOSSAC,Final,1999-12-29,02:00,1610612758,SAC,114,1610612738,BOS,101,,,,False
1999-2000,2000,29900402,19991228/SEAPOR,Final,1999-12-29,04:00,1610612757,POR,94,1610612760,SEA,89,,,,False
1999-2000,2000,29900403,19991229/MIAORL,Final,1999-12-30,02:00,1610612753,ORL,106,1610612748,MIA,109,,,,False
1999-2000,2000,29900404,19991229/MILCHH,Final,1999-12-30,01:30,1610612766,CHH,109,1610612749,MIL,105,,,,False
1999-2000,2000,29900405,19991229/INDATL,Final,1999-12-29,20:00,1610612737,ATL,89,1610612754,IND,116,,,,False
1999-2000,2000,29900406,19991229/WASCLE,Final,1999-12-30,01:30,1610612739,CLE,96,1610612764,WAS,94,,,,False
1999-2000,2000,29900407,19991229/DETCHI,Final,1999-12-30,02:30,1610612741,CHI,77,1610612765,DET,91,,,,False
1999-2000,2000,29900408,19991229/VANUTA,Final,1999-12-30,03:00,1610612762,UTA,101,1610612763,VAN,90,,,,False
1999-2000,2000,29900409,19991229/PHXLAL,Final,1999-12-30,04:30,1610612747,LAL,103,1610612756,PHX,87,,,,False
1999-2000,2000,29900410,19991229/PHIGSW,Final,1999-12-30,04:30,1610612744,GSW,94,1610612755,PHI,97,,,,False
1999-2000,2000,29900411,19991229/SACSEA,Final,1999-12-30,04:00,1610612760,SEA,104,1610612758,SAC,113,,,,False
1999-2000,2000,29900412,19991230/ORLNJN,Final,1999-12-31,01:30,1610612751,NJN,102,1610612753,ORL,92,,,,False
1999-2000,2000,29900413,19991230/NYKWAS,Final,1999-12-31,01:00,1610612764,WAS,86,1610612752,NYK,89,,,,False
1999-2000,2000,29900414,19991230/ATLDET,Final/OT,1999-12-31,01:30,1610612765,DET,106,1610612737,ATL,105,,,,False
1999-2000,2000,29900415,19991230/CHHIND,Final,1999-12-31,01:00,1610612754,IND,109,1610612766,CHH,99,,,,False
1999-2000,2000,29900416,19991230/CLEMIL,Final,1999-12-31,02:00,1610612749,MIL,91,1610612739,CLE,90,,,,False
1999-2000,2000,29900417,19991230/CHIMIN,Final,1999-12-31,02:00,1610612750,MIN,94,1610612741,CHI,76,,,,False
1999-2000,2000,29900418,19991230/TORDAL,Final,1999-12-31,02:30,1610612742,DAL,104,1610612761,TOR,109,,,,False
1999-2000,2000,29900419,19991230/LACHOU,Final,1999-12-31,02:30,1610612745,HOU,122,1610612746,LAC,100,,,,False
1999-2000,2000,29900420,19991230/BOSDEN,Final,1999-12-31,03:00,1610612743,DEN,94,1610612738,BOS,102,,,,False
1999-2000,2000,29900421,19991230/PHIPOR,Final,1999-12-31,04:00,1610612757,POR,108,1610612755,PHI,90,,,,False
1999-2000,2000,29900422,19991230/SASVAN,Final,1999-12-31,03:00,1610612763,VAN,88,1610612759,SAS,98,,,,False
1999-2000,2000,29900423,20000102/ORLMIA,Final/OT,2000-01-03,01:30,1610612748,MIA,111,1610612753,ORL,103,,,,False
1999-2000,2000,29900424,20000103/CLEBOS,Final,2000-01-04,01:00,1610612738,BOS,105,1610612739,CLE,98,,,,False
1999-2000,2000,29900425,20000103/MILPHI,Final/OT,2000-01-04,01:00,1610612755,PHI,124,1610612749,MIL,120,,,,False
1999-2000,2000,29900426,20000103/GSWWAS,Final,2000-01-04,01:00,1610612764,WAS,99,1610612744,GSW,87,,,,False
1999-2000,2000,29900427,20000103/DETORL,Final,2000-01-04,01:30,1610612753,ORL,106,1610612765,DET,118,,,,False
1999-2000,2000,29900428,20000103/PORCHI,Final,2000-01-04,02:30,1610612741,CHI,63,1610612757,POR,88,,,,False
1999-2000,2000,29900429,20000103/DENUTA,Final,2000-01-04,03:00,1610612762,UTA,109,1610612743,DEN,89,,,,False
1999-2000,2000,29900430,20000104/BOSNYK,Final,2000-01-05,01:30,1610612752,NYK,96,1610612738,BOS,88,,,,False
1999-2000,2000,29900431,20000104/VANMIA,Final,2000-01-05,01:30,1610612748,MIA,87,1610612763,VAN,91,,,,False
1999-2000,2000,29900432,20000104/PORTOR,Final,2000-01-05,01:00,1610612761,TOR,90,1610612757,POR,114,,,,False
1999-2000,2000,29900433,20000104/SACCLE,Final,2000-01-05,01:30,1610612739,CLE,107,1610612758,SAC,111,,,,False
1999-2000,2000,29900434,20000104/NJNIND,Final,2000-01-05,01:00,1610612754,IND,116,1610612751,NJN,111,,,,False
1999-2000,2000,29900435,20000104/ATLMIL,Final,2000-01-05,02:00,1610612749,MIL,116,1610612737,ATL,113,,,,False
1999-2000,2000,29900436,20000104/SASMIN,Final,2000-01-05,02:00,1610612750,MIN,91,1610612759,SAS,88,,,,False
1999-2000,2000,29900437,20000104/SEAHOU,Final,2000-01-05,02:30,1610612745,HOU,96,1610612760,SEA,103,,,,False
1999-2000,2000,29900438,20000104/DALDEN,Final,2000-01-05,03:00,1610612743,DEN,98,1610612742,DAL,96,,,,False
1999-2000,2000,29900439,20000104/CHHPHX,Final,2000-01-05,03:00,1610612756,PHX,86,1610612766,CHH,80,,,,False
1999-2000,2000,29900440,20000104/LALLAC,Final,2000-01-05,04:30,1610612746,LAC,98,1610612747,LAL,122,,,,False
1999-2000,2000,29900441,20000105/GSWPHI,Final,2000-01-06,01:00,1610612755,PHI,113,1610612744,GSW,92,,,,False
1999-2000,2000,29900442,20000105/VANORL,Final,2000-01-06,01:30,1610612753,ORL,116,1610612763,VAN,96,,,,False
1999-2000,2000,29900443,20000105/DETATL,Final,2000-01-06,01:30,1610612737,ATL,108,1610612765,DET,120,,,,False
1999-2000,2000,29900444,20000105/WASCHI,Final,2000-01-06,02:30,1610612741,CHI,77,1610612764,WAS,66,,,,False
1999-2000,2000,29900445,20000105/SEASAS,Final,2000-01-06,02:30,1610612759,SAS,96,1610612760,SEA,99,,,,False
1999-2000,2000,29900446,20000105/CHHUTA,Final,2000-01-06,02:00,1610612762,UTA,118,1610612766,CHH,96,,,,False
1999-2000,2000,29900447,20000105/LACLAL,Final,2000-01-06,04:30,1610612747,LAL,118,1610612746,LAC,101,,,,False
1999-2000,2000,29900448,20000106/HOUMIA,Final,2000-01-07,01:30,1610612748,MIA,111,1610612745,HOU,99,,,,False
1999-2000,2000,29900449,20000106/SACTOR,Final,2000-01-07,01:00,1610612761,TOR,101,1610612758,SAC,89,,,,False
1999-2000,2000,29900450,20000106/GSWCLE,Final,2000-01-07,01:30,1610612739,CLE,90,1610612744,GSW,75,,,,False
1999-2000,2000,29900451,20000106/MILDET,Final,2000-01-07,01:30,1610612765,DET,101,1610612749,MIL,95,,,,False
1999-2000,2000,29900452,20000106/PORMIN,Final,2000-01-07,02:00,1610612750,MIN,98,1610612757,POR,96,,,,False
1999-2000,2000,29900453,20000106/UTADAL,Final,2000-01-07,02:30,1610612742,DAL,92,1610612762,UTA,105,,,,False
1999-2000,2000,29900454,20000106/INDDEN,Final,2000-01-07,03:00,1610612743,DEN,87,1610612754,IND,102,,,,False
1999-2000,2000,29900455,20000107/SACBOS,Final,2000-01-08,01:00,1610612738,BOS,101,1610612758,SAC,93,,,,False
1999-2000,2000,29900456,20000107/VANNJN,Final,2000-01-08,01:30,1610612751,NJN,91,1610612763,VAN,101,,,,False
1999-2000,2000,29900457,20000107/CHIWAS,Final,2000-01-08,01:00,1610612764,WAS,103,1610612741,CHI,110,,,,False
1999-2000,2000,29900458,20000107/NYKORL,Final,2000-01-08,02:00,1610612753,ORL,86,1610612752,NYK,94,,,,False
1999-2000,2000,29900459,20000107/TORATL,Final,2000-01-08,01:30,1610612737,ATL,105,1610612761,TOR,97,,,,False
1999-2000,2000,29900460,20000107/SASPHX,Final,2000-01-08,04:30,1610612756,PHX,83,1610612759,SAS,102,,,,False
1999-2000,2000,29900461,20000107/CHHLAL,Final,2000-01-08,04:30,1610612747,LAL,87,1610612766,CHH,83,,,,False
1999-2000,2000,29900462,20000108/CLENYK,Final,2000-01-09,01:30,1610612752,NYK,86,1610612739,CLE,89,,,,False
1999-2000,2000,29900463,20000108/NJNMIA,Final,2000-01-09,01:30,1610612748,MIA,89,1610612751,NJN,90,,,,False
1999-2000,2000,29900464,20000108/MINDET,Final,2000-01-09,01:30,1610612765,DET,105,1610612750,MIN,110,,,,False
1999-2000,2000,29900465,20000108/BOSCHI,Final,2000-01-09,02:30,1610612741,CHI,96,1610612738,BOS,79,,,,False
1999-2000,2000,29900466,20000108/WASMIL,Final/OT2,2000-01-09,03:00,1610612749,MIL,130,1610612764,WAS,129,,,,False
1999-2000,2000,29900467,20000108/ATLDAL,Final,2000-01-09,02:00,1610612742,DAL,95,1610612737,ATL,85,,,,False
1999-2000,2000,29900468,20000108/UTAHOU,Final,2000-01-09,02:30,1610612745,HOU,87,1610612762,UTA,103,,,,False
1999-2000,2000,29900469,20000108/ORLSAS,Final,2000-01-09,02:30,1610612759,SAS,127,1610612753,ORL,92,,,,False
1999-2000,2000,29900470,20000108/CHHDEN,Final,2000-01-09,03:00,1610612743,DEN,97,1610612766,CHH,92,,,,False
1999-2000,2000,29900471,20000108/INDLAC,Final,2000-01-09,04:30,1610612746,LAC,107,1610612754,IND,94,,,,False
1999-2000,2000,29900472,20000108/PHXPOR,Final,2000-01-09,04:00,1610612757,POR,96,1610612756,PHX,91,,,,False
1999-2000,2000,29900473,20000108/LALSEA,Final,2000-01-09,04:00,1610612760,SEA,100,1610612747,LAL,110,,,,False
1999-2000,2000,29900474,20000109/MINPHI,Final,2000-01-10,00:00,1610612755,PHI,112,1610612750,MIN,123,,,,False
1999-2000,2000,29900475,20000109/VANTOR,Final,2000-01-09,21:00,1610612761,TOR,97,1610612763,VAN,107,,,,False
1999-2000,2000,29900476,20000109/SEAGSW,Final/OT,2000-01-10,03:00,1610612744,GSW,95,1610612760,SEA,100,,,,False
1999-2000,2000,29900477,20000109/INDSAC,Final,2000-01-10,03:00,1610612758,SAC,116,1610612754,IND,113,,,,False
1999-2000,2000,29900478,20000110/VANBOS,Final,2000-01-11,01:00,1610612738,BOS,103,1610612763,VAN,112,,,,False
1999-2000,2000,29900479,20000110/NJNORL,Final,2000-01-11,01:30,1610612753,ORL,94,1610612751,NJN,100,,,,False
1999-2000,2000,29900480,20000110/LACCLE,Final,2000-01-11,01:30,1610612739,CLE,111,1610612746,LAC,106,,,,False
1999-2000,2000,29900481,20000110/CHHMIL,Final,2000-01-11,02:00,1610612749,MIL,137,1610612766,CHH,87,,,,False
1999-2000,2000,29900482,20000110/UTASAS,Final,2000-01-11,02:00,1610612759,SAS,93,1610612762,UTA,86,,,,False
1999-2000,2000,29900483,20000110/DENLAL,Final,2000-01-11,04:30,1610612747,LAL,130,1610612743,DEN,95,,,,False
1999-2000,2000,29900484,20000110/DALPOR,Final,2000-01-11,04:00,1610612757,POR,107,1610612742,DAL,94,,,,False
1999-2000,2000,29900485,20000111/CHINYK,Final,2000-01-12,01:30,1610612752,NYK,95,1610612741,CHI,88,,,,False
1999-2000,2000,29900486,20000111/TORWAS,Final,2000-01-12,01:00,1610612764,WAS,117,1610612761,TOR,89,,,,False
1999-2000,2000,29900487,20000111/MIAMIN,Final,2000-01-12,02:00,1610612750,MIN,106,1610612748,MIA,116,,,,False
1999-2000,2000,29900488,20000111/DALGSW,Final,2000-01-12,04:30,1610612744,GSW,102,1610612742,DAL,109,,,,False
1999-2000,2000,29900489,20000111/HOUSAC,Final,2000-01-12,04:30,1610612758,SAC,110,1610612745,HOU,93,,,,False
1999-2000,2000,29900490,20000111/PHXSEA,Final,2000-01-12,04:00,1610612760,SEA,101,1610612756,PHX,88,,,,False
1999-2000,2000,29900491,20000112/LACBOS,Final,2000-01-13,01:00,1610612738,BOS,95,1610612746,LAC,88,,,,False
1999-2000,2000,29900493,20000112/ORLTOR,Final,2000-01-13,01:00,1610612761,TOR,108,1610612753,ORL,102,,,,False
1999-2000,2000,29900494,20000112/NYKDET,Final,2000-01-13,01:30,1610612765,DET,114,1610612752,NYK,108,,,,False
1999-2000,2000,29900495,20000112/WASIND,Final,2000-01-13,01:00,1610612754,IND,117,1610612764,WAS,102,,,,False
1999-2000,2000,29900496,20000112/LALMIL,Final,2000-01-13,02:00,1610612749,MIL,94,1610612747,LAL,103,,,,False
1999-2000,2000,29900497,20000112/SEADEN,Final,2000-01-13,03:00,1610612743,DEN,93,1610612760,SEA,103,,,,False
1999-2000,2000,29900498,20000112/CLEPOR,Final,2000-01-13,04:00,1610612757,POR,95,1610612739,CLE,75,,,,False
1999-2000,2000,29900499,20000112/PHXVAN,Final,2000-01-13,04:00,1610612763,VAN,92,1610612756,PHX,95,,,,False
1999-2000,2000,29900500,20000113/LACNJN,Final,2000-01-14,01:30,1610612751,NJN,110,1610612746,LAC,105,,,,False
1999-2000,2000,29900501,20000113/BOSMIN,Final,2000-01-14,02:00,1610612750,MIN,103,1610612738,BOS,85,,,,False
1999-2000,2000,29900502,20000113/MIAUTA,Final,2000-01-14,03:00,1610612762,UTA,93,1610612748,MIA,83,,,,False
1999-2000,2000,29900503,20000113/HOUGSW,Final,2000-01-14,04:30,1610612744,GSW,100,1610612745,HOU,108,,,,False
1999-2000,2000,29900504,20000113/SASSAC,Final,2000-01-14,04:30,1610612758,SAC,107,1610612759,SAS,103,,,,False
1999-2000,2000,29900505,20000114/ORLPHI,Final,2000-01-15,01:00,1610612755,PHI,102,1610612753,ORL,100,,,,False
1999-2000,2000,29900507,20000114/MILTOR,Final,2000-01-15,01:00,1610612761,TOR,115,1610612749,MIL,110,,,,False
1999-2000,2000,29900508,20000114/WASDET,Final,2000-01-15,02:00,1610612765,DET,105,1610612764,WAS,98,,,,False
1999-2000,2000,29900509,20000114/LALIND,Final,2000-01-15,02:00,1610612754,IND,111,1610612747,LAL,102,,,,False
1999-2000,2000,29900510,20000114/ATLCHI,Final,2000-01-15,02:30,1610612741,CHI,83,1610612737,ATL,89,,,,False
1999-2000,2000,29900511,20000114/MIADEN,Final,2000-01-15,03:00,1610612743,DEN,87,1610612748,MIA,92,,,,False
1999-2000,2000,29900512,20000114/PORPHX,Final,2000-01-15,04:30,1610612756,PHX,83,1610612757,POR,105,,,,False
1999-2000,2000,29900513,20000114/SASSEA,Final,2000-01-15,04:00,1610612760,SEA,91,1610612759,SAS,85,,,,False
1999-2000,2000,29900514,20000114/CLEVAN,Final,2000-01-15,04:00,1610612763,VAN,80,1610612739,CLE,82,,,,False
1999-2000,2000,29900515,20000115/CHHNYK,Final,2000-01-16,02:00,1610612752,NYK,91,1610612766,CHH,79,,,,False
1999-2000,2000,29900516,20000115/BOSNJN,Final,2000-01-16,01:30,1610612751,NJN,96,1610612738,BOS,99,,,,False
1999-2000,2000,29900517,20000115/DETWAS,Final,2000-01-16,01:00,1610612764,WAS,107,1610612765,DET,112,,,,False
1999-2000,2000,29900518,20000115/INDORL,Final,2000-01-16,01:30,1610612753,ORL,89,1610612754,IND,96,,,,False
1999-2000,2000,29900519,20000115/PHIATL,Final,2000-01-16,01:30,1610612737,ATL,98,1610612755,PHI,101,,,,False
1999-2000,2000,29900520,20000115/HOUCHI,Final,2000-01-16,02:30,1610612741,CHI,90,1610612745,HOU,93,,,,False
1999-2000,2000,29900521,20000115/TORMIL,Final,2000-01-16,02:30,1610612749,MIL,118,1610612761,TOR,97,,,,False
1999-2000,2000,29900522,20000115/LALMIN,Final,2000-01-16,02:00,1610612750,MIN,91,1610612747,LAL,104,,,,False
1999-2000,2000,29900523,20000115/PORDAL,Final,2000-01-16,02:00,1610612742,DAL,113,1610612757,POR,105,,,,False
1999-2000,2000,29900524,20000115/LACUTA,Final,2000-01-16,03:00,1610612762,UTA,112,1610612746,LAC,75,,,,False
1999-2000,2000,29900525,20000115/SACGSW,Final,2000-01-16,04:30,1610612744,GSW,99,1610612758,SAC,114,,,,False
1999-2000,2000,29900526,20000116/DENPHX,Final,2000-01-17,02:00,1610612756,PHX,113,1610612743,DEN,100,,,,False
1999-2000,2000,29900527,20000116/CLESAC,Final,2000-01-17,03:00,1610612758,SAC,113,1610612739,CLE,102,,,,False
1999-2000,2000,29900528,20000116/MIAVAN,Final,2000-01-16,21:00,1610612763,VAN,83,1610612748,MIA,94,,,,False
1999-2000,2000,29900529,20000117/DETNYK,Final,2000-01-17,22:00,1610612752,NYK,105,1610612765,DET,94,,,,False
1999-2000,2000,29900530,20000117/NJNPHI,Final,2000-01-17,20:00,1610612755,PHI,101,1610612751,NJN,96,,,,False
1999-2000,2000,29900531,20000117/BOSWAS,Final,2000-01-17,19:00,1610612764,WAS,101,1610612738,BOS,105,,,,False
1999-2000,2000,29900532,20000117/TORCHH,Final,2000-01-18,01:30,1610612766,CHH,115,1610612761,TOR,94,,,,False
1999-2000,2000,29900533,20000117/MILATL,Final,2000-01-17,20:00,1610612737,ATL,101,1610612749,MIL,107,,,,False
1999-2000,2000,29900534,20000117/INDMIN,Final,2000-01-18,02:00,1610612750,MIN,101,1610612754,IND,100,,,,False
1999-2000,2000,29900535,20000117/HOUDAL,Final,2000-01-18,02:30,1610612742,DAL,111,1610612745,HOU,121,,,,False
1999-2000,2000,29900536,20000117/SASLAC,Final,2000-01-18,04:30,1610612746,LAC,93,1610612759,SAS,99,,,,False
1999-2000,2000,29900537,20000117/SEALAL,Final,2000-01-17,21:30,1610612747,LAL,81,1610612760,SEA,82,,,,False
1999-2000,2000,29900538,20000117/ORLGSW,Final,2000-01-17,22:00,1610612744,GSW,113,1610612753,ORL,100,,,,False
1999-2000,2000,29900539,20000118/CHIMIA,Final/OT,2000-01-19,01:30,1610612748,MIA,85,1610612741,CHI,92,,,,False
1999-2000,2000,29900540,20000118/PORHOU,Final,2000-01-19,02:00,1610612745,HOU,90,1610612757,POR,89,,,,False
1999-2000,2000,29900541,20000118/LACSAC,Final,2000-01-19,04:30,1610612758,SAC,104,1610612746,LAC,98,,,,False
1999-2000,2000,29900542,20000118/CLESEA,Final,2000-01-19,04:00,1610612760,SEA,99,1610612739,CLE,80,,,,False
1999-2000,2000,29900543,20000119/TORBOS,Final,2000-01-20,01:00,1610612738,BOS,94,1610612761,TOR,90,,,,False
1999-2000,2000,29900544,20000119/NJNNYK,Final,2000-01-20,01:30,1610612752,NYK,90,1610612751,NJN,89,,,,False
1999-2000,2000,29900545,20000119/ATLPHI,Final,2000-01-20,01:00,1610612755,PHI,107,1610612737,ATL,89,,,,False
1999-2000,2000,29900546,20000119/DALWAS,Final,2000-01-20,01:00,1610612764,WAS,86,1610612742,DAL,104,,,,False
1999-2000,2000,29900547,20000119/MILIND,Final,2000-01-20,01:00,1610612754,IND,106,1610612749,MIL,84,,,,False
1999-2000,2000,29900548,20000119/CHHCHI,Final,2000-01-20,02:30,1610612741,CHI,86,1610612766,CHH,96,,,,False
1999-2000,2000,29900549,20000119/PORSAS,Final,2000-01-20,02:30,1610612759,SAS,95,1610612757,POR,105,,,,False
1999-2000,2000,29900550,20000119/MINUTA,Final,2000-01-20,03:00,1610612762,UTA,88,1610612750,MIN,91,,,,False
1999-2000,2000,29900551,20000119/CLELAL,Final,2000-01-20,04:30,1610612747,LAL,95,1610612739,CLE,86,,,,False
1999-2000,2000,29900552,20000120/DETNJN,Final,2000-01-21,01:30,1610612751,NJN,122,1610612765,DET,120,,,,False
1999-2000,2000,29900553,20000120/PHICHH,Final,2000-01-21,01:30,1610612766,CHH,109,1610612755,PHI,100,,,,False
1999-2000,2000,29900554,20000120/SEAMIL,Final,2000-01-21,02:00,1610612749,MIL,96,1610612760,SEA,104,,,,False
1999-2000,2000,29900555,20000120/DENHOU,Final,2000-01-21,02:30,1610612745,HOU,122,1610612743,DEN,115,,,,False
1999-2000,2000,29900556,20000120/ORLSAC,Final,2000-01-21,04:30,1610612758,SAC,111,1610612753,ORL,103,,,,False
1999-2000,2000,29900557,20000120/UTAVAN,Final,2000-01-21,04:00,1610612763,VAN,89,1610612762,UTA,94,,,,False
1999-2000,2000,29900558,20000121/SEABOS,Final,2000-01-22,01:00,1610612738,BOS,111,1610612760,SEA,86,,,,False
1999-2000,2000,29900559,20000121/INDWAS,Final,2000-01-22,01:00,1610612764,WAS,123,1610612754,IND,113,,,,False
1999-2000,2000,29900560,20000121/ATLMIA,Final,2000-01-22,02:00,1610612748,MIA,101,1610612737,ATL,79,,,,False
1999-2000,2000,29900561,20000121/PHXDEN,Final,2000-01-22,03:00,1610612743,DEN,99,1610612756,PHX,101,,,,False
1999-2000,2000,29900562,20000121/MINLAC,Final,2000-01-22,04:30,1610612746,LAC,89,1610612750,MIN,95,,,,False
1999-2000,2000,29900563,20000121/CLEGSW,Final,2000-01-22,04:30,1610612744,GSW,115,1610612739,CLE,103,,,,False
1999-2000,2000,29900564,20000122/DALNJN,Final,2000-01-22,19:00,1610612751,NJN,98,1610612742,DAL,95,,,,False
1999-2000,2000,29900565,20000122/INDPHI,Final,2000-01-23,02:30,1610612755,PHI,103,1610612754,IND,97,,,,False
1999-2000,2000,29900566,20000122/BOSCHH,Final,2000-01-23,01:30,1610612766,CHH,110,1610612738,BOS,96,,,,False
1999-2000,2000,29900567,20000122/WASATL,Final,2000-01-23,01:30,1610612737,ATL,111,1610612764,WAS,93,,,,False
1999-2000,2000,29900568,20000122/DETCHI,Final,2000-01-22,21:30,1610612741,CHI,98,1610612765,DET,92,,,,False
1999-2000,2000,29900569,20000122/NYKSAS,Final,2000-01-23,00:00,1610612759,SAS,96,1610612752,NYK,83,,,,False
1999-2000,2000,29900570,20000122/CLEPHX,Final,2000-01-23,03:00,1610612756,PHX,101,1610612739,CLE,88,,,,False
1999-2000,2000,29900571,20000122/PORLAL,Final,2000-01-23,02:30,1610612747,LAL,91,1610612757,POR,95,,,,False
1999-2000,2000,29900572,20000122/UTASAC,Final,2000-01-23,00:00,1610612758,SAC,101,1610612762,UTA,104,,,,False
1999-2000,2000,29900573,20000122/ORLVAN,Final,2000-01-22,21:00,1610612763,VAN,82,1610612753,ORL,85,,,,False
1999-2000,2000,29900574,20000123/SEATOR,Final,2000-01-23,19:00,1610612761,TOR,94,1610612760,SEA,77,,,,False
1999-2000,2000,29900575,20000123/DALDET,Final,2000-01-24,01:00,1610612765,DET,91,1610612742,DAL,99,,,,False
1999-2000,2000,29900576,20000123/MIAHOU,Final,2000-01-24,02:30,1610612745,HOU,101,1610612748,MIA,88,,,,False
1999-2000,2000,29900577,20000123/ORLLAC,Final,2000-01-24,04:30,1610612746,LAC,89,1610612753,ORL,102,,,,False
1999-2000,2000,29900578,20000123/MINGSW,Final,2000-01-24,03:00,1610612744,GSW,81,1610612750,MIN,99,,,,False
1999-2000,2000,29900579,20000124/SEANYK,Final,2000-01-25,01:30,1610612752,NYK,112,1610612760,SEA,106,,,,False
1999-2000,2000,29900580,20000124/INDCHI,Final,2000-01-25,02:30,1610612741,CHI,83,1610612754,IND,82,,,,False
1999-2000,2000,29900581,20000124/VANDEN,Final,2000-01-25,03:00,1610612743,DEN,110,1610612763,VAN,98,,,,False
1999-2000,2000,29900582,20000124/LALUTA,Final/OT2,2000-01-25,02:00,1610612762,UTA,105,1610612747,LAL,101,,,,False
1999-2000,2000,29900583,20000124/NJNPOR,Final,2000-01-25,04:00,1610612757,POR,101,1610612751,NJN,87,,,,False
1999-2000,2000,29900585,20000125/BOSMIA,Final,2000-01-26,01:30,1610612748,MIA,115,1610612738,BOS,89,,,,False
1999-2000,2000,29900586,20000125/SACCHH,Final,2000-01-26,02:00,1610612766,CHH,99,1610612758,SAC,110,,,,False
1999-2000,2000,29900587,20000125/CHIATL,Final,2000-01-26,01:30,1610612737,ATL,96,1610612741,CHI,89,,,,False
1999-2000,2000,29900588,20000125/DETCLE,Final/OT,2000-01-26,01:30,1610612739,CLE,116,1610612765,DET,107,,,,False
1999-2000,2000,29900589,20000125/PHXIND,Final,2000-01-26,01:00,1610612754,IND,93,1610612756,PHX,87,,,,False
1999-2000,2000,29900590,20000125/GSWDAL,Final,2000-01-26,02:30,1610612742,DAL,117,1610612744,GSW,103,,,,False
1999-2000,2000,29900591,20000125/MINHOU,Final,2000-01-26,02:30,1610612745,HOU,84,1610612750,MIN,92,,,,False
1999-2000,2000,29900592,20000125/LACSAS,Final,2000-01-26,02:30,1610612759,SAS,105,1610612746,LAC,82,,,,False
1999-2000,2000,29900593,20000126/PHXPHI,Final,2000-01-27,01:00,1610612755,PHI,87,1610612756,PHX,93,,,,False
1999-2000,2000,29900594,20000126/BOSORL,Final,2000-01-27,01:30,1610612753,ORL,111,1610612738,BOS,89,,,,False
1999-2000,2000,29900595,20000126/WASTOR,Final,2000-01-27,01:00,1610612761,TOR,120,1610612764,WAS,105,,,,False
1999-2000,2000,29900596,20000126/SACMIL,Final,2000-01-27,02:00,1610612749,MIL,112,1610612758,SAC,104,,,,False
1999-2000,2000,29900597,20000126/VANUTA,Final,2000-01-27,03:00,1610612762,UTA,99,1610612763,VAN,116,,,,False
1999-2000,2000,29900598,20000126/NJNSEA,Final,2000-01-27,04:00,1610612760,SEA,95,1610612751,NJN,92,,,,False
1999-2000,2000,29900599,20000127/DETCHH,Final,2000-01-28,01:30,1610612766,CHH,117,1610612765,DET,102,,,,False
1999-2000,2000,29900600,20000127/ORLCLE,Final,2000-01-28,01:30,1610612739,CLE,102,1610612753,ORL,90,,,,False
1999-2000,2000,29900601,20000127/LACDAL,Final,2000-01-28,02:30,1610612742,DAL,99,1610612746,LAC,90,,,,False
1999-2000,2000,29900602,20000127/GSWHOU,Final,2000-01-28,02:30,1610612745,HOU,110,1610612744,GSW,115,,,,False
1999-2000,2000,29900603,20000127/MINSAS,Final,2000-01-28,02:30,1610612759,SAS,92,1610612750,MIN,80,,,,False
1999-2000,2000,29900604,20000127/UTAPOR,Final,2000-01-28,04:00,1610612757,POR,85,1610612762,UTA,75,,,,False
1999-2000,2000,29900605,20000127/NJNVAN,Final,2000-01-28,04:00,1610612763,VAN,108,1610612751,NJN,106,,,,False
1999-2000,2000,29900606,20000128/PHXBOS,Final,2000-01-29,01:00,1610612738,BOS,91,1610612756,PHX,88,,,,False
1999-2000,2000,29900607,20000128/NYKATL,Final/OT,2000-01-29,02:00,1610612737,ATL,98,1610612752,NYK,96,,,,False
1999-2000,2000,29900608,20000128/MIATOR,Final,2000-01-29,01:00,1610612761,TOR,108,1610612748,MIA,93,,,,False
1999-2000,2000,29900609,20000128/SACCHI,Final,2000-01-29,02:30,1610612741,CHI,90,1610612758,SAC,102,,,,False
1999-2000,2000,29900610,20000128/HOUDEN,Final,2000-01-29,03:00,1610612743,DEN,104,1610612745,HOU,98,,,,False
1999-2000,2000,29900611,20000128/MILLAL,Final,2000-01-29,04:30,1610612747,LAL,117,1610612749,MIL,89,,,,False
1999-2000,2000,29900612,20000129/CLEWAS,Final,2000-01-30,01:00,1610612764,WAS,103,1610612739,CLE,98,,,,False
1999-2000,2000,29900613,20000129/ATLORL,Final,2000-01-30,01:30,1610612753,ORL,103,1610612737,ATL,87,,,,False
1999-2000,2000,29900614,20000129/PHXCHH,Final,2000-01-30,01:30,1610612766,CHH,100,1610612756,PHX,79,,,,False
1999-2000,2000,29900615,20000129/PHIDET,Final,2000-01-29,22:00,1610612765,DET,90,1610612755,PHI,88,,,,False
1999-2000,2000,29900616,20000129/MIAIND,Final,2000-01-30,00:30,1610612754,IND,94,1610612748,MIA,84,,,,False
1999-2000,2000,29900617,20000129/TORCHI,Final,2000-01-30,00:30,1610612741,CHI,89,1610612761,TOR,106,,,,False
1999-2000,2000,29900618,20000129/UTAMIN,Final,2000-01-29,22:00,1610612750,MIN,96,1610612762,UTA,94,,,,False
1999-2000,2000,29900619,20000129/DENDAL,Final,2000-01-30,03:00,1610612742,DAL,107,1610612743,DEN,96,,,,False
1999-2000,2000,29900620,20000129/NJNLAC,Final,2000-01-30,04:30,1610612746,LAC,98,1610612751,NJN,93,,,,False
1999-2000,2000,29900621,20000129/SASPOR,Final,2000-01-30,00:30,1610612757,POR,81,1610612759,SAS,67,,,,False
1999-2000,2000,29900622,20000129/MILSEA,Final,2000-01-30,04:00,1610612760,SEA,99,1610612749,MIL,101,,,,False
1999-2000,2000,29900623,20000130/SACNYK,Final,2000-01-30,18:00,1610612752,NYK,120,1610612758,SAC,111,,,,False
1999-2000,2000,29900624,20000130/LALHOU,Final,2000-01-30,20:30,1610612745,HOU,89,1610612747,LAL,83,,,,False
1999-2000,2000,29900625,20000131/PHXORL,Final,2000-02-01,02:00,1610612753,ORL,113,1610612756,PHX,117,,,,False
1999-2000,2000,29900626,20000131/DETMIA,Final,2000-02-01,01:30,1610612748,MIA,104,1610612765,DET,82,,,,False
1999-2000,2000,29900627,20000131/SACMIN,Final,2000-02-01,02:00,1610612750,MIN,105,1610612758,SAC,90,,,,False
1999-2000,2000,29900628,20000131/PHIDEN,Final,2000-02-01,03:00,1610612743,DEN,83,1610612755,PHI,80,,,,False
1999-2000,2000,29900629,20000131/MILVAN,Final,2000-02-01,04:00,1610612763,VAN,87,1610612749,MIL,92,,,,False
1999-2000,2000,29900630,20000201/ORLNYK,Final,2000-02-02,01:30,1610612752,NYK,77,1610612753,ORL,98,,,,False
1999-2000,2000,29900631,20000201/WASCLE,Final,2000-02-02,01:30,1610612739,CLE,112,1610612764,WAS,108,,,,False
1999-2000,2000,29900632,20000201/BOSIND,Final,2000-02-02,01:00,1610612754,IND,99,1610612738,BOS,96,,,,False
1999-2000,2000,29900633,20000201/PHIDAL,Final,2000-02-02,02:30,1610612742,DAL,100,1610612755,PHI,101,,,,False
1999-2000,2000,29900634,20000201/CHHHOU,Final,2000-02-02,02:30,1610612745,HOU,99,1610612766,CHH,83,,,,False
1999-2000,2000,29900635,20000201/LALSAS,Final,2000-02-02,02:00,1610612759,SAS,105,1610612747,LAL,81,,,,False
1999-2000,2000,29900636,20000201/SEAUTA,Final,2000-02-02,03:00,1610612762,UTA,96,1610612760,SEA,104,,,,False
1999-2000,2000,29900637,20000201/GSWLAC,Final,2000-02-02,04:30,1610612746,LAC,76,1610612744,GSW,107,,,,False
1999-2000,2000,29900638,20000201/CHIPOR,Final,2000-02-02,04:00,1610612757,POR,92,1610612741,CHI,81,,,,False
1999-2000,2000,29900639,20000202/MIABOS,Final,2000-02-03,01:00,1610612738,BOS,103,1610612748,MIA,105,,,,False
1999-2000,2000,29900640,20000202/ATLNJN,Final,2000-02-03,01:30,1610612751,NJN,89,1610612737,ATL,97,,,,False
1999-2000,2000,29900641,20000202/MINWAS,Final,2000-02-03,01:00,1610612764,WAS,103,1610612750,MIN,93,,,,False
1999-2000,2000,29900642,20000202/SACDET,Final,2000-02-03,01:30,1610612765,DET,110,1610612758,SAC,113,,,,False
1999-2000,2000,29900643,20000202/MILDEN,Final,2000-02-03,03:00,1610612743,DEN,135,1610612749,MIL,112,,,,False
1999-2000,2000,29900644,20000202/LACPHX,Final,2000-02-03,03:00,1610612756,PHX,114,1610612746,LAC,68,,,,False
1999-2000,2000,29900645,20000202/VANGSW,Final,2000-02-03,04:30,1610612744,GSW,101,1610612763,VAN,95,,,,False
1999-2000,2000,29900646,20000202/CHISEA,Final,2000-02-03,04:00,1610612760,SEA,81,1610612741,CHI,88,,,,False
1999-2000,2000,29900647,20000203/PORNYK,Final,2000-02-04,01:30,1610612752,NYK,98,1610612757,POR,88,,,,False
1999-2000,2000,29900648,20000203/CHHDAL,Final,2000-02-04,02:30,1610612742,DAL,106,1610612766,CHH,96,,,,False
1999-2000,2000,29900649,20000203/PHIHOU,Final,2000-02-04,02:30,1610612745,HOU,109,1610612755,PHI,106,,,,False
1999-2000,2000,29900650,20000203/TORSAS,Final,2000-02-04,02:30,1610612759,SAS,112,1610612761,TOR,95,,,,False
1999-2000,2000,29900651,20000203/MILUTA,Final,2000-02-04,03:00,1610612762,UTA,99,1610612749,MIL,102,,,,False
1999-2000,2000,29900652,20000204/NJNBOS,Final,2000-02-05,01:00,1610612738,BOS,100,1610612751,NJN,95,,,,False
1999-2000,2000,29900653,20000204/WASMIA,Final,2000-02-05,01:30,1610612748,MIA,99,1610612764,WAS,92,,,,False
1999-2000,2000,29900654,20000204/PORATL,Final,2000-02-05,01:30,1610612737,ATL,90,1610612757,POR,97,,,,False
1999-2000,2000,29900655,20000204/CLEDET,Final,2000-02-05,02:00,1610612765,DET,105,1610612739,CLE,96,,,,False
1999-2000,2000,29900656,20000204/SACIND,Final,2000-02-05,01:00,1610612754,IND,104,1610612758,SAC,94,,,,False
1999-2000,2000,29900657,20000204/HOUMIN,Final,2000-02-05,02:00,1610612750,MIN,102,1610612745,HOU,85,,,,False
1999-2000,2000,29900658,20000204/UTALAL,Final,2000-02-05,04:30,1610612747,LAL,113,1610612762,UTA,67,,,,False
1999-2000,2000,29900659,20000204/DENGSW,Final,2000-02-05,04:30,1610612744,GSW,103,1610612743,DEN,101,,,,False
1999-2000,2000,29900660,20000204/PHXSEA,Final,2000-02-05,04:30,1610612760,SEA,94,1610612756,PHX,86,,,,False
1999-2000,2000,29900661,20000204/CHIVAN,Final,2000-02-05,04:00,1610612763,VAN,101,1610612741,CHI,76,,,,False
1999-2000,2000,29900662,20000205/CHHWAS,Final,2000-02-06,01:00,1610612764,WAS,102,1610612766,CHH,110,,,,False
1999-2000,2000,29900663,20000205/INDORL,Final,2000-02-06,01:30,1610612753,ORL,107,1610612754,IND,102,,,,False
1999-2000,2000,29900664,20000205/ATLCLE,Final,2000-02-06,01:30,1610612739,CLE,94,1610612737,ATL,102,,,,False
1999-2000,2000,29900665,20000205/TORMIL,Final,2000-02-06,02:30,1610612749,MIL,95,1610612761,TOR,98,,,,False
1999-2000,2000,29900666,20000205/MINDEN,Final/OT,2000-02-06,03:00,1610612743,DEN,97,1610612750,MIN,105,,,,False
1999-2000,2000,29900667,20000205/DALLAC,Final,2000-02-06,04:30,1610612746,LAC,106,1610612742,DAL,119,,,,False
1999-2000,2000,29900668,20000206/PORBOS,Final,2000-02-07,01:00,1610612738,BOS,94,1610612757,POR,100,,,,False
1999-2000,2000,29900669,20000206/MIANYK,Final,2000-02-06,19:00,1610612752,NYK,94,1610612748,MIA,80,,,,False
1999-2000,2000,29900670,20000206/GSWNJN,Final,2000-02-06,19:00,1610612751,NJN,110,1610612744,GSW,90,,,,False
1999-2000,2000,29900671,20000206/SACPHI,Final,2000-02-06,21:30,1610612755,PHI,119,1610612758,SAC,108,,,,False
1999-2000,2000,29900672,20000206/HOUDET,Final,2000-02-07,01:00,1610612765,DET,109,1610612745,HOU,105,,,,False
1999-2000,2000,29900673,20000206/SASUTA,Final,2000-02-06,21:30,1610612762,UTA,93,1610612759,SAS,90,,,,False
1999-2000,2000,29900674,20000206/SEAPHX,Final,2000-02-07,02:00,1610612756,PHX,105,1610612760,SEA,93,,,,False
1999-2000,2000,29900675,20000206/CHILAC,Final,2000-02-07,03:00,1610612746,LAC,90,1610612741,CHI,100,,,,False
1999-2000,2000,29900676,20000206/DALVAN,Final/OT,2000-02-07,03:00,1610612763,VAN,99,1610612742,DAL,103,,,,False
1999-2000,2000,29900506,20000207/NYKCHH,Final,2000-02-08,01:30,1610612766,CHH,95,1610612752,NYK,85,,,,False
1999-2000,2000,29900677,20000207/GSWORL,Final,2000-02-08,01:30,1610612753,ORL,120,1610612744,GSW,100,,,,False
1999-2000,2000,29900678,20000207/PHIIND,Final,2000-02-08,02:00,1610612754,IND,109,1610612755,PHI,84,,,,False
1999-2000,2000,29900679,20000207/PORMIL,Final,2000-02-08,02:00,1610612749,MIL,111,1610612757,POR,115,,,,False
1999-2000,2000,29900680,20000207/DENLAL,Final,2000-02-08,04:30,1610612747,LAL,106,1610612743,DEN,98,,,,False
1999-2000,2000,29900681,20000208/BOSNJN,Final,2000-02-09,01:30,1610612751,NJN,131,1610612738,BOS,113,,,,False
1999-2000,2000,29900682,20000208/ATLTOR,Final,2000-02-09,01:00,1610612761,TOR,109,1610612737,ATL,88,,,,False
1999-2000,2000,29900683,20000208/CLEHOU,Final,2000-02-09,02:30,1610612745,HOU,91,1610612739,CLE,83,,,,False
1999-2000,2000,29900684,20000208/SEASAS,Final,2000-02-09,02:00,1610612759,SAS,79,1610612760,SEA,77,,,,False
1999-2000,2000,29900685,20000208/VANPHX,Final,2000-02-09,03:00,1610612756,PHX,94,1610612763,VAN,76,,,,False
1999-2000,2000,29900686,20000208/CHISAC,Final,2000-02-09,04:30,1610612758,SAC,119,1610612741,CHI,80,,,,False
1999-2000,2000,29900687,20000209/INDBOS,Final,2000-02-10,01:00,1610612738,BOS,104,1610612754,IND,113,,,,False
1999-2000,2000,29900688,20000209/NJNPHI,Final,2000-02-10,01:00,1610612755,PHI,92,1610612751,NJN,90,,,,False
1999-2000,2000,29900689,20000209/WASORL,Final,2000-02-10,01:30,1610612753,ORL,107,1610612764,WAS,96,,,,False
1999-2000,2000,29900690,20000209/GSWMIA,Final,2000-02-10,01:30,1610612748,MIA,115,1610612744,GSW,100,,,,False
1999-2000,2000,29900691,20000209/CLECHH,Final,2000-02-10,01:30,1610612766,CHH,103,1610612739,CLE,95,,,,False
1999-2000,2000,29900692,20000209/HOUATL,Final,2000-02-10,01:30,1610612737,ATL,116,1610612745,HOU,100,,,,False
1999-2000,2000,29900693,20000209/TORDET,Final/OT,2000-02-10,01:30,1610612765,DET,115,1610612761,TOR,108,,,,False
1999-2000,2000,29900694,20000209/NYKMIL,Final,2000-02-10,02:00,1610612749,MIL,103,1610612752,NYK,109,,,,False
1999-2000,2000,29900695,20000209/SEADAL,Final,2000-02-10,02:30,1610612742,DAL,106,1610612760,SEA,117,,,,False
1999-2000,2000,29900696,20000209/SASDEN,Final,2000-02-10,03:00,1610612743,DEN,97,1610612759,SAS,106,,,,False
1999-2000,2000,29900697,20000209/CHIUTA,Final,2000-02-10,03:00,1610612762,UTA,113,1610612741,CHI,86,,,,False
1999-2000,2000,29900698,20000209/MINLAL,Final,2000-02-10,04:30,1610612747,LAL,114,1610612750,MIN,81,,,,False
1999-2000,2000,29900699,20000209/LACPOR,Final,2000-02-10,04:00,1610612757,POR,107,1610612746,LAC,100,,,,False
1999-2000,2000,29900700,20000210/MINPHX,Final,2000-02-11,03:00,1610612756,PHX,101,1610612750,MIN,85,,,,False
1999-2000,2000,29900701,20000210/VANLAC,Final,2000-02-11,04:30,1610612746,LAC,90,1610612763,VAN,112,,,,False
1999-2000,2000,29900702,20000210/DENSAC,Final,2000-02-11,04:30,1610612758,SAC,96,1610612743,DEN,84,,,,False
1999-2000,2000,39900002,,,2000-02-12,22:00,0,,0,0,,0,,,,False
1999-2000,2000,39900001,20000213/ESTWST,Final,2000-02-14,00:00,1610616834,WST,137,1610616833,EST,126,,All-Star Game,,False
1999-2000,2000,29900703,20000215/CHHPHI,Final,2000-02-16,01:00,1610612755,PHI,93,1610612766,CHH,95,,,,False
1999-2000,2000,29900704,20000215/LACMIA,Final,2000-02-16,01:30,1610612748,MIA,107,1610612746,LAC,88,,,,False
1999-2000,2000,29900705,20000215/NJNATL,Final,2000-02-16,01:30,1610612737,ATL,103,1610612751,NJN,86,,,,False
1999-2000,2000,29900706,20000215/NYKTOR,Final,2000-02-16,01:00,1610612761,TOR,91,1610612752,NYK,70,,,,False
1999-2000,2000,29900707,20000215/SASCLE,Final,2000-02-16,01:30,1610612739,CLE,92,1610612759,SAS,81,,,,False
1999-2000,2000,29900708,20000215/LALCHI,Final,2000-02-16,02:00,1610612741,CHI,76,1610612747,LAL,88,,,,False
1999-2000,2000,29900709,20000215/DENMIN,Final/OT,2000-02-16,02:00,1610612750,MIN,104,1610612743,DEN,107,,,,False
1999-2000,2000,29900710,20000215/MILDAL,Final,2000-02-16,02:30,1610612742,DAL,99,1610612749,MIL,112,,,,False
1999-2000,2000,29900711,20000215/DETHOU,Final,2000-02-16,02:30,1610612745,HOU,107,1610612765,DET,102,,,,False
1999-2000,2000,29900712,20000215/BOSUTA,Final,2000-02-16,03:00,1610612762,UTA,99,1610612738,BOS,101,,,,False
1999-2000,2000,29900713,20000215/PORGSW,Final,2000-02-16,04:30,1610612744,GSW,83,1610612757,POR,92,,,,False
1999-2000,2000,29900714,20000215/PHXSAC,Final,2000-02-16,04:30,1610612758,SAC,108,1610612756,PHX,117,,,,False
1999-2000,2000,29900715,20000215/WASSEA,Final,2000-02-16,04:00,1610612760,SEA,114,1610612764,WAS,85,,,,False
1999-2000,2000,29900716,20000216/MINNYK,Final,2000-02-17,01:30,1610612752,NYK,93,1610612750,MIN,89,,,,False
1999-2000,2000,29900717,20000216/LACORL,Final,2000-02-17,01:30,1610612753,ORL,129,1610612746,LAC,96,,,,False
1999-2000,2000,29900718,20000216/LALCHH,Final,2000-02-17,01:30,1610612766,CHH,85,1610612747,LAL,92,,,,False
1999-2000,2000,29900719,20000216/TORIND,Final,2000-02-17,01:00,1610612754,IND,109,1610612761,TOR,101,,,,False
1999-2000,2000,29900720,20000216/GSWPOR,Final,2000-02-17,04:00,1610612757,POR,99,1610612744,GSW,95,,,,False
1999-2000,2000,29900721,20000216/WASVAN,Final,2000-02-17,04:00,1610612763,VAN,92,1610612764,WAS,87,,,,False
1999-2000,2000,29900722,20000217/DENCLE,Final,2000-02-18,01:30,1610612739,CLE,119,1610612743,DEN,101,,,,False
1999-2000,2000,29900723,20000217/MIACHI,Final,2000-02-18,02:30,1610612741,CHI,83,1610612748,MIA,76,,,,False
1999-2000,2000,29900724,20000217/INDMIL,Final,2000-02-18,02:00,1610612749,MIL,90,1610612754,IND,92,,,,False
1999-2000,2000,29900725,20000217/DETDAL,Final,2000-02-18,02:30,1610612742,DAL,106,1610612765,DET,97,,,,False
1999-2000,2000,29900726,20000217/SACUTA,Final,2000-02-18,03:00,1610612762,UTA,119,1610612758,SAC,108,,,,False
1999-2000,2000,29900727,20000218/MIANJN,Final,2000-02-19,01:30,1610612751,NJN,91,1610612748,MIA,84,,,,False
1999-2000,2000,29900728,20000218/CLEPHI,Final,2000-02-19,01:00,1610612755,PHI,104,1610612739,CLE,75,,,,False
1999-2000,2000,29900729,20000218/LALORL,Final/OT,2000-02-19,01:30,1610612753,ORL,99,1610612747,LAL,107,,,,False
1999-2000,2000,29900730,20000218/LACCHH,Final,2000-02-19,01:30,1610612766,CHH,115,1610612746,LAC,87,,,,False
1999-2000,2000,29900731,20000218/DENTOR,Final,2000-02-19,01:00,1610612761,TOR,91,1610612743,DEN,95,,,,False
1999-2000,2000,29900732,20000218/VANMIN,Final,2000-02-19,02:00,1610612750,MIN,103,1610612763,VAN,91,,,,False
1999-2000,2000,29900733,20000218/HOUSAS,Final,2000-02-19,02:30,1610612759,SAS,116,1610612745,HOU,92,,,,False
1999-2000,2000,29900734,20000218/ATLPHX,Final,2000-02-19,03:00,1610612756,PHX,85,1610612737,ATL,73,,,,False
1999-2000,2000,29900735,20000218/BOSGSW,Final,2000-02-19,04:30,1610612744,GSW,122,1610612738,BOS,100,,,,False
1999-2000,2000,29900736,20000218/SEASAC,Final,2000-02-19,04:30,1610612758,SAC,118,1610612760,SEA,85,,,,False
1999-2000,2000,29900737,20000218/WASPOR,Final,2000-02-19,04:00,1610612757,POR,93,1610612764,WAS,85,,,,False
1999-2000,2000,29900738,20000219/INDNYK,Final,2000-02-19,21:30,1610612752,NYK,87,1610612754,IND,73,,,,False
1999-2000,2000,29900739,20000219/LACCHI,Final,2000-02-20,02:30,1610612741,CHI,74,1610612746,LAC,72,,,,False
1999-2000,2000,29900740,20000219/VANMIL,Final,2000-02-20,02:30,1610612749,MIL,100,1610612763,VAN,111,,,,False
1999-2000,2000,29900741,20000219/DETUTA,Final,2000-02-19,21:30,1610612762,UTA,91,1610612765,DET,87,,,,False
1999-2000,2000,29900742,20000219/BOSSEA,Final,2000-02-20,04:00,1610612760,SEA,94,1610612738,BOS,91,,,,False
1999-2000,2000,29900743,20000220/LALPHI,Final,2000-02-20,23:30,1610612755,PHI,84,1610612747,LAL,87,,,,False
1999-2000,2000,29900744,20000220/MIACHH,Final,2000-02-20,21:00,1610612766,CHH,80,1610612748,MIA,85,,,,False
1999-2000,2000,29900745,20000220/DALTOR,Final,2000-02-20,18:30,1610612761,TOR,96,1610612742,DAL,100,,,,False
1999-2000,2000,29900746,20000220/NJNMIN,Final,2000-02-20,21:00,1610612750,MIN,89,1610612751,NJN,91,,,,False
1999-2000,2000,29900747,20000220/SASHOU,Final/OT,2000-02-21,01:00,1610612745,HOU,111,1610612759,SAS,113,,,,False
1999-2000,2000,29900748,20000220/WASGSW,Final,2000-02-21,03:00,1610612744,GSW,112,1610612764,WAS,103,,,,False
1999-2000,2000,29900749,20000220/PORSAC,Final/OT,2000-02-20,21:00,1610612758,SAC,103,1610612757,POR,108,,,,False
1999-2000,2000,29900750,20000221/LACNYK,Final,2000-02-21,19:00,1610612752,NYK,87,1610612746,LAC,76,,,,False
1999-2000,2000,29900751,20000221/VANCLE,Final/OT,2000-02-22,01:30,1610612739,CLE,109,1610612763,VAN,108,,,,False
1999-2000,2000,29900752,20000221/MIADET,Final,2000-02-22,02:00,1610612765,DET,95,1610612748,MIA,87,,,,False
1999-2000,2000,29900753,20000221/DALIND,Final,2000-02-22,00:00,1610612754,IND,94,1610612742,DAL,93,,,,False
1999-2000,2000,29900754,20000221/PHXSAS,Final,2000-02-22,02:30,1610612759,SAS,89,1610612756,PHX,98,,,,False
1999-2000,2000,29900755,20000221/SACDEN,Final/OT,2000-02-22,03:00,1610612743,DEN,123,1610612758,SAC,117,,,,False
1999-2000,2000,29900756,20000221/ATLUTA,Final,2000-02-22,03:00,1610612762,UTA,96,1610612737,ATL,94,,,,False
1999-2000,2000,29900757,20000221/BOSPOR,Final,2000-02-22,04:00,1610612757,POR,105,1610612738,BOS,92,,,,False
1999-2000,2000,29900758,20000222/LALNJN,Final,2000-02-23,01:30,1610612751,NJN,89,1610612747,LAL,97,,,,False
1999-2000,2000,29900759,20000222/MILWAS,Final,2000-02-23,01:00,1610612764,WAS,126,1610612749,MIL,101,,,,False
1999-2000,2000,29900760,20000222/HOUCHH,Final,2000-02-23,02:00,1610612766,CHH,102,1610612745,HOU,97,,,,False
1999-2000,2000,29900761,20000222/VANCHI,Final,2000-02-23,02:30,1610612741,CHI,81,1610612763,VAN,85,,,,False
1999-2000,2000,29900762,20000222/GSWMIN,Final,2000-02-23,02:00,1610612750,MIN,112,1610612744,GSW,89,,,,False
1999-2000,2000,29900763,20000222/DENPHX,Final,2000-02-23,03:00,1610612756,PHX,86,1610612743,DEN,67,,,,False
1999-2000,2000,29900764,20000222/ORLSEA,Final,2000-02-23,04:00,1610612760,SEA,127,1610612753,ORL,91,,,,False
1999-2000,2000,29900765,20000223/TORNYK,Final,2000-02-24,01:30,1610612752,NYK,88,1610612761,TOR,99,,,,False
1999-2000,2000,29900766,20000223/LACPHI,Final,2000-02-24,01:00,1610612755,PHI,94,1610612746,LAC,78,,,,False
1999-2000,2000,29900767,20000223/NJNMIA,Final,2000-02-24,01:30,1610612748,MIA,99,1610612751,NJN,85,,,,False
1999-2000,2000,29900768,20000223/LALCLE,Final,2000-02-24,01:30,1610612739,CLE,98,1610612747,LAL,116,,,,False
1999-2000,2000,29900769,20000223/INDDET,Final,2000-02-24,01:30,1610612765,DET,111,1610612754,IND,118,,,,False
1999-2000,2000,29900770,20000223/GSWMIL,Final,2000-02-24,02:00,1610612749,MIL,86,1610612744,GSW,91,,,,False
1999-2000,2000,29900771,20000223/ATLSAC,Final,2000-02-24,04:30,1610612758,SAC,94,1610612737,ATL,100,,,,False
1999-2000,2000,29900772,20000224/PHXWAS,Final,2000-02-25,01:00,1610612764,WAS,83,1610612756,PHX,92,,,,False
1999-2000,2000,29900773,20000224/SASCHH,Final,2000-02-25,01:30,1610612766,CHH,70,1610612759,SAS,72,,,,False
1999-2000,2000,29900774,20000224/CHIIND,Final,2000-02-25,01:00,1610612754,IND,100,1610612741,CHI,83,,,,False
1999-2000,2000,29900775,20000224/LACMIN,Final,2000-02-25,02:00,1610612750,MIN,116,1610612746,LAC,91,,,,False
1999-2000,2000,29900776,20000224/UTADAL,Final,2000-02-25,02:30,1610612742,DAL,85,1610612762,UTA,92,,,,False
1999-2000,2000,29900777,20000224/DENHOU,Final,2000-02-25,02:30,1610612745,HOU,97,1610612743,DEN,106,,,,False
1999-2000,2000,29900778,20000224/ORLPOR,Final,2000-02-25,04:00,1610612757,POR,111,1610612753,ORL,92,,,,False
1999-2000,2000,29900779,20000224/BOSVAN,Final,2000-02-25,04:00,1610612763,VAN,77,1610612738,BOS,101,,,,False
1999-2000,2000,29900780,20000225/PHXNYK,Final,2000-02-26,02:00,1610612752,NYK,84,1610612756,PHX,79,,,,False
1999-2000,2000,29900781,20000225/CLEMIA,Final,2000-02-26,01:30,1610612748,MIA,87,1610612739,CLE,82,,,,False
1999-2000,2000,29900782,20000225/MINTOR,Final,2000-02-26,01:00,1610612761,TOR,85,1610612750,MIN,107,,,,False
1999-2000,2000,29900783,20000225/GSWDET,Final,2000-02-26,02:00,1610612765,DET,131,1610612744,GSW,99,,,,False
1999-2000,2000,29900784,20000225/SASCHI,Final,2000-02-26,02:30,1610612741,CHI,78,1610612759,SAS,91,,,,False
1999-2000,2000,29900785,20000225/PHIMIL,Final,2000-02-26,02:00,1610612749,MIL,83,1610612755,PHI,97,,,,False
1999-2000,2000,29900786,20000225/ORLUTA,Final,2000-02-26,03:00,1610612762,UTA,96,1610612753,ORL,88,,,,False
1999-2000,2000,29900787,20000225/BOSLAL,Final,2000-02-26,04:30,1610612747,LAL,109,1610612738,BOS,96,,,,False
1999-2000,2000,29900788,20000225/ATLSEA,Final,2000-02-26,04:00,1610612760,SEA,87,1610612737,ATL,95,,,,False
1999-2000,2000,29900789,20000226/CHHNJN,Final,2000-02-27,01:30,1610612751,NJN,104,1610612766,CHH,93,,,,False
1999-2000,2000,29900790,20000226/MIAWAS,Final,2000-02-27,01:00,1610612764,WAS,88,1610612748,MIA,98,,,,False
1999-2000,2000,29900791,20000226/GSWIND,Final,2000-02-27,01:00,1610612754,IND,104,1610612744,GSW,88,,,,False
1999-2000,2000,29900792,20000226/DENDAL,Final,2000-02-27,02:00,1610612742,DAL,98,1610612743,DEN,96,,,,False
1999-2000,2000,29900793,20000226/ATLLAC,Final,2000-02-27,04:30,1610612746,LAC,78,1610612737,ATL,77,,,,False
1999-2000,2000,29900794,20000226/SACVAN,Final,2000-02-27,04:00,1610612763,VAN,102,1610612758,SAC,90,,,,False
1999-2000,2000,29900795,20000227/PHINYK,Final,2000-02-27,21:00,1610612752,NYK,89,1610612755,PHI,88,,,,False
1999-2000,2000,29900796,20000227/PHXTOR,Final,2000-02-27,18:30,1610612761,TOR,103,1610612756,PHX,102,,,,False
1999-2000,2000,29900797,20000227/CHIDET,Final,2000-02-28,02:00,1610612765,DET,93,1610612741,CHI,90,,,,False
1999-2000,2000,29900798,20000227/ORLMIL,Final,2000-02-27,20:30,1610612749,MIL,102,1610612753,ORL,95,,,,False
1999-2000,2000,29900799,20000227/SASMIN,Final,2000-02-27,23:30,1610612750,MIN,102,1610612759,SAS,98,,,,False
1999-2000,2000,29900800,20000227/HOULAL,Final,2000-02-27,23:30,1610612747,LAL,101,1610612745,HOU,85,,,,False
1999-2000,2000,29900801,20000227/UTAPOR,Final,2000-02-27,21:00,1610612757,POR,101,1610612762,UTA,92,,,,False
1999-2000,2000,29900802,20000228/DALBOS,Final,2000-02-29,01:00,1610612738,BOS,100,1610612742,DAL,108,,,,False
1999-2000,2000,29900803,20000228/NYKMIA,Final,2000-02-29,02:00,1610612748,MIA,85,1610612752,NYK,76,,,,False
1999-2000,2000,29900804,20000228/SEACHH,Final,2000-02-29,01:30,1610612766,CHH,81,1610612760,SEA,84,,,,False
1999-2000,2000,29900805,20000228/NJNUTA,Final,2000-02-29,03:00,1610612762,UTA,106,1610612751,NJN,101,,,,False
1999-2000,2000,29900806,20000228/HOULAC,Final,2000-02-29,04:30,1610612746,LAC,77,1610612745,HOU,96,,,,False
1999-2000,2000,29900807,20000228/ATLGSW,Final,2000-02-29,04:30,1610612744,GSW,80,1610612737,ATL,75,,,,False
1999-2000,2000,29900808,20000229/DALPHI,Final,2000-03-01,01:00,1610612755,PHI,106,1610612742,DAL,87,,,,False
1999-2000,2000,29900809,20000229/SEAORL,Final,2000-03-01,01:30,1610612753,ORL,103,1610612760,SEA,94,,,,False
1999-2000,2000,29900810,20000229/CHITOR,Final,2000-03-01,01:00,1610612761,TOR,87,1610612741,CHI,80,,,,False
1999-2000,2000,29900811,20000229/PHXCLE,Final,2000-03-01,01:30,1610612739,CLE,93,1610612756,PHX,100,,,,False
1999-2000,2000,29900812,20000229/DETIND,Final,2000-03-01,01:00,1610612754,IND,115,1610612765,DET,105,,,,False
1999-2000,2000,29900813,20000229/CHHMIN,Final,2000-03-01,02:00,1610612750,MIN,87,1610612766,CHH,92,,,,False
1999-2000,2000,29900814,20000229/MIASAS,Final,2000-03-01,02:00,1610612759,SAS,93,1610612748,MIA,69,,,,False
1999-2000,2000,29900815,20000229/VANSAC,Final,2000-03-01,04:30,1610612758,SAC,112,1610612763,VAN,87,,,,False
1999-2000,2000,29900816,20000229/LALPOR,Final,2000-03-01,04:30,1610612757,POR,87,1610612747,LAL,90,,,,False
1999-2000,2000,29900817,20000301/TORBOS,Final,2000-03-02,01:00,1610612738,BOS,94,1610612761,TOR,96,,,,False
1999-2000,2000,29900818,20000301/WASATL,Final,2000-03-02,01:30,1610612737,ATL,83,1610612764,WAS,102,,,,False
1999-2000,2000,29900819,20000301/UTADET,Final,2000-03-02,01:30,1610612765,DET,94,1610612762,UTA,107,,,,False
1999-2000,2000,29900820,20000301/NJNDEN,Final,2000-03-02,03:00,1610612743,DEN,81,1610612751,NJN,94,,,,False
1999-2000,2000,29900821,20000301/VANLAL,Final,2000-03-02,04:30,1610612747,LAL,103,1610612763,VAN,91,,,,False
1999-2000,2000,29900822,20000302/MILNYK,Final,2000-03-03,01:30,1610612752,NYK,109,1610612749,MIL,94,,,,False
1999-2000,2000,29900823,20000302/PHIWAS,Final,2000-03-03,01:00,1610612764,WAS,84,1610612755,PHI,87,,,,False
1999-2000,2000,29900824,20000302/CHHORL,Final,2000-03-03,01:30,1610612753,ORL,104,1610612766,CHH,96,,,,False
1999-2000,2000,29900825,20000302/SEAMIA,Final,2000-03-03,01:30,1610612748,MIA,101,1610612760,SEA,83,,,,False
1999-2000,2000,29900826,20000302/CLECHI,Final/OT,2000-03-03,02:30,1610612741,CHI,110,1610612739,CLE,114,,,,False
1999-2000,2000,29900827,20000302/NJNDAL,Final,2000-03-03,02:30,1610612742,DAL,102,1610612751,NJN,103,,,,False
1999-2000,2000,29900828,20000302/SACHOU,Final,2000-03-03,02:30,1610612745,HOU,102,1610612758,SAC,99,,,,False
1999-2000,2000,29900829,20000302/MINSAS,Final,2000-03-03,02:30,1610612759,SAS,102,1610612750,MIN,108,,,,False
1999-2000,2000,29900830,20000302/INDPHX,Final,2000-03-03,03:00,1610612756,PHX,118,1610612754,IND,87,,,,False
1999-2000,2000,29900831,20000303/UTACHH,Final,2000-03-04,02:00,1610612766,CHH,87,1610612762,UTA,89,,,,False
1999-2000,2000,29900832,20000303/NYKATL,Final,2000-03-04,01:30,1610612737,ATL,83,1610612752,NYK,70,,,,False
1999-2000,2000,29900833,20000303/BOSTOR,Final,2000-03-04,01:00,1610612761,TOR,114,1610612738,BOS,104,,,,False
1999-2000,2000,29900834,20000303/GSWDEN,Final,2000-03-04,03:00,1610612743,DEN,122,1610612744,GSW,88,,,,False
1999-2000,2000,29900835,20000303/INDLAL,Final,2000-03-04,04:30,1610612747,LAL,107,1610612754,IND,92,,,,False
1999-2000,2000,29900836,20000303/VANPOR,Final,2000-03-04,04:00,1610612757,POR,101,1610612763,VAN,91,,,,False
1999-2000,2000,29900837,20000304/DETWAS,Final,2000-03-05,01:00,1610612764,WAS,100,1610612765,DET,94,,,,False
1999-2000,2000,29900838,20000304/SEAATL,Final,2000-03-05,01:30,1610612737,ATL,81,1610612760,SEA,93,,,,False
1999-2000,2000,29900839,20000304/PHICHI,Final,2000-03-05,00:00,1610612741,CHI,84,1610612755,PHI,95,,,,False
1999-2000,2000,29900840,20000304/MINMIL,Final,2000-03-05,03:00,1610612749,MIL,84,1610612750,MIN,91,,,,False
1999-2000,2000,29900841,20000304/NJNHOU,Final/OT,2000-03-04,20:30,1610612745,HOU,99,1610612751,NJN,92,,,,False
1999-2000,2000,29900842,20000304/SACSAS,Final/OT,2000-03-05,00:00,1610612759,SAS,103,1610612758,SAC,108,,,,False
1999-2000,2000,29900843,20000304/DALPHX,Final,2000-03-05,03:00,1610612756,PHX,110,1610612742,DAL,96,,,,False
1999-2000,2000,29900844,20000304/CLELAC,Final,2000-03-04,21:30,1610612746,LAC,99,1610612739,CLE,109,,,,False
1999-2000,2000,29900492,20000305/CHICHH,Final,2000-03-06,01:30,1610612766,CHH,100,1610612741,CHI,94,,,,False
1999-2000,2000,29900845,20000305/ORLBOS,Final,2000-03-05,21:00,1610612738,BOS,97,1610612753,ORL,91,,,,False
1999-2000,2000,29900846,20000305/UTANYK,Final,2000-03-05,18:30,1610612752,NYK,79,1610612762,UTA,88,,,,False
1999-2000,2000,29900847,20000305/SEAMIN,Final/OT,2000-03-06,02:30,1610612750,MIN,105,1610612760,SEA,100,,,,False
1999-2000,2000,29900848,20000305/CLEDEN,Final,2000-03-06,03:00,1610612743,DEN,92,1610612739,CLE,100,,,,False
1999-2000,2000,29900849,20000305/MIALAL,Final,2000-03-06,00:00,1610612747,LAL,93,1610612748,MIA,80,,,,False
1999-2000,2000,29900850,20000305/INDGSW,Final,2000-03-06,03:00,1610612744,GSW,95,1610612754,IND,114,,,,False
1999-2000,2000,29900851,20000305/TORVAN,Final,2000-03-05,21:00,1610612763,VAN,92,1610612761,TOR,94,,,,False
1999-2000,2000,29900852,20000306/ORLWAS,Final,2000-03-07,01:00,1610612764,WAS,85,1610612753,ORL,87,,,,False
1999-2000,2000,29900853,20000306/ATLMIL,Final,2000-03-07,02:00,1610612749,MIL,111,1610612737,ATL,78,,,,False
1999-2000,2000,29900854,20000306/NJNSAS,Final,2000-03-07,02:30,1610612759,SAS,106,1610612751,NJN,104,,,,False
1999-2000,2000,29900855,20000306/MIAPHX,Final,2000-03-07,03:00,1610612756,PHX,100,1610612748,MIA,92,,,,False
1999-2000,2000,29900856,20000306/LALLAC,Final,2000-03-07,04:30,1610612746,LAC,103,1610612747,LAL,123,,,,False
1999-2000,2000,29900857,20000306/DALSAC,Final,2000-03-07,04:30,1610612758,SAC,130,1610612742,DAL,109,,,,False
1999-2000,2000,29900858,20000306/TORPOR,Final,2000-03-07,04:30,1610612757,POR,90,1610612761,TOR,109,,,,False
1999-2000,2000,29900859,20000307/VANNYK,Final,2000-03-08,01:30,1610612752,NYK,111,1610612763,VAN,86,,,,False
1999-2000,2000,29900860,20000307/DENIND,Final,2000-03-08,01:00,1610612754,IND,90,1610612743,DEN,89,,,,False
1999-2000,2000,29900861,20000307/ATLCHI,Final,2000-03-08,02:30,1610612741,CHI,89,1610612737,ATL,82,,,,False
1999-2000,2000,29900862,20000307/WASMIN,Final,2000-03-08,02:00,1610612750,MIN,86,1610612764,WAS,90,,,,False
1999-2000,2000,29900863,20000307/PHXHOU,Final,2000-03-08,02:00,1610612745,HOU,101,1610612756,PHX,108,,,,False
1999-2000,2000,29900864,20000307/CLEUTA,Final,2000-03-08,03:00,1610612762,UTA,113,1610612739,CLE,95,,,,False
1999-2000,2000,29900865,20000307/CHHGSW,Final,2000-03-08,04:30,1610612744,GSW,99,1610612766,CHH,102,,,,False
1999-2000,2000,29900866,20000307/DALSEA,Final,2000-03-08,04:00,1610612760,SEA,101,1610612742,DAL,86,,,,False
1999-2000,2000,29900584,20000308/NYKWAS,Final/OT,2000-03-09,01:00,1610612764,WAS,118,1610612752,NYK,113,,,,False
1999-2000,2000,29900867,20000308/MILBOS,Final,2000-03-09,01:00,1610612738,BOS,112,1610612749,MIL,101,,,,False
1999-2000,2000,29900868,20000308/PORNJN,Final,2000-03-09,01:30,1610612751,NJN,115,1610612757,POR,103,,,,False
1999-2000,2000,29900869,20000308/VANPHI,Final,2000-03-09,01:00,1610612755,PHI,107,1610612763,VAN,90,,,,False
1999-2000,2000,29900870,20000308/CHIORL,Final,2000-03-09,01:30,1610612753,ORL,103,1610612741,CHI,67,,,,False
1999-2000,2000,29900871,20000308/DENDET,Final,2000-03-09,01:30,1610612765,DET,130,1610612743,DEN,116,,,,False
1999-2000,2000,29900872,20000308/TORLAC,Final,2000-03-09,04:30,1610612746,LAC,94,1610612761,TOR,95,,,,False
1999-2000,2000,29900873,20000308/CHHSAC,Final,2000-03-09,04:30,1610612758,SAC,105,1610612766,CHH,92,,,,False
1999-2000,2000,29900874,20000309/SASATL,Final,2000-03-10,01:30,1610612737,ATL,79,1610612759,SAS,105,,,,False
1999-2000,2000,29900875,20000309/PORIND,Final/OT,2000-03-10,01:00,1610612754,IND,127,1610612757,POR,119,,,,False
1999-2000,2000,29900876,20000309/MINDAL,Final,2000-03-10,02:30,1610612742,DAL,79,1610612750,MIN,100,,,,False
1999-2000,2000,29900877,20000309/HOUUTA,Final,2000-03-10,03:00,1610612762,UTA,101,1610612745,HOU,82,,,,False
1999-2000,2000,29900878,20000309/LALGSW,Final,2000-03-10,04:30,1610612744,GSW,92,1610612747,LAL,109,,,,False
1999-2000,2000,29900879,20000310/CHIBOS,Final,2000-03-11,01:00,1610612738,BOS,104,1610612741,CHI,74,,,,False
1999-2000,2000,29900880,20000310/NYKPHI,Final,2000-03-11,01:00,1610612755,PHI,77,1610612752,NYK,82,,,,False
1999-2000,2000,29900881,20000310/SASWAS,Final/OT,2000-03-11,01:00,1610612764,WAS,99,1610612759,SAS,106,,,,False
1999-2000,2000,29900882,20000310/DENMIA,Final,2000-03-11,01:30,1610612748,MIA,96,1610612743,DEN,88,,,,False
1999-2000,2000,29900883,20000310/INDCLE,Final,2000-03-11,01:30,1610612739,CLE,92,1610612754,IND,95,,,,False
1999-2000,2000,29900884,20000310/VANDET,Final,2000-03-11,02:00,1610612765,DET,111,1610612763,VAN,97,,,,False
1999-2000,2000,29900885,20000310/NJNMIL,Final,2000-03-11,02:00,1610612749,MIL,80,1610612751,NJN,108,,,,False
1999-2000,2000,29900886,20000310/UTAPHX,Final,2000-03-11,03:00,1610612756,PHX,96,1610612762,UTA,99,,,,False
1999-2000,2000,29900887,20000310/CHHLAC,Final,2000-03-11,04:30,1610612746,LAC,101,1610612766,CHH,118,,,,False
1999-2000,2000,29900888,20000310/TORSAC,Final,2000-03-11,04:30,1610612758,SAC,103,1610612761,TOR,88,,,,False
1999-2000,2000,29900889,20000310/GSWSEA,Final,2000-03-11,04:00,1610612760,SEA,99,1610612744,GSW,85,,,,False
1999-2000,2000,29900890,20000311/DENORL,Final,2000-03-12,01:30,1610612753,ORL,110,1610612743,DEN,107,,,,False
1999-2000,2000,29900891,20000311/VANATL,Final,2000-03-12,01:30,1610612737,ATL,91,1610612763,VAN,86,,,,False
1999-2000,2000,29900892,20000311/PORDET,Final,2000-03-12,01:30,1610612765,DET,94,1610612757,POR,99,,,,False
1999-2000,2000,29900893,20000311/PHXDAL,Final,2000-03-12,02:00,1610612742,DAL,104,1610612756,PHX,99,,,,False
1999-2000,2000,29900894,20000311/MINHOU,Final,2000-03-12,02:30,1610612745,HOU,86,1610612750,MIN,100,,,,False
1999-2000,2000,29900895,20000312/PHIBOS,Final,2000-03-12,18:30,1610612738,BOS,93,1610612755,PHI,77,,,,False
1999-2000,2000,29900896,20000312/SASNYK,Final,2000-03-13,00:00,1610612752,NYK,93,1610612759,SAS,80,,,,False
1999-2000,2000,29900897,20000312/ORLNJN,Final,2000-03-13,00:00,1610612751,NJN,129,1610612753,ORL,91,,,,False
1999-2000,2000,29900898,20000312/PORWAS,Final,2000-03-13,00:00,1610612764,WAS,86,1610612757,POR,102,,,,False
1999-2000,2000,29900899,20000312/MIAIND,Final,2000-03-12,18:30,1610612754,IND,96,1610612748,MIA,105,,,,False
1999-2000,2000,29900900,20000312/CLEMIL,Final,2000-03-12,21:30,1610612749,MIL,103,1610612739,CLE,72,,,,False
1999-2000,2000,29900901,20000312/SACLAL,Final,2000-03-13,03:30,1610612747,LAL,109,1610612758,SAC,106,,,,False
1999-2000,2000,29900902,20000312/LACGSW,Final,2000-03-13,03:00,1610612744,GSW,103,1610612746,LAC,112,,,,False
1999-2000,2000,29900903,20000312/TORSEA,Final,2000-03-13,00:00,1610612760,SEA,97,1610612761,TOR,99,,,,False
1999-2000,2000,29900904,20000313/BOSDET,Final,2000-03-14,02:00,1610612765,DET,124,1610612738,BOS,115,,,,False
1999-2000,2000,29900905,20000313/UTACHI,Final,2000-03-14,02:00,1610612741,CHI,79,1610612762,UTA,87,,,,False
1999-2000,2000,29900906,20000313/LALDEN,Final,2000-03-14,03:00,1610612743,DEN,108,1610612747,LAL,118,,,,False
1999-2000,2000,29900907,20000313/SEAVAN,Final,2000-03-14,04:00,1610612763,VAN,103,1610612760,SEA,113,,,,False
1999-2000,2000,29900908,20000314/HOUNYK,Final,2000-03-15,02:00,1610612752,NYK,91,1610612745,HOU,85,,,,False
1999-2000,2000,29900909,20000314/WASORL,Final,2000-03-15,01:30,1610612753,ORL,107,1610612764,WAS,98,,,,False
1999-2000,2000,29900910,20000314/MILMIA,Final,2000-03-15,01:30,1610612748,MIA,108,1610612749,MIL,104,,,,False
1999-2000,2000,29900911,20000314/GSWTOR,Final,2000-03-15,01:00,1610612761,TOR,85,1610612744,GSW,78,,,,False
1999-2000,2000,29900912,20000314/PHICLE,Final/OT,2000-03-15,01:30,1610612739,CLE,97,1610612755,PHI,98,,,,False
1999-2000,2000,29900913,20000314/INDDAL,Final,2000-03-15,02:30,1610612742,DAL,111,1610612754,IND,90,,,,False
1999-2000,2000,29900914,20000314/ATLSAS,Final,2000-03-15,02:30,1610612759,SAS,94,1610612737,ATL,79,,,,False
1999-2000,2000,29900915,20000314/MINPHX,Final,2000-03-15,03:00,1610612756,PHX,107,1610612750,MIN,100,,,,False
1999-2000,2000,29900916,20000314/DENLAC,Final,2000-03-15,04:30,1610612746,LAC,110,1610612743,DEN,106,,,,False
1999-2000,2000,29900917,20000314/SACPOR,Final,2000-03-15,04:30,1610612757,POR,96,1610612758,SAC,91,,,,False
1999-2000,2000,29900918,20000315/GSWBOS,Final,2000-03-16,01:00,1610612738,BOS,121,1610612744,GSW,104,,,,False
1999-2000,2000,29900919,20000315/CHICHH,Final,2000-03-16,01:30,1610612766,CHH,77,1610612741,CHI,74,,,,False
1999-2000,2000,29900920,20000315/INDATL,Final,2000-03-16,01:30,1610612737,ATL,107,1610612754,IND,113,,,,False
1999-2000,2000,29900921,20000315/ORLDET,Final,2000-03-16,01:30,1610612765,DET,113,1610612753,ORL,91,,,,False
1999-2000,2000,29900922,20000315/LACSAC,Final,2000-03-16,04:30,1610612758,SAC,98,1610612746,LAC,78,,,,False
1999-2000,2000,29900923,20000316/LALWAS,Final,2000-03-17,01:00,1610612764,WAS,109,1610612747,LAL,102,,,,False
1999-2000,2000,29900924,20000316/PHIMIA,Final,2000-03-17,01:30,1610612748,MIA,92,1610612755,PHI,77,,,,False
1999-2000,2000,29900925,20000316/UTACLE,Final,2000-03-17,01:30,1610612739,CLE,86,1610612762,UTA,107,,,,False
1999-2000,2000,29900926,20000316/HOUMIL,Final,2000-03-17,02:00,1610612749,MIL,106,1610612745,HOU,96,,,,False
1999-2000,2000,29900927,20000316/DALSAS,Final,2000-03-17,02:30,1610612759,SAS,88,1610612742,DAL,110,,,,False
1999-2000,2000,29900928,20000316/MINPOR,Final,2000-03-17,04:00,1610612757,POR,92,1610612750,MIN,96,,,,False
1999-2000,2000,29900929,20000316/VANSEA,Final,2000-03-17,04:00,1610612760,SEA,117,1610612763,VAN,103,,,,False
1999-2000,2000,29900930,20000317/UTAPHI,Final,2000-03-18,01:00,1610612755,PHI,99,1610612762,UTA,97,,,,False
1999-2000,2000,29900931,20000317/NYKCHH,Final,2000-03-18,01:30,1610612766,CHH,99,1610612752,NYK,118,,,,False
1999-2000,2000,29900932,20000317/BOSATL,Final,2000-03-18,01:30,1610612737,ATL,90,1610612738,BOS,114,,,,False
1999-2000,2000,29900933,20000317/ORLTOR,Final,2000-03-18,01:00,1610612761,TOR,95,1610612753,ORL,91,,,,False
1999-2000,2000,29900934,20000317/LALDET,Final,2000-03-18,02:00,1610612765,DET,82,1610612747,LAL,110,,,,False
1999-2000,2000,29900935,20000317/HOUIND,Final,2000-03-18,01:00,1610612754,IND,111,1610612745,HOU,102,,,,False
1999-2000,2000,29900936,20000317/GSWCHI,Final/OT2,2000-03-18,02:30,1610612741,CHI,92,1610612744,GSW,95,,,,False
1999-2000,2000,29900937,20000317/LACDEN,Final,2000-03-18,03:00,1610612743,DEN,114,1610612746,LAC,87,,,,False
1999-2000,2000,29900938,20000317/PHXVAN,Final,2000-03-18,04:00,1610612763,VAN,86,1610612756,PHX,101,,,,False
1999-2000,2000,29900939,20000318/MILNJN,Final/OT,2000-03-18,19:00,1610612751,NJN,92,1610612749,MIL,90,,,,False
1999-2000,2000,29900940,20000318/CHIWAS,Final,2000-03-19,01:00,1610612764,WAS,101,1610612741,CHI,88,,,,False
1999-2000,2000,29900941,20000318/MIACLE,Final/OT,2000-03-19,01:30,1610612739,CLE,90,1610612748,MIA,92,,,,False
1999-2000,2000,29900942,20000318/CHHIND,Final,2000-03-19,01:00,1610612754,IND,113,1610612766,CHH,99,,,,False
1999-2000,2000,29900943,20000318/BOSDAL,Final,2000-03-19,02:00,1610612742,DAL,99,1610612738,BOS,104,,,,False
1999-2000,2000,29900944,20000318/DENSAS,Final,2000-03-19,02:30,1610612759,SAS,102,1610612743,DEN,82,,,,False
1999-2000,2000,29900945,20000318/SACLAC,Final,2000-03-19,04:30,1610612746,LAC,83,1610612758,SAC,104,,,,False
1999-2000,2000,29900946,20000318/PORSEA,Final,2000-03-19,04:00,1610612760,SEA,96,1610612757,POR,97,,,,False
1999-2000,2000,29900947,20000319/LALNYK,Final,2000-03-19,18:00,1610612752,NYK,85,1610612747,LAL,92,,,,False
1999-2000,2000,29900948,20000319/UTANJN,Final,2000-03-19,19:00,1610612751,NJN,88,1610612762,UTA,92,,,,False
1999-2000,2000,29900949,20000319/ORLPHI,Final,2000-03-20,01:30,1610612755,PHI,89,1610612753,ORL,85,,,,False
1999-2000,2000,29900950,20000319/DALATL,Final,2000-03-20,00:00,1610612737,ATL,85,1610612742,DAL,89,,,,False
1999-2000,2000,29900951,20000319/HOUTOR,Final,2000-03-19,21:00,1610612761,TOR,100,1610612745,HOU,98,,,,False
1999-2000,2000,29900952,20000319/MILMIN,Final,2000-03-20,02:00,1610612750,MIN,109,1610612749,MIL,82,,,,False
1999-2000,2000,29900953,20000319/PHXGSW,Final,2000-03-20,03:00,1610612744,GSW,82,1610612756,PHX,99,,,,False
1999-2000,2000,29900954,20000319/DETVAN,Final,2000-03-19,21:30,1610612763,VAN,99,1610612765,DET,101,,,,False
1999-2000,2000,29900955,20000320/LALMIA,Final,2000-03-21,02:00,1610612748,MIA,89,1610612747,LAL,100,,,,False
1999-2000,2000,29900956,20000320/PHICHH,Final,2000-03-21,01:30,1610612766,CHH,96,1610612755,PHI,102,,,,False
1999-2000,2000,29900957,20000320/HOUCLE,Final,2000-03-21,01:30,1610612739,CLE,98,1610612745,HOU,85,,,,False
1999-2000,2000,29900958,20000320/ORLCHI,Final/OT,2000-03-21,02:30,1610612741,CHI,86,1610612753,ORL,88,,,,False
1999-2000,2000,29900959,20000320/BOSPHX,Final,2000-03-21,04:30,1610612756,PHX,110,1610612738,BOS,106,,,,False
1999-2000,2000,29900960,20000320/WASLAC,Final,2000-03-21,04:30,1610612746,LAC,93,1610612764,WAS,105,,,,False
1999-2000,2000,29900961,20000321/MIAATL,Final,2000-03-22,01:30,1610612737,ATL,82,1610612748,MIA,77,,,,False
1999-2000,2000,29900962,20000321/NJNTOR,Final,2000-03-22,01:00,1610612761,TOR,93,1610612751,NJN,100,,,,False
1999-2000,2000,29900963,20000321/NYKIND,Final,2000-03-22,02:00,1610612754,IND,95,1610612752,NYK,91,,,,False
1999-2000,2000,29900964,20000321/CLEMIN,Final/OT,2000-03-22,02:00,1610612750,MIN,111,1610612739,CLE,107,,,,False
1999-2000,2000,29900965,20000321/SASDAL,Final,2000-03-22,02:30,1610612742,DAL,97,1610612759,SAS,96,,,,False
1999-2000,2000,29900966,20000321/DENUTA,Final,2000-03-22,03:00,1610612762,UTA,96,1610612743,DEN,83,,,,False
1999-2000,2000,29900967,20000321/WASSAC,Final,2000-03-22,04:30,1610612758,SAC,98,1610612764,WAS,86,,,,False
1999-2000,2000,29900968,20000321/DETSEA,Final,2000-03-22,04:30,1610612760,SEA,90,1610612765,DET,100,,,,False
1999-2000,2000,29900969,20000321/GSWVAN,Final,2000-03-22,04:00,1610612763,VAN,98,1610612744,GSW,82,,,,False
1999-2000,2000,29900970,20000322/MINBOS,Final,2000-03-23,01:00,1610612738,BOS,106,1610612750,MIN,109,,,,False
1999-2000,2000,29900971,20000322/CHINYK,Final,2000-03-23,01:30,1610612752,NYK,78,1610612741,CHI,67,,,,False
1999-2000,2000,29900972,20000322/TORPHI,Final,2000-03-23,01:00,1610612755,PHI,106,1610612761,TOR,93,,,,False
1999-2000,2000,29900973,20000322/ATLORL,Final,2000-03-23,01:30,1610612753,ORL,103,1610612737,ATL,90,,,,False
1999-2000,2000,29900974,20000322/NJNCHH,Final,2000-03-23,01:30,1610612766,CHH,119,1610612751,NJN,103,,,,False
1999-2000,2000,29900975,20000322/LACSAS,Final,2000-03-23,02:30,1610612759,SAS,103,1610612746,LAC,78,,,,False
1999-2000,2000,29900976,20000322/SACPHX,Final,2000-03-23,03:00,1610612756,PHX,114,1610612758,SAC,93,,,,False
1999-2000,2000,29900977,20000322/GSWLAL,Final,2000-03-23,04:30,1610612747,LAL,119,1610612744,GSW,96,,,,False
1999-2000,2000,29900978,20000322/DETPOR,Final,2000-03-23,04:00,1610612757,POR,95,1610612765,DET,104,,,,False
1999-2000,2000,29900979,20000323/MILIND,Final,2000-03-24,01:00,1610612754,IND,84,1610612749,MIL,105,,,,False
1999-2000,2000,29900980,20000323/CLEDAL,Final,2000-03-24,02:30,1610612742,DAL,98,1610612739,CLE,104,,,,False
1999-2000,2000,29900981,20000323/LACHOU,Final,2000-03-24,02:30,1610612745,HOU,110,1610612746,LAC,95,,,,False
1999-2000,2000,29900982,20000323/WASDEN,Final,2000-03-24,03:00,1610612743,DEN,86,1610612764,WAS,100,,,,False
1999-2000,2000,29900983,20000324/ATLNYK,Final,2000-03-25,01:30,1610612752,NYK,95,1610612737,ATL,83,,,,False
1999-2000,2000,29900984,20000324/MINNJN,Final/OT,2000-03-25,01:30,1610612751,NJN,115,1610612750,MIN,116,,,,False
1999-2000,2000,29900985,20000324/BOSPHI,Final/OT2,2000-03-25,01:00,1610612755,PHI,117,1610612738,BOS,115,,,,False
1999-2000,2000,29900986,20000324/HOUORL,Final,2000-03-25,01:30,1610612753,ORL,112,1610612745,HOU,96,,,,False
1999-2000,2000,29900987,20000324/CHHTOR,Final,2000-03-25,01:00,1610612761,TOR,84,1610612766,CHH,102,,,,False
1999-2000,2000,29900988,20000324/DENCHI,Final,2000-03-25,02:30,1610612741,CHI,70,1610612743,DEN,68,,,,False
1999-2000,2000,29900989,20000324/MIAMIL,Final,2000-03-25,02:00,1610612749,MIL,87,1610612748,MIA,99,,,,False
1999-2000,2000,29900990,20000324/PHXLAL,Final,2000-03-25,04:30,1610612747,LAL,109,1610612756,PHX,101,,,,False
1999-2000,2000,29900991,20000324/PORGSW,Final,2000-03-25,04:30,1610612744,GSW,83,1610612757,POR,96,,,,False
1999-2000,2000,29900992,20000324/DETSAC,Final,2000-03-25,04:30,1610612758,SAC,113,1610612765,DET,103,,,,False
1999-2000,2000,29900993,20000324/UTASEA,Final,2000-03-25,04:00,1610612760,SEA,95,1610612762,UTA,98,,,,False
1999-2000,2000,29900994,20000325/CHHATL,Final,2000-03-26,01:30,1610612737,ATL,70,1610612766,CHH,86,,,,False
1999-2000,2000,29900995,20000325/WASDAL,Final,2000-03-26,03:00,1610612742,DAL,86,1610612764,WAS,93,,,,False
1999-2000,2000,29900996,20000325/CLESAS,Final,2000-03-26,03:30,1610612759,SAS,96,1610612739,CLE,76,,,,False
1999-2000,2000,29900997,20000325/DETLAC,Final,2000-03-26,05:30,1610612746,LAC,107,1610612765,DET,126,,,,False
1999-2000,2000,29900998,20000325/UTAVAN,Final,2000-03-26,05:00,1610612763,VAN,75,1610612762,UTA,84,,,,False
1999-2000,2000,29900999,20000326/DENNJN,Final,2000-03-26,22:00,1610612751,NJN,110,1610612743,DEN,112,,,,False
1999-2000,2000,29901000,20000326/MIAORL,Final,2000-03-26,19:30,1610612753,ORL,94,1610612748,MIA,69,,,,False
1999-2000,2000,29901001,20000326/PHIIND,Final,2000-03-26,19:30,1610612754,IND,101,1610612755,PHI,111,,,,False
1999-2000,2000,29901002,20000326/BOSMIL,Final,2000-03-26,23:00,1610612749,MIL,99,1610612738,BOS,84,,,,False
1999-2000,2000,29901003,20000326/TORMIN,Final/OT,2000-03-27,01:30,1610612750,MIN,106,1610612761,TOR,101,,,,False
1999-2000,2000,29901004,20000326/CHIHOU,Final,2000-03-26,22:30,1610612745,HOU,123,1610612741,CHI,78,,,,False
1999-2000,2000,29901005,20000326/GSWPHX,Final,2000-03-27,04:00,1610612756,PHX,90,1610612744,GSW,82,,,,False
1999-2000,2000,29901006,20000326/LALSAC,Final,2000-03-27,01:30,1610612758,SAC,89,1610612747,LAL,90,,,,False
1999-2000,2000,29901007,20000326/NYKPOR,Final,2000-03-27,04:00,1610612757,POR,89,1610612752,NYK,93,,,,False
1999-2000,2000,29901008,20000327/DALUTA,Final,2000-03-28,04:00,1610612762,UTA,105,1610612742,DAL,113,,,,False
1999-2000,2000,29901009,20000327/SASSEA,Final,2000-03-28,03:00,1610612760,SEA,82,1610612759,SAS,90,,,,False
1999-2000,2000,29901010,20000328/INDNJN,Final,2000-03-29,02:30,1610612751,NJN,111,1610612754,IND,106,,,,False
1999-2000,2000,29901011,20000328/BOSORL,Final,2000-03-29,02:30,1610612753,ORL,122,1610612738,BOS,87,,,,False
1999-2000,2000,29901012,20000328/PHXMIA,Final,2000-03-29,02:30,1610612748,MIA,81,1610612756,PHX,78,,,,False
1999-2000,2000,29901013,20000328/DENATL,Final,2000-03-29,02:30,1610612737,ATL,116,1610612743,DEN,111,,,,False
1999-2000,2000,29901014,20000328/TORCLE,Final,2000-03-29,02:30,1610612739,CLE,96,1610612761,TOR,99,,,,False
1999-2000,2000,29901015,20000328/PHIMIN,Final,2000-03-29,03:00,1610612750,MIN,100,1610612755,PHI,102,,,,False
1999-2000,2000,29901016,20000328/GSWHOU,Final,2000-03-29,03:30,1610612745,HOU,121,1610612744,GSW,86,,,,False
1999-2000,2000,29901017,20000328/DALLAC,Final,2000-03-29,05:30,1610612746,LAC,102,1610612742,DAL,112,,,,False
1999-2000,2000,29901018,20000328/NYKSAC,Final,2000-03-29,03:00,1610612758,SAC,103,1610612752,NYK,95,,,,False
1999-2000,2000,29901019,20000328/SASPOR,Final,2000-03-29,05:30,1610612757,POR,85,1610612759,SAS,89,,,,False
1999-2000,2000,29901020,20000329/DENWAS,Final,2000-03-30,02:00,1610612764,WAS,93,1610612743,DEN,101,,,,False
1999-2000,2000,29901021,20000329/CHHDET,Final,2000-03-30,02:30,1610612765,DET,91,1610612766,CHH,98,,,,False
1999-2000,2000,29901022,20000329/CLECHI,Final,2000-03-30,03:30,1610612741,CHI,81,1610612739,CLE,86,,,,False
1999-2000,2000,29901023,20000329/PHIUTA,Final,2000-03-30,04:00,1610612762,UTA,98,1610612755,PHI,84,,,,False
1999-2000,2000,29901024,20000329/NYKSEA,Final,2000-03-30,05:00,1610612760,SEA,95,1610612752,NYK,110,,,,False
1999-2000,2000,29901025,20000329/LALVAN,Final,2000-03-30,05:00,1610612763,VAN,99,1610612747,LAL,108,,,,False
1999-2000,2000,29901026,20000330/TORNJN,Final,2000-03-31,02:30,1610612751,NJN,107,1610612761,TOR,103,,,,False
1999-2000,2000,29901027,20000330/CHIMIA,Final,2000-03-31,02:30,1610612748,MIA,105,1610612741,CHI,80,,,,False
1999-2000,2000,29901028,20000330/PHXATL,Final,2000-03-31,02:30,1610612737,ATL,74,1610612756,PHX,118,,,,False
1999-2000,2000,29901029,20000330/HOUMIN,Final,2000-03-31,03:00,1610612750,MIN,122,1610612745,HOU,90,,,,False
1999-2000,2000,29901030,20000330/GSWSAS,Final,2000-03-31,03:30,1610612759,SAS,102,1610612744,GSW,90,,,,False
1999-2000,2000,29901031,20000330/MILLAC,Final,2000-03-31,05:30,1610612746,LAC,85,1610612749,MIL,104,,,,False
1999-2000,2000,29901032,20000330/DALPOR,Final,2000-03-31,05:00,1610612757,POR,96,1610612742,DAL,85,,,,False
1999-2000,2000,29901033,20000331/WASBOS,Final,2000-04-01,02:00,1610612738,BOS,102,1610612764,WAS,104,,,,False
1999-2000,2000,29901034,20000331/NJNORL,Final,2000-04-01,02:30,1610612753,ORL,103,1610612751,NJN,97,,,,False
1999-2000,2000,29901035,20000331/TORCHH,Final/OT,2000-04-01,03:00,1610612766,CHH,110,1610612761,TOR,101,,,,False
1999-2000,2000,29901036,20000331/PHXDET,Final,2000-04-01,03:00,1610612765,DET,97,1610612756,PHX,98,,,,False
1999-2000,2000,29901037,20000331/MININD,Final,2000-04-01,02:00,1610612754,IND,109,1610612750,MIN,85,,,,False
1999-2000,2000,29901038,20000331/GSWUTA,Final,2000-04-01,04:00,1610612762,UTA,114,1610612744,GSW,97,,,,False
1999-2000,2000,29901039,20000331/PHILAL,Final,2000-04-01,05:30,1610612747,LAL,100,1610612755,PHI,88,,,,False
1999-2000,2000,29901040,20000331/SACSEA,Final,2000-04-01,05:00,1610612760,SEA,123,1610612758,SAC,108,,,,False
1999-2000,2000,29901041,20000331/NYKVAN,Final,2000-04-01,05:00,1610612763,VAN,83,1610612752,NYK,89,,,,False
1999-2000,2000,29901042,20000401/BOSCLE,Final,2000-04-02,02:30,1610612739,CLE,109,1610612738,BOS,103,,,,False
1999-2000,2000,29901043,20000401/CHHCHI,Final,2000-04-02,03:30,1610612741,CHI,87,1610612766,CHH,90,,,,False
1999-2000,2000,29901044,20000401/ATLHOU,Final,2000-04-02,03:30,1610612745,HOU,115,1610612737,ATL,93,,,,False
1999-2000,2000,29901045,20000401/UTADEN,Final,2000-04-02,04:00,1610612743,DEN,112,1610612762,UTA,92,,,,False
1999-2000,2000,29901046,20000401/MILPOR,Final,2000-04-02,05:00,1610612757,POR,113,1610612749,MIL,79,,,,False
1999-2000,2000,29901047,20000402/DETNJN,Final,2000-04-02,19:00,1610612751,NJN,92,1610612765,DET,113,,,,False
1999-2000,2000,29901048,20000402/SASMIA,Final,2000-04-03,00:30,1610612748,MIA,88,1610612759,SAS,84,,,,False
1999-2000,2000,29901049,20000402/INDTOR,Final,2000-04-02,22:00,1610612761,TOR,83,1610612754,IND,104,,,,False
1999-2000,2000,29901050,20000402/CHICLE,Final,2000-04-03,01:30,1610612739,CLE,74,1610612741,CHI,83,,,,False
1999-2000,2000,29901051,20000402/PHXMIN,Final,2000-04-02,21:30,1610612750,MIN,86,1610612756,PHX,87,,,,False
1999-2000,2000,29901052,20000402/NYKLAL,Final,2000-04-03,00:30,1610612747,LAL,106,1610612752,NYK,82,,,,False
1999-2000,2000,29901053,20000402/MILGSW,Final,2000-04-03,03:00,1610612744,GSW,113,1610612749,MIL,117,,,,False
1999-2000,2000,29901054,20000402/PHISAC,Final,2000-04-02,22:00,1610612758,SAC,117,1610612755,PHI,95,,,,False
1999-2000,2000,29901055,20000402/SEAPOR,Final,2000-04-03,03:00,1610612757,POR,95,1610612760,SEA,82,,,,False
1999-2000,2000,29901056,20000402/DALVAN,Final,2000-04-03,03:00,1610612763,VAN,86,1610612742,DAL,100,,,,False
1999-2000,2000,29901057,20000404/NJNWAS,Final,2000-04-05,01:00,1610612764,WAS,102,1610612751,NJN,93,,,,False
1999-2000,2000,29901058,20000404/SASORL,Final,2000-04-05,01:30,1610612753,ORL,107,1610612759,SAS,97,,,,False
1999-2000,2000,29901059,20000404/CLEMIA,Final,2000-04-05,01:30,1610612748,MIA,111,1610612739,CLE,85,,,,False
1999-2000,2000,29901060,20000404/BOSCHH,Final,2000-04-05,01:30,1610612766,CHH,112,1610612738,BOS,105,,,,False
1999-2000,2000,29901061,20000404/DETTOR,Final,2000-04-05,02:00,1610612761,TOR,88,1610612765,DET,104,,,,False
1999-2000,2000,29901062,20000404/CHIMIL,Final,2000-04-05,02:00,1610612749,MIL,92,1610612741,CHI,73,,,,False
1999-2000,2000,29901063,20000404/ATLMIN,Final/OT,2000-04-05,02:00,1610612750,MIN,86,1610612737,ATL,76,,,,False
1999-2000,2000,29901064,20000404/SACDAL,Final,2000-04-05,02:30,1610612742,DAL,105,1610612758,SAC,102,,,,False
1999-2000,2000,29901065,20000404/LALPHX,Final,2000-04-05,04:30,1610612756,PHX,83,1610612747,LAL,84,,,,False
1999-2000,2000,29901066,20000404/UTALAC,Final,2000-04-05,04:30,1610612746,LAC,93,1610612762,UTA,103,,,,False
1999-2000,2000,29901067,20000404/DENSEA,Final,2000-04-05,04:00,1610612760,SEA,106,1610612743,DEN,93,,,,False
1999-2000,2000,29901068,20000404/HOUVAN,Final,2000-04-05,04:30,1610612763,VAN,102,1610612745,HOU,100,,,,False
1999-2000,2000,29901069,20000405/ATLPHI,Final,2000-04-06,01:00,1610612755,PHI,107,1610612737,ATL,86,,,,False
1999-2000,2000,29901070,20000405/BOSDET,Final,2000-04-06,01:30,1610612765,DET,111,1610612738,BOS,106,,,,False
1999-2000,2000,29901071,20000405/NJNIND,Final,2000-04-06,02:00,1610612754,IND,105,1610612751,NJN,101,,,,False
1999-2000,2000,29901072,20000405/SACSAS,Final,2000-04-06,02:30,1610612759,SAS,98,1610612758,SAC,108,,,,False
1999-2000,2000,29901073,20000405/LALGSW,Final,2000-04-06,04:30,1610612744,GSW,104,1610612747,LAL,111,,,,False
1999-2000,2000,29901074,20000405/HOUPOR,Final,2000-04-06,04:00,1610612757,POR,105,1610612745,HOU,118,,,,False
1999-2000,2000,29901075,20000406/WASNYK,Final,2000-04-07,01:30,1610612752,NYK,101,1610612764,WAS,92,,,,False
1999-2000,2000,29901076,20000406/CHHMIA,Final,2000-04-07,01:30,1610612748,MIA,76,1610612766,CHH,70,,,,False
1999-2000,2000,29901077,20000406/MILCHI,Final,2000-04-07,02:30,1610612741,CHI,90,1610612749,MIL,88,,,,False
1999-2000,2000,29901078,20000406/DALDEN,Final/OT,2000-04-07,03:00,1610612743,DEN,115,1610612742,DAL,116,,,,False
1999-2000,2000,29901079,20000406/PHXUTA,Final,2000-04-07,03:00,1610612762,UTA,105,1610612756,PHX,85,,,,False
1999-2000,2000,29901080,20000406/MINLAC,Final,2000-04-07,04:30,1610612746,LAC,90,1610612750,MIN,112,,,,False
1999-2000,2000,29901081,20000406/PORVAN,Final,2000-04-07,04:00,1610612763,VAN,89,1610612757,POR,87,,,,False
1999-2000,2000,29901082,20000407/PHIBOS,Final,2000-04-08,01:00,1610612738,BOS,97,1610612755,PHI,102,,,,False
1999-2000,2000,29901083,20000407/MIANJN,Final,2000-04-08,01:30,1610612751,NJN,85,1610612748,MIA,103,,,,False
1999-2000,2000,29901084,20000407/NYKORL,Final,2000-04-08,02:00,1610612753,ORL,89,1610612752,NYK,96,,,,False
1999-2000,2000,29901085,20000407/DETCHH,Final,2000-04-08,01:30,1610612766,CHH,82,1610612765,DET,97,,,,False
1999-2000,2000,29901086,20000407/TORATL,Final,2000-04-08,01:30,1610612737,ATL,84,1610612761,TOR,104,,,,False
1999-2000,2000,29901087,20000407/CLEIND,Final,2000-04-08,02:00,1610612754,IND,95,1610612739,CLE,94,,,,False
1999-2000,2000,29901088,20000407/UTAGSW,Final,2000-04-08,04:30,1610612744,GSW,84,1610612762,UTA,105,,,,False
1999-2000,2000,29901089,20000407/MINSAC,Final,2000-04-08,04:30,1610612758,SAC,92,1610612750,MIN,95,,,,False
1999-2000,2000,29901090,20000407/HOUSEA,Final,2000-04-08,04:00,1610612760,SEA,116,1610612745,HOU,119,,,,False
1999-2000,2000,29901091,20000408/ATLWAS,Final,2000-04-09,01:00,1610612764,WAS,108,1610612737,ATL,98,,,,False
1999-2000,2000,29901092,20000408/DETCLE,Final,2000-04-09,01:30,1610612739,CLE,117,1610612765,DET,98,,,,False
1999-2000,2000,29901093,20000408/TORCHI,Final,2000-04-09,02:30,1610612741,CHI,79,1610612761,TOR,98,,,,False
1999-2000,2000,29901094,20000408/NJNMIL,Final,2000-04-09,02:30,1610612749,MIL,109,1610612751,NJN,101,,,,False
1999-2000,2000,29901095,20000408/LACDAL,Final,2000-04-08,21:00,1610612742,DAL,98,1610612746,LAC,96,,,,False
1999-2000,2000,29901096,20000408/SEADEN,Final,2000-04-09,03:00,1610612743,DEN,105,1610612760,SEA,97,,,,False
1999-2000,2000,29901097,20000408/SASLAL,Final,2000-04-09,02:30,1610612747,LAL,80,1610612759,SAS,98,,,,False
1999-2000,2000,29901098,20000408/VANPOR,Final,2000-04-08,21:00,1610612757,POR,98,1610612763,VAN,85,,,,False
1999-2000,2000,29901099,20000409/PHIORL,Final,2000-04-09,18:30,1610612753,ORL,92,1610612755,PHI,80,,,,False
1999-2000,2000,29901100,20000409/NYKMIA,Final/OT,2000-04-09,23:30,1610612748,MIA,95,1610612752,NYK,94,,,,False
1999-2000,2000,29901101,20000409/INDCHH,Final,2000-04-09,18:30,1610612766,CHH,96,1610612754,IND,80,,,,False
1999-2000,2000,29901102,20000409/UTAHOU,Final,2000-04-09,21:00,1610612745,HOU,99,1610612762,UTA,90,,,,False
1999-2000,2000,29901103,20000409/DENGSW,Final,2000-04-10,03:00,1610612744,GSW,117,1610612743,DEN,103,,,,False
1999-2000,2000,29901104,20000409/PHXSAC,Final,2000-04-09,23:30,1610612758,SAC,97,1610612756,PHX,102,,,,False
1999-2000,2000,29901105,20000409/SASVAN,Final,2000-04-10,03:00,1610612763,VAN,99,1610612759,SAS,107,,,,False
1999-2000,2000,29901106,20000410/ATLBOS,Final,2000-04-11,01:00,1610612738,BOS,99,1610612737,ATL,94,,,,False
1999-2000,2000,29901107,20000410/INDNYK,Final,2000-04-11,02:00,1610612752,NYK,83,1610612754,IND,81,,,,False
1999-2000,2000,29901108,20000410/MIAPHI,Final,2000-04-11,01:00,1610612755,PHI,96,1610612748,MIA,80,,,,False
1999-2000,2000,29901109,20000410/CHHWAS,Final,2000-04-11,01:00,1610612764,WAS,105,1610612766,CHH,107,,,,False
1999-2000,2000,29901110,20000410/CLETOR,Final,2000-04-11,01:00,1610612761,TOR,112,1610612739,CLE,103,,,,False
1999-2000,2000,29901111,20000410/ORLMIL,Final,2000-04-11,02:00,1610612749,MIL,104,1610612753,ORL,87,,,,False
1999-2000,2000,29901112,20000410/DETMIN,Final,2000-04-11,02:00,1610612750,MIN,102,1610612765,DET,100,,,,False
1999-2000,2000,29901113,20000410/PORUTA,Final,2000-04-11,04:30,1610612762,UTA,86,1610612757,POR,90,,,,False
1999-2000,2000,29901114,20000410/SEALAL,Final/OT,2000-04-11,04:30,1610612747,LAL,106,1610612760,SEA,103,,,,False
1999-2000,2000,29901115,20000411/NJNCHI,Final,2000-04-12,02:30,1610612741,CHI,100,1610612751,NJN,93,,,,False
1999-2000,2000,29901116,20000411/PORDAL,Final,2000-04-12,02:30,1610612742,DAL,92,1610612757,POR,81,,,,False
1999-2000,2000,29901117,20000411/HOUDEN,Final,2000-04-12,03:00,1610612743,DEN,93,1610612745,HOU,103,,,,False
1999-2000,2000,29901118,20000411/PHXLAC,Final,2000-04-12,04:30,1610612746,LAC,88,1610612756,PHX,95,,,,False
1999-2000,2000,29901119,20000411/VANGSW,Final,2000-04-12,04:30,1610612744,GSW,109,1610612763,VAN,97,,,,False
1999-2000,2000,29901120,20000411/SASSAC,Final/OT,2000-04-12,02:00,1610612758,SAC,92,1610612759,SAS,98,,,,False
1999-2000,2000,29901121,20000412/ORLBOS,Final,2000-04-13,01:00,1610612738,BOS,95,1610612753,ORL,91,,,,False
1999-2000,2000,29901122,20000412/NJNNYK,Final/OT,2000-04-13,01:30,1610612752,NYK,91,1610612751,NJN,89,,,,False
1999-2000,2000,29901123,20000412/WASPHI,Final,2000-04-13,01:00,1610612755,PHI,93,1610612764,WAS,84,,,,False
1999-2000,2000,29901124,20000412/ATLCHH,Final,2000-04-13,01:30,1610612766,CHH,119,1610612737,ATL,87,,,,False
1999-2000,2000,29901125,20000412/MILCLE,Final,2000-04-13,01:30,1610612739,CLE,100,1610612749,MIL,101,,,,False
1999-2000,2000,29901126,20000412/MIADET,Final,2000-04-13,01:30,1610612765,DET,90,1610612748,MIA,73,,,,False
1999-2000,2000,29901127,20000412/TORIND,Final,2000-04-13,02:00,1610612754,IND,77,1610612761,TOR,73,,,,False
1999-2000,2000,29901128,20000412/LACUTA,Final,2000-04-13,03:00,1610612762,UTA,102,1610612746,LAC,93,,,,False
1999-2000,2000,29901129,20000412/VANPHX,Final/OT,2000-04-13,04:00,1610612756,PHX,122,1610612763,VAN,116,,,,False
1999-2000,2000,29901130,20000412/MINSEA,Final,2000-04-13,04:00,1610612760,SEA,110,1610612750,MIN,83,,,,False
1999-2000,2000,29901131,20000413/WASCHI,Final,2000-04-14,02:30,1610612741,CHI,103,1610612764,WAS,109,,,,False
1999-2000,2000,29901132,20000413/DALHOU,Final,2000-04-14,02:30,1610612745,HOU,111,1610612742,DAL,102,,,,False
1999-2000,2000,29901133,20000413/PORSAS,Final,2000-04-14,02:30,1610612759,SAS,77,1610612757,POR,93,,,,False
1999-2000,2000,29901134,20000413/GSWSAC,Final,2000-04-14,04:30,1610612758,SAC,130,1610612744,GSW,107,,,,False
1999-2000,2000,29901135,20000414/CHIBOS,Final,2000-04-15,01:00,1610612738,BOS,106,1610612741,CHI,91,,,,False
1999-2000,2000,29901136,20000414/ORLNJN,Final,2000-04-15,01:30,1610612751,NJN,88,1610612753,ORL,96,,,,False
1999-2000,2000,29901137,20000414/INDMIA,Final,2000-04-15,02:00,1610612748,MIA,101,1610612754,IND,105,,,,False
1999-2000,2000,29901138,20000414/PHIATL,Final,2000-04-15,01:30,1610612737,ATL,92,1610612755,PHI,104,,,,False
1999-2000,2000,29901139,20000414/NYKTOR,Final,2000-04-15,02:00,1610612761,TOR,86,1610612752,NYK,71,,,,False
1999-2000,2000,29901140,20000414/CHHMIL,Final/OT,2000-04-15,02:00,1610612749,MIL,106,1610612766,CHH,109,,,,False
1999-2000,2000,29901141,20000414/SEADAL,Final,2000-04-15,02:30,1610612742,DAL,117,1610612760,SEA,103,,,,False
1999-2000,2000,29901142,20000414/GSWDEN,Final,2000-04-15,03:00,1610612743,DEN,105,1610612744,GSW,97,,,,False
1999-2000,2000,29901143,20000414/LACPHX,Final,2000-04-15,04:00,1610612756,PHX,112,1610612746,LAC,88,,,,False
1999-2000,2000,29901144,20000414/SACLAL,Final,2000-04-15,04:30,1610612747,LAL,121,1610612758,SAC,114,,,,False
1999-2000,2000,29901145,20000414/MINVAN,Final/OT2,2000-04-15,04:00,1610612763,VAN,94,1610612750,MIN,104,,,,False
1999-2000,2000,29901146,20000415/DETPHI,Final,2000-04-16,02:30,1610612755,PHI,100,1610612765,DET,94,,,,False
1999-2000,2000,29901147,20000415/MILWAS,Final/OT,2000-04-16,01:00,1610612764,WAS,116,1610612749,MIL,120,,,,False
1999-2000,2000,29901148,20000415/NYKCLE,Final,2000-04-16,01:30,1610612739,CLE,106,1610612752,NYK,96,,,,False
1999-2000,2000,29901149,20000415/UTASAS,Final,2000-04-16,02:30,1610612759,SAS,106,1610612762,UTA,83,,,,False
1999-2000,2000,29901150,20000415/DENLAC,Final/OT,2000-04-16,05:00,1610612746,LAC,114,1610612743,DEN,115,,,,False
1999-2000,2000,29901151,20000416/CHHBOS,Final,2000-04-16,18:30,1610612738,BOS,102,1610612766,CHH,105,,,,False
1999-2000,2000,29901152,20000416/ORLMIA,Final,2000-04-16,18:30,1610612748,MIA,95,1610612753,ORL,84,,,,False
1999-2000,2000,29901153,20000416/CLEATL,Final,2000-04-17,00:00,1610612737,ATL,104,1610612739,CLE,101,,,,False
1999-2000,2000,29901154,20000416/CHITOR,Final,2000-04-16,21:00,1610612761,TOR,85,1610612741,CHI,84,,,,False
1999-2000,2000,29901155,20000416/INDDET,Final,2000-04-17,02:00,1610612765,DET,101,1610612754,IND,112,,,,False
1999-2000,2000,29901156,20000416/VANDAL,Final,2000-04-17,02:00,1610612742,DAL,114,1610612763,VAN,106,,,,False
1999-2000,2000,29901157,20000416/SEAHOU,Final,2000-04-17,02:30,1610612745,HOU,112,1610612760,SEA,121,,,,False
1999-2000,2000,29901158,20000416/UTAPHX,Final,2000-04-17,03:00,1610612756,PHX,82,1610612762,UTA,96,,,,False
1999-2000,2000,29901159,20000416/MINLAL,Final,2000-04-16,23:30,1610612747,LAL,101,1610612750,MIN,95,,,,False
1999-2000,2000,29901160,20000416/SACPOR,Final,2000-04-16,21:00,1610612757,POR,102,1610612758,SAC,95,,,,False
1999-2000,2000,29901161,20000417/INDPHI,Final,2000-04-18,02:00,1610612755,PHI,90,1610612754,IND,92,,,,False
1999-2000,2000,29901162,20000417/MILORL,Final,2000-04-18,01:30,1610612753,ORL,83,1610612749,MIL,85,,,,False
1999-2000,2000,29901163,20000417/VANSAS,Final,2000-04-18,02:30,1610612759,SAS,100,1610612763,VAN,93,,,,False
1999-2000,2000,29901164,20000417/MINGSW,Final,2000-04-18,04:30,1610612744,GSW,96,1610612750,MIN,101,,,,False
1999-2000,2000,29901165,20000418/DETNYK,Final,2000-04-19,01:30,1610612752,NYK,100,1610612765,DET,88,,,,False
1999-2000,2000,29901166,20000418/BOSWAS,Final,2000-04-19,01:00,1610612764,WAS,81,1610612738,BOS,114,,,,False
1999-2000,2000,29901167,20000418/TORMIA,Final,2000-04-19,02:00,1610612748,MIA,97,1610612761,TOR,73,,,,False
1999-2000,2000,29901168,20000418/NJNATL,Final/OT2,2000-04-19,01:30,1610612737,ATL,111,1610612751,NJN,109,,,,False
1999-2000,2000,29901169,20000418/CHHCLE,Final,2000-04-19,01:30,1610612739,CLE,88,1610612766,CHH,103,,,,False
1999-2000,2000,29901170,20000418/PHICHI,Final,2000-04-19,02:30,1610612741,CHI,89,1610612755,PHI,93,,,,False
1999-2000,2000,29901171,20000418/LALDAL,Final,2000-04-19,02:30,1610612742,DAL,112,1610612747,LAL,102,,,,False
1999-2000,2000,29901172,20000418/UTADEN,Final/OT,2000-04-19,03:00,1610612743,DEN,105,1610612762,UTA,104,,,,False
1999-2000,2000,29901173,20000418/HOUPHX,Final,2000-04-19,04:30,1610612756,PHX,98,1610612745,HOU,107,,,,False
1999-2000,2000,29901174,20000418/PORLAC,Final,2000-04-19,04:30,1610612746,LAC,100,1610612757,POR,116,,,,False
1999-2000,2000,29901175,20000418/SEASAC,Final/OT,2000-04-19,04:30,1610612758,SAC,112,1610612760,SEA,119,,,,False
1999-2000,2000,29901176,20000419/NYKBOS,Final,2000-04-20,01:00,1610612738,BOS,112,1610612752,NYK,85,,,,False
1999-2000,2000,29901177,20000419/CLENJN,Final,2000-04-20,01:30,1610612751,NJN,108,1610612739,CLE,111,,,,False
1999-2000,2000,29901178,20000419/TORORL,Final,2000-04-20,01:30,1610612753,ORL,106,1610612761,TOR,100,,,,False
1999-2000,2000,29901179,20000419/MIACHH,Final,2000-04-20,01:30,1610612766,CHH,83,1610612748,MIA,73,,,,False
1999-2000,2000,29901180,20000419/CHIDET,Final,2000-04-20,01:30,1610612765,DET,112,1610612741,CHI,91,,,,False
1999-2000,2000,29901181,20000419/ATLIND,Final,2000-04-20,02:00,1610612754,IND,111,1610612737,ATL,92,,,,False
1999-2000,2000,29901182,20000419/WASMIL,Final,2000-04-20,02:00,1610612749,MIL,110,1610612764,WAS,105,,,,False
1999-2000,2000,29901183,20000419/DALMIN,Final,2000-04-20,02:00,1610612750,MIN,107,1610612742,DAL,113,,,,False
1999-2000,2000,29901184,20000419/VANHOU,Final,2000-04-20,02:30,1610612745,HOU,92,1610612763,VAN,96,,,,False
1999-2000,2000,29901185,20000419/LALSAS,Final/OT,2000-04-20,02:00,1610612759,SAS,103,1610612747,LAL,98,,,,False
1999-2000,2000,29901186,20000419/SACUTA,Final,2000-04-20,04:30,1610612762,UTA,95,1610612758,SAC,86,,,,False
1999-2000,2000,29901187,20000419/PHXGSW,Final,2000-04-20,04:30,1610612744,GSW,88,1610612756,PHX,99,,,,False
1999-2000,2000,29901188,20000419/DENPOR,Final,2000-04-20,04:00,1610612757,POR,95,1610612743,DEN,96,,,,False
1999-2000,2000,29901189,20000419/LACSEA,Final,2000-04-20,04:00,1610612760,SEA,106,1610612746,LAC,114,,,,False
1999-2000,2000,49900001,20000422/DETMIA,Final,2000-04-22,18:30,1610612748,MIA,95,1610612765,DET,85,Game 1,East - First Round,1st Round,False
1999-2000,2000,49900002,20000422/PHXSAS,Final,2000-04-22,21:00,1610612759,SAS,70,1610612756,PHX,72,Game 2,West - First Round,1st Round,False
1999-2000,2000,49900003,20000422/SEAUTA,Final,2000-04-22,23:30,1610612762,UTA,104,1610612760,SEA,93,Game 3,West - First Round,1st Round,False
1999-2000,2000,49900004,20000422/PHICHH,Final,2000-04-23,02:30,1610612766,CHH,82,1610612755,PHI,92,Game 4,East - First Round,1st Round,False
1999-2000,2000,49900005,20000423/TORNYK,Final,2000-04-23,18:30,1610612752,NYK,92,1610612761,TOR,88,Game 5,East - First Round,1st Round,False
1999-2000,2000,49900006,20000423/MINPOR,Final,2000-04-23,21:00,1610612757,POR,91,1610612750,MIN,88,Game 6,West - First Round,1st Round,False
1999-2000,2000,49900007,20000423/SACLAL,Final,2000-04-23,23:30,1610612747,LAL,117,1610612758,SAC,107,Game 7,West - First Round,1st Round,False
1999-2000,2000,49900008,20000423/MILIND,Final,2000-04-24,02:30,1610612754,IND,88,1610612749,MIL,85,Game 8,East - First Round,1st Round,False
1999-2000,2000,49900009,20000424/PHICHH,Final/OT,2000-04-25,02:00,1610612766,CHH,108,1610612755,PHI,98,Game 9,East - First Round,1st Round,False
1999-2000,2000,49900010,20000424/SEAUTA,Final,2000-04-25,04:30,1610612762,UTA,101,1610612760,SEA,87,Game 0,West - First Round,1st Round,False
1999-2000,2000,49900011,20000425/DETMIA,Final,2000-04-26,01:00,1610612748,MIA,84,1610612765,DET,82,Game 1,East - First Round,1st Round,False
1999-2000,2000,49900012,20000425/PHXSAS,Final,2000-04-26,03:30,1610612759,SAS,85,1610612756,PHX,70,Game 2,West - First Round,1st Round,False
1999-2000,2000,49900013,20000426/TORNYK,Final,2000-04-27,02:00,1610612752,NYK,84,1610612761,TOR,83,Game 3,East - First Round,1st Round,False
1999-2000,2000,49900014,20000426/MINPOR,Final,2000-04-27,04:30,1610612757,POR,86,1610612750,MIN,82,Game 4,West - First Round,1st Round,False
1999-2000,2000,49900015,20000427/MILIND,Final,2000-04-28,02:00,1610612754,IND,91,1610612749,MIL,104,Game 5,East - First Round,1st Round,False
1999-2000,2000,49900016,20000427/SACLAL,Final,2000-04-28,04:30,1610612747,LAL,113,1610612758,SAC,89,Game 6,West - First Round,1st Round,False
1999-2000,2000,49900017,20000428/CHHPHI,Final,2000-04-29,02:00,1610612755,PHI,81,1610612766,CHH,76,Game 7,East - First Round,1st Round,False
1999-2000,2000,49900018,20000429/MIADET,Final,2000-04-29,18:30,1610612765,DET,72,1610612748,MIA,91,Game 8,East - First Round,1st Round,False
1999-2000,2000,49900019,20000429/SASPHX,Final,2000-04-29,21:00,1610612756,PHX,101,1610612759,SAS,94,Game 9,West - First Round,1st Round,False
1999-2000,2000,49900020,20000429/UTASEA,Final,2000-04-29,23:30,1610612760,SEA,89,1610612762,UTA,78,Game 0,West - First Round,1st Round,False
1999-2000,2000,49900021,20000429/INDMIL,Final,2000-04-30,02:30,1610612749,MIL,96,1610612754,IND,109,Game 1,East - First Round,1st Round,False
1999-2000,2000,49900022,20000430/NYKTOR,Final,2000-04-30,18:30,1610612761,TOR,80,1610612752,NYK,87,Game 2,East - First Round,1st Round,False
1999-2000,2000,49900023,20000430/PORMIN,Final,2000-04-30,21:00,1610612750,MIN,94,1610612757,POR,87,Game 3,West - First Round,1st Round,False
1999-2000,2000,49900024,20000430/LALSAC,Final,2000-04-30,23:30,1610612758,SAC,99,1610612747,LAL,91,Game 4,West - First Round,1st Round,False
1999-2000,2000,49900025,20000501/INDMIL,Final,2000-05-02,03:30,1610612749,MIL,100,1610612754,IND,87,Game 5,East - First Round,1st Round,False
1999-2000,2000,49900026,20000501/CHHPHI,Final,2000-05-02,01:00,1610612755,PHI,105,1610612766,CHH,99,Game 6,East - First Round,1st Round,False
1999-2000,2000,49900028,20000502/LALSAC,Final,2000-05-03,04:30,1610612758,SAC,101,1610612747,LAL,88,Game 8,West - First Round,1st Round,False
1999-2000,2000,49900029,20000502/PORMIN,Final,2000-05-03,02:00,1610612750,MIN,77,1610612757,POR,85,Game 9,West - First Round,1st Round,False
1999-2000,2000,49900030,20000502/SASPHX,Final,2000-05-03,03:00,1610612756,PHX,89,1610612759,SAS,78,Game 0,West - First Round,1st Round,False
1999-2000,2000,49900032,20000503/UTASEA,Final,2000-05-04,03:00,1610612760,SEA,104,1610612762,UTA,93,Game 2,West - First Round,1st Round,False
1999-2000,2000,49900033,20000504/MILIND,Final,2000-05-05,02:00,1610612754,IND,96,1610612749,MIL,95,Game 3,East - First Round,1st Round,False
1999-2000,2000,49900039,20000505/SACLAL,Final,2000-05-06,04:30,1610612747,LAL,113,1610612758,SAC,86,Game 9,West - First Round,1st Round,False
1999-2000,2000,49900040,20000505/SEAUTA,Final,2000-05-06,02:00,1610612762,UTA,96,1610612760,SEA,93,Game 0,West - First Round,1st Round,False
1999-2000,2000,49900048,20000506/PHIIND,Final,2000-05-06,21:30,1610612754,IND,108,1610612755,PHI,91,Game 8,East - Conf. Semifinals,Conf. Semifinals,False
1999-2000,2000,49900041,20000507/NYKMIA,Final,2000-05-07,18:30,1610612748,MIA,87,1610612752,NYK,83,Game 1,East - Conf. Semifinals,Conf. Semifinals,False
1999-2000,2000,49900055,20000507/PHXLAL,Final,2000-05-07,23:30,1610612747,LAL,105,1610612756,PHX,77,Game 5,West - Conf. Semifinals,Conf. Semifinals,False
1999-2000,2000,49900062,20000507/UTAPOR,Final,2000-05-07,21:00,1610612757,POR,94,1610612762,UTA,75,Game 2,West - Conf. Semifinals,Conf. Semifinals,False
1999-2000,2000,49900049,20000508/PHIIND,Final,2000-05-09,02:00,1610612754,IND,103,1610612755,PHI,97,Game 9,East - Conf. Semifinals,Conf. Semifinals,False
1999-2000,2000,49900042,20000509/NYKMIA,Final,2000-05-10,02:00,1610612748,MIA,76,1610612752,NYK,82,Game 2,East - Conf. Semifinals,Conf. Semifinals,False
1999-2000,2000,49900063,20000509/UTAPOR,Final,2000-05-10,04:30,1610612757,POR,103,1610612762,UTA,85,Game 3,West - Conf. Semifinals,Conf. Semifinals,False
1999-2000,2000,49900050,20000510/INDPHI,Final,2000-05-11,02:00,1610612755,PHI,89,1610612754,IND,97,Game 0,East - Conf. Semifinals,Conf. Semifinals,False
1999-2000,2000,49900056,20000510/PHXLAL,Final,2000-05-11,04:30,1610612747,LAL,97,1610612756,PHX,96,Game 6,West - Conf. Semifinals,Conf. Semifinals,False
1999-2000,2000,49900064,20000511/PORUTA,Final,2000-05-12,02:00,1610612762,UTA,84,1610612757,POR,103,Game 4,West - Conf. Semifinals,Conf. Semifinals,False
1999-2000,2000,49900043,20000512/MIANYK,Final/OT,2000-05-13,02:00,1610612752,NYK,76,1610612748,MIA,77,Game 3,East - Conf. Semifinals,Conf. Semifinals,False
1999-2000,2000,49900057,20000512/LALPHX,Final,2000-05-13,04:30,1610612756,PHX,99,1610612747,LAL,105,Game 7,West - Conf. Semifinals,Conf. Semifinals,False
1999-2000,2000,49900051,20000513/INDPHI,Final,2000-05-13,21:30,1610612755,PHI,92,1610612754,IND,90,Game 1,East - Conf. Semifinals,Conf. Semifinals,False
1999-2000,2000,49900044,20000514/MIANYK,Final,2000-05-14,18:30,1610612752,NYK,91,1610612748,MIA,83,Game 4,East - Conf. Semifinals,Conf. Semifinals,False
1999-2000,2000,49900058,20000514/LALPHX,Final,2000-05-14,23:30,1610612756,PHX,117,1610612747,LAL,98,Game 8,West - Conf. Semifinals,Conf. Semifinals,False
1999-2000,2000,49900065,20000514/PORUTA,Final,2000-05-14,21:00,1610612762,UTA,88,1610612757,POR,85,Game 5,West - Conf. Semifinals,Conf. Semifinals,False
1999-2000,2000,49900052,20000515/PHIIND,Final,2000-05-16,02:00,1610612754,IND,86,1610612755,PHI,107,Game 2,East - Conf. Semifinals,Conf. Semifinals,False
1999-2000,2000,49900059,20000516/PHXLAL,Final,2000-05-17,04:30,1610612747,LAL,87,1610612756,PHX,65,Game 9,West - Conf. Semifinals,Conf. Semifinals,False
1999-2000,2000,49900066,20000516/UTAPOR,Final,2000-05-17,02:00,1610612757,POR,81,1610612762,UTA,79,Game 6,West - Conf. Semifinals,Conf. Semifinals,False
1999-2000,2000,49900045,20000517/NYKMIA,Final,2000-05-18,02:00,1610612748,MIA,87,1610612752,NYK,81,Game 5,East - Conf. Semifinals,Conf. Semifinals,False
1999-2000,2000,49900046,20000519/MIANYK,Final,2000-05-20,03:00,1610612752,NYK,72,1610612748,MIA,70,Game 6,East - Conf. Semifinals,Conf. Semifinals,False
1999-2000,2000,49900053,20000519/INDPHI,Final,2000-05-20,00:30,1610612755,PHI,90,1610612754,IND,106,Game 3,East - Conf. Semifinals,Conf. Semifinals,False
1999-2000,2000,49900069,20000520/PORLAL,Final,2000-05-20,21:30,1610612747,LAL,109,1610612757,POR,94,Game 9,West - Conf. Finals,Conf. Finals,False
1999-2000,2000,49900047,20000521/NYKMIA,Final,2000-05-21,21:30,1610612748,MIA,82,1610612752,NYK,83,Game 7,East - Conf. Semifinals,Conf. Semifinals,False
1999-2000,2000,49900070,20000522/PORLAL,Final,2000-05-23,03:30,1610612747,LAL,77,1610612757,POR,106,Game 0,West - Conf. Finals,Conf. Finals,False
1999-2000,2000,49900076,20000523/NYKIND,Final,2000-05-24,02:30,1610612754,IND,102,1610612752,NYK,88,Game 6,East - Conf. Finals,Conf. Finals,False
1999-2000,2000,49900077,20000525/NYKIND,Final,2000-05-26,02:30,1610612754,IND,88,1610612752,NYK,84,Game 7,East - Conf. Finals,Conf. Finals,False
1999-2000,2000,49900071,20000526/LALPOR,Final,2000-05-27,03:00,1610612757,POR,91,1610612747,LAL,93,Game 1,West - Conf. Finals,Conf. Finals,False
1999-2000,2000,49900078,20000527/INDNYK,Final,2000-05-27,21:30,1610612752,NYK,98,1610612754,IND,95,Game 8,East - Conf. Finals,Conf. Finals,False
1999-2000,2000,49900072,20000528/LALPOR,Final,2000-05-28,21:30,1610612757,POR,91,1610612747,LAL,103,Game 2,West - Conf. Finals,Conf. Finals,False
1999-2000,2000,49900079,20000529/INDNYK,Final,2000-05-29,23:30,1610612752,NYK,91,1610612754,IND,89,Game 9,East - Conf. Finals,Conf. Finals,False
1999-2000,2000,49900073,20000530/PORLAL,Final,2000-05-31,03:00,1610612747,LAL,88,1610612757,POR,96,Game 3,West - Conf. Finals,Conf. Finals,False
1999-2000,2000,49900080,20000531/NYKIND,Final,2000-06-01,03:00,1610612754,IND,88,1610612752,NYK,79,Game 0,East - Conf. Finals,Conf. Finals,False
1999-2000,2000,49900074,20000602/LALPOR,Final,2000-06-03,03:30,1610612757,POR,103,1610612747,LAL,93,Game 4,West - Conf. Finals,Conf. Finals,False
1999-2000,2000,49900081,20000602/INDNYK,Final,2000-06-03,01:00,1610612752,NYK,80,1610612754,IND,93,Game 1,East - Conf. Finals,Conf. Finals,False
1999-2000,2000,49900075,20000604/PORLAL,Final,2000-06-05,01:30,1610612747,LAL,89,1610612757,POR,84,Game 5,West - Conf. Finals,Conf. Finals,False
1999-2000,2000,49900083,20000607/INDLAL,Final,2000-06-08,03:00,1610612747,LAL,104,1610612754,IND,87,Game 3,NBA Finals,NBA Finals,False
1999-2000,2000,49900084,20000609/INDLAL,Final,2000-06-10,03:00,1610612747,LAL,111,1610612754,IND,104,Game 4,NBA Finals,NBA Finals,False
1999-2000,2000,49900085,20000611/LALIND,Final,2000-06-12,01:30,1610612754,IND,100,1610612747,LAL,91,Game 5,NBA Finals,NBA Finals,False
1999-2000,2000,49900086,20000614/LALIND,Final/OT,2000-06-15,03:00,1610612754,IND,118,1610612747,LAL,120,Game 6,NBA Finals,NBA Finals,False
1999-2000,2000,49900087,20000616/LALIND,Final,2000-06-17,03:00,1610612754,IND,120,1610612747,LAL,87,Game 7,NBA Finals,NBA Finals,False
1999-2000,2000,49900088,20000619/INDLAL,Final,2000-06-20,03:00,1610612747,LAL,116,1610612754,IND,111,Game 8,NBA Finals,NBA Finals,False
