Saison,Année,gameId,gameCode,gameStatusText,dateParis,heureParis,homeTeamId,homeTeamTricode,homeTeamScore,awayTeamId,awayTeamTricode,awayTeamScore,seriesGameNumber,gameLabel,poRoundDesc,ifNecessary
2005-2006,2006,0090500001,,,2005-09-22,17:30,0,,0,0,,0,,,,False
2005-2006,2006,0090500002,,,2005-09-22,20:30,0,,0,0,,0,,,,False
2005-2006,2006,0090500003,,,2005-09-23,18:00,0,,0,0,,0,,,,False
2005-2006,2006,0090500004,,,2005-09-23,21:00,0,,0,0,,0,,,,False
2005-2006,2006,0090500005,,,2005-09-24,18:00,0,,0,0,,0,,,,False
2005-2006,2006,0090500006,,,2005-09-24,21:00,0,,0,0,,0,,,,False
2005-2006,2006,0090500007,,,2005-09-25,21:00,0,,0,0,,0,,,,False
2005-2006,2006,0010500001,20051010/CLEWAS,Final,2005-10-11,01:00,1610612764,WAS,94,1610612739,CLE,116,,,,False
2005-2006,2006,0010500120,20051010/SASMIA,Final,2005-10-11,01:00,1610612748,MIA,103,1610612759,SAS,101,,,,False
2005-2006,2006,0010500002,20051011/HOUPHI,Final,2005-10-12,01:00,1610612755,PHI,91,1610612745,HOU,105,,,,False
2005-2006,2006,0010500003,20051011/ORLATL,Final,2005-10-12,01:00,1610612737,ATL,93,1610612753,ORL,104,,,,False
2005-2006,2006,0010500005,20051011/DALSAC,Final,2005-10-12,04:00,1610612758,SAC,83,1610612742,DAL,96,,,,False
2005-2006,2006,0010500007,20051011/INDNJN,Final,2005-10-12,02:00,1610612751,NJN,105,1610612754,IND,103,,,,False
2005-2006,2006,0010500008,20051011/BOSCLE,Final,2005-10-12,01:30,1610612739,CLE,96,1610612738,BOS,86,,,,False
2005-2006,2006,0010500004,20051011/CHIDET,Final,2005-10-12,01:00,1610612765,DET,87,1610612741,CHI,76,,,,False
2005-2006,2006,0010500006,20051011/GSWLAL,Final,2005-10-12,04:00,1610612747,LAL,101,1610612744,GSW,93,,,,False
2005-2006,2006,0010500012,20051012/GSWLAL,Final,2005-10-12,06:00,1610612747,LAL,81,1610612744,GSW,112,,,,False
2005-2006,2006,0010500009,20051012/UTATOR,Final/OT,2005-10-13,01:00,1610612761,TOR,101,1610612762,UTA,102,,,,False
2005-2006,2006,0010500010,20051012/CHIMEM,Final,2005-10-13,02:00,1610612763,MEM,86,1610612741,CHI,82,,,,False
2005-2006,2006,0010500011,20051012/MILMIN,Final,2005-10-13,02:00,1610612750,MIN,89,1610612749,MIL,92,,,,False
2005-2006,2006,0010500013,20051012/SEAPOR,Final,2005-10-13,04:00,1610612757,POR,82,1610612760,SEA,75,,,,False
2005-2006,2006,0010500016,20051012/ORLHOU,Final,2005-10-13,02:30,1610612745,HOU,84,1610612753,ORL,80,,,,False
2005-2006,2006,0010500017,20051012/DALLAC,Final,2005-10-13,04:30,1610612746,LAC,95,1610612742,DAL,80,,,,False
2005-2006,2006,0010500014,20051012/SASPHI,Final,2005-10-13,01:30,1610612755,PHI,100,1610612759,SAS,88,,,,False
2005-2006,2006,0010500015,20051012/CHAATL,Final,2005-10-13,01:30,1610612737,ATL,109,1610612766,CHA,105,,,,False
2005-2006,2006,0010500018,20051013/UTAIND,Final,2005-10-14,02:00,1610612754,IND,99,1610612762,UTA,92,,,,False
2005-2006,2006,0010500019,20051013/NOKDEN,Final,2005-10-14,03:00,1610612743,DEN,90,1610612740,NOK,100,,,,False
2005-2006,2006,0010500020,20051013/NJNCHA,Final,2005-10-14,01:30,1610612766,CHA,76,1610612751,NJN,95,,,,False
2005-2006,2006,0010500021,20051013/MILDET,Final,2005-10-14,01:30,1610612765,DET,95,1610612749,MIL,88,,,,False
2005-2006,2006,0010500022,20051013/WASSAS,Final,2005-10-14,02:00,1610612759,SAS,91,1610612764,WAS,95,,,,False
2005-2006,2006,0010500023,20051014/MININD,Final,2005-10-15,02:00,1610612754,IND,93,1610612750,MIN,84,,,,False
2005-2006,2006,0010500024,20051014/PHXSEA,Final,2005-10-15,04:30,1610612760,SEA,113,1610612756,PHX,114,,,,False
2005-2006,2006,0010500025,20051014/TORBOS,Final,2005-10-15,01:30,1610612738,BOS,107,1610612761,TOR,100,,,,False
2005-2006,2006,0010500026,20051014/PHICLE,Final,2005-10-15,01:30,1610612739,CLE,98,1610612755,PHI,100,,,,False
2005-2006,2006,0010500027,20051014/SACLAC,Final,2005-10-15,04:30,1610612746,LAC,84,1610612758,SAC,90,,,,False
2005-2006,2006,0010500028,20051014/MEMMIA,Final,2005-10-15,02:30,1610612748,MIA,91,1610612763,MEM,101,,,,False
2005-2006,2006,0010500029,20051015/NOKORL,Final,2005-10-16,01:00,1610612753,ORL,101,1610612740,NOK,83,,,,False
2005-2006,2006,0010500030,20051015/WASMEM,Final,2005-10-16,02:00,1610612763,MEM,104,1610612764,WAS,79,,,,False
2005-2006,2006,0010500032,20051015/LACPHX,Final,2005-10-16,04:00,1610612756,PHX,87,1610612746,LAC,90,,,,False
2005-2006,2006,0010500034,20051015/CHAMIA,Final,2005-10-16,01:30,1610612748,MIA,72,1610612766,CHA,82,,,,False
2005-2006,2006,0010500035,20051015/BOSCHI,Final,2005-10-16,02:30,1610612741,CHI,116,1610612738,BOS,97,,,,False
2005-2006,2006,0010500036,20051015/CLEMIL,Final,2005-10-16,02:30,1610612749,MIL,91,1610612739,CLE,89,,,,False
2005-2006,2006,0010500037,20051015/HOUSAS,Final,2005-10-16,02:30,1610612759,SAS,87,1610612745,HOU,95,,,,False
2005-2006,2006,0010500031,20051015/PORDEN,Final,2005-10-16,03:00,1610612743,DEN,112,1610612757,POR,85,,,,False
2005-2006,2006,0010500033,20051015/NYKNJN,Final,2005-10-16,01:30,1610612751,NJN,84,1610612752,NYK,93,,,,False
2005-2006,2006,0010500038,20051016/MTATOR,,2005-10-16,19:00,1610612761,TOR,0,41,MTA,0,,,,False
2005-2006,2006,0010500039,20051016/DALNYK,Final,2005-10-17,00:00,1610612752,NYK,102,1610612742,DAL,104,,,,False
2005-2006,2006,0010500040,20051016/MINDET,Final,2005-10-17,00:00,1610612765,DET,91,1610612750,MIN,80,,,,False
2005-2006,2006,0010500041,20051016/GSWSAC,Final,2005-10-17,03:00,1610612758,SAC,114,1610612744,GSW,99,,,,False
2005-2006,2006,0010500042,20051017/ATLCHA,Final,2005-10-17,16:00,1610612766,CHA,94,1610612737,ATL,88,,,,False
2005-2006,2006,0010500043,20051017/PHXUTA,Final,2005-10-18,03:00,1610612762,UTA,95,1610612756,PHX,106,,,,False
2005-2006,2006,0010500044,20051017/MINCHI,Final,2005-10-18,02:30,1610612741,CHI,89,1610612750,MIN,97,,,,False
2005-2006,2006,0010500045,20051017/SEAHOU,Final,2005-10-18,02:30,1610612745,HOU,93,1610612760,SEA,85,,,,False
2005-2006,2006,0010500048,20051018/DENSAC,Final,2005-10-19,04:00,1610612758,SAC,99,1610612743,DEN,102,,,,False
2005-2006,2006,0010500049,20051018/LACPOR,Final,2005-10-19,04:00,1610612757,POR,85,1610612746,LAC,99,,,,False
2005-2006,2006,0010500050,20051018/PHINYK,Final,2005-10-19,01:30,1610612752,NYK,99,1610612755,PHI,114,,,,False
2005-2006,2006,0010500051,20051018/ORLMIA,Final,2005-10-19,01:30,1610612748,MIA,95,1610612753,ORL,91,,,,False
2005-2006,2006,0010500052,20051018/DALDET,Final,2005-10-19,01:30,1610612765,DET,88,1610612742,DAL,94,,,,False
2005-2006,2006,0010500053,20051018/WASLAL,Final/OT,2005-10-19,04:30,1610612747,LAL,111,1610612764,WAS,108,,,,False
2005-2006,2006,0010500046,20051018/SASIND,Final,2005-10-19,02:00,1610612754,IND,94,1610612759,SAS,81,,,,False
2005-2006,2006,0010500047,20051018/ATLNOK,Final,2005-10-19,01:00,1610612740,NOK,94,1610612737,ATL,97,,,,False
2005-2006,2006,0010500054,20051019/NJNTOR,Final/OT,2005-10-20,01:00,1610612761,TOR,107,1610612751,NJN,105,,,,False
2005-2006,2006,0010500055,20051019/MEMCLE,Final,2005-10-20,01:00,1610612739,CLE,88,1610612763,MEM,84,,,,False
2005-2006,2006,0010500056,20051019/DETMIL,Final,2005-10-20,02:00,1610612749,MIL,104,1610612765,DET,94,,,,False
2005-2006,2006,0010500057,20051019/LACSEA,Final,2005-10-20,04:00,1610612760,SEA,99,1610612746,LAC,93,,,,False
2005-2006,2006,0010500058,20051019/CHIBOS,Final,2005-10-20,01:30,1610612738,BOS,82,1610612741,CHI,98,,,,False
2005-2006,2006,0010500059,20051019/MTAORL,Final,2005-10-20,01:30,1610612753,ORL,0,41,MTA,0,,,,False
2005-2006,2006,0010500060,20051019/PHXGSW,Final,2005-10-20,04:30,1610612744,GSW,108,1610612756,PHX,96,,,,False
2005-2006,2006,0010500062,20051020/CLEPHI,Final,2005-10-21,01:00,1610612755,PHI,102,1610612739,CLE,106,,,,False
2005-2006,2006,0010500061,20051020/CHAWAS,Final/OT,2005-10-21,01:30,1610612764,WAS,96,1610612766,CHA,89,,,,False
2005-2006,2006,0010500063,20051020/INDMIN,Final,2005-10-21,02:00,1610612750,MIN,76,1610612754,IND,93,,,,False
2005-2006,2006,0010500064,20051020/SASNOK,Final,2005-10-21,02:00,1610612740,NOK,90,1610612759,SAS,97,,,,False
2005-2006,2006,0010500065,20051020/UTAPOR,Final,2005-10-21,04:00,1610612757,POR,73,1610612762,UTA,92,,,,False
2005-2006,2006,0010500066,20051020/DENLAL,Final,2005-10-21,04:30,1610612747,LAL,94,1610612743,DEN,105,,,,False
2005-2006,2006,0010500070,20051021/PHINJN,Final,2005-10-22,01:30,1610612751,NJN,93,1610612755,PHI,91,,,,False
2005-2006,2006,0010500067,20051021/WASDEN,Final,2005-10-22,01:30,1610612743,DEN,97,1610612764,WAS,91,,,,False
2005-2006,2006,0010500068,20051021/BOSTOR,Final,2005-10-22,01:00,1610612761,TOR,93,1610612738,BOS,83,,,,False
2005-2006,2006,0010500071,20051021/MILCHI,Final/OT,2005-10-22,02:30,1610612741,CHI,107,1610612749,MIL,105,,,,False
2005-2006,2006,0010500072,20051021/NYKDAL,Final,2005-10-22,02:30,1610612742,DAL,86,1610612752,NYK,85,,,,False
2005-2006,2006,0010500069,20051021/SEAPHX,Final,2005-10-22,04:00,1610612756,PHX,113,1610612760,SEA,81,,,,False
2005-2006,2006,0010500073,20051021/CHALAL,Final,2005-10-22,04:30,1610612747,LAL,109,1610612766,CHA,93,,,,False
2005-2006,2006,0010500074,20051022/ATLORL,Final,2005-10-23,01:00,1610612753,ORL,105,1610612737,ATL,100,,,,False
2005-2006,2006,0010500077,20051022/NJNBOS,Final,2005-10-23,01:30,1610612738,BOS,90,1610612751,NJN,69,,,,False
2005-2006,2006,0010500078,20051022/MIADET,Final,2005-10-23,01:30,1610612765,DET,87,1610612748,MIA,66,,,,False
2005-2006,2006,0010500075,20051022/HOUMEM,Final,2005-10-23,02:00,1610612763,MEM,82,1610612745,HOU,78,,,,False
2005-2006,2006,0010500079,20051022/MINMIL,Final,2005-10-23,02:30,1610612749,MIL,85,1610612750,MIN,89,,,,False
2005-2006,2006,0010500080,20051022/NYKSAS,Final,2005-10-23,02:30,1610612759,SAS,90,1610612752,NYK,96,,,,False
2005-2006,2006,0010500076,20051022/SACPOR,Final,2005-10-23,04:00,1610612757,POR,80,1610612758,SAC,100,,,,False
2005-2006,2006,0010500081,20051022/SEAGSW,Final,2005-10-23,04:30,1610612744,GSW,95,1610612760,SEA,108,,,,False
2005-2006,2006,0010500083,20051023/LACDAL,Final,2005-10-24,01:30,1610612742,DAL,80,1610612746,LAC,99,,,,False
2005-2006,2006,0010500086,20051023/WASHOU,Final,2005-10-24,02:30,1610612745,HOU,75,1610612764,WAS,71,,,,False
2005-2006,2006,0010500090,20051023/DENNOK,Final,2005-10-24,01:00,1610612740,NOK,93,1610612743,DEN,97,,,,False
2005-2006,2006,0010500082,20051023/TORCLE,Final,2005-10-24,00:00,1610612739,CLE,87,1610612761,TOR,83,,,,False
2005-2006,2006,0010500084,20051023/CHALAL,Final,2005-10-24,03:30,1610612747,LAL,98,1610612766,CHA,97,,,,False
2005-2006,2006,0010500085,20051023/PHXSAC,Final,2005-10-24,04:00,1610612758,SAC,88,1610612756,PHX,100,,,,False
2005-2006,2006,0010500087,20051024/PORTOR,Final,2005-10-25,01:00,1610612761,TOR,98,1610612757,POR,105,,,,False
2005-2006,2006,0010500088,20051024/ATLMIA,Final,2005-10-25,01:00,1610612748,MIA,84,1610612737,ATL,83,,,,False
2005-2006,2006,0010500089,20051024/ORLMEM,Final,2005-10-25,02:00,1610612763,MEM,65,1610612753,ORL,67,,,,False
2005-2006,2006,0010500091,20051024/LACGSW,Final,2005-10-25,03:30,1610612744,GSW,82,1610612746,LAC,112,,,,False
2005-2006,2006,0010500094,20051025/MEMCHI,Final,2005-10-26,02:30,1610612741,CHI,88,1610612763,MEM,95,,,,False
2005-2006,2006,0010500096,20051025/MILDAL,Final,2005-10-26,02:30,1610612742,DAL,94,1610612749,MIL,86,,,,False
2005-2006,2006,0010500097,20051025/INDSAS,Final,2005-10-26,02:30,1610612759,SAS,86,1610612754,IND,97,,,,False
2005-2006,2006,0010500092,20051025/NYKPHI,Final,2005-10-26,01:00,1610612755,PHI,71,1610612752,NYK,80,,,,False
2005-2006,2006,0010500093,20051025/BOSNJN,Final/OT,2005-10-26,01:30,1610612751,NJN,118,1610612738,BOS,116,,,,False
2005-2006,2006,0010500095,20051025/MIANOK,Final,2005-10-26,02:30,1610612740,NOK,111,1610612748,MIA,91,,,,False
2005-2006,2006,0010500098,20051025/UTALAL,Final,2005-10-26,04:30,1610612747,LAL,95,1610612762,UTA,71,,,,False
2005-2006,2006,0010500103,20051026/CLEBOS,Final,2005-10-27,01:30,1610612738,BOS,101,1610612739,CLE,100,,,,False
2005-2006,2006,0010500104,20051026/INDCHA,Final,2005-10-27,01:30,1610612766,CHA,109,1610612754,IND,103,,,,False
2005-2006,2006,0010500099,20051026/CHIMIN,Final,2005-10-27,02:00,1610612750,MIN,100,1610612741,CHI,92,,,,False
2005-2006,2006,0010500105,20051026/UTAHOU,Final,2005-10-27,02:30,1610612745,HOU,88,1610612762,UTA,80,,,,False
2005-2006,2006,0010500100,20051026/MILDEN,Final,2005-10-27,03:00,1610612743,DEN,118,1610612749,MIL,115,,,,False
2005-2006,2006,0010500101,20051026/SACPHX,Final,2005-10-27,04:00,1610612756,PHX,112,1610612758,SAC,102,,,,False
2005-2006,2006,0010500102,20051026/TORPOR,Final,2005-10-27,04:00,1610612757,POR,78,1610612761,TOR,100,,,,False
2005-2006,2006,0010500107,20051027/MIAORL,8:00 pm ET,2005-10-28,01:30,1610612753,ORL,0,1610612748,MIA,0,,,,False
2005-2006,2006,0010500110,20051027/HOUNOK,8:00 pm ET,2005-10-28,02:00,1610612740,NOK,0,1610612745,HOU,0,,,,False
2005-2006,2006,0010500109,20051027/DETDAL,Final,2005-10-28,02:30,1610612742,DAL,103,1610612765,DET,97,,,,False
2005-2006,2006,0010500111,20051027/PHISAS,8:00 pm ET,2005-10-28,02:30,1610612759,SAS,0,1610612755,PHI,0,,,,False
2005-2006,2006,0010500106,20051027/GSWPHX,Final,2005-10-28,04:30,1610612756,PHX,97,1610612744,GSW,92,,,,False
2005-2006,2006,0010500112,20051027/SEALAC,8:00 pm ET,2005-10-28,04:30,1610612746,LAC,0,1610612760,SEA,0,,,,False
2005-2006,2006,0010500118,20051028/NJNNYK,Final,2005-10-29,01:30,1610612752,NYK,86,1610612751,NJN,91,,,,False
2005-2006,2006,0010500114,20051028/WASIND,Final,2005-10-29,02:00,1610612754,IND,77,1610612764,WAS,85,,,,False
2005-2006,2006,0010500116,20051028/DENUTA,Final,2005-10-29,03:00,1610612762,UTA,83,1610612743,DEN,89,,,,False
2005-2006,2006,0010500119,20051028/SACLAL,Final,2005-10-29,04:00,1610612747,LAL,105,1610612758,SAC,103,,,,False
2005-2006,2006,0010500121,20051028/DETMIN,Final,2005-10-29,02:00,1610612750,MIN,96,1610612765,DET,92,,,,False
2005-2006,2006,0010500117,20051028/PORSEA,Final,2005-10-29,04:00,1610612760,SEA,96,1610612757,POR,85,,,,False
2005-2006,2006,0010500113,20051028/NOKATL,Final,2005-10-29,01:00,1610612737,ATL,104,1610612740,NOK,90,,,,False
2005-2006,2006,0020500001,20051101/MILPHI,Final/OT,2005-11-02,01:00,1610612755,PHI,108,1610612749,MIL,117,,,,False
2005-2006,2006,0020500025,20051101/SACNOK,Final,2005-11-02,02:00,1610612740,NOK,93,1610612758,SAC,67,,,,False
2005-2006,2006,0020500002,20051101/DENSAS,Final,2005-11-02,02:00,1610612759,SAS,102,1610612743,DEN,91,,,,False
2005-2006,2006,0020500003,20051101/DALPHX,Final/OT2,2005-11-02,04:30,1610612756,PHX,108,1610612742,DAL,111,,,,False
2005-2006,2006,0020500008,20051102/MILNJN,Final,2005-11-03,01:30,1610612751,NJN,96,1610612749,MIL,110,,,,False
2005-2006,2006,0020500009,20051102/PHIDET,Final,2005-11-03,02:00,1610612765,DET,108,1610612755,PHI,88,,,,False
2005-2006,2006,0020500004,20051102/WASTOR,Final,2005-11-03,01:00,1610612761,TOR,96,1610612764,WAS,99,,,,False
2005-2006,2006,0020500005,20051102/INDORL,Final,2005-11-03,01:00,1610612753,ORL,78,1610612754,IND,90,,,,False
2005-2006,2006,0020500006,20051102/NOKCLE,Final,2005-11-03,01:00,1610612739,CLE,109,1610612740,NOK,87,,,,False
2005-2006,2006,0020500007,20051102/NYKBOS,Final/OT,2005-11-03,01:30,1610612738,BOS,114,1610612752,NYK,100,,,,False
2005-2006,2006,0020500010,20051102/MIAMEM,Final,2005-11-03,02:00,1610612763,MEM,78,1610612748,MIA,97,,,,False
2005-2006,2006,0020500011,20051102/PORMIN,Final,2005-11-03,02:00,1610612750,MIN,90,1610612757,POR,86,,,,False
2005-2006,2006,0020500012,20051102/CHACHI,Final/OT,2005-11-03,02:30,1610612741,CHI,109,1610612766,CHA,105,,,,False
2005-2006,2006,0020500013,20051102/SACHOU,Final,2005-11-03,02:30,1610612745,HOU,98,1610612758,SAC,89,,,,False
2005-2006,2006,0020500014,20051102/DALUTA,Final,2005-11-03,03:00,1610612762,UTA,93,1610612742,DAL,82,,,,False
2005-2006,2006,0020500015,20051102/LACSEA,Final,2005-11-03,04:00,1610612760,SEA,93,1610612746,LAC,101,,,,False
2005-2006,2006,0020500016,20051102/LALDEN,Final/OT,2005-11-03,04:30,1610612743,DEN,97,1610612747,LAL,99,,,,False
2005-2006,2006,0020500017,20051102/ATLGSW,Final,2005-11-03,04:30,1610612744,GSW,122,1610612737,ATL,97,,,,False
2005-2006,2006,0020500018,20051103/INDMIA,Final,2005-11-04,02:00,1610612748,MIA,102,1610612754,IND,105,,,,False
2005-2006,2006,0020500019,20051103/PHXLAL,Final,2005-11-04,04:30,1610612747,LAL,112,1610612756,PHX,122,,,,False
2005-2006,2006,0020500020,20051104/NJNTOR,Final,2005-11-05,01:00,1610612761,TOR,92,1610612751,NJN,102,,,,False
2005-2006,2006,0020500021,20051104/CHAPHI,Final,2005-11-05,01:00,1610612755,PHI,93,1610612766,CHA,110,,,,False
2005-2006,2006,0020500022,20051104/MEMORL,Final,2005-11-05,01:00,1610612753,ORL,85,1610612763,MEM,94,,,,False
2005-2006,2006,0020500023,20051104/DETBOS,Final,2005-11-05,01:30,1610612738,BOS,81,1610612765,DET,82,,,,False
2005-2006,2006,0020500024,20051104/WASNYK,Final,2005-11-05,01:30,1610612752,NYK,75,1610612764,WAS,86,,,,False
2005-2006,2006,0020500026,20051104/CLESAS,Final,2005-11-05,02:00,1610612759,SAS,102,1610612739,CLE,76,,,,False
2005-2006,2006,0020500027,20051104/PORDEN,Final,2005-11-05,03:00,1610612743,DEN,107,1610612757,POR,68,,,,False
2005-2006,2006,0020500028,20051104/ATLLAC,Final,2005-11-05,04:30,1610612746,LAC,92,1610612737,ATL,77,,,,False
2005-2006,2006,0020500029,20051104/UTAGSW,Final,2005-11-05,04:30,1610612744,GSW,85,1610612762,UTA,91,,,,False
2005-2006,2006,0020500030,20051104/MINSEA,Final/OT,2005-11-05,04:30,1610612760,SEA,107,1610612750,MIN,102,,,,False
2005-2006,2006,0020500031,20051105/ORLWAS,Final,2005-11-06,01:00,1610612764,WAS,87,1610612753,ORL,79,,,,False
2005-2006,2006,0020500032,20051105/CHINJN,Final,2005-11-06,01:30,1610612751,NJN,100,1610612741,CHI,99,,,,False
2005-2006,2006,0020500033,20051105/BOSCHA,Final/OT,2005-11-06,01:30,1610612766,CHA,107,1610612738,BOS,105,,,,False
2005-2006,2006,0020500034,20051105/TORDET,Final,2005-11-06,01:30,1610612765,DET,117,1610612761,TOR,84,,,,False
2005-2006,2006,0020500035,20051105/PHIIND,Final,2005-11-06,02:00,1610612754,IND,109,1610612755,PHI,111,,,,False
2005-2006,2006,0020500036,20051105/CLEMEM,Final,2005-11-06,02:00,1610612763,MEM,113,1610612739,CLE,106,,,,False
2005-2006,2006,0020500037,20051105/MIAMIL,Final,2005-11-06,02:30,1610612749,MIL,105,1610612748,MIA,100,,,,False
2005-2006,2006,0020500038,20051105/NOKHOU,Final,2005-11-06,02:30,1610612745,HOU,84,1610612740,NOK,91,,,,False
2005-2006,2006,0020500039,20051105/SASDAL,Final,2005-11-06,02:30,1610612742,DAL,103,1610612759,SAS,84,,,,False
2005-2006,2006,0020500040,20051105/PHXUTA,Final,2005-11-06,03:00,1610612762,UTA,88,1610612756,PHX,97,,,,False
2005-2006,2006,0020500041,20051105/ATLPOR,Final,2005-11-06,04:00,1610612757,POR,94,1610612737,ATL,93,,,,False
2005-2006,2006,0020500042,20051105/MINLAC,Final/OT,2005-11-06,04:30,1610612746,LAC,100,1610612750,MIN,99,,,,False
2005-2006,2006,0020500043,20051106/GSWNYK,Final,2005-11-06,19:00,1610612752,NYK,81,1610612744,GSW,83,,,,False
2005-2006,2006,0020500044,20051106/SACPHX,Final,2005-11-07,02:00,1610612756,PHX,117,1610612758,SAC,118,,,,False
2005-2006,2006,0020500045,20051106/DENLAL,Final,2005-11-07,03:30,1610612747,LAL,112,1610612743,DEN,92,,,,False
2005-2006,2006,0020500050,20051107/SASCHI,Final/OT,2005-11-08,02:30,1610612741,CHI,95,1610612759,SAS,104,,,,False
2005-2006,2006,0020500046,20051107/CLETOR,Final,2005-11-08,01:00,1610612761,TOR,93,1610612739,CLE,105,,,,False
2005-2006,2006,0020500047,20051107/UTACHA,Final/OT,2005-11-08,01:30,1610612766,CHA,91,1610612762,UTA,95,,,,False
2005-2006,2006,0020500048,20051107/NJNMIA,Final,2005-11-08,01:30,1610612748,MIA,90,1610612751,NJN,89,,,,False
2005-2006,2006,0020500049,20051107/LACMIN,Final,2005-11-08,02:00,1610612750,MIN,93,1610612746,LAC,78,,,,False
2005-2006,2006,0020500051,20051108/LALATL,Final,2005-11-09,01:00,1610612737,ATL,97,1610612747,LAL,103,,,,False
2005-2006,2006,0020500052,20051108/GSWMIL,Final,2005-11-09,02:00,1610612749,MIL,103,1610612744,GSW,110,,,,False
2005-2006,2006,0020500053,20051108/SEAMEM,Final,2005-11-09,02:00,1610612763,MEM,94,1610612760,SEA,69,,,,False
2005-2006,2006,0020500054,20051108/ORLHOU,Final,2005-11-09,02:30,1610612745,HOU,74,1610612753,ORL,76,,,,False
2005-2006,2006,0020500055,20051108/DETSAC,Final,2005-11-09,04:00,1610612758,SAC,88,1610612765,DET,102,,,,False
2005-2006,2006,0020500056,20051109/DALPHI,Final,2005-11-10,01:00,1610612755,PHI,112,1610612742,DAL,97,,,,False
2005-2006,2006,0020500057,20051109/LACWAS,Final,2005-11-10,01:00,1610612764,WAS,97,1610612746,LAC,102,,,,False
2005-2006,2006,0020500058,20051109/SEACLE,Final,2005-11-10,01:00,1610612739,CLE,112,1610612760,SEA,85,,,,False
2005-2006,2006,0020500059,20051109/MEMBOS,Final,2005-11-10,01:30,1610612738,BOS,99,1610612763,MEM,98,,,,False
2005-2006,2006,0020500060,20051109/UTANJN,Final,2005-11-10,01:30,1610612751,NJN,91,1610612762,UTA,83,,,,False
2005-2006,2006,0020500061,20051109/SASCHA,Final,2005-11-10,01:30,1610612766,CHA,86,1610612759,SAS,94,,,,False
2005-2006,2006,0020500062,20051109/MIAIND,Final,2005-11-10,02:00,1610612754,IND,95,1610612748,MIA,90,,,,False
2005-2006,2006,0020500063,20051109/ORLNOK,Final,2005-11-10,02:00,1610612740,NOK,83,1610612753,ORL,88,,,,False
2005-2006,2006,0020500064,20051109/LALMIN,Final,2005-11-10,02:00,1610612750,MIN,88,1610612747,LAL,74,,,,False
2005-2006,2006,0020500065,20051109/GSWCHI,Final,2005-11-10,02:30,1610612741,CHI,85,1610612744,GSW,84,,,,False
2005-2006,2006,0020500066,20051109/NYKPOR,Final,2005-11-10,04:00,1610612757,POR,95,1610612752,NYK,83,,,,False
2005-2006,2006,0020500067,20051109/SACDEN,Final,2005-11-10,04:30,1610612743,DEN,107,1610612758,SAC,91,,,,False
2005-2006,2006,0020500069,20051110/HOUMIA,Final,2005-11-11,02:00,1610612748,MIA,88,1610612745,HOU,84,,,,False
2005-2006,2006,0020500068,20051110/LACATL,Final,2005-11-11,01:00,1610612737,ATL,95,1610612746,LAC,102,,,,False
2005-2006,2006,0020500070,20051110/DETPHX,Final,2005-11-11,04:30,1610612756,PHX,104,1610612765,DET,111,,,,False
2005-2006,2006,0020500072,20051111/SEAWAS,Final,2005-11-12,01:30,1610612764,WAS,137,1610612760,SEA,96,,,,False
2005-2006,2006,0020500079,20051111/NYKGSW,Final,2005-11-12,04:30,1610612744,GSW,86,1610612752,NYK,84,,,,False
2005-2006,2006,0020500071,20051111/UTATOR,Final,2005-11-12,01:00,1610612761,TOR,84,1610612762,UTA,99,,,,False
2005-2006,2006,0020500073,20051111/NJNIND,Final,2005-11-12,01:00,1610612754,IND,102,1610612751,NJN,90,,,,False
2005-2006,2006,0020500074,20051111/SASBOS,Final,2005-11-12,01:30,1610612738,BOS,82,1610612759,SAS,103,,,,False
2005-2006,2006,0020500075,20051111/DALCHA,Final,2005-11-12,01:30,1610612766,CHA,88,1610612742,DAL,98,,,,False
2005-2006,2006,0020500076,20051111/MEMCLE,Final,2005-11-12,01:30,1610612739,CLE,89,1610612763,MEM,70,,,,False
2005-2006,2006,0020500077,20051111/LALPHI,Final,2005-11-12,02:00,1610612755,PHI,85,1610612747,LAL,81,,,,False
2005-2006,2006,0020500078,20051111/DENSAC,Final,2005-11-12,04:00,1610612758,SAC,101,1610612743,DEN,85,,,,False
2005-2006,2006,0020500080,20051111/DETPOR,Final,2005-11-12,04:30,1610612757,POR,81,1610612765,DET,84,,,,False
2005-2006,2006,0020500081,20051112/SASWAS,Final,2005-11-13,01:00,1610612764,WAS,110,1610612759,SAS,95,,,,False
2005-2006,2006,0020500082,20051112/MEMATL,Final,2005-11-13,01:00,1610612737,ATL,84,1610612763,MEM,85,,,,False
2005-2006,2006,0020500083,20051112/CHAMIA,Final,2005-11-13,01:30,1610612748,MIA,108,1610612766,CHA,99,,,,False
2005-2006,2006,0020500084,20051112/HOUNJN,Final,2005-11-13,02:00,1610612751,NJN,91,1610612745,HOU,99,,,,False
2005-2006,2006,0020500085,20051112/DALNOK,Final,2005-11-13,02:00,1610612740,NOK,103,1610612742,DAL,109,,,,False
2005-2006,2006,0020500086,20051112/UTACHI,Final,2005-11-13,02:30,1610612741,CHI,103,1610612762,UTA,98,,,,False
2005-2006,2006,0020500087,20051112/INDMIL,Final,2005-11-13,02:30,1610612749,MIL,103,1610612754,IND,102,,,,False
2005-2006,2006,0020500088,20051112/GSWPHX,Final,2005-11-13,03:00,1610612756,PHX,101,1610612744,GSW,86,,,,False
2005-2006,2006,0020500090,20051113/HOUBOS,Final,2005-11-14,00:00,1610612738,BOS,102,1610612745,HOU,82,,,,False
2005-2006,2006,0020500089,20051113/SEATOR,Final/OT,2005-11-13,19:00,1610612761,TOR,121,1610612760,SEA,126,,,,False
2005-2006,2006,0020500091,20051113/LACPHI,Final,2005-11-14,00:00,1610612755,PHI,113,1610612746,LAC,108,,,,False
2005-2006,2006,0020500092,20051113/CLEORL,Final/OT,2005-11-14,00:00,1610612753,ORL,100,1610612739,CLE,108,,,,False
2005-2006,2006,0020500093,20051113/MINDEN,Final,2005-11-14,03:00,1610612743,DEN,102,1610612750,MIN,91,,,,False
2005-2006,2006,0020500094,20051113/NYKSAC,Final,2005-11-14,03:00,1610612758,SAC,95,1610612752,NYK,105,,,,False
2005-2006,2006,0020500095,20051114/LALMEM,Final,2005-11-15,02:00,1610612763,MEM,85,1610612747,LAL,73,,,,False
2005-2006,2006,0020500096,20051114/NYKUTA,Final,2005-11-15,03:00,1610612762,UTA,62,1610612752,NYK,73,,,,False
2005-2006,2006,0020500097,20051114/CHIGSW,Final,2005-11-15,04:30,1610612744,GSW,100,1610612741,CHI,82,,,,False
2005-2006,2006,0020500098,20051115/TORPHI,Final,2005-11-16,01:00,1610612755,PHI,104,1610612761,TOR,92,,,,False
2005-2006,2006,0020500099,20051115/CHAORL,Final,2005-11-16,01:00,1610612753,ORL,85,1610612766,CHA,77,,,,False
2005-2006,2006,0020500100,20051115/WASCLE,Final,2005-11-16,01:00,1610612739,CLE,114,1610612764,WAS,99,,,,False
2005-2006,2006,0020500101,20051115/SEANJN,Final,2005-11-16,01:30,1610612751,NJN,109,1610612760,SEA,99,,,,False
2005-2006,2006,0020500102,20051115/NOKMIA,Final/OT,2005-11-16,01:30,1610612748,MIA,109,1610612740,NOK,102,,,,False
2005-2006,2006,0020500103,20051115/BOSDET,Final,2005-11-16,01:30,1610612765,DET,115,1610612738,BOS,100,,,,False
2005-2006,2006,0020500104,20051115/HOUMIN,Final,2005-11-16,02:00,1610612750,MIN,89,1610612745,HOU,94,,,,False
2005-2006,2006,0020500105,20051115/DENDAL,Final,2005-11-16,02:30,1610612742,DAL,83,1610612743,DEN,80,,,,False
2005-2006,2006,0020500106,20051115/ATLSAS,Final,2005-11-16,02:30,1610612759,SAS,103,1610612737,ATL,79,,,,False
2005-2006,2006,0020500107,20051115/UTASAC,Final,2005-11-16,04:00,1610612758,SAC,119,1610612762,UTA,83,,,,False
2005-2006,2006,0020500108,20051115/MILLAC,Final,2005-11-16,04:30,1610612746,LAC,109,1610612749,MIL,85,,,,False
2005-2006,2006,0020500109,20051116/PHITOR,Final,2005-11-17,01:00,1610612761,TOR,115,1610612755,PHI,121,,,,False
2005-2006,2006,0020500110,20051116/SEABOS,Final,2005-11-17,01:30,1610612738,BOS,100,1610612760,SEA,113,,,,False
2005-2006,2006,0020500111,20051116/INDCHA,Final,2005-11-17,01:30,1610612766,CHA,122,1610612754,IND,90,,,,False
2005-2006,2006,0020500112,20051116/DENNOK,Final,2005-11-17,02:00,1610612740,NOK,81,1610612743,DEN,91,,,,False
2005-2006,2006,0020500113,20051116/MEMPHX,Final,2005-11-17,03:00,1610612756,PHX,103,1610612763,MEM,115,,,,False
2005-2006,2006,0020500114,20051116/NYKLAL,Final,2005-11-17,04:00,1610612747,LAL,97,1610612752,NYK,92,,,,False
2005-2006,2006,0020500115,20051116/CHIPOR,Final,2005-11-17,04:00,1610612757,POR,96,1610612741,CHI,93,,,,False
2005-2006,2006,0020500116,20051116/MILGSW,Final,2005-11-17,04:30,1610612744,GSW,87,1610612749,MIL,90,,,,False
2005-2006,2006,0020500118,20051117/ATLDAL,Final,2005-11-18,02:30,1610612742,DAL,87,1610612737,ATL,78,,,,False
2005-2006,2006,0020500119,20051117/WASMIN,Final,2005-11-18,01:00,1610612750,MIN,109,1610612764,WAS,98,,,,False
2005-2006,2006,0020500117,20051117/HOUSAS,Final,2005-11-18,03:30,1610612759,SAS,86,1610612745,HOU,80,,,,False
2005-2006,2006,0020500130,20051118/LACLAL,Final,2005-11-19,04:30,1610612747,LAL,91,1610612746,LAC,97,,,,False
2005-2006,2006,0020500120,20051118/ORLCLE,Final,2005-11-19,01:00,1610612739,CLE,102,1610612753,ORL,84,,,,False
2005-2006,2006,0020500121,20051118/CHAIND,Final,2005-11-19,01:00,1610612754,IND,93,1610612766,CHA,85,,,,False
2005-2006,2006,0020500122,20051118/TORBOS,Final,2005-11-19,01:30,1610612738,BOS,100,1610612761,TOR,93,,,,False
2005-2006,2006,0020500123,20051118/PHIMIA,Final,2005-11-19,01:30,1610612748,MIA,106,1610612755,PHI,96,,,,False
2005-2006,2006,0020500124,20051118/ATLNOK,Final,2005-11-19,02:00,1610612740,NOK,95,1610612737,ATL,92,,,,False
2005-2006,2006,0020500125,20051118/NYKDEN,Final,2005-11-19,03:00,1610612743,DEN,95,1610612752,NYK,86,,,,False
2005-2006,2006,0020500126,20051118/UTAPHX,Final,2005-11-19,03:00,1610612756,PHX,102,1610612762,UTA,94,,,,False
2005-2006,2006,0020500127,20051118/DETHOU,Final,2005-11-19,03:30,1610612745,HOU,70,1610612765,DET,78,,,,False
2005-2006,2006,0020500128,20051118/MILSAC,Final,2005-11-19,04:00,1610612758,SAC,103,1610612749,MIL,82,,,,False
2005-2006,2006,0020500129,20051118/GSWPOR,Final,2005-11-19,04:00,1610612757,POR,80,1610612744,GSW,91,,,,False
2005-2006,2006,0020500131,20051118/CHISEA,Final,2005-11-19,04:30,1610612760,SEA,98,1610612741,CHI,84,,,,False
2005-2006,2006,0020500132,20051119/CLEPHI,Final,2005-11-20,01:00,1610612755,PHI,120,1610612739,CLE,123,,,,False
2005-2006,2006,0020500133,20051119/NOKORL,Final,2005-11-20,01:00,1610612753,ORL,95,1610612740,NOK,98,,,,False
2005-2006,2006,0020500134,20051119/WASNJN,Final,2005-11-20,01:30,1610612751,NJN,89,1610612764,WAS,83,,,,False
2005-2006,2006,0020500135,20051119/CHAMIN,Final,2005-11-20,02:00,1610612750,MIN,102,1610612766,CHA,89,,,,False
2005-2006,2006,0020500136,20051119/DETDAL,Final,2005-11-20,02:30,1610612742,DAL,119,1610612765,DET,82,,,,False
2005-2006,2006,0020500137,20051119/PHXSAS,Final,2005-11-20,02:30,1610612759,SAS,97,1610612756,PHX,91,,,,False
2005-2006,2006,0020500138,20051119/MEMUTA,Final,2005-11-20,03:00,1610612762,UTA,72,1610612763,MEM,80,,,,False
2005-2006,2006,0020500139,20051120/PORNYK,Final,2005-11-20,18:00,1610612752,NYK,103,1610612757,POR,92,,,,False
2005-2006,2006,0020500140,20051120/MIATOR,Final,2005-11-20,19:00,1610612761,TOR,107,1610612748,MIA,94,,,,False
2005-2006,2006,0020500141,20051120/GSWLAC,Final,2005-11-20,21:30,1610612746,LAC,113,1610612744,GSW,101,,,,False
2005-2006,2006,0020500142,20051120/HOUIND,Final,2005-11-21,01:00,1610612754,IND,85,1610612745,HOU,74,,,,False
2005-2006,2006,0020500143,20051120/MEMDEN,Final,2005-11-21,03:00,1610612743,DEN,99,1610612763,MEM,83,,,,False
2005-2006,2006,0020500144,20051120/SACSEA,Final,2005-11-21,03:00,1610612760,SEA,106,1610612758,SAC,104,,,,False
2005-2006,2006,0020500145,20051120/CHILAL,Final,2005-11-21,03:30,1610612747,LAL,93,1610612741,CHI,96,,,,False
2005-2006,2006,0020500146,20051121/NOKPHI,Final,2005-11-22,01:00,1610612755,PHI,103,1610612740,NOK,91,,,,False
2005-2006,2006,0020500147,20051121/MILUTA,Final,2005-11-22,03:00,1610612762,UTA,100,1610612749,MIL,80,,,,False
2005-2006,2006,0020500148,20051121/SASSAC,Final,2005-11-22,04:00,1610612758,SAC,93,1610612759,SAS,96,,,,False
2005-2006,2006,0020500149,20051121/NJNGSW,Final,2005-11-22,04:30,1610612744,GSW,100,1610612751,NJN,97,,,,False
2005-2006,2006,0020500154,20051122/TORPHX,Final,2005-11-23,03:00,1610612756,PHX,90,1610612761,TOR,82,,,,False
2005-2006,2006,0020500150,20051122/DENWAS,Final,2005-11-23,01:00,1610612764,WAS,105,1610612743,DEN,108,,,,False
2005-2006,2006,0020500151,20051122/BOSCLE,Final,2005-11-23,01:00,1610612739,CLE,115,1610612738,BOS,93,,,,False
2005-2006,2006,0020500152,20051122/PORMEM,Final,2005-11-23,02:00,1610612763,MEM,87,1610612757,POR,95,,,,False
2005-2006,2006,0020500153,20051122/HOUDAL,Final,2005-11-23,02:30,1610612742,DAL,102,1610612745,HOU,93,,,,False
2005-2006,2006,0020500155,20051122/UTASEA,Final,2005-11-23,04:00,1610612760,SEA,87,1610612762,UTA,93,,,,False
2005-2006,2006,0020500156,20051123/BOSATL,Final,2005-11-24,01:00,1610612737,ATL,120,1610612738,BOS,117,,,,False
2005-2006,2006,0020500157,20051123/WASORL,Final,2005-11-24,01:00,1610612753,ORL,91,1610612764,WAS,83,,,,False
2005-2006,2006,0020500158,20051123/NYKCHA,Final,2005-11-24,01:30,1610612766,CHA,108,1610612752,NYK,95,,,,False
2005-2006,2006,0020500159,20051123/PORMIA,Final,2005-11-24,01:30,1610612748,MIA,100,1610612757,POR,79,,,,False
2005-2006,2006,0020500160,20051123/DENDET,Final,2005-11-24,01:30,1610612765,DET,114,1610612743,DEN,89,,,,False
2005-2006,2006,0020500161,20051123/PHXHOU,Final,2005-11-24,01:30,1610612745,HOU,88,1610612756,PHX,100,,,,False
2005-2006,2006,0020500162,20051123/PHIMIL,Final,2005-11-24,02:00,1610612749,MIL,108,1610612755,PHI,97,,,,False
2005-2006,2006,0020500163,20051123/MINNOK,Final,2005-11-24,02:00,1610612740,NOK,84,1610612750,MIN,80,,,,False
2005-2006,2006,0020500164,20051123/NJNSAC,Final,2005-11-24,04:00,1610612758,SAC,114,1610612751,NJN,105,,,,False
2005-2006,2006,0020500165,20051123/TORLAC,Final,2005-11-24,04:30,1610612746,LAC,103,1610612761,TOR,100,,,,False
2005-2006,2006,0020500166,20051123/SASGSW,Final,2005-11-24,04:30,1610612744,GSW,89,1610612759,SAS,113,,,,False
2005-2006,2006,0020500167,20051124/CLEIND,Final,2005-11-25,02:00,1610612754,IND,98,1610612739,CLE,76,,,,False
2005-2006,2006,0020500168,20051124/SEALAL,Final,2005-11-25,04:30,1610612747,LAL,108,1610612760,SEA,96,,,,False
2005-2006,2006,0020500179,20051125/TORSAC,Final,2005-11-26,04:00,1610612758,SAC,106,1610612761,TOR,104,,,,False
2005-2006,2006,0020500169,20051125/PORORL,Final,2005-11-26,01:00,1610612753,ORL,104,1610612757,POR,89,,,,False
2005-2006,2006,0020500171,20051125/CHABOS,Final,2005-11-26,01:30,1610612738,BOS,90,1610612766,CHA,89,,,,False
2005-2006,2006,0020500170,20051125/ATLIND,Final,2005-11-26,02:00,1610612754,IND,85,1610612737,ATL,87,,,,False
2005-2006,2006,0020500172,20051125/DALMIA,Final,2005-11-26,02:00,1610612748,MIA,90,1610612742,DAL,103,,,,False
2005-2006,2006,0020500173,20051125/WASDET,Final/OT2,2005-11-26,02:00,1610612765,DET,114,1610612764,WAS,120,,,,False
2005-2006,2006,0020500174,20051125/HOUMEM,Final,2005-11-26,02:00,1610612763,MEM,86,1610612745,HOU,81,,,,False
2005-2006,2006,0020500175,20051125/MILMIN,Final,2005-11-26,02:00,1610612750,MIN,99,1610612749,MIL,91,,,,False
2005-2006,2006,0020500176,20051125/CHISAS,Final,2005-11-26,02:30,1610612759,SAS,99,1610612741,CHI,106,,,,False
2005-2006,2006,0020500177,20051125/LACDEN,Final,2005-11-26,03:00,1610612743,DEN,105,1610612746,LAC,95,,,,False
2005-2006,2006,0020500178,20051125/GSWUTA,Final,2005-11-26,03:00,1610612762,UTA,90,1610612744,GSW,94,,,,False
2005-2006,2006,0020500180,20051125/NJNPHX,Final,2005-11-26,04:30,1610612756,PHX,92,1610612751,NJN,81,,,,False
2005-2006,2006,0020500189,20051126/TORGSW,Final,2005-11-27,04:30,1610612744,GSW,117,1610612761,TOR,91,,,,False
2005-2006,2006,0020500182,20051126/PHINYK,Final/OT,2005-11-26,18:30,1610612752,NYK,105,1610612755,PHI,102,,,,False
2005-2006,2006,0020500181,20051126/NOKSEA,Final,2005-11-26,21:30,1610612760,SEA,99,1610612740,NOK,105,,,,False
2005-2006,2006,0020500183,20051126/MIAORL,Final,2005-11-27,01:00,1610612753,ORL,80,1610612748,MIA,77,,,,False
2005-2006,2006,0020500184,20051126/WASCHA,Final,2005-11-27,01:30,1610612766,CHA,100,1610612764,WAS,82,,,,False
2005-2006,2006,0020500185,20051126/MINCLE,Final,2005-11-27,01:30,1610612739,CLE,85,1610612750,MIN,89,,,,False
2005-2006,2006,0020500186,20051126/CHIHOU,Final,2005-11-27,02:30,1610612745,HOU,89,1610612741,CHI,94,,,,False
2005-2006,2006,0020500187,20051126/MEMDAL,Final,2005-11-27,02:30,1610612742,DAL,92,1610612763,MEM,112,,,,False
2005-2006,2006,0020500188,20051126/DETMIL,Final,2005-11-27,03:00,1610612749,MIL,76,1610612765,DET,85,,,,False
2005-2006,2006,0020500191,20051127/INDLAC,Final,2005-11-27,21:30,1610612746,LAC,92,1610612754,IND,97,,,,False
2005-2006,2006,0020500190,20051127/PORATL,Final,2005-11-27,20:00,1610612737,ATL,75,1610612757,POR,77,,,,False
2005-2006,2006,0020500192,20051127/NJNLAL,Final/OT,2005-11-28,03:30,1610612747,LAL,96,1610612751,NJN,102,,,,False
2005-2006,2006,0020500193,20051128/DALTOR,Final,2005-11-29,01:00,1610612761,TOR,91,1610612742,DAL,93,,,,False
2005-2006,2006,0020500194,20051128/ORLBOS,Final,2005-11-29,01:30,1610612738,BOS,83,1610612753,ORL,87,,,,False
2005-2006,2006,0020500195,20051128/NYKMIA,Final,2005-11-29,01:30,1610612748,MIA,107,1610612752,NYK,94,,,,False
2005-2006,2006,0020500196,20051128/NJNDEN,Final,2005-11-29,03:00,1610612743,DEN,92,1610612751,NJN,101,,,,False
2005-2006,2006,0020500197,20051128/NOKGSW,Final,2005-11-29,04:30,1610612744,GSW,99,1610612740,NOK,83,,,,False
2005-2006,2006,0020500198,20051129/PORPHI,Final,2005-11-30,01:00,1610612755,PHI,107,1610612757,POR,83,,,,False
2005-2006,2006,0020500199,20051129/DALMIL,Final/OT,2005-11-30,02:00,1610612749,MIL,113,1610612742,DAL,111,,,,False
2005-2006,2006,0020500200,20051129/LACMIN,Final,2005-11-30,02:00,1610612750,MIN,84,1610612746,LAC,93,,,,False
2005-2006,2006,0020500201,20051129/ORLCHI,Final,2005-11-30,02:30,1610612741,CHI,85,1610612753,ORL,76,,,,False
2005-2006,2006,0020500202,20051129/ATLHOU,Final,2005-11-30,02:30,1610612745,HOU,100,1610612737,ATL,85,,,,False
2005-2006,2006,0020500203,20051129/LALSAS,Final,2005-11-30,02:30,1610612759,SAS,90,1610612747,LAL,84,,,,False
2005-2006,2006,0020500204,20051129/INDUTA,Final,2005-11-30,03:00,1610612762,UTA,60,1610612754,IND,84,,,,False
2005-2006,2006,0020500205,20051129/CHASAC,Final,2005-11-30,04:00,1610612758,SAC,110,1610612766,CHA,92,,,,False
2005-2006,2006,0020500214,20051130/INDPHX,Final,2005-12-01,03:00,1610612756,PHX,109,1610612754,IND,91,,,,False
2005-2006,2006,0020500216,20051130/SACGSW,Final,2005-12-01,04:30,1610612744,GSW,113,1610612758,SAC,106,,,,False
2005-2006,2006,0020500206,20051130/MEMTOR,Final,2005-12-01,01:00,1610612761,TOR,66,1610612763,MEM,92,,,,False
2005-2006,2006,0020500207,20051130/PORWAS,Final,2005-12-01,01:00,1610612764,WAS,96,1610612757,POR,89,,,,False
2005-2006,2006,0020500208,20051130/MIAATL,Final,2005-12-01,01:00,1610612737,ATL,74,1610612748,MIA,96,,,,False
2005-2006,2006,0020500209,20051130/LACCLE,Final/OT,2005-12-01,01:00,1610612739,CLE,112,1610612746,LAC,105,,,,False
2005-2006,2006,0020500210,20051130/PHIBOS,Final,2005-12-01,01:30,1610612738,BOS,110,1610612755,PHI,103,,,,False
2005-2006,2006,0020500211,20051130/DETNJN,Final,2005-12-01,01:30,1610612751,NJN,83,1610612765,DET,93,,,,False
2005-2006,2006,0020500212,20051130/CHINYK,Final,2005-12-01,01:30,1610612752,NYK,109,1610612741,CHI,101,,,,False
2005-2006,2006,0020500213,20051130/NOKDEN,Final,2005-12-01,03:00,1610612743,DEN,95,1610612740,NOK,102,,,,False
2005-2006,2006,0020500215,20051130/CHASEA,Final,2005-12-01,04:00,1610612760,SEA,104,1610612766,CHA,94,,,,False
2005-2006,2006,0020500217,20051201/SASDAL,Final,2005-12-02,02:00,1610612742,DAL,90,1610612759,SAS,92,,,,False
2005-2006,2006,0020500218,20051201/LALUTA,Final/OT,2005-12-02,04:30,1610612762,UTA,101,1610612747,LAL,105,,,,False
2005-2006,2006,0020500224,20051202/PHINOK,Final,2005-12-03,02:00,1610612740,NOK,88,1610612755,PHI,86,,,,False
2005-2006,2006,0020500219,20051202/MILWAS,Final,2005-12-03,01:00,1610612764,WAS,102,1610612749,MIL,105,,,,False
2005-2006,2006,0020500220,20051202/TORATL,Final,2005-12-03,01:00,1610612737,ATL,101,1610612761,TOR,102,,,,False
2005-2006,2006,0020500221,20051202/CHIBOS,Final,2005-12-03,01:30,1610612738,BOS,102,1610612741,CHI,106,,,,False
2005-2006,2006,0020500222,20051202/NYKDET,Final,2005-12-03,02:00,1610612765,DET,106,1610612752,NYK,98,,,,False
2005-2006,2006,0020500223,20051202/ORLMEM,Final,2005-12-03,02:00,1610612763,MEM,91,1610612753,ORL,69,,,,False
2005-2006,2006,0020500225,20051202/DENPHX,Final,2005-12-03,03:00,1610612756,PHX,102,1610612743,DEN,97,,,,False
2005-2006,2006,0020500226,20051202/MIASAC,Final,2005-12-03,04:00,1610612758,SAC,87,1610612748,MIA,98,,,,False
2005-2006,2006,0020500227,20051202/INDPOR,Final,2005-12-03,04:00,1610612757,POR,78,1610612754,IND,98,,,,False
2005-2006,2006,0020500228,20051202/MINLAL,Final,2005-12-03,04:30,1610612747,LAL,108,1610612750,MIN,113,,,,False
2005-2006,2006,0020500229,20051202/CHAGSW,Final,2005-12-03,04:30,1610612744,GSW,107,1610612766,CHA,100,,,,False
2005-2006,2006,0020500230,20051202/CLESEA,Final,2005-12-03,04:30,1610612760,SEA,115,1610612739,CLE,108,,,,False
2005-2006,2006,0020500234,20051203/MEMHOU,Final,2005-12-04,02:30,1610612745,HOU,75,1610612763,MEM,90,,,,False
2005-2006,2006,0020500231,20051203/TORNJN,Final,2005-12-04,02:00,1610612751,NJN,82,1610612761,TOR,95,,,,False
2005-2006,2006,0020500232,20051203/DETCHI,Final,2005-12-04,02:30,1610612741,CHI,79,1610612765,DET,92,,,,False
2005-2006,2006,0020500233,20051203/ORLMIL,Final,2005-12-04,02:30,1610612749,MIL,104,1610612753,ORL,84,,,,False
2005-2006,2006,0020500235,20051203/NOKDAL,Final,2005-12-04,02:30,1610612742,DAL,97,1610612740,NOK,88,,,,False
2005-2006,2006,0020500236,20051203/PHISAS,Final,2005-12-04,02:30,1610612759,SAS,100,1610612755,PHI,91,,,,False
2005-2006,2006,0020500237,20051203/MIADEN,Final,2005-12-04,03:00,1610612743,DEN,101,1610612748,MIA,99,,,,False
2005-2006,2006,0020500238,20051203/CLELAC,Final,2005-12-04,04:30,1610612746,LAC,102,1610612739,CLE,90,,,,False
2005-2006,2006,0020500239,20051204/BOSNYK,Final,2005-12-04,19:00,1610612752,NYK,99,1610612738,BOS,102,,,,False
2005-2006,2006,0020500240,20051204/ATLPHX,Final,2005-12-05,02:00,1610612756,PHX,112,1610612737,ATL,94,,,,False
2005-2006,2006,0020500243,20051204/INDSEA,Final,2005-12-05,02:00,1610612760,SEA,107,1610612754,IND,102,,,,False
2005-2006,2006,0020500241,20051204/MINSAC,Final,2005-12-05,03:00,1610612758,SAC,77,1610612750,MIN,85,,,,False
2005-2006,2006,0020500242,20051204/UTAPOR,Final,2005-12-05,03:00,1610612757,POR,93,1610612762,UTA,98,,,,False
2005-2006,2006,0020500244,20051204/CHALAL,Final,2005-12-05,03:30,1610612747,LAL,99,1610612766,CHA,98,,,,False
2005-2006,2006,0020500246,20051205/DALCHI,Final,2005-12-06,02:30,1610612741,CHI,94,1610612742,DAL,102,,,,False
2005-2006,2006,0020500245,20051205/SASORL,Final,2005-12-06,01:00,1610612753,ORL,85,1610612759,SAS,110,,,,False
2005-2006,2006,0020500247,20051205/MINUTA,Final,2005-12-06,03:00,1610612762,UTA,77,1610612750,MIN,91,,,,False
2005-2006,2006,0020500248,20051205/MIALAC,Final,2005-12-06,04:30,1610612746,LAC,99,1610612748,MIA,89,,,,False
2005-2006,2006,0020500249,20051206/TORWAS,Final/OT,2005-12-07,01:00,1610612764,WAS,119,1610612761,TOR,111,,,,False
2005-2006,2006,0020500250,20051206/DALIND,Final,2005-12-07,01:00,1610612754,IND,75,1610612742,DAL,84,,,,False
2005-2006,2006,0020500251,20051206/LALMIL,Final,2005-12-07,02:00,1610612749,MIL,92,1610612747,LAL,111,,,,False
2005-2006,2006,0020500252,20051206/NOKMEM,Final,2005-12-07,02:00,1610612763,MEM,89,1610612740,NOK,73,,,,False
2005-2006,2006,0020500253,20051206/BOSHOU,Final,2005-12-07,02:30,1610612745,HOU,91,1610612738,BOS,73,,,,False
2005-2006,2006,0020500254,20051206/ATLDEN,Final,2005-12-07,03:00,1610612743,DEN,125,1610612737,ATL,116,,,,False
2005-2006,2006,0020500255,20051206/PORPHX,Final,2005-12-07,03:00,1610612756,PHX,130,1610612757,POR,85,,,,False
2005-2006,2006,0020500256,20051206/CLESAC,Final,2005-12-07,04:00,1610612758,SAC,97,1610612739,CLE,102,,,,False
2005-2006,2006,0020500257,20051206/NYKSEA,Final,2005-12-07,04:00,1610612760,SEA,101,1610612752,NYK,104,,,,False
2005-2006,2006,0020500262,20051207/BOSNOK,Final,2005-12-08,02:00,1610612740,NOK,87,1610612738,BOS,101,,,,False
2005-2006,2006,0020500259,20051207/MILPHI,Final,2005-12-08,01:00,1610612755,PHI,85,1610612749,MIL,88,,,,False
2005-2006,2006,0020500266,20051207/NYKLAC,Final,2005-12-08,04:30,1610612746,LAC,84,1610612752,NYK,79,,,,False
2005-2006,2006,0020500258,20051207/LALTOR,Final,2005-12-08,01:00,1610612761,TOR,91,1610612747,LAL,102,,,,False
2005-2006,2006,0020500260,20051207/CHIORL,Final,2005-12-08,01:00,1610612753,ORL,93,1610612741,CHI,102,,,,False
2005-2006,2006,0020500261,20051207/NJNCHA,Final,2005-12-08,01:30,1610612766,CHA,84,1610612751,NJN,97,,,,False
2005-2006,2006,0020500263,20051207/MIASAS,Final,2005-12-08,03:00,1610612759,SAS,98,1610612748,MIA,84,,,,False
2005-2006,2006,0020500264,20051207/ATLUTA,Final,2005-12-08,03:00,1610612762,UTA,95,1610612737,ATL,83,,,,False
2005-2006,2006,0020500265,20051207/MINPOR,Final,2005-12-08,04:00,1610612757,POR,74,1610612750,MIN,84,,,,False
2005-2006,2006,0020500267,20051207/PHXGSW,Final,2005-12-08,04:30,1610612744,GSW,110,1610612756,PHX,118,,,,False
2005-2006,2006,0020500268,20051208/WASIND,Final,2005-12-09,02:00,1610612754,IND,111,1610612764,WAS,87,,,,False
2005-2006,2006,0020500269,20051208/HOUSAC,Final,2005-12-09,04:30,1610612758,SAC,95,1610612745,HOU,106,,,,False
2005-2006,2006,0020500272,20051209/NJNCLE,Final,2005-12-10,01:30,1610612739,CLE,100,1610612751,NJN,109,,,,False
2005-2006,2006,0020500278,20051209/NOKPOR,Final/OT,2005-12-10,04:00,1610612757,POR,98,1610612740,NOK,95,,,,False
2005-2006,2006,0020500270,20051209/CHAPHI,Final,2005-12-10,01:00,1610612755,PHI,119,1610612766,CHA,115,,,,False
2005-2006,2006,0020500271,20051209/DENMIA,Final,2005-12-10,01:30,1610612748,MIA,92,1610612743,DEN,100,,,,False
2005-2006,2006,0020500273,20051209/DALMEM,Final,2005-12-10,02:00,1610612763,MEM,83,1610612742,DAL,90,,,,False
2005-2006,2006,0020500274,20051209/LALCHI,Final,2005-12-10,02:30,1610612741,CHI,80,1610612747,LAL,93,,,,False
2005-2006,2006,0020500275,20051209/BOSSAS,Final,2005-12-10,02:30,1610612759,SAS,101,1610612738,BOS,89,,,,False
2005-2006,2006,0020500276,20051209/SEAUTA,Final,2005-12-10,03:00,1610612762,UTA,90,1610612760,SEA,106,,,,False
2005-2006,2006,0020500277,20051209/NYKPHX,Final,2005-12-10,04:00,1610612756,PHX,85,1610612752,NYK,81,,,,False
2005-2006,2006,0020500279,20051209/DETGSW,Final,2005-12-10,04:30,1610612744,GSW,103,1610612765,DET,106,,,,False
2005-2006,2006,0020500280,20051210/CHIWAS,Final,2005-12-11,01:00,1610612764,WAS,111,1610612741,CHI,118,,,,False
2005-2006,2006,0020500281,20051210/SASATL,Final,2005-12-11,01:00,1610612737,ATL,94,1610612759,SAS,84,,,,False
2005-2006,2006,0020500282,20051210/DENORL,Final,2005-12-11,01:00,1610612753,ORL,94,1610612743,DEN,83,,,,False
2005-2006,2006,0020500290,20051210/PHXLAC,Final,2005-12-11,04:30,1610612746,LAC,101,1610612756,PHX,91,,,,False
2005-2006,2006,0020500283,20051210/PHINJN,Final,2005-12-11,01:30,1610612751,NJN,95,1610612755,PHI,107,,,,False
2005-2006,2006,0020500284,20051210/TORCHA,Final,2005-12-11,01:30,1610612766,CHA,103,1610612761,TOR,111,,,,False
2005-2006,2006,0020500285,20051210/MEMIND,Final,2005-12-11,02:00,1610612754,IND,80,1610612763,MEM,66,,,,False
2005-2006,2006,0020500286,20051210/LALMIN,Final,2005-12-11,02:00,1610612750,MIN,95,1610612747,LAL,82,,,,False
2005-2006,2006,0020500287,20051210/CLEMIL,Final,2005-12-11,02:30,1610612749,MIL,111,1610612739,CLE,106,,,,False
2005-2006,2006,0020500288,20051210/BOSDAL,Final,2005-12-11,02:30,1610612742,DAL,103,1610612738,BOS,94,,,,False
2005-2006,2006,0020500289,20051210/SACSEA,Final,2005-12-11,04:00,1610612760,SEA,104,1610612758,SAC,123,,,,False
2005-2006,2006,0020500291,20051211/WASMIA,Final/OT,2005-12-12,00:00,1610612748,MIA,104,1610612764,WAS,101,,,,False
2005-2006,2006,0020500292,20051211/DETLAC,Final,2005-12-12,03:00,1610612746,LAC,101,1610612765,DET,109,,,,False
2005-2006,2006,0020500293,20051211/NOKSAC,Final,2005-12-12,03:00,1610612758,SAC,110,1610612740,NOK,100,,,,False
2005-2006,2006,0020500294,20051211/HOUPOR,Final,2005-12-12,03:00,1610612757,POR,86,1610612745,HOU,100,,,,False
2005-2006,2006,0020500295,20051212/MINPHI,Final/OT,2005-12-13,01:00,1610612755,PHI,90,1610612750,MIN,89,,,,False
2005-2006,2006,0020500296,20051212/MILNYK,Final,2005-12-13,01:30,1610612752,NYK,92,1610612749,MIL,112,,,,False
2005-2006,2006,0020500297,20051212/LALDAL,Final,2005-12-13,02:30,1610612742,DAL,106,1610612747,LAL,109,,,,False
2005-2006,2006,0020500298,20051212/DETUTA,Final,2005-12-13,03:00,1610612762,UTA,92,1610612765,DET,78,,,,False
2005-2006,2006,0020500299,20051212/NOKPHX,Final,2005-12-13,03:00,1610612756,PHX,87,1610612740,NOK,91,,,,False
2005-2006,2006,0020500305,20051213/LACSAS,Final/OT,2005-12-14,02:30,1610612759,SAS,95,1610612746,LAC,87,,,,False
2005-2006,2006,0020500300,20051213/NJNWAS,Final,2005-12-14,01:00,1610612764,WAS,94,1610612751,NJN,74,,,,False
2005-2006,2006,0020500301,20051213/ATLCLE,Final,2005-12-14,01:00,1610612739,CLE,94,1610612737,ATL,100,,,,False
2005-2006,2006,0020500302,20051213/DENCHA,Final,2005-12-14,01:30,1610612766,CHA,85,1610612743,DEN,101,,,,False
2005-2006,2006,0020500303,20051213/SACMIN,Final,2005-12-14,02:00,1610612750,MIN,91,1610612758,SAC,93,,,,False
2005-2006,2006,0020500304,20051213/MIACHI,Final,2005-12-14,02:30,1610612741,CHI,97,1610612748,MIA,100,,,,False
2005-2006,2006,0020500306,20051213/GSWSEA,Final/OT,2005-12-14,04:00,1610612760,SEA,107,1610612744,GSW,110,,,,False
2005-2006,2006,0020500312,20051214/SACDET,Final,2005-12-15,01:30,1610612765,DET,109,1610612758,SAC,98,,,,False
2005-2006,2006,0020500307,20051214/CHITOR,Final,2005-12-15,01:00,1610612761,TOR,94,1610612741,CHI,105,,,,False
2005-2006,2006,0020500308,20051214/ATLPHI,Final,2005-12-15,01:00,1610612755,PHI,106,1610612737,ATL,101,,,,False
2005-2006,2006,0020500309,20051214/INDBOS,Final,2005-12-15,01:30,1610612738,BOS,85,1610612754,IND,71,,,,False
2005-2006,2006,0020500310,20051214/CHANJN,Final,2005-12-15,01:30,1610612751,NJN,83,1610612766,CHA,91,,,,False
2005-2006,2006,0020500311,20051214/ORLNYK,Final,2005-12-15,01:30,1610612752,NYK,90,1610612753,ORL,105,,,,False
2005-2006,2006,0020500313,20051214/MIAMIL,Final,2005-12-15,02:00,1610612749,MIL,83,1610612748,MIA,100,,,,False
2005-2006,2006,0020500314,20051214/LALMEM,Final,2005-12-15,02:00,1610612763,MEM,79,1610612747,LAL,94,,,,False
2005-2006,2006,0020500315,20051214/LACNOK,Final,2005-12-15,02:00,1610612740,NOK,102,1610612746,LAC,89,,,,False
2005-2006,2006,0020500316,20051214/PHXDAL,Final,2005-12-15,02:00,1610612742,DAL,102,1610612756,PHX,96,,,,False
2005-2006,2006,0020500317,20051214/PORUTA,Final,2005-12-15,03:00,1610612762,UTA,82,1610612757,POR,77,,,,False
2005-2006,2006,0020500318,20051214/HOUGSW,Final/OT,2005-12-15,04:30,1610612744,GSW,105,1610612745,HOU,111,,,,False
2005-2006,2006,0020500319,20051215/DENCLE,Final,2005-12-16,02:00,1610612739,CLE,94,1610612743,DEN,85,,,,False
2005-2006,2006,0020500320,20051215/SASMIN,Final,2005-12-16,02:00,1610612750,MIN,88,1610612759,SAS,90,,,,False
2005-2006,2006,0020500321,20051215/HOUSEA,Final,2005-12-16,04:30,1610612760,SEA,98,1610612745,HOU,104,,,,False
2005-2006,2006,0020500327,20051216/DENNJN,Final/OT,2005-12-17,01:30,1610612751,NJN,115,1610612743,DEN,106,,,,False
2005-2006,2006,0020500332,20051216/WASLAL,Final,2005-12-17,04:30,1610612747,LAL,97,1610612764,WAS,91,,,,False
2005-2006,2006,0020500322,20051216/GSWTOR,Final,2005-12-17,01:00,1610612761,TOR,98,1610612744,GSW,108,,,,False
2005-2006,2006,0020500323,20051216/MIAPHI,Final,2005-12-17,02:00,1610612755,PHI,105,1610612748,MIA,112,,,,False
2005-2006,2006,0020500324,20051216/NYKATL,Final,2005-12-17,01:00,1610612737,ATL,122,1610612752,NYK,111,,,,False
2005-2006,2006,0020500325,20051216/UTAIND,Final,2005-12-17,01:00,1610612754,IND,93,1610612762,UTA,83,,,,False
2005-2006,2006,0020500326,20051216/MILBOS,Final,2005-12-17,01:30,1610612738,BOS,96,1610612749,MIL,100,,,,False
2005-2006,2006,0020500328,20051216/CHIDET,Final,2005-12-17,02:00,1610612765,DET,110,1610612741,CHI,82,,,,False
2005-2006,2006,0020500329,20051216/PHXNOK,Final,2005-12-17,02:00,1610612740,NOK,88,1610612756,PHX,101,,,,False
2005-2006,2006,0020500330,20051216/ORLDAL,Final/OT,2005-12-17,02:30,1610612742,DAL,109,1610612753,ORL,103,,,,False
2005-2006,2006,0020500331,20051216/SEAPOR,Final,2005-12-17,04:00,1610612757,POR,99,1610612760,SEA,111,,,,False
2005-2006,2006,0020500335,20051217/DETCHA,Final,2005-12-18,01:30,1610612766,CHA,78,1610612765,DET,103,,,,False
2005-2006,2006,0020500333,20051217/HOULAC,Final,2005-12-17,21:30,1610612746,LAC,89,1610612745,HOU,81,,,,False
2005-2006,2006,0020500334,20051217/INDNYK,Final,2005-12-18,01:30,1610612752,NYK,96,1610612754,IND,102,,,,False
2005-2006,2006,0020500336,20051217/MIACLE,Final,2005-12-18,01:30,1610612739,CLE,115,1610612748,MIA,107,,,,False
2005-2006,2006,0020500337,20051217/PHXMEM,Final,2005-12-18,02:00,1610612763,MEM,91,1610612756,PHX,87,,,,False
2005-2006,2006,0020500338,20051217/BOSCHI,Final,2005-12-18,02:30,1610612741,CHI,118,1610612738,BOS,86,,,,False
2005-2006,2006,0020500339,20051217/UTAMIL,Final,2005-12-18,02:30,1610612749,MIL,80,1610612762,UTA,88,,,,False
2005-2006,2006,0020500340,20051217/SACSAS,Final,2005-12-18,02:30,1610612759,SAS,90,1610612758,SAC,89,,,,False
2005-2006,2006,0020500341,20051218/PHITOR,Final,2005-12-18,19:00,1610612761,TOR,80,1610612755,PHI,107,,,,False
2005-2006,2006,0020500342,20051218/DENATL,Final/OT,2005-12-18,20:00,1610612737,ATL,110,1610612743,DEN,107,,,,False
2005-2006,2006,0020500343,20051218/GSWNJN,Final,2005-12-19,00:00,1610612751,NJN,118,1610612744,GSW,90,,,,False
2005-2006,2006,0020500795,20051218/SASNOK,Final,2005-12-19,01:00,1610612740,NOK,89,1610612759,SAS,76,,,,False
2005-2006,2006,0020500344,20051218/MINDAL,Final,2005-12-19,02:30,1610612742,DAL,102,1610612750,MIN,95,,,,False
2005-2006,2006,0020500345,20051218/WASPOR,Final,2005-12-19,03:00,1610612757,POR,97,1610612764,WAS,92,,,,False
2005-2006,2006,0020500346,20051218/HOULAL,Final,2005-12-19,03:30,1610612747,LAL,74,1610612745,HOU,76,,,,False
2005-2006,2006,0020500347,20051219/TORORL,Final,2005-12-20,01:00,1610612753,ORL,90,1610612761,TOR,92,,,,False
2005-2006,2006,0020500348,20051219/GSWBOS,Final,2005-12-20,01:30,1610612738,BOS,109,1610612744,GSW,98,,,,False
2005-2006,2006,0020500349,20051219/SACCHA,Final/OT,2005-12-20,01:30,1610612766,CHA,106,1610612758,SAC,103,,,,False
2005-2006,2006,0020500350,20051219/DETMEM,Final/OT2,2005-12-20,02:00,1610612763,MEM,104,1610612765,DET,106,,,,False
2005-2006,2006,0020500351,20051219/WASSEA,Final,2005-12-20,04:00,1610612760,SEA,111,1610612764,WAS,101,,,,False
2005-2006,2006,0020500356,20051220/SASMIL,Final/OT,2005-12-21,02:00,1610612749,MIL,109,1610612759,SAS,107,,,,False
2005-2006,2006,0020500352,20051220/UTACLE,Final,2005-12-21,01:00,1610612739,CLE,110,1610612762,UTA,85,,,,False
2005-2006,2006,0020500353,20051220/LACNJN,Final,2005-12-21,01:30,1610612751,NJN,99,1610612746,LAC,85,,,,False
2005-2006,2006,0020500354,20051220/ATLMIA,Final,2005-12-21,01:30,1610612748,MIA,111,1610612737,ATL,92,,,,False
2005-2006,2006,0020500355,20051220/PORDET,Final,2005-12-21,01:30,1610612765,DET,93,1610612757,POR,89,,,,False
2005-2006,2006,0020500357,20051220/CHACHI,Final,2005-12-21,02:30,1610612741,CHI,92,1610612766,CHA,105,,,,False
2005-2006,2006,0020500358,20051220/SEAPHX,Final,2005-12-21,03:00,1610612756,PHX,111,1610612760,SEA,83,,,,False
2005-2006,2006,0020500359,20051220/DALLAL,Final,2005-12-21,04:30,1610612747,LAL,112,1610612742,DAL,90,,,,False
2005-2006,2006,0020500366,20051221/NOKMIN,Final,2005-12-22,02:00,1610612750,MIN,88,1610612740,NOK,69,,,,False
2005-2006,2006,0020500360,20051221/GSWPHI,Final,2005-12-22,01:00,1610612755,PHI,111,1610612744,GSW,100,,,,False
2005-2006,2006,0020500361,20051221/NJNORL,Final,2005-12-22,01:00,1610612753,ORL,85,1610612751,NJN,96,,,,False
2005-2006,2006,0020500362,20051221/LACIND,Final,2005-12-22,01:00,1610612754,IND,97,1610612746,LAC,75,,,,False
2005-2006,2006,0020500363,20051221/UTABOS,Final,2005-12-22,01:30,1610612738,BOS,101,1610612762,UTA,89,,,,False
2005-2006,2006,0020500364,20051221/SASNYK,Final,2005-12-22,01:30,1610612752,NYK,96,1610612759,SAS,109,,,,False
2005-2006,2006,0020500365,20051221/PORMEM,Final,2005-12-22,02:00,1610612763,MEM,89,1610612757,POR,79,,,,False
2005-2006,2006,0020500367,20051221/TORHOU,Final,2005-12-22,02:30,1610612745,HOU,81,1610612761,TOR,94,,,,False
2005-2006,2006,0020500368,20051221/WASDEN,Final,2005-12-22,03:00,1610612743,DEN,110,1610612764,WAS,116,,,,False
2005-2006,2006,0020500369,20051222/CLECHI,Final,2005-12-23,02:00,1610612741,CHI,100,1610612739,CLE,108,,,,False
2005-2006,2006,0020500370,20051222/DALSAC,Final,2005-12-23,04:30,1610612758,SAC,95,1610612742,DAL,105,,,,False
2005-2006,2006,0020500374,20051223/LACCHA,Final,2005-12-24,01:30,1610612766,CHA,88,1610612746,LAC,97,,,,False
2005-2006,2006,0020500371,20051223/PHIATL,Final,2005-12-24,01:00,1610612737,ATL,111,1610612755,PHI,108,,,,False
2005-2006,2006,0020500372,20051223/LALORL,Final,2005-12-24,01:00,1610612753,ORL,88,1610612747,LAL,104,,,,False
2005-2006,2006,0020500373,20051223/UTANYK,Final,2005-12-24,01:30,1610612752,NYK,98,1610612762,UTA,90,,,,False
2005-2006,2006,0020500375,20051223/NJNMIA,Final,2005-12-24,01:30,1610612748,MIA,88,1610612751,NJN,95,,,,False
2005-2006,2006,0020500376,20051223/GSWDET,Final,2005-12-24,02:00,1610612765,DET,97,1610612744,GSW,85,,,,False
2005-2006,2006,0020500377,20051223/INDCLE,Final,2005-12-24,02:00,1610612739,CLE,94,1610612754,IND,89,,,,False
2005-2006,2006,0020500378,20051223/CHIMEM,Final,2005-12-24,02:00,1610612763,MEM,95,1610612741,CHI,77,,,,False
2005-2006,2006,0020500379,20051223/PORMIN,Final,2005-12-24,02:00,1610612750,MIN,83,1610612757,POR,91,,,,False
2005-2006,2006,0020500380,20051223/NOKMIL,Final,2005-12-24,02:30,1610612749,MIL,101,1610612740,NOK,94,,,,False
2005-2006,2006,0020500381,20051223/TORSAS,Final,2005-12-24,02:30,1610612759,SAS,95,1610612761,TOR,90,,,,False
2005-2006,2006,0020500382,20051223/HOUDEN,Final,2005-12-24,03:00,1610612743,DEN,108,1610612745,HOU,86,,,,False
2005-2006,2006,0020500383,20051223/WASPHX,Final,2005-12-24,03:00,1610612756,PHX,111,1610612764,WAS,112,,,,False
2005-2006,2006,0020500384,20051223/DALSEA,Final,2005-12-24,04:30,1610612760,SEA,98,1610612742,DAL,101,,,,False
2005-2006,2006,0020500386,20051225/LALMIA,Final,2005-12-25,21:00,1610612748,MIA,97,1610612747,LAL,92,,,,False
2005-2006,2006,0020500385,20051225/SASDET,Final,2005-12-25,18:30,1610612765,DET,85,1610612759,SAS,70,,,,False
2005-2006,2006,0020500396,20051226/DENGSW,Final,2005-12-27,04:30,1610612744,GSW,112,1610612743,DEN,118,,,,False
2005-2006,2006,0020500387,20051226/LALWAS,Final,2005-12-27,01:00,1610612764,WAS,94,1610612747,LAL,91,,,,False
2005-2006,2006,0020500388,20051226/MILORL,Final,2005-12-27,01:00,1610612753,ORL,108,1610612749,MIL,93,,,,False
2005-2006,2006,0020500389,20051226/CHICLE,Final,2005-12-27,01:00,1610612739,CLE,102,1610612741,CHI,91,,,,False
2005-2006,2006,0020500390,20051226/NJNNYK,Final,2005-12-27,01:30,1610612752,NYK,101,1610612751,NJN,109,,,,False
2005-2006,2006,0020500391,20051226/PHXMIN,Final,2005-12-27,02:00,1610612750,MIN,89,1610612756,PHX,103,,,,False
2005-2006,2006,0020500392,20051226/INDDAL,Final,2005-12-27,02:30,1610612742,DAL,102,1610612754,IND,80,,,,False
2005-2006,2006,0020500393,20051226/MEMUTA,Final/OT,2005-12-27,03:00,1610612762,UTA,105,1610612763,MEM,102,,,,False
2005-2006,2006,0020500394,20051226/PORSAC,Final,2005-12-27,04:00,1610612758,SAC,92,1610612757,POR,105,,,,False
2005-2006,2006,0020500395,20051226/BOSSEA,Final,2005-12-27,04:00,1610612760,SEA,118,1610612738,BOS,111,,,,False
2005-2006,2006,0020500397,20051227/CHAATL,Final,2005-12-28,01:00,1610612737,ATL,90,1610612766,CHA,93,,,,False
2005-2006,2006,0020500398,20051227/CLENJN,Final,2005-12-28,01:30,1610612751,NJN,96,1610612739,CLE,91,,,,False
2005-2006,2006,0020500399,20051227/MILMIA,Final,2005-12-28,01:30,1610612748,MIA,109,1610612749,MIL,98,,,,False
2005-2006,2006,0020500400,20051227/TORDET,Final,2005-12-28,01:30,1610612765,DET,113,1610612761,TOR,106,,,,False
2005-2006,2006,0020500401,20051227/UTAHOU,Final,2005-12-28,02:30,1610612745,HOU,74,1610612762,UTA,82,,,,False
2005-2006,2006,0020500402,20051227/INDSAS,Final,2005-12-28,02:30,1610612759,SAS,99,1610612754,IND,86,,,,False
2005-2006,2006,0020500403,20051227/PHIDEN,Final,2005-12-28,03:00,1610612743,DEN,106,1610612755,PHI,108,,,,False
2005-2006,2006,0020500404,20051227/SACLAC,Final,2005-12-28,04:30,1610612746,LAC,93,1610612758,SAC,110,,,,False
2005-2006,2006,0020500408,20051228/CHICHA,Final,2005-12-29,01:30,1610612766,CHA,93,1610612741,CHI,80,,,,False
2005-2006,2006,0020500413,20051228/BOSGSW,Final,2005-12-29,04:30,1610612744,GSW,111,1610612738,BOS,109,,,,False
2005-2006,2006,0020500405,20051228/ATLTOR,Final,2005-12-29,01:00,1610612761,TOR,108,1610612737,ATL,102,,,,False
2005-2006,2006,0020500406,20051228/PHXWAS,Final,2005-12-29,01:00,1610612764,WAS,99,1610612756,PHX,104,,,,False
2005-2006,2006,0020500407,20051228/NYKORL,Final,2005-12-29,01:00,1610612753,ORL,105,1610612752,NYK,95,,,,False
2005-2006,2006,0020500409,20051228/HOUNOK,Final,2005-12-29,02:00,1610612740,NOK,92,1610612745,HOU,90,,,,False
2005-2006,2006,0020500410,20051228/SEAMIN,Final,2005-12-29,02:00,1610612750,MIN,108,1610612760,SEA,95,,,,False
2005-2006,2006,0020500411,20051228/PHIPOR,Final,2005-12-29,04:00,1610612757,POR,95,1610612755,PHI,91,,,,False
2005-2006,2006,0020500412,20051228/MEMLAL,Final/OT,2005-12-29,04:30,1610612747,LAL,99,1610612763,MEM,100,,,,False
2005-2006,2006,0020500414,20051229/MIADET,Final,2005-12-30,02:00,1610612765,DET,106,1610612748,MIA,101,,,,False
2005-2006,2006,0020500415,20051229/NOKSAS,Final,2005-12-30,02:30,1610612759,SAS,111,1610612740,NOK,84,,,,False
2005-2006,2006,0020500416,20051229/SEADEN,Final,2005-12-30,04:30,1610612743,DEN,105,1610612760,SEA,112,,,,False
2005-2006,2006,0020500417,20051230/MIAWAS,Final,2005-12-31,01:00,1610612764,WAS,113,1610612748,MIA,128,,,,False
2005-2006,2006,0020500418,20051230/MINORL,Final,2005-12-31,01:00,1610612753,ORL,107,1610612750,MIN,87,,,,False
2005-2006,2006,0020500419,20051230/TORIND,Final,2005-12-31,01:00,1610612754,IND,97,1610612761,TOR,99,,,,False
2005-2006,2006,0020500420,20051230/ATLNJN,Final,2005-12-31,01:30,1610612751,NJN,99,1610612737,ATL,91,,,,False
2005-2006,2006,0020500421,20051230/PHXCHA,Final,2005-12-31,01:30,1610612766,CHA,100,1610612756,PHX,110,,,,False
2005-2006,2006,0020500422,20051230/NYKMIL,Final,2005-12-31,02:30,1610612749,MIL,113,1610612752,NYK,108,,,,False
2005-2006,2006,0020500423,20051230/GSWDAL,Final,2005-12-31,02:30,1610612742,DAL,109,1610612744,GSW,111,,,,False
2005-2006,2006,0020500424,20051230/BOSSAC,Final,2005-12-31,04:00,1610612758,SAC,116,1610612738,BOS,112,,,,False
2005-2006,2006,0020500425,20051230/MEMPOR,Final,2005-12-31,04:00,1610612757,POR,90,1610612763,MEM,93,,,,False
2005-2006,2006,0020500431,20051231/SASDEN,Final,2006-01-01,03:00,1610612743,DEN,88,1610612759,SAS,98,,,,False
2005-2006,2006,0020500426,20051231/DETCLE,Final,2005-12-31,19:30,1610612739,CLE,97,1610612765,DET,84,,,,False
2005-2006,2006,0020500427,20051231/PHXCHI,Final/OT,2006-01-01,01:00,1610612741,CHI,98,1610612756,PHX,107,,,,False
2005-2006,2006,0020500428,20051231/DALNOK,Final,2006-01-01,01:00,1610612740,NOK,90,1610612742,DAL,95,,,,False
2005-2006,2006,0020500429,20051231/GSWHOU,Final,2006-01-01,01:00,1610612745,HOU,89,1610612744,GSW,94,,,,False
2005-2006,2006,0020500430,20051231/PHIUTA,Final,2006-01-01,02:00,1610612762,UTA,108,1610612755,PHI,102,,,,False
2005-2006,2006,0020500432,20051231/MEMSEA,Final,2006-01-01,03:00,1610612760,SEA,96,1610612763,MEM,100,,,,False
2005-2006,2006,0020500433,20051231/BOSLAC,Final,2006-01-01,03:30,1610612746,LAC,92,1610612738,BOS,111,,,,False
2005-2006,2006,0020500435,20060101/LACPOR,Final,2006-01-02,03:00,1610612757,POR,94,1610612746,LAC,100,,,,False
2005-2006,2006,0020500434,20060101/MINMIA,Final,2006-01-02,00:00,1610612748,MIA,97,1610612750,MIN,70,,,,False
2005-2006,2006,0020500436,20060101/UTALAL,Final,2006-01-02,03:30,1610612747,LAL,94,1610612762,UTA,98,,,,False
2005-2006,2006,0020500437,20060102/SEAIND,Final,2006-01-03,01:00,1610612754,IND,115,1610612760,SEA,96,,,,False
2005-2006,2006,0020500438,20060102/PHXNYK,Final/OT3,2006-01-03,01:30,1610612752,NYK,140,1610612756,PHX,133,,,,False
2005-2006,2006,0020500869,20060102/CHANOK,Final,2006-01-03,02:00,1610612740,NOK,103,1610612766,CHA,86,,,,False
2005-2006,2006,0020500439,20060102/MILCHI,Final,2006-01-03,02:30,1610612741,CHI,92,1610612749,MIL,93,,,,False
2005-2006,2006,0020500440,20060102/BOSDEN,Final,2006-01-03,03:00,1610612743,DEN,120,1610612738,BOS,110,,,,False
2005-2006,2006,0020500441,20060103/HOUWAS,Final,2006-01-04,01:00,1610612764,WAS,111,1610612745,HOU,123,,,,False
2005-2006,2006,0020500442,20060103/TORATL,Final,2006-01-04,01:00,1610612737,ATL,97,1610612761,TOR,108,,,,False
2005-2006,2006,0020500443,20060103/ORLDET,Final,2006-01-04,01:30,1610612765,DET,108,1610612753,ORL,99,,,,False
2005-2006,2006,0020500444,20060103/GSWMEM,Final,2006-01-04,02:00,1610612763,MEM,104,1610612744,GSW,94,,,,False
2005-2006,2006,0020500445,20060103/PORDAL,Final,2006-01-04,02:30,1610612742,DAL,95,1610612757,POR,81,,,,False
2005-2006,2006,0020500446,20060103/LALUTA,Final,2006-01-04,03:00,1610612762,UTA,90,1610612747,LAL,80,,,,False
2005-2006,2006,0020500447,20060103/PHISAC,Final,2006-01-04,04:00,1610612758,SAC,98,1610612755,PHI,111,,,,False
2005-2006,2006,0020500451,20060104/MIANOK,Final,2006-01-05,02:00,1610612740,NOK,107,1610612748,MIA,92,,,,False
2005-2006,2006,0020500449,20060104/CHABOS,Final,2006-01-05,01:30,1610612738,BOS,109,1610612766,CHA,106,,,,False
2005-2006,2006,0020500456,20060104/PHIPHX,Final,2006-01-05,03:00,1610612756,PHX,105,1610612755,PHI,85,,,,False
2005-2006,2006,0020500448,20060104/ORLTOR,Final,2006-01-05,01:00,1610612761,TOR,121,1610612753,ORL,97,,,,False
2005-2006,2006,0020500450,20060104/CLEMIL,Final,2006-01-05,02:00,1610612749,MIL,84,1610612739,CLE,91,,,,False
2005-2006,2006,0020500452,20060104/DALMIN,Final,2006-01-05,02:00,1610612750,MIN,91,1610612742,DAL,78,,,,False
2005-2006,2006,0020500453,20060104/SEACHI,Final,2006-01-05,02:30,1610612741,CHI,97,1610612760,SEA,101,,,,False
2005-2006,2006,0020500454,20060104/PORSAS,Final,2006-01-05,02:30,1610612759,SAS,106,1610612757,POR,75,,,,False
2005-2006,2006,0020500455,20060104/INDDEN,Final,2006-01-05,03:00,1610612743,DEN,106,1610612754,IND,86,,,,False
2005-2006,2006,0020500457,20060105/HOUCLE,Final,2006-01-06,02:00,1610612739,CLE,81,1610612745,HOU,90,,,,False
2005-2006,2006,0020500458,20060105/INDGSW,Final,2006-01-06,04:30,1610612744,GSW,89,1610612754,IND,99,,,,False
2005-2006,2006,0020500462,20060106/WASNYK,Final,2006-01-07,01:30,1610612752,NYK,113,1610612764,WAS,92,,,,False
2005-2006,2006,0020500465,20060106/PORNOK,Final,2006-01-07,02:00,1610612740,NOK,90,1610612757,POR,80,,,,False
2005-2006,2006,0020500470,20060106/MIAPHX,Final,2006-01-07,04:30,1610612756,PHX,111,1610612748,MIA,93,,,,False
2005-2006,2006,0020500459,20060106/HOUTOR,Final,2006-01-07,01:00,1610612761,TOR,112,1610612745,HOU,92,,,,False
2005-2006,2006,0020500460,20060106/ATLBOS,Final,2006-01-07,01:30,1610612738,BOS,98,1610612737,ATL,103,,,,False
2005-2006,2006,0020500461,20060106/ORLNJN,Final,2006-01-07,01:30,1610612751,NJN,113,1610612753,ORL,106,,,,False
2005-2006,2006,0020500463,20060106/SEADET,Final,2006-01-07,02:00,1610612765,DET,97,1610612760,SEA,85,,,,False
2005-2006,2006,0020500464,20060106/UTAMEM,Final,2006-01-07,02:00,1610612763,MEM,87,1610612762,UTA,65,,,,False
2005-2006,2006,0020500466,20060106/MINSAS,Final,2006-01-07,02:00,1610612759,SAS,83,1610612750,MIN,77,,,,False
2005-2006,2006,0020500467,20060106/CHIMIL,Final,2006-01-07,02:30,1610612749,MIL,91,1610612741,CHI,105,,,,False
2005-2006,2006,0020500468,20060106/DALDEN,Final/OT,2006-01-07,03:00,1610612743,DEN,112,1610612742,DAL,114,,,,False
2005-2006,2006,0020500469,20060106/LACSAC,Final,2006-01-07,04:00,1610612758,SAC,118,1610612746,LAC,114,,,,False
2005-2006,2006,0020500471,20060106/PHILAL,Final,2006-01-07,04:30,1610612747,LAL,119,1610612755,PHI,93,,,,False
2005-2006,2006,0020500472,20060107/BOSWAS,Final,2006-01-08,01:00,1610612764,WAS,103,1610612738,BOS,102,,,,False
2005-2006,2006,0020500473,20060107/NOKATL,Final,2006-01-08,01:00,1610612737,ATL,101,1610612740,NOK,93,,,,False
2005-2006,2006,0020500474,20060107/CHAORL,Final,2006-01-08,01:00,1610612753,ORL,108,1610612766,CHA,92,,,,False
2005-2006,2006,0020500475,20060107/UTADET,Final/OT,2006-01-08,01:30,1610612765,DET,90,1610612762,UTA,94,,,,False
2005-2006,2006,0020500476,20060107/MILCLE,Final,2006-01-08,01:30,1610612739,CLE,96,1610612749,MIL,88,,,,False
2005-2006,2006,0020500477,20060107/MEMCHI,Final,2006-01-08,02:30,1610612741,CHI,111,1610612763,MEM,82,,,,False
2005-2006,2006,0020500478,20060107/MINDAL,Final,2006-01-08,02:30,1610612742,DAL,83,1610612750,MIN,79,,,,False
2005-2006,2006,0020500479,20060107/SASPHX,Final,2006-01-08,03:00,1610612756,PHX,91,1610612759,SAS,86,,,,False
2005-2006,2006,0020500480,20060107/LALLAC,Final,2006-01-08,04:30,1610612746,LAC,109,1610612747,LAL,112,,,,False
2005-2006,2006,0020500481,20060108/NJNTOR,Final,2006-01-08,19:00,1610612761,TOR,104,1610612751,NJN,105,,,,False
2005-2006,2006,0020500482,20060108/SEANYK,Final,2006-01-08,19:00,1610612752,NYK,120,1610612760,SEA,116,,,,False
2005-2006,2006,0020500483,20060108/DENHOU,Final,2006-01-09,02:30,1610612745,HOU,90,1610612743,DEN,92,,,,False
2005-2006,2006,0020500484,20060108/INDSAC,Final,2006-01-09,03:00,1610612758,SAC,83,1610612754,IND,108,,,,False
2005-2006,2006,0020500485,20060108/MIAPOR,Final,2006-01-09,03:00,1610612757,POR,89,1610612748,MIA,118,,,,False
2005-2006,2006,0020500486,20060109/SEAPHI,Final,2006-01-10,01:00,1610612755,PHI,107,1610612760,SEA,98,,,,False
2005-2006,2006,0020500487,20060109/UTAWAS,Final,2006-01-10,01:00,1610612764,WAS,89,1610612762,UTA,97,,,,False
2005-2006,2006,0020500488,20060109/DALBOS,Final,2006-01-10,01:30,1610612738,BOS,102,1610612742,DAL,104,,,,False
2005-2006,2006,0020500489,20060109/TORCHI,Final,2006-01-10,02:30,1610612741,CHI,113,1610612761,TOR,104,,,,False
2005-2006,2006,0020500490,20060109/INDLAL,Final,2006-01-10,04:30,1610612747,LAL,96,1610612754,IND,90,,,,False
2005-2006,2006,0020500493,20060110/HOUCHA,Final/OT2,2006-01-11,01:30,1610612766,CHA,111,1610612745,HOU,106,,,,False
2005-2006,2006,0020500491,20060110/BOSATL,Final,2006-01-11,01:00,1610612737,ATL,94,1610612738,BOS,98,,,,False
2005-2006,2006,0020500492,20060110/NYKCLE,Final,2006-01-11,01:00,1610612739,CLE,84,1610612752,NYK,92,,,,False
2005-2006,2006,0020500494,20060110/MINMIL,Final,2006-01-11,02:00,1610612749,MIL,95,1610612750,MIN,92,,,,False
2005-2006,2006,0020500495,20060110/SACMEM,Final,2006-01-11,02:00,1610612763,MEM,99,1610612758,SAC,85,,,,False
2005-2006,2006,0020500496,20060110/DETNOK,Final,2006-01-11,02:00,1610612740,NOK,86,1610612765,DET,96,,,,False
2005-2006,2006,0020500497,20060110/NJNSAS,Final,2006-01-11,02:30,1610612759,SAS,96,1610612751,NJN,91,,,,False
2005-2006,2006,0020500498,20060110/PHXDEN,Final/OT3,2006-01-11,03:00,1610612743,DEN,139,1610612756,PHX,137,,,,False
2005-2006,2006,0020500499,20060110/ORLLAC,Final,2006-01-11,04:30,1610612746,LAC,90,1610612753,ORL,73,,,,False
2005-2006,2006,0020500500,20060111/CHATOR,Final,2006-01-12,01:00,1610612761,TOR,95,1610612766,CHA,86,,,,False
2005-2006,2006,0020500501,20060111/UTAPHI,Final,2006-01-12,01:00,1610612755,PHI,102,1610612762,UTA,110,,,,False
2005-2006,2006,0020500502,20060111/ATLWAS,Final,2006-01-12,01:00,1610612764,WAS,103,1610612737,ATL,72,,,,False
2005-2006,2006,0020500504,20060111/MILIND,Final,2006-01-12,01:00,1610612754,IND,112,1610612749,MIL,88,,,,False
2005-2006,2006,0020500503,20060111/DALNYK,Final/OT,2006-01-12,01:30,1610612752,NYK,117,1610612742,DAL,115,,,,False
2005-2006,2006,0020500505,20060111/CHIMIN,Final,2006-01-12,02:00,1610612750,MIN,99,1610612741,CHI,93,,,,False
2005-2006,2006,0020500506,20060111/SACHOU,Final,2006-01-12,02:30,1610612745,HOU,80,1610612758,SAC,88,,,,False
2005-2006,2006,0020500507,20060111/LALPOR,Final,2006-01-12,04:00,1610612757,POR,113,1610612747,LAL,103,,,,False
2005-2006,2006,0020500508,20060111/ORLSEA,Final,2006-01-12,04:00,1610612760,SEA,113,1610612753,ORL,104,,,,False
2005-2006,2006,0020500509,20060111/MIAGSW,Final,2006-01-12,04:30,1610612744,GSW,96,1610612748,MIA,110,,,,False
2005-2006,2006,0020500510,20060112/DETSAS,Final,2006-01-13,02:00,1610612759,SAS,68,1610612765,DET,83,,,,False
2005-2006,2006,0020500511,20060112/GSWPHX,Final,2006-01-13,03:00,1610612756,PHX,112,1610612744,GSW,99,,,,False
2005-2006,2006,0020500512,20060112/CLELAL,Final,2006-01-13,04:30,1610612747,LAL,99,1610612739,CLE,98,,,,False
2005-2006,2006,0020500513,20060113/WASIND,Final,2006-01-14,01:00,1610612754,IND,85,1610612764,WAS,94,,,,False
2005-2006,2006,0020500514,20060113/ATLNYK,Final,2006-01-14,01:30,1610612752,NYK,105,1610612737,ATL,94,,,,False
2005-2006,2006,0020500515,20060113/MILCHA,Final,2006-01-14,01:30,1610612766,CHA,102,1610612749,MIL,103,,,,False
2005-2006,2006,0020500516,20060113/BOSPHI,Final/OT3,2006-01-14,02:00,1610612755,PHI,125,1610612738,BOS,124,,,,False
2005-2006,2006,0020500517,20060113/NJNMEM,Final,2006-01-14,02:00,1610612763,MEM,81,1610612751,NJN,69,,,,False
2005-2006,2006,0020500518,20060113/SACNOK,Final,2006-01-14,02:00,1610612740,NOK,90,1610612758,SAC,76,,,,False
2005-2006,2006,0020500519,20060113/DENMIN,Final,2006-01-14,02:00,1610612750,MIN,103,1610612743,DEN,89,,,,False
2005-2006,2006,0020500520,20060113/ORLPOR,Final,2006-01-14,04:00,1610612757,POR,113,1610612753,ORL,108,,,,False
2005-2006,2006,0020500521,20060113/MIASEA,Final,2006-01-14,04:30,1610612760,SEA,104,1610612748,MIA,117,,,,False
2005-2006,2006,0020500522,20060114/WASATL,Final/OT,2006-01-15,01:00,1610612737,ATL,106,1610612764,WAS,114,,,,False
2005-2006,2006,0020500523,20060114/CHADET,Final,2006-01-15,01:30,1610612765,DET,114,1610612766,CHA,91,,,,False
2005-2006,2006,0020500524,20060114/INDCHI,Final,2006-01-15,02:30,1610612741,CHI,89,1610612754,IND,91,,,,False
2005-2006,2006,0020500525,20060114/DENMIL,Final,2006-01-15,02:30,1610612749,MIL,93,1610612743,DEN,100,,,,False
2005-2006,2006,0020500526,20060114/NOKHOU,Final,2006-01-15,02:30,1610612745,HOU,80,1610612740,NOK,86,,,,False
2005-2006,2006,0020500527,20060114/NJNDAL,Final,2006-01-15,02:30,1610612742,DAL,110,1610612751,NJN,77,,,,False
2005-2006,2006,0020500528,20060114/MEMSAS,Final,2006-01-15,02:30,1610612759,SAS,80,1610612763,MEM,79,,,,False
2005-2006,2006,0020500529,20060114/MIAUTA,Final,2006-01-15,03:00,1610612762,UTA,94,1610612748,MIA,100,,,,False
2005-2006,2006,0020500530,20060114/CLEPHX,Final,2006-01-15,03:00,1610612756,PHX,115,1610612739,CLE,106,,,,False
2005-2006,2006,0020500531,20060114/SEALAC,Final,2006-01-15,04:30,1610612746,LAC,98,1610612760,SEA,72,,,,False
2005-2006,2006,0020500532,20060114/LALGSW,Final,2006-01-15,04:30,1610612744,GSW,104,1610612747,LAL,110,,,,False
2005-2006,2006,0020500533,20060115/NYKTOR,Final,2006-01-15,19:00,1610612761,TOR,129,1610612752,NYK,103,,,,False
2005-2006,2006,0020500534,20060115/ORLSAC,Final,2006-01-16,03:00,1610612758,SAC,104,1610612753,ORL,100,,,,False
2005-2006,2006,0020500535,20060115/CLEPOR,Final,2006-01-16,03:00,1610612757,POR,89,1610612739,CLE,87,,,,False
2005-2006,2006,0020500538,20060116/NOKCHA,Final,2006-01-16,19:00,1610612766,CHA,92,1610612740,NOK,107,,,,False
2005-2006,2006,0020500540,20060116/DENCHI,Final,2006-01-16,20:00,1610612741,CHI,94,1610612743,DEN,97,,,,False
2005-2006,2006,0020500544,20060116/SEAGSW,Final,2006-01-16,22:00,1610612744,GSW,109,1610612760,SEA,93,,,,False
2005-2006,2006,0020500547,20060116/MIALAL,Final,2006-01-17,04:30,1610612747,LAL,100,1610612748,MIA,92,,,,False
2005-2006,2006,0020500536,20060116/MINNYK,Final,2006-01-16,19:00,1610612752,NYK,90,1610612750,MIN,96,,,,False
2005-2006,2006,0020500537,20060116/PHIWAS,Final,2006-01-16,19:00,1610612764,WAS,104,1610612755,PHI,76,,,,False
2005-2006,2006,0020500539,20060116/HOUATL,Final,2006-01-16,20:00,1610612737,ATL,94,1610612745,HOU,83,,,,False
2005-2006,2006,0020500541,20060116/INDNJN,Final,2006-01-16,21:30,1610612751,NJN,97,1610612754,IND,92,,,,False
2005-2006,2006,0020500542,20060116/BOSDET,Final,2006-01-16,21:30,1610612765,DET,94,1610612738,BOS,84,,,,False
2005-2006,2006,0020500543,20060116/UTALAC,Final/OT,2006-01-16,21:30,1610612746,LAC,102,1610612762,UTA,93,,,,False
2005-2006,2006,0020500545,20060116/SASMEM,Final,2006-01-17,02:00,1610612763,MEM,83,1610612759,SAS,93,,,,False
2005-2006,2006,0020500546,20060116/MILDAL,Final,2006-01-17,02:30,1610612742,DAL,114,1610612749,MIL,95,,,,False
2005-2006,2006,0020500548,20060117/TORUTA,Final,2006-01-18,03:00,1610612762,UTA,111,1610612761,TOR,98,,,,False
2005-2006,2006,0020500549,20060117/PHXSAC,Final,2006-01-18,04:00,1610612758,SAC,119,1610612756,PHX,90,,,,False
2005-2006,2006,0020500550,20060118/NJNPHI,Final,2006-01-19,01:00,1610612755,PHI,90,1610612751,NJN,101,,,,False
2005-2006,2006,0020500551,20060118/DETATL,Final,2006-01-19,01:00,1610612737,ATL,89,1610612765,DET,117,,,,False
2005-2006,2006,0020500552,20060118/WASORL,Final,2006-01-19,01:00,1610612753,ORL,106,1610612764,WAS,98,,,,False
2005-2006,2006,0020500553,20060118/CHAIND,Final,2006-01-19,01:00,1610612754,IND,98,1610612766,CHA,92,,,,False
2005-2006,2006,0020500554,20060118/MINBOS,Final,2006-01-19,01:30,1610612738,BOS,103,1610612750,MIN,96,,,,False
2005-2006,2006,0020500555,20060118/MEMNOK,Final,2006-01-19,02:00,1610612740,NOK,87,1610612763,MEM,79,,,,False
2005-2006,2006,0020500556,20060118/NYKCHI,Final/OT,2006-01-19,02:30,1610612741,CHI,106,1610612752,NYK,104,,,,False
2005-2006,2006,0020500557,20060118/DALHOU,Final,2006-01-19,02:30,1610612745,HOU,76,1610612742,DAL,103,,,,False
2005-2006,2006,0020500558,20060118/MILSAS,Final,2006-01-19,02:30,1610612759,SAS,95,1610612749,MIL,92,,,,False
2005-2006,2006,0020500559,20060118/CLEDEN,Final,2006-01-19,03:00,1610612743,DEN,90,1610612739,CLE,89,,,,False
2005-2006,2006,0020500560,20060118/TORPOR,Final,2006-01-19,04:00,1610612757,POR,96,1610612761,TOR,94,,,,False
2005-2006,2006,0020500561,20060118/PHXLAC,Final,2006-01-19,04:30,1610612746,LAC,102,1610612756,PHX,112,,,,False
2005-2006,2006,0020500562,20060119/DETNYK,Final,2006-01-20,02:00,1610612752,NYK,79,1610612765,DET,105,,,,False
2005-2006,2006,0020500563,20060119/LALSAC,Final/OT,2006-01-20,04:30,1610612758,SAC,118,1610612747,LAL,109,,,,False
2005-2006,2006,0020500564,20060120/MEMPHI,Final/OT,2006-01-21,01:00,1610612755,PHI,89,1610612763,MEM,86,,,,False
2005-2006,2006,0020500565,20060120/NOKWAS,Final,2006-01-21,01:00,1610612764,WAS,110,1610612740,NOK,99,,,,False
2005-2006,2006,0020500566,20060120/MILATL,Final,2006-01-21,01:00,1610612737,ATL,102,1610612749,MIL,118,,,,False
2005-2006,2006,0020500567,20060120/NJNBOS,Final,2006-01-21,01:30,1610612738,BOS,99,1610612751,NJN,96,,,,False
2005-2006,2006,0020500568,20060120/ORLCHA,Final,2006-01-21,01:30,1610612766,CHA,93,1610612753,ORL,104,,,,False
2005-2006,2006,0020500569,20060120/SASMIA,Final,2006-01-21,02:00,1610612748,MIA,94,1610612759,SAS,101,,,,False
2005-2006,2006,0020500570,20060120/INDMIN,Final,2006-01-21,02:00,1610612750,MIN,90,1610612754,IND,85,,,,False
2005-2006,2006,0020500571,20060120/HOUCHI,Final/OT2,2006-01-21,02:30,1610612741,CHI,108,1610612745,HOU,109,,,,False
2005-2006,2006,0020500572,20060120/UTADEN,Final,2006-01-21,03:00,1610612743,DEN,113,1610612762,UTA,83,,,,False
2005-2006,2006,0020500573,20060120/LALPHX,Final,2006-01-21,04:30,1610612756,PHX,106,1610612747,LAL,93,,,,False
2005-2006,2006,0020500574,20060120/DALLAC,Final,2006-01-21,04:30,1610612746,LAC,81,1610612742,DAL,101,,,,False
2005-2006,2006,0020500575,20060120/CLEGSW,Final,2006-01-21,04:30,1610612744,GSW,99,1610612739,CLE,79,,,,False
2005-2006,2006,0020500576,20060120/TORSEA,Final,2006-01-21,04:30,1610612760,SEA,113,1610612761,TOR,121,,,,False
2005-2006,2006,0020500577,20060121/SACORL,Final/OT,2006-01-22,01:00,1610612753,ORL,83,1610612758,SAC,78,,,,False
2005-2006,2006,0020500578,20060121/NOKNYK,Final,2006-01-22,01:30,1610612752,NYK,98,1610612740,NOK,109,,,,False
2005-2006,2006,0020500579,20060121/BOSNJN,Final,2006-01-22,02:00,1610612751,NJN,103,1610612738,BOS,83,,,,False
2005-2006,2006,0020500580,20060121/CHIIND,Final,2006-01-22,02:00,1610612754,IND,89,1610612741,CHI,101,,,,False
2005-2006,2006,0020500581,20060121/CHAMIL,Final,2006-01-22,02:30,1610612749,MIL,101,1610612766,CHA,91,,,,False
2005-2006,2006,0020500582,20060121/CLEUTA,Final,2006-01-22,03:00,1610612762,UTA,90,1610612739,CLE,108,,,,False
2005-2006,2006,0020500588,20060122/HOUDET,Final,2006-01-23,00:00,1610612765,DET,99,1610612745,HOU,97,,,,False
2005-2006,2006,0020500583,20060122/DENSAS,Final,2006-01-22,19:00,1610612759,SAS,85,1610612743,DEN,89,,,,False
2005-2006,2006,0020500585,20060122/PHIMIN,Final,2006-01-22,19:00,1610612750,MIN,84,1610612755,PHI,86,,,,False
2005-2006,2006,0020500584,20060122/MEMWAS,Final,2006-01-22,21:30,1610612764,WAS,82,1610612763,MEM,93,,,,False
2005-2006,2006,0020500586,20060122/GSWLAC,Final,2006-01-22,21:30,1610612746,LAC,105,1610612744,GSW,92,,,,False
2005-2006,2006,0020500587,20060122/SACMIA,Final,2006-01-23,00:00,1610612748,MIA,119,1610612758,SAC,99,,,,False
2005-2006,2006,0020500589,20060122/SEAPHX,Final/OT2,2006-01-23,02:00,1610612756,PHX,149,1610612760,SEA,152,,,,False
2005-2006,2006,0020500590,20060122/DALPOR,Final/OT,2006-01-23,03:00,1610612757,POR,89,1610612742,DAL,95,,,,False
2005-2006,2006,0020500591,20060122/TORLAL,Final,2006-01-23,03:30,1610612747,LAL,122,1610612761,TOR,104,,,,False
2005-2006,2006,0020500592,20060123/INDATL,Final,2006-01-24,01:00,1610612737,ATL,104,1610612754,IND,94,,,,False
2005-2006,2006,0020500593,20060123/NOKBOS,Final,2006-01-24,01:30,1610612738,BOS,91,1610612740,NOK,78,,,,False
2005-2006,2006,0020500594,20060123/HOUMIL,Final,2006-01-24,02:00,1610612749,MIL,80,1610612745,HOU,97,,,,False
2005-2006,2006,0020500595,20060123/TORDEN,Final,2006-01-24,03:00,1610612743,DEN,107,1610612761,TOR,101,,,,False
2005-2006,2006,0020500596,20060123/NJNUTA,Final,2006-01-24,03:00,1610612762,UTA,89,1610612751,NJN,78,,,,False
2005-2006,2006,0020500597,20060123/LACGSW,Final,2006-01-24,04:30,1610612744,GSW,93,1610612746,LAC,96,,,,False
2005-2006,2006,0020500598,20060124/SACPHI,Final,2006-01-25,01:00,1610612755,PHI,109,1610612758,SAC,103,,,,False
2005-2006,2006,0020500599,20060124/PHXORL,Final,2006-01-25,01:00,1610612753,ORL,111,1610612756,PHX,102,,,,False
2005-2006,2006,0020500600,20060124/INDCLE,Final,2006-01-25,01:00,1610612739,CLE,96,1610612754,IND,66,,,,False
2005-2006,2006,0020500601,20060124/MEMMIA,Final,2006-01-25,01:30,1610612748,MIA,94,1610612763,MEM,82,,,,False
2005-2006,2006,0020500602,20060124/DETMIN,Final,2006-01-25,02:00,1610612750,MIN,83,1610612765,DET,107,,,,False
2005-2006,2006,0020500603,20060124/CHASAS,Final,2006-01-25,02:30,1610612759,SAS,104,1610612766,CHA,76,,,,False
2005-2006,2006,0020500605,20060125/CLEATL,Final,2006-01-26,01:00,1610612737,ATL,97,1610612739,CLE,106,,,,False
2005-2006,2006,0020500604,20060125/CHITOR,Final,2006-01-26,01:00,1610612761,TOR,88,1610612741,CHI,104,,,,False
2005-2006,2006,0020500606,20060125/WASBOS,Final,2006-01-26,01:30,1610612738,BOS,87,1610612764,WAS,89,,,,False
2005-2006,2006,0020500607,20060125/SACNYK,Final/OT,2006-01-26,01:30,1610612752,NYK,102,1610612758,SAC,106,,,,False
2005-2006,2006,0020500608,20060125/MILDET,Final/OT,2006-01-26,01:30,1610612765,DET,106,1610612749,MIL,102,,,,False
2005-2006,2006,0020500609,20060125/SASNOK,Final,2006-01-26,02:00,1610612740,NOK,68,1610612759,SAS,84,,,,False
2005-2006,2006,0020500610,20060125/CHAHOU,Final,2006-01-26,02:30,1610612745,HOU,102,1610612766,CHA,78,,,,False
2005-2006,2006,0020500611,20060125/MINMEM,Final,2006-01-26,03:00,1610612763,MEM,107,1610612750,MIN,87,,,,False
2005-2006,2006,0020500612,20060125/SEAUTA,Final,2006-01-26,03:00,1610612762,UTA,94,1610612760,SEA,113,,,,False
2005-2006,2006,0020500613,20060125/DENPOR,Final,2006-01-26,04:00,1610612757,POR,94,1610612743,DEN,97,,,,False
2005-2006,2006,0020500614,20060125/NJNLAC,Final,2006-01-26,04:30,1610612746,LAC,90,1610612751,NJN,77,,,,False
2005-2006,2006,0020500615,20060125/DALGSW,Final,2006-01-26,04:30,1610612744,GSW,93,1610612742,DAL,102,,,,False
2005-2006,2006,0020500616,20060126/ORLPHI,Final/OT,2006-01-27,01:00,1610612755,PHI,115,1610612753,ORL,119,,,,False
2005-2006,2006,0020500617,20060126/PHXMIA,Final,2006-01-27,02:00,1610612748,MIA,98,1610612756,PHX,107,,,,False
2005-2006,2006,0020500618,20060126/DALSEA,Final,2006-01-27,04:30,1610612760,SEA,97,1610612742,DAL,104,,,,False
2005-2006,2006,0020500619,20060127/PHXATL,Final,2006-01-28,01:00,1610612737,ATL,106,1610612756,PHX,110,,,,False
2005-2006,2006,0020500620,20060127/CLEIND,Final,2006-01-28,01:00,1610612754,IND,89,1610612739,CLE,93,,,,False
2005-2006,2006,0020500621,20060127/SACBOS,Final,2006-01-28,01:30,1610612738,BOS,84,1610612758,SAC,74,,,,False
2005-2006,2006,0020500622,20060127/ORLNYK,Final,2006-01-28,01:30,1610612752,NYK,97,1610612753,ORL,94,,,,False
2005-2006,2006,0020500623,20060127/MIACHA,Final,2006-01-28,01:30,1610612766,CHA,85,1610612748,MIA,91,,,,False
2005-2006,2006,0020500624,20060127/MEMDET,Final,2006-01-28,02:00,1610612765,DET,95,1610612763,MEM,89,,,,False
2005-2006,2006,0020500626,20060127/WASCHI,Final,2006-01-28,02:30,1610612741,CHI,90,1610612764,WAS,79,,,,False
2005-2006,2006,0020500627,20060127/TORMIL,Final,2006-01-28,02:30,1610612749,MIL,108,1610612761,TOR,87,,,,False
2005-2006,2006,0020500629,20060127/MINHOU,Final,2006-01-28,02:30,1610612745,HOU,92,1610612750,MIN,96,,,,False
2005-2006,2006,0020500628,20060127/LACDEN,Final,2006-01-28,03:30,1610612743,DEN,87,1610612746,LAC,105,,,,False
2005-2006,2006,0020500630,20060127/NJNPOR,Final,2006-01-28,04:00,1610612757,POR,88,1610612751,NJN,83,,,,False
2005-2006,2006,0020500631,20060127/GSWLAL,Final/OT,2006-01-28,04:30,1610612747,LAL,106,1610612744,GSW,105,,,,False
2005-2006,2006,0020500632,20060128/CHAWAS,Final,2006-01-29,01:00,1610612764,WAS,107,1610612766,CHA,97,,,,False
2005-2006,2006,0020500633,20060128/NYKPHI,Final,2006-01-29,02:00,1610612755,PHI,91,1610612752,NYK,76,,,,False
2005-2006,2006,0020500634,20060128/NOKMEM,Final,2006-01-29,02:00,1610612763,MEM,86,1610612740,NOK,95,,,,False
2005-2006,2006,0020500635,20060128/ATLCHI,Final,2006-01-29,02:30,1610612741,CHI,111,1610612737,ATL,99,,,,False
2005-2006,2006,0020500636,20060128/MINSAS,Final,2006-01-29,02:30,1610612759,SAS,102,1610612750,MIN,88,,,,False
2005-2006,2006,0020500637,20060128/UTADAL,Final,2006-01-29,03:00,1610612742,DAL,103,1610612762,UTA,89,,,,False
2005-2006,2006,0020500638,20060128/NJNSEA,Final,2006-01-29,04:00,1610612760,SEA,113,1610612751,NJN,104,,,,False
2005-2006,2006,0020500639,20060128/DENLAC,Final,2006-01-29,04:30,1610612746,LAC,112,1610612743,DEN,79,,,,False
2005-2006,2006,0020500640,20060128/PORGSW,Final,2006-01-29,04:30,1610612744,GSW,98,1610612757,POR,83,,,,False
2005-2006,2006,0020500642,20060129/PHXCLE,Final,2006-01-29,19:00,1610612739,CLE,113,1610612756,PHX,106,,,,False
2005-2006,2006,0020500643,20060129/BOSMIL,Final,2006-01-29,21:30,1610612749,MIL,83,1610612738,BOS,79,,,,False
2005-2006,2006,0020500644,20060129/MIAHOU,Final,2006-01-29,21:30,1610612745,HOU,95,1610612748,MIA,101,,,,False
2005-2006,2006,0020500645,20060129/PHIORL,Final,2006-01-30,00:00,1610612753,ORL,81,1610612755,PHI,89,,,,False
2005-2006,2006,0020500646,20060129/LALDET,Final,2006-01-30,00:30,1610612765,DET,102,1610612747,LAL,93,,,,False
2005-2006,2006,0020500641,20060129/SACTOR,Final/OT,2006-01-30,01:00,1610612761,TOR,124,1610612758,SAC,123,,,,False
2005-2006,2006,0020500653,20060130/SASUTA,Final,2006-01-31,03:00,1610612762,UTA,70,1610612759,SAS,79,,,,False
2005-2006,2006,0020500647,20060130/NYKATL,Final,2006-01-31,01:00,1610612737,ATL,120,1610612752,NYK,101,,,,False
2005-2006,2006,0020500648,20060130/CLECHA,Final,2006-01-31,01:30,1610612766,CHA,91,1610612739,CLE,103,,,,False
2005-2006,2006,0020500649,20060130/LACMIA,Final,2006-01-31,01:30,1610612748,MIA,118,1610612746,LAC,114,,,,False
2005-2006,2006,0020500650,20060130/HOUMEM,Final,2006-01-31,02:00,1610612763,MEM,86,1610612745,HOU,77,,,,False
2005-2006,2006,0020500651,20060130/MILNOK,Final,2006-01-31,02:00,1610612740,NOK,94,1610612749,MIL,93,,,,False
2005-2006,2006,0020500652,20060130/BOSMIN,Final,2006-01-31,02:00,1610612750,MIN,110,1610612738,BOS,85,,,,False
2005-2006,2006,0020500654,20060130/PORSEA,Final,2006-01-31,04:00,1610612760,SEA,111,1610612757,POR,116,,,,False
2005-2006,2006,0020500655,20060131/PHXPHI,Final,2006-02-01,01:00,1610612755,PHI,99,1610612756,PHX,123,,,,False
2005-2006,2006,0020500656,20060131/INDWAS,Final,2006-02-01,01:00,1610612764,WAS,84,1610612754,IND,79,,,,False
2005-2006,2006,0020500657,20060131/DETNJN,Final,2006-02-01,01:30,1610612751,NJN,91,1610612765,DET,84,,,,False
2005-2006,2006,0020500658,20060131/LALNYK,Final,2006-02-01,01:30,1610612752,NYK,97,1610612747,LAL,130,,,,False
2005-2006,2006,0020500659,20060131/CHIDAL,Final,2006-02-01,02:30,1610612742,DAL,98,1610612741,CHI,94,,,,False
2005-2006,2006,0020500660,20060131/DENSAC,Final,2006-02-01,04:00,1610612758,SAC,98,1610612743,DEN,91,,,,False
2005-2006,2006,0020500673,20060201/GSWSEA,Final,2006-02-02,04:00,1610612760,SEA,111,1610612744,GSW,107,,,,False
2005-2006,2006,0020500661,20060201/WASTOR,Final,2006-02-02,01:00,1610612761,TOR,117,1610612764,WAS,112,,,,False
2005-2006,2006,0020500662,20060201/LACORL,Final,2006-02-02,01:00,1610612753,ORL,94,1610612746,LAC,106,,,,False
2005-2006,2006,0020500663,20060201/NJNCLE,Final,2006-02-02,01:00,1610612739,CLE,91,1610612751,NJN,85,,,,False
2005-2006,2006,0020500664,20060201/LALIND,Final,2006-02-02,01:00,1610612754,IND,105,1610612747,LAL,79,,,,False
2005-2006,2006,0020500665,20060201/PHXBOS,Final,2006-02-02,01:30,1610612738,BOS,94,1610612756,PHX,102,,,,False
2005-2006,2006,0020500666,20060201/ATLCHA,Final,2006-02-02,01:30,1610612766,CHA,92,1610612737,ATL,102,,,,False
2005-2006,2006,0020500667,20060201/MINDET,Final,2006-02-02,01:30,1610612765,DET,90,1610612750,MIN,74,,,,False
2005-2006,2006,0020500668,20060201/DALMEM,Final,2006-02-02,02:00,1610612763,MEM,80,1610612742,DAL,81,,,,False
2005-2006,2006,0020500669,20060201/CHINOK,Final,2006-02-02,02:00,1610612740,NOK,100,1610612741,CHI,95,,,,False
2005-2006,2006,0020500670,20060201/MILHOU,Final,2006-02-02,02:30,1610612745,HOU,86,1610612749,MIL,84,,,,False
2005-2006,2006,0020500671,20060201/DENUTA,Final,2006-02-02,03:00,1610612762,UTA,103,1610612743,DEN,90,,,,False
2005-2006,2006,0020500672,20060201/SASPOR,Final,2006-02-02,04:00,1610612757,POR,82,1610612759,SAS,86,,,,False
2005-2006,2006,0020500674,20060202/CLEMIA,Final,2006-02-03,02:00,1610612748,MIA,101,1610612739,CLE,73,,,,False
2005-2006,2006,0020500675,20060202/SASGSW,Final,2006-02-03,04:30,1610612744,GSW,86,1610612759,SAS,89,,,,False
2005-2006,2006,0020500681,20060203/SEAHOU,Final,2006-02-04,02:30,1610612745,HOU,100,1610612760,SEA,77,,,,False
2005-2006,2006,0020500676,20060203/NYKTOR,Final,2006-02-04,01:00,1610612761,TOR,104,1610612752,NYK,90,,,,False
2005-2006,2006,0020500677,20060203/ORLATL,Final,2006-02-04,01:00,1610612737,ATL,96,1610612753,ORL,94,,,,False
2005-2006,2006,0020500678,20060203/LACBOS,Final,2006-02-04,01:30,1610612738,BOS,81,1610612746,LAC,98,,,,False
2005-2006,2006,0020500679,20060203/LALCHA,Final,2006-02-04,01:30,1610612766,CHA,112,1610612747,LAL,102,,,,False
2005-2006,2006,0020500680,20060203/DETPHI,Final,2006-02-04,02:00,1610612755,PHI,80,1610612765,DET,87,,,,False
2005-2006,2006,0020500682,20060203/SACUTA,Final,2006-02-04,03:00,1610612762,UTA,89,1610612758,SAC,79,,,,False
2005-2006,2006,0020500683,20060203/MINPOR,Final,2006-02-04,04:30,1610612757,POR,89,1610612750,MIN,85,,,,False
2005-2006,2006,0020500689,20060204/LALNOK,Final,2006-02-05,02:00,1610612740,NOK,106,1610612747,LAL,90,,,,False
2005-2006,2006,0020500684,20060204/MIANJN,Final,2006-02-04,19:00,1610612751,NJN,105,1610612748,MIA,92,,,,False
2005-2006,2006,0020500685,20060204/ATLWAS,Final,2006-02-05,01:00,1610612764,WAS,98,1610612737,ATL,85,,,,False
2005-2006,2006,0020500686,20060204/BOSORL,Final,2006-02-05,01:00,1610612753,ORL,100,1610612738,BOS,91,,,,False
2005-2006,2006,0020500687,20060204/PHICLE,Final,2006-02-05,01:30,1610612739,CLE,95,1610612755,PHI,100,,,,False
2005-2006,2006,0020500688,20060204/DETIND,Final,2006-02-05,02:00,1610612754,IND,93,1610612765,DET,85,,,,False
2005-2006,2006,0020500690,20060204/MEMMIL,Final,2006-02-05,02:30,1610612749,MIL,88,1610612763,MEM,78,,,,False
2005-2006,2006,0020500691,20060204/SEADAL,Final,2006-02-05,02:30,1610612742,DAL,110,1610612760,SEA,91,,,,False
2005-2006,2006,0020500692,20060204/PORDEN,Final,2006-02-05,03:00,1610612743,DEN,105,1610612757,POR,104,,,,False
2005-2006,2006,0020500693,20060204/CHIPHX,Final,2006-02-05,03:00,1610612756,PHX,118,1610612741,CHI,101,,,,False
2005-2006,2006,0020500694,20060204/MINGSW,Final,2006-02-05,04:30,1610612744,GSW,109,1610612750,MIN,77,,,,False
2005-2006,2006,0020500695,20060205/HOUNYK,Final,2006-02-05,18:00,1610612752,NYK,89,1610612745,HOU,93,,,,False
2005-2006,2006,0020500696,20060205/LACTOR,Final/OT,2006-02-05,19:00,1610612761,TOR,113,1610612746,LAC,115,,,,False
2005-2006,2006,0020500697,20060205/UTASAC,Final,2006-02-05,21:30,1610612758,SAC,96,1610612762,UTA,78,,,,False
2005-2006,2006,0020500705,20060206/DENGSW,Final,2006-02-07,04:30,1610612744,GSW,122,1610612743,DEN,114,,,,False
2005-2006,2006,0020500698,20060206/HOUPHI,Final,2006-02-07,01:00,1610612755,PHI,81,1610612745,HOU,87,,,,False
2005-2006,2006,0020500699,20060206/ORLWAS,Final,2006-02-07,01:00,1610612764,WAS,94,1610612753,ORL,82,,,,False
2005-2006,2006,0020500707,20060206/MILCLE,Final,2006-02-07,01:00,1610612739,CLE,89,1610612749,MIL,86,,,,False
2005-2006,2006,0020500700,20060206/NOKNJN,Final,2006-02-07,01:30,1610612751,NJN,99,1610612740,NOK,91,,,,False
2005-2006,2006,0020500701,20060206/SEACHA,Final,2006-02-07,01:30,1610612766,CHA,119,1610612760,SEA,106,,,,False
2005-2006,2006,0020500702,20060206/BOSMIA,Final,2006-02-07,01:30,1610612748,MIA,114,1610612738,BOS,98,,,,False
2005-2006,2006,0020500703,20060206/CHIUTA,Final/OT,2006-02-07,03:00,1610612762,UTA,109,1610612741,CHI,107,,,,False
2005-2006,2006,0020500704,20060206/MINPHX,Final,2006-02-07,03:00,1610612756,PHX,101,1610612750,MIN,103,,,,False
2005-2006,2006,0020500706,20060207/DETATL,Final,2006-02-08,01:00,1610612737,ATL,99,1610612765,DET,98,,,,False
2005-2006,2006,0020500708,20060207/LACNYK,Final,2006-02-08,01:30,1610612752,NYK,82,1610612746,LAC,85,,,,False
2005-2006,2006,0020500709,20060207/LALDAL,Final,2006-02-08,02:30,1610612742,DAL,102,1610612747,LAL,87,,,,False
2005-2006,2006,0020500710,20060207/MEMSAC,Final,2006-02-08,04:00,1610612758,SAC,104,1610612763,MEM,96,,,,False
2005-2006,2006,0020500716,20060208/LACDET,Final,2006-02-09,01:30,1610612765,DET,97,1610612746,LAC,87,,,,False
2005-2006,2006,0020500711,20060208/SASTOR,Final/OT,2006-02-09,01:00,1610612761,TOR,118,1610612759,SAS,125,,,,False
2005-2006,2006,0020500712,20060208/GSWWAS,Final,2006-02-09,01:00,1610612764,WAS,129,1610612744,GSW,124,,,,False
2005-2006,2006,0020500713,20060208/PORIND,Final,2006-02-09,01:00,1610612754,IND,101,1610612757,POR,69,,,,False
2005-2006,2006,0020500714,20060208/NYKNJN,Final,2006-02-09,01:30,1610612751,NJN,96,1610612752,NYK,83,,,,False
2005-2006,2006,0020500715,20060208/PHICHA,Final,2006-02-09,01:30,1610612766,CHA,100,1610612755,PHI,92,,,,False
2005-2006,2006,0020500717,20060208/ORLMIL,Final/OT2,2006-02-09,02:00,1610612749,MIL,94,1610612753,ORL,89,,,,False
2005-2006,2006,0020500718,20060208/SEANOK,Final,2006-02-09,02:00,1610612740,NOK,109,1610612760,SEA,102,,,,False
2005-2006,2006,0020500719,20060208/CLEMIN,Final,2006-02-09,02:00,1610612750,MIN,91,1610612739,CLE,97,,,,False
2005-2006,2006,0020500720,20060208/LALHOU,Final,2006-02-09,02:30,1610612745,HOU,78,1610612747,LAL,89,,,,False
2005-2006,2006,0020500721,20060208/MEMPHX,Final,2006-02-09,03:00,1610612756,PHX,108,1610612763,MEM,102,,,,False
2005-2006,2006,0020500722,20060208/CHIDEN,Final,2006-02-09,03:30,1610612743,DEN,107,1610612741,CHI,110,,,,False
2005-2006,2006,0020500723,20060209/MIADAL,Final,2006-02-10,02:00,1610612742,DAL,112,1610612748,MIA,76,,,,False
2005-2006,2006,0020500724,20060209/CHISAC,Final,2006-02-10,04:30,1610612758,SAC,98,1610612741,CHI,80,,,,False
2005-2006,2006,0020500725,20060210/CLEWAS,Final,2006-02-11,01:00,1610612764,WAS,101,1610612739,CLE,89,,,,False
2005-2006,2006,0020500726,20060210/DETORL,Final,2006-02-11,01:00,1610612753,ORL,73,1610612765,DET,84,,,,False
2005-2006,2006,0020500727,20060210/PORBOS,Final,2006-02-11,01:30,1610612738,BOS,115,1610612757,POR,83,,,,False
2005-2006,2006,0020500728,20060210/SASNJN,Final,2006-02-11,02:00,1610612751,NJN,73,1610612759,SAS,83,,,,False
2005-2006,2006,0020500729,20060210/TORCHA,Final,2006-02-11,01:30,1610612766,CHA,73,1610612761,TOR,88,,,,False
2005-2006,2006,0020500730,20060210/GSWIND,Final,2006-02-11,02:00,1610612754,IND,107,1610612744,GSW,95,,,,False
2005-2006,2006,0020500731,20060210/NYKNOK,Final,2006-02-11,02:00,1610612740,NOK,111,1610612752,NYK,100,,,,False
2005-2006,2006,0020500732,20060210/UTAMIN,Final,2006-02-11,02:00,1610612750,MIN,80,1610612762,UTA,94,,,,False
2005-2006,2006,0020500733,20060210/SACPHX,Final,2006-02-11,03:00,1610612756,PHX,112,1610612758,SAC,104,,,,False
2005-2006,2006,0020500734,20060210/DALDEN,Final,2006-02-11,04:30,1610612743,DEN,113,1610612742,DAL,104,,,,False
2005-2006,2006,0020500735,20060210/MEMLAC,Final,2006-02-11,04:30,1610612746,LAC,91,1610612763,MEM,87,,,,False
2005-2006,2006,0020500736,20060210/ATLSEA,Final,2006-02-11,04:30,1610612760,SEA,99,1610612737,ATL,91,,,,False
2005-2006,2006,0020500737,20060211/GSWCLE,Final,2006-02-12,01:30,1610612739,CLE,91,1610612744,GSW,99,,,,False
2005-2006,2006,0020500738,20060211/NOKMIN,Final,2006-02-12,02:00,1610612750,MIN,94,1610612740,NOK,100,,,,False
2005-2006,2006,0020500739,20060211/CHAMIL,Final,2006-02-12,02:30,1610612749,MIL,99,1610612766,CHA,93,,,,False
2005-2006,2006,0020500740,20060211/UTAHOU,Final,2006-02-12,02:30,1610612745,HOU,102,1610612762,UTA,88,,,,False
2005-2006,2006,0020500741,20060211/MEMLAL,Final,2006-02-12,04:30,1610612747,LAL,99,1610612763,MEM,100,,,,False
2005-2006,2006,0020500743,20060212/PHIWAS,Final,2006-02-12,19:00,1610612764,WAS,107,1610612755,PHI,97,,,,False
2005-2006,2006,0020500744,20060212/SASIND,Final,2006-02-12,19:00,1610612754,IND,88,1610612759,SAS,92,,,,False
2005-2006,2006,0020500745,20060212/DETMIA,Final,2006-02-12,21:30,1610612748,MIA,100,1610612765,DET,98,,,,False
2005-2006,2006,0020500742,20060212/PORTOR,Final,2006-02-13,00:00,1610612761,TOR,114,1610612757,POR,81,,,,False
2005-2006,2006,0020500746,20060212/ORLBOS,Final,2006-02-13,00:00,1610612738,BOS,102,1610612753,ORL,94,,,,False
2005-2006,2006,0020500747,20060212/MILNJN,Final,2006-02-13,00:00,1610612751,NJN,94,1610612749,MIL,79,,,,False
2005-2006,2006,0020500748,20060212/NYKHOU,Final,2006-02-13,02:30,1610612745,HOU,90,1610612752,NYK,83,,,,False
2005-2006,2006,0020500749,20060212/ATLSAC,Final,2006-02-13,03:00,1610612758,SAC,109,1610612737,ATL,84,,,,False
2005-2006,2006,0020500750,20060212/DENSEA,Final/OT,2006-02-13,03:00,1610612760,SEA,112,1610612743,DEN,120,,,,False
2005-2006,2006,0020500751,20060212/CHILAC,Final,2006-02-13,04:30,1610612746,LAC,91,1610612741,CHI,97,,,,False
2005-2006,2006,0020500758,20060213/SASCLE,Final,2006-02-14,01:00,1610612739,CLE,101,1610612759,SAS,87,,,,False
2005-2006,2006,0020500752,20060213/PORCHA,Final,2006-02-14,01:30,1610612766,CHA,83,1610612757,POR,91,,,,False
2005-2006,2006,0020500753,20060213/WASNOK,Final,2006-02-14,02:00,1610612740,NOK,97,1610612764,WAS,96,,,,False
2005-2006,2006,0020500754,20060213/TORMIN,Final,2006-02-14,02:00,1610612750,MIN,94,1610612761,TOR,98,,,,False
2005-2006,2006,0020500755,20060213/NYKDAL,Final,2006-02-14,02:30,1610612742,DAL,100,1610612752,NYK,72,,,,False
2005-2006,2006,0020500756,20060213/UTALAL,Final,2006-02-14,04:30,1610612747,LAL,94,1610612762,UTA,88,,,,False
2005-2006,2006,0020500757,20060213/MEMGSW,Final,2006-02-14,04:30,1610612744,GSW,79,1610612763,MEM,81,,,,False
2005-2006,2006,0020500759,20060214/ORLMIA,Final,2006-02-15,01:30,1610612748,MIA,107,1610612753,ORL,93,,,,False
2005-2006,2006,0020500760,20060214/NJNDET,Final,2006-02-15,01:30,1610612765,DET,85,1610612751,NJN,71,,,,False
2005-2006,2006,0020500761,20060214/SEAMIL,Final,2006-02-15,02:00,1610612749,MIL,106,1610612760,SEA,91,,,,False
2005-2006,2006,0020500762,20060214/SACCHI,Final/OT,2006-02-15,02:30,1610612741,CHI,101,1610612758,SAC,105,,,,False
2005-2006,2006,0020500763,20060214/HOULAC,Final,2006-02-15,04:30,1610612746,LAC,97,1610612745,HOU,128,,,,False
2005-2006,2006,0020500764,20060215/SASPHI,Final/OT,2006-02-16,01:00,1610612755,PHI,103,1610612759,SAS,100,,,,False
2005-2006,2006,0020500765,20060215/MIAORL,Final,2006-02-16,01:00,1610612753,ORL,100,1610612748,MIA,110,,,,False
2005-2006,2006,0020500766,20060215/MILIND,Final,2006-02-16,01:00,1610612754,IND,88,1610612749,MIL,77,,,,False
2005-2006,2006,0020500767,20060215/CLEBOS,Final/OT2,2006-02-16,01:30,1610612738,BOS,109,1610612739,CLE,113,,,,False
2005-2006,2006,0020500768,20060215/TORNYK,Final,2006-02-16,01:30,1610612752,NYK,98,1610612761,TOR,96,,,,False
2005-2006,2006,0020500769,20060215/NJNCHA,Final,2006-02-16,01:30,1610612766,CHA,94,1610612751,NJN,95,,,,False
2005-2006,2006,0020500770,20060215/SACMEM,Final,2006-02-16,02:00,1610612763,MEM,84,1610612758,SAC,78,,,,False
2005-2006,2006,0020500771,20060215/PORNOK,Final,2006-02-16,02:00,1610612740,NOK,102,1610612757,POR,86,,,,False
2005-2006,2006,0020500772,20060215/SEAMIN,Final,2006-02-16,02:00,1610612750,MIN,102,1610612760,SEA,92,,,,False
2005-2006,2006,0020500773,20060215/WASDAL,Final,2006-02-16,03:00,1610612742,DAL,103,1610612764,WAS,97,,,,False
2005-2006,2006,0020500774,20060215/PHXDEN,Final,2006-02-16,03:00,1610612743,DEN,101,1610612756,PHX,116,,,,False
2005-2006,2006,0020500775,20060215/ATLLAL,Final,2006-02-16,04:30,1610612747,LAL,110,1610612737,ATL,114,,,,False
2005-2006,2006,0020500776,20060215/LACGSW,Final,2006-02-16,04:30,1610612744,GSW,88,1610612746,LAC,81,,,,False
2005-2006,2006,0020500777,20060216/PHICHI,Final,2006-02-17,01:30,1610612741,CHI,117,1610612755,PHI,84,,,,False
2005-2006,2006,0020500778,20060216/HOUPHX,Final,2006-02-17,04:00,1610612756,PHX,109,1610612745,HOU,75,,,,False
2005-2006,2006,0030500004,20060217/HTNCLC,Final,2006-02-18,01:00,1610612767,CLC,37,1610612778,HTN,33,,,,False
2005-2006,2006,0030500002,20060217/RKESPH,Final,2006-02-18,03:00,1610616838,SPH,106,1610616837,RKE,96,,Rising Stars,,False
2005-2006,2006,0030500008,20060218/ESTWST,,2006-02-18,22:00,1610616834,WST,0,1610616833,EST,0,,All-Star Game,,False
2005-2006,2006,0030500001,20060219/ESTWST,Final,2006-02-20,02:30,1610616834,WST,120,1610616833,EST,122,,All-Star Game,,False
2005-2006,2006,0020500781,20060221/NOKIND,Final,2006-02-22,01:00,1610612754,IND,97,1610612740,NOK,75,,,,False
2005-2006,2006,0020500785,20060221/LACDAL,Final,2006-02-22,02:30,1610612742,DAL,93,1610612746,LAC,91,,,,False
2005-2006,2006,0020500779,20060221/MINWAS,Final,2006-02-22,01:00,1610612764,WAS,90,1610612750,MIN,78,,,,False
2005-2006,2006,0020500780,20060221/ORLCLE,Final,2006-02-22,01:00,1610612739,CLE,105,1610612753,ORL,92,,,,False
2005-2006,2006,0020500782,20060221/ATLDET,Final,2006-02-22,01:30,1610612765,DET,97,1610612737,ATL,87,,,,False
2005-2006,2006,0020500783,20060221/NJNMIL,Final,2006-02-22,02:00,1610612749,MIL,85,1610612751,NJN,89,,,,False
2005-2006,2006,0020500784,20060221/TORMEM,Final,2006-02-22,02:00,1610612763,MEM,94,1610612761,TOR,88,,,,False
2005-2006,2006,0020500786,20060221/SEASAS,Final,2006-02-22,02:30,1610612759,SAS,103,1610612760,SEA,78,,,,False
2005-2006,2006,0020500787,20060221/CHADEN,Final,2006-02-22,03:00,1610612743,DEN,100,1610612766,CHA,84,,,,False
2005-2006,2006,0020500788,20060221/BOSUTA,Final,2006-02-22,03:00,1610612762,UTA,83,1610612738,BOS,103,,,,False
2005-2006,2006,0020500789,20060221/GSWSAC,Final,2006-02-22,04:00,1610612758,SAC,102,1610612744,GSW,77,,,,False
2005-2006,2006,0020500790,20060221/PORLAL,Final,2006-02-22,04:30,1610612747,LAL,99,1610612757,POR,82,,,,False
2005-2006,2006,0020500625,20060222/UTANOK,Final,2006-02-23,02:00,1610612740,NOK,76,1610612762,UTA,82,,,,False
2005-2006,2006,0020500799,20060222/CHAPOR,Final,2006-02-23,04:00,1610612757,POR,106,1610612766,CHA,110,,,,False
2005-2006,2006,0020500791,20060222/CLEPHI,Final,2006-02-23,01:00,1610612755,PHI,116,1610612739,CLE,107,,,,False
2005-2006,2006,0020500792,20060222/SEAATL,Final,2006-02-23,01:00,1610612737,ATL,109,1610612760,SEA,114,,,,False
2005-2006,2006,0020500793,20060222/ORLNJN,Final,2006-02-23,01:30,1610612751,NJN,96,1610612753,ORL,93,,,,False
2005-2006,2006,0020500794,20060222/MIANYK,Final,2006-02-23,01:30,1610612752,NYK,83,1610612748,MIA,103,,,,False
2005-2006,2006,0020500797,20060222/LACHOU,Final,2006-02-23,02:30,1610612745,HOU,106,1610612746,LAC,102,,,,False
2005-2006,2006,0020500796,20060222/MILCHI,Final,2006-02-23,03:00,1610612741,CHI,97,1610612749,MIL,91,,,,False
2005-2006,2006,0020500798,20060222/BOSPHX,Final,2006-02-23,03:00,1610612756,PHX,103,1610612738,BOS,94,,,,False
2005-2006,2006,0020500800,20060223/INDDET,Final,2006-02-24,02:00,1610612765,DET,88,1610612754,IND,83,,,,False
2005-2006,2006,0020500801,20060223/MEMDAL,Final,2006-02-24,02:30,1610612742,DAL,97,1610612763,MEM,87,,,,False
2005-2006,2006,0020500802,20060223/SACLAL,Final,2006-02-24,04:30,1610612747,LAL,106,1610612758,SAC,85,,,,False
2005-2006,2006,0020500803,20060224/SEAORL,Final,2006-02-25,01:00,1610612753,ORL,102,1610612760,SEA,89,,,,False
2005-2006,2006,0020500804,20060224/ATLIND,Final/OT,2006-02-25,01:00,1610612754,IND,112,1610612737,ATL,117,,,,False
2005-2006,2006,0020500805,20060224/WASCLE,Final,2006-02-25,01:30,1610612739,CLE,94,1610612764,WAS,102,,,,False
2005-2006,2006,0020500806,20060224/NJNNYK,Final,2006-02-25,02:00,1610612752,NYK,90,1610612751,NJN,94,,,,False
2005-2006,2006,0020500807,20060224/SASMEM,Final,2006-02-25,02:00,1610612763,MEM,80,1610612759,SAS,83,,,,False
2005-2006,2006,0020500808,20060224/DENMIN,Final/OT,2006-02-25,02:00,1610612750,MIN,101,1610612743,DEN,102,,,,False
2005-2006,2006,0020500809,20060224/DETCHI,Final,2006-02-25,02:30,1610612741,CHI,87,1610612765,DET,95,,,,False
2005-2006,2006,0020500810,20060224/PHIMIL,Final,2006-02-25,02:30,1610612749,MIL,111,1610612755,PHI,116,,,,False
2005-2006,2006,0020500811,20060224/GSWHOU,Final,2006-02-25,02:30,1610612745,HOU,91,1610612744,GSW,88,,,,False
2005-2006,2006,0020500812,20060224/BOSPOR,Final,2006-02-25,04:00,1610612757,POR,96,1610612738,BOS,102,,,,False
2005-2006,2006,0020500813,20060224/LALLAC,Final,2006-02-25,04:30,1610612746,LAC,102,1610612747,LAL,83,,,,False
2005-2006,2006,0020500814,20060225/TORDAL,Final/OT,2006-02-25,19:00,1610612742,DAL,115,1610612761,TOR,113,,,,False
2005-2006,2006,0020500816,20060225/NYKWAS,Final,2006-02-26,01:00,1610612764,WAS,110,1610612752,NYK,89,,,,False
2005-2006,2006,0020500817,20060225/MILATL,Final,2006-02-26,01:00,1610612737,ATL,89,1610612749,MIL,99,,,,False
2005-2006,2006,0020500815,20060225/CHIPHI,Final,2006-02-26,01:30,1610612755,PHI,108,1610612741,CHI,102,,,,False
2005-2006,2006,0020500818,20060225/SEAMIA,Final,2006-02-26,01:30,1610612748,MIA,115,1610612760,SEA,106,,,,False
2005-2006,2006,0020500819,20060225/GSWSAS,Final,2006-02-26,02:30,1610612759,SAS,92,1610612744,GSW,75,,,,False
2005-2006,2006,0020500820,20060225/NOKUTA,Final,2006-02-26,03:00,1610612762,UTA,95,1610612740,NOK,100,,,,False
2005-2006,2006,0020500821,20060225/CHAPHX,Final,2006-02-26,03:00,1610612756,PHX,136,1610612766,CHA,121,,,,False
2005-2006,2006,0020500824,20060226/MEMMIN,Final,2006-02-26,21:30,1610612750,MIN,105,1610612763,MEM,99,,,,False
2005-2006,2006,0020500822,20060226/CLEDET,Final,2006-02-26,18:00,1610612765,DET,90,1610612739,CLE,78,,,,False
2005-2006,2006,0020500823,20060226/HOUORL,Final,2006-02-26,21:30,1610612753,ORL,84,1610612745,HOU,89,,,,False
2005-2006,2006,0020500825,20060226/INDNJN,Final,2006-02-27,00:00,1610612751,NJN,91,1610612754,IND,101,,,,False
2005-2006,2006,0020500826,20060226/BOSLAL,Final,2006-02-27,01:30,1610612747,LAL,111,1610612738,BOS,112,,,,False
2005-2006,2006,0020500827,20060226/NOKPOR,Final,2006-02-27,03:00,1610612757,POR,75,1610612740,NOK,88,,,,False
2005-2006,2006,0020500828,20060227/NJNATL,Final/OT,2006-02-28,01:00,1610612737,ATL,104,1610612751,NJN,102,,,,False
2005-2006,2006,0020500829,20060227/DETCLE,Final,2006-02-28,01:00,1610612739,CLE,72,1610612765,DET,84,,,,False
2005-2006,2006,0020500830,20060227/TORMIA,Final,2006-02-28,01:30,1610612748,MIA,101,1610612761,TOR,94,,,,False
2005-2006,2006,0020500831,20060227/WASMEM,Final,2006-02-28,02:00,1610612763,MEM,108,1610612764,WAS,98,,,,False
2005-2006,2006,0020500832,20060227/PHXHOU,Final,2006-02-28,02:30,1610612745,HOU,94,1610612756,PHX,111,,,,False
2005-2006,2006,0020500833,20060227/PHIDAL,Final,2006-02-28,02:30,1610612742,DAL,104,1610612755,PHI,92,,,,False
2005-2006,2006,0020500834,20060227/NYKSAS,Final,2006-02-28,02:30,1610612759,SAS,121,1610612752,NYK,93,,,,False
2005-2006,2006,0020500835,20060227/MILDEN,Final,2006-02-28,03:00,1610612743,DEN,89,1610612749,MIL,110,,,,False
2005-2006,2006,0020500836,20060227/PORSAC,Final,2006-02-28,04:00,1610612758,SAC,115,1610612757,POR,91,,,,False
2005-2006,2006,0020500837,20060227/CHALAC,Final,2006-02-28,04:30,1610612746,LAC,95,1610612766,CHA,87,,,,False
2005-2006,2006,0020500838,20060227/UTAGSW,Final/OT,2006-02-28,04:30,1610612744,GSW,108,1610612762,UTA,117,,,,False
2005-2006,2006,0020500839,20060228/MINCHI,Final,2006-03-01,02:30,1610612741,CHI,111,1610612750,MIN,100,,,,False
2005-2006,2006,0020500840,20060228/NOKSEA,Final,2006-03-01,04:00,1610612760,SEA,114,1610612740,NOK,104,,,,False
2005-2006,2006,0020500841,20060228/ORLLAL,Final,2006-03-01,04:30,1610612747,LAL,102,1610612753,ORL,87,,,,False
2005-2006,2006,0020500843,20060301/INDWAS,Final,2006-03-02,01:00,1610612764,WAS,93,1610612754,IND,99,,,,False
2005-2006,2006,0020500844,20060301/SACCLE,Final,2006-03-02,01:00,1610612739,CLE,90,1610612758,SAC,97,,,,False
2005-2006,2006,0020500845,20060301/MIABOS,Final,2006-03-02,01:30,1610612738,BOS,96,1610612748,MIA,103,,,,False
2005-2006,2006,0020500846,20060301/NYKMEM,Final,2006-03-02,02:00,1610612763,MEM,101,1610612752,NYK,99,,,,False
2005-2006,2006,0020500847,20060301/NJNMIN,Final,2006-03-02,02:00,1610612750,MIN,100,1610612751,NJN,90,,,,False
2005-2006,2006,0020500842,20060301/ATLTOR,Final/OT,2006-03-02,01:00,1610612761,TOR,111,1610612737,ATL,113,,,,False
2005-2006,2006,0020500848,20060301/PHIHOU,Final,2006-03-02,03:00,1610612745,HOU,101,1610612755,PHI,106,,,,False
2005-2006,2006,0020500849,20060301/DETDEN,Final,2006-03-02,03:00,1610612743,DEN,98,1610612765,DET,87,,,,False
2005-2006,2006,0020500850,20060301/CHAUTA,Final,2006-03-02,03:00,1610612762,UTA,89,1610612766,CHA,104,,,,False
2005-2006,2006,0020500851,20060301/MILPHX,Final,2006-03-02,03:00,1610612756,PHX,123,1610612749,MIL,110,,,,False
2005-2006,2006,0020500852,20060301/LALPOR,Final,2006-03-02,04:00,1610612757,POR,99,1610612747,LAL,93,,,,False
2005-2006,2006,0020500853,20060301/NOKLAC,Final,2006-03-02,04:30,1610612746,LAC,89,1610612740,NOK,67,,,,False
2005-2006,2006,0020500854,20060301/ORLGSW,Final,2006-03-02,04:30,1610612744,GSW,98,1610612753,ORL,94,,,,False
2005-2006,2006,0020500855,20060302/CLECHI,Final,2006-03-03,01:00,1610612741,CHI,91,1610612739,CLE,92,,,,False
2005-2006,2006,0020500856,20060302/DALSAS,Final,2006-03-03,03:30,1610612759,SAS,98,1610612742,DAL,89,,,,False
2005-2006,2006,0020500858,20060303/SACATL,Final,2006-03-04,01:00,1610612737,ATL,93,1610612758,SAC,102,,,,False
2005-2006,2006,0020500857,20060303/WASPHI,Final,2006-03-04,01:30,1610612755,PHI,119,1610612764,WAS,113,,,,False
2005-2006,2006,0020500859,20060303/INDBOS,Final,2006-03-04,01:30,1610612738,BOS,99,1610612754,IND,98,,,,False
2005-2006,2006,0020500860,20060303/CHINYK,Final,2006-03-04,01:30,1610612752,NYK,101,1610612741,CHI,108,,,,False
2005-2006,2006,0020500861,20060303/DENHOU,Final,2006-03-04,02:30,1610612745,HOU,89,1610612743,DEN,78,,,,False
2005-2006,2006,0020500862,20060303/CHADAL,Final,2006-03-04,02:30,1610612742,DAL,90,1610612766,CHA,76,,,,False
2005-2006,2006,0020500864,20060303/ORLPHX,Final,2006-03-04,03:00,1610612756,PHX,123,1610612753,ORL,118,,,,False
2005-2006,2006,0020500863,20060303/LACUTA,Final,2006-03-04,04:00,1610612762,UTA,105,1610612746,LAC,103,,,,False
2005-2006,2006,0020500865,20060303/LALGSW,Final,2006-03-04,04:30,1610612744,GSW,94,1610612747,LAL,106,,,,False
2005-2006,2006,0020500866,20060303/DETSEA,Final,2006-03-04,04:30,1610612760,SEA,96,1610612765,DET,98,,,,False
2005-2006,2006,0020500867,20060304/TORNJN,Final/OT,2006-03-04,19:00,1610612751,NJN,105,1610612761,TOR,100,,,,False
2005-2006,2006,0020500868,20060304/ATLMIA,Final,2006-03-05,01:30,1610612748,MIA,95,1610612737,ATL,93,,,,False
2005-2006,2006,0020500870,20060304/NYKMIL,Final,2006-03-05,02:30,1610612749,MIL,98,1610612752,NYK,103,,,,False
2005-2006,2006,0020500871,20060304/PORSAS,Final,2006-03-05,02:30,1610612759,SAS,101,1610612757,POR,81,,,,False
2005-2006,2006,0020500872,20060304/ORLDEN,Final,2006-03-05,03:00,1610612743,DEN,110,1610612753,ORL,94,,,,False
2005-2006,2006,0020500873,20060304/DETLAL,Final,2006-03-05,04:30,1610612747,LAL,105,1610612765,DET,94,,,,False
2005-2006,2006,0020500875,20060305/INDPHI,Final,2006-03-05,19:00,1610612755,PHI,93,1610612754,IND,94,,,,False
2005-2006,2006,0020500876,20060305/SACWAS,Final,2006-03-05,19:00,1610612764,WAS,117,1610612758,SAC,107,,,,False
2005-2006,2006,0020500877,20060305/PHXDAL,Final,2006-03-05,21:30,1610612742,DAL,107,1610612756,PHX,115,,,,False
2005-2006,2006,0020500878,20060305/GSWMIN,Final,2006-03-05,21:30,1610612750,MIN,103,1610612744,GSW,90,,,,False
2005-2006,2006,0020500874,20060305/BOSTOR,Final,2006-03-06,00:00,1610612761,TOR,111,1610612738,BOS,105,,,,False
2005-2006,2006,0020500879,20060305/CHICLE,Final,2006-03-06,01:30,1610612739,CLE,91,1610612741,CHI,72,,,,False
2005-2006,2006,0020500880,20060305/PORHOU,Final,2006-03-06,02:30,1610612745,HOU,102,1610612757,POR,84,,,,False
2005-2006,2006,0020500881,20060305/MEMLAC,Final,2006-03-06,03:00,1610612746,LAC,86,1610612763,MEM,102,,,,False
2005-2006,2006,0020500882,20060305/UTASEA,Final,2006-03-06,03:00,1610612760,SEA,113,1610612762,UTA,81,,,,False
2005-2006,2006,0020500885,20060306/PHXNOK,Final,2006-03-07,02:00,1610612740,NOK,88,1610612756,PHX,101,,,,False
2005-2006,2006,0020500883,20060306/SACNJN,Final,2006-03-07,01:30,1610612751,NJN,84,1610612758,SAC,109,,,,False
2005-2006,2006,0020500884,20060306/MIACHA,Final/OT,2006-03-07,01:30,1610612766,CHA,105,1610612748,MIA,106,,,,False
2005-2006,2006,0020500886,20060306/MEMDEN,Final,2006-03-07,03:00,1610612743,DEN,115,1610612763,MEM,101,,,,False
2005-2006,2006,0020500887,20060306/ORLUTA,Final,2006-03-07,03:00,1610612762,UTA,90,1610612753,ORL,85,,,,False
2005-2006,2006,0020500888,20060306/SASLAL,Final,2006-03-07,04:30,1610612747,LAL,96,1610612759,SAS,103,,,,False
2005-2006,2006,0020500892,20060307/NYKIND,Final,2006-03-08,01:00,1610612754,IND,92,1610612752,NYK,107,,,,False
2005-2006,2006,0020500889,20060307/BOSWAS,Final/OT,2006-03-08,01:00,1610612764,WAS,115,1610612738,BOS,116,,,,False
2005-2006,2006,0020500890,20060307/GSWATL,Final,2006-03-08,01:00,1610612737,ATL,113,1610612744,GSW,106,,,,False
2005-2006,2006,0020500891,20060307/TORCLE,Final,2006-03-08,01:00,1610612739,CLE,106,1610612761,TOR,99,,,,False
2005-2006,2006,0020500893,20060307/HOUMIN,Final,2006-03-08,02:00,1610612750,MIN,87,1610612745,HOU,93,,,,False
2005-2006,2006,0020500894,20060307/NJNCHI,Final,2006-03-08,02:30,1610612741,CHI,95,1610612751,NJN,87,,,,False
2005-2006,2006,0020500895,20060307/PORDAL,Final,2006-03-08,02:30,1610612742,DAL,93,1610612757,POR,87,,,,False
2005-2006,2006,0020500896,20060307/SASLAC,Final,2006-03-08,04:30,1610612746,LAC,98,1610612759,SAS,85,,,,False
2005-2006,2006,0020500897,20060308/CLETOR,Final,2006-03-09,01:00,1610612761,TOR,97,1610612739,CLE,98,,,,False
2005-2006,2006,0020500898,20060308/PHIBOS,Final,2006-03-09,01:30,1610612738,BOS,104,1610612755,PHI,101,,,,False
2005-2006,2006,0020500899,20060308/GSWCHA,Final,2006-03-09,01:30,1610612766,CHA,104,1610612744,GSW,101,,,,False
2005-2006,2006,0020500900,20060308/WASMIA,Final,2006-03-09,01:30,1610612748,MIA,118,1610612764,WAS,112,,,,False
2005-2006,2006,0020500901,20060308/CHIDET,Final,2006-03-09,01:30,1610612765,DET,106,1610612741,CHI,101,,,,False
2005-2006,2006,0020500902,20060308/SACMIL,Final,2006-03-09,02:00,1610612749,MIL,116,1610612758,SAC,123,,,,False
2005-2006,2006,0020500903,20060308/LALNOK,Final,2006-03-09,02:00,1610612740,NOK,107,1610612747,LAL,113,,,,False
2005-2006,2006,0020500904,20060308/INDHOU,Final,2006-03-09,02:30,1610612745,HOU,103,1610612754,IND,99,,,,False
2005-2006,2006,0020500905,20060308/MINUTA,Final,2006-03-09,03:00,1610612762,UTA,96,1610612750,MIN,93,,,,False
2005-2006,2006,0020500906,20060308/MEMSEA,Final,2006-03-09,04:00,1610612760,SEA,74,1610612763,MEM,99,,,,False
2005-2006,2006,0020500907,20060309/DENPHI,Final,2006-03-10,02:00,1610612755,PHI,93,1610612743,DEN,97,,,,False
2005-2006,2006,0020500908,20060309/DALPOR,Final,2006-03-10,04:00,1610612757,POR,92,1610612742,DAL,109,,,,False
2005-2006,2006,0020500909,20060309/SASPHX,Final,2006-03-10,04:30,1610612756,PHX,93,1610612759,SAS,117,,,,False
2005-2006,2006,0020500914,20060310/INDNOK,Final,2006-03-11,02:00,1610612740,NOK,90,1610612754,IND,92,,,,False
2005-2006,2006,0020500910,20060310/DENTOR,Final,2006-03-11,01:00,1610612761,TOR,97,1610612743,DEN,108,,,,False
2005-2006,2006,0020500911,20060310/CLEORL,Final,2006-03-11,01:00,1610612753,ORL,102,1610612739,CLE,73,,,,False
2005-2006,2006,0020500912,20060310/MILBOS,Final,2006-03-11,01:30,1610612738,BOS,86,1610612749,MIL,92,,,,False
2005-2006,2006,0020500913,20060310/GSWMIA,Final,2006-03-11,01:30,1610612748,MIA,106,1610612744,GSW,111,,,,False
2005-2006,2006,0020500915,20060310/LACCHI,Final,2006-03-11,02:30,1610612741,CHI,96,1610612746,LAC,107,,,,False
2005-2006,2006,0020500916,20060310/LALSAS,Final,2006-03-11,02:30,1610612759,SAS,92,1610612747,LAL,100,,,,False
2005-2006,2006,0020500917,20060310/MEMSAC,Final,2006-03-11,04:00,1610612758,SAC,105,1610612763,MEM,93,,,,False
2005-2006,2006,0020500918,20060310/MINSEA,Final,2006-03-11,04:30,1610612760,SEA,107,1610612750,MIN,96,,,,False
2005-2006,2006,0020500919,20060311/DETWAS,Final,2006-03-12,01:00,1610612764,WAS,110,1610612765,DET,92,,,,False
2005-2006,2006,0020500920,20060311/CHIATL,Final,2006-03-12,01:00,1610612737,ATL,90,1610612741,CHI,95,,,,False
2005-2006,2006,0020500921,20060311/GSWORL,Final,2006-03-12,01:00,1610612753,ORL,103,1610612744,GSW,92,,,,False
2005-2006,2006,0020500922,20060311/NYKCHA,Final,2006-03-12,01:30,1610612766,CHA,116,1610612752,NYK,109,,,,False
2005-2006,2006,0020500923,20060311/LACMIL,Final,2006-03-12,02:30,1610612749,MIL,98,1610612746,LAC,106,,,,False
2005-2006,2006,0020500924,20060311/DALUTA,Final,2006-03-12,03:00,1610612762,UTA,87,1610612742,DAL,90,,,,False
2005-2006,2006,0020500925,20060311/MINPHX,Final,2006-03-12,03:00,1610612756,PHX,110,1610612750,MIN,102,,,,False
2005-2006,2006,0020500929,20060312/CLEMIA,Final,2006-03-12,19:00,1610612748,MIA,98,1610612739,CLE,92,,,,False
2005-2006,2006,0020500928,20060312/HOUSAS,Final,2006-03-12,21:30,1610612759,SAS,88,1610612745,HOU,81,,,,False
2005-2006,2006,0020500930,20060312/SEALAL,Final,2006-03-12,21:30,1610612747,LAL,113,1610612760,SEA,120,,,,False
2005-2006,2006,0020500931,20060312/PHIMEM,Final,2006-03-12,22:00,1610612763,MEM,91,1610612755,PHI,94,,,,False
2005-2006,2006,0020500926,20060312/DENBOS,Final,2006-03-13,00:00,1610612738,BOS,106,1610612743,DEN,101,,,,False
2005-2006,2006,0020500927,20060312/INDTOR,Final,2006-03-13,00:00,1610612761,TOR,93,1610612754,IND,89,,,,False
2005-2006,2006,0020500932,20060312/CHADET,Final,2006-03-13,00:00,1610612765,DET,94,1610612766,CHA,78,,,,False
2005-2006,2006,0020500933,20060312/NJNNOK,Final,2006-03-13,01:00,1610612740,NOK,84,1610612751,NJN,95,,,,False
2005-2006,2006,0020500934,20060312/DALSAC,Final,2006-03-13,03:00,1610612758,SAC,85,1610612742,DAL,80,,,,False
2005-2006,2006,0020500935,20060312/PHXPOR,Final,2006-03-13,03:00,1610612757,POR,111,1610612756,PHX,101,,,,False
2005-2006,2006,0020500936,20060313/ORLIND,Final,2006-03-14,01:00,1610612754,IND,97,1610612753,ORL,83,,,,False
2005-2006,2006,0020500937,20060313/DENNYK,Final,2006-03-14,01:30,1610612752,NYK,96,1610612743,DEN,108,,,,False
2005-2006,2006,0020500938,20060313/ATLMIL,Final,2006-03-14,02:00,1610612749,MIL,88,1610612737,ATL,87,,,,False
2005-2006,2006,0020500939,20060313/NJNHOU,Final,2006-03-14,02:30,1610612745,HOU,77,1610612751,NJN,90,,,,False
2005-2006,2006,0020500940,20060313/MINLAC,Final,2006-03-14,04:30,1610612746,LAC,95,1610612750,MIN,87,,,,False
2005-2006,2006,0020500942,20060314/WASCHA,Final,2006-03-15,01:30,1610612766,CHA,114,1610612764,WAS,119,,,,False
2005-2006,2006,0020500947,20060314/NOKSAS,Final,2006-03-15,02:30,1610612759,SAS,96,1610612740,NOK,81,,,,False
2005-2006,2006,0020500949,20060314/PHXSEA,Final,2006-03-15,04:00,1610612760,SEA,120,1610612756,PHX,129,,,,False
2005-2006,2006,0020500941,20060314/TORPHI,Final,2006-03-15,01:00,1610612755,PHI,97,1610612761,TOR,111,,,,False
2005-2006,2006,0020500943,20060314/UTAMIA,Final,2006-03-15,01:30,1610612748,MIA,121,1610612762,UTA,83,,,,False
2005-2006,2006,0020500944,20060314/BOSMEM,Final,2006-03-15,02:00,1610612763,MEM,93,1610612738,BOS,76,,,,False
2005-2006,2006,0020500945,20060314/PORCHI,Final,2006-03-15,02:30,1610612741,CHI,95,1610612757,POR,66,,,,False
2005-2006,2006,0020500946,20060314/CLEDAL,Final,2006-03-15,02:30,1610612742,DAL,91,1610612739,CLE,87,,,,False
2005-2006,2006,0020500948,20060314/LALSAC,Final,2006-03-15,04:00,1610612758,SAC,114,1610612747,LAL,98,,,,False
2005-2006,2006,0020500951,20060315/CHAWAS,Final,2006-03-16,01:00,1610612764,WAS,107,1610612766,CHA,99,,,,False
2005-2006,2006,0020500955,20060315/ATLNYK,Final/OT2,2006-03-16,01:30,1610612752,NYK,121,1610612737,ATL,117,,,,False
2005-2006,2006,0020500958,20060315/LACPHX,Final,2006-03-16,03:00,1610612756,PHX,126,1610612746,LAC,95,,,,False
2005-2006,2006,0020500950,20060315/DETTOR,Final,2006-03-16,01:00,1610612761,TOR,98,1610612765,DET,105,,,,False
2005-2006,2006,0020500952,20060315/UTAORL,Final/OT,2006-03-16,01:00,1610612753,ORL,114,1610612762,UTA,108,,,,False
2005-2006,2006,0020500953,20060315/DENIND,Final,2006-03-16,01:00,1610612754,IND,99,1610612743,DEN,101,,,,False
2005-2006,2006,0020500954,20060315/PORNJN,Final,2006-03-16,01:30,1610612751,NJN,78,1610612757,POR,65,,,,False
2005-2006,2006,0020500956,20060315/CHIMIL,Final,2006-03-16,02:00,1610612749,MIL,104,1610612741,CHI,88,,,,False
2005-2006,2006,0020500957,20060315/DALHOU,Final,2006-03-16,03:00,1610612745,HOU,81,1610612742,DAL,95,,,,False
2005-2006,2006,0020500959,20060315/MINLAL,Final,2006-03-16,04:30,1610612747,LAL,92,1610612750,MIN,89,,,,False
2005-2006,2006,0020500960,20060316/BOSMIA,Final,2006-03-17,02:00,1610612748,MIA,107,1610612738,BOS,104,,,,False
2005-2006,2006,0020500962,20060316/PHISEA,Final,2006-03-17,04:00,1610612760,SEA,102,1610612755,PHI,98,,,,False
2005-2006,2006,0020500961,20060316/MINGSW,Final,2006-03-17,04:30,1610612744,GSW,105,1610612750,MIN,97,,,,False
2005-2006,2006,0020500968,20060317/LALNJN,Final,2006-03-18,01:30,1610612751,NJN,92,1610612747,LAL,89,,,,False
2005-2006,2006,0020500963,20060317/MILTOR,Final,2006-03-18,01:00,1610612761,TOR,97,1610612749,MIL,96,,,,False
2005-2006,2006,0020500964,20060317/DALWAS,Final,2006-03-18,01:00,1610612764,WAS,94,1610612742,DAL,104,,,,False
2005-2006,2006,0020500965,20060317/UTAATL,Final,2006-03-18,01:00,1610612737,ATL,101,1610612762,UTA,111,,,,False
2005-2006,2006,0020500966,20060317/BOSORL,Final,2006-03-18,01:00,1610612753,ORL,84,1610612738,BOS,77,,,,False
2005-2006,2006,0020500967,20060317/SACIND,Final,2006-03-18,01:00,1610612754,IND,98,1610612758,SAC,93,,,,False
2005-2006,2006,0020500969,20060317/DETNYK,Final,2006-03-18,01:30,1610612752,NYK,105,1610612765,DET,103,,,,False
2005-2006,2006,0020500970,20060317/PORCLE,Final,2006-03-18,01:30,1610612739,CLE,99,1610612757,POR,84,,,,False
2005-2006,2006,0020500971,20060317/DENMEM,Final,2006-03-18,02:00,1610612763,MEM,116,1610612743,DEN,102,,,,False
2005-2006,2006,0020500972,20060317/PHXSAS,Final,2006-03-18,02:30,1610612759,SAS,108,1610612756,PHX,102,,,,False
2005-2006,2006,0020500973,20060317/PHILAC,Final,2006-03-18,04:30,1610612746,LAC,99,1610612755,PHI,89,,,,False
2005-2006,2006,0020500974,20060318/MIACHI,Final,2006-03-18,20:00,1610612741,CHI,84,1610612748,MIA,85,,,,False
2005-2006,2006,0020500975,20060318/DETCHA,Final,2006-03-19,01:30,1610612766,CHA,103,1610612765,DET,108,,,,False
2005-2006,2006,0020500976,20060318/DENNOK,Final,2006-03-19,02:00,1610612740,NOK,94,1610612743,DEN,109,,,,False
2005-2006,2006,0020500977,20060318/PORMIL,Final,2006-03-19,02:30,1610612749,MIL,97,1610612757,POR,93,,,,False
2005-2006,2006,0020500978,20060318/SASHOU,Final,2006-03-19,02:30,1610612745,HOU,77,1610612759,SAS,92,,,,False
2005-2006,2006,0020500986,20060319/PHIGSW,Final,2006-03-19,22:00,1610612744,GSW,98,1610612755,PHI,89,,,,False
2005-2006,2006,0020500979,20060319/DALNJN,Final,2006-03-19,19:00,1610612751,NJN,100,1610612742,DAL,89,,,,False
2005-2006,2006,0020500981,20060319/LALCLE,Final,2006-03-19,19:00,1610612739,CLE,96,1610612747,LAL,95,,,,False
2005-2006,2006,0020500983,20060319/ORLATL,Final/OT,2006-03-19,20:00,1610612737,ATL,108,1610612753,ORL,107,,,,False
2005-2006,2006,0020500982,20060319/BOSIND,Final,2006-03-19,21:30,1610612754,IND,88,1610612738,BOS,103,,,,False
2005-2006,2006,0020500980,20060319/CHIWAS,Final,2006-03-19,21:30,1610612764,WAS,113,1610612741,CHI,104,,,,False
2005-2006,2006,0020500984,20060319/SACMIN,Final,2006-03-19,21:30,1610612750,MIN,95,1610612758,SAC,89,,,,False
2005-2006,2006,0020500985,20060319/UTAMEM,Final,2006-03-19,22:00,1610612763,MEM,90,1610612762,UTA,84,,,,False
2005-2006,2006,0020500987,20060319/MIANYK,Final,2006-03-20,01:30,1610612752,NYK,100,1610612748,MIA,111,,,,False
2005-2006,2006,0020500988,20060320/LALBOS,Final,2006-03-21,01:30,1610612738,BOS,97,1610612747,LAL,105,,,,False
2005-2006,2006,0020500989,20060320/ATLDET,Final,2006-03-21,01:30,1610612765,DET,91,1610612737,ATL,84,,,,False
2005-2006,2006,0020500990,20060320/LACHOU,Final,2006-03-21,02:30,1610612745,HOU,91,1610612746,LAC,99,,,,False
2005-2006,2006,0020500991,20060320/MILPOR,Final,2006-03-21,04:00,1610612757,POR,93,1610612749,MIL,100,,,,False
2005-2006,2006,0020500996,20060321/LACNOK,Final,2006-03-22,02:00,1610612740,NOK,120,1610612746,LAC,108,,,,False
2005-2006,2006,0020500992,20060321/NJNWAS,Final,2006-03-22,01:00,1610612764,WAS,100,1610612751,NJN,112,,,,False
2005-2006,2006,0020500993,20060321/TORNYK,Final,2006-03-22,01:30,1610612752,NYK,109,1610612761,TOR,114,,,,False
2005-2006,2006,0020500994,20060321/ORLCHA,Final,2006-03-22,01:30,1610612766,CHA,108,1610612753,ORL,102,,,,False
2005-2006,2006,0020500995,20060321/INDMEM,Final,2006-03-22,02:00,1610612763,MEM,105,1610612754,IND,75,,,,False
2005-2006,2006,0020500997,20060321/HOUDAL,Final,2006-03-22,02:00,1610612742,DAL,88,1610612745,HOU,72,,,,False
2005-2006,2006,0020500998,20060321/MIAMIN,Final,2006-03-22,02:00,1610612750,MIN,100,1610612748,MIA,96,,,,False
2005-2006,2006,0020500999,20060321/GSWSAS,Final,2006-03-22,02:30,1610612759,SAS,107,1610612744,GSW,96,,,,False
2005-2006,2006,0020501001,20060321/SEASAC,Final,2006-03-22,04:00,1610612758,SAC,105,1610612760,SEA,96,,,,False
2005-2006,2006,0020501000,20060321/PHXUTA,Final,2006-03-22,04:30,1610612762,UTA,107,1610612756,PHX,99,,,,False
2005-2006,2006,0020501004,20060322/CHACLE,Final/OT,2006-03-23,01:00,1610612739,CLE,120,1610612766,CHA,118,,,,False
2005-2006,2006,0020501005,20060322/CHIIND,Final,2006-03-23,01:00,1610612754,IND,95,1610612741,CHI,85,,,,False
2005-2006,2006,0020501002,20060322/ATLPHI,Final,2006-03-23,01:00,1610612755,PHI,115,1610612737,ATL,106,,,,False
2005-2006,2006,0020501003,20060322/NYKORL,Final,2006-03-23,01:00,1610612753,ORL,111,1610612752,NYK,87,,,,False
2005-2006,2006,0020501006,20060322/TORBOS,Final,2006-03-23,01:30,1610612738,BOS,110,1610612761,TOR,96,,,,False
2005-2006,2006,0020501007,20060322/MIADET,Final,2006-03-23,02:00,1610612765,DET,82,1610612748,MIA,73,,,,False
2005-2006,2006,0020501009,20060322/MILSEA,Final,2006-03-23,04:00,1610612760,SEA,114,1610612749,MIL,105,,,,False
2005-2006,2006,0020501008,20060322/SASDEN,Final,2006-03-23,04:30,1610612743,DEN,104,1610612759,SAS,92,,,,False
2005-2006,2006,0020501010,20060322/SACLAL,Final,2006-03-23,04:30,1610612747,LAL,87,1610612758,SAC,80,,,,False
2005-2006,2006,0020501011,20060323/MINNJN,Final,2006-03-24,01:30,1610612751,NJN,86,1610612750,MIN,82,,,,False
2005-2006,2006,0020501012,20060323/LACMEM,Final,2006-03-24,02:00,1610612763,MEM,95,1610612746,LAC,85,,,,False
2005-2006,2006,0020501013,20060323/HOUNOK,Final,2006-03-24,02:00,1610612740,NOK,92,1610612745,HOU,93,,,,False
2005-2006,2006,0020501014,20060323/GSWDAL,Final,2006-03-24,02:30,1610612742,DAL,121,1610612744,GSW,122,,,,False
2005-2006,2006,0020501015,20060323/WASUTA,Final,2006-03-24,03:00,1610612762,UTA,97,1610612764,WAS,109,,,,False
2005-2006,2006,0020501016,20060323/PORPHX,Final,2006-03-24,03:00,1610612756,PHX,125,1610612757,POR,108,,,,False
2005-2006,2006,0020501017,20060324/MINTOR,Final,2006-03-25,01:00,1610612761,TOR,97,1610612750,MIN,77,,,,False
2005-2006,2006,0020501018,20060324/ORLPHI,Final,2006-03-25,01:00,1610612755,PHI,86,1610612753,ORL,102,,,,False
2005-2006,2006,0020501019,20060324/DETIND,Final,2006-03-25,01:00,1610612754,IND,72,1610612765,DET,75,,,,False
2005-2006,2006,0020501020,20060324/MEMNYK,Final,2006-03-25,01:30,1610612752,NYK,75,1610612763,MEM,91,,,,False
2005-2006,2006,0020501021,20060324/CHAMIA,Final,2006-03-25,01:30,1610612748,MIA,114,1610612766,CHA,93,,,,False
2005-2006,2006,0020501022,20060324/BOSCLE,Final,2006-03-25,01:30,1610612739,CLE,94,1610612738,BOS,82,,,,False
2005-2006,2006,0020501023,20060324/NOKCHI,Final,2006-03-25,02:30,1610612741,CHI,96,1610612740,NOK,82,,,,False
2005-2006,2006,0020501024,20060324/SEADEN,Final,2006-03-25,03:00,1610612743,DEN,117,1610612760,SEA,104,,,,False
2005-2006,2006,0020501025,20060324/SASPOR,Final,2006-03-25,04:00,1610612757,POR,79,1610612759,SAS,98,,,,False
2005-2006,2006,0020501026,20060324/MILLAL,Final,2006-03-25,04:30,1610612747,LAL,101,1610612749,MIL,96,,,,False
2005-2006,2006,0020501027,20060325/WASLAC,Final,2006-03-25,21:30,1610612746,LAC,116,1610612764,WAS,101,,,,False
2005-2006,2006,0020501028,20060325/DALATL,Final,2006-03-26,01:00,1610612737,ATL,83,1610612742,DAL,98,,,,False
2005-2006,2006,0020501029,20060325/SACUTA,Final,2006-03-26,04:00,1610612762,UTA,89,1610612758,SAC,91,,,,False
2005-2006,2006,0020501030,20060325/DENPHX,Final,2006-03-26,04:00,1610612756,PHX,107,1610612743,DEN,96,,,,False
2005-2006,2006,0020501039,20060326/SASSEA,Final,2006-03-27,04:00,1610612760,SEA,106,1610612759,SAS,102,,,,False
2005-2006,2006,0020501032,20060326/PHIIND,Final,2006-03-26,20:00,1610612754,IND,92,1610612755,PHI,79,,,,False
2005-2006,2006,0020501034,20060326/NYKMIN,Final,2006-03-26,22:30,1610612750,MIN,98,1610612752,NYK,94,,,,False
2005-2006,2006,0020501036,20060326/TORMIL,Final/OT,2006-03-26,22:30,1610612749,MIL,125,1610612761,TOR,116,,,,False
2005-2006,2006,0020501031,20060326/CHIBOS,Final,2006-03-26,23:00,1610612738,BOS,97,1610612741,CHI,101,,,,False
2005-2006,2006,0020501033,20060326/CLEHOU,Final/OT,2006-03-26,23:00,1610612745,HOU,102,1610612739,CLE,104,,,,False
2005-2006,2006,0020501037,20060326/CHAMEM,Final,2006-03-26,23:00,1610612763,MEM,102,1610612766,CHA,95,,,,False
2005-2006,2006,0020501038,20060326/ATLORL,Final,2006-03-27,01:00,1610612753,ORL,108,1610612737,ATL,101,,,,False
2005-2006,2006,0020501035,20060326/NJNDET,Final,2006-03-27,02:30,1610612765,DET,74,1610612751,NJN,79,,,,False
2005-2006,2006,0020501040,20060326/GSWSAC,Final,2006-03-27,04:00,1610612758,SAC,83,1610612744,GSW,90,,,,False
2005-2006,2006,0020501041,20060326/LACPOR,Final,2006-03-27,04:00,1610612757,POR,83,1610612746,LAC,97,,,,False
2005-2006,2006,0020501042,20060326/NOKLAL,Final,2006-03-27,04:30,1610612747,LAL,105,1610612740,NOK,94,,,,False
2005-2006,2006,0020501043,20060327/PHXNJN,Final,2006-03-28,02:30,1610612751,NJN,110,1610612756,PHX,72,,,,False
2005-2006,2006,0020501044,20060327/INDMIA,Final,2006-03-28,02:30,1610612748,MIA,96,1610612754,IND,91,,,,False
2005-2006,2006,0020501045,20060327/NOKUTA,Final,2006-03-28,04:00,1610612762,UTA,104,1610612740,NOK,80,,,,False
2005-2006,2006,0020501046,20060327/WASGSW,Final,2006-03-28,05:30,1610612744,GSW,98,1610612764,WAS,116,,,,False
2005-2006,2006,0020501047,20060328/ATLCHA,Final,2006-03-29,02:30,1610612766,CHA,125,1610612737,ATL,117,,,,False
2005-2006,2006,0020501048,20060328/DALDET,Final,2006-03-29,02:30,1610612765,DET,97,1610612742,DAL,90,,,,False
2005-2006,2006,0020501049,20060328/PHXMIL,Final,2006-03-29,03:00,1610612749,MIL,132,1610612756,PHX,110,,,,False
2005-2006,2006,0020501050,20060328/SEAMEM,Final,2006-03-29,03:00,1610612763,MEM,97,1610612760,SEA,98,,,,False
2005-2006,2006,0020501051,20060328/ORLCHI,Final,2006-03-29,03:30,1610612741,CHI,93,1610612753,ORL,97,,,,False
2005-2006,2006,0020501052,20060328/WASSAC,Final,2006-03-29,05:00,1610612758,SAC,84,1610612764,WAS,97,,,,False
2005-2006,2006,0020501053,20060328/SASLAC,Final,2006-03-29,05:30,1610612746,LAC,87,1610612759,SAS,98,,,,False
2005-2006,2006,0020501055,20060329/DETPHI,Final,2006-03-30,02:30,1610612755,PHI,91,1610612765,DET,101,,,,False
2005-2006,2006,0020501054,20060329/MIATOR,Final,2006-03-30,02:00,1610612761,TOR,94,1610612748,MIA,98,,,,False
2005-2006,2006,0020501056,20060329/INDATL,Final,2006-03-30,02:00,1610612737,ATL,94,1610612754,IND,93,,,,False
2005-2006,2006,0020501057,20060329/DALCLE,Final,2006-03-30,02:00,1610612739,CLE,107,1610612742,DAL,94,,,,False
2005-2006,2006,0020501058,20060329/MEMNJN,Final,2006-03-30,02:30,1610612751,NJN,86,1610612763,MEM,74,,,,False
2005-2006,2006,0020501059,20060329/BOSNYK,Final,2006-03-30,02:30,1610612752,NYK,98,1610612738,BOS,123,,,,False
2005-2006,2006,0020501060,20060329/ORLMIN,Final,2006-03-30,03:00,1610612750,MIN,103,1610612753,ORL,91,,,,False
2005-2006,2006,0020501061,20060329/SEAHOU,Final,2006-03-30,03:30,1610612745,HOU,115,1610612760,SEA,87,,,,False
2005-2006,2006,0020501062,20060329/UTADEN,Final,2006-03-30,05:00,1610612743,DEN,104,1610612762,UTA,115,,,,False
2005-2006,2006,0020501063,20060329/SACPOR,Final,2006-03-30,05:00,1610612757,POR,90,1610612758,SAC,106,,,,False
2005-2006,2006,0020501064,20060329/NOKGSW,Final,2006-03-30,05:30,1610612744,GSW,85,1610612740,NOK,86,,,,False
2005-2006,2006,0020501065,20060330/PHXIND,Final,2006-03-31,03:00,1610612754,IND,104,1610612756,PHX,114,,,,False
2005-2006,2006,0020501066,20060330/SASLAL,Final,2006-03-31,05:30,1610612747,LAL,85,1610612759,SAS,96,,,,False
2005-2006,2006,0020501067,20060331/PHXTOR,Final,2006-04-01,02:00,1610612761,TOR,126,1610612756,PHX,140,,,,False
2005-2006,2006,0020501068,20060331/NJNATL,Final,2006-04-01,02:00,1610612737,ATL,88,1610612751,NJN,91,,,,False
2005-2006,2006,0020501069,20060331/DALORL,Final,2006-04-01,02:00,1610612753,ORL,108,1610612742,DAL,99,,,,False
2005-2006,2006,0020501070,20060331/PHINYK,Final,2006-04-01,02:30,1610612752,NYK,112,1610612755,PHI,117,,,,False
2005-2006,2006,0020501071,20060331/CHICHA,Final,2006-04-01,02:30,1610612766,CHA,107,1610612741,CHI,113,,,,False
2005-2006,2006,0020501072,20060331/MILDET,Final,2006-04-01,03:00,1610612765,DET,112,1610612749,MIL,105,,,,False
2005-2006,2006,0020501077,20060331/SACGSW,Final,2006-04-01,05:30,1610612744,GSW,93,1610612758,SAC,96,,,,False
2005-2006,2006,0020501073,20060331/MEMNOK,Final,2006-04-01,03:00,1610612740,NOK,107,1610612763,MEM,102,,,,False
2005-2006,2006,0020501074,20060331/WASHOU,Final,2006-04-01,03:30,1610612745,HOU,105,1610612764,WAS,103,,,,False
2005-2006,2006,0020501075,20060331/MINDEN,Final,2006-04-01,04:00,1610612743,DEN,106,1610612750,MIN,94,,,,False
2005-2006,2006,0020501076,20060331/UTALAC,Final,2006-04-01,05:30,1610612746,LAC,106,1610612762,UTA,91,,,,False
2005-2006,2006,0020501078,20060331/LALSEA,Final,2006-04-01,05:30,1610612760,SEA,93,1610612747,LAL,106,,,,False
2005-2006,2006,0020501079,20060401/MIACLE,Final,2006-04-01,21:00,1610612739,CLE,106,1610612748,MIA,99,,,,False
2005-2006,2006,0020501080,20060401/BOSCHI,Final,2006-04-02,03:30,1610612741,CHI,100,1610612738,BOS,94,,,,False
2005-2006,2006,0020501081,20060401/INDMIL,Final,2006-04-02,03:30,1610612749,MIL,96,1610612754,IND,89,,,,False
2005-2006,2006,0020501082,20060401/WASSAS,Final,2006-04-02,03:30,1610612759,SAS,106,1610612764,WAS,99,,,,False
2005-2006,2006,0020501083,20060401/UTAPOR,Final,2006-04-02,05:00,1610612757,POR,89,1610612762,UTA,102,,,,False
2005-2006,2006,0020501088,20060402/GSWMIN,Final/OT,2006-04-02,21:30,1610612750,MIN,106,1610612744,GSW,104,,,,False
2005-2006,2006,0020501085,20060402/NYKPHI,Final,2006-04-03,00:00,1610612755,PHI,114,1610612752,NYK,95,,,,False
2005-2006,2006,0020501086,20060402/PHXDET,Final,2006-04-02,19:00,1610612765,DET,109,1610612756,PHX,102,,,,False
2005-2006,2006,0020501087,20060402/DENDAL,Final,2006-04-02,21:30,1610612742,DAL,103,1610612743,DEN,79,,,,False
2005-2006,2006,0020501089,20060402/HOULAL,Final,2006-04-02,21:30,1610612747,LAL,104,1610612745,HOU,88,,,,False
2005-2006,2006,0020501090,20060402/ATLMEM,Final,2006-04-02,22:00,1610612763,MEM,98,1610612737,ATL,87,,,,False
2005-2006,2006,0020501091,20060402/MIANJN,Final,2006-04-03,00:00,1610612751,NJN,90,1610612748,MIA,78,,,,False
2005-2006,2006,0020501092,20060402/CLECHA,Final,2006-04-03,00:00,1610612766,CHA,97,1610612739,CLE,101,,,,False
2005-2006,2006,0020501084,20060402/NOKTOR,Final/OT2,2006-04-03,01:00,1610612761,TOR,113,1610612740,NOK,120,,,,False
2005-2006,2006,0020501093,20060402/LACSAC,Final,2006-04-03,03:00,1610612758,SAC,106,1610612746,LAC,96,,,,False
2005-2006,2006,0020501094,20060402/PORSEA,Final,2006-04-03,03:00,1610612760,SEA,122,1610612757,POR,83,,,,False
2005-2006,2006,0020501095,20060404/BOSTOR,Final,2006-04-05,01:00,1610612761,TOR,120,1610612738,BOS,124,,,,False
2005-2006,2006,0020501107,20060404/DENLAC,Final,2006-04-05,04:30,1610612746,LAC,111,1610612743,DEN,109,,,,False
2005-2006,2006,0020501096,20060404/NYKWAS,Final,2006-04-05,01:00,1610612764,WAS,105,1610612752,NYK,90,,,,False
2005-2006,2006,0020501097,20060404/PHICLE,Final,2006-04-05,01:00,1610612739,CLE,124,1610612755,PHI,91,,,,False
2005-2006,2006,0020501098,20060404/ATLNJN,Final,2006-04-05,01:30,1610612751,NJN,96,1610612737,ATL,94,,,,False
2005-2006,2006,0020501099,20060404/MINCHA,Final,2006-04-05,01:30,1610612766,CHA,97,1610612750,MIN,92,,,,False
2005-2006,2006,0020501100,20060404/MILMIA,Final,2006-04-05,01:30,1610612748,MIA,115,1610612749,MIL,89,,,,False
2005-2006,2006,0020501101,20060404/NOKDET,Final,2006-04-05,01:30,1610612765,DET,101,1610612740,NOK,93,,,,False
2005-2006,2006,0020501102,20060404/GSWMEM,Final,2006-04-05,02:00,1610612763,MEM,100,1610612744,GSW,75,,,,False
2005-2006,2006,0020501103,20060404/INDCHI,Final,2006-04-05,02:30,1610612741,CHI,102,1610612754,IND,96,,,,False
2005-2006,2006,0020501104,20060404/SACDAL,Final,2006-04-05,02:30,1610612742,DAL,127,1610612758,SAC,101,,,,False
2005-2006,2006,0020501105,20060404/SASUTA,Final,2006-04-05,03:00,1610612762,UTA,86,1610612759,SAS,95,,,,False
2005-2006,2006,0020501106,20060404/HOUSEA,Final,2006-04-05,04:00,1610612760,SEA,104,1610612745,HOU,87,,,,False
2005-2006,2006,0020501108,20060405/WASBOS,Final,2006-04-06,01:00,1610612738,BOS,91,1610612764,WAS,108,,,,False
2005-2006,2006,0020501109,20060405/CHIPHI,Final,2006-04-06,01:00,1610612755,PHI,92,1610612741,CHI,99,,,,False
2005-2006,2006,0020501110,20060405/MINATL,Final,2006-04-06,01:00,1610612737,ATL,101,1610612750,MIN,99,,,,False
2005-2006,2006,0020501111,20060405/MILORL,Final,2006-04-06,01:00,1610612753,ORL,108,1610612749,MIL,105,,,,False
2005-2006,2006,0020501112,20060405/TORIND,Final,2006-04-06,01:00,1610612754,IND,111,1610612761,TOR,103,,,,False
2005-2006,2006,0020501113,20060405/CLENYK,Final,2006-04-06,01:30,1610612752,NYK,96,1610612739,CLE,94,,,,False
2005-2006,2006,0020501114,20060405/GSWNOK,Final/OT,2006-04-06,02:00,1610612740,NOK,114,1610612744,GSW,109,,,,False
2005-2006,2006,0020501115,20060405/SACSAS,Final,2006-04-06,02:00,1610612759,SAS,87,1610612758,SAC,97,,,,False
2005-2006,2006,0020501117,20060405/HOUPOR,Final,2006-04-06,04:00,1610612757,POR,76,1610612745,HOU,75,,,,False
2005-2006,2006,0020501116,20060405/LACPHX,Final,2006-04-06,04:30,1610612756,PHX,105,1610612746,LAC,119,,,,False
2005-2006,2006,0020501118,20060406/CHANJN,Final,2006-04-07,01:30,1610612751,NJN,113,1610612766,CHA,102,,,,False
2005-2006,2006,0020501119,20060406/DETMIA,Final,2006-04-07,02:00,1610612748,MIA,82,1610612765,DET,95,,,,False
2005-2006,2006,0020501120,20060406/LALDEN,Final/OT,2006-04-07,04:30,1610612743,DEN,110,1610612747,LAL,108,,,,False
2005-2006,2006,0020501121,20060407/BOSPHI,Final,2006-04-08,01:00,1610612755,PHI,99,1610612738,BOS,109,,,,False
2005-2006,2006,0020501122,20060407/WASATL,Final,2006-04-08,01:00,1610612737,ATL,114,1610612764,WAS,101,,,,False
2005-2006,2006,0020501123,20060407/DETORL,Final,2006-04-08,01:00,1610612753,ORL,89,1610612765,DET,87,,,,False
2005-2006,2006,0020501124,20060407/INDNYK,Final,2006-04-08,02:00,1610612752,NYK,98,1610612754,IND,96,,,,False
2005-2006,2006,0020501125,20060407/MILMEM,Final,2006-04-08,02:00,1610612763,MEM,100,1610612749,MIL,90,,,,False
2005-2006,2006,0020501126,20060407/TORNOK,Final,2006-04-08,02:00,1610612740,NOK,95,1610612761,TOR,89,,,,False
2005-2006,2006,0020501127,20060407/UTAMIN,Final,2006-04-08,02:00,1610612750,MIN,95,1610612762,UTA,103,,,,False
2005-2006,2006,0020501128,20060407/DALSAS,Final,2006-04-08,02:00,1610612759,SAS,86,1610612742,DAL,92,,,,False
2005-2006,2006,0020501129,20060407/SEAPOR,Final,2006-04-08,04:00,1610612757,POR,108,1610612760,SEA,121,,,,False
2005-2006,2006,0020501130,20060407/LALPHX,Final,2006-04-08,04:30,1610612756,PHX,107,1610612747,LAL,96,,,,False
2005-2006,2006,0020501131,20060407/SACLAC,Final,2006-04-08,04:30,1610612746,LAC,93,1610612758,SAC,96,,,,False
2005-2006,2006,0020501132,20060407/HOUGSW,Final,2006-04-08,04:30,1610612744,GSW,93,1610612745,HOU,100,,,,False
2005-2006,2006,0020501136,20060408/NOKDAL,Final,2006-04-09,02:30,1610612742,DAL,101,1610612740,NOK,77,,,,False
2005-2006,2006,0020501133,20060408/CLENJN,Final,2006-04-08,19:00,1610612751,NJN,102,1610612739,CLE,108,,,,False
2005-2006,2006,0020501134,20060408/MIAWAS,Final,2006-04-09,01:00,1610612764,WAS,86,1610612748,MIA,99,,,,False
2005-2006,2006,0020501135,20060408/PHICHI,Final,2006-04-09,02:30,1610612741,CHI,75,1610612755,PHI,89,,,,False
2005-2006,2006,0020501137,20060408/GSWDEN,Final,2006-04-09,03:00,1610612743,DEN,95,1610612744,GSW,92,,,,False
2005-2006,2006,0020501138,20060408/PORUTA,Final,2006-04-09,03:00,1610612762,UTA,110,1610612757,POR,93,,,,False
2005-2006,2006,0020501141,20060409/INDDET,Final,2006-04-09,19:00,1610612765,DET,98,1610612754,IND,73,,,,False
2005-2006,2006,0020501140,20060409/CHATOR,Final,2006-04-09,21:30,1610612761,TOR,88,1610612766,CHA,94,,,,False
2005-2006,2006,0020501142,20060409/NJNMIL,Final,2006-04-09,21:30,1610612749,MIL,83,1610612751,NJN,95,,,,False
2005-2006,2006,0020501144,20060409/ATLMIN,Final,2006-04-09,21:30,1610612750,MIN,84,1610612737,ATL,83,,,,False
2005-2006,2006,0020501139,20060409/NYKBOS,Final,2006-04-09,22:00,1610612738,BOS,86,1610612752,NYK,101,,,,False
2005-2006,2006,0020501145,20060409/ORLMIA,Final,2006-04-10,00:00,1610612748,MIA,84,1610612753,ORL,93,,,,False
2005-2006,2006,0020501143,20060409/MEMSAS,Final,2006-04-10,01:00,1610612759,SAS,83,1610612763,MEM,81,,,,False
2005-2006,2006,0020501146,20060409/HOUSAC,Final,2006-04-10,03:00,1610612758,SAC,86,1610612745,HOU,77,,,,False
2005-2006,2006,0020501147,20060409/PHXSEA,Final,2006-04-10,03:00,1610612760,SEA,116,1610612756,PHX,114,,,,False
2005-2006,2006,0020501148,20060409/LACLAL,Final,2006-04-10,03:30,1610612747,LAL,100,1610612746,LAC,83,,,,False
2005-2006,2006,0020501149,20060410/WASPHI,Final,2006-04-11,01:00,1610612755,PHI,105,1610612764,WAS,97,,,,False
2005-2006,2006,0020501150,20060410/ATLORL,Final,2006-04-11,01:00,1610612753,ORL,105,1610612737,ATL,88,,,,False
2005-2006,2006,0020501151,20060410/NYKIND,Final,2006-04-11,01:00,1610612754,IND,101,1610612752,NYK,82,,,,False
2005-2006,2006,0020501152,20060410/CLENOK,Final,2006-04-11,02:00,1610612740,NOK,101,1610612739,CLE,103,,,,False
2005-2006,2006,0020501153,20060410/HOUUTA,Final,2006-04-11,03:00,1610612762,UTA,85,1610612745,HOU,83,,,,False
2005-2006,2006,0020501154,20060410/DENPOR,Final,2006-04-11,04:00,1610612757,POR,98,1610612743,DEN,110,,,,False
2005-2006,2006,0020501155,20060410/DALLAC,Final,2006-04-11,04:30,1610612746,LAC,73,1610612742,DAL,75,,,,False
2005-2006,2006,0020501157,20060411/MINMEM,Final,2006-04-12,02:00,1610612763,MEM,92,1610612750,MIN,76,,,,False
2005-2006,2006,0020501156,20060411/TORMIA,Final,2006-04-12,01:30,1610612748,MIA,106,1610612761,TOR,97,,,,False
2005-2006,2006,0020501158,20060411/NJNCHI,Final,2006-04-12,02:30,1610612741,CHI,104,1610612751,NJN,101,,,,False
2005-2006,2006,0020501159,20060411/SEASAS,Final,2006-04-12,02:30,1610612759,SAS,104,1610612760,SEA,95,,,,False
2005-2006,2006,0020501160,20060411/PHXSAC,Final,2006-04-12,04:00,1610612758,SAC,110,1610612756,PHX,123,,,,False
2005-2006,2006,0020501161,20060411/GSWLAL,Final,2006-04-12,04:30,1610612747,LAL,111,1610612744,GSW,100,,,,False
2005-2006,2006,0020501162,20060412/CHIATL,Final,2006-04-13,01:00,1610612737,ATL,90,1610612741,CHI,96,,,,False
2005-2006,2006,0020501163,20060412/TORORL,Final,2006-04-13,01:00,1610612753,ORL,103,1610612761,TOR,96,,,,False
2005-2006,2006,0020501164,20060412/BOSIND,Final,2006-04-13,01:00,1610612754,IND,117,1610612738,BOS,112,,,,False
2005-2006,2006,0020501165,20060412/PHINJN,Final,2006-04-13,01:30,1610612751,NJN,96,1610612755,PHI,116,,,,False
2005-2006,2006,0020501166,20060412/MEMCHA,Final,2006-04-13,01:30,1610612766,CHA,88,1610612763,MEM,96,,,,False
2005-2006,2006,0020501167,20060412/CLEDET,Final,2006-04-13,02:00,1610612765,DET,96,1610612739,CLE,73,,,,False
2005-2006,2006,0020501168,20060412/WASMIL,Final,2006-04-13,02:00,1610612749,MIL,100,1610612764,WAS,97,,,,False
2005-2006,2006,0020501169,20060412/SEANOK,Final,2006-04-13,02:00,1610612740,NOK,104,1610612760,SEA,99,,,,False
2005-2006,2006,0020501170,20060412/MINHOU,Final,2006-04-13,02:30,1610612745,HOU,79,1610612750,MIN,82,,,,False
2005-2006,2006,0020501171,20060412/DENUTA,Final,2006-04-13,03:00,1610612762,UTA,104,1610612743,DEN,83,,,,False
2005-2006,2006,0020501172,20060412/PORLAC,Final,2006-04-13,04:30,1610612746,LAC,97,1610612757,POR,93,,,,False
2005-2006,2006,0020501173,20060412/DALGSW,Final,2006-04-13,04:30,1610612744,GSW,114,1610612742,DAL,102,,,,False
2005-2006,2006,0020501174,20060413/NYKCLE,Final,2006-04-14,02:00,1610612739,CLE,91,1610612752,NYK,87,,,,False
2005-2006,2006,0020501175,20060413/ORLSAS,Final,2006-04-14,02:30,1610612759,SAS,80,1610612753,ORL,92,,,,False
2005-2006,2006,0020501176,20060413/DALPHX,Final,2006-04-14,04:30,1610612756,PHX,117,1610612742,DAL,104,,,,False
2005-2006,2006,0020501184,20060414/WASCHI,Final,2006-04-15,02:00,1610612741,CHI,103,1610612764,WAS,101,,,,False
2005-2006,2006,0020501185,20060414/PORLAL,Final,2006-04-15,04:30,1610612747,LAL,110,1610612757,POR,99,,,,False
2005-2006,2006,0020501177,20060414/DETTOR,Final,2006-04-15,01:00,1610612761,TOR,108,1610612765,DET,103,,,,False
2005-2006,2006,0020501178,20060414/CHAATL,Final,2006-04-15,01:00,1610612737,ATL,110,1610612766,CHA,116,,,,False
2005-2006,2006,0020501179,20060414/NJNBOS,Final,2006-04-15,01:30,1610612738,BOS,74,1610612751,NJN,79,,,,False
2005-2006,2006,0020501180,20060414/MILNYK,Final,2006-04-15,01:30,1610612752,NYK,80,1610612749,MIL,97,,,,False
2005-2006,2006,0020501181,20060414/PHIMIA,Final,2006-04-15,01:30,1610612748,MIA,104,1610612755,PHI,85,,,,False
2005-2006,2006,0020501182,20060414/MININD,Final,2006-04-15,02:00,1610612754,IND,89,1610612750,MIN,77,,,,False
2005-2006,2006,0020501183,20060414/UTANOK,Final,2006-04-15,02:00,1610612740,NOK,104,1610612762,UTA,105,,,,False
2005-2006,2006,0020501186,20060414/PHXGSW,Final,2006-04-15,04:30,1610612744,GSW,110,1610612756,PHX,102,,,,False
2005-2006,2006,0020501187,20060414/LACSEA,Final,2006-04-15,04:30,1610612760,SEA,97,1610612746,LAC,101,,,,False
2005-2006,2006,0020501189,20060415/INDCHA,Final/OT,2006-04-16,01:30,1610612766,CHA,92,1610612754,IND,91,,,,False
2005-2006,2006,0020501192,20060415/SACDEN,Final,2006-04-16,03:00,1610612743,DEN,82,1610612758,SAC,100,,,,False
2005-2006,2006,0020501188,20060415/PHIORL,Final,2006-04-16,01:00,1610612753,ORL,102,1610612755,PHI,97,,,,False
2005-2006,2006,0020501190,20060415/ATLMIL,Final,2006-04-16,02:30,1610612749,MIL,114,1610612737,ATL,120,,,,False
2005-2006,2006,0020501191,20060415/MEMHOU,Final,2006-04-16,02:30,1610612745,HOU,81,1610612763,MEM,93,,,,False
2005-2006,2006,0020501193,20060415/GSWPOR,Final,2006-04-16,04:00,1610612757,POR,81,1610612744,GSW,86,,,,False
2005-2006,2006,0020501194,20060416/CHIMIA,Final,2006-04-16,19:00,1610612748,MIA,93,1610612741,CHI,117,,,,False
2005-2006,2006,0020501196,20060416/PHXLAL,Final,2006-04-16,21:30,1610612747,LAL,109,1610612756,PHX,89,,,,False
2005-2006,2006,0020501195,20060416/SASMIN,Final,2006-04-17,00:00,1610612750,MIN,90,1610612759,SAS,103,,,,False
2005-2006,2006,0020501197,20060416/CLEWAS,Final,2006-04-17,00:00,1610612764,WAS,104,1610612739,CLE,92,,,,False
2005-2006,2006,0020501198,20060416/NYKDET,Final,2006-04-17,00:00,1610612765,DET,103,1610612752,NYK,97,,,,False
2005-2006,2006,0020501199,20060416/BOSNJN,Final,2006-04-17,02:00,1610612751,NJN,95,1610612738,BOS,93,,,,False
2005-2006,2006,0020501200,20060416/UTADAL,Final,2006-04-17,02:30,1610612742,DAL,111,1610612762,UTA,95,,,,False
2005-2006,2006,0020501201,20060416/SEALAC,Final,2006-04-17,03:00,1610612746,LAC,98,1610612760,SEA,114,,,,False
2005-2006,2006,0020501202,20060416/NOKSAC,Final,2006-04-17,03:00,1610612758,SAC,96,1610612740,NOK,79,,,,False
2005-2006,2006,0020501210,20060417/NOKPHX,Final,2006-04-18,04:00,1610612756,PHX,115,1610612740,NOK,78,,,,False
2005-2006,2006,0020501203,20060417/INDTOR,Final,2006-04-18,01:00,1610612761,TOR,95,1610612754,IND,120,,,,False
2005-2006,2006,0020501204,20060417/CHIORL,Final/OT,2006-04-18,01:00,1610612753,ORL,112,1610612741,CHI,116,,,,False
2005-2006,2006,0020501205,20060417/CLEBOS,Final,2006-04-18,01:30,1610612738,BOS,88,1610612739,CLE,93,,,,False
2005-2006,2006,0020501206,20060417/CHANYK,Final,2006-04-18,01:30,1610612752,NYK,91,1610612766,CHA,98,,,,False
2005-2006,2006,0020501207,20060417/DETMIL,Final,2006-04-18,02:00,1610612749,MIL,113,1610612765,DET,93,,,,False
2005-2006,2006,0020501208,20060417/UTASAS,Final,2006-04-18,02:30,1610612759,SAS,115,1610612762,UTA,82,,,,False
2005-2006,2006,0020501209,20060417/HOUDEN,Final,2006-04-18,03:00,1610612743,DEN,83,1610612745,HOU,86,,,,False
2005-2006,2006,0020501211,20060417/PORGSW,Final,2006-04-18,04:30,1610612744,GSW,93,1610612757,POR,79,,,,False
2005-2006,2006,0020501212,20060418/NJNPHI,Final,2006-04-19,01:00,1610612755,PHI,91,1610612751,NJN,88,,,,False
2005-2006,2006,0020501213,20060418/MILWAS,Final,2006-04-19,01:00,1610612764,WAS,116,1610612749,MIL,103,,,,False
2005-2006,2006,0020501214,20060418/MIAATL,Final,2006-04-19,01:00,1610612737,ATL,103,1610612748,MIA,100,,,,False
2005-2006,2006,0020501215,20060418/LACMEM,Final,2006-04-19,02:00,1610612763,MEM,101,1610612746,LAC,95,,,,False
2005-2006,2006,0020501216,20060418/SEASAC,Final,2006-04-19,04:00,1610612758,SAC,111,1610612760,SEA,105,,,,False
2005-2006,2006,0020501219,20060419/MIABOS,Final,2006-04-20,01:30,1610612738,BOS,85,1610612748,MIA,78,,,,False
2005-2006,2006,0020501220,20060419/NYKNJN,Final,2006-04-20,01:30,1610612751,NJN,83,1610612752,NYK,90,,,,False
2005-2006,2006,0020501221,20060419/PHICHA,Final,2006-04-20,01:30,1610612766,CHA,96,1610612755,PHI,86,,,,False
2005-2006,2006,0020501224,20060419/MEMMIN,Final/OT2,2006-04-20,02:00,1610612750,MIN,92,1610612763,MEM,102,,,,False
2005-2006,2006,0020501217,20060419/ATLCLE,Final,2006-04-20,01:00,1610612739,CLE,100,1610612737,ATL,99,,,,False
2005-2006,2006,0020501218,20060419/ORLIND,Final,2006-04-20,01:00,1610612754,IND,89,1610612753,ORL,83,,,,False
2005-2006,2006,0020501222,20060419/WASDET,Final,2006-04-20,01:30,1610612765,DET,80,1610612764,WAS,96,,,,False
2005-2006,2006,0020501223,20060419/SASHOU,Final,2006-04-20,02:00,1610612745,HOU,87,1610612759,SAS,89,,,,False
2005-2006,2006,0020501226,20060419/LACDAL,Final,2006-04-20,02:00,1610612742,DAL,71,1610612746,LAC,85,,,,False
2005-2006,2006,0020501225,20060419/TORCHI,Final,2006-04-20,02:30,1610612741,CHI,127,1610612761,TOR,106,,,,False
2005-2006,2006,0020501227,20060419/GSWUTA,Final,2006-04-20,03:00,1610612762,UTA,105,1610612744,GSW,102,,,,False
2005-2006,2006,0020501228,20060419/PHXPOR,Final,2006-04-20,04:00,1610612757,POR,96,1610612756,PHX,106,,,,False
2005-2006,2006,0020501229,20060419/NOKLAL,Final,2006-04-20,04:30,1610612747,LAL,115,1610612740,NOK,95,,,,False
2005-2006,2006,0020501230,20060419/DENSEA,Final,2006-04-20,04:30,1610612760,SEA,109,1610612743,DEN,98,,,,False
2005-2006,2006,0040500131,20060422/WASCLE,Final,2006-04-22,21:00,1610612739,CLE,97,1610612764,WAS,86,Game 1,East - First Round,1st Round,False
2005-2006,2006,0040500141,20060422/SACSAS,Final,2006-04-22,23:30,1610612759,SAS,122,1610612758,SAC,88,Game 1,West - First Round,1st Round,False
2005-2006,2006,0040500111,20060422/CHIMIA,Final,2006-04-23,02:00,1610612748,MIA,111,1610612741,CHI,106,Game 1,East - First Round,1st Round,False
2005-2006,2006,0040500161,20060422/DENLAC,Final,2006-04-23,04:30,1610612746,LAC,89,1610612743,DEN,87,Game 1,West - First Round,1st Round,False
2005-2006,2006,0040500121,20060423/INDNJN,Final,2006-04-23,19:00,1610612751,NJN,88,1610612754,IND,90,Game 1,East - First Round,1st Round,False
2005-2006,2006,0040500151,20060423/LALPHX,Final,2006-04-23,21:30,1610612756,PHX,107,1610612747,LAL,102,Game 1,West - First Round,1st Round,False
2005-2006,2006,0040500101,20060423/MILDET,Final,2006-04-24,01:00,1610612765,DET,92,1610612749,MIL,74,Game 1,East - First Round,1st Round,False
2005-2006,2006,0040500171,20060423/MEMDAL,Final,2006-04-24,03:30,1610612742,DAL,103,1610612763,MEM,93,Game 1,West - First Round,1st Round,False
2005-2006,2006,0040500112,20060424/CHIMIA,Final,2006-04-25,02:00,1610612748,MIA,115,1610612741,CHI,108,Game 2,East - First Round,1st Round,False
2005-2006,2006,0040500162,20060424/DENLAC,Final,2006-04-25,04:30,1610612746,LAC,98,1610612743,DEN,87,Game 2,West - First Round,1st Round,False
2005-2006,2006,0040500132,20060425/WASCLE,Final,2006-04-26,01:00,1610612739,CLE,84,1610612764,WAS,89,Game 2,East - First Round,1st Round,False
2005-2006,2006,0040500122,20060425/INDNJN,Final,2006-04-26,02:00,1610612751,NJN,90,1610612754,IND,75,Game 2,East - First Round,1st Round,False
2005-2006,2006,0040500142,20060425/SACSAS,Final/OT,2006-04-26,03:30,1610612759,SAS,128,1610612758,SAC,119,Game 2,West - First Round,1st Round,False
2005-2006,2006,0040500102,20060426/MILDET,Final,2006-04-27,01:30,1610612765,DET,109,1610612749,MIL,98,Game 2,East - First Round,1st Round,False
2005-2006,2006,0040500172,20060426/MEMDAL,Final,2006-04-27,02:00,1610612742,DAL,94,1610612763,MEM,79,Game 2,West - First Round,1st Round,False
2005-2006,2006,0040500152,20060426/LALPHX,Final,2006-04-27,04:30,1610612756,PHX,93,1610612747,LAL,99,Game 2,West - First Round,1st Round,False
2005-2006,2006,0040500123,20060427/NJNIND,Final,2006-04-28,01:30,1610612754,IND,107,1610612751,NJN,95,Game 3,East - First Round,1st Round,False
2005-2006,2006,0040500113,20060427/MIACHI,Final,2006-04-28,02:00,1610612741,CHI,109,1610612748,MIA,90,Game 3,East - First Round,1st Round,False
2005-2006,2006,0040500163,20060427/LACDEN,Final,2006-04-28,04:30,1610612743,DEN,94,1610612746,LAC,87,Game 3,West - First Round,1st Round,False
2005-2006,2006,0040500133,20060428/CLEWAS,Final,2006-04-29,02:00,1610612764,WAS,96,1610612739,CLE,97,Game 3,East - First Round,1st Round,False
2005-2006,2006,0040500143,20060428/SASSAC,Final,2006-04-29,04:00,1610612758,SAC,94,1610612759,SAS,93,Game 3,West - First Round,1st Round,False
2005-2006,2006,0040500153,20060428/PHXLAL,Final,2006-04-29,04:30,1610612747,LAL,99,1610612756,PHX,92,Game 3,West - First Round,1st Round,False
2005-2006,2006,0040500124,20060429/NJNIND,Final,2006-04-29,21:00,1610612754,IND,88,1610612751,NJN,97,Game 4,East - First Round,1st Round,False
2005-2006,2006,0040500173,20060429/DALMEM,Final/OT,2006-04-29,23:30,1610612763,MEM,89,1610612742,DAL,94,Game 3,West - First Round,1st Round,False
2005-2006,2006,0040500103,20060429/DETMIL,Final,2006-04-30,02:00,1610612749,MIL,124,1610612765,DET,104,Game 3,East - First Round,1st Round,False
2005-2006,2006,0040500164,20060429/LACDEN,Final,2006-04-30,04:30,1610612743,DEN,86,1610612746,LAC,100,Game 4,West - First Round,1st Round,False
2005-2006,2006,0040500114,20060430/MIACHI,Final,2006-04-30,19:00,1610612741,CHI,93,1610612748,MIA,87,Game 4,East - First Round,1st Round,False
2005-2006,2006,0040500154,20060430/PHXLAL,Final/OT,2006-04-30,21:30,1610612747,LAL,99,1610612756,PHX,98,Game 4,West - First Round,1st Round,False
2005-2006,2006,0040500134,20060430/CLEWAS,Final,2006-05-01,01:30,1610612764,WAS,106,1610612739,CLE,96,Game 4,East - First Round,1st Round,False
2005-2006,2006,0040500144,20060430/SASSAC,Final,2006-05-01,04:00,1610612758,SAC,102,1610612759,SAS,84,Game 4,West - First Round,1st Round,False
2005-2006,2006,0040500174,20060501/DALMEM,Final,2006-05-02,02:00,1610612763,MEM,76,1610612742,DAL,102,Game 4,West - First Round,1st Round,False
2005-2006,2006,0040500104,20060501/DETMIL,Final,2006-05-02,02:30,1610612749,MIL,99,1610612765,DET,109,Game 4,East - First Round,1st Round,False
2005-2006,2006,0040500165,20060501/DENLAC,Final,2006-05-02,04:30,1610612746,LAC,101,1610612743,DEN,83,Game 5,West - First Round,1st Round,False
2005-2006,2006,0040500125,20060502/INDNJN,Final,2006-05-03,01:00,1610612751,NJN,92,1610612754,IND,86,Game 5,East - First Round,1st Round,False
2005-2006,2006,0040500115,20060502/CHIMIA,Final,2006-05-03,02:00,1610612748,MIA,92,1610612741,CHI,78,Game 5,East - First Round,1st Round,False
2005-2006,2006,0040500145,20060502/SACSAS,Final,2006-05-03,03:30,1610612759,SAS,109,1610612758,SAC,98,Game 5,West - First Round,1st Round,False
2005-2006,2006,0040500155,20060502/LALPHX,Final,2006-05-03,04:30,1610612756,PHX,114,1610612747,LAL,97,Game 5,West - First Round,1st Round,False
2005-2006,2006,0040500105,20060503/MILDET,Final,2006-05-04,00:00,1610612765,DET,122,1610612749,MIL,93,Game 5,East - First Round,1st Round,False
2005-2006,2006,0040500135,20060503/WASCLE,Final/OT,2006-05-04,02:30,1610612739,CLE,121,1610612764,WAS,120,Game 5,East - First Round,1st Round,False
2005-2006,2006,0040500126,20060504/NJNIND,Final,2006-05-05,01:00,1610612754,IND,90,1610612751,NJN,96,Game 6,East - First Round,1st Round,False
2005-2006,2006,0040500116,20060504/MIACHI,Final,2006-05-05,02:00,1610612741,CHI,96,1610612748,MIA,113,Game 6,East - First Round,1st Round,False
2005-2006,2006,0040500156,20060504/PHXLAL,Final/OT,2006-05-05,04:30,1610612747,LAL,118,1610612756,PHX,126,Game 6,West - First Round,1st Round,False
2005-2006,2006,0040500136,20060505/CLEWAS,Final/OT,2006-05-06,02:00,1610612764,WAS,113,1610612739,CLE,114,Game 6,East - First Round,1st Round,False
2005-2006,2006,0040500146,20060505/SASSAC,Final,2006-05-06,04:30,1610612758,SAC,83,1610612759,SAS,105,Game 6,West - First Round,1st Round,False
2005-2006,2006,0040500157,20060506/LALPHX,Final,2006-05-07,02:30,1610612756,PHX,121,1610612747,LAL,90,Game 7,West - First Round,1st Round,False
2005-2006,2006,0040500221,20060507/DALSAS,Final,2006-05-07,19:00,1610612759,SAS,87,1610612742,DAL,85,Game 1,West - Conf. Semifinals,Conf. Semifinals,False
2005-2006,2006,0040500201,20060507/CLEDET,Final,2006-05-07,21:30,1610612765,DET,113,1610612739,CLE,86,Game 1,East - Conf. Semifinals,Conf. Semifinals,False
2005-2006,2006,0040500211,20060508/NJNMIA,Final,2006-05-09,02:00,1610612748,MIA,88,1610612751,NJN,100,Game 1,East - Conf. Semifinals,Conf. Semifinals,False
2005-2006,2006,0040500231,20060508/LACPHX,Final,2006-05-09,04:30,1610612756,PHX,130,1610612746,LAC,123,Game 1,West - Conf. Semifinals,Conf. Semifinals,False
2005-2006,2006,0040500202,20060509/CLEDET,Final,2006-05-10,01:00,1610612765,DET,97,1610612739,CLE,91,Game 2,East - Conf. Semifinals,Conf. Semifinals,False
2005-2006,2006,0040500222,20060509/DALSAS,Final,2006-05-10,03:30,1610612759,SAS,91,1610612742,DAL,113,Game 2,West - Conf. Semifinals,Conf. Semifinals,False
2005-2006,2006,0040500212,20060510/NJNMIA,Final,2006-05-11,02:00,1610612748,MIA,111,1610612751,NJN,89,Game 2,East - Conf. Semifinals,Conf. Semifinals,False
2005-2006,2006,0040500232,20060510/LACPHX,Final,2006-05-11,04:30,1610612756,PHX,97,1610612746,LAC,122,Game 2,West - Conf. Semifinals,Conf. Semifinals,False
2005-2006,2006,0040500213,20060512/MIANJN,Final,2006-05-13,02:00,1610612751,NJN,92,1610612748,MIA,103,Game 3,East - Conf. Semifinals,Conf. Semifinals,False
2005-2006,2006,0040500233,20060512/PHXLAC,Final,2006-05-13,04:30,1610612746,LAC,91,1610612756,PHX,94,Game 3,West - Conf. Semifinals,Conf. Semifinals,False
2005-2006,2006,0040500223,20060513/SASDAL,Final,2006-05-14,02:00,1610612742,DAL,104,1610612759,SAS,103,Game 3,West - Conf. Semifinals,Conf. Semifinals,False
2005-2006,2006,0040500203,20060513/DETCLE,Final,2006-05-13,23:00,1610612739,CLE,86,1610612765,DET,77,Game 3,East - Conf. Semifinals,Conf. Semifinals,False
2005-2006,2006,0040500214,20060514/MIANJN,Final,2006-05-14,21:30,1610612751,NJN,92,1610612748,MIA,102,Game 4,East - Conf. Semifinals,Conf. Semifinals,False
2005-2006,2006,0040500234,20060514/PHXLAC,Final,2006-05-15,02:00,1610612746,LAC,114,1610612756,PHX,107,Game 4,West - Conf. Semifinals,Conf. Semifinals,False
2005-2006,2006,0040500204,20060515/DETCLE,Final,2006-05-16,01:00,1610612739,CLE,74,1610612765,DET,72,Game 4,East - Conf. Semifinals,Conf. Semifinals,False
2005-2006,2006,0040500224,20060515/SASDAL,Final/OT,2006-05-16,03:30,1610612742,DAL,123,1610612759,SAS,118,Game 4,West - Conf. Semifinals,Conf. Semifinals,False
2005-2006,2006,0040500215,20060516/NJNMIA,Final,2006-05-17,02:00,1610612748,MIA,106,1610612751,NJN,105,Game 5,East - Conf. Semifinals,Conf. Semifinals,False
2005-2006,2006,0040500235,20060516/LACPHX,Final/OT2,2006-05-17,04:30,1610612756,PHX,125,1610612746,LAC,118,Game 5,West - Conf. Semifinals,Conf. Semifinals,False
2005-2006,2006,0040500205,20060517/CLEDET,Final,2006-05-18,01:00,1610612765,DET,84,1610612739,CLE,86,Game 5,East - Conf. Semifinals,Conf. Semifinals,False
2005-2006,2006,0040500225,20060517/DALSAS,Final,2006-05-18,03:30,1610612759,SAS,98,1610612742,DAL,97,Game 5,West - Conf. Semifinals,Conf. Semifinals,False
2005-2006,2006,0040500236,20060518/PHXLAC,Final,2006-05-19,04:00,1610612746,LAC,118,1610612756,PHX,106,Game 6,West - Conf. Semifinals,Conf. Semifinals,False
2005-2006,2006,0040500206,20060519/DETCLE,Final,2006-05-20,01:00,1610612739,CLE,82,1610612765,DET,84,Game 6,East - Conf. Semifinals,Conf. Semifinals,False
2005-2006,2006,0040500226,20060519/SASDAL,Final,2006-05-20,03:30,1610612742,DAL,86,1610612759,SAS,91,Game 6,West - Conf. Semifinals,Conf. Semifinals,False
2005-2006,2006,0040500207,20060521/CLEDET,Final,2006-05-21,21:30,1610612765,DET,79,1610612739,CLE,61,Game 7,East - Conf. Semifinals,Conf. Semifinals,False
2005-2006,2006,0040500227,20060522/DALSAS,Final/OT,2006-05-23,02:00,1610612759,SAS,111,1610612742,DAL,119,Game 7,West - Conf. Semifinals,Conf. Semifinals,False
2005-2006,2006,0040500237,20060522/LACPHX,Final,2006-05-23,04:30,1610612756,PHX,127,1610612746,LAC,107,Game 7,West - Conf. Semifinals,Conf. Semifinals,False
2005-2006,2006,0040500301,20060523/MIADET,Final,2006-05-24,02:00,1610612765,DET,86,1610612748,MIA,91,Game 1,East - Conf. Finals,Conf. Finals,False
2005-2006,2006,0040500311,20060524/PHXDAL,Final,2006-05-25,02:30,1610612742,DAL,118,1610612756,PHX,121,Game 1,West - Conf. Finals,Conf. Finals,False
2005-2006,2006,0040500302,20060525/MIADET,Final,2006-05-26,02:00,1610612765,DET,92,1610612748,MIA,88,Game 2,East - Conf. Finals,Conf. Finals,False
2005-2006,2006,0040500312,20060526/PHXDAL,Final,2006-05-27,02:30,1610612742,DAL,105,1610612756,PHX,98,Game 2,West - Conf. Finals,Conf. Finals,False
2005-2006,2006,0040500303,20060527/DETMIA,Final,2006-05-28,02:00,1610612748,MIA,98,1610612765,DET,83,Game 3,East - Conf. Finals,Conf. Finals,False
2005-2006,2006,0040500313,20060528/DALPHX,Final,2006-05-29,02:30,1610612756,PHX,88,1610612742,DAL,95,Game 3,West - Conf. Finals,Conf. Finals,False
2005-2006,2006,0040500304,20060529/DETMIA,Final,2006-05-30,02:00,1610612748,MIA,89,1610612765,DET,78,Game 4,East - Conf. Finals,Conf. Finals,False
2005-2006,2006,0040500314,20060530/DALPHX,Final,2006-05-31,03:00,1610612756,PHX,106,1610612742,DAL,86,Game 4,West - Conf. Finals,Conf. Finals,False
2005-2006,2006,0040500305,20060531/MIADET,Final,2006-06-01,02:00,1610612765,DET,91,1610612748,MIA,78,Game 5,East - Conf. Finals,Conf. Finals,False
2005-2006,2006,0040500315,20060601/PHXDAL,Final,2006-06-02,02:30,1610612742,DAL,117,1610612756,PHX,101,Game 5,West - Conf. Finals,Conf. Finals,False
2005-2006,2006,0040500306,20060602/DETMIA,Final,2006-06-03,02:00,1610612748,MIA,95,1610612765,DET,78,Game 6,East - Conf. Finals,Conf. Finals,False
2005-2006,2006,0040500316,20060603/DALPHX,Final,2006-06-04,02:30,1610612756,PHX,93,1610612742,DAL,102,Game 6,West - Conf. Finals,Conf. Finals,False
2005-2006,2006,0040500401,20060608/MIADAL,Final,2006-06-09,03:00,1610612742,DAL,90,1610612748,MIA,80,Game 1,NBA Finals,NBA Finals,False
2005-2006,2006,0040500402,20060611/MIADAL,Final,2006-06-12,03:00,1610612742,DAL,99,1610612748,MIA,85,Game 2,NBA Finals,NBA Finals,False
2005-2006,2006,0040500403,20060613/DALMIA,Final,2006-06-14,03:00,1610612748,MIA,98,1610612742,DAL,96,Game 3,NBA Finals,NBA Finals,False
2005-2006,2006,0040500404,20060615/DALMIA,Final,2006-06-16,03:00,1610612748,MIA,98,1610612742,DAL,74,Game 4,NBA Finals,NBA Finals,False
2005-2006,2006,0040500405,20060618/DALMIA,Final/OT,2006-06-19,03:00,1610612748,MIA,101,1610612742,DAL,100,Game 5,NBA Finals,NBA Finals,False
2005-2006,2006,0040500406,20060620/MIADAL,Final,2006-06-21,03:00,1610612742,DAL,92,1610612748,MIA,95,Game 6,NBA Finals,NBA Finals,False
2005-2006,2006,0090600001,,,2006-08-04,05:00,0,,0,0,,0,,,,False
2005-2006,2006,0090600002,,,2006-08-07,14:00,0,,0,0,,0,,,,False
2005-2006,2006,0090600003,,,2006-08-08,14:00,0,,0,0,,0,,,,False
2005-2006,2006,0090600004,,,2006-08-13,07:00,0,,0,0,,0,,,,False
2005-2006,2006,0090600005,,2:00 am ET,2006-08-15,08:00,0,,0,0,,0,,,,False
2005-2006,2006,0090600006,,1:00 am ET,2006-08-19,07:00,0,,0,0,,0,,,,False
2005-2006,2006,0090600007,,6:00 am ET,2006-08-19,12:00,0,,0,0,,0,,,,False
2005-2006,2006,0090600008,,6:30 am ET,2006-08-19,12:30,0,,0,0,,0,,,,False
2005-2006,2006,0090600009,,3:00 am ET,2006-08-20,09:00,0,,0,0,,0,,,,False
2005-2006,2006,0090600010,,6:00 am ET,2006-08-20,12:00,0,,0,0,,0,,,,False
2005-2006,2006,0090600011,,6:30 am ET,2006-08-20,12:30,0,,0,0,,0,,,,False
2005-2006,2006,0090600012,,3:00 am ET,2006-08-21,09:00,0,,0,0,,0,,,,False
2005-2006,2006,0090600014,,3:30 am ET,2006-08-22,09:30,0,,0,0,,0,,,,False
2005-2006,2006,0090600013,,12:30 am ET,2006-08-22,06:30,0,,0,0,,0,,,,False
2005-2006,2006,0090600015,,6:30 am ET,2006-08-22,12:30,0,,0,0,,0,,,,False
2005-2006,2006,0090600017,,3:00 am ET,2006-08-23,09:00,0,,0,0,,0,,,,False
2005-2006,2006,0090600016,,12:00 am ET,2006-08-23,06:00,0,,0,0,,0,,,,False
2005-2006,2006,0090600018,,6:30 am ET,2006-08-23,12:30,0,,0,0,,0,,,,False
2005-2006,2006,0090600020,,3:30 am ET,2006-08-24,09:30,0,,0,0,,0,,,,False
2005-2006,2006,0090600021,,3:30 am ET,2006-08-24,09:30,0,,0,0,,0,,,,False
2005-2006,2006,0090600019,,12:30 am ET,2006-08-24,06:30,0,,0,0,,0,,,,False
2005-2006,2006,0090600023,,,2006-08-24,12:30,0,,0,0,,0,,,,False
2005-2006,2006,0090600022,,6:30 am ET,2006-08-24,12:30,0,,0,0,,0,,,,False
2005-2006,2006,0090600024,,12:00 am ET,2006-08-26,06:00,0,,0,0,,0,,,,False
2005-2006,2006,0090600025,,7:00 am ET,2006-08-26,13:00,0,,0,0,,0,,,,False
2005-2006,2006,0090600027,,4:00 am ET,2006-08-27,10:00,0,,0,0,,0,,,,False
2005-2006,2006,0090600026,,12:00 am ET,2006-08-27,06:00,0,,0,0,,0,,,,False
2005-2006,2006,0090600028,,7:00 am ET,2006-08-27,13:00,0,,0,0,,0,,,,False
2005-2006,2006,0090600029,,3:30 am ET,2006-08-29,09:30,0,,0,0,,0,,,,False
2005-2006,2006,0090600030,,6:30 am ET,2006-08-29,12:30,0,,0,0,,0,,,,False
2005-2006,2006,0090600031,,3:30 am ET,2006-08-30,09:30,0,,0,0,,0,,,,False
2005-2006,2006,0090600032,,6:30 am ET,2006-08-30,12:30,0,,0,0,,0,,,,False
2005-2006,2006,0090600033,,3:30 am ET,2006-09-01,09:30,0,,0,0,,0,,,,False
