Saison,Année,gameId,gameCode,gameStatusText,dateParis,heureParis,homeTeamId,homeTeamTricode,homeTeamScore,awayTeamId,awayTeamTricode,awayTeamScore,seriesGameNumber,gameLabel,poRoundDesc,ifNecessary
2003-2004,2004,0010300001,20031005/DALUTA,Final,2003-10-06,00:00,1610612762,UTA,90,1610612742,DAL,85,,,,False
2003-2004,2004,0010300002,20031006/MILMEM,Final,2003-10-07,02:00,1610612763,MEM,105,1610612749,MIL,94,,,,False
2003-2004,2004,0010300006,20031007/GSWLAL,Final,2003-10-07,08:00,1610612747,LAL,0,1610612744,GSW,0,,,,False
2003-2004,2004,0010300010,20031007/NYKWAS,Final,2003-10-08,01:00,1610612764,WAS,104,1610612752,NYK,86,,,,False
2003-2004,2004,0010300003,20031007/CLEDET,Final,2003-10-08,01:30,1610612765,DET,96,1610612739,CLE,100,,,,False
2003-2004,2004,0010300004,20031007/ORLDAL,Final,2003-10-08,02:30,1610612742,DAL,99,1610612753,ORL,89,,,,False
2003-2004,2004,0010300008,20031007/NJNPHX,Final,2003-10-08,03:00,1610612756,PHX,79,1610612751,NJN,101,,,,False
2003-2004,2004,0010300007,20031007/PHIMIA,Final/OT,2003-10-08,02:30,1610612748,MIA,86,1610612755,PHI,79,,,,False
2003-2004,2004,0010300005,20031007/HOUPOR,Final,2003-10-08,04:00,1610612757,POR,104,1610612745,HOU,80,,,,False
2003-2004,2004,0010300009,20031007/LACSAC,Final,2003-10-08,04:00,1610612758,SAC,101,1610612746,LAC,82,,,,False
2003-2004,2004,0010300015,20031008/GSWLAL,Final,2003-10-08,06:00,1610612747,LAL,0,1610612744,GSW,0,,,,False
2003-2004,2004,0010300013,20031008/MEMSAS,Final,2003-10-08,21:00,1610612759,SAS,0,1610612763,MEM,0,,,,False
2003-2004,2004,0010300011,20031008/CLEATL,Final,2003-10-09,01:00,1610612737,ATL,80,1610612739,CLE,83,,,,False
2003-2004,2004,0010300018,20031008/WASTOR,Final,2003-10-09,01:00,1610612761,TOR,76,1610612764,WAS,71,,,,False
2003-2004,2004,0010300014,20031008/DETBOS,Final,2003-10-09,01:30,1610612738,BOS,89,1610612765,DET,104,,,,False
2003-2004,2004,0010300012,20031008/CHIIND,Final,2003-10-09,02:00,1610612754,IND,96,1610612741,CHI,82,,,,False
2003-2004,2004,0010300017,20031008/ORLNOH,Final,2003-10-09,02:30,1610612740,NOH,105,1610612753,ORL,98,,,,False
2003-2004,2004,0010300016,20031008/HOUSEA,Final,2003-10-09,04:00,1610612760,SEA,98,1610612745,HOU,78,,,,False
2003-2004,2004,0010300020,20031009/MINMIL,Final,2003-10-10,01:30,1610612749,MIL,0,1610612750,MIN,0,,,,False
2003-2004,2004,0010300021,20031009/NJNNYK,Final,2003-10-10,01:30,1610612752,NYK,75,1610612751,NJN,84,,,,False
2003-2004,2004,0010300019,20031009/PHXDEN,Final,2003-10-10,03:00,1610612743,DEN,113,1610612756,PHX,100,,,,False
2003-2004,2004,0010300022,20031009/SACPOR,Final,2003-10-10,04:00,1610612757,POR,0,1610612758,SAC,0,,,,False
2003-2004,2004,0010300028,20031010/MEMSPN,Final,2003-10-10,10:00,35,SPN,0,1610612763,MEM,0,,,,False
2003-2004,2004,0010300023,20031010/ATLMIA,Final,2003-10-11,01:30,1610612748,MIA,94,1610612737,ATL,92,,,,False
2003-2004,2004,0010300027,20031010/PHIWAS,Final,2003-10-11,01:30,1610612764,WAS,83,1610612755,PHI,103,,,,False
2003-2004,2004,0010300024,20031010/BOSCHI,Final,2003-10-11,02:30,1610612741,CHI,90,1610612738,BOS,77,,,,False
2003-2004,2004,0010300025,20031010/SEAHOU,Final,2003-10-11,02:30,1610612745,HOU,0,1610612760,SEA,0,,,,False
2003-2004,2004,0010300026,20031010/PORLAC,Final,2003-10-11,04:30,1610612746,LAC,85,1610612757,POR,88,,,,False
2003-2004,2004,0010300034,20031011/MINNYK,Final,2003-10-11,20:00,1610612752,NYK,77,1610612750,MIN,96,,,,False
2003-2004,2004,0010300035,20031011/MIAORL,Final,2003-10-12,01:00,1610612753,ORL,75,1610612748,MIA,77,,,,False
2003-2004,2004,0010300036,20031011/SASPHI,Final,2003-10-12,01:00,1610612755,PHI,0,1610612759,SAS,0,,,,False
2003-2004,2004,0010300030,20031011/BOSIND,Final,2003-10-12,02:00,1610612754,IND,91,1610612738,BOS,90,,,,False
2003-2004,2004,0010300031,20031011/CHIMIL,Final,2003-10-12,02:30,1610612749,MIL,102,1610612741,CHI,97,,,,False
2003-2004,2004,0010300032,20031011/NOHDAL,Final,2003-10-12,02:30,1610612742,DAL,100,1610612740,NOH,99,,,,False
2003-2004,2004,0010300033,20031011/DENPHX,Final,2003-10-12,03:00,1610612756,PHX,102,1610612743,DEN,106,,,,False
2003-2004,2004,0010300037,20031011/SACGSW,Final,2003-10-12,04:30,1610612744,GSW,111,1610612758,SAC,94,,,,False
2003-2004,2004,0010300038,20031011/SEAUTA,Final,2003-10-12,04:30,1610612762,UTA,90,1610612760,SEA,89,,,,False
2003-2004,2004,0010300039,20031012/TORDET,Final,2003-10-13,00:00,1610612765,DET,0,1610612761,TOR,0,,,,False
2003-2004,2004,0010300040,20031012/SASNYK,Final,2003-10-13,01:30,1610612752,NYK,78,1610612759,SAS,85,,,,False
2003-2004,2004,0010300041,20031012/NOHHOU,Final,2003-10-13,01:30,1610612745,HOU,71,1610612740,NOH,89,,,,False
2003-2004,2004,0010300043,20031013/MILCLE,Final,2003-10-14,01:00,1610612739,CLE,81,1610612749,MIL,87,,,,False
2003-2004,2004,0010300042,20031013/ATLMIN,Final,2003-10-14,04:00,1610612750,MIN,86,1610612737,ATL,98,,,,False
2003-2004,2004,0010300051,20031014/NOHORL,Final,2003-10-15,01:00,1610612753,ORL,84,1610612740,NOH,89,,,,False
2003-2004,2004,0010300049,20031014/SASMIA,Final,2003-10-15,01:30,1610612748,MIA,99,1610612759,SAS,98,,,,False
2003-2004,2004,0010300050,20031014/PHINJN,Final/OT,2003-10-15,01:30,1610612751,NJN,90,1610612755,PHI,88,,,,False
2003-2004,2004,0010300048,20031014/WASMEM,Final,2003-10-15,02:00,1610612763,MEM,101,1610612764,WAS,85,,,,False
2003-2004,2004,0010300044,20031014/INDCHI,Final/OT,2003-10-15,02:30,1610612741,CHI,103,1610612754,IND,96,,,,False
2003-2004,2004,0010300052,20031014/NYKUTA,Final,2003-10-15,03:00,1610612762,UTA,81,1610612752,NYK,65,,,,False
2003-2004,2004,0010300046,20031014/HOUSAC,Final,2003-10-15,04:00,1610612758,SAC,78,1610612745,HOU,82,,,,False
2003-2004,2004,0010300053,20031014/SEAPOR,Final,2003-10-15,04:00,1610612757,POR,0,1610612760,SEA,0,,,,False
2003-2004,2004,0010300045,20031014/DALLAC,Final,2003-10-15,04:30,1610612746,LAC,128,1610612742,DAL,107,,,,False
2003-2004,2004,0010300047,20031014/PHXLAL,Final,2003-10-15,04:30,1610612747,LAL,0,1610612756,PHX,0,,,,False
2003-2004,2004,0010300057,20031015/TORMIN,Final,2003-10-16,01:00,1610612750,MIN,76,1610612761,TOR,90,,,,False
2003-2004,2004,0010300054,20031015/BOSDET,Final,2003-10-16,01:30,1610612765,DET,123,1610612738,BOS,95,,,,False
2003-2004,2004,0010300055,20031015/DENIND,Final,2003-10-16,02:00,1610612754,IND,93,1610612743,DEN,100,,,,False
2003-2004,2004,0010300056,20031015/SEAGSW,Final,2003-10-16,04:00,1610612744,GSW,0,1610612760,SEA,0,,,,False
2003-2004,2004,0010300058,20031016/MIAATL,Final,2003-10-17,01:30,1610612737,ATL,92,1610612748,MIA,78,,,,False
2003-2004,2004,0010300062,20031016/PHXLAC,Final,2003-10-17,01:30,1610612746,LAC,93,1610612756,PHX,96,,,,False
2003-2004,2004,0010300059,20031016/CHINOH,Final,2003-10-17,02:00,1610612740,NOH,91,1610612741,CHI,101,,,,False
2003-2004,2004,0010300060,20031016/SACHOU,Final,2003-10-17,02:30,1610612745,HOU,88,1610612758,SAC,72,,,,False
2003-2004,2004,0010300061,20031016/ORLUTA,Final,2003-10-17,02:30,1610612762,UTA,0,1610612753,ORL,0,,,,False
2003-2004,2004,0010300063,20031016/CLELAL,Final,2003-10-17,04:30,1610612747,LAL,86,1610612739,CLE,78,,,,False
2003-2004,2004,0010300069,20031017/DENTOR,Final,2003-10-18,01:00,1610612761,TOR,86,1610612743,DEN,81,,,,False
2003-2004,2004,0010300064,20031017/BOSNJN,Final,2003-10-18,01:30,1610612751,NJN,90,1610612738,BOS,95,,,,False
2003-2004,2004,0010300071,20031017/CLELAC,Final,2003-10-18,01:30,1610612746,LAC,95,1610612739,CLE,90,,,,False
2003-2004,2004,0010300066,20031017/MIADET,Final,2003-10-18,02:00,1610612765,DET,71,1610612748,MIA,84,,,,False
2003-2004,2004,0010300067,20031017/ORLMEM,Final,2003-10-18,02:00,1610612763,MEM,84,1610612753,ORL,65,,,,False
2003-2004,2004,0010300070,20031017/MININD,Final,2003-10-18,02:00,1610612754,IND,96,1610612750,MIN,93,,,,False
2003-2004,2004,0010300068,20031017/NYKSAS,Final,2003-10-18,02:30,1610612759,SAS,74,1610612752,NYK,88,,,,False
2003-2004,2004,0010300065,20031017/PHIUTA,Final,2003-10-18,03:00,1610612762,UTA,87,1610612755,PHI,86,,,,False
2003-2004,2004,0010300072,20031017/PHXLAL,Final,2003-10-18,04:30,1610612747,LAL,91,1610612756,PHX,84,,,,False
2003-2004,2004,0010300074,20031018/INDBOS,Final,2003-10-19,01:30,1610612738,BOS,84,1610612754,IND,80,,,,False
2003-2004,2004,0010300077,20031018/TORNJN,Final,2003-10-19,01:30,1610612751,NJN,0,1610612761,TOR,0,,,,False
2003-2004,2004,0010300073,20031018/ATLMEM,Final,2003-10-19,02:00,1610612763,MEM,94,1610612737,ATL,81,,,,False
2003-2004,2004,0010300079,20031018/WASNOH,Final,2003-10-19,02:00,1610612740,NOH,87,1610612764,WAS,85,,,,False
2003-2004,2004,0010300075,20031018/MILCHI,Final,2003-10-19,02:30,1610612741,CHI,91,1610612749,MIL,98,,,,False
2003-2004,2004,0010300076,20031018/PHIDAL,Final,2003-10-19,02:30,1610612742,DAL,99,1610612755,PHI,102,,,,False
2003-2004,2004,0010300078,20031018/PORSEA,Final,2003-10-19,04:00,1610612760,SEA,0,1610612757,POR,0,,,,False
2003-2004,2004,0010300080,20031019/DENDET,Final,2003-10-20,00:00,1610612765,DET,0,1610612743,DEN,0,,,,False
2003-2004,2004,0010300082,20031019/DALSAS,Final,2003-10-20,01:00,1610612759,SAS,84,1610612742,DAL,89,,,,False
2003-2004,2004,0010300083,20031019/SEASAC,Final,2003-10-20,03:00,1610612758,SAC,107,1610612760,SEA,109,,,,False
2003-2004,2004,0010300084,20031019/LACGSW,Final,2003-10-20,03:00,1610612744,GSW,93,1610612746,LAC,69,,,,False
2003-2004,2004,0010300081,20031019/CLELAL,Final,2003-10-20,03:30,1610612747,LAL,0,1610612739,CLE,0,,,,False
2003-2004,2004,0010300085,20031020/ATLWAS,Final,2003-10-21,01:00,1610612764,WAS,99,1610612737,ATL,86,,,,False
2003-2004,2004,0010300088,20031020/NOHPHI,Final,2003-10-21,01:00,1610612755,PHI,85,1610612740,NOH,102,,,,False
2003-2004,2004,0010300087,20031020/MILMIN,Final/OT,2003-10-21,02:00,1610612750,MIN,91,1610612749,MIL,86,,,,False
2003-2004,2004,0010300086,20031020/DENPOR,Final/OT,2003-10-21,04:00,1610612757,POR,95,1610612743,DEN,101,,,,False
2003-2004,2004,0010300089,20031021/CHITOR,Final,2003-10-22,01:00,1610612761,TOR,91,1610612741,CHI,94,,,,False
2003-2004,2004,0010300091,20031021/MILDET,Final,2003-10-22,01:30,1610612765,DET,86,1610612749,MIL,97,,,,False
2003-2004,2004,0010300093,20031021/NYKNJN,Final,2003-10-22,01:30,1610612751,NJN,82,1610612752,NYK,84,,,,False
2003-2004,2004,0010300090,20031021/UTADAL,Final,2003-10-22,02:30,1610612742,DAL,76,1610612762,UTA,92,,,,False
2003-2004,2004,0010300092,20031021/MEMMIA,Final,2003-10-21,18:00,1610612748,MIA,82,1610612763,MEM,97,,,,False
2003-2004,2004,0010300094,20031022/ATLORL,Final,2003-10-23,01:00,1610612753,ORL,83,1610612737,ATL,91,,,,False
2003-2004,2004,0010300095,20031022/MINBOS,Final,2003-10-23,01:00,1610612738,BOS,96,1610612750,MIN,80,,,,False
2003-2004,2004,0010300101,20031022/WASCLE,Final,2003-10-23,01:00,1610612739,CLE,108,1610612764,WAS,92,,,,False
2003-2004,2004,0010300097,20031022/DENHOU,Final,2003-10-23,02:30,1610612745,HOU,102,1610612743,DEN,79,,,,False
2003-2004,2004,0010300099,20031022/NOHSAS,Final,2003-10-23,02:30,1610612759,SAS,103,1610612740,NOH,79,,,,False
2003-2004,2004,0010300096,20031022/DALSAC,Final,2003-10-23,04:00,1610612758,SAC,121,1610612742,DAL,99,,,,False
2003-2004,2004,0010300098,20031022/GSWSEA,Final,2003-10-23,04:00,1610612760,SEA,110,1610612744,GSW,91,,,,False
2003-2004,2004,0010300100,20031022/PHXPOR,Final,2003-10-23,04:00,1610612757,POR,109,1610612756,PHX,98,,,,False
2003-2004,2004,0010300103,20031023/CLETOR,Final,2003-10-24,00:00,1610612761,TOR,0,1610612739,CLE,0,,,,False
2003-2004,2004,0010300106,20031023/NJNPHI,Final,2003-10-24,01:00,1610612755,PHI,83,1610612751,NJN,90,,,,False
2003-2004,2004,0010300107,20031023/UTANYK,Final,2003-10-24,01:30,1610612752,NYK,60,1610612762,UTA,77,,,,False
2003-2004,2004,0010300104,20031023/INDMIN,Final,2003-10-24,02:00,1610612750,MIN,90,1610612754,IND,73,,,,False
2003-2004,2004,0010300102,20031023/MEMCHI,Final,2003-10-24,02:30,1610612741,CHI,89,1610612763,MEM,93,,,,False
2003-2004,2004,0010300105,20031023/LACLAL,Final,2003-10-24,04:30,1610612747,LAL,0,1610612746,LAC,0,,,,False
2003-2004,2004,0010300116,20031024/UTAORL,Final,2003-10-25,01:00,1610612753,ORL,84,1610612762,UTA,93,,,,False
2003-2004,2004,0010300108,20031024/WASATL,Final,2003-10-25,01:30,1610612737,ATL,89,1610612764,WAS,85,,,,False
2003-2004,2004,0010300109,20031024/NJNBOS,Final,2003-10-25,01:30,1610612738,BOS,86,1610612751,NJN,82,,,,False
2003-2004,2004,0010300113,20031024/HOUSAS,Final,2003-10-25,02:00,1610612759,SAS,63,1610612745,HOU,84,,,,False
2003-2004,2004,0010300112,20031024/DETMIL,Final,2003-10-25,02:30,1610612749,MIL,86,1610612765,DET,96,,,,False
2003-2004,2004,0010300110,20031024/PORPHX,Final,2003-10-25,03:00,1610612756,PHX,92,1610612757,POR,95,,,,False
2003-2004,2004,0010300111,20031024/INDDEN,Final,2003-10-25,03:00,1610612743,DEN,109,1610612754,IND,92,,,,False
2003-2004,2004,0010300114,20031024/GSWLAC,Final/OT,2003-10-25,04:30,1610612746,LAC,97,1610612744,GSW,89,,,,False
2003-2004,2004,0010300115,20031024/SACLAL,Final,2003-10-25,04:30,1610612747,LAL,87,1610612758,SAC,93,,,,False
2003-2004,2004,0020300001,20031028/MIAPHI,Final,2003-10-29,01:00,1610612755,PHI,89,1610612748,MIA,74,,,,False
2003-2004,2004,0020300002,20031028/PHXSAS,Final,2003-10-29,02:00,1610612759,SAS,83,1610612756,PHX,82,,,,False
2003-2004,2004,0020300003,20031028/DALLAL,Final,2003-10-29,04:30,1610612747,LAL,109,1610612742,DAL,93,,,,False
2003-2004,2004,0020300004,20031029/MIABOS,Final,2003-10-30,01:00,1610612738,BOS,98,1610612748,MIA,75,,,,False
2003-2004,2004,0020300005,20031029/ORLNYK,Final/OT,2003-10-30,02:00,1610612752,NYK,83,1610612753,ORL,85,,,,False
2003-2004,2004,0020300006,20031029/ATLNOH,Final/OT,2003-10-30,02:00,1610612740,NOH,88,1610612737,ATL,83,,,,False
2003-2004,2004,0020300007,20031029/NJNTOR,Final,2003-10-30,02:00,1610612761,TOR,90,1610612751,NJN,87,,,,False
2003-2004,2004,0020300008,20031029/INDDET,Final,2003-10-30,02:00,1610612765,DET,87,1610612754,IND,89,,,,False
2003-2004,2004,0020300009,20031029/MILMIN,Final,2003-10-30,02:00,1610612750,MIN,95,1610612749,MIL,89,,,,False
2003-2004,2004,0020300010,20031029/WASCHI,Final,2003-10-30,02:30,1610612741,CHI,74,1610612764,WAS,99,,,,False
2003-2004,2004,0020300011,20031029/SASDEN,Final,2003-10-30,03:00,1610612743,DEN,80,1610612759,SAS,72,,,,False
2003-2004,2004,0020300012,20031029/PORUTA,Final,2003-10-30,03:00,1610612762,UTA,99,1610612757,POR,92,,,,False
2003-2004,2004,0020300013,20031029/DALGSW,Final,2003-10-30,04:30,1610612744,GSW,87,1610612742,DAL,95,,,,False
2003-2004,2004,0020300014,20031029/CLESAC,Final,2003-10-30,04:30,1610612758,SAC,106,1610612739,CLE,92,,,,False
2003-2004,2004,0020300015,20031030/LACSEA,Final,2003-10-30,11:30,1610612760,SEA,109,1610612746,LAC,100,,,,False
2003-2004,2004,0020300016,20031030/NOHORL,Final,2003-10-31,01:00,1610612753,ORL,98,1610612740,NOH,100,,,,False
2003-2004,2004,0020300017,20031030/DENHOU,Final,2003-10-31,02:00,1610612745,HOU,102,1610612743,DEN,85,,,,False
2003-2004,2004,0020300018,20031030/CLEPHX,Final,2003-10-31,04:30,1610612756,PHX,95,1610612739,CLE,86,,,,False
2003-2004,2004,0020300019,20031031/WASTOR,Final,2003-11-01,01:00,1610612761,TOR,82,1610612764,WAS,79,,,,False
2003-2004,2004,0020300020,20031031/DETMIA,Final,2003-11-01,01:30,1610612748,MIA,81,1610612765,DET,93,,,,False
2003-2004,2004,0020300021,20031031/MILIND,Final,2003-11-01,01:30,1610612754,IND,79,1610612749,MIL,93,,,,False
2003-2004,2004,0020300022,20031031/MINNJN,Final,2003-11-01,02:00,1610612751,NJN,84,1610612750,MIN,61,,,,False
2003-2004,2004,0020300023,20031031/BOSMEM,Final,2003-11-01,02:00,1610612763,MEM,91,1610612738,BOS,93,,,,False
2003-2004,2004,0020300024,20031031/ATLCHI,Final,2003-11-01,02:30,1610612741,CHI,100,1610612737,ATL,94,,,,False
2003-2004,2004,0020300025,20031031/SEALAC,Final,2003-11-01,04:00,1610612746,LAC,105,1610612760,SEA,124,,,,False
2003-2004,2004,0020300026,20031031/PHISAC,Final,2003-11-01,04:30,1610612758,SAC,100,1610612755,PHI,89,,,,False
2003-2004,2004,0020300027,20031101/NJNWAS,Final,2003-11-02,01:00,1610612764,WAS,85,1610612751,NJN,98,,,,False
2003-2004,2004,0020300028,20031101/DETORL,Final,2003-11-02,01:00,1610612753,ORL,85,1610612765,DET,96,,,,False
2003-2004,2004,0020300029,20031101/INDATL,Final/OT,2003-11-02,01:00,1610612737,ATL,99,1610612754,IND,103,,,,False
2003-2004,2004,0020300030,20031101/BOSNOH,Final,2003-11-02,02:00,1610612740,NOH,97,1610612738,BOS,90,,,,False
2003-2004,2004,0020300031,20031101/TORMIN,Final,2003-11-02,02:00,1610612750,MIN,73,1610612761,TOR,56,,,,False
2003-2004,2004,0020300032,20031101/CHIMIL,Final,2003-11-02,02:30,1610612749,MIL,98,1610612741,CHI,68,,,,False
2003-2004,2004,0020300033,20031101/UTADAL,Final,2003-11-02,02:30,1610612742,DAL,127,1610612762,UTA,102,,,,False
2003-2004,2004,0020300034,20031101/MEMHOU,Final,2003-11-02,02:30,1610612745,HOU,71,1610612763,MEM,79,,,,False
2003-2004,2004,0020300035,20031101/NYKSAS,Final,2003-11-02,02:30,1610612759,SAS,86,1610612752,NYK,74,,,,False
2003-2004,2004,0020300036,20031101/SACDEN,Final,2003-11-02,03:00,1610612743,DEN,109,1610612758,SAC,88,,,,False
2003-2004,2004,0020300037,20031101/LALPHX,Final,2003-11-02,03:00,1610612756,PHX,99,1610612747,LAL,103,,,,False
2003-2004,2004,0020300038,20031101/CLEPOR,Final,2003-11-02,04:00,1610612757,POR,104,1610612739,CLE,85,,,,False
2003-2004,2004,0020300039,20031101/PHIGSW,Final,2003-11-02,04:30,1610612744,GSW,104,1610612755,PHI,90,,,,False
2003-2004,2004,0020300040,20031102/GSWLAL,Final,2003-11-03,03:30,1610612747,LAL,87,1610612744,GSW,72,,,,False
2003-2004,2004,0020300041,20031103/NYKORL,Final,2003-11-04,01:00,1610612753,ORL,68,1610612752,NYK,75,,,,False
2003-2004,2004,0020300042,20031103/NOHATL,Final,2003-11-04,01:30,1610612737,ATL,90,1610612740,NOH,80,,,,False
2003-2004,2004,0020300043,20031103/SASMEM,Final,2003-11-04,02:00,1610612763,MEM,88,1610612759,SAS,80,,,,False
2003-2004,2004,0020300044,20031103/HOUCHI,Final,2003-11-04,02:30,1610612741,CHI,66,1610612745,HOU,98,,,,False
2003-2004,2004,0020300045,20031103/MIADAL,Final,2003-11-04,02:30,1610612742,DAL,103,1610612748,MIA,93,,,,False
2003-2004,2004,0020300046,20031103/MINUTA,Final,2003-11-04,03:00,1610612762,UTA,93,1610612750,MIN,88,,,,False
2003-2004,2004,0020300047,20031103/PHIPOR,Final,2003-11-04,04:00,1610612757,POR,83,1610612755,PHI,94,,,,False
2003-2004,2004,0020300048,20031104/DENIND,Final,2003-11-05,01:00,1610612754,IND,71,1610612743,DEN,60,,,,False
2003-2004,2004,0020300049,20031104/HOUNJN,Final,2003-11-05,01:30,1610612751,NJN,75,1610612745,HOU,86,,,,False
2003-2004,2004,0020300050,20031104/LALMIL,Final,2003-11-05,02:00,1610612749,MIL,107,1610612747,LAL,113,,,,False
2003-2004,2004,0020300051,20031104/MIASAS,Final,2003-11-05,02:30,1610612759,SAS,80,1610612748,MIA,73,,,,False
2003-2004,2004,0020300052,20031105/NOHPHI,Final/OT,2003-11-06,01:00,1610612755,PHI,99,1610612740,NOH,106,,,,False
2003-2004,2004,0020300053,20031105/DALWAS,Final,2003-11-06,01:00,1610612764,WAS,100,1610612742,DAL,90,,,,False
2003-2004,2004,0020300054,20031105/CHIORL,Final,2003-11-06,01:00,1610612753,ORL,100,1610612741,CHI,106,,,,False
2003-2004,2004,0020300055,20031105/MILNYK,Final,2003-11-06,01:30,1610612752,NYK,90,1610612749,MIL,106,,,,False
2003-2004,2004,0020300056,20031105/BOSDET,Final,2003-11-06,01:30,1610612765,DET,96,1610612738,BOS,88,,,,False
2003-2004,2004,0020300057,20031105/DENCLE,Final,2003-11-06,02:00,1610612739,CLE,89,1610612743,DEN,93,,,,False
2003-2004,2004,0020300058,20031105/SACMIN,Final/OT,2003-11-06,02:00,1610612750,MIN,121,1610612758,SAC,125,,,,False
2003-2004,2004,0020300059,20031105/PHXUTA,Final,2003-11-06,03:00,1610612762,UTA,91,1610612756,PHX,80,,,,False
2003-2004,2004,0020300060,20031105/ATLGSW,Final,2003-11-06,04:30,1610612744,GSW,99,1610612737,ATL,72,,,,False
2003-2004,2004,0020300061,20031105/MEMPOR,Final,2003-11-06,04:30,1610612757,POR,93,1610612763,MEM,87,,,,False
2003-2004,2004,0020300062,20031106/INDNJN,Final,2003-11-07,01:00,1610612751,NJN,81,1610612754,IND,87,,,,False
2003-2004,2004,0020300063,20031106/DALTOR,Final,2003-11-07,02:00,1610612761,TOR,77,1610612742,DAL,71,,,,False
2003-2004,2004,0020300064,20031106/LALSAS,Final/OT2,2003-11-07,03:30,1610612759,SAS,117,1610612747,LAL,120,,,,False
2003-2004,2004,0020300065,20031107/TORWAS,Final,2003-11-08,01:00,1610612764,WAS,86,1610612761,TOR,60,,,,False
2003-2004,2004,0020300066,20031107/NJNBOS,Final,2003-11-08,01:30,1610612738,BOS,87,1610612751,NJN,94,,,,False
2003-2004,2004,0020300067,20031107/SACNYK,Final,2003-11-08,01:30,1610612752,NYK,114,1610612758,SAC,111,,,,False
2003-2004,2004,0020300068,20031107/CLEIND,Final,2003-11-08,01:30,1610612754,IND,91,1610612739,CLE,90,,,,False
2003-2004,2004,0020300069,20031107/MINORL,Final,2003-11-08,02:00,1610612753,ORL,71,1610612750,MIN,100,,,,False
2003-2004,2004,0020300070,20031107/LALNOH,Final,2003-11-08,02:00,1610612740,NOH,114,1610612747,LAL,95,,,,False
2003-2004,2004,0020300071,20031107/MILDET,Final,2003-11-08,02:00,1610612765,DET,105,1610612749,MIL,99,,,,False
2003-2004,2004,0020300072,20031107/PHICHI,Final,2003-11-08,02:30,1610612741,CHI,85,1610612755,PHI,106,,,,False
2003-2004,2004,0020300073,20031107/LACDEN,Final/OT,2003-11-08,03:00,1610612743,DEN,102,1610612746,LAC,104,,,,False
2003-2004,2004,0020300074,20031107/MEMPHX,Final,2003-11-08,03:00,1610612756,PHX,96,1610612763,MEM,88,,,,False
2003-2004,2004,0020300075,20031107/UTAGSW,Final,2003-11-08,04:30,1610612744,GSW,95,1610612762,UTA,89,,,,False
2003-2004,2004,0020300076,20031107/PORSEA,Final,2003-11-08,04:30,1610612760,SEA,100,1610612757,POR,82,,,,False
2003-2004,2004,0020300077,20031108/MINMIA,Final,2003-11-09,01:30,1610612748,MIA,79,1610612750,MIN,88,,,,False
2003-2004,2004,0020300078,20031108/WASCLE,Final,2003-11-09,01:30,1610612739,CLE,111,1610612764,WAS,98,,,,False
2003-2004,2004,0020300079,20031108/CHINOH,Final,2003-11-09,02:00,1610612740,NOH,106,1610612741,CHI,109,,,,False
2003-2004,2004,0020300080,20031108/NYKMIL,Final,2003-11-09,02:30,1610612749,MIL,90,1610612752,NYK,87,,,,False
2003-2004,2004,0020300081,20031108/ORLHOU,Final,2003-11-09,02:30,1610612745,HOU,96,1610612753,ORL,86,,,,False
2003-2004,2004,0020300082,20031108/DALSAS,Final,2003-11-09,02:30,1610612759,SAS,78,1610612742,DAL,81,,,,False
2003-2004,2004,0020300083,20031108/MEMUTA,Final,2003-11-09,03:00,1610612762,UTA,96,1610612763,MEM,89,,,,False
2003-2004,2004,0020300084,20031108/ATLPOR,Final,2003-11-09,04:00,1610612757,POR,90,1610612737,ATL,83,,,,False
2003-2004,2004,0020300085,20031109/DENTOR,Final,2003-11-09,18:30,1610612761,TOR,89,1610612743,DEN,76,,,,False
2003-2004,2004,0020300086,20031109/SACBOS,Final,2003-11-10,00:00,1610612738,BOS,91,1610612758,SAC,82,,,,False
2003-2004,2004,0020300087,20031109/INDPHI,Final,2003-11-10,00:00,1610612755,PHI,74,1610612754,IND,85,,,,False
2003-2004,2004,0020300088,20031109/NJNDET,Final,2003-11-10,00:00,1610612765,DET,98,1610612751,NJN,84,,,,False
2003-2004,2004,0020300089,20031109/ATLSEA,Final,2003-11-10,03:00,1610612760,SEA,81,1610612737,ATL,91,,,,False
2003-2004,2004,0020300090,20031110/NYKCLE,Final,2003-11-11,01:00,1610612739,CLE,94,1610612752,NYK,80,,,,False
2003-2004,2004,0020300091,20031110/LALMEM,Final,2003-11-11,02:00,1610612763,MEM,105,1610612747,LAL,95,,,,False
2003-2004,2004,0020300092,20031110/DENCHI,Final,2003-11-11,02:30,1610612741,CHI,97,1610612743,DEN,105,,,,False
2003-2004,2004,0020300093,20031110/UTASAS,Final,2003-11-11,02:00,1610612759,SAS,87,1610612762,UTA,78,,,,False
2003-2004,2004,0020300094,20031110/PHXGSW,Final,2003-11-11,04:30,1610612744,GSW,96,1610612756,PHX,99,,,,False
2003-2004,2004,0020300095,20031111/PHIWAS,Final,2003-11-12,01:00,1610612764,WAS,105,1610612755,PHI,112,,,,False
2003-2004,2004,0020300096,20031111/BOSIND,Final,2003-11-12,01:00,1610612754,IND,76,1610612738,BOS,78,,,,False
2003-2004,2004,0020300097,20031111/SEAMIN,Final,2003-11-12,02:00,1610612750,MIN,87,1610612760,SEA,89,,,,False
2003-2004,2004,0020300098,20031111/NOHDAL,Final,2003-11-12,02:30,1610612742,DAL,125,1610612740,NOH,97,,,,False
2003-2004,2004,0020300099,20031111/MIAHOU,Final,2003-11-12,02:30,1610612745,HOU,90,1610612748,MIA,70,,,,False
2003-2004,2004,0020300100,20031111/DETSAC,Final,2003-11-12,04:00,1610612758,SAC,97,1610612765,DET,91,,,,False
2003-2004,2004,0020300101,20031111/TORPOR,Final,2003-11-12,04:00,1610612757,POR,83,1610612761,TOR,80,,,,False
2003-2004,2004,0020300102,20031111/ATLLAC,Final,2003-11-12,04:30,1610612746,LAC,115,1610612737,ATL,103,,,,False
2003-2004,2004,0020300103,20031112/CHIBOS,Final,2003-11-13,01:00,1610612738,BOS,82,1610612741,CHI,89,,,,False
2003-2004,2004,0020300104,20031112/SASNJN,Final,2003-11-13,01:00,1610612751,NJN,71,1610612759,SAS,85,,,,False
2003-2004,2004,0020300105,20031112/MEMORL,Final,2003-11-13,01:00,1610612753,ORL,97,1610612763,MEM,107,,,,False
2003-2004,2004,0020300106,20031112/CLEMIA,Final,2003-11-13,01:30,1610612748,MIA,88,1610612739,CLE,83,,,,False
2003-2004,2004,0020300107,20031112/UTANOH,Final,2003-11-13,02:00,1610612740,NOH,96,1610612762,UTA,89,,,,False
2003-2004,2004,0020300108,20031112/SEAMIL,Final,2003-11-13,02:00,1610612749,MIL,99,1610612760,SEA,104,,,,False
2003-2004,2004,0020300109,20031112/ATLPHX,Final,2003-11-13,03:00,1610612756,PHX,94,1610612737,ATL,99,,,,False
2003-2004,2004,0020300110,20031112/DETGSW,Final/OT,2003-11-13,03:30,1610612744,GSW,87,1610612765,DET,85,,,,False
2003-2004,2004,0020300111,20031112/TORLAL,Final,2003-11-13,04:30,1610612747,LAL,94,1610612761,TOR,79,,,,False
2003-2004,2004,0020300112,20031113/HOUDAL,Final,2003-11-14,01:30,1610612742,DAL,97,1610612745,HOU,86,,,,False
2003-2004,2004,0020300113,20031113/MINCHI,Final/OT,2003-11-14,02:30,1610612741,CHI,89,1610612750,MIN,92,,,,False
2003-2004,2004,0020300114,20031113/SACPOR,Final/OT,2003-11-14,04:00,1610612757,POR,112,1610612758,SAC,110,,,,False
2003-2004,2004,0020300115,20031114/CLEBOS,Final,2003-11-15,01:30,1610612738,BOS,91,1610612739,CLE,82,,,,False
2003-2004,2004,0020300116,20031114/NYKNJN,Final,2003-11-15,01:30,1610612751,NJN,85,1610612752,NYK,80,,,,False
2003-2004,2004,0020300117,20031114/WASMIA,Final/OT,2003-11-15,01:30,1610612748,MIA,105,1610612764,WAS,101,,,,False
2003-2004,2004,0020300118,20031114/SEAIND,Final,2003-11-15,01:30,1610612754,IND,101,1610612760,SEA,78,,,,False
2003-2004,2004,0020300119,20031114/SASPHI,Final,2003-11-15,02:00,1610612755,PHI,100,1610612759,SAS,96,,,,False
2003-2004,2004,0020300120,20031114/UTAMIN,Final,2003-11-15,02:00,1610612750,MIN,77,1610612762,UTA,85,,,,False
2003-2004,2004,0020300121,20031114/PHXHOU,Final,2003-11-15,02:30,1610612745,HOU,90,1610612756,PHX,85,,,,False
2003-2004,2004,0020300122,20031114/TORSAC,Final,2003-11-15,04:00,1610612758,SAC,94,1610612761,TOR,64,,,,False
2003-2004,2004,0020300123,20031114/ORLDEN,Final,2003-11-15,04:30,1610612743,DEN,106,1610612753,ORL,101,,,,False
2003-2004,2004,0020300124,20031114/DETLAL,Final,2003-11-15,04:30,1610612747,LAL,94,1610612765,DET,89,,,,False
2003-2004,2004,0020300125,20031114/LACGSW,Final,2003-11-15,04:30,1610612744,GSW,98,1610612746,LAC,104,,,,False
2003-2004,2004,0020300126,20031115/PORNOH,Final,2003-11-16,02:00,1610612740,NOH,101,1610612757,POR,79,,,,False
2003-2004,2004,0020300127,20031115/SASWAS,Final,2003-11-16,01:00,1610612764,WAS,71,1610612759,SAS,95,,,,False
2003-2004,2004,0020300128,20031115/NJNATL,Final,2003-11-16,01:00,1610612737,ATL,85,1610612751,NJN,100,,,,False
2003-2004,2004,0020300129,20031115/INDNYK,Final,2003-11-16,01:30,1610612752,NYK,94,1610612754,IND,95,,,,False
2003-2004,2004,0020300130,20031115/PHICLE,Final/OT,2003-11-16,01:30,1610612739,CLE,91,1610612755,PHI,88,,,,False
2003-2004,2004,0020300131,20031115/DALMEM,Final/OT,2003-11-16,02:00,1610612763,MEM,108,1610612742,DAL,101,,,,False
2003-2004,2004,0020300132,20031115/SEACHI,Final,2003-11-16,02:30,1610612741,CHI,90,1610612760,SEA,98,,,,False
2003-2004,2004,0020300133,20031115/UTAMIL,Final,2003-11-16,02:30,1610612749,MIL,100,1610612762,UTA,95,,,,False
2003-2004,2004,0020300134,20031115/DETPHX,Final,2003-11-16,03:00,1610612756,PHX,91,1610612765,DET,100,,,,False
2003-2004,2004,0020300135,20031115/ORLLAC,Final,2003-11-16,04:30,1610612746,LAC,95,1610612753,ORL,92,,,,False
2003-2004,2004,0020300136,20031116/HOUTOR,Final/OT2,2003-11-16,19:00,1610612761,TOR,101,1610612745,HOU,97,,,,False
2003-2004,2004,0020300137,20031116/GSWSAC,Final,2003-11-17,01:00,1610612758,SAC,106,1610612744,GSW,104,,,,False
2003-2004,2004,0020300138,20031116/MIALAL,Final,2003-11-17,03:30,1610612747,LAL,99,1610612748,MIA,77,,,,False
2003-2004,2004,0020300139,20031117/HOUPHI,Final,2003-11-18,01:00,1610612755,PHI,66,1610612745,HOU,74,,,,False
2003-2004,2004,0020300140,20031117/BOSNYK,Final,2003-11-18,01:30,1610612752,NYK,89,1610612738,BOS,86,,,,False
2003-2004,2004,0020300141,20031117/WASATL,Final,2003-11-18,01:30,1610612737,ATL,97,1610612764,WAS,106,,,,False
2003-2004,2004,0020300142,20031117/PORDAL,Final,2003-11-18,02:30,1610612742,DAL,105,1610612757,POR,98,,,,False
2003-2004,2004,0020300143,20031117/ORLUTA,Final,2003-11-18,03:00,1610612762,UTA,90,1610612753,ORL,88,,,,False
2003-2004,2004,0020300144,20031118/LACCLE,Final,2003-11-19,01:00,1610612739,CLE,103,1610612746,LAC,95,,,,False
2003-2004,2004,0020300145,20031118/NOHNJN,Final,2003-11-19,01:30,1610612751,NJN,85,1610612740,NOH,88,,,,False
2003-2004,2004,0020300146,20031118/LALDET,Final,2003-11-19,01:30,1610612765,DET,106,1610612747,LAL,96,,,,False
2003-2004,2004,0020300147,20031118/ATLMIL,Final,2003-11-19,02:00,1610612749,MIL,93,1610612737,ATL,101,,,,False
2003-2004,2004,0020300148,20031118/DENMIN,Final,2003-11-19,02:00,1610612750,MIN,89,1610612743,DEN,76,,,,False
2003-2004,2004,0020300149,20031118/GSWSAS,Final,2003-11-19,02:30,1610612759,SAS,94,1610612744,GSW,81,,,,False
2003-2004,2004,0020300150,20031118/CHIPHX,Final,2003-11-19,03:00,1610612756,PHX,95,1610612741,CHI,82,,,,False
2003-2004,2004,0020300151,20031118/MIASEA,Final,2003-11-19,04:00,1610612760,SEA,98,1610612748,MIA,105,,,,False
2003-2004,2004,0020300152,20031119/NOHBOS,Final,2003-11-20,01:00,1610612738,BOS,73,1610612740,NOH,81,,,,False
2003-2004,2004,0020300153,20031119/CLEWAS,Final,2003-11-20,01:00,1610612764,WAS,106,1610612739,CLE,95,,,,False
2003-2004,2004,0020300154,20031119/PHITOR,Final,2003-11-20,01:00,1610612761,TOR,75,1610612755,PHI,81,,,,False
2003-2004,2004,0020300155,20031119/LACIND,Final,2003-11-20,01:00,1610612754,IND,91,1610612746,LAC,78,,,,False
2003-2004,2004,0020300156,20031119/LALNYK,Final,2003-11-20,01:30,1610612752,NYK,83,1610612747,LAL,104,,,,False
2003-2004,2004,0020300157,20031119/GSWHOU,Final,2003-11-20,02:30,1610612745,HOU,85,1610612744,GSW,83,,,,False
2003-2004,2004,0020300158,20031119/DETMEM,Final,2003-11-20,03:00,1610612763,MEM,92,1610612765,DET,99,,,,False
2003-2004,2004,0020300159,20031119/MILDEN,Final,2003-11-20,03:00,1610612743,DEN,94,1610612749,MIL,86,,,,False
2003-2004,2004,0020300160,20031119/SACUTA,Final,2003-11-20,03:00,1610612762,UTA,110,1610612758,SAC,118,,,,False
2003-2004,2004,0020300161,20031119/MIAPOR,Final,2003-11-20,04:00,1610612757,POR,94,1610612748,MIA,93,,,,False
2003-2004,2004,0020300162,20031120/SASDAL,Final,2003-11-21,01:30,1610612742,DAL,95,1610612759,SAS,92,,,,False
2003-2004,2004,0020300163,20031120/ORLPHX,Final,2003-11-21,04:00,1610612756,PHX,96,1610612753,ORL,89,,,,False
2003-2004,2004,0020300164,20031121/BOSPHI,Final,2003-11-22,01:00,1610612755,PHI,87,1610612738,BOS,85,,,,False
2003-2004,2004,0020300165,20031121/INDNOH,Final,2003-11-22,02:00,1610612740,NOH,75,1610612754,IND,76,,,,False
2003-2004,2004,0020300166,20031121/MINCLE,Final,2003-11-22,02:00,1610612739,CLE,83,1610612750,MIN,97,,,,False
2003-2004,2004,0020300167,20031121/NYKDET,Final,2003-11-22,02:00,1610612765,DET,94,1610612752,NYK,85,,,,False
2003-2004,2004,0020300168,20031121/ATLSAS,Final,2003-11-22,02:30,1610612759,SAS,114,1610612737,ATL,75,,,,False
2003-2004,2004,0020300169,20031121/WASDEN,Final,2003-11-22,03:00,1610612743,DEN,108,1610612764,WAS,87,,,,False
2003-2004,2004,0020300170,20031121/MILUTA,Final,2003-11-22,03:00,1610612762,UTA,99,1610612749,MIL,90,,,,False
2003-2004,2004,0020300171,20031121/ORLSAC,Final,2003-11-22,04:00,1610612758,SAC,122,1610612753,ORL,92,,,,False
2003-2004,2004,0020300172,20031121/CHILAL,Final,2003-11-22,04:30,1610612747,LAL,101,1610612741,CHI,94,,,,False
2003-2004,2004,0020300173,20031121/MIAGSW,Final,2003-11-22,04:30,1610612744,GSW,101,1610612748,MIA,91,,,,False
2003-2004,2004,0020300174,20031121/HOUPOR,Final,2003-11-22,04:30,1610612757,POR,85,1610612745,HOU,78,,,,False
2003-2004,2004,0020300175,20031121/MEMSEA,Final,2003-11-22,04:30,1610612760,SEA,97,1610612763,MEM,98,,,,False
2003-2004,2004,0020300176,20031122/TORNJN,Final,2003-11-22,19:00,1610612751,NJN,80,1610612761,TOR,81,,,,False
2003-2004,2004,0020300177,20031122/CLEATL,Final,2003-11-23,01:00,1610612737,ATL,92,1610612739,CLE,83,,,,False
2003-2004,2004,0020300178,20031122/PHINYK,Final,2003-11-23,01:30,1610612752,NYK,99,1610612755,PHI,88,,,,False
2003-2004,2004,0020300179,20031122/LACMIN,Final,2003-11-23,02:00,1610612750,MIN,103,1610612746,LAC,91,,,,False
2003-2004,2004,0020300180,20031122/DENDAL,Final,2003-11-23,02:30,1610612742,DAL,115,1610612743,DEN,101,,,,False
2003-2004,2004,0020300181,20031122/MIAPHX,Final,2003-11-23,03:00,1610612756,PHX,100,1610612748,MIA,98,,,,False
2003-2004,2004,0020300182,20031123/MILTOR,Final,2003-11-23,19:00,1610612761,TOR,62,1610612749,MIL,82,,,,False
2003-2004,2004,0020300183,20031123/NOHDET,Final,2003-11-24,00:00,1610612765,DET,80,1610612740,NOH,81,,,,False
2003-2004,2004,0020300184,20031123/PORGSW,Final,2003-11-24,03:00,1610612744,GSW,78,1610612757,POR,72,,,,False
2003-2004,2004,0020300185,20031123/CHISAC,Final,2003-11-24,02:00,1610612758,SAC,110,1610612741,CHI,99,,,,False
2003-2004,2004,0020300186,20031123/WASSEA,Final,2003-11-24,03:00,1610612760,SEA,88,1610612764,WAS,85,,,,False
2003-2004,2004,0020300187,20031123/MEMLAL,Final,2003-11-24,03:30,1610612747,LAL,121,1610612763,MEM,89,,,,False
2003-2004,2004,0020300188,20031124/NYKBOS,Final,2003-11-25,01:00,1610612738,BOS,88,1610612752,NYK,94,,,,False
2003-2004,2004,0020300189,20031124/INDORL,Final,2003-11-25,01:00,1610612753,ORL,78,1610612754,IND,89,,,,False
2003-2004,2004,0020300190,20031124/DETATL,Final,2003-11-25,01:30,1610612737,ATL,89,1610612765,DET,94,,,,False
2003-2004,2004,0020300191,20031124/HOULAC,Final,2003-11-25,04:30,1610612746,LAC,90,1610612745,HOU,105,,,,False
2003-2004,2004,0020300192,20031125/MININD,Final,2003-11-26,01:00,1610612754,IND,98,1610612750,MIN,75,,,,False
2003-2004,2004,0020300193,20031125/NOHMIA,Final,2003-11-26,01:30,1610612748,MIA,91,1610612740,NOH,87,,,,False
2003-2004,2004,0020300194,20031125/PHIMIL,Final,2003-11-26,02:00,1610612749,MIL,95,1610612755,PHI,91,,,,False
2003-2004,2004,0020300195,20031125/CHIDAL,Final,2003-11-26,02:30,1610612742,DAL,124,1610612741,CHI,98,,,,False
2003-2004,2004,0020300196,20031125/PHXDEN,Final,2003-11-26,03:00,1610612743,DEN,110,1610612756,PHX,80,,,,False
2003-2004,2004,0020300197,20031125/MEMSAC,Final,2003-11-26,04:00,1610612758,SAC,109,1610612763,MEM,89,,,,False
2003-2004,2004,0020300198,20031125/WASPOR,Final,2003-11-26,04:00,1610612757,POR,80,1610612764,WAS,81,,,,False
2003-2004,2004,0020300199,20031125/NJNSEA,Final,2003-11-26,04:00,1610612760,SEA,70,1610612751,NJN,93,,,,False
2003-2004,2004,0020300200,20031126/DETPHI,Final,2003-11-27,01:00,1610612755,PHI,90,1610612765,DET,86,,,,False
2003-2004,2004,0020300201,20031126/BOSORL,Final,2003-11-27,01:00,1610612753,ORL,92,1610612738,BOS,94,,,,False
2003-2004,2004,0020300202,20031126/TORATL,Final/OT,2003-11-27,01:30,1610612737,ATL,97,1610612761,TOR,99,,,,False
2003-2004,2004,0020300203,20031126/CLENOH,Final,2003-11-27,02:00,1610612740,NOH,82,1610612739,CLE,72,,,,False
2003-2004,2004,0020300204,20031126/NYKMIN,Final,2003-11-27,02:00,1610612750,MIN,92,1610612752,NYK,97,,,,False
2003-2004,2004,0020300205,20031126/CHISAS,Final,2003-11-27,02:30,1610612759,SAS,109,1610612741,CHI,98,,,,False
2003-2004,2004,0020300206,20031126/HOUUTA,Final,2003-11-27,03:00,1610612762,UTA,83,1610612745,HOU,76,,,,False
2003-2004,2004,0020300207,20031126/DALPHX,Final,2003-11-27,03:00,1610612756,PHX,121,1610612742,DAL,90,,,,False
2003-2004,2004,0020300208,20031126/WASLAL,Final,2003-11-27,04:30,1610612747,LAL,120,1610612764,WAS,99,,,,False
2003-2004,2004,0020300209,20031127/NYKIND,Final,2003-11-28,01:30,1610612754,IND,93,1610612752,NYK,70,,,,False
2003-2004,2004,0020300210,20031127/NJNLAC,Final,2003-11-28,04:00,1610612746,LAC,96,1610612751,NJN,102,,,,False
2003-2004,2004,0020300211,20031128/MILBOS,Final,2003-11-29,01:30,1610612738,BOS,106,1610612749,MIL,96,,,,False
2003-2004,2004,0020300212,20031128/MIAATL,Final,2003-11-29,01:30,1610612737,ATL,95,1610612748,MIA,83,,,,False
2003-2004,2004,0020300213,20031128/TORORL,Final,2003-11-29,02:00,1610612753,ORL,86,1610612761,TOR,87,,,,False
2003-2004,2004,0020300214,20031128/CLEDET,Final,2003-11-29,02:00,1610612765,DET,92,1610612739,CLE,88,,,,False
2003-2004,2004,0020300215,20031128/PHIIND,Final,2003-11-29,02:00,1610612754,IND,90,1610612755,PHI,77,,,,False
2003-2004,2004,0020300216,20031128/MINMEM,Final,2003-11-29,02:00,1610612763,MEM,98,1610612750,MIN,102,,,,False
2003-2004,2004,0020300217,20031128/DALDEN,Final,2003-11-29,03:00,1610612743,DEN,113,1610612742,DAL,103,,,,False
2003-2004,2004,0020300218,20031128/SEAUTA,Final,2003-11-29,03:00,1610612762,UTA,98,1610612760,SEA,81,,,,False
2003-2004,2004,0020300219,20031128/GSWPHX,Final,2003-11-29,03:00,1610612756,PHX,83,1610612744,GSW,92,,,,False
2003-2004,2004,0020300220,20031128/HOUSAC,Final,2003-11-29,04:00,1610612758,SAC,103,1610612745,HOU,74,,,,False
2003-2004,2004,0020300221,20031128/NJNPOR,Final,2003-11-29,04:00,1610612757,POR,97,1610612751,NJN,93,,,,False
2003-2004,2004,0020300222,20031128/SASLAL,Final,2003-11-29,04:30,1610612747,LAL,103,1610612759,SAS,87,,,,False
2003-2004,2004,0020300223,20031129/NOHNYK,Final,2003-11-29,19:00,1610612752,NYK,79,1610612740,NOH,74,,,,False
2003-2004,2004,0020300224,20031129/ATLPHI,Final,2003-11-30,01:00,1610612755,PHI,98,1610612737,ATL,86,,,,False
2003-2004,2004,0020300225,20031129/DETWAS,Final,2003-11-30,01:00,1610612764,WAS,69,1610612765,DET,80,,,,False
2003-2004,2004,0020300226,20031129/TORMIA,Final,2003-11-30,01:30,1610612748,MIA,78,1610612761,TOR,66,,,,False
2003-2004,2004,0020300227,20031129/MEMCLE,Final/OT2,2003-11-30,01:30,1610612739,CLE,115,1610612763,MEM,122,,,,False
2003-2004,2004,0020300228,20031129/MINDAL,Final,2003-11-30,02:30,1610612742,DAL,92,1610612750,MIN,88,,,,False
2003-2004,2004,0020300229,20031129/BOSMIL,Final,2003-11-30,03:00,1610612749,MIL,100,1610612738,BOS,94,,,,False
2003-2004,2004,0020300230,20031129/HOUSEA,Final,2003-11-30,04:00,1610612760,SEA,95,1610612745,HOU,88,,,,False
2003-2004,2004,0020300231,20031129/DENLAC,Final,2003-11-30,04:30,1610612746,LAC,86,1610612743,DEN,98,,,,False
2003-2004,2004,0020300232,20031129/SASGSW,Final,2003-11-30,04:30,1610612744,GSW,91,1610612759,SAS,89,,,,False
2003-2004,2004,0020300233,20031130/NJNSAC,Final,2003-12-01,03:00,1610612758,SAC,105,1610612751,NJN,92,,,,False
2003-2004,2004,0020300234,20031130/INDLAL,Final,2003-12-01,03:30,1610612747,LAL,99,1610612754,IND,77,,,,False
2003-2004,2004,0020300235,20031201/MEMBOS,Final,2003-12-02,01:00,1610612738,BOS,89,1610612763,MEM,96,,,,False
2003-2004,2004,0020300236,20031201/DETNYK,Final/OT,2003-12-02,01:30,1610612752,NYK,78,1610612765,DET,79,,,,False
2003-2004,2004,0020300237,20031201/MILCHI,Final,2003-12-02,02:30,1610612741,CHI,97,1610612749,MIL,87,,,,False
2003-2004,2004,0020300238,20031201/NJNUTA,Final,2003-12-02,03:00,1610612762,UTA,91,1610612751,NJN,84,,,,False
2003-2004,2004,0020300239,20031201/INDPHX,Final,2003-12-02,03:00,1610612756,PHX,82,1610612754,IND,89,,,,False
2003-2004,2004,0020300240,20031201/SASLAC,Final,2003-12-02,04:30,1610612746,LAC,91,1610612759,SAS,83,,,,False
2003-2004,2004,0020300241,20031202/TORPHI,Final,2003-12-03,01:00,1610612755,PHI,88,1610612761,TOR,95,,,,False
2003-2004,2004,0020300242,20031202/NOHORL,Final,2003-12-03,01:00,1610612753,ORL,91,1610612740,NOH,100,,,,False
2003-2004,2004,0020300243,20031202/MILATL,Final,2003-12-03,01:30,1610612737,ATL,94,1610612749,MIL,106,,,,False
2003-2004,2004,0020300244,20031202/WASDAL,Final,2003-12-03,02:30,1610612742,DAL,97,1610612764,WAS,72,,,,False
2003-2004,2004,0020300245,20031202/CLEDEN,Final,2003-12-03,03:00,1610612743,DEN,115,1610612739,CLE,103,,,,False
2003-2004,2004,0020300246,20031203/BOSTOR,Final,2003-12-04,01:00,1610612761,TOR,105,1610612738,BOS,95,,,,False
2003-2004,2004,0020300247,20031203/MEMNJN,Final,2003-12-04,01:30,1610612751,NJN,93,1610612763,MEM,96,,,,False
2003-2004,2004,0020300248,20031203/MIADET,Final,2003-12-04,01:30,1610612765,DET,87,1610612748,MIA,73,,,,False
2003-2004,2004,0020300249,20031203/ORLNOH,Final,2003-12-04,02:00,1610612740,NOH,106,1610612753,ORL,91,,,,False
2003-2004,2004,0020300250,20031203/UTAHOU,Final/OT,2003-12-04,02:30,1610612745,HOU,107,1610612762,UTA,101,,,,False
2003-2004,2004,0020300251,20031203/LALSAS,Final,2003-12-04,02:30,1610612759,SAS,86,1610612747,LAL,90,,,,False
2003-2004,2004,0020300252,20031203/MINPHX,Final,2003-12-04,03:00,1610612756,PHX,79,1610612750,MIN,92,,,,False
2003-2004,2004,0020300253,20031203/INDPOR,Final/OT,2003-12-04,04:00,1610612757,POR,97,1610612754,IND,95,,,,False
2003-2004,2004,0020300254,20031203/NYKSEA,Final,2003-12-04,04:00,1610612760,SEA,95,1610612752,NYK,87,,,,False
2003-2004,2004,0020300255,20031203/CLELAC,Final,2003-12-04,04:30,1610612746,LAC,90,1610612739,CLE,80,,,,False
2003-2004,2004,0020300256,20031203/DENGSW,Final,2003-12-04,04:30,1610612744,GSW,109,1610612743,DEN,117,,,,False
2003-2004,2004,0020300257,20031204/CHIPHI,Final,2003-12-05,01:00,1610612755,PHI,83,1610612741,CHI,82,,,,False
2003-2004,2004,0020300258,20031204/LALDAL,Final,2003-12-05,03:30,1610612742,DAL,103,1610612747,LAL,114,,,,False
2003-2004,2004,0020300259,20031205/ATLTOR,Final,2003-12-06,01:00,1610612761,TOR,92,1610612737,ATL,87,,,,False
2003-2004,2004,0020300260,20031205/PHXBOS,Final,2003-12-06,01:30,1610612738,BOS,106,1610612756,PHX,110,,,,False
2003-2004,2004,0020300261,20031205/MILNJN,Final,2003-12-06,01:30,1610612751,NJN,93,1610612749,MIL,86,,,,False
2003-2004,2004,0020300262,20031205/PHIMIA,Final,2003-12-06,01:30,1610612748,MIA,90,1610612755,PHI,93,,,,False
2003-2004,2004,0020300263,20031205/SASORL,Final,2003-12-06,02:00,1610612753,ORL,94,1610612759,SAS,105,,,,False
2003-2004,2004,0020300264,20031205/HOUNOH,Final,2003-12-06,02:00,1610612740,NOH,74,1610612745,HOU,83,,,,False
2003-2004,2004,0020300265,20031205/WASMEM,Final,2003-12-06,02:00,1610612763,MEM,92,1610612764,WAS,77,,,,False
2003-2004,2004,0020300266,20031205/GSWDEN,Final,2003-12-06,03:00,1610612743,DEN,98,1610612744,GSW,91,,,,False
2003-2004,2004,0020300267,20031205/LACUTA,Final,2003-12-06,03:00,1610612762,UTA,86,1610612746,LAC,67,,,,False
2003-2004,2004,0020300268,20031205/NYKPOR,Final,2003-12-06,04:00,1610612757,POR,88,1610612752,NYK,81,,,,False
2003-2004,2004,0020300269,20031205/MINSAC,Final/OT,2003-12-06,04:30,1610612758,SAC,109,1610612750,MIN,112,,,,False
2003-2004,2004,0020300270,20031205/INDSEA,Final,2003-12-06,04:30,1610612760,SEA,94,1610612754,IND,101,,,,False
2003-2004,2004,0020300271,20031206/PHXNJN,Final,2003-12-07,01:30,1610612751,NJN,99,1610612756,PHX,88,,,,False
2003-2004,2004,0020300272,20031206/SASMIA,Final,2003-12-07,01:30,1610612748,MIA,70,1610612759,SAS,86,,,,False
2003-2004,2004,0020300273,20031206/ATLCLE,Final,2003-12-07,01:30,1610612739,CLE,95,1610612737,ATL,85,,,,False
2003-2004,2004,0020300274,20031206/NOHCHI,Final,2003-12-07,02:30,1610612741,CHI,91,1610612740,NOH,97,,,,False
2003-2004,2004,0020300275,20031206/WASMIL,Final/OT,2003-12-07,02:30,1610612749,MIL,109,1610612764,WAS,114,,,,False
2003-2004,2004,0020300276,20031206/ORLDAL,Final,2003-12-07,02:30,1610612742,DAL,110,1610612753,ORL,97,,,,False
2003-2004,2004,0020300277,20031206/DETHOU,Final,2003-12-07,02:30,1610612745,HOU,86,1610612765,DET,80,,,,False
2003-2004,2004,0020300278,20031206/NYKGSW,Final,2003-12-07,04:30,1610612744,GSW,104,1610612752,NYK,92,,,,False
2003-2004,2004,0020300279,20031207/MINLAC,Final,2003-12-07,21:30,1610612746,LAC,94,1610612750,MIN,96,,,,False
2003-2004,2004,0020300280,20031207/SEATOR,Final,2003-12-07,22:00,1610612761,TOR,108,1610612760,SEA,98,,,,False
2003-2004,2004,0020300281,20031207/PORMEM,Final,2003-12-07,22:00,1610612763,MEM,93,1610612757,POR,79,,,,False
2003-2004,2004,0020300282,20031207/BOSDEN,Final,2003-12-08,03:00,1610612743,DEN,111,1610612738,BOS,116,,,,False
2003-2004,2004,0020300283,20031207/INDSAC,Final,2003-12-08,03:00,1610612758,SAC,91,1610612754,IND,88,,,,False
2003-2004,2004,0020300284,20031207/UTALAL,Final,2003-12-08,03:30,1610612747,LAL,94,1610612762,UTA,92,,,,False
2003-2004,2004,0020300285,20031208/PHXORL,Final,2003-12-09,01:00,1610612753,ORL,105,1610612756,PHX,98,,,,False
2003-2004,2004,0020300286,20031208/MILNOH,Final,2003-12-09,02:00,1610612740,NOH,91,1610612749,MIL,85,,,,False
2003-2004,2004,0020300287,20031208/SASCHI,Final,2003-12-09,02:30,1610612741,CHI,82,1610612759,SAS,96,,,,False
2003-2004,2004,0020300288,20031208/BOSUTA,Final,2003-12-09,03:00,1610612762,UTA,80,1610612738,BOS,102,,,,False
2003-2004,2004,0020300289,20031209/TORCLE,Final,2003-12-10,01:00,1610612739,CLE,93,1610612761,TOR,100,,,,False
2003-2004,2004,0020300290,20031209/WASIND,Final,2003-12-10,01:00,1610612754,IND,93,1610612764,WAS,79,,,,False
2003-2004,2004,0020300291,20031209/SEANJN,Final,2003-12-10,01:30,1610612751,NJN,101,1610612760,SEA,88,,,,False
2003-2004,2004,0020300292,20031209/PHXMIA,Final,2003-12-10,01:30,1610612748,MIA,92,1610612756,PHX,72,,,,False
2003-2004,2004,0020300293,20031209/DENATL,Final,2003-12-10,01:30,1610612737,ATL,112,1610612743,DEN,98,,,,False
2003-2004,2004,0020300294,20031209/PHIDET,Final,2003-12-10,01:30,1610612765,DET,76,1610612755,PHI,78,,,,False
2003-2004,2004,0020300295,20031209/GSWMIN,Final,2003-12-10,02:00,1610612750,MIN,95,1610612744,GSW,98,,,,False
2003-2004,2004,0020300296,20031209/PORHOU,Final,2003-12-10,02:30,1610612745,HOU,93,1610612757,POR,91,,,,False
2003-2004,2004,0020300297,20031209/LACSAC,Final,2003-12-10,04:00,1610612758,SAC,105,1610612746,LAC,95,,,,False
2003-2004,2004,0020300298,20031209/NYKLAL,Final,2003-12-10,04:30,1610612747,LAL,98,1610612752,NYK,90,,,,False
2003-2004,2004,0020300299,20031210/SEABOS,Final,2003-12-11,01:00,1610612738,BOS,126,1610612760,SEA,112,,,,False
2003-2004,2004,0020300300,20031210/ORLWAS,Final,2003-12-11,01:00,1610612764,WAS,91,1610612753,ORL,95,,,,False
2003-2004,2004,0020300301,20031210/GSWMIL,Final/OT,2003-12-11,02:00,1610612749,MIL,94,1610612744,GSW,89,,,,False
2003-2004,2004,0020300302,20031210/ATLMEM,Final,2003-12-11,02:00,1610612763,MEM,103,1610612737,ATL,90,,,,False
2003-2004,2004,0020300303,20031210/PORSAS,Final,2003-12-11,02:30,1610612759,SAS,102,1610612757,POR,77,,,,False
2003-2004,2004,0020300304,20031210/NYKUTA,Final,2003-12-11,03:00,1610612762,UTA,95,1610612752,NYK,73,,,,False
2003-2004,2004,0020300305,20031210/DALLAC,Final,2003-12-11,04:30,1610612746,LAC,100,1610612742,DAL,99,,,,False
2003-2004,2004,0020300306,20031211/DETCLE,Final,2003-12-12,01:30,1610612739,CLE,95,1610612765,DET,86,,,,False
2003-2004,2004,0020300307,20031211/SASHOU,Final,2003-12-12,02:30,1610612745,HOU,67,1610612759,SAS,71,,,,False
2003-2004,2004,0020300308,20031211/NOHPHX,Final,2003-12-12,04:00,1610612756,PHX,101,1610612740,NOH,111,,,,False
2003-2004,2004,0020300309,20031212/DENPHI,Final,2003-12-13,01:00,1610612755,PHI,77,1610612743,DEN,86,,,,False
2003-2004,2004,0020300310,20031212/MINWAS,Final,2003-12-13,01:00,1610612764,WAS,91,1610612750,MIN,110,,,,False
2003-2004,2004,0020300311,20031212/TORBOS,Final,2003-12-13,01:30,1610612738,BOS,114,1610612761,TOR,111,,,,False
2003-2004,2004,0020300312,20031212/MEMMIA,Final,2003-12-13,01:30,1610612748,MIA,91,1610612763,MEM,88,,,,False
2003-2004,2004,0020300313,20031212/ATLIND,Final,2003-12-13,01:30,1610612754,IND,103,1610612737,ATL,92,,,,False
2003-2004,2004,0020300314,20031212/NJNORL,Final,2003-12-13,02:00,1610612753,ORL,95,1610612751,NJN,99,,,,False
2003-2004,2004,0020300315,20031212/SEADET,Final,2003-12-13,02:00,1610612765,DET,72,1610612760,SEA,93,,,,False
2003-2004,2004,0020300316,20031212/CHIMIL,Final,2003-12-13,02:30,1610612749,MIL,109,1610612741,CHI,95,,,,False
2003-2004,2004,0020300317,20031212/SACUTA,Final,2003-12-13,03:00,1610612762,UTA,93,1610612758,SAC,100,,,,False
2003-2004,2004,0020300318,20031212/DALLAL,Final,2003-12-13,04:30,1610612747,LAL,93,1610612742,DAL,110,,,,False
2003-2004,2004,0020300319,20031212/NOHGSW,Final,2003-12-13,04:30,1610612744,GSW,85,1610612740,NOH,96,,,,False
2003-2004,2004,0020300320,20031213/DENNYK,Final,2003-12-14,01:30,1610612752,NYK,95,1610612743,DEN,88,,,,False
2003-2004,2004,0020300321,20031213/ORLATL,Final,2003-12-14,01:30,1610612737,ATL,102,1610612753,ORL,105,,,,False
2003-2004,2004,0020300322,20031213/BOSCLE,Final,2003-12-14,01:30,1610612739,CLE,98,1610612738,BOS,105,,,,False
2003-2004,2004,0020300323,20031213/NJNMEM,Final,2003-12-14,02:00,1610612763,MEM,110,1610612751,NJN,63,,,,False
2003-2004,2004,0020300324,20031213/INDCHI,Final,2003-12-14,02:30,1610612741,CHI,86,1610612754,IND,75,,,,False
2003-2004,2004,0020300325,20031213/HOUSAS,Final,2003-12-14,02:30,1610612759,SAS,86,1610612745,HOU,73,,,,False
2003-2004,2004,0020300326,20031213/LALPOR,Final,2003-12-14,04:00,1610612757,POR,112,1610612747,LAL,108,,,,False
2003-2004,2004,0020300327,20031213/PHXLAC,Final,2003-12-14,04:30,1610612746,LAC,106,1610612756,PHX,91,,,,False
2003-2004,2004,0020300328,20031214/MIATOR,Final,2003-12-14,18:30,1610612761,TOR,89,1610612748,MIA,90,,,,False
2003-2004,2004,0020300329,20031214/MILSEA,Final,2003-12-14,21:30,1610612760,SEA,108,1610612749,MIL,102,,,,False
2003-2004,2004,0020300330,20031214/UTAPHI,Final,2003-12-15,00:00,1610612755,PHI,86,1610612762,UTA,94,,,,False
2003-2004,2004,0020300331,20031214/WASNYK,Final,2003-12-15,01:00,1610612752,NYK,89,1610612764,WAS,87,,,,False
2003-2004,2004,0020300332,20031214/PHXSAC,Final,2003-12-15,03:00,1610612758,SAC,107,1610612756,PHX,102,,,,False
2003-2004,2004,0020300333,20031215/MINBOS,Final,2003-12-16,01:00,1610612738,BOS,95,1610612750,MIN,116,,,,False
2003-2004,2004,0020300334,20031215/CLEIND,Final,2003-12-16,01:00,1610612754,IND,95,1610612739,CLE,85,,,,False
2003-2004,2004,0020300335,20031215/TORDAL,Final,2003-12-16,02:30,1610612742,DAL,111,1610612761,TOR,94,,,,False
2003-2004,2004,0020300336,20031215/MEMSAS,Final,2003-12-16,02:30,1610612759,SAS,78,1610612763,MEM,67,,,,False
2003-2004,2004,0020300337,20031215/NOHLAC,Final,2003-12-16,04:30,1610612746,LAC,109,1610612740,NOH,80,,,,False
2003-2004,2004,0020300338,20031216/UTAWAS,Final,2003-12-17,01:00,1610612764,WAS,91,1610612762,UTA,87,,,,False
2003-2004,2004,0020300339,20031216/GSWNYK,Final,2003-12-17,01:30,1610612752,NYK,86,1610612744,GSW,104,,,,False
2003-2004,2004,0020300340,20031216/ATLMIA,Final,2003-12-17,01:30,1610612748,MIA,97,1610612737,ATL,79,,,,False
2003-2004,2004,0020300341,20031216/HOUMIN,Final,2003-12-17,02:00,1610612750,MIN,92,1610612745,HOU,75,,,,False
2003-2004,2004,0020300342,20031216/SACMEM,Final,2003-12-17,02:00,1610612763,MEM,105,1610612758,SAC,100,,,,False
2003-2004,2004,0020300343,20031216/ORLCHI,Final,2003-12-17,02:30,1610612741,CHI,102,1610612753,ORL,88,,,,False
2003-2004,2004,0020300344,20031216/NOHDEN,Final,2003-12-17,03:00,1610612743,DEN,116,1610612740,NOH,94,,,,False
2003-2004,2004,0020300345,20031216/SEAPHX,Final/OT,2003-12-17,03:00,1610612756,PHX,92,1610612760,SEA,91,,,,False
2003-2004,2004,0020300346,20031216/MILPOR,Final,2003-12-17,04:00,1610612757,POR,99,1610612749,MIL,106,,,,False
2003-2004,2004,0020300347,20031217/MIAPHI,Final,2003-12-18,01:00,1610612755,PHI,87,1610612748,MIA,76,,,,False
2003-2004,2004,0020300348,20031217/HOUCLE,Final,2003-12-18,01:00,1610612739,CLE,85,1610612745,HOU,89,,,,False
2003-2004,2004,0020300349,20031217/ORLIND,Final,2003-12-18,01:00,1610612754,IND,90,1610612753,ORL,94,,,,False
2003-2004,2004,0020300350,20031217/UTANJN,Final,2003-12-18,01:30,1610612751,NJN,87,1610612762,UTA,74,,,,False
2003-2004,2004,0020300351,20031217/GSWATL,Final,2003-12-18,01:30,1610612737,ATL,85,1610612744,GSW,98,,,,False
2003-2004,2004,0020300352,20031217/CHIDET,Final,2003-12-18,01:30,1610612765,DET,77,1610612741,CHI,73,,,,False
2003-2004,2004,0020300353,20031217/DALBOS,Final,2003-12-18,02:00,1610612738,BOS,105,1610612742,DAL,103,,,,False
2003-2004,2004,0020300354,20031217/TORSAS,Final,2003-12-18,02:30,1610612759,SAS,73,1610612761,TOR,70,,,,False
2003-2004,2004,0020300355,20031217/DENSEA,Final,2003-12-18,04:00,1610612760,SEA,98,1610612743,DEN,99,,,,False
2003-2004,2004,0020300356,20031217/MILLAC,Final,2003-12-18,04:30,1610612746,LAC,93,1610612749,MIL,83,,,,False
2003-2004,2004,0020300357,20031218/DALMIN,Final,2003-12-19,01:30,1610612750,MIN,114,1610612742,DAL,109,,,,False
2003-2004,2004,0020300358,20031218/SACNOH,Final,2003-12-19,02:00,1610612740,NOH,90,1610612758,SAC,101,,,,False
2003-2004,2004,0020300359,20031218/PHXPOR,Final,2003-12-19,04:00,1610612757,POR,101,1610612756,PHX,94,,,,False
2003-2004,2004,0020300360,20031219/CLEPHI,Final,2003-12-20,01:00,1610612755,PHI,81,1610612739,CLE,88,,,,False
2003-2004,2004,0020300361,20031219/GSWORL,Final,2003-12-20,01:00,1610612753,ORL,119,1610612744,GSW,93,,,,False
2003-2004,2004,0020300362,20031219/NYKTOR,Final/OT,2003-12-20,01:00,1610612761,TOR,105,1610612752,NYK,99,,,,False
2003-2004,2004,0020300363,20031219/UTABOS,Final,2003-12-20,01:30,1610612738,BOS,96,1610612762,UTA,99,,,,False
2003-2004,2004,0020300364,20031219/WASNJN,Final,2003-12-20,01:30,1610612751,NJN,97,1610612764,WAS,87,,,,False
2003-2004,2004,0020300365,20031219/SACATL,Final,2003-12-20,01:30,1610612737,ATL,86,1610612758,SAC,98,,,,False
2003-2004,2004,0020300366,20031219/DETIND,Final,2003-12-20,02:00,1610612754,IND,80,1610612765,DET,75,,,,False
2003-2004,2004,0020300367,20031219/MIAMEM,Final,2003-12-20,02:00,1610612763,MEM,97,1610612748,MIA,83,,,,False
2003-2004,2004,0020300368,20031219/LACHOU,Final,2003-12-20,02:30,1610612745,HOU,99,1610612746,LAC,85,,,,False
2003-2004,2004,0020300369,20031219/DENLAL,Final,2003-12-20,04:30,1610612747,LAL,101,1610612743,DEN,99,,,,False
2003-2004,2004,0020300370,20031219/SASSEA,Final,2003-12-20,04:30,1610612760,SEA,73,1610612759,SAS,87,,,,False
2003-2004,2004,0020300371,20031220/ATLNYK,Final,2003-12-21,01:30,1610612752,NYK,103,1610612737,ATL,92,,,,False
2003-2004,2004,0020300372,20031220/MEMNOH,Final,2003-12-21,02:00,1610612740,NOH,94,1610612763,MEM,89,,,,False
2003-2004,2004,0020300373,20031220/INDMIN,Final,2003-12-21,03:00,1610612750,MIN,102,1610612754,IND,80,,,,False
2003-2004,2004,0020300374,20031220/CLECHI,Final,2003-12-21,02:30,1610612741,CHI,87,1610612739,CLE,95,,,,False
2003-2004,2004,0020300375,20031220/NJNMIL,Final,2003-12-21,02:30,1610612749,MIL,92,1610612751,NJN,87,,,,False
2003-2004,2004,0020300376,20031220/LACDAL,Final,2003-12-21,02:30,1610612742,DAL,105,1610612746,LAC,115,,,,False
2003-2004,2004,0020300377,20031220/SEADEN,Final,2003-12-21,03:00,1610612743,DEN,106,1610612760,SEA,115,,,,False
2003-2004,2004,0020300378,20031220/HOUPHX,Final,2003-12-21,03:00,1610612756,PHX,102,1610612745,HOU,87,,,,False
2003-2004,2004,0020300379,20031220/SASPOR,Final,2003-12-21,04:00,1610612757,POR,91,1610612759,SAS,101,,,,False
2003-2004,2004,0020300380,20031221/ORLTOR,Final,2003-12-21,22:00,1610612761,TOR,93,1610612753,ORL,104,,,,False
2003-2004,2004,0020300381,20031221/PHIBOS,Final,2003-12-22,00:00,1610612738,BOS,87,1610612755,PHI,84,,,,False
2003-2004,2004,0020300382,20031221/GSWMIA,Final,2003-12-22,00:00,1610612748,MIA,104,1610612744,GSW,93,,,,False
2003-2004,2004,0020300383,20031221/UTADET,Final,2003-12-22,00:00,1610612765,DET,96,1610612762,UTA,75,,,,False
2003-2004,2004,0020300384,20031221/PORSAC,Final,2003-12-22,03:00,1610612758,SAC,117,1610612757,POR,98,,,,False
2003-2004,2004,0020300385,20031221/PHXLAL,Final,2003-12-22,03:30,1610612747,LAL,107,1610612756,PHX,101,,,,False
2003-2004,2004,0020300386,20031222/ORLPHI,Final,2003-12-23,01:00,1610612755,PHI,95,1610612753,ORL,73,,,,False
2003-2004,2004,0020300387,20031222/UTACHI,Final,2003-12-23,02:30,1610612741,CHI,80,1610612762,UTA,92,,,,False
2003-2004,2004,0020300388,20031222/MEMDEN,Final,2003-12-23,03:00,1610612743,DEN,106,1610612763,MEM,99,,,,False
2003-2004,2004,0020300389,20031223/NOHCLE,Final,2003-12-24,01:00,1610612739,CLE,97,1610612740,NOH,86,,,,False
2003-2004,2004,0020300390,20031223/MINNYK,Final,2003-12-24,01:30,1610612752,NYK,92,1610612750,MIN,98,,,,False
2003-2004,2004,0020300391,20031223/CHINJN,Final,2003-12-24,01:30,1610612751,NJN,95,1610612741,CHI,78,,,,False
2003-2004,2004,0020300392,20031223/WASMIA,Final,2003-12-24,01:30,1610612748,MIA,79,1610612764,WAS,72,,,,False
2003-2004,2004,0020300393,20031223/BOSATL,Final,2003-12-24,01:30,1610612737,ATL,93,1610612738,BOS,88,,,,False
2003-2004,2004,0020300394,20031223/DETMIL,Final,2003-12-24,02:00,1610612749,MIL,83,1610612765,DET,78,,,,False
2003-2004,2004,0020300395,20031223/INDHOU,Final,2003-12-24,02:30,1610612745,HOU,71,1610612754,IND,79,,,,False
2003-2004,2004,0020300396,20031223/LACSAS,Final,2003-12-24,02:30,1610612759,SAS,111,1610612746,LAC,90,,,,False
2003-2004,2004,0020300397,20031223/MEMSAC,Final,2003-12-24,04:00,1610612758,SAC,114,1610612763,MEM,97,,,,False
2003-2004,2004,0020300398,20031223/DALPOR,Final,2003-12-24,04:00,1610612757,POR,97,1610612742,DAL,88,,,,False
2003-2004,2004,0020300399,20031223/PHXSEA,Final,2003-12-24,04:00,1610612760,SEA,116,1610612756,PHX,90,,,,False
2003-2004,2004,0020300400,20031223/LALGSW,Final,2003-12-24,04:30,1610612744,GSW,107,1610612747,LAL,98,,,,False
2003-2004,2004,0020300401,20031225/CLEORL,Final/OT,2003-12-25,20:30,1610612753,ORL,113,1610612739,CLE,101,,,,False
2003-2004,2004,0020300402,20031225/DALSAC,Final,2003-12-26,00:00,1610612758,SAC,103,1610612742,DAL,111,,,,False
2003-2004,2004,0020300403,20031225/HOULAL,Final,2003-12-26,02:30,1610612747,LAL,87,1610612745,HOU,99,,,,False
2003-2004,2004,0020300404,20031226/MIAWAS,Final,2003-12-27,01:00,1610612764,WAS,84,1610612748,MIA,92,,,,False
2003-2004,2004,0020300405,20031226/CHICLE,Final,2003-12-27,01:30,1610612739,CLE,80,1610612741,CHI,87,,,,False
2003-2004,2004,0020300406,20031226/ATLNOH,Final,2003-12-27,02:00,1610612740,NOH,109,1610612737,ATL,79,,,,False
2003-2004,2004,0020300407,20031226/NJNDET,Final,2003-12-27,02:00,1610612765,DET,79,1610612751,NJN,82,,,,False
2003-2004,2004,0020300408,20031226/NYKMEM,Final,2003-12-27,02:00,1610612763,MEM,94,1610612752,NYK,98,,,,False
2003-2004,2004,0020300409,20031226/INDMIL,Final,2003-12-27,02:30,1610612749,MIL,101,1610612754,IND,96,,,,False
2003-2004,2004,0020300410,20031226/ORLSAS,Final,2003-12-27,02:30,1610612759,SAS,98,1610612753,ORL,83,,,,False
2003-2004,2004,0020300411,20031226/HOUDEN,Final,2003-12-27,03:00,1610612743,DEN,95,1610612745,HOU,94,,,,False
2003-2004,2004,0020300412,20031226/TORUTA,Final/OT,2003-12-27,03:00,1610612762,UTA,97,1610612761,TOR,94,,,,False
2003-2004,2004,0020300413,20031226/BOSPHX,Final,2003-12-27,03:00,1610612756,PHX,102,1610612738,BOS,104,,,,False
2003-2004,2004,0020300414,20031226/PHILAC,Final,2003-12-27,04:30,1610612746,LAC,101,1610612755,PHI,98,,,,False
2003-2004,2004,0020300415,20031226/SACGSW,Final,2003-12-27,04:30,1610612744,GSW,98,1610612758,SAC,91,,,,False
2003-2004,2004,0020300416,20031226/MINPOR,Final,2003-12-27,04:30,1610612757,POR,101,1610612750,MIN,92,,,,False
2003-2004,2004,0020300417,20031227/DETATL,Final,2003-12-28,01:00,1610612737,ATL,84,1610612765,DET,87,,,,False
2003-2004,2004,0020300418,20031227/NYKMIA,Final,2003-12-28,01:30,1610612748,MIA,80,1610612752,NYK,100,,,,False
2003-2004,2004,0020300419,20031227/NJNIND,Final,2003-12-28,02:00,1610612754,IND,75,1610612751,NJN,82,,,,False
2003-2004,2004,0020300420,20031227/WASCHI,Final,2003-12-28,02:30,1610612741,CHI,100,1610612764,WAS,86,,,,False
2003-2004,2004,0020300421,20031227/MEMDAL,Final,2003-12-28,02:30,1610612742,DAL,104,1610612763,MEM,98,,,,False
2003-2004,2004,0020300422,20031227/MINSEA,Final,2003-12-28,04:00,1610612760,SEA,86,1610612750,MIN,104,,,,False
2003-2004,2004,0020300423,20031228/TORLAC,Final,2003-12-28,21:30,1610612746,LAC,88,1610612761,TOR,94,,,,False
2003-2004,2004,0020300424,20031228/PORCLE,Final,2003-12-29,01:00,1610612739,CLE,86,1610612757,POR,74,,,,False
2003-2004,2004,0020300425,20031228/MILSAS,Final,2003-12-29,01:00,1610612759,SAS,89,1610612749,MIL,74,,,,False
2003-2004,2004,0020300426,20031228/PHIPHX,Final,2003-12-29,02:00,1610612756,PHX,100,1610612755,PHI,92,,,,False
2003-2004,2004,0020300427,20031228/GSWDEN,Final,2003-12-29,03:00,1610612743,DEN,103,1610612744,GSW,79,,,,False
2003-2004,2004,0020300428,20031228/UTASAC,Final,2003-12-29,01:00,1610612758,SAC,98,1610612762,UTA,89,,,,False
2003-2004,2004,0020300429,20031228/BOSLAL,Final,2003-12-29,03:30,1610612747,LAL,105,1610612738,BOS,82,,,,False
2003-2004,2004,0020300430,20031229/NYKORL,Final,2003-12-30,01:00,1610612753,ORL,86,1610612752,NYK,114,,,,False
2003-2004,2004,0020300431,20031229/MEMIND,Final,2003-12-30,01:00,1610612754,IND,94,1610612763,MEM,86,,,,False
2003-2004,2004,0020300432,20031229/PORNJN,Final,2003-12-30,01:30,1610612751,NJN,87,1610612757,POR,91,,,,False
2003-2004,2004,0020300433,20031229/NOHDET,Final,2003-12-30,01:30,1610612765,DET,108,1610612740,NOH,99,,,,False
2003-2004,2004,0020300434,20031229/MIACHI,Final,2003-12-30,02:30,1610612741,CHI,83,1610612748,MIA,90,,,,False
2003-2004,2004,0020300435,20031229/SEAHOU,Final,2003-12-30,02:30,1610612745,HOU,86,1610612760,SEA,87,,,,False
2003-2004,2004,0020300436,20031229/PHIUTA,Final,2003-12-30,03:00,1610612762,UTA,106,1610612755,PHI,97,,,,False
2003-2004,2004,0020300437,20031229/PHXLAC,Final,2003-12-30,04:30,1610612746,LAC,105,1610612756,PHX,113,,,,False
2003-2004,2004,0020300438,20031229/BOSGSW,Final,2003-12-30,04:30,1610612744,GSW,91,1610612738,BOS,100,,,,False
2003-2004,2004,0020300439,20031230/ATLWAS,Final,2003-12-31,01:00,1610612764,WAS,73,1610612737,ATL,83,,,,False
2003-2004,2004,0020300440,20031230/INDCLE,Final,2003-12-31,01:00,1610612739,CLE,89,1610612754,IND,92,,,,False
2003-2004,2004,0020300441,20031230/MIANYK,Final,2003-12-31,01:30,1610612752,NYK,102,1610612748,MIA,73,,,,False
2003-2004,2004,0020300442,20031230/CHIMIN,Final,2003-12-31,02:00,1610612750,MIN,98,1610612741,CHI,93,,,,False
2003-2004,2004,0020300443,20031230/SEAMEM,Final,2003-12-31,02:00,1610612763,MEM,99,1610612760,SEA,105,,,,False
2003-2004,2004,0020300444,20031230/MILDAL,Final,2003-12-31,02:30,1610612742,DAL,101,1610612749,MIL,92,,,,False
2003-2004,2004,0020300445,20031230/TORDEN,Final,2003-12-31,03:00,1610612743,DEN,74,1610612761,TOR,81,,,,False
2003-2004,2004,0020300446,20031231/NOHBOS,Final,2003-12-31,20:00,1610612738,BOS,94,1610612740,NOH,96,,,,False
2003-2004,2004,0020300447,20031231/PORDET,Final,2003-12-31,22:00,1610612765,DET,78,1610612757,POR,71,,,,False
2003-2004,2004,0020300448,20031231/GSWNJN,Final,2004-01-01,01:00,1610612751,NJN,88,1610612744,GSW,70,,,,False
2003-2004,2004,0020300449,20031231/DENLAC,Final,2004-01-01,03:30,1610612746,LAC,120,1610612743,DEN,104,,,,False
2003-2004,2004,0020300450,20031231/PHIHOU,Final,2004-01-01,04:00,1610612745,HOU,80,1610612755,PHI,72,,,,False
2003-2004,2004,0020300451,20040102/GSWWAS,Final,2004-01-03,01:00,1610612764,WAS,97,1610612744,GSW,79,,,,False
2003-2004,2004,0020300452,20040102/NOHTOR,Final,2004-01-03,01:00,1610612761,TOR,74,1610612740,NOH,86,,,,False
2003-2004,2004,0020300453,20040102/INDBOS,Final,2004-01-03,01:30,1610612738,BOS,90,1610612754,IND,103,,,,False
2003-2004,2004,0020300454,20040102/CHINYK,Final,2004-01-03,01:30,1610612752,NYK,99,1610612741,CHI,104,,,,False
2003-2004,2004,0020300455,20040102/CLENJN,Final,2004-01-03,01:30,1610612751,NJN,97,1610612739,CLE,82,,,,False
2003-2004,2004,0020300456,20040102/ORLMIA,Final,2004-01-03,01:30,1610612748,MIA,112,1610612753,ORL,101,,,,False
2003-2004,2004,0020300457,20040102/PHXDET,Final,2004-01-03,02:00,1610612765,DET,93,1610612756,PHX,81,,,,False
2003-2004,2004,0020300458,20040102/ATLMIN,Final,2004-01-03,02:00,1610612750,MIN,93,1610612737,ATL,75,,,,False
2003-2004,2004,0020300459,20040102/UTAMEM,Final,2004-01-03,02:00,1610612763,MEM,100,1610612762,UTA,88,,,,False
2003-2004,2004,0020300460,20040102/DALMIL,Final,2004-01-03,02:30,1610612749,MIL,109,1610612742,DAL,101,,,,False
2003-2004,2004,0020300461,20040102/DENPOR,Final,2004-01-03,04:00,1610612757,POR,96,1610612743,DEN,106,,,,False
2003-2004,2004,0020300462,20040102/LALSEA,Final,2004-01-03,04:30,1610612760,SEA,111,1610612747,LAL,109,,,,False
2003-2004,2004,0020300463,20040103/PHISAS,Final,2004-01-03,19:30,1610612759,SAS,77,1610612755,PHI,83,,,,False
2003-2004,2004,0020300464,20040103/SACLAC,Final,2004-01-03,22:00,1610612746,LAC,109,1610612758,SAC,116,,,,False
2003-2004,2004,0020300465,20040103/GSWDET,Final,2004-01-04,01:30,1610612765,DET,99,1610612744,GSW,93,,,,False
2003-2004,2004,0020300466,20040103/NOHIND,Final,2004-01-04,02:00,1610612754,IND,91,1610612740,NOH,84,,,,False
2003-2004,2004,0020300467,20040103/ORLMEM,Final,2004-01-04,02:00,1610612763,MEM,112,1610612753,ORL,103,,,,False
2003-2004,2004,0020300468,20040103/BOSCHI,Final,2004-01-04,02:30,1610612741,CHI,77,1610612738,BOS,88,,,,False
2003-2004,2004,0020300469,20040103/MINDAL,Final,2004-01-04,02:30,1610612742,DAL,119,1610612750,MIN,112,,,,False
2003-2004,2004,0020300470,20040103/UTAHOU,Final,2004-01-04,02:30,1610612745,HOU,84,1610612762,UTA,63,,,,False
2003-2004,2004,0020300471,20040103/ATLDEN,Final,2004-01-04,04:00,1610612743,DEN,76,1610612737,ATL,84,,,,False
2003-2004,2004,0020300472,20040104/PHXTOR,Final,2004-01-04,19:00,1610612761,TOR,83,1610612756,PHX,73,,,,False
2003-2004,2004,0020300473,20040104/MILWAS,Final,2004-01-04,20:00,1610612764,WAS,94,1610612749,MIL,100,,,,False
2003-2004,2004,0020300474,20040104/NJNNYK,Final,2004-01-05,01:00,1610612752,NYK,85,1610612751,NJN,95,,,,False
2003-2004,2004,0020300475,20040104/SEASAC,Final,2004-01-05,03:00,1610612758,SAC,130,1610612760,SEA,99,,,,False
2003-2004,2004,0020300476,20040104/LALLAC,Final,2004-01-05,03:30,1610612746,LAC,101,1610612747,LAL,98,,,,False
2003-2004,2004,0020300477,20040105/DETBOS,Final,2004-01-06,01:00,1610612738,BOS,68,1610612765,DET,78,,,,False
2003-2004,2004,0020300478,20040105/MILPHI,Final,2004-01-06,01:00,1610612755,PHI,76,1610612749,MIL,88,,,,False
2003-2004,2004,0020300479,20040105/INDMIA,Final,2004-01-06,01:30,1610612748,MIA,65,1610612754,IND,87,,,,False
2003-2004,2004,0020300480,20040105/PHXCHI,Final,2004-01-06,02:30,1610612741,CHI,87,1610612756,PHX,82,,,,False
2003-2004,2004,0020300481,20040105/GSWHOU,Final,2004-01-06,02:30,1610612745,HOU,83,1610612744,GSW,65,,,,False
2003-2004,2004,0020300482,20040105/SASDEN,Final,2004-01-06,03:00,1610612743,DEN,74,1610612759,SAS,98,,,,False
2003-2004,2004,0020300483,20040105/DALUTA,Final,2004-01-06,03:00,1610612762,UTA,108,1610612742,DAL,94,,,,False
2003-2004,2004,0020300484,20040105/PORSEA,Final/OT,2004-01-06,04:00,1610612760,SEA,119,1610612757,POR,108,,,,False
2003-2004,2004,0020300485,20040106/NYKCLE,Final,2004-01-07,01:00,1610612739,CLE,107,1610612752,NYK,96,,,,False
2003-2004,2004,0020300486,20040106/ORLIND,Final,2004-01-07,01:00,1610612754,IND,114,1610612753,ORL,107,,,,False
2003-2004,2004,0020300487,20040106/LACNJN,Final,2004-01-07,01:30,1610612751,NJN,92,1610612746,LAC,75,,,,False
2003-2004,2004,0020300488,20040106/LALMIN,Final,2004-01-07,02:00,1610612750,MIN,106,1610612747,LAL,90,,,,False
2003-2004,2004,0020300489,20040106/WASSAS,Final,2004-01-07,02:30,1610612759,SAS,94,1610612764,WAS,72,,,,False
2003-2004,2004,0020300490,20040106/ATLSAC,Final,2004-01-07,04:00,1610612758,SAC,105,1610612737,ATL,89,,,,False
2003-2004,2004,0020300492,20040107/ORLBOS,Final,2004-01-08,01:00,1610612738,BOS,101,1610612753,ORL,93,,,,False
2003-2004,2004,0020300493,20040107/LACPHI,Final,2004-01-08,01:00,1610612755,PHI,100,1610612746,LAC,80,,,,False
2003-2004,2004,0020300494,20040107/CLETOR,Final,2004-01-08,01:00,1610612761,TOR,75,1610612739,CLE,69,,,,False
2003-2004,2004,0020300495,20040107/CHIMIA,Final,2004-01-08,01:30,1610612748,MIA,102,1610612741,CHI,95,,,,False
2003-2004,2004,0020300496,20040107/HOUDET,Final,2004-01-08,01:30,1610612765,DET,85,1610612745,HOU,66,,,,False
2003-2004,2004,0020300497,20040107/WASNOH,Final,2004-01-08,02:00,1610612740,NOH,97,1610612764,WAS,87,,,,False
2003-2004,2004,0020300498,20040107/PHXMIL,Final,2004-01-08,02:00,1610612749,MIL,95,1610612756,PHX,87,,,,False
2003-2004,2004,0020300499,20040107/GSWDAL,Final,2004-01-08,03:00,1610612742,DAL,105,1610612744,GSW,99,,,,False
2003-2004,2004,0020300500,20040107/LALDEN,Final,2004-01-08,03:00,1610612743,DEN,113,1610612747,LAL,91,,,,False
2003-2004,2004,0020300502,20040107/SACSEA,Final,2004-01-08,04:00,1610612760,SEA,104,1610612758,SAC,93,,,,False
2003-2004,2004,0020300503,20040108/HOUNYK,Final,2004-01-09,01:00,1610612752,NYK,79,1610612745,HOU,111,,,,False
2003-2004,2004,0020300504,20040108/PORMIN,Final,2004-01-09,03:30,1610612750,MIN,96,1610612757,POR,75,,,,False
2003-2004,2004,0020300505,20040109/NJNPHI,Final,2004-01-10,01:00,1610612755,PHI,97,1610612751,NJN,81,,,,False
2003-2004,2004,0020300506,20040109/WASORL,Final,2004-01-10,01:00,1610612753,ORL,103,1610612764,WAS,92,,,,False
2003-2004,2004,0020300507,20040109/LACTOR,Final,2004-01-10,01:00,1610612761,TOR,68,1610612746,LAC,78,,,,False
2003-2004,2004,0020300508,20040109/CLEBOS,Final,2004-01-10,01:30,1610612738,BOS,107,1610612739,CLE,82,,,,False
2003-2004,2004,0020300509,20040109/SASNOH,Final,2004-01-10,02:00,1610612740,NOH,84,1610612759,SAS,94,,,,False
2003-2004,2004,0020300510,20040109/INDDAL,Final,2004-01-10,02:00,1610612742,DAL,80,1610612754,IND,92,,,,False
2003-2004,2004,0020300511,20040109/PORCHI,Final,2004-01-10,02:30,1610612741,CHI,78,1610612757,POR,87,,,,False
2003-2004,2004,0020300512,20040109/MIAMIL,Final,2004-01-10,02:30,1610612749,MIL,103,1610612748,MIA,94,,,,False
2003-2004,2004,0020300513,20040109/UTADEN,Final,2004-01-10,03:00,1610612743,DEN,106,1610612762,UTA,96,,,,False
2003-2004,2004,0020300514,20040109/SACPHX,Final,2004-01-10,04:30,1610612756,PHX,93,1610612758,SAC,113,,,,False
2003-2004,2004,0020300515,20040109/ATLLAL,Final,2004-01-10,04:30,1610612747,LAL,113,1610612737,ATL,67,,,,False
2003-2004,2004,0020300516,20040109/MEMSEA,Final,2004-01-10,04:30,1610612760,SEA,122,1610612763,MEM,116,,,,False
2003-2004,2004,0020300517,20040110/PHIWAS,Final,2004-01-11,01:00,1610612764,WAS,94,1610612755,PHI,87,,,,False
2003-2004,2004,0020300518,20040110/MILNYK,Final,2004-01-11,01:30,1610612752,NYK,94,1610612749,MIL,88,,,,False
2003-2004,2004,0020300519,20040110/MIAMIN,Final,2004-01-11,02:00,1610612750,MIN,83,1610612748,MIA,77,,,,False
2003-2004,2004,0020300520,20040110/NOHCHI,Final,2004-01-11,02:30,1610612741,CHI,89,1610612740,NOH,84,,,,False
2003-2004,2004,0020300521,20040110/INDSAS,Final/OT,2004-01-11,02:30,1610612759,SAS,89,1610612754,IND,88,,,,False
2003-2004,2004,0020300522,20040110/ATLUTA,Final,2004-01-11,03:00,1610612762,UTA,92,1610612737,ATL,71,,,,False
2003-2004,2004,0020300523,20040110/SEAGSW,Final/OT,2004-01-11,04:30,1610612744,GSW,113,1610612760,SEA,110,,,,False
2003-2004,2004,0020300524,20040111/PORTOR,Final,2004-01-11,19:00,1610612761,TOR,83,1610612757,POR,72,,,,False
2003-2004,2004,0020300525,20040111/DALDET,Final,2004-01-12,00:00,1610612765,DET,115,1610612742,DAL,102,,,,False
2003-2004,2004,0020300526,20040111/BOSHOU,Final,2004-01-12,02:30,1610612745,HOU,93,1610612738,BOS,97,,,,False
2003-2004,2004,0020300527,20040111/DENSAC,Final,2004-01-12,03:00,1610612758,SAC,117,1610612743,DEN,106,,,,False
2003-2004,2004,0020300528,20040111/MEMLAC,Final/OT,2004-01-12,03:30,1610612746,LAC,107,1610612763,MEM,108,,,,False
2003-2004,2004,0020300529,20040112/DALNYK,Final/OT,2004-01-13,01:30,1610612752,NYK,121,1610612742,DAL,127,,,,False
2003-2004,2004,0020300530,20040112/PHIORL,Final,2004-01-13,01:30,1610612753,ORL,82,1610612755,PHI,87,,,,False
2003-2004,2004,0020300531,20040112/CLELAL,Final,2004-01-13,04:00,1610612747,LAL,89,1610612739,CLE,79,,,,False
2003-2004,2004,0020300532,20040112/MEMGSW,Final/OT2,2004-01-13,04:30,1610612744,GSW,113,1610612763,MEM,115,,,,False
2003-2004,2004,0020300533,20040113/HOUWAS,Final,2004-01-14,01:00,1610612764,WAS,80,1610612745,HOU,93,,,,False
2003-2004,2004,0020300534,20040113/SASATL,Final,2004-01-14,01:30,1610612737,ATL,86,1610612759,SAS,77,,,,False
2003-2004,2004,0020300535,20040113/MINNOH,Final,2004-01-14,02:00,1610612740,NOH,89,1610612750,MIN,94,,,,False
2003-2004,2004,0020300536,20040113/BOSMIL,Final,2004-01-14,02:00,1610612749,MIL,111,1610612738,BOS,103,,,,False
2003-2004,2004,0020300537,20040113/DETCHI,Final,2004-01-14,02:30,1610612741,CHI,89,1610612765,DET,105,,,,False
2003-2004,2004,0020300538,20040113/GSWUTA,Final,2004-01-14,03:00,1610612762,UTA,97,1610612744,GSW,80,,,,False
2003-2004,2004,0020300539,20040113/DENPHX,Final,2004-01-14,03:00,1610612756,PHX,92,1610612743,DEN,105,,,,False
2003-2004,2004,0020300540,20040113/MIASAC,Final,2004-01-14,04:00,1610612758,SAC,90,1610612748,MIA,86,,,,False
2003-2004,2004,0020300541,20040113/CLESEA,Final,2004-01-14,04:00,1610612760,SEA,96,1610612739,CLE,104,,,,False
2003-2004,2004,0020300542,20040113/PORLAC,Final/OT,2004-01-14,04:30,1610612746,LAC,103,1610612757,POR,96,,,,False
2003-2004,2004,0020300543,20040114/HOUBOS,Final,2004-01-15,01:00,1610612738,BOS,80,1610612745,HOU,95,,,,False
2003-2004,2004,0020300544,20040114/ATLIND,Final,2004-01-15,01:00,1610612754,IND,85,1610612737,ATL,78,,,,False
2003-2004,2004,0020300545,20040114/ORLNYK,Final,2004-01-15,01:30,1610612752,NYK,120,1610612753,ORL,110,,,,False
2003-2004,2004,0020300546,20040114/WASNJN,Final,2004-01-15,01:30,1610612751,NJN,115,1610612764,WAS,103,,,,False
2003-2004,2004,0020300547,20040114/TORDET,Final,2004-01-15,01:30,1610612765,DET,95,1610612761,TOR,91,,,,False
2003-2004,2004,0020300548,20040114/MINSAS,Final,2004-01-15,02:30,1610612759,SAS,93,1610612750,MIN,100,,,,False
2003-2004,2004,0020300549,20040114/PHIDAL,Final/OT2,2004-01-15,03:00,1610612742,DAL,125,1610612755,PHI,122,,,,False
2003-2004,2004,0020300550,20040114/DENLAL,Final,2004-01-15,04:30,1610612747,LAL,97,1610612743,DEN,71,,,,False
2003-2004,2004,0020300551,20040115/TORNOH,Final/OT,2004-01-16,02:00,1610612740,NOH,74,1610612761,TOR,78,,,,False
2003-2004,2004,0020300552,20040115/NJNMIL,Final,2004-01-16,02:00,1610612749,MIL,86,1610612751,NJN,83,,,,False
2003-2004,2004,0020300553,20040115/CHIMEM,Final,2004-01-16,02:00,1610612763,MEM,108,1610612741,CHI,93,,,,False
2003-2004,2004,0020300554,20040115/MIAUTA,Final,2004-01-16,03:00,1610612762,UTA,97,1610612748,MIA,85,,,,False
2003-2004,2004,0020300555,20040115/PHXPOR,Final,2004-01-16,04:00,1610612757,POR,96,1610612756,PHX,105,,,,False
2003-2004,2004,0020300556,20040115/CLEGSW,Final,2004-01-16,04:30,1610612744,GSW,119,1610612739,CLE,102,,,,False
2003-2004,2004,0020300557,20040116/BOSORL,Final/OT,2004-01-17,01:00,1610612753,ORL,124,1610612738,BOS,118,,,,False
2003-2004,2004,0020300558,20040116/SASIND,Final,2004-01-17,01:00,1610612754,IND,89,1610612759,SAS,79,,,,False
2003-2004,2004,0020300559,20040116/SEANYK,Final,2004-01-17,01:30,1610612752,NYK,108,1610612760,SEA,88,,,,False
2003-2004,2004,0020300560,20040116/WASDET,Final,2004-01-17,02:00,1610612765,DET,98,1610612764,WAS,77,,,,False
2003-2004,2004,0020300561,20040116/DALDEN,Final,2004-01-17,03:00,1610612743,DEN,88,1610612742,DAL,91,,,,False
2003-2004,2004,0020300562,20040116/GSWPHX,Final,2004-01-17,03:00,1610612756,PHX,104,1610612744,GSW,93,,,,False
2003-2004,2004,0020300563,20040116/MIALAC,Final,2004-01-17,04:30,1610612746,LAC,85,1610612748,MIA,87,,,,False
2003-2004,2004,0020300564,20040116/LALSAC,Final,2004-01-17,04:30,1610612758,SAC,103,1610612747,LAL,83,,,,False
2003-2004,2004,0020300565,20040117/MEMPHI,Final,2004-01-17,19:00,1610612755,PHI,87,1610612763,MEM,91,,,,False
2003-2004,2004,0020300566,20040117/MINHOU,Final,2004-01-17,21:30,1610612745,HOU,95,1610612750,MIN,76,,,,False
2003-2004,2004,0020300567,20040117/SEAWAS,Final,2004-01-18,01:00,1610612764,WAS,99,1610612760,SEA,84,,,,False
2003-2004,2004,0020300568,20040117/TORATL,Final,2004-01-18,01:00,1610612737,ATL,75,1610612761,TOR,70,,,,False
2003-2004,2004,0020300569,20040117/INDNJN,Final,2004-01-18,02:00,1610612751,NJN,84,1610612754,IND,90,,,,False
2003-2004,2004,0020300570,20040117/ORLNOH,Final,2004-01-18,02:00,1610612740,NOH,91,1610612753,ORL,90,,,,False
2003-2004,2004,0020300571,20040117/NYKCHI,Final,2004-01-18,02:30,1610612741,CHI,96,1610612752,NYK,101,,,,False
2003-2004,2004,0020300572,20040117/DETMIL,Final,2004-01-18,02:30,1610612749,MIL,94,1610612765,DET,99,,,,False
2003-2004,2004,0020300573,20040117/CLEUTA,Final/OT,2004-01-18,03:00,1610612762,UTA,96,1610612739,CLE,102,,,,False
2003-2004,2004,0020300574,20040117/DALPOR,Final,2004-01-18,04:00,1610612757,POR,104,1610612742,DAL,108,,,,False
2003-2004,2004,0020300575,20040117/LACLAL,Final,2004-01-18,04:30,1610612747,LAL,91,1610612746,LAC,89,,,,False
2003-2004,2004,0020300576,20040118/SASBOS,Final,2004-01-18,18:30,1610612738,BOS,92,1610612759,SAS,109,,,,False
2003-2004,2004,0020300577,20040118/PORPHX,Final,2004-01-19,02:00,1610612756,PHX,96,1610612757,POR,92,,,,False
2003-2004,2004,0020300578,20040118/MIADEN,Final,2004-01-19,03:00,1610612743,DEN,88,1610612748,MIA,80,,,,False
2003-2004,2004,0020300579,20040119/TORNYK,Final,2004-01-19,19:00,1610612752,NYK,90,1610612761,TOR,79,,,,False
2003-2004,2004,0020300580,20040119/CHIWAS,Final,2004-01-19,19:00,1610612764,WAS,93,1610612741,CHI,83,,,,False
2003-2004,2004,0020300581,20040119/SEAPHI,Final,2004-01-19,20:00,1610612755,PHI,81,1610612760,SEA,90,,,,False
2003-2004,2004,0020300582,20040119/INDATL,Final,2004-01-19,20:00,1610612737,ATL,97,1610612754,IND,100,,,,False
2003-2004,2004,0020300583,20040119/MILORL,Final,2004-01-19,21:00,1610612753,ORL,106,1610612749,MIL,99,,,,False
2003-2004,2004,0020300584,20040119/SASDET,Final,2004-01-19,21:00,1610612765,DET,85,1610612759,SAS,77,,,,False
2003-2004,2004,0020300585,20040119/SACLAC,Final,2004-01-19,21:30,1610612746,LAC,100,1610612758,SAC,125,,,,False
2003-2004,2004,0020300586,20040119/NOHMIN,Final,2004-01-20,00:00,1610612750,MIN,97,1610612740,NOH,90,,,,False
2003-2004,2004,0020300587,20040119/HOUMEM,Final,2004-01-20,01:30,1610612763,MEM,88,1610612745,HOU,83,,,,False
2003-2004,2004,0020300588,20040119/UTAGSW,Final,2004-01-20,04:00,1610612744,GSW,101,1610612762,UTA,85,,,,False
2003-2004,2004,0020300589,20040119/PHXLAL,Final,2004-01-20,04:30,1610612747,LAL,85,1610612756,PHX,88,,,,False
2003-2004,2004,0020300590,20040120/SEACLE,Final,2004-01-21,01:00,1610612739,CLE,99,1610612760,SEA,94,,,,False
2003-2004,2004,0020300591,20040120/DETIND,Final,2004-01-21,01:00,1610612754,IND,81,1610612765,DET,69,,,,False
2003-2004,2004,0020300592,20040120/BOSMIA,Final,2004-01-21,01:30,1610612748,MIA,84,1610612738,BOS,86,,,,False
2003-2004,2004,0020300593,20040120/NJNDAL,Final,2004-01-21,02:30,1610612742,DAL,106,1610612751,NJN,93,,,,False
2003-2004,2004,0020300594,20040120/DENUTA,Final,2004-01-21,03:00,1610612762,UTA,75,1610612743,DEN,96,,,,False
2003-2004,2004,0020300595,20040120/PORSAC,Final/OT,2004-01-21,04:00,1610612758,SAC,104,1610612757,POR,109,,,,False
2003-2004,2004,0020300596,20040121/MINTOR,Final,2004-01-22,01:00,1610612761,TOR,97,1610612750,MIN,108,,,,False
2003-2004,2004,0020300597,20040121/CHIATL,Final,2004-01-22,01:30,1610612737,ATL,97,1610612741,CHI,87,,,,False
2003-2004,2004,0020300598,20040121/PHINOH,Final,2004-01-22,02:00,1610612740,NOH,86,1610612755,PHI,92,,,,False
2003-2004,2004,0020300599,20040121/ORLMIL,Final,2004-01-22,02:00,1610612749,MIL,113,1610612753,ORL,102,,,,False
2003-2004,2004,0020300600,20040121/LALMEM,Final,2004-01-22,02:00,1610612763,MEM,88,1610612747,LAL,82,,,,False
2003-2004,2004,0020300601,20040121/NJNSAS,Final,2004-01-22,02:30,1610612759,SAS,99,1610612751,NJN,76,,,,False
2003-2004,2004,0020300602,20040121/NYKHOU,Final,2004-01-22,03:00,1610612745,HOU,86,1610612752,NYK,71,,,,False
2003-2004,2004,0020300603,20040121/PHXDEN,Final,2004-01-22,03:00,1610612743,DEN,97,1610612756,PHX,92,,,,False
2003-2004,2004,0020300604,20040121/GSWLAC,Final,2004-01-22,04:30,1610612746,LAC,106,1610612744,GSW,102,,,,False
2003-2004,2004,0020300605,20040122/SACCLE,Final,2004-01-23,01:00,1610612739,CLE,89,1610612758,SAC,95,,,,False
2003-2004,2004,0020300606,20040122/LALDAL,Final,2004-01-23,03:30,1610612742,DAL,106,1610612747,LAL,87,,,,False
2003-2004,2004,0020300607,20040122/GSWSEA,Final,2004-01-23,04:00,1610612760,SEA,103,1610612744,GSW,87,,,,False
2003-2004,2004,0020300608,20040123/ORLPHI,Final,2004-01-24,01:00,1610612755,PHI,93,1610612753,ORL,98,,,,False
2003-2004,2004,0020300609,20040123/WASBOS,Final,2004-01-24,01:30,1610612738,BOS,100,1610612764,WAS,89,,,,False
2003-2004,2004,0020300610,20040123/NJNMIA,Final,2004-01-24,01:30,1610612748,MIA,85,1610612751,NJN,64,,,,False
2003-2004,2004,0020300611,20040123/NYKATL,Final,2004-01-24,01:30,1610612737,ATL,94,1610612752,NYK,96,,,,False
2003-2004,2004,0020300612,20040123/DENNOH,Final,2004-01-24,02:00,1610612740,NOH,97,1610612743,DEN,91,,,,False
2003-2004,2004,0020300613,20040123/HOUIND,Final,2004-01-24,02:00,1610612754,IND,74,1610612745,HOU,78,,,,False
2003-2004,2004,0020300614,20040123/DETMIN,Final,2004-01-24,02:00,1610612750,MIN,80,1610612765,DET,79,,,,False
2003-2004,2004,0020300615,20040123/SACMEM,Final,2004-01-24,02:00,1610612763,MEM,109,1610612758,SAC,95,,,,False
2003-2004,2004,0020300616,20040123/DALCHI,Final,2004-01-24,02:30,1610612741,CHI,93,1610612742,DAL,106,,,,False
2003-2004,2004,0020300617,20040123/TORMIL,Final,2004-01-24,02:30,1610612749,MIL,98,1610612761,TOR,86,,,,False
2003-2004,2004,0020300618,20040123/SASPHX,Final,2004-01-24,04:30,1610612756,PHX,84,1610612759,SAS,86,,,,False
2003-2004,2004,0020300619,20040123/UTALAC,Final,2004-01-24,04:30,1610612746,LAC,93,1610612762,UTA,82,,,,False
2003-2004,2004,0020300620,20040124/GSWPOR,Final,2004-01-24,21:30,1610612757,POR,87,1610612744,GSW,105,,,,False
2003-2004,2004,0020300621,20040124/INDWAS,Final,2004-01-25,01:00,1610612764,WAS,107,1610612754,IND,96,,,,False
2003-2004,2004,0020300622,20040124/MIANYK,Final,2004-01-25,01:30,1610612752,NYK,77,1610612748,MIA,85,,,,False
2003-2004,2004,0020300623,20040124/PHICLE,Final,2004-01-25,01:30,1610612739,CLE,95,1610612755,PHI,87,,,,False
2003-2004,2004,0020300624,20040124/NOHSAS,Final,2004-01-25,02:30,1610612759,SAS,96,1610612740,NOH,98,,,,False
2003-2004,2004,0020300625,20040124/LALUTA,Final,2004-01-25,03:00,1610612762,UTA,86,1610612747,LAL,93,,,,False
2003-2004,2004,0020300626,20040124/LACSEA,Final,2004-01-25,04:00,1610612760,SEA,102,1610612746,LAC,97,,,,False
2003-2004,2004,0020300627,20040125/BOSNJN,Final,2004-01-25,19:00,1610612751,NJN,110,1610612738,BOS,91,,,,False
2003-2004,2004,0020300628,20040125/SACDAL,Final,2004-01-25,19:00,1610612742,DAL,108,1610612758,SAC,99,,,,False
2003-2004,2004,0020300629,20040125/TORCHI,Final,2004-01-25,21:30,1610612741,CHI,96,1610612761,TOR,89,,,,False
2003-2004,2004,0020300630,20040125/PHXMIN,Final,2004-01-25,21:30,1610612750,MIN,99,1610612756,PHX,95,,,,False
2003-2004,2004,0020300631,20040125/HOUORL,Final,2004-01-26,00:00,1610612753,ORL,87,1610612745,HOU,99,,,,False
2003-2004,2004,0020300632,20040125/ATLDET,Final,2004-01-26,00:00,1610612765,DET,82,1610612737,ATL,91,,,,False
2003-2004,2004,0020300633,20040125/DENMEM,Final,2004-01-25,22:00,1610612763,MEM,106,1610612743,DEN,88,,,,False
2003-2004,2004,0020300634,20040126/PORWAS,Final,2004-01-27,01:00,1610612764,WAS,83,1610612757,POR,94,,,,False
2003-2004,2004,0020300635,20040126/ORLCLE,Final,2004-01-27,01:00,1610612739,CLE,99,1610612753,ORL,98,,,,False
2003-2004,2004,0020300636,20040126/HOUMIA,Final,2004-01-27,01:30,1610612748,MIA,95,1610612745,HOU,81,,,,False
2003-2004,2004,0020300637,20040126/SASMIL,Final,2004-01-27,02:00,1610612749,MIL,93,1610612759,SAS,92,,,,False
2003-2004,2004,0020300638,20040126/MINDEN,Final,2004-01-27,03:00,1610612743,DEN,95,1610612750,MIN,97,,,,False
2003-2004,2004,0020300639,20040126/LACUTA,Final,2004-01-27,03:00,1610612762,UTA,98,1610612746,LAC,93,,,,False
2003-2004,2004,0020300640,20040127/NJNPHI,Final,2004-01-28,01:00,1610612755,PHI,76,1610612751,NJN,94,,,,False
2003-2004,2004,0020300641,20040127/SASNYK,Final,2004-01-28,01:30,1610612752,NYK,67,1610612759,SAS,77,,,,False
2003-2004,2004,0020300642,20040127/PHXATL,Final,2004-01-28,01:30,1610612737,ATL,85,1610612756,PHX,89,,,,False
2003-2004,2004,0020300643,20040127/DALSEA,Final,2004-01-28,04:00,1610612760,SEA,116,1610612742,DAL,118,,,,False
2003-2004,2004,0020300644,20040127/CHILAC,Final,2004-01-28,04:30,1610612746,LAC,102,1610612741,CHI,92,,,,False
2003-2004,2004,0020300645,20040128/DETBOS,Final,2004-01-29,01:00,1610612738,BOS,103,1610612765,DET,106,,,,False
2003-2004,2004,0020300646,20040128/ORLWAS,Final,2004-01-29,01:00,1610612764,WAS,100,1610612753,ORL,104,,,,False
2003-2004,2004,0020300647,20040128/MIACLE,Final,2004-01-29,01:00,1610612739,CLE,94,1610612748,MIA,93,,,,False
2003-2004,2004,0020300648,20040128/PHXIND,Final,2004-01-29,01:00,1610612754,IND,101,1610612756,PHX,79,,,,False
2003-2004,2004,0020300649,20040128/PHITOR,Final,2004-01-29,01:30,1610612761,TOR,94,1610612755,PHI,84,,,,False
2003-2004,2004,0020300650,20040128/MILNOH,Final,2004-01-29,02:00,1610612740,NOH,101,1610612749,MIL,100,,,,False
2003-2004,2004,0020300651,20040128/PORMEM,Final,2004-01-29,02:00,1610612763,MEM,76,1610612757,POR,88,,,,False
2003-2004,2004,0020300652,20040128/SACHOU,Final,2004-01-29,03:00,1610612745,HOU,94,1610612758,SAC,99,,,,False
2003-2004,2004,0020300653,20040128/CHIDEN,Final,2004-01-29,03:00,1610612743,DEN,115,1610612741,CHI,99,,,,False
2003-2004,2004,0020300654,20040128/DALUTA,Final,2004-01-29,03:00,1610612762,UTA,91,1610612742,DAL,88,,,,False
2003-2004,2004,0020300655,20040128/SEALAL,Final,2004-01-29,04:30,1610612747,LAL,96,1610612760,SEA,82,,,,False
2003-2004,2004,0020300656,20040128/MINGSW,Final,2004-01-29,04:30,1610612744,GSW,97,1610612750,MIN,90,,,,False
2003-2004,2004,0020300657,20040129/NJNORL,Final,2004-01-30,01:00,1610612753,ORL,79,1610612751,NJN,89,,,,False
2003-2004,2004,0020300658,20040129/PORATL,Final,2004-01-30,01:30,1610612737,ATL,85,1610612757,POR,93,,,,False
2003-2004,2004,0020300659,20040129/SACSAS,Final,2004-01-30,03:30,1610612759,SAS,91,1610612758,SAC,96,,,,False
2003-2004,2004,0020300660,20040130/NOHPHI,Final,2004-01-31,01:00,1610612755,PHI,85,1610612740,NOH,82,,,,False
2003-2004,2004,0020300661,20040130/PHXWAS,Final,2004-01-31,01:00,1610612764,WAS,105,1610612756,PHX,100,,,,False
2003-2004,2004,0020300662,20040130/DETTOR,Final/OT,2004-01-31,01:00,1610612761,TOR,89,1610612765,DET,90,,,,False
2003-2004,2004,0020300663,20040130/NYKBOS,Final,2004-01-31,01:30,1610612738,BOS,74,1610612752,NYK,92,,,,False
2003-2004,2004,0020300664,20040130/LACMIA,Final,2004-01-31,01:30,1610612748,MIA,97,1610612746,LAC,88,,,,False
2003-2004,2004,0020300665,20040130/UTAMEM,Final,2004-01-31,02:00,1610612763,MEM,79,1610612762,UTA,85,,,,False
2003-2004,2004,0020300666,20040130/CLEMIL,Final,2004-01-31,03:30,1610612749,MIL,101,1610612739,CLE,95,,,,False
2003-2004,2004,0020300667,20040130/MINLAL,Final,2004-01-31,04:30,1610612747,LAL,84,1610612750,MIN,97,,,,False
2003-2004,2004,0020300668,20040130/CHIGSW,Final,2004-01-31,04:30,1610612744,GSW,101,1610612741,CHI,81,,,,False
2003-2004,2004,0020300669,20040131/DENDAL,Final,2004-01-31,19:00,1610612742,DAL,102,1610612743,DEN,107,,,,False
2003-2004,2004,0020300670,20040131/NJNHOU,Final,2004-01-31,21:30,1610612745,HOU,77,1610612751,NJN,88,,,,False
2003-2004,2004,0020300671,20040131/LACORL,Final,2004-02-01,01:00,1610612753,ORL,106,1610612746,LAC,115,,,,False
2003-2004,2004,0020300672,20040131/MILATL,Final,2004-02-01,01:00,1610612737,ATL,93,1610612749,MIL,83,,,,False
2003-2004,2004,0020300673,20040131/PHXNYK,Final,2004-02-01,01:30,1610612752,NYK,110,1610612756,PHX,105,,,,False
2003-2004,2004,0020300674,20040131/MEMDET,Final,2004-02-01,01:30,1610612765,DET,80,1610612763,MEM,78,,,,False
2003-2004,2004,0020300675,20040131/MIANOH,Final,2004-02-01,02:00,1610612740,NOH,70,1610612748,MIA,94,,,,False
2003-2004,2004,0020300676,20040131/BOSIND,Final,2004-02-01,02:00,1610612754,IND,99,1610612738,BOS,98,,,,False
2003-2004,2004,0020300677,20040131/UTASAS,Final,2004-02-01,02:30,1610612759,SAS,85,1610612762,UTA,81,,,,False
2003-2004,2004,0020300678,20040131/CHIPOR,Final/OT,2004-02-01,04:00,1610612757,POR,102,1610612741,CHI,95,,,,False
2003-2004,2004,0020300679,20040131/SACSEA,Final,2004-02-01,04:00,1610612760,SEA,103,1610612758,SAC,110,,,,False
2003-2004,2004,0020300680,20040201/CLEWAS,Final,2004-02-01,18:00,1610612764,WAS,100,1610612739,CLE,104,,,,False
2003-2004,2004,0020300681,20040201/LALTOR,Final,2004-02-01,18:30,1610612761,TOR,83,1610612747,LAL,84,,,,False
2003-2004,2004,0020300682,20040201/PHIMIN,Final,2004-02-01,20:00,1610612750,MIN,106,1610612755,PHI,101,,,,False
2003-2004,2004,0020300683,20040202/LALIND,Final,2004-02-03,01:00,1610612754,IND,85,1610612747,LAL,72,,,,False
2003-2004,2004,0020300684,20040202/DETMIA,Final/OT,2004-02-03,01:30,1610612748,MIA,100,1610612765,DET,102,,,,False
2003-2004,2004,0020300685,20040202/LACATL,Final,2004-02-03,01:30,1610612737,ATL,95,1610612746,LAC,101,,,,False
2003-2004,2004,0020300686,20040202/NJNNOH,Final,2004-02-03,02:00,1610612740,NOH,70,1610612751,NJN,91,,,,False
2003-2004,2004,0020300687,20040202/GSWMEM,Final,2004-02-03,02:00,1610612763,MEM,106,1610612744,GSW,101,,,,False
2003-2004,2004,0020300688,20040202/PORDEN,Final,2004-02-03,03:00,1610612743,DEN,116,1610612757,POR,97,,,,False
2003-2004,2004,0020300689,20040202/SASUTA,Final,2004-02-03,03:00,1610612762,UTA,65,1610612759,SAS,83,,,,False
2003-2004,2004,0020300690,20040202/HOUPHX,Final,2004-02-03,03:00,1610612756,PHX,99,1610612745,HOU,79,,,,False
2003-2004,2004,0020300691,20040202/CHISEA,Final,2004-02-03,04:00,1610612760,SEA,109,1610612741,CHI,97,,,,False
2003-2004,2004,0020300692,20040203/TORPHI,Final,2004-02-04,01:00,1610612755,PHI,80,1610612761,TOR,93,,,,False
2003-2004,2004,0020300693,20040203/INDNYK,Final,2004-02-04,01:30,1610612752,NYK,97,1610612754,IND,90,,,,False
2003-2004,2004,0020300694,20040203/CLEDET,Final,2004-02-04,01:30,1610612765,DET,82,1610612739,CLE,85,,,,False
2003-2004,2004,0020300695,20040203/ORLMIN,Final,2004-02-04,02:00,1610612750,MIN,113,1610612753,ORL,100,,,,False
2003-2004,2004,0020300696,20040203/GSWDAL,Final,2004-02-04,02:30,1610612742,DAL,107,1610612744,GSW,93,,,,False
2003-2004,2004,0020300697,20040203/SEASAC,Final,2004-02-04,04:00,1610612758,SAC,117,1610612760,SEA,101,,,,False
2003-2004,2004,0020300698,20040204/LACBOS,Final,2004-02-05,01:00,1610612738,BOS,86,1610612746,LAC,95,,,,False
2003-2004,2004,0020300699,20040204/MEMWAS,Final,2004-02-05,01:00,1610612764,WAS,101,1610612763,MEM,103,,,,False
2003-2004,2004,0020300700,20040204/ORLTOR,Final,2004-02-05,01:00,1610612761,TOR,110,1610612753,ORL,90,,,,False
2003-2004,2004,0020300701,20040204/MIANJN,Final,2004-02-05,01:30,1610612751,NJN,99,1610612748,MIA,88,,,,False
2003-2004,2004,0020300702,20040204/MINATL,Final,2004-02-05,01:30,1610612737,ATL,97,1610612750,MIN,89,,,,False
2003-2004,2004,0020300703,20040204/LALCLE,Final/OT,2004-02-05,02:00,1610612739,CLE,106,1610612747,LAL,111,,,,False
2003-2004,2004,0020300704,20040204/DALNOH,Final,2004-02-05,02:00,1610612740,NOH,104,1610612742,DAL,113,,,,False
2003-2004,2004,0020300705,20040204/MILHOU,Final,2004-02-05,02:30,1610612745,HOU,103,1610612749,MIL,89,,,,False
2003-2004,2004,0020300706,20040204/CHIUTA,Final,2004-02-05,03:00,1610612762,UTA,79,1610612741,CHI,95,,,,False
2003-2004,2004,0020300707,20040204/PORPHX,Final,2004-02-05,03:00,1610612756,PHX,97,1610612757,POR,101,,,,False
2003-2004,2004,0020300708,20040205/LALPHI,Final,2004-02-06,01:30,1610612755,PHI,96,1610612747,LAL,73,,,,False
2003-2004,2004,0020300709,20040205/SASSEA,Final,2004-02-06,04:00,1610612760,SEA,90,1610612759,SAS,96,,,,False
2003-2004,2004,0020300710,20040206/LACWAS,Final,2004-02-07,01:00,1610612764,WAS,112,1610612746,LAC,100,,,,False
2003-2004,2004,0020300711,20040206/ATLBOS,Final,2004-02-07,01:30,1610612738,BOS,96,1610612737,ATL,100,,,,False
2003-2004,2004,0020300712,20040206/INDTOR,Final,2004-02-07,01:30,1610612761,TOR,77,1610612754,IND,83,,,,False
2003-2004,2004,0020300713,20040206/ORLNJN,Final,2004-02-07,02:00,1610612751,NJN,120,1610612753,ORL,99,,,,False
2003-2004,2004,0020300714,20040206/DETNOH,Final,2004-02-07,02:00,1610612740,NOH,92,1610612765,DET,81,,,,False
2003-2004,2004,0020300715,20040206/CLEMIN,Final,2004-02-07,02:00,1610612750,MIN,103,1610612739,CLE,92,,,,False
2003-2004,2004,0020300716,20040206/MILMEM,Final,2004-02-07,02:00,1610612763,MEM,105,1610612749,MIL,85,,,,False
2003-2004,2004,0020300717,20040206/CHIHOU,Final,2004-02-07,02:30,1610612745,HOU,82,1610612741,CHI,80,,,,False
2003-2004,2004,0020300718,20040206/PORUTA,Final,2004-02-07,03:00,1610612762,UTA,73,1610612757,POR,87,,,,False
2003-2004,2004,0020300719,20040206/SEAPHX,Final,2004-02-07,03:00,1610612756,PHX,105,1610612760,SEA,107,,,,False
2003-2004,2004,0020300720,20040206/DENGSW,Final,2004-02-07,04:30,1610612744,GSW,96,1610612743,DEN,87,,,,False
2003-2004,2004,0020300721,20040206/SASSAC,Final,2004-02-07,04:30,1610612758,SAC,94,1610612759,SAS,102,,,,False
2003-2004,2004,0020300722,20040207/NYKMIA,Final,2004-02-07,19:00,1610612748,MIA,64,1610612752,NYK,76,,,,False
2003-2004,2004,0020300723,20040207/BOSPHI,Final,2004-02-08,01:00,1610612755,PHI,80,1610612738,BOS,110,,,,False
2003-2004,2004,0020300724,20040207/HOUATL,Final,2004-02-08,01:00,1610612737,ATL,77,1610612745,HOU,86,,,,False
2003-2004,2004,0020300725,20040207/WASCLE,Final,2004-02-08,01:30,1610612739,CLE,88,1610612764,WAS,106,,,,False
2003-2004,2004,0020300726,20040207/NOHMIL,Final,2004-02-08,02:30,1610612749,MIL,107,1610612740,NOH,97,,,,False
2003-2004,2004,0020300727,20040207/DETDAL,Final,2004-02-08,02:30,1610612742,DAL,111,1610612765,DET,108,,,,False
2003-2004,2004,0020300728,20040207/UTAPHX,Final,2004-02-08,03:00,1610612756,PHX,92,1610612762,UTA,96,,,,False
2003-2004,2004,0020300729,20040208/LALORL,Final,2004-02-08,18:30,1610612753,ORL,96,1610612747,LAL,98,,,,False
2003-2004,2004,0020300730,20040208/MIAIND,Final,2004-02-08,20:30,1610612754,IND,97,1610612748,MIA,91,,,,False
2003-2004,2004,0020300731,20040208/MEMMIN,Final,2004-02-08,21:30,1610612750,MIN,98,1610612763,MEM,99,,,,False
2003-2004,2004,0020300732,20040208/LACNYK,Final,2004-02-09,01:00,1610612752,NYK,110,1610612746,LAC,104,,,,False
2003-2004,2004,0020300733,20040208/PHINJN,Final,2004-02-09,01:30,1610612751,NJN,99,1610612755,PHI,87,,,,False
2003-2004,2004,0020300734,20040208/SEAPOR,Final,2004-02-08,21:00,1610612757,POR,95,1610612760,SEA,85,,,,False
2003-2004,2004,0020300735,20040208/TORGSW,Final/OT,2004-02-09,03:00,1610612744,GSW,81,1610612761,TOR,84,,,,False
2003-2004,2004,0020300736,20040208/DENSAC,Final,2004-02-09,01:00,1610612758,SAC,115,1610612743,DEN,92,,,,False
2003-2004,2004,0020300737,20040209/BOSCLE,Final,2004-02-10,01:00,1610612739,CLE,97,1610612738,BOS,89,,,,False
2003-2004,2004,0020300738,20040209/DALATL,Final,2004-02-10,01:30,1610612737,ATL,102,1610612742,DAL,96,,,,False
2003-2004,2004,0020300739,20040209/MEMDEN,Final,2004-02-10,03:00,1610612743,DEN,86,1610612763,MEM,83,,,,False
2003-2004,2004,0020300740,20040209/SASHOU,Final,2004-02-10,03:30,1610612745,HOU,82,1610612759,SAS,85,,,,False
2003-2004,2004,0020300741,20040210/DETNJN,Final,2004-02-11,01:30,1610612751,NJN,89,1610612765,DET,78,,,,False
2003-2004,2004,0020300742,20040210/LALMIA,Final,2004-02-11,01:30,1610612748,MIA,83,1610612747,LAL,98,,,,False
2003-2004,2004,0020300743,20040210/SACMIL,Final,2004-02-11,02:00,1610612749,MIL,117,1610612758,SAC,124,,,,False
2003-2004,2004,0020300744,20040210/LACMIN,Final,2004-02-11,02:00,1610612750,MIN,96,1610612746,LAC,84,,,,False
2003-2004,2004,0020300745,20040210/INDCHI,Final,2004-02-11,02:30,1610612741,CHI,84,1610612754,IND,103,,,,False
2003-2004,2004,0020300746,20040210/NYKDAL,Final,2004-02-11,02:30,1610612742,DAL,105,1610612752,NYK,90,,,,False
2003-2004,2004,0020300747,20040210/TORPHX,Final,2004-02-11,04:00,1610612756,PHX,94,1610612761,TOR,101,,,,False
2003-2004,2004,0020300748,20040210/UTAPOR,Final,2004-02-11,04:00,1610612757,POR,81,1610612762,UTA,86,,,,False
2003-2004,2004,0020300749,20040210/GSWSEA,Final,2004-02-11,04:00,1610612760,SEA,97,1610612744,GSW,106,,,,False
2003-2004,2004,0020300750,20040211/WASPHI,Final,2004-02-12,01:00,1610612755,PHI,113,1610612764,WAS,88,,,,False
2003-2004,2004,0020300751,20040211/MIAORL,Final,2004-02-12,01:00,1610612753,ORL,98,1610612748,MIA,111,,,,False
2003-2004,2004,0020300752,20040211/NJNCLE,Final,2004-02-12,01:00,1610612739,CLE,85,1610612751,NJN,105,,,,False
2003-2004,2004,0020300753,20040211/SACDET,Final,2004-02-12,01:30,1610612765,DET,94,1610612758,SAC,96,,,,False
2003-2004,2004,0020300754,20040211/NYKNOH,Final,2004-02-12,02:00,1610612740,NOH,106,1610612752,NYK,98,,,,False
2003-2004,2004,0020300755,20040211/LACMEM,Final,2004-02-12,02:00,1610612763,MEM,110,1610612746,LAC,102,,,,False
2003-2004,2004,0020300756,20040211/LALHOU,Final,2004-02-12,03:00,1610612745,HOU,102,1610612747,LAL,87,,,,False
2003-2004,2004,0020300757,20040211/MINUTA,Final,2004-02-12,03:00,1610612762,UTA,66,1610612750,MIN,77,,,,False
2003-2004,2004,0020300758,20040211/PHXGSW,Final,2004-02-12,04:30,1610612744,GSW,110,1610612756,PHX,99,,,,False
2003-2004,2004,0020300759,20040212/BOSCHI,Final,2004-02-13,02:30,1610612741,CHI,107,1610612738,BOS,87,,,,False
2003-2004,2004,0020300760,20040212/DENPOR,Final,2004-02-13,04:00,1610612757,POR,98,1610612743,DEN,107,,,,False
2003-2004,2004,0020300761,20040212/TORSEA,Final,2004-02-13,04:00,1610612760,SEA,94,1610612761,TOR,74,,,,False
2003-2004,2004,0030300002,20040213/RKESPH,,2004-02-14,03:00,1610616838,SPH,0,1610616837,RKE,0,,Rising Stars,,False
2003-2004,2004,0030300004,20040213/ESTWST,,2004-02-14,01:00,1610616834,WST,0,1610616833,EST,0,,All-Star Game,,False
2003-2004,2004,0030300003,20040214/ESTWST,,2004-02-15,02:30,1610616834,WST,0,1610616833,EST,0,,All-Star Game,,False
2003-2004,2004,0030300001,20040215/ESTWST,Final,2004-02-16,02:00,1610616834,WST,126,1610616833,EST,132,,All-Star Game,,False
2003-2004,2004,0020300762,20040217/NOHIND,Final,2004-02-18,01:00,1610612754,IND,75,1610612740,NOH,89,,,,False
2003-2004,2004,0020300763,20040217/DETNYK,Final,2004-02-18,01:30,1610612752,NYK,92,1610612765,DET,88,,,,False
2003-2004,2004,0020300764,20040217/UTAMIA,Final,2004-02-18,01:30,1610612748,MIA,97,1610612762,UTA,85,,,,False
2003-2004,2004,0020300765,20040217/ORLMIL,Final,2004-02-18,02:00,1610612749,MIL,127,1610612753,ORL,104,,,,False
2003-2004,2004,0020300766,20040217/PHXMIN,Final,2004-02-18,02:00,1610612750,MIN,110,1610612756,PHX,95,,,,False
2003-2004,2004,0020300767,20040217/DALMEM,Final,2004-02-18,02:00,1610612763,MEM,109,1610612742,DAL,92,,,,False
2003-2004,2004,0020300768,20040217/TORCHI,Final,2004-02-18,02:30,1610612741,CHI,75,1610612761,TOR,73,,,,False
2003-2004,2004,0020300769,20040217/WASHOU,Final,2004-02-18,02:30,1610612745,HOU,107,1610612764,WAS,81,,,,False
2003-2004,2004,0020300770,20040217/PHIDEN,Final,2004-02-18,03:00,1610612743,DEN,106,1610612755,PHI,85,,,,False
2003-2004,2004,0020300771,20040217/BOSSAC,Final,2004-02-18,04:00,1610612758,SAC,127,1610612738,BOS,111,,,,False
2003-2004,2004,0020300772,20040217/PORLAL,Final,2004-02-18,04:30,1610612747,LAL,89,1610612757,POR,86,,,,False
2003-2004,2004,0020300773,20040218/UTAORL,Final,2004-02-19,01:00,1610612753,ORL,90,1610612762,UTA,77,,,,False
2003-2004,2004,0020300774,20040218/SASTOR,Final,2004-02-19,01:00,1610612761,TOR,82,1610612759,SAS,86,,,,False
2003-2004,2004,0020300775,20040218/DALCLE,Final,2004-02-19,01:00,1610612739,CLE,98,1610612742,DAL,114,,,,False
2003-2004,2004,0020300776,20040218/ATLNJN,Final,2004-02-19,01:30,1610612751,NJN,98,1610612737,ATL,92,,,,False
2003-2004,2004,0020300777,20040218/MILDET,Final,2004-02-19,01:30,1610612765,DET,102,1610612749,MIL,98,,,,False
2003-2004,2004,0020300778,20040218/WASNOH,Final,2004-02-19,02:00,1610612740,NOH,120,1610612764,WAS,101,,,,False
2003-2004,2004,0020300779,20040218/LACPOR,Final,2004-02-19,04:00,1610612757,POR,101,1610612746,LAC,86,,,,False
2003-2004,2004,0020300780,20040218/LALGSW,Final,2004-02-19,04:30,1610612744,GSW,99,1610612747,LAL,100,,,,False
2003-2004,2004,0020300781,20040219/SACMIN,Final,2004-02-20,01:30,1610612750,MIN,92,1610612758,SAC,75,,,,False
2003-2004,2004,0020300782,20040219/PHISEA,Final,2004-02-20,04:00,1610612760,SEA,101,1610612755,PHI,112,,,,False
2003-2004,2004,0020300783,20040219/BOSLAC,Final,2004-02-20,04:30,1610612746,LAC,102,1610612738,BOS,100,,,,False
2003-2004,2004,0020300784,20040220/INDWAS,Final,2004-02-21,01:00,1610612764,WAS,87,1610612754,IND,96,,,,False
2003-2004,2004,0020300785,20040220/DENORL,Final,2004-02-21,01:00,1610612753,ORL,102,1610612743,DEN,98,,,,False
2003-2004,2004,0020300786,20040220/UTANYK,Final,2004-02-21,01:30,1610612752,NYK,78,1610612762,UTA,92,,,,False
2003-2004,2004,0020300787,20040220/ATLMIA,Final,2004-02-21,01:30,1610612748,MIA,125,1610612737,ATL,92,,,,False
2003-2004,2004,0020300788,20040220/NJNTOR,Final,2004-02-21,01:30,1610612761,TOR,72,1610612751,NJN,91,,,,False
2003-2004,2004,0020300789,20040220/SASCLE,Final,2004-02-21,01:30,1610612739,CLE,89,1610612759,SAS,87,,,,False
2003-2004,2004,0020300790,20040220/MINDET,Final,2004-02-21,02:00,1610612765,DET,87,1610612750,MIN,88,,,,False
2003-2004,2004,0020300791,20040220/PHXMEM,Final,2004-02-21,02:00,1610612763,MEM,97,1610612756,PHX,92,,,,False
2003-2004,2004,0020300792,20040220/SACCHI,Final,2004-02-21,02:30,1610612741,CHI,83,1610612758,SAC,91,,,,False
2003-2004,2004,0020300793,20040220/PHILAL,Final,2004-02-21,04:30,1610612747,LAL,116,1610612755,PHI,88,,,,False
2003-2004,2004,0020300794,20040220/PORGSW,Final,2004-02-21,04:30,1610612744,GSW,93,1610612757,POR,94,,,,False
2003-2004,2004,0020300795,20040221/NOHNJN,Final,2004-02-22,01:30,1610612751,NJN,97,1610612740,NOH,84,,,,False
2003-2004,2004,0020300796,20040221/DENMIA,Final,2004-02-22,01:30,1610612748,MIA,97,1610612743,DEN,81,,,,False
2003-2004,2004,0020300797,20040221/MEMCHI,Final,2004-02-22,02:30,1610612741,CHI,98,1610612763,MEM,105,,,,False
2003-2004,2004,0020300798,20040221/LACMIL,Final,2004-02-22,02:30,1610612749,MIL,103,1610612746,LAC,105,,,,False
2003-2004,2004,0020300799,20040221/HOUDAL,Final,2004-02-22,02:30,1610612742,DAL,97,1610612745,HOU,88,,,,False
2003-2004,2004,0020300800,20040221/BOSPOR,Final,2004-02-22,04:00,1610612757,POR,105,1610612738,BOS,84,,,,False
2003-2004,2004,0020300801,20040221/SEAGSW,Final,2004-02-22,04:30,1610612744,GSW,94,1610612760,SEA,92,,,,False
2003-2004,2004,0020300802,20040222/CLENYK,Final,2004-02-22,19:00,1610612752,NYK,86,1610612739,CLE,92,,,,False
2003-2004,2004,0020300803,20040222/SACTOR,Final,2004-02-22,19:00,1610612761,TOR,81,1610612758,SAC,96,,,,False
2003-2004,2004,0020300804,20040222/UTAIND,Final,2004-02-22,21:30,1610612754,IND,94,1610612762,UTA,80,,,,False
2003-2004,2004,0020300805,20040222/SASMIN,Final,2004-02-22,21:30,1610612750,MIN,92,1610612759,SAS,94,,,,False
2003-2004,2004,0020300806,20040222/MILWAS,Final,2004-02-23,00:00,1610612764,WAS,85,1610612749,MIL,113,,,,False
2003-2004,2004,0020300807,20040222/ORLDET,Final,2004-02-23,00:00,1610612765,DET,86,1610612753,ORL,87,,,,False
2003-2004,2004,0020300808,20040222/LALPHX,Final,2004-02-23,01:00,1610612756,PHX,92,1610612747,LAL,104,,,,False
2003-2004,2004,0020300809,20040222/ATLHOU,Final/OT3,2004-02-23,02:30,1610612745,HOU,123,1610612737,ATL,121,,,,False
2003-2004,2004,0020300810,20040222/BOSSEA,Final,2004-02-23,03:00,1610612760,SEA,108,1610612738,BOS,87,,,,False
2003-2004,2004,0020300811,20040223/DETPHI,Final,2004-02-24,01:00,1610612755,PHI,66,1610612765,DET,76,,,,False
2003-2004,2004,0020300812,20040223/NOHCLE,Final,2004-02-24,01:00,1610612739,CLE,104,1610612740,NOH,100,,,,False
2003-2004,2004,0020300813,20040223/PORMIA,Final,2004-02-24,01:30,1610612748,MIA,81,1610612757,POR,89,,,,False
2003-2004,2004,0020300814,20040223/DENMEM,Final,2004-02-24,02:00,1610612763,MEM,109,1610612743,DEN,106,,,,False
2003-2004,2004,0020300815,20040224/PORORL,Final/OT,2004-02-25,01:00,1610612753,ORL,91,1610612757,POR,94,,,,False
2003-2004,2004,0020300816,20040224/GSWIND,Final,2004-02-25,01:00,1610612754,IND,107,1610612744,GSW,96,,,,False
2003-2004,2004,0020300817,20040224/TORNJN,Final,2004-02-25,01:30,1610612751,NJN,86,1610612761,TOR,74,,,,False
2003-2004,2004,0020300818,20040224/PHIATL,Final,2004-02-25,01:30,1610612737,ATL,86,1610612755,PHI,75,,,,False
2003-2004,2004,0020300819,20040224/MINMIL,Final,2004-02-25,02:00,1610612749,MIL,102,1610612750,MIN,108,,,,False
2003-2004,2004,0020300820,20040224/LACDAL,Final,2004-02-25,02:30,1610612742,DAL,116,1610612746,LAC,91,,,,False
2003-2004,2004,0020300821,20040224/HOUSAS,Final,2004-02-25,02:30,1610612759,SAS,86,1610612745,HOU,77,,,,False
2003-2004,2004,0020300822,20040224/SEAUTA,Final,2004-02-25,03:00,1610612762,UTA,99,1610612760,SEA,86,,,,False
2003-2004,2004,0020300823,20040224/NYKSAC,Final,2004-02-25,04:00,1610612758,SAC,107,1610612752,NYK,99,,,,False
2003-2004,2004,0020300824,20040225/MILBOS,Final,2004-02-26,01:00,1610612738,BOS,104,1610612749,MIL,106,,,,False
2003-2004,2004,0020300825,20040225/WASTOR,Final,2004-02-26,01:00,1610612761,TOR,74,1610612764,WAS,76,,,,False
2003-2004,2004,0020300826,20040225/LACNOH,Final,2004-02-26,02:00,1610612740,NOH,99,1610612746,LAC,93,,,,False
2003-2004,2004,0020300827,20040225/NJNMIN,Final,2004-02-26,02:00,1610612750,MIN,81,1610612751,NJN,68,,,,False
2003-2004,2004,0020300828,20040225/GSWMEM,Final,2004-02-26,02:00,1610612763,MEM,92,1610612744,GSW,99,,,,False
2003-2004,2004,0020300829,20040225/DETCHI,Final,2004-02-26,02:30,1610612741,CHI,88,1610612765,DET,107,,,,False
2003-2004,2004,0020300830,20040225/CLEHOU,Final,2004-02-26,03:00,1610612745,HOU,90,1610612739,CLE,84,,,,False
2003-2004,2004,0020300831,20040225/LALDEN,Final,2004-02-26,03:00,1610612743,DEN,111,1610612747,LAL,112,,,,False
2003-2004,2004,0020300832,20040225/NYKPHX,Final,2004-02-26,03:00,1610612756,PHX,113,1610612752,NYK,95,,,,False
2003-2004,2004,0020300833,20040225/UTASEA,Final/OT,2004-02-26,04:00,1610612760,SEA,92,1610612762,UTA,93,,,,False
2003-2004,2004,0020300834,20040226/CHIWAS,Final,2004-02-27,01:00,1610612764,WAS,95,1610612741,CHI,87,,,,False
2003-2004,2004,0020300835,20040226/SASDAL,Final,2004-02-27,02:00,1610612742,DAL,115,1610612759,SAS,91,,,,False
2003-2004,2004,0020300836,20040226/SACLAL,Final,2004-02-27,04:30,1610612747,LAL,101,1610612758,SAC,103,,,,False
2003-2004,2004,0020300837,20040227/TORBOS,Final,2004-02-28,01:00,1610612738,BOS,88,1610612761,TOR,75,,,,False
2003-2004,2004,0020300838,20040227/CLEORL,Final/OT,2004-02-28,01:00,1610612753,ORL,107,1610612739,CLE,112,,,,False
2003-2004,2004,0020300839,20040227/INDNOH,Final,2004-02-28,02:00,1610612740,NOH,89,1610612754,IND,77,,,,False
2003-2004,2004,0020300840,20040227/ATLDET,Final,2004-02-28,02:00,1610612765,DET,105,1610612737,ATL,83,,,,False
2003-2004,2004,0020300841,20040227/GSWMIN,Final,2004-02-28,02:00,1610612750,MIN,91,1610612744,GSW,81,,,,False
2003-2004,2004,0020300842,20040227/MEMMIL,Final,2004-02-28,02:30,1610612749,MIL,106,1610612763,MEM,104,,,,False
2003-2004,2004,0020300843,20040227/PORHOU,Final,2004-02-28,02:30,1610612745,HOU,89,1610612757,POR,85,,,,False
2003-2004,2004,0020300844,20040227/PHXSEA,Final,2004-02-28,03:30,1610612760,SEA,99,1610612756,PHX,104,,,,False
2003-2004,2004,0020300845,20040227/UTASAC,Final,2004-02-28,04:00,1610612758,SAC,97,1610612762,UTA,102,,,,False
2003-2004,2004,0020300846,20040227/NYKLAC,Final,2004-02-28,04:30,1610612746,LAC,96,1610612752,NYK,94,,,,False
2003-2004,2004,0020300847,20040228/MIANJN,Final,2004-02-28,19:00,1610612751,NJN,92,1610612748,MIA,86,,,,False
2003-2004,2004,0020300848,20040228/LALWAS,Final,2004-02-28,21:30,1610612764,WAS,110,1610612747,LAL,122,,,,False
2003-2004,2004,0020300849,20040228/ORLATL,Final,2004-02-29,01:00,1610612737,ATL,99,1610612753,ORL,104,,,,False
2003-2004,2004,0020300850,20040228/PHIIND,Final,2004-02-29,02:00,1610612754,IND,81,1610612755,PHI,74,,,,False
2003-2004,2004,0020300851,20040228/NOHMEM,Final,2004-02-29,02:00,1610612763,MEM,97,1610612740,NOH,92,,,,False
2003-2004,2004,0020300852,20040228/GSWCHI,Final/OT,2004-02-29,02:30,1610612741,CHI,87,1610612744,GSW,81,,,,False
2003-2004,2004,0020300853,20040228/PORDAL,Final,2004-02-29,02:30,1610612742,DAL,111,1610612757,POR,91,,,,False
2003-2004,2004,0020300854,20040228/DENSAS,Final,2004-02-29,02:30,1610612759,SAS,117,1610612743,DEN,92,,,,False
2003-2004,2004,0020300855,20040229/BOSTOR,Final,2004-02-29,19:00,1610612761,TOR,82,1610612738,BOS,91,,,,False
2003-2004,2004,0020300856,20040229/MIAMIL,Final,2004-02-29,21:00,1610612749,MIL,108,1610612748,MIA,104,,,,False
2003-2004,2004,0020300857,20040229/SEAHOU,Final,2004-02-29,22:00,1610612745,HOU,80,1610612760,SEA,97,,,,False
2003-2004,2004,0020300858,20040229/LALNJN,Final,2004-03-01,00:00,1610612751,NJN,83,1610612747,LAL,100,,,,False
2003-2004,2004,0020300859,20040229/MINPHI,Final,2004-03-01,01:30,1610612755,PHI,81,1610612750,MIN,74,,,,False
2003-2004,2004,0020300860,20040229/NYKDEN,Final,2004-03-01,03:00,1610612743,DEN,107,1610612752,NYK,96,,,,False
2003-2004,2004,0020300861,20040229/PHXSAC,Final,2004-03-01,03:00,1610612758,SAC,108,1610612756,PHX,94,,,,False
2003-2004,2004,0020300862,20040229/DETLAC,Final,2004-02-29,21:30,1610612746,LAC,88,1610612765,DET,100,,,,False
2003-2004,2004,0020300863,20040301/ORLBOS,Final,2004-03-02,01:00,1610612738,BOS,117,1610612753,ORL,96,,,,False
2003-2004,2004,0020300864,20040301/NOHWAS,Final/OT,2004-03-02,01:00,1610612764,WAS,111,1610612740,NOH,106,,,,False
2003-2004,2004,0020300865,20040301/CLECHI,Final,2004-03-02,02:30,1610612741,CHI,92,1610612739,CLE,81,,,,False
2003-2004,2004,0020300866,20040301/MEMSAS,Final,2004-03-02,02:30,1610612759,SAS,80,1610612763,MEM,81,,,,False
2003-2004,2004,0020300867,20040301/DETUTA,Final,2004-03-02,03:00,1610612762,UTA,94,1610612765,DET,86,,,,False
2003-2004,2004,0020300868,20040302/TORMIA,Final,2004-03-03,01:30,1610612748,MIA,86,1610612761,TOR,89,,,,False
2003-2004,2004,0020300869,20040302/LALATL,Final,2004-03-03,01:30,1610612737,ATL,94,1610612747,LAL,93,,,,False
2003-2004,2004,0020300870,20040302/SEADAL,Final,2004-03-03,02:30,1610612742,DAL,107,1610612760,SEA,96,,,,False
2003-2004,2004,0020300871,20040302/NJNDEN,Final,2004-03-03,03:00,1610612743,DEN,91,1610612751,NJN,95,,,,False
2003-2004,2004,0020300872,20040302/LACSAC,Final,2004-03-03,04:00,1610612758,SAC,113,1610612746,LAC,106,,,,False
2003-2004,2004,0020300873,20040302/INDGSW,Final,2004-03-03,04:30,1610612744,GSW,88,1610612754,IND,96,,,,False
2003-2004,2004,0020300491,20040303/MEMPOR,Final,2004-03-04,04:00,1610612757,POR,88,1610612763,MEM,97,,,,False
2003-2004,2004,0020300874,20040303/TORWAS,Final,2004-03-04,01:00,1610612764,WAS,84,1610612761,TOR,70,,,,False
2003-2004,2004,0020300875,20040303/MILORL,Final,2004-03-04,01:00,1610612753,ORL,97,1610612749,MIL,105,,,,False
2003-2004,2004,0020300876,20040303/ATLCLE,Final,2004-03-04,01:00,1610612739,CLE,112,1610612737,ATL,80,,,,False
2003-2004,2004,0020300877,20040303/PHINYK,Final,2004-03-04,01:30,1610612752,NYK,88,1610612755,PHI,77,,,,False
2003-2004,2004,0020300878,20040303/CHINOH,Final/OT,2004-03-04,02:00,1610612740,NOH,100,1610612741,CHI,97,,,,False
2003-2004,2004,0020300879,20040303/DALMIN,Final,2004-03-04,02:00,1610612750,MIN,121,1610612742,DAL,97,,,,False
2003-2004,2004,0020300880,20040303/SEASAS,Final,2004-03-04,02:30,1610612759,SAS,88,1610612760,SEA,84,,,,False
2003-2004,2004,0020300881,20040303/LALHOU,Final,2004-03-04,03:00,1610612745,HOU,93,1610612747,LAL,96,,,,False
2003-2004,2004,0020300882,20040303/NJNPHX,Final,2004-03-04,03:00,1610612756,PHX,87,1610612751,NJN,74,,,,False
2003-2004,2004,0020300883,20040303/INDLAC,Final/OT,2004-03-04,04:30,1610612746,LAC,94,1610612754,IND,101,,,,False
2003-2004,2004,0020300884,20040304/SACPHI,Final,2004-03-05,01:30,1610612755,PHI,105,1610612758,SAC,114,,,,False
2003-2004,2004,0020300885,20040304/MILMIA,Final,2004-03-05,01:30,1610612748,MIA,104,1610612749,MIL,98,,,,False
2003-2004,2004,0020300886,20040304/DETPOR,Final,2004-03-05,04:00,1610612757,POR,68,1610612765,DET,83,,,,False
2003-2004,2004,0020300887,20040305/ATLORL,Final,2004-03-06,01:00,1610612753,ORL,101,1610612737,ATL,96,,,,False
2003-2004,2004,0020300888,20040305/NYKTOR,Final,2004-03-06,01:00,1610612761,TOR,103,1610612752,NYK,109,,,,False
2003-2004,2004,0020300889,20040305/WASBOS,Final,2004-03-06,01:30,1610612738,BOS,94,1610612764,WAS,90,,,,False
2003-2004,2004,0020300890,20040305/CLENOH,Final,2004-03-06,02:00,1610612740,NOH,85,1610612739,CLE,88,,,,False
2003-2004,2004,0020300891,20040305/HOUMIN,Final,2004-03-06,02:00,1610612750,MIN,109,1610612745,HOU,112,,,,False
2003-2004,2004,0020300892,20040305/DALSAS,Final,2004-03-06,02:00,1610612759,SAS,113,1610612742,DAL,100,,,,False
2003-2004,2004,0020300893,20040305/INDUTA,Final,2004-03-06,03:00,1610612762,UTA,88,1610612754,IND,96,,,,False
2003-2004,2004,0020300894,20040305/SEALAL,Final,2004-03-06,04:30,1610612747,LAL,99,1610612760,SEA,91,,,,False
2003-2004,2004,0020300895,20040305/NJNGSW,Final,2004-03-06,04:30,1610612744,GSW,74,1610612751,NJN,78,,,,False
2003-2004,2004,0020300896,20040306/SACMIA,Final,2004-03-06,21:30,1610612748,MIA,102,1610612758,SAC,96,,,,False
2003-2004,2004,0020300897,20040306/MEMLAC,Final,2004-03-06,21:30,1610612746,LAC,92,1610612763,MEM,98,,,,False
2003-2004,2004,0020300898,20040306/CHIPHI,Final,2004-03-07,01:00,1610612755,PHI,97,1610612741,CHI,88,,,,False
2003-2004,2004,0020300899,20040306/MILCLE,Final,2004-03-07,01:30,1610612739,CLE,106,1610612749,MIL,97,,,,False
2003-2004,2004,0020300900,20040306/DETDEN,Final,2004-03-07,03:00,1610612743,DEN,66,1610612765,DET,97,,,,False
2003-2004,2004,0020300901,20040306/SASPHX,Final,2004-03-07,03:00,1610612756,PHX,86,1610612759,SAS,107,,,,False
2003-2004,2004,0020300902,20040306/UTAPOR,Final,2004-03-07,04:00,1610612757,POR,91,1610612762,UTA,70,,,,False
2003-2004,2004,0020300903,20040307/NOHTOR,Final,2004-03-07,19:00,1610612761,TOR,84,1610612740,NOH,76,,,,False
2003-2004,2004,0020300904,20040307/DALHOU,Final,2004-03-07,19:00,1610612745,HOU,101,1610612742,DAL,98,,,,False
2003-2004,2004,0020300905,20040307/NYKWAS,Final,2004-03-07,20:00,1610612764,WAS,86,1610612752,NYK,99,,,,False
2003-2004,2004,0020300906,20040307/NJNLAL,Final,2004-03-07,21:30,1610612747,LAL,94,1610612751,NJN,88,,,,False
2003-2004,2004,0020300907,20040307/SACORL,Final,2004-03-08,00:00,1610612753,ORL,90,1610612758,SAC,107,,,,False
2003-2004,2004,0020300908,20040307/BOSMIN,Final,2004-03-08,01:30,1610612750,MIN,77,1610612738,BOS,80,,,,False
2003-2004,2004,0020300909,20040307/MEMGSW,Final,2004-03-08,03:00,1610612744,GSW,85,1610612763,MEM,95,,,,False
2003-2004,2004,0020300910,20040307/DETSEA,Final,2004-03-08,03:00,1610612760,SEA,65,1610612765,DET,86,,,,False
2003-2004,2004,0020300911,20040307/PORLAC,Final,2004-03-08,03:30,1610612746,LAC,91,1610612757,POR,71,,,,False
2003-2004,2004,0020300912,20040307/INDDEN,Final,2004-03-08,04:00,1610612743,DEN,94,1610612754,IND,103,,,,False
2003-2004,2004,0020300913,20040308/MILPHI,Final,2004-03-09,01:00,1610612755,PHI,97,1610612749,MIL,92,,,,False
2003-2004,2004,0020300914,20040308/CLEATL,Final,2004-03-09,01:30,1610612737,ATL,102,1610612739,CLE,108,,,,False
2003-2004,2004,0020300915,20040308/PHXDAL,Final,2004-03-09,02:30,1610612742,DAL,103,1610612756,PHX,90,,,,False
2003-2004,2004,0020300916,20040308/LALUTA,Final,2004-03-09,03:00,1610612762,UTA,88,1610612747,LAL,83,,,,False
2003-2004,2004,0020300917,20040309/DENWAS,Final,2004-03-10,01:00,1610612764,WAS,87,1610612743,DEN,117,,,,False
2003-2004,2004,0020300918,20040309/TORIND,Final/OT,2004-03-10,01:00,1610612754,IND,94,1610612761,TOR,84,,,,False
2003-2004,2004,0020300919,20040309/BOSNYK,Final,2004-03-10,01:30,1610612752,NYK,84,1610612738,BOS,87,,,,False
2003-2004,2004,0020300920,20040309/ORLMIA,Final,2004-03-10,01:30,1610612748,MIA,100,1610612753,ORL,89,,,,False
2003-2004,2004,0020300921,20040309/SASMEM,Final,2004-03-10,02:00,1610612763,MEM,94,1610612759,SAS,88,,,,False
2003-2004,2004,0020300922,20040309/PHICHI,Final,2004-03-10,02:30,1610612741,CHI,81,1610612755,PHI,89,,,,False
2003-2004,2004,0020300923,20040309/LACHOU,Final,2004-03-10,02:30,1610612745,HOU,90,1610612746,LAC,85,,,,False
2003-2004,2004,0020300924,20040309/GSWSAC,Final,2004-03-10,04:00,1610612758,SAC,96,1610612744,GSW,92,,,,False
2003-2004,2004,0020300925,20040309/MINSEA,Final,2004-03-10,04:00,1610612760,SEA,92,1610612750,MIN,105,,,,False
2003-2004,2004,0020300926,20040310/LALBOS,Final,2004-03-11,01:00,1610612738,BOS,109,1610612747,LAL,117,,,,False
2003-2004,2004,0020300927,20040310/WASORL,Final,2004-03-11,01:00,1610612753,ORL,108,1610612764,WAS,99,,,,False
2003-2004,2004,0020300928,20040310/CLETOR,Final,2004-03-11,01:00,1610612761,TOR,92,1610612739,CLE,106,,,,False
2003-2004,2004,0020300929,20040310/DENNJN,Final,2004-03-11,01:30,1610612751,NJN,98,1610612743,DEN,97,,,,False
2003-2004,2004,0020300930,20040310/CHIDET,Final,2004-03-11,01:30,1610612765,DET,98,1610612741,CHI,65,,,,False
2003-2004,2004,0020300931,20040310/MIANOH,Final,2004-03-11,02:00,1610612740,NOH,95,1610612748,MIA,84,,,,False
2003-2004,2004,0020300932,20040310/ATLMIL,Final,2004-03-11,02:00,1610612749,MIL,94,1610612737,ATL,80,,,,False
2003-2004,2004,0020300933,20040310/LACSAS,Final,2004-03-11,02:30,1610612759,SAS,108,1610612746,LAC,90,,,,False
2003-2004,2004,0020300934,20040310/GSWUTA,Final,2004-03-11,03:00,1610612762,UTA,91,1610612744,GSW,77,,,,False
2003-2004,2004,0020300935,20040310/MINPOR,Final,2004-03-11,04:00,1610612757,POR,92,1610612750,MIN,79,,,,False
2003-2004,2004,0020300936,20040311/NOHHOU,Final,2004-03-12,01:30,1610612745,HOU,97,1610612740,NOH,86,,,,False
2003-2004,2004,0020300937,20040311/DALSAC,Final,2004-03-12,04:00,1610612758,SAC,120,1610612742,DAL,102,,,,False
2003-2004,2004,0020300938,20040312/NYKPHI,Final/OT2,2004-03-13,01:00,1610612755,PHI,99,1610612752,NYK,94,,,,False
2003-2004,2004,0020300939,20040312/INDBOS,Final,2004-03-13,01:30,1610612738,BOS,81,1610612754,IND,99,,,,False
2003-2004,2004,0020300940,20040312/CHINJN,Final,2004-03-13,01:30,1610612751,NJN,88,1610612741,CHI,76,,,,False
2003-2004,2004,0020300941,20040312/SEAMIA,Final,2004-03-13,01:30,1610612748,MIA,82,1610612760,SEA,74,,,,False
2003-2004,2004,0020300942,20040312/WASATL,Final,2004-03-13,01:30,1610612737,ATL,138,1610612764,WAS,124,,,,False
2003-2004,2004,0020300943,20040312/LALMIN,Final,2004-03-13,02:00,1610612750,MIN,96,1610612747,LAL,86,,,,False
2003-2004,2004,0020300944,20040312/LACMEM,Final,2004-03-13,02:00,1610612763,MEM,98,1610612746,LAC,89,,,,False
2003-2004,2004,0020300945,20040312/DENMIL,Final,2004-03-13,02:30,1610612749,MIL,111,1610612743,DEN,117,,,,False
2003-2004,2004,0020300946,20040312/GSWSAS,Final,2004-03-13,02:30,1610612759,SAS,99,1610612744,GSW,74,,,,False
2003-2004,2004,0020300947,20040312/UTAPHX,Final,2004-03-13,03:00,1610612756,PHX,90,1610612762,UTA,99,,,,False
2003-2004,2004,0020300948,20040312/SACPOR,Final,2004-03-13,04:00,1610612757,POR,83,1610612758,SAC,81,,,,False
2003-2004,2004,0020300949,20040313/BOSWAS,Final,2004-03-14,01:00,1610612764,WAS,102,1610612738,BOS,111,,,,False
2003-2004,2004,0020300950,20040313/SEAORL,Final,2004-03-14,01:00,1610612753,ORL,101,1610612760,SEA,115,,,,False
2003-2004,2004,0020300951,20040313/GSWNOH,Final,2004-03-14,02:00,1610612740,NOH,102,1610612744,GSW,84,,,,False
2003-2004,2004,0020300952,20040313/LALCHI,Final,2004-03-14,02:30,1610612741,CHI,81,1610612747,LAL,88,,,,False
2003-2004,2004,0020300953,20040313/MEMHOU,Final,2004-03-14,02:30,1610612745,HOU,88,1610612763,MEM,80,,,,False
2003-2004,2004,0020300954,20040313/DALPHX,Final,2004-03-14,03:00,1610612756,PHX,90,1610612742,DAL,113,,,,False
2003-2004,2004,0020300955,20040314/ATLTOR,Final,2004-03-14,19:00,1610612761,TOR,101,1610612737,ATL,84,,,,False
2003-2004,2004,0020300956,20040314/PHIDET,Final,2004-03-14,19:00,1610612765,DET,85,1610612755,PHI,69,,,,False
2003-2004,2004,0020300957,20040314/INDCLE,Final,2004-03-14,21:00,1610612739,CLE,107,1610612754,IND,104,,,,False
2003-2004,2004,0020300958,20040314/NYKMIL,Final,2004-03-14,21:30,1610612749,MIL,100,1610612752,NYK,103,,,,False
2003-2004,2004,0020300959,20040314/PORMIN,Final,2004-03-14,21:30,1610612750,MIN,83,1610612757,POR,92,,,,False
2003-2004,2004,0020300960,20040314/SASSAC,Final,2004-03-14,21:30,1610612758,SAC,101,1610612759,SAS,87,,,,False
2003-2004,2004,0020300961,20040314/NJNMIA,Final,2004-03-15,00:00,1610612748,MIA,104,1610612751,NJN,95,,,,False
2003-2004,2004,0020300962,20040314/UTADEN,Final,2004-03-15,04:00,1610612743,DEN,102,1610612762,UTA,75,,,,False
2003-2004,2004,0020300963,20040314/DALLAC,Final,2004-03-15,04:30,1610612746,LAC,88,1610612742,DAL,101,,,,False
2003-2004,2004,0020300964,20040315/PHXHOU,Final/OT,2004-03-16,01:30,1610612745,HOU,97,1610612756,PHX,99,,,,False
2003-2004,2004,0020300965,20040315/SASGSW,Final,2004-03-16,04:00,1610612744,GSW,97,1610612759,SAS,80,,,,False
2003-2004,2004,0020300966,20040315/ORLLAL,Final/OT,2004-03-16,04:30,1610612747,LAL,113,1610612753,ORL,110,,,,False
2003-2004,2004,0020300967,20040316/CHICLE,Final,2004-03-17,01:00,1610612739,CLE,111,1610612741,CHI,87,,,,False
2003-2004,2004,0020300968,20040316/WASNYK,Final/OT,2004-03-17,01:30,1610612752,NYK,114,1610612764,WAS,110,,,,False
2003-2004,2004,0020300969,20040316/SACNJN,Final,2004-03-17,01:30,1610612751,NJN,94,1610612758,SAC,77,,,,False
2003-2004,2004,0020300970,20040316/NOHMIA,Final,2004-03-17,01:30,1610612748,MIA,96,1610612740,NOH,83,,,,False
2003-2004,2004,0020300971,20040316/SEAATL,Final,2004-03-17,01:30,1610612737,ATL,110,1610612760,SEA,118,,,,False
2003-2004,2004,0020300972,20040316/PORMIL,Final,2004-03-17,02:00,1610612749,MIL,99,1610612757,POR,100,,,,False
2003-2004,2004,0020300973,20040316/PHIMEM,Final,2004-03-17,02:00,1610612763,MEM,82,1610612755,PHI,79,,,,False
2003-2004,2004,0020300974,20040316/LACPHX,Final,2004-03-17,03:00,1610612756,PHX,98,1610612746,LAC,110,,,,False
2003-2004,2004,0020300975,20040317/DENBOS,Final,2004-03-18,01:00,1610612738,BOS,104,1610612743,DEN,100,,,,False
2003-2004,2004,0020300976,20040317/SACWAS,Final,2004-03-18,01:00,1610612764,WAS,114,1610612758,SAC,108,,,,False
2003-2004,2004,0020300977,20040317/PORIND,Final,2004-03-18,01:00,1610612754,IND,80,1610612757,POR,71,,,,False
2003-2004,2004,0020300978,20040317/UTATOR,Final,2004-03-18,01:30,1610612761,TOR,85,1610612762,UTA,81,,,,False
2003-2004,2004,0020300979,20040317/PHINOH,Final,2004-03-18,02:00,1610612740,NOH,104,1610612755,PHI,80,,,,False
2003-2004,2004,0020300980,20040317/ATLDAL,Final,2004-03-18,02:30,1610612742,DAL,110,1610612737,ATL,111,,,,False
2003-2004,2004,0020300981,20040317/LALLAC,Final,2004-03-18,04:30,1610612746,LAC,103,1610612747,LAL,106,,,,False
2003-2004,2004,0020300982,20040317/ORLGSW,Final,2004-03-18,04:30,1610612744,GSW,110,1610612753,ORL,85,,,,False
2003-2004,2004,0020300983,20040318/DETNJN,Final,2004-03-19,01:00,1610612751,NJN,71,1610612765,DET,89,,,,False
2003-2004,2004,0020300984,20040318/SEAMEM,Final,2004-03-19,02:00,1610612763,MEM,94,1610612760,SEA,97,,,,False
2003-2004,2004,0020300985,20040318/MINSAS,Final,2004-03-19,03:30,1610612759,SAS,106,1610612750,MIN,86,,,,False
2003-2004,2004,0020300986,20040319/ATLWAS,Final,2004-03-20,01:00,1610612764,WAS,94,1610612737,ATL,84,,,,False
2003-2004,2004,0020300987,20040319/CHITOR,Final,2004-03-20,01:00,1610612761,TOR,91,1610612741,CHI,96,,,,False
2003-2004,2004,0020300988,20040319/NJNNYK,Final,2004-03-20,01:30,1610612752,NYK,79,1610612751,NJN,65,,,,False
2003-2004,2004,0020300989,20040319/UTACLE,Final,2004-03-20,01:30,1610612739,CLE,88,1610612762,UTA,97,,,,False
2003-2004,2004,0020300990,20040319/SACIND,Final,2004-03-20,01:30,1610612754,IND,92,1610612758,SAC,94,,,,False
2003-2004,2004,0020300991,20040319/SEANOH,Final,2004-03-20,02:00,1610612740,NOH,80,1610612760,SEA,91,,,,False
2003-2004,2004,0020300992,20040319/DENDET,Final,2004-03-20,02:00,1610612765,DET,94,1610612743,DEN,75,,,,False
2003-2004,2004,0020300993,20040319/BOSDAL,Final,2004-03-20,02:00,1610612742,DAL,120,1610612738,BOS,104,,,,False
2003-2004,2004,0020300994,20040319/MINPHX,Final,2004-03-20,03:00,1610612756,PHX,80,1610612750,MIN,93,,,,False
2003-2004,2004,0020300995,20040319/LACLAL,Final,2004-03-20,04:30,1610612747,LAL,106,1610612746,LAC,100,,,,False
2003-2004,2004,0020300996,20040319/HOUGSW,Final,2004-03-20,04:30,1610612744,GSW,90,1610612745,HOU,84,,,,False
2003-2004,2004,0020300997,20040320/PHIMIA,Final,2004-03-20,19:00,1610612748,MIA,101,1610612755,PHI,69,,,,False
2003-2004,2004,0020300998,20040320/UTAATL,Final,2004-03-21,01:00,1610612737,ATL,81,1610612762,UTA,87,,,,False
2003-2004,2004,0020300999,20040320/INDMEM,Final,2004-03-21,02:00,1610612763,MEM,99,1610612754,IND,95,,,,False
2003-2004,2004,0020301000,20040320/NYKCHI,Final,2004-03-21,02:30,1610612741,CHI,87,1610612752,NYK,81,,,,False
2003-2004,2004,0020301001,20040320/BOSSAS,Final,2004-03-21,02:30,1610612759,SAS,103,1610612738,BOS,87,,,,False
2003-2004,2004,0020301002,20040320/MILPHX,Final,2004-03-21,03:00,1610612756,PHX,123,1610612749,MIL,111,,,,False
2003-2004,2004,0020301003,20040320/ORLPOR,Final,2004-03-21,04:00,1610612757,POR,92,1610612753,ORL,73,,,,False
2003-2004,2004,0020301004,20040321/DALNJN,Final,2004-03-21,19:30,1610612751,NJN,98,1610612742,DAL,101,,,,False
2003-2004,2004,0020301005,20040321/DENMIN,Final,2004-03-21,22:00,1610612750,MIN,98,1610612743,DEN,77,,,,False
2003-2004,2004,0020301006,20040321/GSWLAC,Final,2004-03-21,21:30,1610612746,LAC,85,1610612744,GSW,96,,,,False
2003-2004,2004,0020301007,20040321/MIAWAS,Final,2004-03-21,22:00,1610612764,WAS,81,1610612748,MIA,101,,,,False
2003-2004,2004,0020301008,20040321/DETCLE,Final,2004-03-21,22:00,1610612739,CLE,76,1610612765,DET,96,,,,False
2003-2004,2004,0020301009,20040321/TORNOH,Final/OT,2004-03-22,01:00,1610612740,NOH,120,1610612761,TOR,121,,,,False
2003-2004,2004,0020301010,20040321/HOUSAC,Final,2004-03-22,01:30,1610612758,SAC,100,1610612745,HOU,95,,,,False
2003-2004,2004,0020301011,20040321/ORLSEA,Final,2004-03-22,03:00,1610612760,SEA,84,1610612753,ORL,67,,,,False
2003-2004,2004,0020301012,20040321/MILLAL,Final/OT,2004-03-22,03:30,1610612747,LAL,104,1610612749,MIL,103,,,,False
2003-2004,2004,0020301013,20040322/DALPHI,Final,2004-03-23,01:00,1610612755,PHI,107,1610612742,DAL,98,,,,False
2003-2004,2004,0020301014,20040322/CHIIND,Final,2004-03-23,01:00,1610612754,IND,101,1610612741,CHI,77,,,,False
2003-2004,2004,0020301015,20040322/ATLNYK,Final,2004-03-23,01:30,1610612752,NYK,96,1610612737,ATL,84,,,,False
2003-2004,2004,0020301016,20040322/LACDEN,Final,2004-03-23,03:00,1610612743,DEN,102,1610612746,LAC,80,,,,False
2003-2004,2004,0020301017,20040322/HOUPOR,Final/OT,2004-03-23,04:00,1610612757,POR,85,1610612745,HOU,93,,,,False
2003-2004,2004,0020301018,20040323/PHXCLE,Final,2004-03-24,01:00,1610612739,CLE,86,1610612756,PHX,103,,,,False
2003-2004,2004,0020301019,20040323/DETNOH,Final,2004-03-24,02:00,1610612740,NOH,82,1610612765,DET,81,,,,False
2003-2004,2004,0020301020,20040323/SASMIN,Final,2004-03-24,02:00,1610612750,MIN,86,1610612759,SAS,81,,,,False
2003-2004,2004,0020301021,20040323/TORMEM,Final,2004-03-24,02:00,1610612763,MEM,95,1610612761,TOR,86,,,,False
2003-2004,2004,0020301022,20040323/NJNCHI,Final,2004-03-24,02:30,1610612741,CHI,81,1610612751,NJN,84,,,,False
2003-2004,2004,0020301023,20040323/WASUTA,Final,2004-03-24,03:00,1610612762,UTA,85,1610612764,WAS,77,,,,False
2003-2004,2004,0020301024,20040323/MILSAC,Final,2004-03-24,04:00,1610612758,SAC,101,1610612749,MIL,112,,,,False
2003-2004,2004,0020301025,20040324/PHXPHI,Final,2004-03-25,01:00,1610612755,PHI,99,1610612756,PHX,94,,,,False
2003-2004,2004,0020301026,20040324/MIAORL,Final,2004-03-25,01:00,1610612753,ORL,90,1610612748,MIA,105,,,,False
2003-2004,2004,0020301027,20040324/MEMNYK,Final,2004-03-25,01:30,1610612752,NYK,97,1610612763,MEM,111,,,,False
2003-2004,2004,0020301028,20040324/DALIND,Final,2004-03-25,02:00,1610612754,IND,103,1610612742,DAL,99,,,,False
2003-2004,2004,0020301029,20040324/TORHOU,Final/OT,2004-03-25,02:30,1610612745,HOU,90,1610612761,TOR,89,,,,False
2003-2004,2004,0020301030,20040324/MINDEN,Final,2004-03-25,03:00,1610612743,DEN,101,1610612750,MIN,92,,,,False
2003-2004,2004,0020301031,20040324/LACPOR,Final,2004-03-25,04:00,1610612757,POR,91,1610612746,LAC,85,,,,False
2003-2004,2004,0020301032,20040324/UTASEA,Final,2004-03-25,04:00,1610612760,SEA,84,1610612762,UTA,77,,,,False
2003-2004,2004,0020301033,20040324/SACLAL,Final,2004-03-25,04:30,1610612747,LAL,115,1610612758,SAC,91,,,,False
2003-2004,2004,0020301034,20040324/MILGSW,Final,2004-03-25,04:30,1610612744,GSW,98,1610612749,MIL,89,,,,False
2003-2004,2004,0020301035,20040325/NOHATL,Final,2004-03-26,01:30,1610612737,ATL,84,1610612740,NOH,76,,,,False
2003-2004,2004,0020301036,20040325/DETSAS,Final,2004-03-26,02:30,1610612759,SAS,84,1610612765,DET,75,,,,False
2003-2004,2004,0020301037,20040325/WASLAC,Final,2004-03-26,04:30,1610612746,LAC,94,1610612764,WAS,103,,,,False
2003-2004,2004,0020301038,20040326/CLEPHI,Final,2004-03-27,01:00,1610612755,PHI,86,1610612739,CLE,71,,,,False
2003-2004,2004,0020301039,20040326/INDORL,Final,2004-03-27,01:00,1610612753,ORL,92,1610612754,IND,107,,,,False
2003-2004,2004,0020301040,20040326/TORNYK,Final,2004-03-27,01:30,1610612752,NYK,108,1610612761,TOR,101,,,,False
2003-2004,2004,0020301041,20040326/DALMIA,Final/OT,2004-03-27,01:30,1610612748,MIA,119,1610612742,DAL,118,,,,False
2003-2004,2004,0020301042,20040326/NJNBOS,Final,2004-03-27,02:00,1610612738,BOS,102,1610612751,NJN,93,,,,False
2003-2004,2004,0020301043,20040326/PHXNOH,Final,2004-03-27,02:00,1610612740,NOH,94,1610612756,PHX,99,,,,False
2003-2004,2004,0020301044,20040326/HOUMEM,Final,2004-03-27,02:00,1610612763,MEM,109,1610612745,HOU,86,,,,False
2003-2004,2004,0020301045,20040326/MILCHI,Final,2004-03-27,02:30,1610612741,CHI,105,1610612749,MIL,115,,,,False
2003-2004,2004,0020301046,20040326/MINLAL,Final,2004-03-27,04:30,1610612747,LAL,90,1610612750,MIN,73,,,,False
2003-2004,2004,0020301047,20040326/WASGSW,Final,2004-03-27,04:30,1610612744,GSW,99,1610612764,WAS,78,,,,False
2003-2004,2004,0020301048,20040326/DENSEA,Final,2004-03-27,04:30,1610612760,SEA,102,1610612743,DEN,86,,,,False
2003-2004,2004,0020301049,20040327/CHIATL,Final,2004-03-28,01:00,1610612737,ATL,97,1610612741,CHI,88,,,,False
2003-2004,2004,0020301050,20040327/NJNCLE,Final,2004-03-28,01:30,1610612739,CLE,107,1610612751,NJN,104,,,,False
2003-2004,2004,0020301051,20040327/NYKDET,Final,2004-03-28,01:30,1610612765,DET,100,1610612752,NYK,85,,,,False
2003-2004,2004,0020301052,20040327/PHXSAS,Final,2004-03-28,03:30,1610612759,SAS,105,1610612756,PHX,76,,,,False
2003-2004,2004,0020301053,20040327/DENUTA,Final,2004-03-28,04:00,1610612762,UTA,85,1610612743,DEN,83,,,,False
2003-2004,2004,0020301054,20040327/SEAPOR,Final/OT,2004-03-28,05:00,1610612757,POR,115,1610612760,SEA,108,,,,False
2003-2004,2004,0020301055,20040327/MINLAC,Final,2004-03-28,05:30,1610612746,LAC,82,1610612750,MIN,98,,,,False
2003-2004,2004,0020301056,20040328/MEMTOR,Final,2004-03-28,20:00,1610612761,TOR,88,1610612763,MEM,94,,,,False
2003-2004,2004,0020301057,20040328/DALORL,Final,2004-03-28,20:30,1610612753,ORL,88,1610612742,DAL,118,,,,False
2003-2004,2004,0020301058,20040328/HOUMIL,Final/OT,2004-03-28,23:00,1610612749,MIL,107,1610612745,HOU,111,,,,False
2003-2004,2004,0020301059,20040328/MIAIND,Final,2004-03-29,00:00,1610612754,IND,87,1610612748,MIA,80,,,,False
2003-2004,2004,0020301060,20040328/PHIBOS,Final,2004-03-29,01:30,1610612738,BOS,89,1610612755,PHI,65,,,,False
2003-2004,2004,0020301061,20040328/LACGSW,Final,2004-03-29,04:00,1610612744,GSW,105,1610612746,LAC,77,,,,False
2003-2004,2004,0020301062,20040328/WASSAC,Final,2004-03-29,02:00,1610612758,SAC,100,1610612764,WAS,92,,,,False
2003-2004,2004,0020301063,20040328/UTALAL,Final,2004-03-29,04:30,1610612747,LAL,91,1610612762,UTA,84,,,,False
2003-2004,2004,0020301064,20040329/PORNYK,Final,2004-03-30,02:30,1610612752,NYK,92,1610612757,POR,91,,,,False
2003-2004,2004,0020301065,20040329/BOSNJN,Final,2004-03-30,02:30,1610612751,NJN,80,1610612738,BOS,84,,,,False
2003-2004,2004,0020301066,20040329/CHIMIA,Final,2004-03-30,02:30,1610612748,MIA,105,1610612741,CHI,96,,,,False
2003-2004,2004,0020301067,20040329/MEMATL,Final/OT2,2004-03-30,02:30,1610612737,ATL,133,1610612763,MEM,136,,,,False
2003-2004,2004,0020301068,20040329/MINHOU,Final,2004-03-30,03:30,1610612745,HOU,88,1610612750,MIN,94,,,,False
2003-2004,2004,0020301069,20040329/CLESAS,Final,2004-03-30,03:30,1610612759,SAS,101,1610612739,CLE,93,,,,False
2003-2004,2004,0020301070,20040329/WASPHX,Final,2004-03-30,04:00,1610612756,PHX,101,1610612764,WAS,95,,,,False
2003-2004,2004,0020301071,20040330/GSWPHI,Final,2004-03-31,02:00,1610612755,PHI,95,1610612744,GSW,71,,,,False
2003-2004,2004,0020301072,20040330/INDMIL,Final,2004-03-31,03:00,1610612749,MIL,95,1610612754,IND,86,,,,False
2003-2004,2004,0020301073,20040330/CLEDAL,Final,2004-03-31,03:30,1610612742,DAL,126,1610612739,CLE,109,,,,False
2003-2004,2004,0020301074,20040330/SEADEN,Final,2004-03-31,04:00,1610612743,DEN,124,1610612760,SEA,119,,,,False
2003-2004,2004,0020301075,20040330/NOHLAL,Final,2004-03-31,05:30,1610612747,LAL,107,1610612740,NOH,88,,,,False
2003-2004,2004,0020301076,20040331/PORBOS,Final,2004-04-01,02:00,1610612738,BOS,98,1610612757,POR,105,,,,False
2003-2004,2004,0020301077,20040331/NJNWAS,Final/OT,2004-04-01,02:00,1610612764,WAS,99,1610612751,NJN,103,,,,False
2003-2004,2004,0020301078,20040331/CHIORL,Final,2004-04-01,02:00,1610612753,ORL,91,1610612741,CHI,109,,,,False
2003-2004,2004,0020301079,20040331/MILIND,Final,2004-04-01,02:00,1610612754,IND,111,1610612749,MIL,78,,,,False
2003-2004,2004,0020301080,20040331/MIAATL,Final,2004-04-01,02:30,1610612737,ATL,97,1610612748,MIA,100,,,,False
2003-2004,2004,0020301081,20040331/GSWTOR,Final,2004-04-01,02:30,1610612761,TOR,78,1610612744,GSW,85,,,,False
2003-2004,2004,0020301082,20040331/LACDET,Final,2004-04-01,02:30,1610612765,DET,108,1610612746,LAC,99,,,,False
2003-2004,2004,0020301083,20040331/SEAMIN,Final,2004-04-01,03:00,1610612750,MIN,90,1610612760,SEA,83,,,,False
2003-2004,2004,0020301084,20040331/SACSAS,Final,2004-04-01,03:30,1610612759,SAS,107,1610612758,SAC,89,,,,False
2003-2004,2004,0020301085,20040331/NOHUTA,Final,2004-04-01,04:00,1610612762,UTA,89,1610612740,NOH,76,,,,False
2003-2004,2004,0020301086,20040401/PORPHI,Final,2004-04-02,02:00,1610612755,PHI,82,1610612757,POR,88,,,,False
2003-2004,2004,0020301087,20040401/SACDAL,Final,2004-04-02,03:00,1610612742,DAL,127,1610612758,SAC,117,,,,False
2003-2004,2004,0020301088,20040401/HOULAL,Final,2004-04-02,05:30,1610612747,LAL,93,1610612745,HOU,85,,,,False
2003-2004,2004,0020301089,20040402/ATLORL,Final,2004-04-03,02:00,1610612753,ORL,87,1610612737,ATL,95,,,,False
2003-2004,2004,0020301090,20040402/GSWBOS,Final,2004-04-03,02:30,1610612738,BOS,111,1610612744,GSW,106,,,,False
2003-2004,2004,0020301091,20040402/TORIND,Final,2004-04-03,02:30,1610612754,IND,84,1610612761,TOR,64,,,,False
2003-2004,2004,0020301092,20040402/NYKNJN,Final,2004-04-03,03:00,1610612751,NJN,108,1610612752,NYK,83,,,,False
2003-2004,2004,0020301093,20040402/MIADET,Final,2004-04-03,03:00,1610612765,DET,92,1610612748,MIA,84,,,,False
2003-2004,2004,0020301094,20040402/WASMIN,Final,2004-04-03,03:00,1610612750,MIN,91,1610612764,WAS,73,,,,False
2003-2004,2004,0020301095,20040402/PHXMEM,Final,2004-04-03,03:00,1610612763,MEM,109,1610612756,PHX,99,,,,False
2003-2004,2004,0020301096,20040402/LACCHI,Final/OT,2004-04-03,03:30,1610612741,CHI,114,1610612746,LAC,110,,,,False
2003-2004,2004,0020301097,20040402/CLEMIL,Final,2004-04-03,03:30,1610612749,MIL,107,1610612739,CLE,89,,,,False
2003-2004,2004,0020301098,20040402/HOUDEN,Final,2004-04-03,04:00,1610612743,DEN,110,1610612745,HOU,100,,,,False
2003-2004,2004,0020301099,20040402/SASUTA,Final,2004-04-03,04:00,1610612762,UTA,81,1610612759,SAS,94,,,,False
2003-2004,2004,0020301100,20040402/LALSEA,Final,2004-04-03,05:30,1610612760,SEA,86,1610612747,LAL,97,,,,False
2003-2004,2004,0020301101,20040403/NYKPHI,Final,2004-04-04,02:00,1610612755,PHI,75,1610612752,NYK,86,,,,False
2003-2004,2004,0020301102,20040403/GSWCLE,Final,2004-04-04,02:30,1610612739,CLE,100,1610612744,GSW,103,,,,False
2003-2004,2004,0020301103,20040403/MIACHI,Final,2004-04-04,03:30,1610612741,CHI,83,1610612748,MIA,97,,,,False
2003-2004,2004,0020301104,20040403/PHXDAL,Final,2004-04-04,03:30,1610612742,DAL,124,1610612756,PHX,103,,,,False
2003-2004,2004,0020301105,20040403/NOHPOR,Final,2004-04-04,05:00,1610612757,POR,81,1610612740,NOH,94,,,,False
2003-2004,2004,0020301106,20040404/MILTOR,Final,2004-04-04,19:00,1610612761,TOR,83,1610612749,MIL,90,,,,False
2003-2004,2004,0020301107,20040404/SACHOU,Final,2004-04-04,19:00,1610612745,HOU,94,1610612758,SAC,99,,,,False
2003-2004,2004,0020301108,20040404/BOSWAS,Final,2004-04-04,20:00,1610612764,WAS,112,1610612738,BOS,102,,,,False
2003-2004,2004,0020301109,20040404/MEMMIN,Final,2004-04-04,21:30,1610612750,MIN,90,1610612763,MEM,82,,,,False
2003-2004,2004,0020301110,20040404/SASLAL,Final,2004-04-04,21:30,1610612747,LAL,89,1610612759,SAS,95,,,,False
2003-2004,2004,0020301111,20040404/INDDET,Final,2004-04-04,19:00,1610612765,DET,79,1610612754,IND,61,,,,False
2003-2004,2004,0020301112,20040404/ATLNJN,Final,2004-04-05,02:00,1610612751,NJN,106,1610612737,ATL,89,,,,False
2003-2004,2004,0020301113,20040404/NOHSEA,Final,2004-04-05,03:00,1610612760,SEA,96,1610612740,NOH,88,,,,False
2003-2004,2004,0020301114,20040404/UTALAC,Final,2004-04-05,03:30,1610612746,LAC,92,1610612762,UTA,97,,,,False
2003-2004,2004,0020300501,20040405/MEMUTA,Final,2004-04-06,03:00,1610612762,UTA,92,1610612763,MEM,81,,,,False
2003-2004,2004,0020301115,20040406/TORCLE,Final,2004-04-07,01:30,1610612739,CLE,86,1610612761,TOR,87,,,,False
2003-2004,2004,0020301116,20040406/MILNJN,Final,2004-04-07,01:30,1610612751,NJN,98,1610612749,MIL,103,,,,False
2003-2004,2004,0020301117,20040406/PHIATL,Final/OT,2004-04-07,01:30,1610612737,ATL,100,1610612755,PHI,103,,,,False
2003-2004,2004,0020301118,20040406/ORLDET,Final,2004-04-07,01:30,1610612765,DET,102,1610612753,ORL,86,,,,False
2003-2004,2004,0020301119,20040406/NYKIND,Final,2004-04-07,02:00,1610612754,IND,107,1610612752,NYK,86,,,,False
2003-2004,2004,0020301120,20040406/SEADAL,Final,2004-04-07,02:30,1610612742,DAL,118,1610612760,SEA,108,,,,False
2003-2004,2004,0020301121,20040406/PORLAL,Final,2004-04-07,04:00,1610612747,LAL,80,1610612757,POR,91,,,,False
2003-2004,2004,0020301122,20040406/NOHSAC,Final,2004-04-07,04:00,1610612758,SAC,105,1610612740,NOH,91,,,,False
2003-2004,2004,0020301123,20040406/HOUGSW,Final,2004-04-07,04:30,1610612744,GSW,97,1610612745,HOU,90,,,,False
2003-2004,2004,0020301124,20040407/CHINYK,Final,2004-04-08,01:30,1610612752,NYK,96,1610612741,CHI,82,,,,False
2003-2004,2004,0020301125,20040407/BOSMIA,Final,2004-04-08,01:30,1610612748,MIA,104,1610612738,BOS,101,,,,False
2003-2004,2004,0020301126,20040407/INDTOR,Final,2004-04-08,01:30,1610612761,TOR,90,1610612754,IND,94,,,,False
2003-2004,2004,0020301127,20040407/WASMIL,Final,2004-04-08,02:00,1610612749,MIL,116,1610612764,WAS,107,,,,False
2003-2004,2004,0020301128,20040407/CLEMEM,Final,2004-04-08,02:00,1610612763,MEM,92,1610612739,CLE,74,,,,False
2003-2004,2004,0020301129,20040407/SEASAS,Final,2004-04-08,02:30,1610612759,SAS,96,1610612760,SEA,75,,,,False
2003-2004,2004,0020301130,20040407/DENPHX,Final,2004-04-08,04:00,1610612756,PHX,96,1610612743,DEN,111,,,,False
2003-2004,2004,0020301131,20040407/GSWPOR,Final,2004-04-08,04:00,1610612757,POR,87,1610612744,GSW,81,,,,False
2003-2004,2004,0020301132,20040407/HOULAC,Final,2004-04-08,04:30,1610612746,LAC,79,1610612745,HOU,102,,,,False
2003-2004,2004,0020301133,20040408/ORLNJN,Final,2004-04-09,01:30,1610612751,NJN,101,1610612753,ORL,81,,,,False
2003-2004,2004,0020301134,20040408/UTADAL,Final,2004-04-09,02:30,1610612742,DAL,117,1610612762,UTA,94,,,,False
2003-2004,2004,0020301135,20040408/MINSAC,Final,2004-04-09,04:00,1610612758,SAC,86,1610612750,MIN,94,,,,False
2003-2004,2004,0020301136,20040409/WASPHI,Final,2004-04-10,01:00,1610612755,PHI,80,1610612764,WAS,83,,,,False
2003-2004,2004,0020301137,20040409/CLEMIA,Final,2004-04-10,01:30,1610612748,MIA,106,1610612739,CLE,91,,,,False
2003-2004,2004,0020301138,20040409/BOSNOH,Final,2004-04-10,02:00,1610612740,NOH,89,1610612738,BOS,80,,,,False
2003-2004,2004,0020301139,20040409/TORDET,Final,2004-04-10,02:00,1610612765,DET,74,1610612761,TOR,66,,,,False
2003-2004,2004,0020301140,20040409/PORSAS,Final,2004-04-10,02:30,1610612759,SAS,84,1610612757,POR,74,,,,False
2003-2004,2004,0020301141,20040409/NJNIND,Final,2004-04-10,02:00,1610612754,IND,90,1610612751,NJN,80,,,,False
2003-2004,2004,0020301142,20040409/ATLCHI,Final,2004-04-10,02:30,1610612741,CHI,101,1610612737,ATL,116,,,,False
2003-2004,2004,0020301143,20040409/DENHOU,Final,2004-04-10,02:30,1610612745,HOU,106,1610612743,DEN,103,,,,False
2003-2004,2004,0020301144,20040409/SACPHX,Final,2004-04-10,04:30,1610612756,PHX,101,1610612758,SAC,96,,,,False
2003-2004,2004,0020301145,20040409/MEMLAL,Final,2004-04-10,04:30,1610612747,LAL,103,1610612763,MEM,95,,,,False
2003-2004,2004,0020301146,20040409/MINGSW,Final,2004-04-10,04:30,1610612744,GSW,74,1610612750,MIN,92,,,,False
2003-2004,2004,0020301147,20040410/DALSEA,Final,2004-04-10,21:30,1610612760,SEA,119,1610612742,DAL,99,,,,False
2003-2004,2004,0020301148,20040410/NYKWAS,Final/OT,2004-04-11,01:00,1610612764,WAS,98,1610612752,NYK,102,,,,False
2003-2004,2004,0020301149,20040410/DETORL,Final,2004-04-11,01:00,1610612753,ORL,89,1610612765,DET,101,,,,False
2003-2004,2004,0020301150,20040410/BOSATL,Final,2004-04-11,01:00,1610612737,ATL,110,1610612738,BOS,99,,,,False
2003-2004,2004,0020301151,20040410/MIACLE,Final,2004-04-11,01:30,1610612739,CLE,91,1610612748,MIA,80,,,,False
2003-2004,2004,0020301152,20040410/NOHMIL,Final,2004-04-11,02:30,1610612749,MIL,87,1610612740,NOH,92,,,,False
2003-2004,2004,0020301153,20040410/PORDEN,Final/OT,2004-04-11,03:00,1610612743,DEN,110,1610612757,POR,100,,,,False
2003-2004,2004,0020301154,20040410/HOUUTA,Final,2004-04-11,03:00,1610612762,UTA,82,1610612745,HOU,69,,,,False
2003-2004,2004,0020301155,20040411/PHINJN,Final,2004-04-11,19:00,1610612751,NJN,89,1610612755,PHI,75,,,,False
2003-2004,2004,0020301156,20040411/CHITOR,Final/OT,2004-04-11,19:00,1610612761,TOR,108,1610612741,CHI,114,,,,False
2003-2004,2004,0020301157,20040411/LALSAC,Final,2004-04-11,21:30,1610612758,SAC,102,1610612747,LAL,85,,,,False
2003-2004,2004,0020301158,20040411/MEMPHX,Final,2004-04-12,03:00,1610612756,PHX,89,1610612763,MEM,83,,,,False
2003-2004,2004,0020301159,20040411/DALGSW,Final,2004-04-12,03:00,1610612744,GSW,108,1610612742,DAL,107,,,,False
2003-2004,2004,0020301160,20040411/SASLAC,Final,2004-04-12,03:30,1610612746,LAC,79,1610612759,SAS,88,,,,False
2003-2004,2004,0020301161,20040412/MIABOS,Final,2004-04-13,01:00,1610612738,BOS,77,1610612748,MIA,84,,,,False
2003-2004,2004,0020301162,20040412/MILCLE,Final,2004-04-13,01:00,1610612739,CLE,93,1610612749,MIL,89,,,,False
2003-2004,2004,0020301163,20040412/INDPHI,Final,2004-04-13,01:30,1610612755,PHI,93,1610612754,IND,107,,,,False
2003-2004,2004,0020301164,20040412/NJNATL,Final,2004-04-13,01:30,1610612737,ATL,129,1610612751,NJN,107,,,,False
2003-2004,2004,0020301165,20040412/WASDET,Final,2004-04-13,01:30,1610612765,DET,101,1610612764,WAS,79,,,,False
2003-2004,2004,0020301166,20040412/NYKNOH,Final,2004-04-13,02:00,1610612740,NOH,97,1610612752,NYK,101,,,,False
2003-2004,2004,0020301167,20040412/UTAMIN,Final,2004-04-13,02:00,1610612750,MIN,104,1610612762,UTA,90,,,,False
2003-2004,2004,0020301168,20040412/ORLCHI,Final,2004-04-13,02:30,1610612741,CHI,84,1610612753,ORL,93,,,,False
2003-2004,2004,0020301169,20040412/SACDEN,Final,2004-04-13,03:00,1610612743,DEN,97,1610612758,SAC,89,,,,False
2003-2004,2004,0020301170,20040412/SASPOR,Final,2004-04-13,04:00,1610612757,POR,66,1610612759,SAS,78,,,,False
2003-2004,2004,0020301171,20040412/HOUSEA,Final,2004-04-13,04:00,1610612760,SEA,107,1610612745,HOU,111,,,,False
2003-2004,2004,0020301172,20040413/DETTOR,Final,2004-04-14,01:30,1610612761,TOR,87,1610612765,DET,78,,,,False
2003-2004,2004,0020301173,20040413/MEMDAL,Final,2004-04-14,02:30,1610612742,DAL,110,1610612763,MEM,103,,,,False
2003-2004,2004,0020301174,20040413/LACPHX,Final,2004-04-14,04:00,1610612756,PHX,96,1610612746,LAC,98,,,,False
2003-2004,2004,0020301175,20040413/GSWLAL,Final,2004-04-14,04:30,1610612747,LAL,109,1610612744,GSW,104,,,,False
2003-2004,2004,0020301176,20040414/ATLBOS,Final,2004-04-15,01:00,1610612738,BOS,137,1610612737,ATL,132,,,,False
2003-2004,2004,0020301177,20040414/NOHWAS,Final,2004-04-15,01:00,1610612764,WAS,78,1610612740,NOH,94,,,,False
2003-2004,2004,0020301178,20040414/PHIORL,Final,2004-04-15,01:00,1610612753,ORL,95,1610612755,PHI,89,,,,False
2003-2004,2004,0020301179,20040414/CLENYK,Final,2004-04-15,01:30,1610612752,NYK,90,1610612739,CLE,100,,,,False
2003-2004,2004,0020301180,20040414/NJNMIA,Final,2004-04-15,01:30,1610612748,MIA,96,1610612751,NJN,84,,,,False
2003-2004,2004,0020301181,20040414/CHIIND,Final,2004-04-15,02:00,1610612754,IND,101,1610612741,CHI,96,,,,False
2003-2004,2004,0020301182,20040414/TORMIL,Final,2004-04-15,02:00,1610612749,MIL,87,1610612761,TOR,89,,,,False
2003-2004,2004,0020301183,20040414/MINMEM,Final,2004-04-15,02:00,1610612763,MEM,90,1610612750,MIN,107,,,,False
2003-2004,2004,0020301184,20040414/DENSAS,Final,2004-04-15,02:30,1610612759,SAS,93,1610612743,DEN,67,,,,False
2003-2004,2004,0020301185,20040414/PHXUTA,Final,2004-04-15,03:00,1610612762,UTA,84,1610612756,PHX,89,,,,False
2003-2004,2004,0020301186,20040414/DALHOU,Final,2004-04-15,03:30,1610612745,HOU,89,1610612742,DAL,92,,,,False
2003-2004,2004,0020301187,20040414/LALPOR,Final/OT2,2004-04-15,04:00,1610612757,POR,104,1610612747,LAL,105,,,,False
2003-2004,2004,0020301188,20040414/SEALAC,Final,2004-04-15,04:30,1610612746,LAC,87,1610612760,SEA,118,,,,False
2003-2004,2004,0020301189,20040414/SACGSW,Final,2004-04-15,04:30,1610612744,GSW,97,1610612758,SAC,91,,,,False
2003-2004,2004,0040300101,20040417/BOSIND,Final,2004-04-17,20:00,1610612754,IND,104,1610612738,BOS,88,Game 1,East - First Round,1st Round,False
2003-2004,2004,0040300111,20040417/NYKNJN,Final,2004-04-17,22:30,1610612751,NJN,107,1610612752,NYK,83,Game 1,East - First Round,1st Round,False
2003-2004,2004,0040300151,20040417/HOULAL,Final,2004-04-18,04:30,1610612747,LAL,72,1610612745,HOU,71,Game 1,West - First Round,1st Round,False
2003-2004,2004,0040300161,20040417/MEMSAS,Final,2004-04-18,02:00,1610612759,SAS,98,1610612763,MEM,74,Game 1,West - First Round,1st Round,False
2003-2004,2004,0040300121,20040418/MILDET,Final,2004-04-18,19:00,1610612765,DET,108,1610612749,MIL,82,Game 1,East - First Round,1st Round,False
2003-2004,2004,0040300131,20040418/NOHMIA,Final,2004-04-19,01:00,1610612748,MIA,81,1610612740,NOH,79,Game 1,East - First Round,1st Round,False
2003-2004,2004,0040300141,20040418/DENMIN,Final,2004-04-19,03:30,1610612750,MIN,106,1610612743,DEN,92,Game 1,West - First Round,1st Round,False
2003-2004,2004,0040300171,20040418/DALSAC,Final,2004-04-18,21:30,1610612758,SAC,116,1610612742,DAL,105,Game 1,West - First Round,1st Round,False
2003-2004,2004,0040300152,20040419/HOULAL,Final,2004-04-20,04:30,1610612747,LAL,98,1610612745,HOU,84,Game 2,West - First Round,1st Round,False
2003-2004,2004,0040300162,20040419/MEMSAS,Final,2004-04-20,02:00,1610612759,SAS,87,1610612763,MEM,70,Game 2,West - First Round,1st Round,False
2003-2004,2004,0040300102,20040420/BOSIND,Final,2004-04-21,02:30,1610612754,IND,103,1610612738,BOS,90,Game 2,East - First Round,1st Round,False
2003-2004,2004,0040300112,20040420/NYKNJN,Final,2004-04-21,02:00,1610612751,NJN,99,1610612752,NYK,81,Game 2,East - First Round,1st Round,False
2003-2004,2004,0040300172,20040420/DALSAC,Final,2004-04-21,04:30,1610612758,SAC,83,1610612742,DAL,79,Game 2,West - First Round,1st Round,False
2003-2004,2004,0040300122,20040421/MILDET,Final,2004-04-22,01:00,1610612765,DET,88,1610612749,MIL,92,Game 2,East - First Round,1st Round,False
2003-2004,2004,0040300132,20040421/NOHMIA,Final,2004-04-22,02:00,1610612748,MIA,93,1610612740,NOH,63,Game 2,East - First Round,1st Round,False
2003-2004,2004,0040300142,20040421/DENMIN,Final,2004-04-22,03:30,1610612750,MIN,95,1610612743,DEN,81,Game 2,West - First Round,1st Round,False
2003-2004,2004,0040300113,20040422/NJNNYK,Final,2004-04-23,01:00,1610612752,NYK,78,1610612751,NJN,81,Game 3,East - First Round,1st Round,False
2003-2004,2004,0040300163,20040422/SASMEM,Final,2004-04-23,03:30,1610612763,MEM,93,1610612759,SAS,95,Game 3,West - First Round,1st Round,False
2003-2004,2004,0040300103,20040423/INDBOS,Final,2004-04-24,01:00,1610612738,BOS,85,1610612754,IND,108,Game 3,East - First Round,1st Round,False
2003-2004,2004,0040300153,20040423/LALHOU,Final,2004-04-24,03:30,1610612745,HOU,102,1610612747,LAL,91,Game 3,West - First Round,1st Round,False
2003-2004,2004,0040300133,20040424/MIANOH,Final,2004-04-24,19:00,1610612740,NOH,77,1610612748,MIA,71,Game 3,East - First Round,1st Round,False
2003-2004,2004,0040300123,20040424/DETMIL,Final,2004-04-24,21:30,1610612749,MIL,85,1610612765,DET,95,Game 3,East - First Round,1st Round,False
2003-2004,2004,0040300173,20040424/SACDAL,Final,2004-04-25,01:00,1610612742,DAL,104,1610612758,SAC,79,Game 3,West - First Round,1st Round,False
2003-2004,2004,0040300143,20040424/MINDEN,Final,2004-04-25,03:30,1610612743,DEN,107,1610612750,MIN,86,Game 3,West - First Round,1st Round,False
2003-2004,2004,0040300104,20040425/INDBOS,Final,2004-04-25,19:00,1610612738,BOS,75,1610612754,IND,90,Game 4,East - First Round,1st Round,False
2003-2004,2004,0040300154,20040425/LALHOU,Final/OT,2004-04-25,21:30,1610612745,HOU,88,1610612747,LAL,92,Game 4,West - First Round,1st Round,False
2003-2004,2004,0040300114,20040425/NJNNYK,Final,2004-04-26,01:00,1610612752,NYK,94,1610612751,NJN,100,Game 4,East - First Round,1st Round,False
2003-2004,2004,0040300164,20040425/SASMEM,Final,2004-04-26,03:30,1610612763,MEM,97,1610612759,SAS,110,Game 4,West - First Round,1st Round,False
2003-2004,2004,0040300124,20040426/DETMIL,Final,2004-04-27,01:00,1610612749,MIL,92,1610612765,DET,109,Game 4,East - First Round,1st Round,False
2003-2004,2004,0040300174,20040426/SACDAL,Final,2004-04-27,03:30,1610612742,DAL,92,1610612758,SAC,94,Game 4,West - First Round,1st Round,False
2003-2004,2004,0040300134,20040427/MIANOH,Final,2004-04-28,02:00,1610612740,NOH,96,1610612748,MIA,85,Game 4,East - First Round,1st Round,False
2003-2004,2004,0040300144,20040427/MINDEN,Final,2004-04-28,04:30,1610612743,DEN,82,1610612750,MIN,84,Game 4,West - First Round,1st Round,False
2003-2004,2004,0040300155,20040428/HOULAL,Final,2004-04-29,04:00,1610612747,LAL,97,1610612745,HOU,78,Game 5,West - First Round,1st Round,False
2003-2004,2004,0040300125,20040429/MILDET,Final,2004-04-30,02:00,1610612765,DET,91,1610612749,MIL,77,Game 5,East - First Round,1st Round,False
2003-2004,2004,0040300175,20040429/DALSAC,Final,2004-04-30,04:30,1610612758,SAC,119,1610612742,DAL,118,Game 5,West - First Round,1st Round,False
2003-2004,2004,0040300135,20040430/NOHMIA,Final,2004-05-01,01:00,1610612748,MIA,87,1610612740,NOH,83,Game 5,East - First Round,1st Round,False
2003-2004,2004,0040300145,20040430/DENMIN,Final,2004-05-01,03:30,1610612750,MIN,102,1610612743,DEN,91,Game 5,West - First Round,1st Round,False
2003-2004,2004,0040300136,20040502/MIANOH,Final,2004-05-02,19:00,1610612740,NOH,89,1610612748,MIA,83,Game 6,East - First Round,1st Round,False
2003-2004,2004,0040300231,20040502/LALSAS,Final,2004-05-02,21:30,1610612759,SAS,88,1610612747,LAL,78,Game 1,West - Conf. Semifinals,Conf. Semifinals,False
2003-2004,2004,0040300211,20040503/NJNDET,Final,2004-05-04,02:00,1610612765,DET,78,1610612751,NJN,56,Game 1,East - Conf. Semifinals,Conf. Semifinals,False
2003-2004,2004,0040300137,20040504/NOHMIA,Final,2004-05-05,01:00,1610612748,MIA,85,1610612740,NOH,77,Game 7,East - First Round,1st Round,False
2003-2004,2004,0040300221,20040504/SACMIN,Final,2004-05-05,03:30,1610612750,MIN,98,1610612758,SAC,104,Game 1,West - Conf. Semifinals,Conf. Semifinals,False
2003-2004,2004,0040300232,20040505/LALSAS,Final,2004-05-06,03:00,1610612759,SAS,95,1610612747,LAL,85,Game 2,West - Conf. Semifinals,Conf. Semifinals,False
2003-2004,2004,0040300201,20040506/MIAIND,Final,2004-05-07,03:00,1610612754,IND,94,1610612748,MIA,81,Game 1,East - Conf. Semifinals,Conf. Semifinals,False
2003-2004,2004,0040300212,20040507/NJNDET,Final,2004-05-08,02:00,1610612765,DET,95,1610612751,NJN,80,Game 2,East - Conf. Semifinals,Conf. Semifinals,False
2003-2004,2004,0040300202,20040508/MIAIND,Final,2004-05-09,01:00,1610612754,IND,91,1610612748,MIA,80,Game 2,East - Conf. Semifinals,Conf. Semifinals,False
2003-2004,2004,0040300222,20040508/SACMIN,Final,2004-05-09,03:30,1610612750,MIN,94,1610612758,SAC,89,Game 2,West - Conf. Semifinals,Conf. Semifinals,False
2003-2004,2004,0040300233,20040509/SASLAL,Final,2004-05-09,21:30,1610612747,LAL,105,1610612759,SAS,81,Game 3,West - Conf. Semifinals,Conf. Semifinals,False
2003-2004,2004,0040300213,20040509/DETNJN,Final,2004-05-10,02:00,1610612751,NJN,82,1610612765,DET,64,Game 3,East - Conf. Semifinals,Conf. Semifinals,False
2003-2004,2004,0040300203,20040510/INDMIA,Final,2004-05-11,02:00,1610612748,MIA,94,1610612754,IND,87,Game 3,East - Conf. Semifinals,Conf. Semifinals,False
2003-2004,2004,0040300223,20040510/MINSAC,Final/OT,2004-05-11,04:30,1610612758,SAC,113,1610612750,MIN,114,Game 3,West - Conf. Semifinals,Conf. Semifinals,False
2003-2004,2004,0040300214,20040511/DETNJN,Final,2004-05-12,02:00,1610612751,NJN,94,1610612765,DET,79,Game 4,East - Conf. Semifinals,Conf. Semifinals,False
2003-2004,2004,0040300234,20040511/SASLAL,Final,2004-05-12,04:30,1610612747,LAL,98,1610612759,SAS,90,Game 4,West - Conf. Semifinals,Conf. Semifinals,False
2003-2004,2004,0040300204,20040512/INDMIA,Final,2004-05-13,02:00,1610612748,MIA,100,1610612754,IND,88,Game 4,East - Conf. Semifinals,Conf. Semifinals,False
2003-2004,2004,0040300224,20040512/MINSAC,Final,2004-05-13,04:30,1610612758,SAC,87,1610612750,MIN,81,Game 4,West - Conf. Semifinals,Conf. Semifinals,False
2003-2004,2004,0040300235,20040513/LALSAS,Final,2004-05-14,02:00,1610612759,SAS,73,1610612747,LAL,74,Game 5,West - Conf. Semifinals,Conf. Semifinals,False
2003-2004,2004,0040300215,20040514/NJNDET,Final/OT3,2004-05-15,01:00,1610612765,DET,120,1610612751,NJN,127,Game 5,East - Conf. Semifinals,Conf. Semifinals,False
2003-2004,2004,0040300225,20040514/SACMIN,Final,2004-05-15,03:30,1610612750,MIN,86,1610612758,SAC,74,Game 5,West - Conf. Semifinals,Conf. Semifinals,False
2003-2004,2004,0040300205,20040515/MIAIND,Final,2004-05-16,02:00,1610612754,IND,94,1610612748,MIA,83,Game 5,East - Conf. Semifinals,Conf. Semifinals,False
2003-2004,2004,0040300236,20040515/SASLAL,Final,2004-05-16,04:30,1610612747,LAL,88,1610612759,SAS,76,Game 6,West - Conf. Semifinals,Conf. Semifinals,False
2003-2004,2004,0040300226,20040516/MINSAC,Final,2004-05-16,21:30,1610612758,SAC,104,1610612750,MIN,87,Game 6,West - Conf. Semifinals,Conf. Semifinals,False
2003-2004,2004,0040300216,20040516/DETNJN,Final,2004-05-17,02:00,1610612751,NJN,75,1610612765,DET,81,Game 6,East - Conf. Semifinals,Conf. Semifinals,False
2003-2004,2004,0040300206,20040518/INDMIA,Final,2004-05-19,02:00,1610612748,MIA,70,1610612754,IND,73,Game 6,East - Conf. Semifinals,Conf. Semifinals,False
2003-2004,2004,0040300227,20040519/SACMIN,Final,2004-05-20,02:30,1610612750,MIN,83,1610612758,SAC,80,Game 7,West - Conf. Semifinals,Conf. Semifinals,False
2003-2004,2004,0040300217,20040520/NJNDET,Final,2004-05-21,02:00,1610612765,DET,90,1610612751,NJN,70,Game 7,East - Conf. Semifinals,Conf. Semifinals,False
2003-2004,2004,0040300311,20040521/LALMIN,Final,2004-05-22,03:00,1610612750,MIN,88,1610612747,LAL,97,Game 1,West - Conf. Finals,Conf. Finals,False
2003-2004,2004,0040300301,20040522/DETIND,Final,2004-05-23,02:00,1610612754,IND,78,1610612765,DET,74,Game 1,East - Conf. Finals,Conf. Finals,False
2003-2004,2004,0040300312,20040523/LALMIN,Final,2004-05-24,02:30,1610612750,MIN,87,1610612747,LAL,71,Game 2,West - Conf. Finals,Conf. Finals,False
2003-2004,2004,0040300302,20040524/DETIND,Final,2004-05-25,02:00,1610612754,IND,67,1610612765,DET,72,Game 2,East - Conf. Finals,Conf. Finals,False
2003-2004,2004,0040300313,20040525/MINLAL,Final,2004-05-26,03:00,1610612747,LAL,100,1610612750,MIN,89,Game 3,West - Conf. Finals,Conf. Finals,False
2003-2004,2004,0040300303,20040526/INDDET,Final,2004-05-27,02:30,1610612765,DET,85,1610612754,IND,78,Game 3,East - Conf. Finals,Conf. Finals,False
2003-2004,2004,0040300314,20040527/MINLAL,Final,2004-05-28,03:00,1610612747,LAL,92,1610612750,MIN,85,Game 4,West - Conf. Finals,Conf. Finals,False
2003-2004,2004,0040300304,20040528/INDDET,Final,2004-05-29,02:00,1610612765,DET,68,1610612754,IND,83,Game 4,East - Conf. Finals,Conf. Finals,False
2003-2004,2004,0040300315,20040529/LALMIN,Final,2004-05-30,02:30,1610612750,MIN,98,1610612747,LAL,96,Game 5,West - Conf. Finals,Conf. Finals,False
2003-2004,2004,0040300305,20040530/DETIND,Final,2004-05-31,02:00,1610612754,IND,65,1610612765,DET,83,Game 5,East - Conf. Finals,Conf. Finals,False
2003-2004,2004,0040300316,20040531/MINLAL,Final,2004-06-01,03:00,1610612747,LAL,96,1610612750,MIN,90,Game 6,West - Conf. Finals,Conf. Finals,False
2003-2004,2004,0040300306,20040601/INDDET,Final,2004-06-02,02:00,1610612765,DET,69,1610612754,IND,65,Game 6,East - Conf. Finals,Conf. Finals,False
2003-2004,2004,0040300401,20040606/DETLAL,Final,2004-06-07,03:00,1610612747,LAL,75,1610612765,DET,87,Game 1,NBA Finals,NBA Finals,False
2003-2004,2004,0040300402,20040608/DETLAL,Final/OT,2004-06-09,03:00,1610612747,LAL,99,1610612765,DET,91,Game 2,NBA Finals,NBA Finals,False
2003-2004,2004,0040300403,20040610/LALDET,Final,2004-06-11,03:00,1610612765,DET,88,1610612747,LAL,68,Game 3,NBA Finals,NBA Finals,False
2003-2004,2004,0040300404,20040613/LALDET,Final,2004-06-14,03:00,1610612765,DET,88,1610612747,LAL,80,Game 4,NBA Finals,NBA Finals,False
2003-2004,2004,0040300405,20040615/LALDET,Final,2004-06-16,03:00,1610612765,DET,100,1610612747,LAL,87,Game 5,NBA Finals,NBA Finals,False
2003-2004,2004,0010401001,20040707/PHIDET,,2004-07-08,00:00,1610612765,DET,0,1610612755,PHI,0,,,,False
2003-2004,2004,0010401002,20040707/MINCHA,,2004-07-08,02:00,1610612766,CHA,0,1610612750,MIN,0,,,,False
2003-2004,2004,0010401003,20040708/CHAMIL,,2004-07-09,00:00,1610612749,MIL,0,1610612766,CHA,0,,,,False
2003-2004,2004,0010401004,20040708/MINDET,,2004-07-09,02:00,1610612765,DET,0,1610612750,MIN,0,,,,False
2003-2004,2004,0010401005,20040709/DETTOR,,2004-07-09,20:00,1610612761,TOR,0,1610612765,DET,0,,,,False
2003-2004,2004,0010401006,20040709/MILMIN,,2004-07-09,22:00,1610612750,MIN,0,1610612749,MIL,0,,,,False
2003-2004,2004,0010401007,20040710/LACNYK,,2004-07-11,02:00,1610612752,NYK,0,1610612746,LAC,0,,,,False
2003-2004,2004,0010401008,20040710/SASLAL,,2004-07-11,04:30,1610612747,LAL,0,1610612759,SAS,0,,,,False
2003-2004,2004,0010401009,20040711/LALNYK,,2004-07-12,02:00,1610612752,NYK,0,1610612747,LAL,0,,,,False
2003-2004,2004,0010401010,20040711/DALLAC,,2004-07-12,04:30,1610612746,LAC,0,1610612742,DAL,0,,,,False
2003-2004,2004,0010401011,20040713/PHXWAS,,2004-07-14,02:00,1610612764,WAS,0,1610612756,PHX,0,,,,False
2003-2004,2004,0010401012,20040713/DENBOS,,2004-07-14,04:30,1610612738,BOS,0,1610612743,DEN,0,,,,False
2003-2004,2004,0010401013,20040714/ORLDEN,,2004-07-15,02:00,1610612743,DEN,0,1610612753,ORL,0,,,,False
2003-2004,2004,0010401014,20040714/CLEPHX,,2004-07-15,04:30,1610612756,PHX,0,1610612739,CLE,0,,,,False
2003-2004,2004,0010401015,20040715/WASORL,,2004-07-16,02:00,1610612753,ORL,0,1610612764,WAS,0,,,,False
2003-2004,2004,0010401016,20040715/BOSCLE,,2004-07-16,04:30,1610612739,CLE,0,1610612738,BOS,0,,,,False
2003-2004,2004,0010401017,20040716/DENCLE,,2004-07-16,23:30,1610612739,CLE,0,1610612743,DEN,0,,,,False
2003-2004,2004,0010401018,20040716/ORLPHX,,2004-07-17,02:00,1610612756,PHX,0,1610612753,ORL,0,,,,False
2003-2004,2004,0010401019,20040719/SASCHI,,2004-07-20,02:00,1610612741,CHI,0,1610612759,SAS,0,,,,False
2003-2004,2004,0010401020,20040719/UTADEN,,2004-07-20,04:00,1610612743,DEN,0,1610612762,UTA,0,,,,False
2003-2004,2004,0010401021,20040720/CHAIND,,2004-07-21,02:00,1610612754,IND,0,1610612766,CHA,0,,,,False
2003-2004,2004,0010401022,20040720/UTACHI,,2004-07-21,04:00,1610612741,CHI,0,1610612762,UTA,0,,,,False
2003-2004,2004,0010401023,20040721/SEAPHX,,2004-07-22,00:00,1610612756,PHX,0,1610612760,SEA,0,,,,False
2003-2004,2004,0010401024,20040721/PORDEN,,2004-07-22,02:00,1610612743,DEN,0,1610612757,POR,0,,,,False
2003-2004,2004,0010401025,20040722/CHACHI,,2004-07-23,02:00,1610612741,CHI,0,1610612766,CHA,0,,,,False
2003-2004,2004,0010401026,20040722/UTAATL,,2004-07-23,04:00,1610612737,ATL,0,1610612762,UTA,0,,,,False
2003-2004,2004,0010401027,20040723/SASDEN,,2004-07-24,02:00,1610612743,DEN,0,1610612759,SAS,0,,,,False
2003-2004,2004,0010401028,20040723/UTACHA,,2004-07-24,04:00,1610612766,CHA,0,1610612762,UTA,0,,,,False
2003-2004,2004,0090400101,,,2004-07-31,19:00,0,,0,0,,0,,,,False
2003-2004,2004,0090400102,,,2004-08-03,20:00,0,,0,0,,0,,,,False
2003-2004,2004,0090400103,,,2004-08-04,20:00,0,,0,0,,0,,,,False
2003-2004,2004,0090400104,,,2004-08-06,20:00,0,,0,0,,0,,,,False
2003-2004,2004,0090400105,,,2004-08-08,20:00,0,,0,0,,0,,,,False
2003-2004,2004,0090400106,,,2004-08-10,19:00,0,,0,0,,0,,,,False
2003-2004,2004,0090400001,,,2004-08-15,19:00,0,,0,0,,0,,,,False
2003-2004,2004,0090400002,,,2004-08-17,21:15,0,,0,0,,0,,,,False
2003-2004,2004,0090400003,,,2004-08-19,13:30,0,,0,0,,0,,,,False
2003-2004,2004,0090400004,,,2004-08-21,19:00,0,,0,0,,0,,,,False
2003-2004,2004,0090400005,,,2004-08-23,13:30,0,,0,0,,0,,,,False
2003-2004,2004,0090400006,,,2004-08-26,13:30,0,,0,0,,0,,,,False
2003-2004,2004,0090400007,,,2004-08-27,19:00,0,,0,0,,0,,,,False
2003-2004,2004,0090400008,,,2004-08-28,19:00,0,,0,0,,0,,,,False
