Saison,Date,Heure,Statut Match,gameId,Compétition ,Détail Compétition,# Match Série,Détail Série,Si Nécessaire,Salle,Ville_salle,Etat_salle,évènement,id_team_domicile,id_team_extérieure,équipe_domicile,équipe_extérieure,ville_domicile,ville_extérieure,tricode_domicile,tricode_exterieur,score_domicile,score_exterieur,horodatage_utc
2025-26,02/10/25,18:00,Final,0012500008,Preseason,NBA Abu Dhabi Game,,Neutral Site,false,Etihad Arena,Abu Dhabi,,Global Games,1610612752,1610612755,Knicks,76ers,New York,Philadelphia,NYK,PHI,99,84,2025-10-02T16:00:00Z
2025-26,04/10/25,04:00,Final,0012500001,Preseason,,,,false,Acrisure Arena,Palm Desert,CA,,1610612747,1610612756,Lakers,Suns,Los Angeles,Phoenix,LAL,PHX,81,103,2025-10-04T02:00:00Z
2025-26,03/10/25,11:30,Final               ,0012500009,Preseason,NBA Melbourne Game,,,false,Rod Laver Arena,Melbourne,,,1610612740,15016,Pelicans,United,New Orleans,Melbourne,NOP,MEL,107,97,2025-10-03T09:30:00Z
2025-26,04/10/25,17:00,Final,0012500010,Preseason,NBA Abu Dhabi Game,,Neutral Site,false,Etihad Arena,Abu Dhabi,,Global Games,1610612755,1610612752,76ers,Knicks,Philadelphia,New York,PHI,NYK,104,113,2025-10-04T15:00:00Z
2025-26,05/10/25,05:00,Final               ,0012500011,Preseason,NBA Melbourne Game,,,false,Rod Laver Arena,Melbourne,,,1610612740,50013,Pelicans,Phoenix,New Orleans,South East Melbourne,NOP,SEM,127,92,2025-10-05T03:00:00Z
2025-26,05/10/25,02:00,Final               ,0012500026,Preseason,,,,false,Barclays Center,Brooklyn,NY,,1610612751,50014,Nets,Jerusalem B.C.,Brooklyn,Hapoel,BKN,HAP,123,88,2025-10-05T00:00:00Z
2025-26,05/10/25,02:00,Final,0012500027,Preseason,,,,false,Coliseo de Puerto Rico,"San Juan,Puerto Rico",,,1610612748,1610612753,Heat,Magic,Miami,Orlando,MIA,ORL,118,126,2025-10-05T00:00:00Z
2025-26,05/10/25,03:00,Final,0012500028,Preseason,,,,false,Pechanga Arena,San Diego,CA,,1610612743,1610612750,Nuggets,Timberwolves,Denver,Minnesota,DEN,MIN,116,126,2025-10-05T01:00:00Z
2025-26,05/10/25,23:00,Final,0012500029,Preseason,,,,false,North Charleston Coliseum,Charleston,SC,,1610612766,1610612760,Hornets,Thunder,Charlotte,Oklahoma City,CHA,OKC,114,135,2025-10-05T21:00:00Z
2025-26,06/10/25,02:30,Final,0012500030,Preseason,,,,false,Chase Center,San Francisco,CA,,1610612744,1610612747,Warriors,Lakers,Golden State,Los Angeles,GSW,LAL,111,103,2025-10-06T00:30:00Z
2025-26,07/10/25,01:30,Final,0012500002,Preseason,,,,false,Kaseya Center,Miami,FL,,1610612748,1610612749,Heat,Bucks,Miami,Milwaukee,MIA,MIL,93,103,2025-10-06T23:30:00Z
2025-26,07/10/25,02:00,Final,0012500014,Preseason,,,,false,Toyota Center,Houston,TX,,1610612745,1610612737,Rockets,Hawks,Houston,Atlanta,HOU,ATL,122,113,2025-10-07T00:00:00Z
2025-26,07/10/25,02:00,Final,0012500031,Preseason,,,,false,FedExForum,Memphis,TN,,1610612763,1610612765,Grizzlies,Pistons,Memphis,Detroit,MEM,DET,112,128,2025-10-07T00:00:00Z
2025-26,07/10/25,02:00,Final,0012500032,Preseason,,,,false,Frost Bank Center,San Antonio,TX,,1610612759,15018,Spurs,Loong-Lions,San Antonio,Guangzhou,SAS,GUA,119,88,2025-10-07T00:00:00Z
2025-26,07/10/25,02:30,Final,0012500033,Preseason,,,,false,Dickies Arena,Fort Worth,TX,,1610612742,1610612760,Mavericks,Thunder,Dallas,Oklahoma City,DAL,OKC,106,89,2025-10-07T00:30:00Z
2025-26,07/10/25,04:00,Final,0012500034,Preseason,,,,false,Rogers Arena,Vancouver,BC,,1610612761,1610612743,Raptors,Nuggets,Toronto,Denver,TOR,DEN,108,112,2025-10-07T02:00:00Z
2025-26,08/10/25,01:00,Final,0012500035,Preseason,,,,false,Rocket Arena,Cleveland,OH,,1610612739,1610612741,Cavaliers,Bulls,Cleveland,Chicago,CLE,CHI,117,118,2025-10-07T23:00:00Z
2025-26,08/10/25,02:00,Final/OT,0012500036,Preseason,,,,false,Target Center,Minneapolis,MN,,1610612750,1610612754,Timberwolves,Pacers,Minnesota,Indiana,MIN,IND,134,135,2025-10-08T00:00:00Z
2025-26,09/10/25,01:30,Final,0012500003,Preseason,,,,false,Kaseya Center,Miami,FL,,1610612748,1610612759,Heat,Spurs,Miami,San Antonio,MIA,SAS,107,112,2025-10-08T23:30:00Z
2025-26,09/10/25,04:00,Final,0012500015,Preseason,,,,false,Chase Center,San Francisco,CA,,1610612744,1610612757,Warriors,Trail Blazers,Golden State,Portland,GSW,POR,129,123,2025-10-09T02:00:00Z
2025-26,09/10/25,04:00,Final,0012500016,Preseason,,,,false,Golden 1 Center,Sacramento,CA,,1610612758,1610612761,Kings,Raptors,Sacramento,Toronto,SAC,TOR,122,130,2025-10-09T02:00:00Z
2025-26,09/10/25,02:00,Final,0012500037,Preseason,,,,false,Toyota Center,Houston,TX,,1610612745,1610612762,Rockets,Jazz,Houston,Utah,HOU,UTA,140,127,2025-10-09T00:00:00Z
2025-26,09/10/25,02:00,Final,0012500038,Preseason,,,,false,FedExForum,Memphis,TN,,1610612763,1610612738,Grizzlies,Celtics,Memphis,Boston,MEM,BOS,103,121,2025-10-09T00:00:00Z
2025-26,10/10/25,01:30,Final/OT,0012500039,Preseason,,,,false,Madison Square Garden,New York,NY,,1610612752,1610612750,Knicks,Timberwolves,New York,Minnesota,NYK,MIN,100,95,2025-10-09T23:30:00Z
2025-26,10/10/25,02:00,Final,0012500040,Preseason,,,,false,United Center,Chicago,IL,,1610612741,1610612739,Bulls,Cavaliers,Chicago,Cleveland,CHI,CLE,119,112,2025-10-10T00:00:00Z
2025-26,10/10/25,02:00,Final,0012500041,Preseason,,,,false,Fiserv Forum,Milwaukee,WI,,1610612749,1610612765,Bucks,Pistons,Milwaukee,Detroit,MIL,DET,117,111,2025-10-10T00:00:00Z
2025-26,10/10/25,02:00,Final,0012500042,Preseason,,,,false,Paycom Center,Oklahoma City,OK,,1610612760,1610612766,Thunder,Hornets,Oklahoma City,Charlotte,OKC,CHA,122,116,2025-10-10T00:00:00Z
2025-26,10/10/25,04:30,Final,0012500043,Preseason,,,,false,Frontwave Arena,Oceanside,CA,,1610612746,15018,Clippers,Loong-Lions,LA,Guangzhou,LAC,GUA,142,95,2025-10-10T02:30:00Z
2025-26,10/10/25,14:00,Final/OT,0012500012,Preseason,NBA China Game,,Neutral Site,false,Venetian Arena,"Macao, China",,Global Games,1610612751,1610612756,Nets,Suns,Brooklyn,Phoenix,BKN,PHX,127,132,2025-10-10T12:00:00Z
2025-26,11/10/25,04:00,Final,0012500017,Preseason,,,,false,Moda Center,Portland,OR,,1610612757,1610612758,Trail Blazers,Kings,Portland,Sacramento,POR,SAC,124,123,2025-10-11T02:00:00Z
2025-26,11/10/25,01:00,Final,0012500044,Preseason,,,,false,Scotiabank Arena,Toronto,ON,,1610612761,1610612738,Raptors,Celtics,Toronto,Boston,TOR,BOS,107,105,2025-10-10T23:00:00Z
2025-26,11/10/25,02:00,Final/OT,0012500045,Preseason,,,,false,Frost Bank Center,San Antonio,TX,,1610612759,1610612762,Spurs,Jazz,San Antonio,Utah,SAS,UTA,134,130,2025-10-11T00:00:00Z
2025-26,11/10/25,01:00,Final,0012500070,Preseason,,,,false,Xfinity Mobile Arena,Philadelphia,PA,,1610612755,1610612753,76ers,Magic,Philadelphia,Orlando,PHI,ORL,98,128,2025-10-10T23:00:00Z
2025-26,12/10/25,02:00,Final,0012500018,Preseason,,,,false,FedExForum,Memphis,TN,,1610612763,1610612737,Grizzlies,Hawks,Memphis,Atlanta,MEM,ATL,116,122,2025-10-12T00:00:00Z
2025-26,12/10/25,01:00,Final,0012500046,Preseason,,,,false,Gainbridge Fieldhouse,Indianapolis,IN,,1610612754,1610612760,Pacers,Thunder,Indiana,Oklahoma City,IND,OKC,116,101,2025-10-11T23:00:00Z
2025-26,12/10/25,02:30,Final,0012500047,Preseason,,,,false,American Airlines Center,Dallas,TX,,1610612742,1610612766,Mavericks,Hornets,Dallas,Charlotte,DAL,CHA,116,120,2025-10-12T00:30:00Z
2025-26,13/10/25,03:30,Final,0012500004,Preseason,,,,false,Crypto.com Arena,Los Angeles,CA,,1610612747,1610612744,Lakers,Warriors,Los Angeles,Golden State,LAL,GSW,126,116,2025-10-13T01:30:00Z
2025-26,12/10/25,13:00,Final,0012500013,Preseason,NBA China Game,,Neutral Site,false,Venetian Arena,"Macao, China",,Global Games,1610612756,1610612751,Suns,Nets,Phoenix,Brooklyn,PHX,BKN,109,111,2025-10-12T11:00:00Z
2025-26,12/10/25,21:00,Final,0012500048,Preseason,,,,false,Capital One Arena,Washington,DC,,1610612764,1610612761,Wizards,Raptors,Washington,Toronto,WAS,TOR,112,113,2025-10-12T19:00:00Z
2025-26,13/10/25,00:00,Final,0012500049,Preseason,,,,false,Kia Center,Orlando,FL,,1610612753,1610612748,Magic,Heat,Orlando,Miami,ORL,MIA,120,104,2025-10-12T22:00:00Z
2025-26,13/10/25,01:00,Final,0012500050,Preseason,,,,false,TD Garden,Boston,MA,,1610612738,1610612739,Celtics,Cavaliers,Boston,Cleveland,BOS,CLE,138,107,2025-10-12T23:00:00Z
2025-26,13/10/25,01:00,Final,0012500051,Preseason,,,,false,United Center,Chicago,IL,,1610612741,1610612749,Bulls,Bucks,Chicago,Milwaukee,CHI,MIL,121,127,2025-10-12T23:00:00Z
2025-26,13/10/25,03:30,Final,0012500052,Preseason,,,,false,Intuit Dome,Inglewood,CA,,1610612746,1610612743,Clippers,Nuggets,LA,Denver,LAC,DEN,94,102,2025-10-13T01:30:00Z
2025-26,14/10/25,00:00,Final/OT,0012500019,Preseason,,,,false,State Farm Arena,Atlanta,GA,,1610612737,1610612748,Hawks,Heat,Atlanta,Miami,ATL,MIA,119,118,2025-10-13T22:00:00Z
2025-26,14/10/25,01:00,Final,0012500053,Preseason,,,,false,Gainbridge Fieldhouse,Indianapolis,IN,,1610612754,1610612759,Pacers,Spurs,Indiana,San Antonio,IND,SAS,108,124,2025-10-13T23:00:00Z
2025-26,14/10/25,01:30,Final,0012500054,Preseason,,,,false,Madison Square Garden,New York,NY,,1610612752,1610612764,Knicks,Wizards,New York,Washington,NYK,WAS,103,120,2025-10-13T23:30:00Z
2025-26,14/10/25,02:00,Final,0012500055,Preseason,,,,false,Target Center,Minneapolis,MN,,1610612750,15018,Timberwolves,Loong-Lions,Minnesota,Guangzhou,MIN,GUA,134,74,2025-10-14T00:00:00Z
2025-26,14/10/25,03:00,Final,0012500056,Preseason,,,,false,Delta Center,Salt Lake City,UT,,1610612762,1610612742,Jazz,Mavericks,Utah,Dallas,UTA,DAL,101,114,2025-10-14T01:00:00Z
2025-26,15/10/25,02:00,Final,0012500020,Preseason,,,,false,Legacy Arena at the BJCC,Birmingham,AL,,1610612740,1610612745,Pelicans,Rockets,New Orleans,Houston,NOP,HOU,128,130,2025-10-15T00:00:00Z
2025-26,15/10/25,04:00,Final,0012500021,Preseason,,,,false,Moda Center,Portland,OR,,1610612757,1610612744,Trail Blazers,Warriors,Portland,Golden State,POR,GSW,111,118,2025-10-15T02:00:00Z
2025-26,15/10/25,01:00,Final,0012500057,Preseason,,,,false,Rocket Arena,Cleveland,OH,,1610612739,1610612765,Cavaliers,Pistons,Cleveland,Detroit,CLE,DET,118,100,2025-10-14T23:00:00Z
2025-26,15/10/25,02:00,Final,0012500058,Preseason,,,,false,Fiserv Forum,Milwaukee,WI,,1610612749,1610612760,Bucks,Thunder,Milwaukee,Oklahoma City,MIL,OKC,112,116,2025-10-15T00:00:00Z
2025-26,15/10/25,03:00,Final,0012500059,Preseason,,,,false,Ball Arena,Denver,CO,,1610612743,1610612741,Nuggets,Bulls,Denver,Chicago,DEN,CHI,124,117,2025-10-15T01:00:00Z
2025-26,15/10/25,04:00,Final,0012500060,Preseason,,,,false,Mortgage Matchup Center,Phoenix,AZ,,1610612756,1610612747,Suns,Lakers,Phoenix,Los Angeles,PHX,LAL,113,104,2025-10-15T02:00:00Z
2025-26,16/10/25,04:30,Final,0012500005,Preseason,,,,false,T-Mobile Arena,Las Vegas,NV,,1610612747,1610612742,Lakers,Mavericks,Los Angeles,Dallas,LAL,DAL,94,121,2025-10-16T02:30:00Z
2025-26,16/10/25,04:00,Final,0012500022,Preseason,,,,false,Golden 1 Center,Sacramento,CA,,1610612758,1610612746,Kings,Clippers,Sacramento,LA,SAC,LAC,91,109,2025-10-16T02:00:00Z
2025-26,16/10/25,01:00,Final,0012500061,Preseason,,,,false,First Horizon Coliseum,Greensboro,NC,,1610612766,1610612763,Hornets,Grizzlies,Charlotte,Memphis,CHA,MEM,145,116,2025-10-15T23:00:00Z
2025-26,16/10/25,01:30,Final,0012500062,Preseason,,,,false,TD Garden,Boston,MA,,1610612738,1610612761,Celtics,Raptors,Boston,Toronto,BOS,TOR,110,108,2025-10-15T23:30:00Z
2025-26,17/10/25,01:00,Final,0012500023,Preseason,,,,false,Kia Center,Orlando,FL,,1610612753,1610612740,Magic,Pelicans,Orlando,New Orleans,ORL,NOP,132,125,2025-10-16T23:00:00Z
2025-26,17/10/25,01:30,Final,0012500024,Preseason,,,,false,State Farm Arena,Atlanta,GA,,1610612737,1610612745,Hawks,Rockets,Atlanta,Houston,ATL,HOU,115,133,2025-10-16T23:30:00Z
2025-26,17/10/25,03:00,Final,0012500025,Preseason,,,,false,Delta Center,Salt Lake City,UT,,1610612762,1610612757,Jazz,Trail Blazers,Utah,Portland,UTA,POR,132,129,2025-10-17T01:00:00Z
2025-26,17/10/25,01:00,Final,0012500063,Preseason,,,,false,Little Caesars Arena,Detroit,MI,,1610612765,1610612764,Pistons,Wizards,Detroit,Washington,DET,WAS,119,98,2025-10-16T23:00:00Z
2025-26,17/10/25,02:00,Final,0012500064,Preseason,,,,false,United Center,Chicago,IL,,1610612741,1610612750,Bulls,Timberwolves,Chicago,Minnesota,CHI,MIN,126,120,2025-10-17T00:00:00Z
2025-26,18/10/25,02:00,Final,0012500006,Preseason,,,,false,Kaseya Center,Miami,FL,,1610612748,1610612763,Heat,Grizzlies,Miami,Memphis,MIA,MEM,125,141,2025-10-18T00:00:00Z
2025-26,18/10/25,04:30,Final,0012500007,Preseason,,,,false,Crypto.com Arena,Los Angeles,CA,,1610612747,1610612758,Lakers,Kings,Los Angeles,Sacramento,LAL,SAC,116,117,2025-10-18T02:30:00Z
2025-26,18/10/25,01:00,Final,0012500065,Preseason,,,,false,Scotiabank Arena,Toronto,ON,,1610612761,1610612751,Raptors,Nets,Toronto,Brooklyn,TOR,BKN,119,114,2025-10-17T23:00:00Z
2025-26,18/10/25,01:30,Final,0012500066,Preseason,,,,false,Madison Square Garden,New York,NY,,1610612752,1610612766,Knicks,Hornets,New York,Charlotte,NYK,CHA,113,108,2025-10-17T23:30:00Z
2025-26,18/10/25,02:00,Final,0012500067,Preseason,,,,false,Paycom Center,Oklahoma City,OK,,1610612760,1610612743,Thunder,Nuggets,Oklahoma City,Denver,OKC,DEN,94,91,2025-10-18T00:00:00Z
2025-26,18/10/25,02:00,Final,0012500068,Preseason,,,,false,Frost Bank Center,San Antonio,TX,,1610612759,1610612754,Spurs,Pacers,San Antonio,Indiana,SAS,IND,133,104,2025-10-18T00:00:00Z
2025-26,18/10/25,04:00,Final,0012500069,Preseason,,,,false,Chase Center,San Francisco,CA,,1610612744,1610612746,Warriors,Clippers,Golden State,LA,GSW,LAC,103,106,2025-10-18T02:00:00Z
2025-26,18/10/25,01:00,Final,0012500071,Preseason,,,,false,Xfinity Mobile Arena,Philadelphia,PA,,1610612755,1610612750,76ers,Timberwolves,Philadelphia,Minnesota,PHI,MIN,126,110,2025-10-17T23:00:00Z
2025-26,22/10/25,01:30,Final/OT2,0022500001,,,,,false,Paycom Center,Oklahoma City,OK,,1610612760,1610612745,Thunder,Rockets,Oklahoma City,Houston,OKC,HOU,125,124,2025-10-21T23:30:00Z
2025-26,22/10/25,04:00,Final,0022500002,,,,,false,Crypto.com Arena,Los Angeles,CA,,1610612747,1610612744,Lakers,Warriors,Los Angeles,Golden State,LAL,GSW,109,119,2025-10-22T02:00:00Z
2025-26,23/10/25,01:00,Final,0022500003,,,,,false,Madison Square Garden,New York,NY,,1610612752,1610612739,Knicks,Cavaliers,New York,Cleveland,NYK,CLE,119,111,2025-10-22T23:00:00Z
2025-26,23/10/25,03:30,Final,0022500004,,,,,false,American Airlines Center,Dallas,TX,,1610612742,1610612759,Mavericks,Spurs,Dallas,San Antonio,DAL,SAS,92,125,2025-10-23T01:30:00Z
2025-26,23/10/25,01:00,Final,0022500080,,,,,false,Spectrum Center,Charlotte,NC,,1610612766,1610612751,Hornets,Nets,Charlotte,Brooklyn,CHA,BKN,136,117,2025-10-22T23:00:00Z
2025-26,23/10/25,01:00,Final,0022500081,,,,,false,Kia Center,Orlando,FL,,1610612753,1610612748,Magic,Heat,Orlando,Miami,ORL,MIA,125,121,2025-10-22T23:00:00Z
2025-26,23/10/25,01:30,Final,0022500082,,,,,false,State Farm Arena,Atlanta,GA,,1610612737,1610612761,Hawks,Raptors,Atlanta,Toronto,ATL,TOR,118,138,2025-10-22T23:30:00Z
2025-26,23/10/25,01:30,Final,0022500083,,,,,false,TD Garden,Boston,MA,,1610612738,1610612755,Celtics,76ers,Boston,Philadelphia,BOS,PHI,116,117,2025-10-22T23:30:00Z
2025-26,23/10/25,02:00,Final,0022500084,,,,,false,United Center,Chicago,IL,,1610612741,1610612765,Bulls,Pistons,Chicago,Detroit,CHI,DET,115,111,2025-10-23T00:00:00Z
2025-26,23/10/25,02:00,Final,0022500085,,,,,false,FedExForum,Memphis,TN,,1610612763,1610612740,Grizzlies,Pelicans,Memphis,New Orleans,MEM,NOP,128,122,2025-10-23T00:00:00Z
2025-26,23/10/25,02:00,Final,0022500086,,,,,false,Fiserv Forum,Milwaukee,WI,,1610612749,1610612764,Bucks,Wizards,Milwaukee,Washington,MIL,WAS,133,120,2025-10-23T00:00:00Z
2025-26,23/10/25,03:00,Final,0022500087,,,,,false,Delta Center,Salt Lake City,UT,,1610612762,1610612746,Jazz,Clippers,Utah,LA,UTA,LAC,129,108,2025-10-23T01:00:00Z
2025-26,23/10/25,04:00,Final,0022500088,,,,,false,Mortgage Matchup Center,Phoenix,AZ,,1610612756,1610612758,Suns,Kings,Phoenix,Sacramento,PHX,SAC,120,116,2025-10-23T02:00:00Z
2025-26,23/10/25,04:00,Final,0022500089,,,,,false,Moda Center,Portland,OR,,1610612757,1610612750,Trail Blazers,Timberwolves,Portland,Minnesota,POR,MIN,114,118,2025-10-23T02:00:00Z
2025-26,24/10/25,01:30,Final/OT2,0022500005,,,,,false,Gainbridge Fieldhouse,Indianapolis,IN,,1610612754,1610612760,Pacers,Thunder,Indiana,Oklahoma City,IND,OKC,135,141,2025-10-23T23:30:00Z
2025-26,24/10/25,04:00,Final/OT,0022500006,,,,,false,Chase Center,San Francisco,CA,,1610612744,1610612743,Warriors,Nuggets,Golden State,Denver,GSW,DEN,137,131,2025-10-24T02:00:00Z
2025-26,25/10/25,01:30,7:30 pm ET,0022500018,,,,,false,Madison Square Garden,New York,NY,,1610612752,1610612738,Knicks,Celtics,New York,Boston,NYK,BOS,0,0,2025-10-24T23:30:00Z
2025-26,25/10/25,04:00,10:00 pm ET,0022500019,,,,,false,Crypto.com Arena,Los Angeles,CA,,1610612747,1610612750,Lakers,Timberwolves,Los Angeles,Minnesota,LAL,MIN,0,0,2025-10-25T02:00:00Z
2025-26,25/10/25,01:00,7:00 pm ET,0022500090,,,,,false,Kia Center,Orlando,FL,,1610612753,1610612737,Magic,Hawks,Orlando,Atlanta,ORL,ATL,0,0,2025-10-24T23:00:00Z
2025-26,25/10/25,01:30,7:30 pm ET,0022500091,,,,,false,Barclays Center,Brooklyn,NY,,1610612751,1610612739,Nets,Cavaliers,Brooklyn,Cleveland,BKN,CLE,0,0,2025-10-24T23:30:00Z
2025-26,25/10/25,00:30,6:30 pm ET,0022500092,,,,,false,Scotiabank Arena,Toronto,ON,,1610612761,1610612749,Raptors,Bucks,Toronto,Milwaukee,TOR,MIL,0,0,2025-10-24T22:30:00Z
2025-26,25/10/25,02:00,8:00 pm ET,0022500093,,,,,false,Toyota Center,Houston,TX,,1610612745,1610612765,Rockets,Pistons,Houston,Detroit,HOU,DET,0,0,2025-10-25T00:00:00Z
2025-26,25/10/25,02:00,8:00 pm ET,0022500094,,,,,false,FedExForum,Memphis,TN,,1610612763,1610612748,Grizzlies,Heat,Memphis,Miami,MEM,MIA,0,0,2025-10-25T00:00:00Z
2025-26,25/10/25,02:00,8:00 pm ET,0022500095,,,,,false,Smoothie King Center,New Orleans,LA,,1610612740,1610612759,Pelicans,Spurs,New Orleans,San Antonio,NOP,SAS,0,0,2025-10-25T00:00:00Z
2025-26,25/10/25,02:30,8:30 pm ET,0022500096,,,,,false,American Airlines Center,Dallas,TX,,1610612742,1610612764,Mavericks,Wizards,Dallas,Washington,DAL,WAS,0,0,2025-10-25T00:30:00Z
2025-26,25/10/25,04:00,10:00 pm ET,0022500097,,,,,false,Moda Center,Portland,OR,,1610612757,1610612744,Trail Blazers,Warriors,Portland,Golden State,POR,GSW,0,0,2025-10-25T02:00:00Z
2025-26,25/10/25,04:00,10:00 pm ET,0022500098,,,,,false,Golden 1 Center,Sacramento,CA,,1610612758,1610612762,Kings,Jazz,Sacramento,Utah,SAC,UTA,0,0,2025-10-25T02:00:00Z
2025-26,25/10/25,04:30,10:30 pm ET,0022500099,,,,,false,Intuit Dome,Inglewood,CA,,1610612746,1610612756,Clippers,Suns,LA,Phoenix,LAC,PHX,0,0,2025-10-25T02:30:00Z
2025-26,26/10/25,01:00,7:00 pm ET,0022500100,,,,,false,Kia Center,Orlando,FL,,1610612753,1610612741,Magic,Bulls,Orlando,Chicago,ORL,CHI,0,0,2025-10-25T23:00:00Z
2025-26,26/10/25,01:30,7:30 pm ET,0022500101,,,,,false,State Farm Arena,Atlanta,GA,,1610612737,1610612760,Hawks,Thunder,Atlanta,Oklahoma City,ATL,OKC,0,0,2025-10-25T23:30:00Z
2025-26,26/10/25,01:30,7:30 pm ET,0022500102,,,,,false,Xfinity Mobile Arena,Philadelphia,PA,,1610612755,1610612766,76ers,Hornets,Philadelphia,Charlotte,PHI,CHA,0,0,2025-10-25T23:30:00Z
2025-26,26/10/25,02:00,8:00 pm ET,0022500103,,,,,false,FedExForum,Memphis,TN,,1610612763,1610612754,Grizzlies,Pacers,Memphis,Indiana,MEM,IND,0,0,2025-10-26T00:00:00Z
2025-26,26/10/25,02:00,9:00 pm ET,0022500104,,,,,false,Ball Arena,Denver,CO,,1610612743,1610612756,Nuggets,Suns,Denver,Phoenix,DEN,PHX,0,0,2025-10-26T01:00:00Z
2025-26,26/10/25,19:00,2:00 pm ET,0022500105,,,,,false,Frost Bank Center,San Antonio,TX,,1610612759,1610612751,Spurs,Nets,San Antonio,Brooklyn,SAS,BKN,0,0,2025-10-26T18:00:00Z
2025-26,26/10/25,20:30,3:30 pm ET,0022500106,,,,,false,Little Caesars Arena,Detroit,MI,,1610612765,1610612738,Pistons,Celtics,Detroit,Boston,DET,BOS,0,0,2025-10-26T19:30:00Z
2025-26,26/10/25,23:00,6:00 pm ET,0022500107,,,,,false,Rocket Arena,Cleveland,OH,,1610612739,1610612749,Cavaliers,Bucks,Cleveland,Milwaukee,CLE,MIL,0,0,2025-10-26T22:00:00Z
2025-26,26/10/25,23:00,6:00 pm ET,0022500108,,,,,false,Kaseya Center,Miami,FL,,1610612748,1610612752,Heat,Knicks,Miami,New York,MIA,NYK,0,0,2025-10-26T22:00:00Z
2025-26,26/10/25,23:00,6:00 pm ET,0022500109,,,,,false,Capital One Arena,Washington,DC,,1610612764,1610612766,Wizards,Hornets,Washington,Charlotte,WAS,CHA,0,0,2025-10-26T22:00:00Z
2025-26,27/10/25,00:00,7:00 pm ET,0022500110,,,,,false,Target Center,Minneapolis,MN,,1610612750,1610612754,Timberwolves,Pacers,Minnesota,Indiana,MIN,IND,0,0,2025-10-26T23:00:00Z
2025-26,27/10/25,00:30,7:30 pm ET,0022500111,,,,,false,American Airlines Center,Dallas,TX,,1610612742,1610612761,Mavericks,Raptors,Dallas,Toronto,DAL,TOR,0,0,2025-10-26T23:30:00Z
2025-26,27/10/25,02:00,9:00 pm ET,0022500112,,,,,false,Intuit Dome,Inglewood,CA,,1610612746,1610612757,Clippers,Trail Blazers,LA,Portland,LAC,POR,0,0,2025-10-27T01:00:00Z
2025-26,27/10/25,02:00,9:00 pm ET,0022500113,,,,,false,Golden 1 Center,Sacramento,CA,,1610612758,1610612747,Kings,Lakers,Sacramento,Los Angeles,SAC,LAL,0,0,2025-10-27T01:00:00Z
2025-26,28/10/25,00:00,7:00 pm ET,0022500007,,,,,false,Little Caesars Arena,Detroit,MI,,1610612765,1610612739,Pistons,Cavaliers,Detroit,Cleveland,DET,CLE,0,0,2025-10-27T23:00:00Z
2025-26,28/10/25,02:30,9:30 pm ET,0022500008,,,,,false,Target Center,Minneapolis,MN,,1610612750,1610612743,Timberwolves,Nuggets,Minnesota,Denver,MIN,DEN,0,0,2025-10-28T01:30:00Z
2025-26,28/10/25,00:00,7:00 pm ET,0022500114,,,,,false,Xfinity Mobile Arena,Philadelphia,PA,,1610612755,1610612753,76ers,Magic,Philadelphia,Orlando,PHI,ORL,0,0,2025-10-27T23:00:00Z
2025-26,28/10/25,01:00,8:00 pm ET,0022500115,,,,,false,United Center,Chicago,IL,,1610612741,1610612737,Bulls,Hawks,Chicago,Atlanta,CHI,ATL,0,0,2025-10-28T00:00:00Z
2025-26,28/10/25,01:00,8:00 pm ET,0022500116,,,,,false,Toyota Center,Houston,TX,,1610612745,1610612751,Rockets,Nets,Houston,Brooklyn,HOU,BKN,0,0,2025-10-28T00:00:00Z
2025-26,28/10/25,01:00,8:00 pm ET,0022500117,,,,,false,Smoothie King Center,New Orleans,LA,,1610612740,1610612738,Pelicans,Celtics,New Orleans,Boston,NOP,BOS,0,0,2025-10-28T00:00:00Z
2025-26,28/10/25,01:00,8:00 pm ET,0022500118,,,,,false,Frost Bank Center,San Antonio,TX,,1610612759,1610612761,Spurs,Raptors,San Antonio,Toronto,SAS,TOR,0,0,2025-10-28T00:00:00Z
2025-26,28/10/25,01:30,8:30 pm ET,0022500119,,,,,false,American Airlines Center,Dallas,TX,,1610612742,1610612760,Mavericks,Thunder,Dallas,Oklahoma City,DAL,OKC,0,0,2025-10-28T00:30:00Z
2025-26,28/10/25,02:00,9:00 pm ET,0022500120,,,,,false,Delta Center,Salt Lake City,UT,,1610612762,1610612756,Jazz,Suns,Utah,Phoenix,UTA,PHX,0,0,2025-10-28T01:00:00Z
2025-26,28/10/25,03:00,10:00 pm ET,0022500121,,,,,false,Chase Center,San Francisco,CA,,1610612744,1610612763,Warriors,Grizzlies,Golden State,Memphis,GSW,MEM,0,0,2025-10-28T02:00:00Z
2025-26,28/10/25,03:30,10:30 pm ET,0022500122,,,,,false,Crypto.com Arena,Los Angeles,CA,,1610612747,1610612757,Lakers,Trail Blazers,Los Angeles,Portland,LAL,POR,0,0,2025-10-28T02:30:00Z
2025-26,29/10/25,00:00,7:00 pm ET,0022500123,,,,,false,Capital One Arena,Washington,DC,,1610612764,1610612755,Wizards,76ers,Washington,Philadelphia,WAS,PHI,0,0,2025-10-28T23:00:00Z
2025-26,29/10/25,00:30,7:30 pm ET,0022500124,,,,,false,Kaseya Center,Miami,FL,,1610612748,1610612766,Heat,Hornets,Miami,Charlotte,MIA,CHA,0,0,2025-10-28T23:30:00Z
2025-26,29/10/25,01:00,8:00 pm ET,0022500125,,,,,false,Fiserv Forum,Milwaukee,WI,,1610612749,1610612752,Bucks,Knicks,Milwaukee,New York,MIL,NYK,0,0,2025-10-29T00:00:00Z
2025-26,29/10/25,01:00,8:00 pm ET,0022500126,,,,,false,Paycom Center,Oklahoma City,OK,,1610612760,1610612758,Thunder,Kings,Oklahoma City,Sacramento,OKC,SAC,0,0,2025-10-29T00:00:00Z
2025-26,29/10/25,04:00,11:00 pm ET,0022500127,,,,,false,Chase Center,San Francisco,CA,,1610612744,1610612746,Warriors,Clippers,Golden State,LA,GSW,LAC,0,0,2025-10-29T03:00:00Z
2025-26,30/10/25,00:00,7:00 pm ET,0022500128,,,,,false,TD Garden,Boston,MA,,1610612738,1610612739,Celtics,Cavaliers,Boston,Cleveland,BOS,CLE,0,0,2025-10-29T23:00:00Z
2025-26,30/10/25,00:00,7:00 pm ET,0022500129,,,,,false,Little Caesars Arena,Detroit,MI,,1610612765,1610612753,Pistons,Magic,Detroit,Orlando,DET,ORL,0,0,2025-10-29T23:00:00Z
2025-26,30/10/25,00:30,7:30 pm ET,0022500130,,,,,false,Barclays Center,Brooklyn,NY,,1610612751,1610612737,Nets,Hawks,Brooklyn,Atlanta,BKN,ATL,0,0,2025-10-29T23:30:00Z
2025-26,29/10/25,23:30,6:30 pm ET,0022500131,,,,,false,Scotiabank Arena,Toronto,ON,,1610612761,1610612745,Raptors,Rockets,Toronto,Houston,TOR,HOU,0,0,2025-10-29T22:30:00Z
2025-26,30/10/25,01:00,8:00 pm ET,0022500132,,,,,false,United Center,Chicago,IL,,1610612741,1610612758,Bulls,Kings,Chicago,Sacramento,CHI,SAC,0,0,2025-10-30T00:00:00Z
2025-26,30/10/25,01:30,8:30 pm ET,0022500133,,,,,false,American Airlines Center,Dallas,TX,,1610612742,1610612754,Mavericks,Pacers,Dallas,Indiana,DAL,IND,0,0,2025-10-30T00:30:00Z
2025-26,30/10/25,02:00,9:00 pm ET,0022500134,,,,,false,Ball Arena,Denver,CO,,1610612743,1610612740,Nuggets,Pelicans,Denver,New Orleans,DEN,NOP,0,0,2025-10-30T01:00:00Z
2025-26,30/10/25,02:00,9:00 pm ET,0022500135,,,,,false,Delta Center,Salt Lake City,UT,,1610612762,1610612757,Jazz,Trail Blazers,Utah,Portland,UTA,POR,0,0,2025-10-30T01:00:00Z
2025-26,30/10/25,02:30,9:30 pm ET,0022500136,,,,,false,Target Center,Minneapolis,MN,,1610612750,1610612747,Timberwolves,Lakers,Minnesota,Los Angeles,MIN,LAL,0,0,2025-10-30T01:30:00Z
2025-26,30/10/25,03:00,10:00 pm ET,0022500137,,,,,false,Mortgage Matchup Center,Phoenix,AZ,,1610612756,1610612763,Suns,Grizzlies,Phoenix,Memphis,PHX,MEM,0,0,2025-10-30T02:00:00Z
2025-26,31/10/25,00:00,7:00 pm ET,0022500138,,,,,false,Spectrum Center,Charlotte,NC,,1610612766,1610612753,Hornets,Magic,Charlotte,Orlando,CHA,ORL,0,0,2025-10-30T23:00:00Z
2025-26,31/10/25,01:00,8:00 pm ET,0022500139,,,,,false,Fiserv Forum,Milwaukee,WI,,1610612749,1610612744,Bucks,Warriors,Milwaukee,Golden State,MIL,GSW,0,0,2025-10-31T00:00:00Z
2025-26,31/10/25,01:00,8:00 pm ET,0022500140,,,,,false,Paycom Center,Oklahoma City,OK,,1610612760,1610612764,Thunder,Wizards,Oklahoma City,Washington,OKC,WAS,0,0,2025-10-31T00:00:00Z
2025-26,31/10/25,01:30,8:30 pm ET,0022500141,,,,,false,Frost Bank Center,San Antonio,TX,,1610612759,1610612748,Spurs,Heat,San Antonio,Miami,SAS,MIA,0,0,2025-10-31T00:30:00Z
2025-26,01/11/25,00:00,7:00 pm ET,0022500020,Emirates NBA Cup,East Group A,,,false,Gainbridge Fieldhouse,Indianapolis,IN,in-season,1610612754,1610612737,Pacers,Hawks,Indiana,Atlanta,IND,ATL,0,0,2025-10-31T23:00:00Z
2025-26,01/11/25,00:00,7:00 pm ET,0022500021,Emirates NBA Cup,East Group B,,,false,Xfinity Mobile Arena,Philadelphia,PA,in-season,1610612755,1610612738,76ers,Celtics,Philadelphia,Boston,PHI,BOS,0,0,2025-10-31T23:00:00Z
2025-26,01/11/25,00:30,7:30 pm ET,0022500022,Emirates NBA Cup,East Group A,,,false,Rocket Arena,Cleveland,OH,in-season,1610612739,1610612761,Cavaliers,Raptors,Cleveland,Toronto,CLE,TOR,0,0,2025-10-31T23:30:00Z
2025-26,01/11/25,01:00,8:00 pm ET,0022500023,Emirates NBA Cup,East Group C,,,false,United Center,Chicago,IL,in-season,1610612741,1610612752,Bulls,Knicks,Chicago,New York,CHI,NYK,0,0,2025-11-01T00:00:00Z
2025-26,01/11/25,02:30,9:30 pm ET,0022500024,Emirates NBA Cup,West Group B,,,false,FedExForum,Memphis,TN,in-season,1610612763,1610612747,Grizzlies,Lakers,Memphis,Los Angeles,MEM,LAL,0,0,2025-11-01T01:30:00Z
2025-26,01/11/25,03:00,10:00 pm ET,0022500025,Emirates NBA Cup,West Group A,,,false,Mortgage Matchup Center,Phoenix,AZ,in-season,1610612756,1610612762,Suns,Jazz,Phoenix,Utah,PHX,UTA,0,0,2025-11-01T02:00:00Z
2025-26,01/11/25,03:00,10:00 pm ET,0022500026,Emirates NBA Cup,West Group C,,,false,Moda Center,Portland,OR,in-season,1610612757,1610612743,Trail Blazers,Nuggets,Portland,Denver,POR,DEN,0,0,2025-11-01T02:00:00Z
2025-26,01/11/25,03:30,10:30 pm ET,0022500027,Emirates NBA Cup,West Group B,,,false,Intuit Dome,Inglewood,CA,in-season,1610612746,1610612740,Clippers,Pelicans,LA,New Orleans,LAC,NOP,0,0,2025-11-01T02:30:00Z
2025-26,01/11/25,22:00,5:00 pm ET,0022500142,,,,,false,Fiserv Forum,Milwaukee,WI,,1610612749,1610612758,Bucks,Kings,Milwaukee,Sacramento,MIL,SAC,0,0,2025-11-01T21:00:00Z
2025-26,01/11/25,23:00,6:00 pm ET,0022500143,,,,,false,Spectrum Center,Charlotte,NC,,1610612766,1610612750,Hornets,Timberwolves,Charlotte,Minnesota,CHA,MIN,0,0,2025-11-01T22:00:00Z
2025-26,02/11/25,00:00,7:00 pm ET,0022500144,,,,,false,Gainbridge Fieldhouse,Indianapolis,IN,,1610612754,1610612744,Pacers,Warriors,Indiana,Golden State,IND,GSW,0,0,2025-11-01T23:00:00Z
2025-26,02/11/25,00:00,7:00 pm ET,0022500145,,,,,false,Capital One Arena,Washington,DC,,1610612764,1610612753,Wizards,Magic,Washington,Orlando,WAS,ORL,0,0,2025-11-01T23:00:00Z
2025-26,02/11/25,01:00,8:00 pm ET,0022500146,,,,,false,TD Garden,Boston,MA,,1610612738,1610612745,Celtics,Rockets,Boston,Houston,BOS,HOU,0,0,2025-11-02T00:00:00Z
2025-26,02/11/25,03:00,10:00 pm ET,0022500147,,NBA Mexico City Game,,Neutral Site,false,Arena CDMX,Mexico City,MX,Global Games,1610612765,1610612742,Pistons,Mavericks,Detroit,Dallas,DET,DAL,0,0,2025-11-02T02:00:00Z
2025-26,02/11/25,21:30,3:30 pm ET,0022500148,,,,,false,Paycom Center,Oklahoma City,OK,,1610612760,1610612740,Thunder,Pelicans,Oklahoma City,New Orleans,OKC,NOP,0,0,2025-11-02T20:30:00Z
2025-26,03/11/25,00:00,6:00 pm ET,0022500149,,,,,false,Barclays Center,Brooklyn,NY,,1610612751,1610612755,Nets,76ers,Brooklyn,Philadelphia,BKN,PHI,0,0,2025-11-02T23:00:00Z
2025-26,03/11/25,00:00,6:00 pm ET,0022500150,,,,,false,Spectrum Center,Charlotte,NC,,1610612766,1610612762,Hornets,Jazz,Charlotte,Utah,CHA,UTA,0,0,2025-11-02T23:00:00Z
2025-26,03/11/25,00:00,6:00 pm ET,0022500151,,,,,false,Rocket Arena,Cleveland,OH,,1610612739,1610612737,Cavaliers,Hawks,Cleveland,Atlanta,CLE,ATL,0,0,2025-11-02T23:00:00Z
2025-26,03/11/25,00:00,6:00 pm ET,0022500152,,,,,false,Scotiabank Arena,Toronto,ON,,1610612761,1610612763,Raptors,Grizzlies,Toronto,Memphis,TOR,MEM,0,0,2025-11-02T23:00:00Z
2025-26,03/11/25,01:00,7:00 pm ET,0022500153,,,,,false,Madison Square Garden,New York,NY,,1610612752,1610612741,Knicks,Bulls,New York,Chicago,NYK,CHI,0,0,2025-11-03T00:00:00Z
2025-26,03/11/25,02:00,8:00 pm ET,0022500154,,,,,false,Mortgage Matchup Center,Phoenix,AZ,,1610612756,1610612759,Suns,Spurs,Phoenix,San Antonio,PHX,SAS,0,0,2025-11-03T01:00:00Z
2025-26,03/11/25,03:30,9:30 pm ET,0022500155,,,,,false,Crypto.com Arena,Los Angeles,CA,,1610612747,1610612748,Lakers,Heat,Los Angeles,Miami,LAL,MIA,0,0,2025-11-03T02:30:00Z
2025-26,04/11/25,01:00,7:00 pm ET,0022500156,,,,,false,Barclays Center,Brooklyn,NY,,1610612751,1610612750,Nets,Timberwolves,Brooklyn,Minnesota,BKN,MIN,0,0,2025-11-04T00:00:00Z
2025-26,04/11/25,01:00,7:00 pm ET,0022500157,,,,,false,Gainbridge Fieldhouse,Indianapolis,IN,,1610612754,1610612749,Pacers,Bucks,Indiana,Milwaukee,IND,MIL,0,0,2025-11-04T00:00:00Z
2025-26,04/11/25,01:30,7:30 pm ET,0022500158,,,,,false,TD Garden,Boston,MA,,1610612738,1610612762,Celtics,Jazz,Boston,Utah,BOS,UTA,0,0,2025-11-04T00:30:00Z
2025-26,04/11/25,01:30,7:30 pm ET,0022500159,,,,,false,Madison Square Garden,New York,NY,,1610612752,1610612764,Knicks,Wizards,New York,Washington,NYK,WAS,0,0,2025-11-04T00:30:00Z
2025-26,04/11/25,02:00,8:00 pm ET,0022500160,,,,,false,Toyota Center,Houston,TX,,1610612745,1610612742,Rockets,Mavericks,Houston,Dallas,HOU,DAL,0,0,2025-11-04T01:00:00Z
2025-26,04/11/25,02:00,8:00 pm ET,0022500161,,,,,false,FedExForum,Memphis,TN,,1610612763,1610612765,Grizzlies,Pistons,Memphis,Detroit,MEM,DET,0,0,2025-11-04T01:00:00Z
2025-26,04/11/25,03:00,9:00 pm ET,0022500162,,,,,false,Ball Arena,Denver,CO,,1610612743,1610612758,Nuggets,Kings,Denver,Sacramento,DEN,SAC,0,0,2025-11-04T02:00:00Z
2025-26,04/11/25,04:00,10:00 pm ET,0022500163,,,,,false,Moda Center,Portland,OR,,1610612757,1610612747,Trail Blazers,Lakers,Portland,Los Angeles,POR,LAL,0,0,2025-11-04T03:00:00Z
2025-26,04/11/25,04:30,10:30 pm ET,0022500164,,,,,false,Intuit Dome,Inglewood,CA,,1610612746,1610612748,Clippers,Heat,LA,Miami,LAC,MIA,0,0,2025-11-04T03:30:00Z
2025-26,05/11/25,01:30,7:30 pm ET,0022500165,,,,,false,Scotiabank Arena,Toronto,ON,,1610612761,1610612749,Raptors,Bucks,Toronto,Milwaukee,TOR,MIL,0,0,2025-11-05T00:30:00Z
2025-26,05/11/25,02:00,8:00 pm ET,0022500166,,,,,false,State Farm Arena,Atlanta,GA,,1610612737,1610612753,Hawks,Magic,Atlanta,Orlando,ATL,ORL,0,0,2025-11-05T01:00:00Z
2025-26,05/11/25,02:00,8:00 pm ET,0022500167,,,,,false,United Center,Chicago,IL,,1610612741,1610612755,Bulls,76ers,Chicago,Philadelphia,CHI,PHI,0,0,2025-11-05T01:00:00Z
2025-26,05/11/25,02:00,8:00 pm ET,0022500168,,,,,false,Smoothie King Center,New Orleans,LA,,1610612740,1610612766,Pelicans,Hornets,New Orleans,Charlotte,NOP,CHA,0,0,2025-11-05T01:00:00Z
2025-26,05/11/25,04:00,10:00 pm ET,0022500169,,,,,false,Chase Center,San Francisco,CA,,1610612744,1610612756,Warriors,Suns,Golden State,Phoenix,GSW,PHX,0,0,2025-11-05T03:00:00Z
2025-26,05/11/25,05:00,11:00 pm ET,0022500170,,,,,false,Intuit Dome,Inglewood,CA,,1610612746,1610612760,Clippers,Thunder,LA,Oklahoma City,LAC,OKC,0,0,2025-11-05T04:00:00Z
2025-26,06/11/25,01:00,7:00 pm ET,0022500171,,,,,false,Rocket Arena,Cleveland,OH,,1610612739,1610612755,Cavaliers,76ers,Cleveland,Philadelphia,CLE,PHI,0,0,2025-11-06T00:00:00Z
2025-26,06/11/25,01:00,7:00 pm ET,0022500172,,,,,false,Little Caesars Arena,Detroit,MI,,1610612765,1610612762,Pistons,Jazz,Detroit,Utah,DET,UTA,0,0,2025-11-06T00:00:00Z
2025-26,06/11/25,01:00,7:00 pm ET,0022500173,,,,,false,Gainbridge Fieldhouse,Indianapolis,IN,,1610612754,1610612751,Pacers,Nets,Indiana,Brooklyn,IND,BKN,0,0,2025-11-06T00:00:00Z
2025-26,06/11/25,01:30,7:30 pm ET,0022500174,,,,,false,TD Garden,Boston,MA,,1610612738,1610612764,Celtics,Wizards,Boston,Washington,BOS,WAS,0,0,2025-11-06T00:30:00Z
2025-26,06/11/25,01:30,7:30 pm ET,0022500175,,,,,false,Madison Square Garden,New York,NY,,1610612752,1610612750,Knicks,Timberwolves,New York,Minnesota,NYK,MIN,0,0,2025-11-06T00:30:00Z
2025-26,06/11/25,02:00,8:00 pm ET,0022500176,,,,,false,FedExForum,Memphis,TN,,1610612763,1610612745,Grizzlies,Rockets,Memphis,Houston,MEM,HOU,0,0,2025-11-06T01:00:00Z
2025-26,06/11/25,02:30,8:30 pm ET,0022500177,,,,,false,American Airlines Center,Dallas,TX,,1610612742,1610612740,Mavericks,Pelicans,Dallas,New Orleans,DAL,NOP,0,0,2025-11-06T01:30:00Z
2025-26,06/11/25,03:00,9:00 pm ET,0022500178,,,,,false,Ball Arena,Denver,CO,,1610612743,1610612748,Nuggets,Heat,Denver,Miami,DEN,MIA,0,0,2025-11-06T02:00:00Z
2025-26,06/11/25,04:00,10:00 pm ET,0022500179,,,,,false,Crypto.com Arena,Los Angeles,CA,,1610612747,1610612759,Lakers,Spurs,Los Angeles,San Antonio,LAL,SAS,0,0,2025-11-06T03:00:00Z
2025-26,06/11/25,04:00,10:00 pm ET,0022500180,,,,,false,Moda Center,Portland,OR,,1610612757,1610612760,Trail Blazers,Thunder,Portland,Oklahoma City,POR,OKC,0,0,2025-11-06T03:00:00Z
2025-26,06/11/25,04:00,10:00 pm ET,0022500181,,,,,false,Golden 1 Center,Sacramento,CA,,1610612758,1610612744,Kings,Warriors,Sacramento,Golden State,SAC,GSW,0,0,2025-11-06T03:00:00Z
2025-26,07/11/25,03:00,9:00 pm ET,0022500182,,,,,false,Mortgage Matchup Center,Phoenix,AZ,,1610612756,1610612746,Suns,Clippers,Phoenix,LA,PHX,LAC,0,0,2025-11-07T02:00:00Z
2025-26,08/11/25,01:00,7:00 pm ET,0022500028,Emirates NBA Cup,East Group B,,,false,Kia Center,Orlando,FL,in-season,1610612753,1610612738,Magic,Celtics,Orlando,Boston,ORL,BOS,0,0,2025-11-08T00:00:00Z
2025-26,08/11/25,01:00,7:00 pm ET,0022500029,Emirates NBA Cup,East Group A,,,false,Capital One Arena,Washington,DC,in-season,1610612764,1610612739,Wizards,Cavaliers,Washington,Cleveland,WAS,CLE,0,0,2025-11-08T00:00:00Z
2025-26,08/11/25,01:30,7:30 pm ET,0022500030,Emirates NBA Cup,East Group A,,,false,State Farm Arena,Atlanta,GA,in-season,1610612737,1610612761,Hawks,Raptors,Atlanta,Toronto,ATL,TOR,0,0,2025-11-08T00:30:00Z
2025-26,08/11/25,01:30,7:30 pm ET,0022500031,Emirates NBA Cup,East Group B,,,false,Barclays Center,Brooklyn,NY,in-season,1610612751,1610612765,Nets,Pistons,Brooklyn,Detroit,BKN,DET,0,0,2025-11-08T00:30:00Z
2025-26,08/11/25,01:30,7:30 pm ET,0022500032,Emirates NBA Cup,West Group C,,,false,Frost Bank Center,San Antonio,TX,in-season,1610612759,1610612745,Spurs,Rockets,San Antonio,Houston,SAS,HOU,0,0,2025-11-08T00:30:00Z
2025-26,08/11/25,02:00,8:00 pm ET,0022500033,Emirates NBA Cup,East Group C,,,false,Kaseya Center,Miami,FL,in-season,1610612748,1610612766,Heat,Hornets,Miami,Charlotte,MIA,CHA,0,0,2025-11-08T01:00:00Z
2025-26,08/11/25,02:00,8:00 pm ET,0022500034,Emirates NBA Cup,West Group B,,,false,FedExForum,Memphis,TN,in-season,1610612763,1610612742,Grizzlies,Mavericks,Memphis,Dallas,MEM,DAL,0,0,2025-11-08T01:00:00Z
2025-26,08/11/25,02:00,8:00 pm ET,0022500035,Emirates NBA Cup,East Group C,,,false,Fiserv Forum,Milwaukee,WI,in-season,1610612749,1610612741,Bucks,Bulls,Milwaukee,Chicago,MIL,CHI,0,0,2025-11-08T01:00:00Z
2025-26,08/11/25,02:00,8:00 pm ET,0022500036,Emirates NBA Cup,West Group A,,,false,Target Center,Minneapolis,MN,in-season,1610612750,1610612762,Timberwolves,Jazz,Minnesota,Utah,MIN,UTA,0,0,2025-11-08T01:00:00Z
2025-26,08/11/25,04:00,10:00 pm ET,0022500037,Emirates NBA Cup,West Group C,,,false,Ball Arena,Denver,CO,in-season,1610612743,1610612744,Nuggets,Warriors,Denver,Golden State,DEN,GSW,0,0,2025-11-08T03:00:00Z
2025-26,08/11/25,04:00,10:00 pm ET,0022500038,Emirates NBA Cup,West Group A,,,false,Golden 1 Center,Sacramento,CA,in-season,1610612758,1610612760,Kings,Thunder,Sacramento,Oklahoma City,SAC,OKC,0,0,2025-11-08T03:00:00Z
2025-26,09/11/25,01:00,7:00 pm ET,0022500183,,,,,false,Capital One Arena,Washington,DC,,1610612764,1610612742,Wizards,Mavericks,Washington,Dallas,WAS,DAL,0,0,2025-11-09T00:00:00Z
2025-26,09/11/25,01:30,7:30 pm ET,0022500184,,,,,false,Xfinity Mobile Arena,Philadelphia,PA,,1610612755,1610612761,76ers,Raptors,Philadelphia,Toronto,PHI,TOR,0,0,2025-11-09T00:30:00Z
2025-26,09/11/25,02:00,8:00 pm ET,0022500185,,,,,false,State Farm Arena,Atlanta,GA,,1610612737,1610612747,Hawks,Lakers,Atlanta,Los Angeles,ATL,LAL,0,0,2025-11-09T01:00:00Z
2025-26,09/11/25,02:00,8:00 pm ET,0022500186,,,,,false,Rocket Arena,Cleveland,OH,,1610612739,1610612741,Cavaliers,Bulls,Cleveland,Chicago,CLE,CHI,0,0,2025-11-09T01:00:00Z
2025-26,09/11/25,02:00,8:00 pm ET,0022500187,,,,,false,Kaseya Center,Miami,FL,,1610612748,1610612757,Heat,Trail Blazers,Miami,Portland,MIA,POR,0,0,2025-11-09T01:00:00Z
2025-26,09/11/25,02:00,8:00 pm ET,0022500188,,,,,false,Frost Bank Center,San Antonio,TX,,1610612759,1610612740,Spurs,Pelicans,San Antonio,New Orleans,SAS,NOP,0,0,2025-11-09T01:00:00Z
2025-26,09/11/25,03:00,9:00 pm ET,0022500189,,,,,false,Ball Arena,Denver,CO,,1610612743,1610612754,Nuggets,Pacers,Denver,Indiana,DEN,IND,0,0,2025-11-09T02:00:00Z
2025-26,09/11/25,04:30,10:30 pm ET,0022500190,,,,,false,Intuit Dome,Inglewood,CA,,1610612746,1610612756,Clippers,Suns,LA,Phoenix,LAC,PHX,0,0,2025-11-09T03:30:00Z
2025-26,09/11/25,21:30,3:30 pm ET,0022500191,,,,,false,Fiserv Forum,Milwaukee,WI,,1610612749,1610612745,Bucks,Rockets,Milwaukee,Houston,MIL,HOU,0,0,2025-11-09T20:30:00Z
2025-26,10/11/25,00:00,6:00 pm ET,0022500192,,,,,false,Madison Square Garden,New York,NY,,1610612752,1610612751,Knicks,Nets,New York,Brooklyn,NYK,BKN,0,0,2025-11-09T23:00:00Z
2025-26,10/11/25,00:00,6:00 pm ET,0022500193,,,,,false,Kia Center,Orlando,FL,,1610612753,1610612738,Magic,Celtics,Orlando,Boston,ORL,BOS,0,0,2025-11-09T23:00:00Z
2025-26,10/11/25,00:00,6:00 pm ET,0022500194,,,,,false,FedExForum,Memphis,TN,,1610612763,1610612760,Grizzlies,Thunder,Memphis,Oklahoma City,MEM,OKC,0,0,2025-11-09T23:00:00Z
2025-26,10/11/25,01:30,7:30 pm ET,0022500195,,,,,false,Xfinity Mobile Arena,Philadelphia,PA,,1610612755,1610612765,76ers,Pistons,Philadelphia,Detroit,PHI,DET,0,0,2025-11-10T00:30:00Z
2025-26,10/11/25,02:30,8:30 pm ET,0022500196,,,,,false,Chase Center,San Francisco,CA,,1610612744,1610612754,Warriors,Pacers,Golden State,Indiana,GSW,IND,0,0,2025-11-10T01:30:00Z
2025-26,10/11/25,03:00,9:00 pm ET,0022500197,,,,,false,Golden 1 Center,Sacramento,CA,,1610612758,1610612750,Kings,Timberwolves,Sacramento,Minnesota,SAC,MIN,0,0,2025-11-10T02:00:00Z
2025-26,11/11/25,01:00,7:00 pm ET,0022500198,,,,,false,Spectrum Center,Charlotte,NC,,1610612766,1610612747,Hornets,Lakers,Charlotte,Los Angeles,CHA,LAL,0,0,2025-11-11T00:00:00Z
2025-26,11/11/25,01:00,7:00 pm ET,0022500199,,,,,false,Little Caesars Arena,Detroit,MI,,1610612765,1610612764,Pistons,Wizards,Detroit,Washington,DET,WAS,0,0,2025-11-11T00:00:00Z
2025-26,11/11/25,01:00,7:00 pm ET,0022500200,,,,,false,Kia Center,Orlando,FL,,1610612753,1610612757,Magic,Trail Blazers,Orlando,Portland,ORL,POR,0,0,2025-11-11T00:00:00Z
2025-26,11/11/25,01:30,7:30 pm ET,0022500201,,,,,false,Kaseya Center,Miami,FL,,1610612748,1610612739,Heat,Cavaliers,Miami,Cleveland,MIA,CLE,0,0,2025-11-11T00:30:00Z
2025-26,11/11/25,02:00,8:00 pm ET,0022500202,,,,,false,United Center,Chicago,IL,,1610612741,1610612759,Bulls,Spurs,Chicago,San Antonio,CHI,SAS,0,0,2025-11-11T01:00:00Z
2025-26,11/11/25,02:30,8:30 pm ET,0022500203,,,,,false,American Airlines Center,Dallas,TX,,1610612742,1610612749,Mavericks,Bucks,Dallas,Milwaukee,DAL,MIL,0,0,2025-11-11T01:30:00Z
2025-26,11/11/25,03:00,9:00 pm ET,0022500204,,,,,false,Mortgage Matchup Center,Phoenix,AZ,,1610612756,1610612740,Suns,Pelicans,Phoenix,New Orleans,PHX,NOP,0,0,2025-11-11T02:00:00Z
2025-26,11/11/25,03:00,9:00 pm ET,0022500205,,,,,false,Delta Center,Salt Lake City,UT,,1610612762,1610612750,Jazz,Timberwolves,Utah,Minnesota,UTA,MIN,0,0,2025-11-11T02:00:00Z
2025-26,11/11/25,04:30,10:30 pm ET,0022500206,,,,,false,Intuit Dome,Inglewood,CA,,1610612746,1610612737,Clippers,Hawks,LA,Atlanta,LAC,ATL,0,0,2025-11-11T03:30:00Z
2025-26,12/11/25,01:30,7:30 pm ET,0022500207,,,,,false,Barclays Center,Brooklyn,NY,,1610612751,1610612761,Nets,Raptors,Brooklyn,Toronto,BKN,TOR,0,0,2025-11-12T00:30:00Z
2025-26,12/11/25,01:30,7:30 pm ET,0022500208,,,,,false,Madison Square Garden,New York,NY,,1610612752,1610612763,Knicks,Grizzlies,New York,Memphis,NYK,MEM,0,0,2025-11-12T00:30:00Z
2025-26,12/11/25,02:00,8:00 pm ET,0022500209,,,,,false,Xfinity Mobile Arena,Philadelphia,PA,,1610612755,1610612738,76ers,Celtics,Philadelphia,Boston,PHI,BOS,0,0,2025-11-12T01:00:00Z
2025-26,12/11/25,02:00,8:00 pm ET,0022500210,,,,,false,Paycom Center,Oklahoma City,OK,,1610612760,1610612744,Thunder,Warriors,Oklahoma City,Golden State,OKC,GSW,0,0,2025-11-12T01:00:00Z
2025-26,12/11/25,03:00,9:00 pm ET,0022500211,,,,,false,Delta Center,Salt Lake City,UT,,1610612762,1610612754,Jazz,Pacers,Utah,Indiana,UTA,IND,0,0,2025-11-12T02:00:00Z
2025-26,12/11/25,05:00,11:00 pm ET,0022500212,,,,,false,Golden 1 Center,Sacramento,CA,,1610612758,1610612743,Kings,Nuggets,Sacramento,Denver,SAC,DEN,0,0,2025-11-12T04:00:00Z
2025-26,13/11/25,01:00,7:00 pm ET,0022500213,,,,,false,Spectrum Center,Charlotte,NC,,1610612766,1610612749,Hornets,Bucks,Charlotte,Milwaukee,CHA,MIL,0,0,2025-11-13T00:00:00Z
2025-26,13/11/25,01:00,7:00 pm ET,0022500214,,,,,false,Little Caesars Arena,Detroit,MI,,1610612765,1610612741,Pistons,Bulls,Detroit,Chicago,DET,CHI,0,0,2025-11-13T00:00:00Z
2025-26,13/11/25,01:00,7:00 pm ET,0022500215,,,,,false,Madison Square Garden,New York,NY,,1610612752,1610612753,Knicks,Magic,New York,Orlando,NYK,ORL,0,0,2025-11-13T00:00:00Z
2025-26,13/11/25,01:30,7:30 pm ET,0022500216,,,,,false,TD Garden,Boston,MA,,1610612738,1610612763,Celtics,Grizzlies,Boston,Memphis,BOS,MEM,0,0,2025-11-13T00:30:00Z
2025-26,13/11/25,01:30,7:30 pm ET,0022500217,,,,,false,Kaseya Center,Miami,FL,,1610612748,1610612739,Heat,Cavaliers,Miami,Cleveland,MIA,CLE,0,0,2025-11-13T00:30:00Z
2025-26,13/11/25,02:00,8:00 pm ET,0022500218,,,,,false,Toyota Center,Houston,TX,,1610612745,1610612764,Rockets,Wizards,Houston,Washington,HOU,WAS,0,0,2025-11-13T01:00:00Z
2025-26,13/11/25,02:00,8:00 pm ET,0022500219,,,,,false,Smoothie King Center,New Orleans,LA,,1610612740,1610612757,Pelicans,Trail Blazers,New Orleans,Portland,NOP,POR,0,0,2025-11-13T01:00:00Z
2025-26,13/11/25,02:00,8:00 pm ET,0022500220,,,,,false,Frost Bank Center,San Antonio,TX,,1610612759,1610612744,Spurs,Warriors,San Antonio,Golden State,SAS,GSW,0,0,2025-11-13T01:00:00Z
2025-26,13/11/25,02:30,8:30 pm ET,0022500221,,,,,false,American Airlines Center,Dallas,TX,,1610612742,1610612756,Mavericks,Suns,Dallas,Phoenix,DAL,PHX,0,0,2025-11-13T01:30:00Z
2025-26,13/11/25,03:30,9:30 pm ET,0022500222,,,,,false,Paycom Center,Oklahoma City,OK,,1610612760,1610612747,Thunder,Lakers,Oklahoma City,Los Angeles,OKC,LAL,0,0,2025-11-13T02:30:00Z
2025-26,13/11/25,04:00,10:00 pm ET,0022500223,,,,,false,Golden 1 Center,Sacramento,CA,,1610612758,1610612737,Kings,Hawks,Sacramento,Atlanta,SAC,ATL,0,0,2025-11-13T03:00:00Z
2025-26,13/11/25,04:30,10:30 pm ET,0022500224,,,,,false,Intuit Dome,Inglewood,CA,,1610612746,1610612743,Clippers,Nuggets,LA,Denver,LAC,DEN,0,0,2025-11-13T03:30:00Z
2025-26,14/11/25,01:00,7:00 pm ET,0022500225,,,,,false,Rocket Arena,Cleveland,OH,,1610612739,1610612761,Cavaliers,Raptors,Cleveland,Toronto,CLE,TOR,0,0,2025-11-14T00:00:00Z
2025-26,14/11/25,03:00,9:00 pm ET,0022500226,,,,,false,Mortgage Matchup Center,Phoenix,AZ,,1610612756,1610612754,Suns,Pacers,Phoenix,Indiana,PHX,IND,0,0,2025-11-14T02:00:00Z
2025-26,14/11/25,03:00,9:00 pm ET,0022500227,,,,,false,Delta Center,Salt Lake City,UT,,1610612762,1610612737,Jazz,Hawks,Utah,Atlanta,UTA,ATL,0,0,2025-11-14T02:00:00Z
2025-26,15/11/25,01:00,7:00 pm ET,0022500039,Emirates NBA Cup,East Group C,,,false,Madison Square Garden,New York,NY,in-season,1610612752,1610612748,Knicks,Heat,New York,Miami,NYK,MIA,0,0,2025-11-15T00:00:00Z
2025-26,15/11/25,01:00,7:00 pm ET,0022500040,Emirates NBA Cup,East Group B,,,false,Kia Center,Orlando,FL,in-season,1610612753,1610612751,Magic,Nets,Orlando,Brooklyn,ORL,BKN,0,0,2025-11-15T00:00:00Z
2025-26,15/11/25,01:30,7:30 pm ET,0022500041,Emirates NBA Cup,East Group B,,,false,Little Caesars Arena,Detroit,MI,in-season,1610612765,1610612755,Pistons,76ers,Detroit,Philadelphia,DET,PHI,0,0,2025-11-15T00:30:00Z
2025-26,15/11/25,02:00,8:00 pm ET,0022500042,Emirates NBA Cup,West Group C,,,false,Toyota Center,Houston,TX,in-season,1610612745,1610612757,Rockets,Trail Blazers,Houston,Portland,HOU,POR,0,0,2025-11-15T01:00:00Z
2025-26,15/11/25,02:00,8:00 pm ET,0022500043,Emirates NBA Cup,East Group C,,,false,Fiserv Forum,Milwaukee,WI,in-season,1610612749,1610612766,Bucks,Hornets,Milwaukee,Charlotte,MIL,CHA,0,0,2025-11-15T01:00:00Z
2025-26,15/11/25,02:00,8:00 pm ET,0022500044,Emirates NBA Cup,West Group A,,,false,Target Center,Minneapolis,MN,in-season,1610612750,1610612758,Timberwolves,Kings,Minnesota,Sacramento,MIN,SAC,0,0,2025-11-15T01:00:00Z
2025-26,15/11/25,02:00,8:00 pm ET,0022500045,Emirates NBA Cup,West Group B,,,false,Smoothie King Center,New Orleans,LA,in-season,1610612740,1610612747,Pelicans,Lakers,New Orleans,Los Angeles,NOP,LAL,0,0,2025-11-15T01:00:00Z
2025-26,15/11/25,02:30,8:30 pm ET,0022500046,Emirates NBA Cup,West Group B,,,false,American Airlines Center,Dallas,TX,in-season,1610612742,1610612746,Mavericks,Clippers,Dallas,LA,DAL,LAC,0,0,2025-11-15T01:30:00Z
2025-26,15/11/25,03:30,9:30 pm ET,0022500047,Emirates NBA Cup,West Group C,,,false,Frost Bank Center,San Antonio,TX,in-season,1610612759,1610612744,Spurs,Warriors,San Antonio,Golden State,SAS,GSW,0,0,2025-11-15T02:30:00Z
2025-26,15/11/25,23:00,5:00 pm ET,0022500228,,,,,false,Rocket Arena,Cleveland,OH,,1610612739,1610612763,Cavaliers,Grizzlies,Cleveland,Memphis,CLE,MEM,0,0,2025-11-15T22:00:00Z
2025-26,16/11/25,01:00,7:00 pm ET,0022500229,,,,,false,Spectrum Center,Charlotte,NC,,1610612766,1610612760,Hornets,Thunder,Charlotte,Oklahoma City,CHA,OKC,0,0,2025-11-16T00:00:00Z
2025-26,16/11/25,01:00,7:00 pm ET,0022500230,,,,,false,Gainbridge Fieldhouse,Indianapolis,IN,,1610612754,1610612761,Pacers,Raptors,Indiana,Toronto,IND,TOR,0,0,2025-11-16T00:00:00Z
2025-26,16/11/25,02:00,8:00 pm ET,0022500231,,,,,false,Fiserv Forum,Milwaukee,WI,,1610612749,1610612747,Bucks,Lakers,Milwaukee,Los Angeles,MIL,LAL,0,0,2025-11-16T01:00:00Z
2025-26,16/11/25,02:00,8:00 pm ET,0022500232,,,,,false,Target Center,Minneapolis,MN,,1610612750,1610612743,Timberwolves,Nuggets,Minnesota,Denver,MIN,DEN,0,0,2025-11-16T01:00:00Z
2025-26,16/11/25,21:30,3:30 pm ET,0022500233,,,,,false,TD Garden,Boston,MA,,1610612738,1610612746,Celtics,Clippers,Boston,LA,BOS,LAC,0,0,2025-11-16T20:30:00Z
2025-26,16/11/25,22:00,4:00 pm ET,0022500234,,,,,false,Frost Bank Center,San Antonio,TX,,1610612759,1610612758,Spurs,Kings,San Antonio,Sacramento,SAS,SAC,0,0,2025-11-16T21:00:00Z
2025-26,17/11/25,00:00,6:00 pm ET,0022500235,,,,,false,Capital One Arena,Washington,DC,,1610612764,1610612751,Wizards,Nets,Washington,Brooklyn,WAS,BKN,0,0,2025-11-16T23:00:00Z
2025-26,17/11/25,01:00,7:00 pm ET,0022500236,,,,,false,Toyota Center,Houston,TX,,1610612745,1610612753,Rockets,Magic,Houston,Orlando,HOU,ORL,0,0,2025-11-17T00:00:00Z
2025-26,17/11/25,01:00,7:00 pm ET,0022500237,,,,,false,Smoothie King Center,New Orleans,LA,,1610612740,1610612744,Pelicans,Warriors,New Orleans,Golden State,NOP,GSW,0,0,2025-11-17T00:00:00Z
2025-26,17/11/25,01:30,7:30 pm ET,0022500238,,,,,false,American Airlines Center,Dallas,TX,,1610612742,1610612757,Mavericks,Trail Blazers,Dallas,Portland,DAL,POR,0,0,2025-11-17T00:30:00Z
2025-26,17/11/25,02:00,8:00 pm ET,0022500239,,,,,false,Mortgage Matchup Center,Phoenix,AZ,,1610612756,1610612737,Suns,Hawks,Phoenix,Atlanta,PHX,ATL,0,0,2025-11-17T01:00:00Z
2025-26,17/11/25,02:00,8:00 pm ET,0022500240,,,,,false,Delta Center,Salt Lake City,UT,,1610612762,1610612741,Jazz,Bulls,Utah,Chicago,UTA,CHI,0,0,2025-11-17T01:00:00Z
2025-26,18/11/25,01:00,7:00 pm ET,0022500241,,,,,false,Rocket Arena,Cleveland,OH,,1610612739,1610612749,Cavaliers,Bucks,Cleveland,Milwaukee,CLE,MIL,0,0,2025-11-18T00:00:00Z
2025-26,18/11/25,01:00,7:00 pm ET,0022500242,,,,,false,Little Caesars Arena,Detroit,MI,,1610612765,1610612754,Pistons,Pacers,Detroit,Indiana,DET,IND,0,0,2025-11-18T00:00:00Z
2025-26,18/11/25,01:00,7:00 pm ET,0022500243,,,,,false,Xfinity Mobile Arena,Philadelphia,PA,,1610612755,1610612746,76ers,Clippers,Philadelphia,LA,PHI,LAC,0,0,2025-11-18T00:00:00Z
2025-26,18/11/25,01:30,7:30 pm ET,0022500244,,,,,false,Kaseya Center,Miami,FL,,1610612748,1610612752,Heat,Knicks,Miami,New York,MIA,NYK,0,0,2025-11-18T00:30:00Z
2025-26,18/11/25,01:30,7:30 pm ET,0022500245,,,,,false,Scotiabank Arena,Toronto,ON,,1610612761,1610612766,Raptors,Hornets,Toronto,Charlotte,TOR,CHA,0,0,2025-11-18T00:30:00Z
2025-26,18/11/25,02:00,8:00 pm ET,0022500246,,,,,false,Target Center,Minneapolis,MN,,1610612750,1610612742,Timberwolves,Mavericks,Minnesota,Dallas,MIN,DAL,0,0,2025-11-18T01:00:00Z
2025-26,18/11/25,02:00,8:00 pm ET,0022500247,,,,,false,Smoothie King Center,New Orleans,LA,,1610612740,1610612760,Pelicans,Thunder,New Orleans,Oklahoma City,NOP,OKC,0,0,2025-11-18T01:00:00Z
2025-26,18/11/25,03:00,9:00 pm ET,0022500248,,,,,false,Ball Arena,Denver,CO,,1610612743,1610612741,Nuggets,Bulls,Denver,Chicago,DEN,CHI,0,0,2025-11-18T02:00:00Z
2025-26,19/11/25,01:00,7:00 pm ET,0022500249,,,,,false,Kia Center,Orlando,FL,,1610612753,1610612744,Magic,Warriors,Orlando,Golden State,ORL,GSW,0,0,2025-11-19T00:00:00Z
2025-26,19/11/25,01:30,7:30 pm ET,0022500250,,,,,false,Barclays Center,Brooklyn,NY,,1610612751,1610612738,Nets,Celtics,Brooklyn,Boston,BKN,BOS,0,0,2025-11-19T00:30:00Z
2025-26,19/11/25,02:00,8:00 pm ET,0022500251,,,,,false,State Farm Arena,Atlanta,GA,,1610612737,1610612765,Hawks,Pistons,Atlanta,Detroit,ATL,DET,0,0,2025-11-19T01:00:00Z
2025-26,19/11/25,02:00,8:00 pm ET,0022500252,,,,,false,Frost Bank Center,San Antonio,TX,,1610612759,1610612763,Spurs,Grizzlies,San Antonio,Memphis,SAS,MEM,0,0,2025-11-19T01:00:00Z
2025-26,19/11/25,04:30,10:30 pm ET,0022500253,,,,,false,Crypto.com Arena,Los Angeles,CA,,1610612747,1610612762,Lakers,Jazz,Los Angeles,Utah,LAL,UTA,0,0,2025-11-19T03:30:00Z
2025-26,19/11/25,05:00,11:00 pm ET,0022500254,,,,,false,Moda Center,Portland,OR,,1610612757,1610612756,Trail Blazers,Suns,Portland,Phoenix,POR,PHX,0,0,2025-11-19T04:00:00Z
2025-26,20/11/25,01:00,7:00 pm ET,0022500255,,,,,false,Rocket Arena,Cleveland,OH,,1610612739,1610612745,Cavaliers,Rockets,Cleveland,Houston,CLE,HOU,0,0,2025-11-20T00:00:00Z
2025-26,20/11/25,01:00,7:00 pm ET,0022500256,,,,,false,Gainbridge Fieldhouse,Indianapolis,IN,,1610612754,1610612766,Pacers,Hornets,Indiana,Charlotte,IND,CHA,0,0,2025-11-20T00:00:00Z
2025-26,20/11/25,01:00,7:00 pm ET,0022500257,,,,,false,Kaseya Center,Miami,FL,,1610612748,1610612744,Heat,Warriors,Miami,Golden State,MIA,GSW,0,0,2025-11-20T00:00:00Z
2025-26,20/11/25,01:00,7:00 pm ET,0022500258,,,,,false,Xfinity Mobile Arena,Philadelphia,PA,,1610612755,1610612761,76ers,Raptors,Philadelphia,Toronto,PHI,TOR,0,0,2025-11-20T00:00:00Z
2025-26,20/11/25,02:00,8:00 pm ET,0022500259,,,,,false,Target Center,Minneapolis,MN,,1610612750,1610612764,Timberwolves,Wizards,Minnesota,Washington,MIN,WAS,0,0,2025-11-20T01:00:00Z
2025-26,20/11/25,02:00,8:00 pm ET,0022500260,,,,,false,Smoothie King Center,New Orleans,LA,,1610612740,1610612743,Pelicans,Nuggets,New Orleans,Denver,NOP,DEN,0,0,2025-11-20T01:00:00Z
2025-26,20/11/25,02:00,8:00 pm ET,0022500261,,,,,false,Paycom Center,Oklahoma City,OK,,1610612760,1610612758,Thunder,Kings,Oklahoma City,Sacramento,OKC,SAC,0,0,2025-11-20T01:00:00Z
2025-26,20/11/25,03:30,9:30 pm ET,0022500262,,,,,false,American Airlines Center,Dallas,TX,,1610612742,1610612752,Mavericks,Knicks,Dallas,New York,DAL,NYK,0,0,2025-11-20T02:30:00Z
2025-26,20/11/25,04:00,10:00 pm ET,0022500263,,,,,false,Moda Center,Portland,OR,,1610612757,1610612741,Trail Blazers,Bulls,Portland,Chicago,POR,CHI,0,0,2025-11-20T03:00:00Z
2025-26,21/11/25,01:00,7:00 pm ET,0022500264,,,,,false,Kia Center,Orlando,FL,,1610612753,1610612746,Magic,Clippers,Orlando,LA,ORL,LAC,0,0,2025-11-21T00:00:00Z
2025-26,21/11/25,02:00,8:00 pm ET,0022500265,,,,,false,FedExForum,Memphis,TN,,1610612763,1610612758,Grizzlies,Kings,Memphis,Sacramento,MEM,SAC,0,0,2025-11-21T01:00:00Z
2025-26,21/11/25,02:00,8:00 pm ET,0022500266,,,,,false,Fiserv Forum,Milwaukee,WI,,1610612749,1610612755,Bucks,76ers,Milwaukee,Philadelphia,MIL,PHI,0,0,2025-11-21T01:00:00Z
2025-26,21/11/25,02:00,8:00 pm ET,0022500267,,,,,false,Frost Bank Center,San Antonio,TX,,1610612759,1610612737,Spurs,Hawks,San Antonio,Atlanta,SAS,ATL,0,0,2025-11-21T01:00:00Z
2025-26,22/11/25,01:00,7:00 pm ET,0022500048,Emirates NBA Cup,East Group A,,,false,Rocket Arena,Cleveland,OH,in-season,1610612739,1610612754,Cavaliers,Pacers,Cleveland,Indiana,CLE,IND,0,0,2025-11-22T00:00:00Z
2025-26,22/11/25,01:30,7:30 pm ET,0022500049,Emirates NBA Cup,East Group B,,,false,TD Garden,Boston,MA,in-season,1610612738,1610612751,Celtics,Nets,Boston,Brooklyn,BOS,BKN,0,0,2025-11-22T00:30:00Z
2025-26,22/11/25,01:30,7:30 pm ET,0022500050,Emirates NBA Cup,East Group A,,,false,Scotiabank Arena,Toronto,ON,in-season,1610612761,1610612764,Raptors,Wizards,Toronto,Washington,TOR,WAS,0,0,2025-11-22T00:30:00Z
2025-26,22/11/25,02:00,8:00 pm ET,0022500051,Emirates NBA Cup,East Group C,,,false,United Center,Chicago,IL,in-season,1610612741,1610612748,Bulls,Heat,Chicago,Miami,CHI,MIA,0,0,2025-11-22T01:00:00Z
2025-26,22/11/25,02:30,8:30 pm ET,0022500052,Emirates NBA Cup,West Group B,,,false,American Airlines Center,Dallas,TX,in-season,1610612742,1610612740,Mavericks,Pelicans,Dallas,New Orleans,DAL,NOP,0,0,2025-11-22T01:30:00Z
2025-26,22/11/25,03:00,9:00 pm ET,0022500053,Emirates NBA Cup,West Group A,,,false,Mortgage Matchup Center,Phoenix,AZ,in-season,1610612756,1610612750,Suns,Timberwolves,Phoenix,Minnesota,PHX,MIN,0,0,2025-11-22T02:00:00Z
2025-26,22/11/25,03:30,9:30 pm ET,0022500054,Emirates NBA Cup,West Group C,,,false,Toyota Center,Houston,TX,in-season,1610612745,1610612743,Rockets,Nuggets,Houston,Denver,HOU,DEN,0,0,2025-11-22T02:30:00Z
2025-26,22/11/25,04:00,10:00 pm ET,0022500055,Emirates NBA Cup,West Group A,,,false,Delta Center,Salt Lake City,UT,in-season,1610612762,1610612760,Jazz,Thunder,Utah,Oklahoma City,UTA,OKC,0,0,2025-11-22T03:00:00Z
2025-26,22/11/25,04:00,10:00 pm ET,0022500056,Emirates NBA Cup,West Group C,,,false,Chase Center,San Francisco,CA,in-season,1610612744,1610612757,Warriors,Trail Blazers,Golden State,Portland,GSW,POR,0,0,2025-11-22T03:00:00Z
2025-26,22/11/25,19:00,1:00 pm ET,0022500268,,,,,false,Spectrum Center,Charlotte,NC,,1610612766,1610612746,Hornets,Clippers,Charlotte,LA,CHA,LAC,0,0,2025-11-22T18:00:00Z
2025-26,22/11/25,23:00,5:00 pm ET,0022500269,,,,,false,Kia Center,Orlando,FL,,1610612753,1610612752,Magic,Knicks,Orlando,New York,ORL,NYK,0,0,2025-11-22T22:00:00Z
2025-26,23/11/25,01:00,7:00 pm ET,0022500270,,,,,false,Smoothie King Center,New Orleans,LA,,1610612740,1610612737,Pelicans,Hawks,New Orleans,Atlanta,NOP,ATL,0,0,2025-11-23T00:00:00Z
2025-26,23/11/25,02:00,8:00 pm ET,0022500271,,,,,false,United Center,Chicago,IL,,1610612741,1610612764,Bulls,Wizards,Chicago,Washington,CHI,WAS,0,0,2025-11-23T01:00:00Z
2025-26,23/11/25,02:00,8:00 pm ET,0022500272,,,,,false,Fiserv Forum,Milwaukee,WI,,1610612749,1610612765,Bucks,Pistons,Milwaukee,Detroit,MIL,DET,0,0,2025-11-23T01:00:00Z
2025-26,23/11/25,02:30,8:30 pm ET,0022500273,,,,,false,American Airlines Center,Dallas,TX,,1610612742,1610612763,Mavericks,Grizzlies,Dallas,Memphis,DAL,MEM,0,0,2025-11-23T01:30:00Z
2025-26,23/11/25,04:00,10:00 pm ET,0022500274,,,,,false,Ball Arena,Denver,CO,,1610612743,1610612758,Nuggets,Kings,Denver,Sacramento,DEN,SAC,0,0,2025-11-23T03:00:00Z
2025-26,23/11/25,19:00,1:00 pm ET,0022500275,,,,,false,Xfinity Mobile Arena,Philadelphia,PA,,1610612755,1610612748,76ers,Heat,Philadelphia,Miami,PHI,MIA,0,0,2025-11-23T18:00:00Z
2025-26,24/11/25,00:00,6:00 pm ET,0022500276,,,,,false,State Farm Arena,Atlanta,GA,,1610612737,1610612766,Hawks,Hornets,Atlanta,Charlotte,ATL,CHA,0,0,2025-11-23T23:00:00Z
2025-26,24/11/25,00:00,6:00 pm ET,0022500277,,,,,false,TD Garden,Boston,MA,,1610612738,1610612753,Celtics,Magic,Boston,Orlando,BOS,ORL,0,0,2025-11-23T23:00:00Z
2025-26,24/11/25,00:00,6:00 pm ET,0022500278,,,,,false,Rocket Arena,Cleveland,OH,,1610612739,1610612746,Cavaliers,Clippers,Cleveland,LA,CLE,LAC,0,0,2025-11-23T23:00:00Z
2025-26,24/11/25,00:00,6:00 pm ET,0022500279,,,,,false,Scotiabank Arena,Toronto,ON,,1610612761,1610612751,Raptors,Nets,Toronto,Brooklyn,TOR,BKN,0,0,2025-11-23T23:00:00Z
2025-26,24/11/25,01:00,7:00 pm ET,0022500280,,,,,false,Paycom Center,Oklahoma City,OK,,1610612760,1610612757,Thunder,Trail Blazers,Oklahoma City,Portland,OKC,POR,0,0,2025-11-24T00:00:00Z
2025-26,24/11/25,02:00,8:00 pm ET,0022500281,,,,,false,Mortgage Matchup Center,Phoenix,AZ,,1610612756,1610612759,Suns,Spurs,Phoenix,San Antonio,PHX,SAS,0,0,2025-11-24T01:00:00Z
2025-26,24/11/25,02:00,8:00 pm ET,0022500282,,,,,false,Delta Center,Salt Lake City,UT,,1610612762,1610612747,Jazz,Lakers,Utah,Los Angeles,UTA,LAL,0,0,2025-11-24T01:00:00Z
2025-26,25/11/25,01:00,7:00 pm ET,0022500283,,,,,false,Gainbridge Fieldhouse,Indianapolis,IN,,1610612754,1610612765,Pacers,Pistons,Indiana,Detroit,IND,DET,0,0,2025-11-25T00:00:00Z
2025-26,25/11/25,01:00,7:00 pm ET,0022500284,,,,,false,Scotiabank Arena,Toronto,ON,,1610612761,1610612739,Raptors,Cavaliers,Toronto,Cleveland,TOR,CLE,0,0,2025-11-25T00:00:00Z
2025-26,25/11/25,01:30,7:30 pm ET,0022500285,,,,,false,Barclays Center,Brooklyn,NY,,1610612751,1610612752,Nets,Knicks,Brooklyn,New York,BKN,NYK,0,0,2025-11-25T00:30:00Z
2025-26,25/11/25,01:30,7:30 pm ET,0022500286,,,,,false,Kaseya Center,Miami,FL,,1610612748,1610612742,Heat,Mavericks,Miami,Dallas,MIA,DAL,0,0,2025-11-25T00:30:00Z
2025-26,25/11/25,02:00,8:00 pm ET,0022500287,,,,,false,FedExForum,Memphis,TN,,1610612763,1610612743,Grizzlies,Nuggets,Memphis,Denver,MEM,DEN,0,0,2025-11-25T01:00:00Z
2025-26,25/11/25,02:00,8:00 pm ET,0022500288,,,,,false,Fiserv Forum,Milwaukee,WI,,1610612749,1610612757,Bucks,Trail Blazers,Milwaukee,Portland,MIL,POR,0,0,2025-11-25T01:00:00Z
2025-26,25/11/25,02:00,8:00 pm ET,0022500289,,,,,false,Smoothie King Center,New Orleans,LA,,1610612740,1610612741,Pelicans,Bulls,New Orleans,Chicago,NOP,CHI,0,0,2025-11-25T01:00:00Z
2025-26,25/11/25,03:30,9:30 pm ET,0022500290,,,,,false,Mortgage Matchup Center,Phoenix,AZ,,1610612756,1610612745,Suns,Rockets,Phoenix,Houston,PHX,HOU,0,0,2025-11-25T02:30:00Z
2025-26,25/11/25,04:00,10:00 pm ET,0022500291,,,,,false,Chase Center,San Francisco,CA,,1610612744,1610612762,Warriors,Jazz,Golden State,Utah,GSW,UTA,0,0,2025-11-25T03:00:00Z
2025-26,25/11/25,04:00,10:00 pm ET,0022500292,,,,,false,Golden 1 Center,Sacramento,CA,,1610612758,1610612750,Kings,Timberwolves,Sacramento,Minnesota,SAC,MIN,0,0,2025-11-25T03:00:00Z
2025-26,26/11/25,01:00,7:00 pm ET,0022500057,Emirates NBA Cup,East Group A,,,false,Capital One Arena,Washington,DC,in-season,1610612764,1610612737,Wizards,Hawks,Washington,Atlanta,WAS,ATL,0,0,2025-11-26T00:00:00Z
2025-26,26/11/25,02:00,8:00 pm ET,0022500058,Emirates NBA Cup,East Group B,,,false,Xfinity Mobile Arena,Philadelphia,PA,in-season,1610612755,1610612753,76ers,Magic,Philadelphia,Orlando,PHI,ORL,0,0,2025-11-26T01:00:00Z
2025-26,26/11/25,05:00,11:00 pm ET,0022500059,Emirates NBA Cup,West Group B,,,false,Crypto.com Arena,Los Angeles,CA,in-season,1610612747,1610612746,Lakers,Clippers,Los Angeles,LA,LAL,LAC,0,0,2025-11-26T04:00:00Z
2025-26,26/11/25,23:00,5:00 pm ET,0022500060,Emirates NBA Cup,East Group B,,,false,TD Garden,Boston,MA,in-season,1610612738,1610612765,Celtics,Pistons,Boston,Detroit,BOS,DET,0,0,2025-11-26T22:00:00Z
2025-26,27/11/25,01:00,7:00 pm ET,0022500061,Emirates NBA Cup,East Group C,,,false,Spectrum Center,Charlotte,NC,in-season,1610612766,1610612752,Hornets,Knicks,Charlotte,New York,CHA,NYK,0,0,2025-11-27T00:00:00Z
2025-26,27/11/25,01:30,7:30 pm ET,0022500062,Emirates NBA Cup,East Group C,,,false,Kaseya Center,Miami,FL,in-season,1610612748,1610612749,Heat,Bucks,Miami,Milwaukee,MIA,MIL,0,0,2025-11-27T00:30:00Z
2025-26,27/11/25,01:30,7:30 pm ET,0022500063,Emirates NBA Cup,East Group A,,,false,Scotiabank Arena,Toronto,ON,in-season,1610612761,1610612754,Raptors,Pacers,Toronto,Indiana,TOR,IND,0,0,2025-11-27T00:30:00Z
2025-26,27/11/25,01:30,7:30 pm ET,0022500064,Emirates NBA Cup,West Group A,,,false,Paycom Center,Oklahoma City,OK,in-season,1610612760,1610612750,Thunder,Timberwolves,Oklahoma City,Minnesota,OKC,MIN,0,0,2025-11-27T00:30:00Z
2025-26,27/11/25,02:00,8:00 pm ET,0022500065,Emirates NBA Cup,West Group B,,,false,Smoothie King Center,New Orleans,LA,in-season,1610612740,1610612763,Pelicans,Grizzlies,New Orleans,Memphis,NOP,MEM,0,0,2025-11-27T01:00:00Z
2025-26,27/11/25,04:00,10:00 pm ET,0022500066,Emirates NBA Cup,West Group C,,,false,Chase Center,San Francisco,CA,in-season,1610612744,1610612745,Warriors,Rockets,Golden State,Houston,GSW,HOU,0,0,2025-11-27T03:00:00Z
2025-26,27/11/25,04:00,10:00 pm ET,0022500067,Emirates NBA Cup,West Group C,,,false,Moda Center,Portland,OR,in-season,1610612757,1610612759,Trail Blazers,Spurs,Portland,San Antonio,POR,SAS,0,0,2025-11-27T03:00:00Z
2025-26,27/11/25,04:00,10:00 pm ET,0022500068,Emirates NBA Cup,West Group A,,,false,Golden 1 Center,Sacramento,CA,in-season,1610612758,1610612756,Kings,Suns,Sacramento,Phoenix,SAC,PHX,0,0,2025-11-27T03:00:00Z
2025-26,29/11/25,01:30,7:30 pm ET,0022500069,Emirates NBA Cup,East Group A,,,false,State Farm Arena,Atlanta,GA,in-season,1610612737,1610612739,Hawks,Cavaliers,Atlanta,Cleveland,ATL,CLE,0,0,2025-11-29T00:30:00Z
2025-26,29/11/25,01:30,7:30 pm ET,0022500070,Emirates NBA Cup,East Group B,,,false,Barclays Center,Brooklyn,NY,in-season,1610612751,1610612755,Nets,76ers,Brooklyn,Philadelphia,BKN,PHI,0,0,2025-11-29T00:30:00Z
2025-26,29/11/25,01:30,7:30 pm ET,0022500071,Emirates NBA Cup,East Group C,,,false,Spectrum Center,Charlotte,NC,in-season,1610612766,1610612741,Hornets,Bulls,Charlotte,Chicago,CHA,CHI,0,0,2025-11-29T00:30:00Z
2025-26,29/11/25,01:30,7:30 pm ET,0022500072,Emirates NBA Cup,East Group B,,,false,Little Caesars Arena,Detroit,MI,in-season,1610612765,1610612753,Pistons,Magic,Detroit,Orlando,DET,ORL,0,0,2025-11-29T00:30:00Z
2025-26,29/11/25,01:30,7:30 pm ET,0022500073,Emirates NBA Cup,East Group A,,,false,Gainbridge Fieldhouse,Indianapolis,IN,in-season,1610612754,1610612764,Pacers,Wizards,Indiana,Washington,IND,WAS,0,0,2025-11-29T00:30:00Z
2025-26,29/11/25,01:30,7:30 pm ET,0022500074,Emirates NBA Cup,East Group C,,,false,Madison Square Garden,New York,NY,in-season,1610612752,1610612749,Knicks,Bucks,New York,Milwaukee,NYK,MIL,0,0,2025-11-29T00:30:00Z
2025-26,29/11/25,03:30,9:30 pm ET,0022500075,Emirates NBA Cup,West Group A,,,false,Paycom Center,Oklahoma City,OK,in-season,1610612760,1610612756,Thunder,Suns,Oklahoma City,Phoenix,OKC,PHX,0,0,2025-11-29T02:30:00Z
2025-26,29/11/25,03:30,9:30 pm ET,0022500076,Emirates NBA Cup,West Group C,,,false,Ball Arena,Denver,CO,in-season,1610612743,1610612759,Nuggets,Spurs,Denver,San Antonio,DEN,SAS,0,0,2025-11-29T02:30:00Z
2025-26,29/11/25,03:30,9:30 pm ET,0022500077,Emirates NBA Cup,West Group A,,,false,Delta Center,Salt Lake City,UT,in-season,1610612762,1610612758,Jazz,Kings,Utah,Sacramento,UTA,SAC,0,0,2025-11-29T02:30:00Z
2025-26,29/11/25,04:00,10:00 pm ET,0022500078,Emirates NBA Cup,West Group B,,,false,Crypto.com Arena,Los Angeles,CA,in-season,1610612747,1610612742,Lakers,Mavericks,Los Angeles,Dallas,LAL,DAL,0,0,2025-11-29T03:00:00Z
2025-26,29/11/25,04:00,10:00 pm ET,0022500079,Emirates NBA Cup,West Group B,,,false,Intuit Dome,Inglewood,CA,in-season,1610612746,1610612763,Clippers,Grizzlies,LA,Memphis,LAC,MEM,0,0,2025-11-29T03:00:00Z
2025-26,29/11/25,23:00,5:00 pm ET,0022500293,,,,,false,Target Center,Minneapolis,MN,,1610612750,1610612738,Timberwolves,Celtics,Minnesota,Boston,MIN,BOS,0,0,2025-11-29T22:00:00Z
2025-26,30/11/25,00:00,6:00 pm ET,0022500294,,,,,false,Spectrum Center,Charlotte,NC,,1610612766,1610612761,Hornets,Raptors,Charlotte,Toronto,CHA,TOR,0,0,2025-11-29T23:00:00Z
2025-26,30/11/25,01:30,7:30 pm ET,0022500295,,,,,false,Gainbridge Fieldhouse,Indianapolis,IN,,1610612754,1610612741,Pacers,Bulls,Indiana,Chicago,IND,CHI,0,0,2025-11-30T00:30:00Z
2025-26,30/11/25,02:00,8:00 pm ET,0022500296,,,,,false,Kaseya Center,Miami,FL,,1610612748,1610612765,Heat,Pistons,Miami,Detroit,MIA,DET,0,0,2025-11-30T01:00:00Z
2025-26,30/11/25,02:00,8:00 pm ET,0022500297,,,,,false,Fiserv Forum,Milwaukee,WI,,1610612749,1610612751,Bucks,Nets,Milwaukee,Brooklyn,MIL,BKN,0,0,2025-11-30T01:00:00Z
2025-26,30/11/25,02:30,8:30 pm ET,0022500298,,,,,false,Chase Center,San Francisco,CA,,1610612744,1610612740,Warriors,Pelicans,Golden State,New Orleans,GSW,NOP,0,0,2025-11-30T01:30:00Z
2025-26,30/11/25,03:00,9:00 pm ET,0022500299,,,,,false,Mortgage Matchup Center,Phoenix,AZ,,1610612756,1610612743,Suns,Nuggets,Phoenix,Denver,PHX,DEN,0,0,2025-11-30T02:00:00Z
2025-26,30/11/25,04:00,10:00 pm ET,0022500300,,,,,false,Intuit Dome,Inglewood,CA,,1610612746,1610612742,Clippers,Mavericks,LA,Dallas,LAC,DAL,0,0,2025-11-30T03:00:00Z
2025-26,30/11/25,21:00,3:00 pm ET,0022500301,,,,,false,Delta Center,Salt Lake City,UT,,1610612762,1610612745,Jazz,Rockets,Utah,Houston,UTA,HOU,0,0,2025-11-30T20:00:00Z
2025-26,01/12/25,00:00,6:00 pm ET,0022500302,,,,,false,Rocket Arena,Cleveland,OH,,1610612739,1610612738,Cavaliers,Celtics,Cleveland,Boston,CLE,BOS,0,0,2025-11-30T23:00:00Z
2025-26,01/12/25,00:00,6:00 pm ET,0022500303,,,,,false,Madison Square Garden,New York,NY,,1610612752,1610612761,Knicks,Raptors,New York,Toronto,NYK,TOR,0,0,2025-11-30T23:00:00Z
2025-26,01/12/25,00:00,6:00 pm ET,0022500304,,,,,false,Xfinity Mobile Arena,Philadelphia,PA,,1610612755,1610612737,76ers,Hawks,Philadelphia,Atlanta,PHI,ATL,0,0,2025-11-30T23:00:00Z
2025-26,01/12/25,00:00,6:00 pm ET,0022500305,,,,,false,Moda Center,Portland,OR,,1610612757,1610612760,Trail Blazers,Thunder,Portland,Oklahoma City,POR,OKC,0,0,2025-11-30T23:00:00Z
2025-26,01/12/25,01:00,7:00 pm ET,0022500306,,,,,false,Target Center,Minneapolis,MN,,1610612750,1610612759,Timberwolves,Spurs,Minnesota,San Antonio,MIN,SAS,0,0,2025-12-01T00:00:00Z
2025-26,01/12/25,03:00,9:00 pm ET,0022500307,,,,,false,Golden 1 Center,Sacramento,CA,,1610612758,1610612763,Kings,Grizzlies,Sacramento,Memphis,SAC,MEM,0,0,2025-12-01T02:00:00Z
2025-26,01/12/25,03:30,9:30 pm ET,0022500308,,,,,false,Crypto.com Arena,Los Angeles,CA,,1610612747,1610612740,Lakers,Pelicans,Los Angeles,New Orleans,LAL,NOP,0,0,2025-12-01T02:30:00Z
2025-26,02/12/25,01:00,7:00 pm ET,0022500309,,,,,false,Little Caesars Arena,Detroit,MI,,1610612765,1610612737,Pistons,Hawks,Detroit,Atlanta,DET,ATL,0,0,2025-12-02T00:00:00Z
2025-26,02/12/25,01:00,7:00 pm ET,0022500310,,,,,false,Gainbridge Fieldhouse,Indianapolis,IN,,1610612754,1610612739,Pacers,Cavaliers,Indiana,Cleveland,IND,CLE,0,0,2025-12-02T00:00:00Z
2025-26,02/12/25,01:00,7:00 pm ET,0022500311,,,,,false,Capital One Arena,Washington,DC,,1610612764,1610612749,Wizards,Bucks,Washington,Milwaukee,WAS,MIL,0,0,2025-12-02T00:00:00Z
2025-26,02/12/25,01:30,7:30 pm ET,0022500312,,,,,false,Barclays Center,Brooklyn,NY,,1610612751,1610612766,Nets,Hornets,Brooklyn,Charlotte,BKN,CHA,0,0,2025-12-02T00:30:00Z
2025-26,02/12/25,01:30,7:30 pm ET,0022500313,,,,,false,Kaseya Center,Miami,FL,,1610612748,1610612746,Heat,Clippers,Miami,LA,MIA,LAC,0,0,2025-12-02T00:30:00Z
2025-26,02/12/25,01:30,7:30 pm ET,0022500314,,,,,false,Kia Center,Orlando,FL,,1610612753,1610612741,Magic,Bulls,Orlando,Chicago,ORL,CHI,0,0,2025-12-02T00:30:00Z
2025-26,02/12/25,03:00,9:00 pm ET,0022500315,,,,,false,Ball Arena,Denver,CO,,1610612743,1610612742,Nuggets,Mavericks,Denver,Dallas,DEN,DAL,0,0,2025-12-02T02:00:00Z
2025-26,02/12/25,03:00,9:00 pm ET,0022500316,,,,,false,Delta Center,Salt Lake City,UT,,1610612762,1610612745,Jazz,Rockets,Utah,Houston,UTA,HOU,0,0,2025-12-02T02:00:00Z
2025-26,02/12/25,04:00,10:00 pm ET,0022500317,,,,,false,Crypto.com Arena,Los Angeles,CA,,1610612747,1610612756,Lakers,Suns,Los Angeles,Phoenix,LAL,PHX,0,0,2025-12-02T03:00:00Z
2025-26,03/12/25,01:00,7:00 pm ET,0022500318,,,,,false,Xfinity Mobile Arena,Philadelphia,PA,,1610612755,1610612764,76ers,Wizards,Philadelphia,Washington,PHI,WAS,0,0,2025-12-03T00:00:00Z
2025-26,03/12/25,01:30,7:30 pm ET,0022500319,,,,,false,Scotiabank Arena,Toronto,ON,,1610612761,1610612757,Raptors,Trail Blazers,Toronto,Portland,TOR,POR,0,0,2025-12-03T00:30:00Z
2025-26,03/12/25,02:00,8:00 pm ET,0022500320,,,,,false,TD Garden,Boston,MA,,1610612738,1610612752,Celtics,Knicks,Boston,New York,BOS,NYK,0,0,2025-12-03T01:00:00Z
2025-26,03/12/25,02:00,8:00 pm ET,0022500321,,,,,false,Smoothie King Center,New Orleans,LA,,1610612740,1610612750,Pelicans,Timberwolves,New Orleans,Minnesota,NOP,MIN,0,0,2025-12-03T01:00:00Z
2025-26,03/12/25,02:00,8:00 pm ET,0022500322,,,,,false,Frost Bank Center,San Antonio,TX,,1610612759,1610612763,Spurs,Grizzlies,San Antonio,Memphis,SAS,MEM,0,0,2025-12-03T01:00:00Z
2025-26,03/12/25,05:00,11:00 pm ET,0022500323,,,,,false,Chase Center,San Francisco,CA,,1610612744,1610612760,Warriors,Thunder,Golden State,Oklahoma City,GSW,OKC,0,0,2025-12-03T04:00:00Z
2025-26,04/12/25,01:00,7:00 pm ET,0022500324,,,,,false,Rocket Arena,Cleveland,OH,,1610612739,1610612757,Cavaliers,Trail Blazers,Cleveland,Portland,CLE,POR,0,0,2025-12-04T00:00:00Z
2025-26,04/12/25,01:00,7:00 pm ET,0022500325,,,,,false,Gainbridge Fieldhouse,Indianapolis,IN,,1610612754,1610612743,Pacers,Nuggets,Indiana,Denver,IND,DEN,0,0,2025-12-04T00:00:00Z
2025-26,04/12/25,01:00,7:00 pm ET,0022500326,,,,,false,Kia Center,Orlando,FL,,1610612753,1610612759,Magic,Spurs,Orlando,San Antonio,ORL,SAS,0,0,2025-12-04T00:00:00Z
2025-26,04/12/25,01:30,7:30 pm ET,0022500327,,,,,false,State Farm Arena,Atlanta,GA,,1610612737,1610612746,Hawks,Clippers,Atlanta,LA,ATL,LAC,0,0,2025-12-04T00:30:00Z
2025-26,04/12/25,01:30,7:30 pm ET,0022500328,,,,,false,Madison Square Garden,New York,NY,,1610612752,1610612766,Knicks,Hornets,New York,Charlotte,NYK,CHA,0,0,2025-12-04T00:30:00Z
2025-26,04/12/25,02:00,8:00 pm ET,0022500329,,,,,false,United Center,Chicago,IL,,1610612741,1610612751,Bulls,Nets,Chicago,Brooklyn,CHI,BKN,0,0,2025-12-04T01:00:00Z
2025-26,04/12/25,02:00,8:00 pm ET,0022500330,,,,,false,Toyota Center,Houston,TX,,1610612745,1610612758,Rockets,Kings,Houston,Sacramento,HOU,SAC,0,0,2025-12-04T01:00:00Z
2025-26,04/12/25,02:00,8:00 pm ET,0022500331,,,,,false,Fiserv Forum,Milwaukee,WI,,1610612749,1610612765,Bucks,Pistons,Milwaukee,Detroit,MIL,DET,0,0,2025-12-04T01:00:00Z
2025-26,04/12/25,02:30,8:30 pm ET,0022500332,,,,,false,American Airlines Center,Dallas,TX,,1610612742,1610612748,Mavericks,Heat,Dallas,Miami,DAL,MIA,0,0,2025-12-04T01:30:00Z
2025-26,05/12/25,01:00,7:00 pm ET,0022500333,,,,,false,Xfinity Mobile Arena,Philadelphia,PA,,1610612755,1610612744,76ers,Warriors,Philadelphia,Golden State,PHI,GSW,0,0,2025-12-05T00:00:00Z
2025-26,05/12/25,01:00,7:00 pm ET,0022500334,,,,,false,Capital One Arena,Washington,DC,,1610612764,1610612738,Wizards,Celtics,Washington,Boston,WAS,BOS,0,0,2025-12-05T00:00:00Z
2025-26,05/12/25,01:30,7:30 pm ET,0022500335,,,,,false,Barclays Center,Brooklyn,NY,,1610612751,1610612762,Nets,Jazz,Brooklyn,Utah,BKN,UTA,0,0,2025-12-05T00:30:00Z
2025-26,05/12/25,01:30,7:30 pm ET,0022500336,,,,,false,Scotiabank Arena,Toronto,ON,,1610612761,1610612747,Raptors,Lakers,Toronto,Los Angeles,TOR,LAL,0,0,2025-12-05T00:30:00Z
2025-26,05/12/25,02:00,8:00 pm ET,0022500337,,,,,false,Smoothie King Center,New Orleans,LA,,1610612740,1610612750,Pelicans,Timberwolves,New Orleans,Minnesota,NOP,MIN,0,0,2025-12-05T01:00:00Z
2025-26,06/12/25,01:00,7:00 pm ET,0022500338,,,,,false,TD Garden,Boston,MA,,1610612738,1610612747,Celtics,Lakers,Boston,Los Angeles,BOS,LAL,0,0,2025-12-06T00:00:00Z
2025-26,06/12/25,01:00,7:00 pm ET,0022500339,,,,,false,Kia Center,Orlando,FL,,1610612753,1610612748,Magic,Heat,Orlando,Miami,ORL,MIA,0,0,2025-12-06T00:00:00Z
2025-26,06/12/25,01:30,7:30 pm ET,0022500340,,,,,false,State Farm Arena,Atlanta,GA,,1610612737,1610612743,Hawks,Nuggets,Atlanta,Denver,ATL,DEN,0,0,2025-12-06T00:30:00Z
2025-26,06/12/25,01:30,7:30 pm ET,0022500341,,,,,false,Rocket Arena,Cleveland,OH,,1610612739,1610612759,Cavaliers,Spurs,Cleveland,San Antonio,CLE,SAS,0,0,2025-12-06T00:30:00Z
2025-26,06/12/25,01:30,7:30 pm ET,0022500342,,,,,false,Little Caesars Arena,Detroit,MI,,1610612765,1610612757,Pistons,Trail Blazers,Detroit,Portland,DET,POR,0,0,2025-12-06T00:30:00Z
2025-26,06/12/25,01:30,7:30 pm ET,0022500343,,,,,false,Madison Square Garden,New York,NY,,1610612752,1610612762,Knicks,Jazz,New York,Utah,NYK,UTA,0,0,2025-12-06T00:30:00Z
2025-26,06/12/25,01:30,7:30 pm ET,0022500344,,,,,false,Scotiabank Arena,Toronto,ON,,1610612761,1610612766,Raptors,Hornets,Toronto,Charlotte,TOR,CHA,0,0,2025-12-06T00:30:00Z
2025-26,06/12/25,02:00,8:00 pm ET,0022500345,,,,,false,United Center,Chicago,IL,,1610612741,1610612754,Bulls,Pacers,Chicago,Indiana,CHI,IND,0,0,2025-12-06T01:00:00Z
2025-26,06/12/25,02:00,8:00 pm ET,0022500346,,,,,false,Toyota Center,Houston,TX,,1610612745,1610612756,Rockets,Suns,Houston,Phoenix,HOU,PHX,0,0,2025-12-06T01:00:00Z
2025-26,06/12/25,02:00,8:00 pm ET,0022500347,,,,,false,FedExForum,Memphis,TN,,1610612763,1610612746,Grizzlies,Clippers,Memphis,LA,MEM,LAC,0,0,2025-12-06T01:00:00Z
2025-26,06/12/25,02:00,8:00 pm ET,0022500348,,,,,false,Fiserv Forum,Milwaukee,WI,,1610612749,1610612755,Bucks,76ers,Milwaukee,Philadelphia,MIL,PHI,0,0,2025-12-06T01:00:00Z
2025-26,06/12/25,03:30,9:30 pm ET,0022500349,,,,,false,Paycom Center,Oklahoma City,OK,,1610612760,1610612742,Thunder,Mavericks,Oklahoma City,Dallas,OKC,DAL,0,0,2025-12-06T02:30:00Z
2025-26,06/12/25,23:00,5:00 pm ET,0022500350,,,,,false,Barclays Center,Brooklyn,NY,,1610612751,1610612740,Nets,Pelicans,Brooklyn,New Orleans,BKN,NOP,0,0,2025-12-06T22:00:00Z
2025-26,07/12/25,01:00,7:00 pm ET,0022500351,,,,,false,Capital One Arena,Washington,DC,,1610612764,1610612737,Wizards,Hawks,Washington,Atlanta,WAS,ATL,0,0,2025-12-07T00:00:00Z
2025-26,07/12/25,01:30,7:30 pm ET,0022500352,,,,,false,Rocket Arena,Cleveland,OH,,1610612739,1610612744,Cavaliers,Warriors,Cleveland,Golden State,CLE,GSW,0,0,2025-12-07T00:30:00Z
2025-26,07/12/25,01:30,7:30 pm ET,0022500353,,,,,false,Little Caesars Arena,Detroit,MI,,1610612765,1610612749,Pistons,Bucks,Detroit,Milwaukee,DET,MIL,0,0,2025-12-07T00:30:00Z
2025-26,07/12/25,02:00,8:00 pm ET,0022500354,,,,,false,Kaseya Center,Miami,FL,,1610612748,1610612758,Heat,Kings,Miami,Sacramento,MIA,SAC,0,0,2025-12-07T01:00:00Z
2025-26,07/12/25,02:00,8:00 pm ET,0022500355,,,,,false,Target Center,Minneapolis,MN,,1610612750,1610612746,Timberwolves,Clippers,Minnesota,LA,MIN,LAC,0,0,2025-12-07T01:00:00Z
2025-26,07/12/25,02:30,8:30 pm ET,0022500356,,,,,false,American Airlines Center,Dallas,TX,,1610612742,1610612745,Mavericks,Rockets,Dallas,Houston,DAL,HOU,0,0,2025-12-07T01:30:00Z
2025-26,07/12/25,18:00,12:00 pm ET,0022500357,,,,,false,Madison Square Garden,New York,NY,,1610612752,1610612753,Knicks,Magic,New York,Orlando,NYK,ORL,0,0,2025-12-07T17:00:00Z
2025-26,07/12/25,21:30,3:30 pm ET,0022500358,,,,,false,Scotiabank Arena,Toronto,ON,,1610612761,1610612738,Raptors,Celtics,Toronto,Boston,TOR,BOS,0,0,2025-12-07T20:30:00Z
2025-26,08/12/25,00:00,6:00 pm ET,0022500359,,,,,false,Spectrum Center,Charlotte,NC,,1610612766,1610612743,Hornets,Nuggets,Charlotte,Denver,CHA,DEN,0,0,2025-12-07T23:00:00Z
2025-26,08/12/25,00:00,6:00 pm ET,0022500360,,,,,false,FedExForum,Memphis,TN,,1610612763,1610612757,Grizzlies,Trail Blazers,Memphis,Portland,MEM,POR,0,0,2025-12-07T23:00:00Z
2025-26,08/12/25,01:00,7:00 pm ET,0022500361,,,,,false,United Center,Chicago,IL,,1610612741,1610612744,Bulls,Warriors,Chicago,Golden State,CHI,GSW,0,0,2025-12-08T00:00:00Z
2025-26,08/12/25,01:30,7:30 pm ET,0022500362,,,,,false,Xfinity Mobile Arena,Philadelphia,PA,,1610612755,1610612747,76ers,Lakers,Philadelphia,Los Angeles,PHI,LAL,0,0,2025-12-08T00:30:00Z
2025-26,08/12/25,02:00,8:00 pm ET,0022500363,,,,,false,Delta Center,Salt Lake City,UT,,1610612762,1610612760,Jazz,Thunder,Utah,Oklahoma City,UTA,OKC,0,0,2025-12-08T01:00:00Z
2025-26,09/12/25,01:00,7:00 pm ET,0022500364,,,,,false,Gainbridge Fieldhouse,Indianapolis,IN,,1610612754,1610612758,Pacers,Kings,Indiana,Sacramento,IND,SAC,0,0,2025-12-09T00:00:00Z
2025-26,09/12/25,02:00,8:00 pm ET,0022500365,,,,,false,Target Center,Minneapolis,MN,,1610612750,1610612756,Timberwolves,Suns,Minnesota,Phoenix,MIN,PHX,0,0,2025-12-09T01:00:00Z
2025-26,09/12/25,03:30,9:30 pm ET,0022500366,,,,,false,Smoothie King Center,New Orleans,LA,,1610612740,1610612759,Pelicans,Spurs,New Orleans,San Antonio,NOP,SAS,0,0,2025-12-09T02:30:00Z
2025-26,09/12/25,06:00,TBD,0022501201,Emirates NBA Cup,Quarterfinal,,,false,,,,in-season-knockout,0,0,,,,,,,0,0,2025-12-09T05:00:00Z
2025-26,09/12/25,06:00,TBD,0022501203,Emirates NBA Cup,Quarterfinal,,,false,,,,in-season-knockout,0,0,,,,,,,0,0,2025-12-09T05:00:00Z
2025-26,10/12/25,06:00,TBD,0022501202,Emirates NBA Cup,Quarterfinal,,,false,,,,in-season-knockout,0,0,,,,,,,0,0,2025-12-10T05:00:00Z
2025-26,10/12/25,06:00,TBD,0022501204,Emirates NBA Cup,Quarterfinal,,,false,,,,in-season-knockout,0,0,,,,,,,0,0,2025-12-10T05:00:00Z
2025-26,13/12/25,06:00,TBD,0022501229,Emirates NBA Cup,Semifinal,,Neutral Site,false,T-Mobile Arena,Las Vegas,NV,in-season-knockout,0,0,,,,,,,0,0,2025-12-13T05:00:00Z
2025-26,13/12/25,06:00,TBD,0022501230,Emirates NBA Cup,Semifinal,,Neutral Site,false,T-Mobile Arena,Las Vegas,NV,in-season-knockout,0,0,,,,,,,0,0,2025-12-13T05:00:00Z
2025-26,16/12/25,06:00,TBD,0062500001,Emirates NBA Cup,Championship,,Neutral Site,false,T-Mobile Arena,Las Vegas,NV,in-season-knockout,0,0,,,,,,,0,0,2025-12-16T05:00:00Z
2025-26,18/12/25,02:00,8:00 pm ET,0022500367,,,,,false,United Center,Chicago,IL,,1610612741,1610612739,Bulls,Cavaliers,Chicago,Cleveland,CHI,CLE,0,0,2025-12-18T01:00:00Z
2025-26,18/12/25,02:00,8:00 pm ET,0022500368,,,,,false,Target Center,Minneapolis,MN,,1610612750,1610612763,Timberwolves,Grizzlies,Minnesota,Memphis,MIN,MEM,0,0,2025-12-18T01:00:00Z
2025-26,18/12/25,02:00,8:00 pm ET,0022500369,,,,,false,Paycom Center,Oklahoma City,OK,,1610612760,1610612746,Thunder,Clippers,Oklahoma City,LA,OKC,LAC,0,0,2025-12-18T01:00:00Z
2025-26,18/12/25,02:00,8:00 pm ET,0022500370,,,,,false,Frost Bank Center,San Antonio,TX,,1610612759,1610612764,Spurs,Wizards,San Antonio,Washington,SAS,WAS,0,0,2025-12-18T01:00:00Z
2025-26,19/12/25,01:00,7:00 pm ET,0022500371,,,,,false,Spectrum Center,Charlotte,NC,,1610612766,1610612737,Hornets,Hawks,Charlotte,Atlanta,CHA,ATL,0,0,2025-12-19T00:00:00Z
2025-26,19/12/25,01:00,7:00 pm ET,0022500372,,,,,false,Gainbridge Fieldhouse,Indianapolis,IN,,1610612754,1610612752,Pacers,Knicks,Indiana,New York,IND,NYK,0,0,2025-12-19T00:00:00Z
2025-26,19/12/25,01:30,7:30 pm ET,0022500373,,,,,false,Barclays Center,Brooklyn,NY,,1610612751,1610612748,Nets,Heat,Brooklyn,Miami,BKN,MIA,0,0,2025-12-19T00:30:00Z
2025-26,19/12/25,02:00,8:00 pm ET,0022500374,,,,,false,Fiserv Forum,Milwaukee,WI,,1610612749,1610612761,Bucks,Raptors,Milwaukee,Toronto,MIL,TOR,0,0,2025-12-19T01:00:00Z
2025-26,19/12/25,02:00,8:00 pm ET,0022500375,,,,,false,Smoothie King Center,New Orleans,LA,,1610612740,1610612745,Pelicans,Rockets,New Orleans,Houston,NOP,HOU,0,0,2025-12-19T01:00:00Z
2025-26,19/12/25,02:30,8:30 pm ET,0022500376,,,,,false,American Airlines Center,Dallas,TX,,1610612742,1610612765,Mavericks,Pistons,Dallas,Detroit,DAL,DET,0,0,2025-12-19T01:30:00Z
2025-26,19/12/25,03:00,9:00 pm ET,0022500377,,,,,false,Ball Arena,Denver,CO,,1610612743,1610612753,Nuggets,Magic,Denver,Orlando,DEN,ORL,0,0,2025-12-19T02:00:00Z
2025-26,19/12/25,03:00,9:00 pm ET,0022500378,,,,,false,Mortgage Matchup Center,Phoenix,AZ,,1610612756,1610612744,Suns,Warriors,Phoenix,Golden State,PHX,GSW,0,0,2025-12-19T02:00:00Z
2025-26,19/12/25,03:00,9:00 pm ET,0022500379,,,,,false,Delta Center,Salt Lake City,UT,,1610612762,1610612747,Jazz,Lakers,Utah,Los Angeles,UTA,LAL,0,0,2025-12-19T02:00:00Z
2025-26,19/12/25,04:00,10:00 pm ET,0022500380,,,,,false,Moda Center,Portland,OR,,1610612757,1610612758,Trail Blazers,Kings,Portland,Sacramento,POR,SAC,0,0,2025-12-19T03:00:00Z
2025-26,20/12/25,01:00,7:00 pm ET,0022500381,,,,,false,TD Garden,Boston,MA,,1610612738,1610612748,Celtics,Heat,Boston,Miami,BOS,MIA,0,0,2025-12-20T00:00:00Z
2025-26,20/12/25,01:00,7:00 pm ET,0022500382,,,,,false,Madison Square Garden,New York,NY,,1610612752,1610612755,Knicks,76ers,New York,Philadelphia,NYK,PHI,0,0,2025-12-20T00:00:00Z
2025-26,20/12/25,01:30,7:30 pm ET,0022500383,,,,,false,State Farm Arena,Atlanta,GA,,1610612737,1610612759,Hawks,Spurs,Atlanta,San Antonio,ATL,SAS,0,0,2025-12-20T00:30:00Z
2025-26,20/12/25,01:30,7:30 pm ET,0022500384,,,,,false,Rocket Arena,Cleveland,OH,,1610612739,1610612741,Cavaliers,Bulls,Cleveland,Chicago,CLE,CHI,0,0,2025-12-20T00:30:00Z
2025-26,20/12/25,03:30,9:30 pm ET,0022500385,,,,,false,Target Center,Minneapolis,MN,,1610612750,1610612760,Timberwolves,Thunder,Minnesota,Oklahoma City,MIN,OKC,0,0,2025-12-20T02:30:00Z
2025-26,20/12/25,23:00,5:00 pm ET,0022500386,,,,,false,Ball Arena,Denver,CO,,1610612743,1610612745,Nuggets,Rockets,Denver,Houston,DEN,HOU,0,0,2025-12-20T22:00:00Z
2025-26,21/12/25,01:00,7:00 pm ET,0022500387,,,,,false,Xfinity Mobile Arena,Philadelphia,PA,,1610612755,1610612742,76ers,Mavericks,Philadelphia,Dallas,PHI,DAL,0,0,2025-12-21T00:00:00Z
2025-26,21/12/25,01:00,7:00 pm ET,0022500388,,,,,false,Scotiabank Arena,Toronto,ON,,1610612761,1610612738,Raptors,Celtics,Toronto,Boston,TOR,BOS,0,0,2025-12-21T00:00:00Z
2025-26,21/12/25,01:00,7:00 pm ET,0022500389,,,,,false,Smoothie King Center,New Orleans,LA,,1610612740,1610612754,Pelicans,Pacers,New Orleans,Indiana,NOP,IND,0,0,2025-12-21T00:00:00Z
2025-26,21/12/25,01:30,7:30 pm ET,0022500390,,,,,false,Little Caesars Arena,Detroit,MI,,1610612765,1610612766,Pistons,Hornets,Detroit,Charlotte,DET,CHA,0,0,2025-12-21T00:30:00Z
2025-26,21/12/25,02:00,8:00 pm ET,0022500391,,,,,false,FedExForum,Memphis,TN,,1610612763,1610612764,Grizzlies,Wizards,Memphis,Washington,MEM,WAS,0,0,2025-12-21T01:00:00Z
2025-26,21/12/25,02:30,8:30 pm ET,0022500392,,,,,false,Chase Center,San Francisco,CA,,1610612744,1610612756,Warriors,Suns,Golden State,Phoenix,GSW,PHX,0,0,2025-12-21T01:30:00Z
2025-26,21/12/25,03:30,9:30 pm ET,0022500393,,,,,false,Delta Center,Salt Lake City,UT,,1610612762,1610612753,Jazz,Magic,Utah,Orlando,UTA,ORL,0,0,2025-12-21T02:30:00Z
2025-26,21/12/25,04:00,10:00 pm ET,0022500394,,,,,false,Golden 1 Center,Sacramento,CA,,1610612758,1610612757,Kings,Trail Blazers,Sacramento,Portland,SAC,POR,0,0,2025-12-21T03:00:00Z
2025-26,21/12/25,04:30,10:30 pm ET,0022500395,,,,,false,Intuit Dome,Inglewood,CA,,1610612746,1610612747,Clippers,Lakers,LA,Los Angeles,LAC,LAL,0,0,2025-12-21T03:30:00Z
2025-26,21/12/25,21:30,3:30 pm ET,0022500396,,,,,false,State Farm Arena,Atlanta,GA,,1610612737,1610612741,Hawks,Bulls,Atlanta,Chicago,ATL,CHI,0,0,2025-12-21T20:30:00Z
2025-26,22/12/25,00:00,6:00 pm ET,0022500397,,,,,false,Barclays Center,Brooklyn,NY,,1610612751,1610612761,Nets,Raptors,Brooklyn,Toronto,BKN,TOR,0,0,2025-12-21T23:00:00Z
2025-26,22/12/25,00:00,6:00 pm ET,0022500398,,,,,false,Madison Square Garden,New York,NY,,1610612752,1610612748,Knicks,Heat,New York,Miami,NYK,MIA,0,0,2025-12-21T23:00:00Z
2025-26,22/12/25,01:00,7:00 pm ET,0022500399,,,,,false,Capital One Arena,Washington,DC,,1610612764,1610612759,Wizards,Spurs,Washington,San Antonio,WAS,SAS,0,0,2025-12-22T00:00:00Z
2025-26,22/12/25,01:00,7:00 pm ET,0022500400,,,,,false,Target Center,Minneapolis,MN,,1610612750,1610612749,Timberwolves,Bucks,Minnesota,Milwaukee,MIN,MIL,0,0,2025-12-22T00:00:00Z
2025-26,22/12/25,04:00,10:00 pm ET,0022500401,,,,,false,Golden 1 Center,Sacramento,CA,,1610612758,1610612745,Kings,Rockets,Sacramento,Houston,SAC,HOU,0,0,2025-12-22T03:00:00Z
2025-26,23/12/25,01:00,7:00 pm ET,0022500402,,,,,false,Rocket Arena,Cleveland,OH,,1610612739,1610612766,Cavaliers,Hornets,Cleveland,Charlotte,CLE,CHA,0,0,2025-12-23T00:00:00Z
2025-26,23/12/25,01:30,7:30 pm ET,0022500403,,,,,false,TD Garden,Boston,MA,,1610612738,1610612754,Celtics,Pacers,Boston,Indiana,BOS,IND,0,0,2025-12-23T00:30:00Z
2025-26,23/12/25,02:00,8:00 pm ET,0022500404,,,,,false,Smoothie King Center,New Orleans,LA,,1610612740,1610612742,Pelicans,Mavericks,New Orleans,Dallas,NOP,DAL,0,0,2025-12-23T01:00:00Z
2025-26,23/12/25,03:00,9:00 pm ET,0022500405,,,,,false,Ball Arena,Denver,CO,,1610612743,1610612762,Nuggets,Jazz,Denver,Utah,DEN,UTA,0,0,2025-12-23T02:00:00Z
2025-26,23/12/25,03:30,9:30 pm ET,0022500406,,,,,false,Paycom Center,Oklahoma City,OK,,1610612760,1610612763,Thunder,Grizzlies,Oklahoma City,Memphis,OKC,MEM,0,0,2025-12-23T02:30:00Z
2025-26,23/12/25,04:00,10:00 pm ET,0022500407,,,,,false,Chase Center,San Francisco,CA,,1610612744,1610612753,Warriors,Magic,Golden State,Orlando,GSW,ORL,0,0,2025-12-23T03:00:00Z
2025-26,23/12/25,04:00,10:00 pm ET,0022500408,,,,,false,Moda Center,Portland,OR,,1610612757,1610612765,Trail Blazers,Pistons,Portland,Detroit,POR,DET,0,0,2025-12-23T03:00:00Z
2025-26,24/12/25,01:00,7:00 pm ET,0022500409,,,,,false,Spectrum Center,Charlotte,NC,,1610612766,1610612764,Hornets,Wizards,Charlotte,Washington,CHA,WAS,0,0,2025-12-24T00:00:00Z
2025-26,24/12/25,01:00,7:00 pm ET,0022500410,,,,,false,Xfinity Mobile Arena,Philadelphia,PA,,1610612755,1610612751,76ers,Nets,Philadelphia,Brooklyn,PHI,BKN,0,0,2025-12-24T00:00:00Z
2025-26,24/12/25,01:30,7:30 pm ET,0022500411,,,,,false,State Farm Arena,Atlanta,GA,,1610612737,1610612741,Hawks,Bulls,Atlanta,Chicago,ATL,CHI,0,0,2025-12-24T00:30:00Z
2025-26,24/12/25,01:30,7:30 pm ET,0022500412,,,,,false,Rocket Arena,Cleveland,OH,,1610612739,1610612740,Cavaliers,Pelicans,Cleveland,New Orleans,CLE,NOP,0,0,2025-12-24T00:30:00Z
2025-26,24/12/25,01:30,7:30 pm ET,0022500413,,,,,false,Gainbridge Fieldhouse,Indianapolis,IN,,1610612754,1610612749,Pacers,Bucks,Indiana,Milwaukee,IND,MIL,0,0,2025-12-24T00:30:00Z
2025-26,24/12/25,01:30,7:30 pm ET,0022500414,,,,,false,Kaseya Center,Miami,FL,,1610612748,1610612761,Heat,Raptors,Miami,Toronto,MIA,TOR,0,0,2025-12-24T00:30:00Z
2025-26,24/12/25,02:00,8:00 pm ET,0022500415,,,,,false,American Airlines Center,Dallas,TX,,1610612742,1610612743,Mavericks,Nuggets,Dallas,Denver,DAL,DEN,0,0,2025-12-24T01:00:00Z
2025-26,24/12/25,02:00,8:00 pm ET,0022500416,,,,,false,Target Center,Minneapolis,MN,,1610612750,1610612752,Timberwolves,Knicks,Minnesota,New York,MIN,NYK,0,0,2025-12-24T01:00:00Z
2025-26,24/12/25,02:30,8:30 pm ET,0022500417,,,,,false,Frost Bank Center,San Antonio,TX,,1610612759,1610612760,Spurs,Thunder,San Antonio,Oklahoma City,SAS,OKC,0,0,2025-12-24T01:30:00Z
2025-26,24/12/25,03:00,9:00 pm ET,0022500418,,,,,false,Mortgage Matchup Center,Phoenix,AZ,,1610612756,1610612747,Suns,Lakers,Phoenix,Los Angeles,PHX,LAL,0,0,2025-12-24T02:00:00Z
2025-26,24/12/25,03:00,9:00 pm ET,0022500419,,,,,false,Delta Center,Salt Lake City,UT,,1610612762,1610612763,Jazz,Grizzlies,Utah,Memphis,UTA,MEM,0,0,2025-12-24T02:00:00Z
2025-26,24/12/25,04:00,10:00 pm ET,0022500420,,,,,false,Moda Center,Portland,OR,,1610612757,1610612753,Trail Blazers,Magic,Portland,Orlando,POR,ORL,0,0,2025-12-24T03:00:00Z
2025-26,24/12/25,04:00,10:00 pm ET,0022500421,,,,,false,Golden 1 Center,Sacramento,CA,,1610612758,1610612765,Kings,Pistons,Sacramento,Detroit,SAC,DET,0,0,2025-12-24T03:00:00Z
2025-26,24/12/25,05:00,11:00 pm ET,0022500422,,,,,false,Intuit Dome,Inglewood,CA,,1610612746,1610612745,Clippers,Rockets,LA,Houston,LAC,HOU,0,0,2025-12-24T04:00:00Z
2025-26,25/12/25,18:00,12:00 pm ET,0022500009,,,,,false,Madison Square Garden,New York,NY,,1610612752,1610612739,Knicks,Cavaliers,New York,Cleveland,NYK,CLE,0,0,2025-12-25T17:00:00Z
2025-26,25/12/25,20:30,2:30 pm ET,0022500010,,,,,false,Paycom Center,Oklahoma City,OK,,1610612760,1610612759,Thunder,Spurs,Oklahoma City,San Antonio,OKC,SAS,0,0,2025-12-25T19:30:00Z
2025-26,25/12/25,23:00,5:00 pm ET,0022500011,,,,,false,Chase Center,San Francisco,CA,,1610612744,1610612742,Warriors,Mavericks,Golden State,Dallas,GSW,DAL,0,0,2025-12-25T22:00:00Z
2025-26,26/12/25,02:00,8:00 pm ET,0022500012,,,,,false,Crypto.com Arena,Los Angeles,CA,,1610612747,1610612745,Lakers,Rockets,Los Angeles,Houston,LAL,HOU,0,0,2025-12-26T01:00:00Z
2025-26,26/12/25,04:30,10:30 pm ET,0022500013,,,,,false,Ball Arena,Denver,CO,,1610612743,1610612750,Nuggets,Timberwolves,Denver,Minnesota,DEN,MIN,0,0,2025-12-26T03:30:00Z
2025-26,27/12/25,01:00,7:00 pm ET,0022500423,,,,,false,State Farm Arena,Atlanta,GA,,1610612737,1610612748,Hawks,Heat,Atlanta,Miami,ATL,MIA,0,0,2025-12-27T00:00:00Z
2025-26,27/12/25,01:00,7:00 pm ET,0022500424,,,,,false,Kia Center,Orlando,FL,,1610612753,1610612766,Magic,Hornets,Orlando,Charlotte,ORL,CHA,0,0,2025-12-27T00:00:00Z
2025-26,27/12/25,01:00,7:00 pm ET,0022500425,,,,,false,Capital One Arena,Washington,DC,,1610612764,1610612761,Wizards,Raptors,Washington,Toronto,WAS,TOR,0,0,2025-12-27T00:00:00Z
2025-26,27/12/25,01:30,7:30 pm ET,0022500426,,,,,false,Gainbridge Fieldhouse,Indianapolis,IN,,1610612754,1610612738,Pacers,Celtics,Indiana,Boston,IND,BOS,0,0,2025-12-27T00:30:00Z
2025-26,27/12/25,02:00,8:00 pm ET,0022500427,,,,,false,United Center,Chicago,IL,,1610612741,1610612755,Bulls,76ers,Chicago,Philadelphia,CHI,PHI,0,0,2025-12-27T01:00:00Z
2025-26,27/12/25,02:00,8:00 pm ET,0022500428,,,,,false,FedExForum,Memphis,TN,,1610612763,1610612749,Grizzlies,Bucks,Memphis,Milwaukee,MEM,MIL,0,0,2025-12-27T01:00:00Z
2025-26,27/12/25,02:00,8:00 pm ET,0022500429,,,,,false,Smoothie King Center,New Orleans,LA,,1610612740,1610612756,Pelicans,Suns,New Orleans,Phoenix,NOP,PHX,0,0,2025-12-27T01:00:00Z
2025-26,27/12/25,03:30,9:30 pm ET,0022500430,,,,,false,Delta Center,Salt Lake City,UT,,1610612762,1610612765,Jazz,Pistons,Utah,Detroit,UTA,DET,0,0,2025-12-27T02:30:00Z
2025-26,27/12/25,04:00,10:00 pm ET,0022500431,,,,,false,Moda Center,Portland,OR,,1610612757,1610612746,Trail Blazers,Clippers,Portland,LA,POR,LAC,0,0,2025-12-27T03:00:00Z
2025-26,27/12/25,23:00,5:00 pm ET,0022500432,,,,,false,Golden 1 Center,Sacramento,CA,,1610612758,1610612742,Kings,Mavericks,Sacramento,Dallas,SAC,DAL,0,0,2025-12-27T22:00:00Z
2025-26,28/12/25,01:00,7:00 pm ET,0022500433,,,,,false,Kia Center,Orlando,FL,,1610612753,1610612743,Magic,Nuggets,Orlando,Denver,ORL,DEN,0,0,2025-12-28T00:00:00Z
2025-26,28/12/25,01:00,7:00 pm ET,0022500434,,,,,false,Smoothie King Center,New Orleans,LA,,1610612740,1610612756,Pelicans,Suns,New Orleans,Phoenix,NOP,PHX,0,0,2025-12-28T00:00:00Z
2025-26,28/12/25,02:00,8:00 pm ET,0022500435,,,,,false,State Farm Arena,Atlanta,GA,,1610612737,1610612752,Hawks,Knicks,Atlanta,New York,ATL,NYK,0,0,2025-12-28T01:00:00Z
2025-26,28/12/25,02:00,8:00 pm ET,0022500436,,,,,false,Kaseya Center,Miami,FL,,1610612748,1610612754,Heat,Pacers,Miami,Indiana,MIA,IND,0,0,2025-12-28T01:00:00Z
2025-26,28/12/25,02:00,8:00 pm ET,0022500437,,,,,false,United Center,Chicago,IL,,1610612741,1610612749,Bulls,Bucks,Chicago,Milwaukee,CHI,MIL,0,0,2025-12-28T01:00:00Z
2025-26,28/12/25,02:00,8:00 pm ET,0022500438,,,,,false,Toyota Center,Houston,TX,,1610612745,1610612739,Rockets,Cavaliers,Houston,Cleveland,HOU,CLE,0,0,2025-12-28T01:00:00Z
2025-26,28/12/25,02:00,8:00 pm ET,0022500439,,,,,false,Target Center,Minneapolis,MN,,1610612750,1610612751,Timberwolves,Nets,Minnesota,Brooklyn,MIN,BKN,0,0,2025-12-28T01:00:00Z
2025-26,28/12/25,02:00,8:00 pm ET,0022500440,,,,,false,Frost Bank Center,San Antonio,TX,,1610612759,1610612762,Spurs,Jazz,San Antonio,Utah,SAS,UTA,0,0,2025-12-28T01:00:00Z
2025-26,28/12/25,21:30,3:30 pm ET,0022500441,,,,,false,Scotiabank Arena,Toronto,ON,,1610612761,1610612744,Raptors,Warriors,Toronto,Golden State,TOR,GSW,0,0,2025-12-28T20:30:00Z
2025-26,28/12/25,21:30,3:30 pm ET,0022500442,,,,,false,Paycom Center,Oklahoma City,OK,,1610612760,1610612755,Thunder,76ers,Oklahoma City,Philadelphia,OKC,PHI,0,0,2025-12-28T20:30:00Z
2025-26,29/12/25,00:00,6:00 pm ET,0022500443,,,,,false,Capital One Arena,Washington,DC,,1610612764,1610612763,Wizards,Grizzlies,Washington,Memphis,WAS,MEM,0,0,2025-12-28T23:00:00Z
2025-26,29/12/25,00:00,6:00 pm ET,0022500444,,,,,false,Moda Center,Portland,OR,,1610612757,1610612738,Trail Blazers,Celtics,Portland,Boston,POR,BOS,0,0,2025-12-28T23:00:00Z
2025-26,29/12/25,03:00,9:00 pm ET,0022500445,,,,,false,Intuit Dome,Inglewood,CA,,1610612746,1610612765,Clippers,Pistons,LA,Detroit,LAC,DET,0,0,2025-12-29T02:00:00Z
2025-26,29/12/25,03:30,9:30 pm ET,0022500446,,,,,false,Crypto.com Arena,Los Angeles,CA,,1610612747,1610612758,Lakers,Kings,Los Angeles,Sacramento,LAL,SAC,0,0,2025-12-29T02:30:00Z
2025-26,30/12/25,01:00,7:00 pm ET,0022500447,,,,,false,Spectrum Center,Charlotte,NC,,1610612766,1610612749,Hornets,Bucks,Charlotte,Milwaukee,CHA,MIL,0,0,2025-12-30T00:00:00Z
2025-26,30/12/25,01:00,7:00 pm ET,0022500448,,,,,false,Capital One Arena,Washington,DC,,1610612764,1610612756,Wizards,Suns,Washington,Phoenix,WAS,PHX,0,0,2025-12-30T00:00:00Z
2025-26,30/12/25,01:30,7:30 pm ET,0022500449,,,,,false,Barclays Center,Brooklyn,NY,,1610612751,1610612744,Nets,Warriors,Brooklyn,Golden State,BKN,GSW,0,0,2025-12-30T00:30:00Z
2025-26,30/12/25,01:30,7:30 pm ET,0022500450,,,,,false,Kaseya Center,Miami,FL,,1610612748,1610612743,Heat,Nuggets,Miami,Denver,MIA,DEN,0,0,2025-12-30T00:30:00Z
2025-26,30/12/25,01:30,7:30 pm ET,0022500451,,,,,false,Scotiabank Arena,Toronto,ON,,1610612761,1610612753,Raptors,Magic,Toronto,Orlando,TOR,ORL,0,0,2025-12-30T00:30:00Z
2025-26,30/12/25,02:00,8:00 pm ET,0022500452,,,,,false,United Center,Chicago,IL,,1610612741,1610612750,Bulls,Timberwolves,Chicago,Minnesota,CHI,MIN,0,0,2025-12-30T01:00:00Z
2025-26,30/12/25,02:00,8:00 pm ET,0022500453,,,,,false,Toyota Center,Houston,TX,,1610612745,1610612754,Rockets,Pacers,Houston,Indiana,HOU,IND,0,0,2025-12-30T01:00:00Z
2025-26,30/12/25,02:00,8:00 pm ET,0022500454,,,,,false,Smoothie King Center,New Orleans,LA,,1610612740,1610612752,Pelicans,Knicks,New Orleans,New York,NOP,NYK,0,0,2025-12-30T01:00:00Z
2025-26,30/12/25,02:00,8:00 pm ET,0022500455,,,,,false,Paycom Center,Oklahoma City,OK,,1610612760,1610612737,Thunder,Hawks,Oklahoma City,Atlanta,OKC,ATL,0,0,2025-12-30T01:00:00Z
2025-26,30/12/25,02:00,8:00 pm ET,0022500456,,,,,false,Frost Bank Center,San Antonio,TX,,1610612759,1610612739,Spurs,Cavaliers,San Antonio,Cleveland,SAS,CLE,0,0,2025-12-30T01:00:00Z
2025-26,30/12/25,05:00,11:00 pm ET,0022500457,,,,,false,Moda Center,Portland,OR,,1610612757,1610612742,Trail Blazers,Mavericks,Portland,Dallas,POR,DAL,0,0,2025-12-30T04:00:00Z
2025-26,31/12/25,02:00,8:00 pm ET,0022500458,,,,,false,FedExForum,Memphis,TN,,1610612763,1610612755,Grizzlies,76ers,Memphis,Philadelphia,MEM,PHI,0,0,2025-12-31T01:00:00Z
2025-26,31/12/25,03:00,9:00 pm ET,0022500459,,,,,false,Delta Center,Salt Lake City,UT,,1610612762,1610612738,Jazz,Celtics,Utah,Boston,UTA,BOS,0,0,2025-12-31T02:00:00Z
2025-26,31/12/25,04:30,10:30 pm ET,0022500460,,,,,false,Crypto.com Arena,Los Angeles,CA,,1610612747,1610612765,Lakers,Pistons,Los Angeles,Detroit,LAL,DET,0,0,2025-12-31T03:30:00Z
2025-26,31/12/25,05:00,11:00 pm ET,0022500461,,,,,false,Intuit Dome,Inglewood,CA,,1610612746,1610612758,Clippers,Kings,LA,Sacramento,LAC,SAC,0,0,2025-12-31T04:00:00Z
2025-26,31/12/25,19:00,1:00 pm ET,0022500462,,,,,false,Spectrum Center,Charlotte,NC,,1610612766,1610612744,Hornets,Warriors,Charlotte,Golden State,CHA,GSW,0,0,2025-12-31T18:00:00Z
2025-26,31/12/25,21:00,3:00 pm ET,0022500463,,,,,false,State Farm Arena,Atlanta,GA,,1610612737,1610612750,Hawks,Timberwolves,Atlanta,Minnesota,ATL,MIN,0,0,2025-12-31T20:00:00Z
2025-26,31/12/25,21:00,3:00 pm ET,0022500464,,,,,false,Gainbridge Fieldhouse,Indianapolis,IN,,1610612754,1610612753,Pacers,Magic,Indiana,Orlando,IND,ORL,0,0,2025-12-31T20:00:00Z
2025-26,31/12/25,21:30,3:30 pm ET,0022500465,,,,,false,Rocket Arena,Cleveland,OH,,1610612739,1610612756,Cavaliers,Suns,Cleveland,Phoenix,CLE,PHX,0,0,2025-12-31T20:30:00Z
2025-26,01/01/26,01:00,7:00 pm ET,0022500466,,,,,false,United Center,Chicago,IL,,1610612741,1610612740,Bulls,Pelicans,Chicago,New Orleans,CHI,NOP,0,0,2026-01-01T00:00:00Z
2025-26,01/01/26,01:00,7:00 pm ET,0022500467,,,,,false,Frost Bank Center,San Antonio,TX,,1610612759,1610612752,Spurs,Knicks,San Antonio,New York,SAS,NYK,0,0,2026-01-01T00:00:00Z
2025-26,01/01/26,01:30,7:30 pm ET,0022500468,,,,,false,Scotiabank Arena,Toronto,ON,,1610612761,1610612743,Raptors,Nuggets,Toronto,Denver,TOR,DEN,0,0,2026-01-01T00:30:00Z
2025-26,01/01/26,02:00,8:00 pm ET,0022500469,,,,,false,Fiserv Forum,Milwaukee,WI,,1610612749,1610612764,Bucks,Wizards,Milwaukee,Washington,MIL,WAS,0,0,2026-01-01T01:00:00Z
2025-26,01/01/26,02:00,8:00 pm ET,0022500470,,,,,false,Paycom Center,Oklahoma City,OK,,1610612760,1610612757,Thunder,Trail Blazers,Oklahoma City,Portland,OKC,POR,0,0,2026-01-01T01:00:00Z
2025-26,02/01/26,00:00,6:00 pm ET,0022500471,,,,,false,Barclays Center,Brooklyn,NY,,1610612751,1610612745,Nets,Rockets,Brooklyn,Houston,BKN,HOU,0,0,2026-01-01T23:00:00Z
2025-26,02/01/26,01:00,7:00 pm ET,0022500472,,,,,false,Little Caesars Arena,Detroit,MI,,1610612765,1610612748,Pistons,Heat,Detroit,Miami,DET,MIA,0,0,2026-01-02T00:00:00Z
2025-26,02/01/26,02:30,8:30 pm ET,0022500473,,,,,false,American Airlines Center,Dallas,TX,,1610612742,1610612755,Mavericks,76ers,Dallas,Philadelphia,DAL,PHI,0,0,2026-01-02T01:30:00Z
2025-26,02/01/26,04:00,10:00 pm ET,0022500474,,,,,false,Golden 1 Center,Sacramento,CA,,1610612758,1610612738,Kings,Celtics,Sacramento,Boston,SAC,BOS,0,0,2026-01-02T03:00:00Z
2025-26,02/01/26,04:30,10:30 pm ET,0022500475,,,,,false,Intuit Dome,Inglewood,CA,,1610612746,1610612762,Clippers,Jazz,LA,Utah,LAC,UTA,0,0,2026-01-02T03:30:00Z
2025-26,03/01/26,01:00,7:00 pm ET,0022500476,,,,,false,Gainbridge Fieldhouse,Indianapolis,IN,,1610612754,1610612759,Pacers,Spurs,Indiana,San Antonio,IND,SAS,0,0,2026-01-03T00:00:00Z
2025-26,03/01/26,01:00,7:00 pm ET,0022500477,,,,,false,Capital One Arena,Washington,DC,,1610612764,1610612751,Wizards,Nets,Washington,Brooklyn,WAS,BKN,0,0,2026-01-03T00:00:00Z
2025-26,03/01/26,01:30,7:30 pm ET,0022500478,,,,,false,Rocket Arena,Cleveland,OH,,1610612739,1610612743,Cavaliers,Nuggets,Cleveland,Denver,CLE,DEN,0,0,2026-01-03T00:30:00Z
2025-26,03/01/26,01:30,7:30 pm ET,0022500479,,,,,false,Madison Square Garden,New York,NY,,1610612752,1610612737,Knicks,Hawks,New York,Atlanta,NYK,ATL,0,0,2026-01-03T00:30:00Z
2025-26,03/01/26,02:00,8:00 pm ET,0022500480,,,,,false,United Center,Chicago,IL,,1610612741,1610612753,Bulls,Magic,Chicago,Orlando,CHI,ORL,0,0,2026-01-03T01:00:00Z
2025-26,03/01/26,02:00,8:00 pm ET,0022500481,,,,,false,Fiserv Forum,Milwaukee,WI,,1610612749,1610612766,Bucks,Hornets,Milwaukee,Charlotte,MIL,CHA,0,0,2026-01-03T01:00:00Z
2025-26,03/01/26,02:00,8:00 pm ET,0022500482,,,,,false,Smoothie King Center,New Orleans,LA,,1610612740,1610612757,Pelicans,Trail Blazers,New Orleans,Portland,NOP,POR,0,0,2026-01-03T01:00:00Z
2025-26,03/01/26,03:00,9:00 pm ET,0022500483,,,,,false,Mortgage Matchup Center,Phoenix,AZ,,1610612756,1610612758,Suns,Kings,Phoenix,Sacramento,PHX,SAC,0,0,2026-01-03T02:00:00Z
2025-26,03/01/26,04:00,10:00 pm ET,0022500484,,,,,false,Chase Center,San Francisco,CA,,1610612744,1610612760,Warriors,Thunder,Golden State,Oklahoma City,GSW,OKC,0,0,2026-01-03T03:00:00Z
2025-26,03/01/26,04:30,10:30 pm ET,0022500485,,,,,false,Crypto.com Arena,Los Angeles,CA,,1610612747,1610612763,Lakers,Grizzlies,Los Angeles,Memphis,LAL,MEM,0,0,2026-01-03T03:30:00Z
2025-26,03/01/26,23:00,5:00 pm ET,0022500486,,,,,false,Kaseya Center,Miami,FL,,1610612748,1610612750,Heat,Timberwolves,Miami,Minnesota,MIA,MIN,0,0,2026-01-03T22:00:00Z
2025-26,04/01/26,01:30,7:30 pm ET,0022500487,,,,,false,Madison Square Garden,New York,NY,,1610612752,1610612755,Knicks,76ers,New York,Philadelphia,NYK,PHI,0,0,2026-01-04T00:30:00Z
2025-26,04/01/26,01:30,7:30 pm ET,0022500488,,,,,false,Scotiabank Arena,Toronto,ON,,1610612761,1610612737,Raptors,Hawks,Toronto,Atlanta,TOR,ATL,0,0,2026-01-04T00:30:00Z
2025-26,04/01/26,02:00,8:00 pm ET,0022500489,,,,,false,United Center,Chicago,IL,,1610612741,1610612766,Bulls,Hornets,Chicago,Charlotte,CHI,CHA,0,0,2026-01-04T01:00:00Z
2025-26,04/01/26,02:00,8:00 pm ET,0022500490,,,,,false,Frost Bank Center,San Antonio,TX,,1610612759,1610612757,Spurs,Trail Blazers,San Antonio,Portland,SAS,POR,0,0,2026-01-04T01:00:00Z
2025-26,04/01/26,02:30,8:30 pm ET,0022500491,,,,,false,American Airlines Center,Dallas,TX,,1610612742,1610612745,Mavericks,Rockets,Dallas,Houston,DAL,HOU,0,0,2026-01-04T01:30:00Z
2025-26,04/01/26,04:00,10:00 pm ET,0022500492,,,,,false,Chase Center,San Francisco,CA,,1610612744,1610612762,Warriors,Jazz,Golden State,Utah,GSW,UTA,0,0,2026-01-04T03:00:00Z
2025-26,04/01/26,04:30,10:30 pm ET,0022500493,,,,,false,Intuit Dome,Inglewood,CA,,1610612746,1610612738,Clippers,Celtics,LA,Boston,LAC,BOS,0,0,2026-01-04T03:30:00Z
2025-26,04/01/26,20:00,2:00 pm ET,0022500494,,,,,false,Rocket Arena,Cleveland,OH,,1610612739,1610612765,Cavaliers,Pistons,Cleveland,Detroit,CLE,DET,0,0,2026-01-04T19:00:00Z
2025-26,04/01/26,21:00,3:00 pm ET,0022500495,,,,,false,Kia Center,Orlando,FL,,1610612753,1610612754,Magic,Pacers,Orlando,Indiana,ORL,IND,0,0,2026-01-04T20:00:00Z
2025-26,04/01/26,21:30,3:30 pm ET,0022500496,,,,,false,Barclays Center,Brooklyn,NY,,1610612751,1610612743,Nets,Nuggets,Brooklyn,Denver,BKN,DEN,0,0,2026-01-04T20:30:00Z
2025-26,05/01/26,00:00,6:00 pm ET,0022500497,,,,,false,Kaseya Center,Miami,FL,,1610612748,1610612740,Heat,Pelicans,Miami,New Orleans,MIA,NOP,0,0,2026-01-04T23:00:00Z
2025-26,05/01/26,00:00,6:00 pm ET,0022500498,,,,,false,Capital One Arena,Washington,DC,,1610612764,1610612750,Wizards,Timberwolves,Washington,Minnesota,WAS,MIN,0,0,2026-01-04T23:00:00Z
2025-26,05/01/26,02:00,8:00 pm ET,0022500499,,,,,false,Mortgage Matchup Center,Phoenix,AZ,,1610612756,1610612760,Suns,Thunder,Phoenix,Oklahoma City,PHX,OKC,0,0,2026-01-05T01:00:00Z
2025-26,05/01/26,03:00,9:00 pm ET,0022500500,,,,,false,Golden 1 Center,Sacramento,CA,,1610612758,1610612749,Kings,Bucks,Sacramento,Milwaukee,SAC,MIL,0,0,2026-01-05T02:00:00Z
2025-26,05/01/26,03:30,9:30 pm ET,0022500501,,,,,false,Crypto.com Arena,Los Angeles,CA,,1610612747,1610612763,Lakers,Grizzlies,Los Angeles,Memphis,LAL,MEM,0,0,2026-01-05T02:30:00Z
2025-26,06/01/26,01:00,7:00 pm ET,0022500502,,,,,false,Little Caesars Arena,Detroit,MI,,1610612765,1610612752,Pistons,Knicks,Detroit,New York,DET,NYK,0,0,2026-01-06T00:00:00Z
2025-26,06/01/26,01:30,7:30 pm ET,0022500503,,,,,false,TD Garden,Boston,MA,,1610612738,1610612741,Celtics,Bulls,Boston,Chicago,BOS,CHI,0,0,2026-01-06T00:30:00Z
2025-26,06/01/26,01:30,7:30 pm ET,0022500504,,,,,false,Scotiabank Arena,Toronto,ON,,1610612761,1610612737,Raptors,Hawks,Toronto,Atlanta,TOR,ATL,0,0,2026-01-06T00:30:00Z
2025-26,06/01/26,02:00,8:00 pm ET,0022500505,,,,,false,Toyota Center,Houston,TX,,1610612745,1610612756,Rockets,Suns,Houston,Phoenix,HOU,PHX,0,0,2026-01-06T01:00:00Z
2025-26,06/01/26,02:00,8:00 pm ET,0022500506,,,,,false,Paycom Center,Oklahoma City,OK,,1610612760,1610612766,Thunder,Hornets,Oklahoma City,Charlotte,OKC,CHA,0,0,2026-01-06T01:00:00Z
2025-26,06/01/26,02:30,8:30 pm ET,0022500507,,,,,false,Xfinity Mobile Arena,Philadelphia,PA,,1610612755,1610612743,76ers,Nuggets,Philadelphia,Denver,PHI,DEN,0,0,2026-01-06T01:30:00Z
2025-26,06/01/26,04:00,10:00 pm ET,0022500508,,,,,false,Intuit Dome,Inglewood,CA,,1610612746,1610612744,Clippers,Warriors,LA,Golden State,LAC,GSW,0,0,2026-01-06T03:00:00Z
2025-26,06/01/26,04:00,10:00 pm ET,0022500509,,,,,false,Moda Center,Portland,OR,,1610612757,1610612762,Trail Blazers,Jazz,Portland,Utah,POR,UTA,0,0,2026-01-06T03:00:00Z
2025-26,07/01/26,01:00,7:00 pm ET,0022500510,,,,,false,Gainbridge Fieldhouse,Indianapolis,IN,,1610612754,1610612739,Pacers,Cavaliers,Indiana,Cleveland,IND,CLE,0,0,2026-01-07T00:00:00Z
2025-26,07/01/26,01:00,7:00 pm ET,0022500511,,,,,false,Capital One Arena,Washington,DC,,1610612764,1610612753,Wizards,Magic,Washington,Orlando,WAS,ORL,0,0,2026-01-07T00:00:00Z
2025-26,07/01/26,02:00,8:00 pm ET,0022500512,,,,,false,FedExForum,Memphis,TN,,1610612763,1610612759,Grizzlies,Spurs,Memphis,San Antonio,MEM,SAS,0,0,2026-01-07T01:00:00Z
2025-26,07/01/26,02:00,8:00 pm ET,0022500513,,,,,false,Target Center,Minneapolis,MN,,1610612750,1610612748,Timberwolves,Heat,Minnesota,Miami,MIN,MIA,0,0,2026-01-07T01:00:00Z
2025-26,07/01/26,02:00,8:00 pm ET,0022500514,,,,,false,Smoothie King Center,New Orleans,LA,,1610612740,1610612747,Pelicans,Lakers,New Orleans,Los Angeles,NOP,LAL,0,0,2026-01-07T01:00:00Z
2025-26,07/01/26,05:00,11:00 pm ET,0022500515,,,,,false,Golden 1 Center,Sacramento,CA,,1610612758,1610612742,Kings,Mavericks,Sacramento,Dallas,SAC,DAL,0,0,2026-01-07T04:00:00Z
2025-26,08/01/26,01:00,7:00 pm ET,0022500516,,,,,false,Spectrum Center,Charlotte,NC,,1610612766,1610612761,Hornets,Raptors,Charlotte,Toronto,CHA,TOR,0,0,2026-01-08T00:00:00Z
2025-26,08/01/26,01:00,7:00 pm ET,0022500517,,,,,false,Little Caesars Arena,Detroit,MI,,1610612765,1610612741,Pistons,Bulls,Detroit,Chicago,DET,CHI,0,0,2026-01-08T00:00:00Z
2025-26,08/01/26,01:00,7:00 pm ET,0022500518,,,,,false,Xfinity Mobile Arena,Philadelphia,PA,,1610612755,1610612764,76ers,Wizards,Philadelphia,Washington,PHI,WAS,0,0,2026-01-08T00:00:00Z
2025-26,08/01/26,01:30,7:30 pm ET,0022500519,,,,,false,State Farm Arena,Atlanta,GA,,1610612737,1610612740,Hawks,Pelicans,Atlanta,New Orleans,ATL,NOP,0,0,2026-01-08T00:30:00Z
2025-26,08/01/26,01:30,7:30 pm ET,0022500520,,,,,false,TD Garden,Boston,MA,,1610612738,1610612743,Celtics,Nuggets,Boston,Denver,BOS,DEN,0,0,2026-01-08T00:30:00Z
2025-26,08/01/26,01:30,7:30 pm ET,0022500521,,,,,false,Barclays Center,Brooklyn,NY,,1610612751,1610612753,Nets,Magic,Brooklyn,Orlando,BKN,ORL,0,0,2026-01-08T00:30:00Z
2025-26,08/01/26,01:30,7:30 pm ET,0022500522,,,,,false,Madison Square Garden,New York,NY,,1610612752,1610612746,Knicks,Clippers,New York,LA,NYK,LAC,0,0,2026-01-08T00:30:00Z
2025-26,08/01/26,01:30,7:30 pm ET,0022500523,,,,,false,Frost Bank Center,San Antonio,TX,,1610612759,1610612747,Spurs,Lakers,San Antonio,Los Angeles,SAS,LAL,0,0,2026-01-08T00:30:00Z
2025-26,08/01/26,02:00,8:00 pm ET,0022500524,,,,,false,FedExForum,Memphis,TN,,1610612763,1610612756,Grizzlies,Suns,Memphis,Phoenix,MEM,PHX,0,0,2026-01-08T01:00:00Z
2025-26,08/01/26,02:00,8:00 pm ET,0022500525,,,,,false,Paycom Center,Oklahoma City,OK,,1610612760,1610612762,Thunder,Jazz,Oklahoma City,Utah,OKC,UTA,0,0,2026-01-08T01:00:00Z
2025-26,08/01/26,04:00,10:00 pm ET,0022500526,,,,,false,Chase Center,San Francisco,CA,,1610612744,1610612749,Warriors,Bucks,Golden State,Milwaukee,GSW,MIL,0,0,2026-01-08T03:00:00Z
2025-26,08/01/26,04:00,10:00 pm ET,0022500527,,,,,false,Moda Center,Portland,OR,,1610612757,1610612745,Trail Blazers,Rockets,Portland,Houston,POR,HOU,0,0,2026-01-08T03:00:00Z
2025-26,09/01/26,01:00,7:00 pm ET,0022500528,,,,,false,Spectrum Center,Charlotte,NC,,1610612766,1610612754,Hornets,Pacers,Charlotte,Indiana,CHA,IND,0,0,2026-01-09T00:00:00Z
2025-26,09/01/26,02:00,8:00 pm ET,0022500529,,,,,false,United Center,Chicago,IL,,1610612741,1610612748,Bulls,Heat,Chicago,Miami,CHI,MIA,0,0,2026-01-09T01:00:00Z
2025-26,09/01/26,02:00,8:00 pm ET,0022500530,,,,,false,Target Center,Minneapolis,MN,,1610612750,1610612739,Timberwolves,Cavaliers,Minnesota,Cleveland,MIN,CLE,0,0,2026-01-09T01:00:00Z
2025-26,09/01/26,03:00,9:00 pm ET,0022500531,,,,,false,Delta Center,Salt Lake City,UT,,1610612762,1610612742,Jazz,Mavericks,Utah,Dallas,UTA,DAL,0,0,2026-01-09T02:00:00Z
2025-26,10/01/26,01:00,7:00 pm ET,0022500532,,,,,false,TD Garden,Boston,MA,,1610612738,1610612761,Celtics,Raptors,Boston,Toronto,BOS,TOR,0,0,2026-01-10T00:00:00Z
2025-26,10/01/26,01:00,7:00 pm ET,0022500533,,,,,false,Kia Center,Orlando,FL,,1610612753,1610612755,Magic,76ers,Orlando,Philadelphia,ORL,PHI,0,0,2026-01-10T00:00:00Z
2025-26,10/01/26,01:00,7:00 pm ET,0022500534,,,,,false,Capital One Arena,Washington,DC,,1610612764,1610612740,Wizards,Pelicans,Washington,New Orleans,WAS,NOP,0,0,2026-01-10T00:00:00Z
2025-26,10/01/26,01:30,7:30 pm ET,0022500535,,,,,false,Barclays Center,Brooklyn,NY,,1610612751,1610612746,Nets,Clippers,Brooklyn,LA,BKN,LAC,0,0,2026-01-10T00:30:00Z
2025-26,10/01/26,02:00,8:00 pm ET,0022500536,,,,,false,FedExForum,Memphis,TN,,1610612763,1610612760,Grizzlies,Thunder,Memphis,Oklahoma City,MEM,OKC,0,0,2026-01-10T01:00:00Z
2025-26,10/01/26,03:00,9:00 pm ET,0022500537,,,,,false,Ball Arena,Denver,CO,,1610612743,1610612737,Nuggets,Hawks,Denver,Atlanta,DEN,ATL,0,0,2026-01-10T02:00:00Z
2025-26,10/01/26,03:00,9:00 pm ET,0022500538,,,,,false,Mortgage Matchup Center,Phoenix,AZ,,1610612756,1610612752,Suns,Knicks,Phoenix,New York,PHX,NYK,0,0,2026-01-10T02:00:00Z
2025-26,10/01/26,04:00,10:00 pm ET,0022500539,,,,,false,Chase Center,San Francisco,CA,,1610612744,1610612758,Warriors,Kings,Golden State,Sacramento,GSW,SAC,0,0,2026-01-10T03:00:00Z
2025-26,10/01/26,04:00,10:00 pm ET,0022500540,,,,,false,Moda Center,Portland,OR,,1610612757,1610612745,Trail Blazers,Rockets,Portland,Houston,POR,HOU,0,0,2026-01-10T03:00:00Z
2025-26,10/01/26,04:30,10:30 pm ET,0022500541,,,,,false,Crypto.com Arena,Los Angeles,CA,,1610612747,1610612749,Lakers,Bucks,Los Angeles,Milwaukee,LAL,MIL,0,0,2026-01-10T03:30:00Z
2025-26,10/01/26,19:00,1:00 pm ET,0022500542,,,,,false,Rocket Arena,Cleveland,OH,,1610612739,1610612750,Cavaliers,Timberwolves,Cleveland,Minnesota,CLE,MIN,0,0,2026-01-10T18:00:00Z
2025-26,11/01/26,01:00,7:00 pm ET,0022500543,,,,,false,Gainbridge Fieldhouse,Indianapolis,IN,,1610612754,1610612748,Pacers,Heat,Indiana,Miami,IND,MIA,0,0,2026-01-11T00:00:00Z
2025-26,11/01/26,01:30,7:30 pm ET,0022500544,,,,,false,Little Caesars Arena,Detroit,MI,,1610612765,1610612746,Pistons,Clippers,Detroit,LA,DET,LAC,0,0,2026-01-11T00:30:00Z
2025-26,11/01/26,02:00,8:00 pm ET,0022500545,,,,,false,TD Garden,Boston,MA,,1610612738,1610612759,Celtics,Spurs,Boston,San Antonio,BOS,SAS,0,0,2026-01-11T01:00:00Z
2025-26,11/01/26,02:00,8:00 pm ET,0022500546,,,,,false,United Center,Chicago,IL,,1610612741,1610612742,Bulls,Mavericks,Chicago,Dallas,CHI,DAL,0,0,2026-01-11T01:00:00Z
2025-26,11/01/26,03:30,9:30 pm ET,0022500547,,,,,false,Delta Center,Salt Lake City,UT,,1610612762,1610612766,Jazz,Hornets,Utah,Charlotte,UTA,CHA,0,0,2026-01-11T02:30:00Z
2025-26,11/01/26,21:00,3:00 pm ET,0022500548,,,,,false,Kia Center,Orlando,FL,,1610612753,1610612740,Magic,Pelicans,Orlando,New Orleans,ORL,NOP,0,0,2026-01-11T20:00:00Z
2025-26,11/01/26,21:30,3:30 pm ET,0022500549,,,,,false,FedExForum,Memphis,TN,,1610612763,1610612751,Grizzlies,Nets,Memphis,Brooklyn,MEM,BKN,0,0,2026-01-11T20:30:00Z
2025-26,12/01/26,00:00,6:00 pm ET,0022500550,,,,,false,Scotiabank Arena,Toronto,ON,,1610612761,1610612755,Raptors,76ers,Toronto,Philadelphia,TOR,PHI,0,0,2026-01-11T23:00:00Z
2025-26,12/01/26,00:00,6:00 pm ET,0022500551,,,,,false,Moda Center,Portland,OR,,1610612757,1610612752,Trail Blazers,Knicks,Portland,New York,POR,NYK,0,0,2026-01-11T23:00:00Z
2025-26,12/01/26,01:00,7:00 pm ET,0022500552,,,,,false,Target Center,Minneapolis,MN,,1610612750,1610612759,Timberwolves,Spurs,Minnesota,San Antonio,MIN,SAS,0,0,2026-01-12T00:00:00Z
2025-26,12/01/26,01:00,7:00 pm ET,0022500553,,,,,false,Paycom Center,Oklahoma City,OK,,1610612760,1610612748,Thunder,Heat,Oklahoma City,Miami,OKC,MIA,0,0,2026-01-12T00:00:00Z
2025-26,12/01/26,02:00,8:00 pm ET,0022500554,,,,,false,Ball Arena,Denver,CO,,1610612743,1610612749,Nuggets,Bucks,Denver,Milwaukee,DEN,MIL,0,0,2026-01-12T01:00:00Z
2025-26,12/01/26,02:00,8:00 pm ET,0022500555,,,,,false,Mortgage Matchup Center,Phoenix,AZ,,1610612756,1610612764,Suns,Wizards,Phoenix,Washington,PHX,WAS,0,0,2026-01-12T01:00:00Z
2025-26,12/01/26,02:30,8:30 pm ET,0022500556,,,,,false,Chase Center,San Francisco,CA,,1610612744,1610612737,Warriors,Hawks,Golden State,Atlanta,GSW,ATL,0,0,2026-01-12T01:30:00Z
2025-26,12/01/26,03:00,9:00 pm ET,0022500557,,,,,false,Golden 1 Center,Sacramento,CA,,1610612758,1610612745,Kings,Rockets,Sacramento,Houston,SAC,HOU,0,0,2026-01-12T02:00:00Z
2025-26,13/01/26,01:00,7:00 pm ET,0022500558,,,,,false,Rocket Arena,Cleveland,OH,,1610612739,1610612762,Cavaliers,Jazz,Cleveland,Utah,CLE,UTA,0,0,2026-01-13T00:00:00Z
2025-26,13/01/26,01:30,7:30 pm ET,0022500559,,,,,false,Gainbridge Fieldhouse,Indianapolis,IN,,1610612754,1610612738,Pacers,Celtics,Indiana,Boston,IND,BOS,0,0,2026-01-13T00:30:00Z
2025-26,13/01/26,01:30,7:30 pm ET,0022500560,,,,,false,Scotiabank Arena,Toronto,ON,,1610612761,1610612755,Raptors,76ers,Toronto,Philadelphia,TOR,PHI,0,0,2026-01-13T00:30:00Z
2025-26,13/01/26,02:30,8:30 pm ET,0022500561,,,,,false,American Airlines Center,Dallas,TX,,1610612742,1610612751,Mavericks,Nets,Dallas,Brooklyn,DAL,BKN,0,0,2026-01-13T01:30:00Z
2025-26,13/01/26,04:00,10:00 pm ET,0022500562,,,,,false,Golden 1 Center,Sacramento,CA,,1610612758,1610612747,Kings,Lakers,Sacramento,Los Angeles,SAC,LAL,0,0,2026-01-13T03:00:00Z
2025-26,13/01/26,04:30,10:30 pm ET,0022500563,,,,,false,Intuit Dome,Inglewood,CA,,1610612746,1610612766,Clippers,Hornets,LA,Charlotte,LAC,CHA,0,0,2026-01-13T03:30:00Z
2025-26,14/01/26,01:30,7:30 pm ET,0022500564,,,,,false,Kaseya Center,Miami,FL,,1610612748,1610612756,Heat,Suns,Miami,Phoenix,MIA,PHX,0,0,2026-01-14T00:30:00Z
2025-26,14/01/26,02:00,8:00 pm ET,0022500565,,,,,false,Toyota Center,Houston,TX,,1610612745,1610612741,Rockets,Bulls,Houston,Chicago,HOU,CHI,0,0,2026-01-14T01:00:00Z
2025-26,14/01/26,02:00,8:00 pm ET,0022500566,,,,,false,Fiserv Forum,Milwaukee,WI,,1610612749,1610612750,Bucks,Timberwolves,Milwaukee,Minnesota,MIL,MIN,0,0,2026-01-14T01:00:00Z
2025-26,14/01/26,02:00,8:00 pm ET,0022500567,,,,,false,Smoothie King Center,New Orleans,LA,,1610612740,1610612743,Pelicans,Nuggets,New Orleans,Denver,NOP,DEN,0,0,2026-01-14T01:00:00Z
2025-26,14/01/26,02:00,8:00 pm ET,0022500568,,,,,false,Paycom Center,Oklahoma City,OK,,1610612760,1610612759,Thunder,Spurs,Oklahoma City,San Antonio,OKC,SAS,0,0,2026-01-14T01:00:00Z
2025-26,14/01/26,04:30,10:30 pm ET,0022500569,,,,,false,Crypto.com Arena,Los Angeles,CA,,1610612747,1610612737,Lakers,Hawks,Los Angeles,Atlanta,LAL,ATL,0,0,2026-01-14T03:30:00Z
2025-26,14/01/26,05:00,11:00 pm ET,0022500570,,,,,false,Chase Center,San Francisco,CA,,1610612744,1610612757,Warriors,Trail Blazers,Golden State,Portland,GSW,POR,0,0,2026-01-14T04:00:00Z
2025-26,15/01/26,01:00,7:00 pm ET,0022500571,,,,,false,Gainbridge Fieldhouse,Indianapolis,IN,,1610612754,1610612761,Pacers,Raptors,Indiana,Toronto,IND,TOR,0,0,2026-01-15T00:00:00Z
2025-26,15/01/26,01:00,7:00 pm ET,0022500572,,,,,false,Xfinity Mobile Arena,Philadelphia,PA,,1610612755,1610612739,76ers,Cavaliers,Philadelphia,Cleveland,PHI,CLE,0,0,2026-01-15T00:00:00Z
2025-26,15/01/26,02:00,8:00 pm ET,0022500573,,,,,false,United Center,Chicago,IL,,1610612741,1610612762,Bulls,Jazz,Chicago,Utah,CHI,UTA,0,0,2026-01-15T01:00:00Z
2025-26,15/01/26,02:00,8:00 pm ET,0022500574,,,,,false,Smoothie King Center,New Orleans,LA,,1610612740,1610612751,Pelicans,Nets,New Orleans,Brooklyn,NOP,BKN,0,0,2026-01-15T01:00:00Z
2025-26,15/01/26,03:30,9:30 pm ET,0022500575,,,,,false,American Airlines Center,Dallas,TX,,1610612742,1610612743,Mavericks,Nuggets,Dallas,Denver,DAL,DEN,0,0,2026-01-15T02:30:00Z
2025-26,15/01/26,04:00,10:00 pm ET,0022500576,,,,,false,Golden 1 Center,Sacramento,CA,,1610612758,1610612752,Kings,Knicks,Sacramento,New York,SAC,NYK,0,0,2026-01-15T03:00:00Z
2025-26,15/01/26,04:30,10:30 pm ET,0022500577,,,,,false,Intuit Dome,Inglewood,CA,,1610612746,1610612764,Clippers,Wizards,LA,Washington,LAC,WAS,0,0,2026-01-15T03:30:00Z
2025-26,15/01/26,20:00,2:00 pm ET,0022500578,,NBA Berlin Game,,Neutral Site,false,Uber Arena,Berlin,,Global Games,1610612753,1610612763,Magic,Grizzlies,Orlando,Memphis,ORL,MEM,0,0,2026-01-15T19:00:00Z
2025-26,16/01/26,01:00,7:00 pm ET,0022500579,,,,,false,Little Caesars Arena,Detroit,MI,,1610612765,1610612756,Pistons,Suns,Detroit,Phoenix,DET,PHX,0,0,2026-01-16T00:00:00Z
2025-26,16/01/26,01:30,7:30 pm ET,0022500580,,,,,false,Kaseya Center,Miami,FL,,1610612748,1610612738,Heat,Celtics,Miami,Boston,MIA,BOS,0,0,2026-01-16T00:30:00Z
2025-26,16/01/26,01:30,7:30 pm ET,0022500581,,,,,false,Toyota Center,Houston,TX,,1610612745,1610612760,Rockets,Thunder,Houston,Oklahoma City,HOU,OKC,0,0,2026-01-16T00:30:00Z
2025-26,16/01/26,02:00,8:00 pm ET,0022500582,,,,,false,Frost Bank Center,San Antonio,TX,,1610612759,1610612749,Spurs,Bucks,San Antonio,Milwaukee,SAS,MIL,0,0,2026-01-16T01:00:00Z
2025-26,16/01/26,02:30,8:30 pm ET,0022500583,,,,,false,American Airlines Center,Dallas,TX,,1610612742,1610612762,Mavericks,Jazz,Dallas,Utah,DAL,UTA,0,0,2026-01-16T01:30:00Z
2025-26,16/01/26,04:00,10:00 pm ET,0022500584,,,,,false,Chase Center,San Francisco,CA,,1610612744,1610612752,Warriors,Knicks,Golden State,New York,GSW,NYK,0,0,2026-01-16T03:00:00Z
2025-26,16/01/26,04:00,10:00 pm ET,0022500585,,,,,false,Moda Center,Portland,OR,,1610612757,1610612737,Trail Blazers,Hawks,Portland,Atlanta,POR,ATL,0,0,2026-01-16T03:00:00Z
2025-26,16/01/26,04:30,10:30 pm ET,0022500586,,,,,false,Crypto.com Arena,Los Angeles,CA,,1610612747,1610612766,Lakers,Hornets,Los Angeles,Charlotte,LAL,CHA,0,0,2026-01-16T03:30:00Z
2025-26,17/01/26,01:00,7:00 pm ET,0022500587,,,,,false,Barclays Center,Brooklyn,NY,,1610612751,1610612741,Nets,Bulls,Brooklyn,Chicago,BKN,CHI,0,0,2026-01-17T00:00:00Z
2025-26,17/01/26,01:00,7:00 pm ET,0022500588,,,,,false,Gainbridge Fieldhouse,Indianapolis,IN,,1610612754,1610612740,Pacers,Pelicans,Indiana,New Orleans,IND,NOP,0,0,2026-01-17T00:00:00Z
2025-26,17/01/26,01:00,7:00 pm ET,0022500589,,,,,false,Xfinity Mobile Arena,Philadelphia,PA,,1610612755,1610612739,76ers,Cavaliers,Philadelphia,Cleveland,PHI,CLE,0,0,2026-01-17T00:00:00Z
2025-26,17/01/26,01:30,7:30 pm ET,0022500590,,,,,false,Scotiabank Arena,Toronto,ON,,1610612761,1610612746,Raptors,Clippers,Toronto,LA,TOR,LAC,0,0,2026-01-17T00:30:00Z
2025-26,17/01/26,03:30,9:30 pm ET,0022500591,,,,,false,Toyota Center,Houston,TX,,1610612745,1610612750,Rockets,Timberwolves,Houston,Minnesota,HOU,MIN,0,0,2026-01-17T02:30:00Z
2025-26,17/01/26,04:00,10:00 pm ET,0022500592,,,,,false,Golden 1 Center,Sacramento,CA,,1610612758,1610612764,Kings,Wizards,Sacramento,Washington,SAC,WAS,0,0,2026-01-17T03:00:00Z
2025-26,17/01/26,23:00,5:00 pm ET,0022500593,,,,,false,American Airlines Center,Dallas,TX,,1610612742,1610612762,Mavericks,Jazz,Dallas,Utah,DAL,UTA,0,0,2026-01-17T22:00:00Z
2025-26,18/01/26,01:30,7:30 pm ET,0022500594,,,,,false,State Farm Arena,Atlanta,GA,,1610612737,1610612738,Hawks,Celtics,Atlanta,Boston,ATL,BOS,0,0,2026-01-18T00:30:00Z
2025-26,18/01/26,01:30,7:30 pm ET,0022500595,,,,,false,Little Caesars Arena,Detroit,MI,,1610612765,1610612754,Pistons,Pacers,Detroit,Indiana,DET,IND,0,0,2026-01-18T00:30:00Z
2025-26,18/01/26,01:30,7:30 pm ET,0022500596,,,,,false,Madison Square Garden,New York,NY,,1610612752,1610612756,Knicks,Suns,New York,Phoenix,NYK,PHX,0,0,2026-01-18T00:30:00Z
2025-26,18/01/26,02:00,8:00 pm ET,0022500597,,,,,false,Kaseya Center,Miami,FL,,1610612748,1610612760,Heat,Thunder,Miami,Oklahoma City,MIA,OKC,0,0,2026-01-18T01:00:00Z
2025-26,18/01/26,02:00,8:00 pm ET,0022500598,,,,,false,Frost Bank Center,San Antonio,TX,,1610612759,1610612750,Spurs,Timberwolves,San Antonio,Minnesota,SAS,MIN,0,0,2026-01-18T01:00:00Z
2025-26,18/01/26,02:30,8:30 pm ET,0022500599,,,,,false,Chase Center,San Francisco,CA,,1610612744,1610612766,Warriors,Hornets,Golden State,Charlotte,GSW,CHA,0,0,2026-01-18T01:30:00Z
2025-26,18/01/26,03:00,9:00 pm ET,0022500600,,,,,false,Ball Arena,Denver,CO,,1610612743,1610612764,Nuggets,Wizards,Denver,Washington,DEN,WAS,0,0,2026-01-18T02:00:00Z
2025-26,18/01/26,04:00,10:00 pm ET,0022500601,,,,,false,Moda Center,Portland,OR,,1610612757,1610612747,Trail Blazers,Lakers,Portland,Los Angeles,POR,LAL,0,0,2026-01-18T03:00:00Z
2025-26,18/01/26,18:00,12:00 pm ET,0022500602,,NBA London Game,,Neutral Site,false,The O2 Arena,London,,Global Games,1610612763,1610612753,Grizzlies,Magic,Memphis,Orlando,MEM,ORL,0,0,2026-01-18T17:00:00Z
2025-26,19/01/26,01:00,7:00 pm ET,0022500603,,,,,false,United Center,Chicago,IL,,1610612741,1610612751,Bulls,Nets,Chicago,Brooklyn,CHI,BKN,0,0,2026-01-19T00:00:00Z
2025-26,19/01/26,01:00,7:00 pm ET,0022500604,,,,,false,Toyota Center,Houston,TX,,1610612745,1610612740,Rockets,Pelicans,Houston,New Orleans,HOU,NOP,0,0,2026-01-19T00:00:00Z
2025-26,19/01/26,02:00,8:00 pm ET,0022500605,,,,,false,Ball Arena,Denver,CO,,1610612743,1610612766,Nuggets,Hornets,Denver,Charlotte,DEN,CHA,0,0,2026-01-19T01:00:00Z
2025-26,19/01/26,03:00,9:00 pm ET,0022500606,,,,,false,Golden 1 Center,Sacramento,CA,,1610612758,1610612757,Kings,Trail Blazers,Sacramento,Portland,SAC,POR,0,0,2026-01-19T02:00:00Z
2025-26,19/01/26,03:30,9:30 pm ET,0022500607,,,,,false,Crypto.com Arena,Los Angeles,CA,,1610612747,1610612761,Lakers,Raptors,Los Angeles,Toronto,LAL,TOR,0,0,2026-01-19T02:30:00Z
2025-26,19/01/26,19:00,1:00 pm ET,0022500014,,,,,false,State Farm Arena,Atlanta,GA,,1610612737,1610612749,Hawks,Bucks,Atlanta,Milwaukee,ATL,MIL,0,0,2026-01-19T18:00:00Z
2025-26,19/01/26,20:30,2:30 pm ET,0022500015,,,,,false,Rocket Arena,Cleveland,OH,,1610612739,1610612760,Cavaliers,Thunder,Cleveland,Oklahoma City,CLE,OKC,0,0,2026-01-19T19:30:00Z
2025-26,19/01/26,23:00,5:00 pm ET,0022500016,,,,,false,Madison Square Garden,New York,NY,,1610612752,1610612742,Knicks,Mavericks,New York,Dallas,NYK,DAL,0,0,2026-01-19T22:00:00Z
2025-26,20/01/26,02:00,8:00 pm ET,0022500017,,,,,false,Little Caesars Arena,Detroit,MI,,1610612765,1610612738,Pistons,Celtics,Detroit,Boston,DET,BOS,0,0,2026-01-20T01:00:00Z
2025-26,19/01/26,21:00,3:00 pm ET,0022500608,,,,,false,Capital One Arena,Washington,DC,,1610612764,1610612746,Wizards,Clippers,Washington,LA,WAS,LAC,0,0,2026-01-19T20:00:00Z
2025-26,20/01/26,01:00,7:00 pm ET,0022500609,,,,,false,Xfinity Mobile Arena,Philadelphia,PA,,1610612755,1610612754,76ers,Pacers,Philadelphia,Indiana,PHI,IND,0,0,2026-01-20T00:00:00Z
2025-26,20/01/26,01:30,7:30 pm ET,0022500610,,,,,false,Barclays Center,Brooklyn,NY,,1610612751,1610612756,Nets,Suns,Brooklyn,Phoenix,BKN,PHX,0,0,2026-01-20T00:30:00Z
2025-26,20/01/26,02:00,8:00 pm ET,0022500611,,,,,false,Frost Bank Center,San Antonio,TX,,1610612759,1610612762,Spurs,Jazz,San Antonio,Utah,SAS,UTA,0,0,2026-01-20T01:00:00Z
2025-26,20/01/26,04:00,10:00 pm ET,0022500612,,,,,false,Chase Center,San Francisco,CA,,1610612744,1610612748,Warriors,Heat,Golden State,Miami,GSW,MIA,0,0,2026-01-20T03:00:00Z
2025-26,21/01/26,01:00,7:00 pm ET,0022500613,,,,,false,Xfinity Mobile Arena,Philadelphia,PA,,1610612755,1610612756,76ers,Suns,Philadelphia,Phoenix,PHI,PHX,0,0,2026-01-21T00:00:00Z
2025-26,21/01/26,02:00,8:00 pm ET,0022500614,,,,,false,United Center,Chicago,IL,,1610612741,1610612746,Bulls,Clippers,Chicago,LA,CHI,LAC,0,0,2026-01-21T01:00:00Z
2025-26,21/01/26,02:00,8:00 pm ET,0022500615,,,,,false,Toyota Center,Houston,TX,,1610612745,1610612759,Rockets,Spurs,Houston,San Antonio,HOU,SAS,0,0,2026-01-21T01:00:00Z
2025-26,21/01/26,03:00,9:00 pm ET,0022500616,,,,,false,Delta Center,Salt Lake City,UT,,1610612762,1610612750,Jazz,Timberwolves,Utah,Minnesota,UTA,MIN,0,0,2026-01-21T02:00:00Z
2025-26,21/01/26,04:00,10:00 pm ET,0022500617,,,,,false,Ball Arena,Denver,CO,,1610612743,1610612747,Nuggets,Lakers,Denver,Los Angeles,DEN,LAL,0,0,2026-01-21T03:00:00Z
2025-26,21/01/26,04:00,10:00 pm ET,0022500618,,,,,false,Chase Center,San Francisco,CA,,1610612744,1610612761,Warriors,Raptors,Golden State,Toronto,GSW,TOR,0,0,2026-01-21T03:00:00Z
2025-26,21/01/26,04:00,10:00 pm ET,0022500619,,,,,false,Golden 1 Center,Sacramento,CA,,1610612758,1610612748,Kings,Heat,Sacramento,Miami,SAC,MIA,0,0,2026-01-21T03:00:00Z
2025-26,22/01/26,01:00,7:00 pm ET,0022500620,,,,,false,Spectrum Center,Charlotte,NC,,1610612766,1610612739,Hornets,Cavaliers,Charlotte,Cleveland,CHA,CLE,0,0,2026-01-22T00:00:00Z
2025-26,22/01/26,01:30,7:30 pm ET,0022500621,,,,,false,TD Garden,Boston,MA,,1610612738,1610612754,Celtics,Pacers,Boston,Indiana,BOS,IND,0,0,2026-01-22T00:30:00Z
2025-26,22/01/26,01:30,7:30 pm ET,0022500622,,,,,false,Madison Square Garden,New York,NY,,1610612752,1610612751,Knicks,Nets,New York,Brooklyn,NYK,BKN,0,0,2026-01-22T00:30:00Z
2025-26,22/01/26,02:00,8:00 pm ET,0022500623,,,,,false,FedExForum,Memphis,TN,,1610612763,1610612737,Grizzlies,Hawks,Memphis,Atlanta,MEM,ATL,0,0,2026-01-22T01:00:00Z
2025-26,22/01/26,02:00,8:00 pm ET,0022500624,,,,,false,Smoothie King Center,New Orleans,LA,,1610612740,1610612765,Pelicans,Pistons,New Orleans,Detroit,NOP,DET,0,0,2026-01-22T01:00:00Z
2025-26,22/01/26,03:30,9:30 pm ET,0022500625,,,,,false,Fiserv Forum,Milwaukee,WI,,1610612749,1610612760,Bucks,Thunder,Milwaukee,Oklahoma City,MIL,OKC,0,0,2026-01-22T02:30:00Z
2025-26,22/01/26,04:00,10:00 pm ET,0022500626,,,,,false,Golden 1 Center,Sacramento,CA,,1610612758,1610612761,Kings,Raptors,Sacramento,Toronto,SAC,TOR,0,0,2026-01-22T03:00:00Z
2025-26,23/01/26,01:00,7:00 pm ET,0022500627,,,,,false,Kia Center,Orlando,FL,,1610612753,1610612766,Magic,Hornets,Orlando,Charlotte,ORL,CHA,0,0,2026-01-23T00:00:00Z
2025-26,23/01/26,01:00,7:00 pm ET,0022500628,,,,,false,Xfinity Mobile Arena,Philadelphia,PA,,1610612755,1610612745,76ers,Rockets,Philadelphia,Houston,PHI,HOU,0,0,2026-01-23T00:00:00Z
2025-26,23/01/26,01:00,7:00 pm ET,0022500629,,,,,false,Capital One Arena,Washington,DC,,1610612764,1610612743,Wizards,Nuggets,Washington,Denver,WAS,DEN,0,0,2026-01-23T00:00:00Z
2025-26,23/01/26,01:30,7:30 pm ET,0022500630,,,,,false,American Airlines Center,Dallas,TX,,1610612742,1610612744,Mavericks,Warriors,Dallas,Golden State,DAL,GSW,0,0,2026-01-23T00:30:00Z
2025-26,23/01/26,02:00,8:00 pm ET,0022500631,,,,,false,Target Center,Minneapolis,MN,,1610612750,1610612741,Timberwolves,Bulls,Minnesota,Chicago,MIN,CHI,0,0,2026-01-23T01:00:00Z
2025-26,23/01/26,03:00,9:00 pm ET,0022500632,,,,,false,Delta Center,Salt Lake City,UT,,1610612762,1610612759,Jazz,Spurs,Utah,San Antonio,UTA,SAS,0,0,2026-01-23T02:00:00Z
2025-26,23/01/26,04:00,10:00 pm ET,0022500633,,,,,false,Intuit Dome,Inglewood,CA,,1610612746,1610612747,Clippers,Lakers,LA,Los Angeles,LAC,LAL,0,0,2026-01-23T03:00:00Z
2025-26,23/01/26,04:00,10:00 pm ET,0022500634,,,,,false,Moda Center,Portland,OR,,1610612757,1610612748,Trail Blazers,Heat,Portland,Miami,POR,MIA,0,0,2026-01-23T03:00:00Z
2025-26,24/01/26,01:00,7:00 pm ET,0022500635,,,,,false,Little Caesars Arena,Detroit,MI,,1610612765,1610612745,Pistons,Rockets,Detroit,Houston,DET,HOU,0,0,2026-01-24T00:00:00Z
2025-26,24/01/26,01:30,7:30 pm ET,0022500636,,,,,false,State Farm Arena,Atlanta,GA,,1610612737,1610612756,Hawks,Suns,Atlanta,Phoenix,ATL,PHX,0,0,2026-01-24T00:30:00Z
2025-26,24/01/26,01:30,7:30 pm ET,0022500637,,,,,false,Barclays Center,Brooklyn,NY,,1610612751,1610612738,Nets,Celtics,Brooklyn,Boston,BKN,BOS,0,0,2026-01-24T00:30:00Z
2025-26,24/01/26,01:30,7:30 pm ET,0022500638,,,,,false,Rocket Arena,Cleveland,OH,,1610612739,1610612758,Cavaliers,Kings,Cleveland,Sacramento,CLE,SAC,0,0,2026-01-24T00:30:00Z
2025-26,24/01/26,02:00,8:00 pm ET,0022500639,,,,,false,FedExForum,Memphis,TN,,1610612763,1610612740,Grizzlies,Pelicans,Memphis,New Orleans,MEM,NOP,0,0,2026-01-24T01:00:00Z
2025-26,24/01/26,02:00,8:00 pm ET,0022500640,,,,,false,Fiserv Forum,Milwaukee,WI,,1610612749,1610612743,Bucks,Nuggets,Milwaukee,Denver,MIL,DEN,0,0,2026-01-24T01:00:00Z
2025-26,24/01/26,03:30,9:30 pm ET,0022500641,,,,,false,Paycom Center,Oklahoma City,OK,,1610612760,1610612754,Thunder,Pacers,Oklahoma City,Indiana,OKC,IND,0,0,2026-01-24T02:30:00Z
2025-26,24/01/26,04:00,10:00 pm ET,0022500642,,,,,false,Moda Center,Portland,OR,,1610612757,1610612761,Trail Blazers,Raptors,Portland,Toronto,POR,TOR,0,0,2026-01-24T03:00:00Z
2025-26,24/01/26,21:00,3:00 pm ET,0022500643,,,,,false,Xfinity Mobile Arena,Philadelphia,PA,,1610612755,1610612752,76ers,Knicks,Philadelphia,New York,PHI,NYK,0,0,2026-01-24T20:00:00Z
2025-26,24/01/26,23:30,5:30 pm ET,0022500644,,,,,false,Target Center,Minneapolis,MN,,1610612750,1610612744,Timberwolves,Warriors,Minnesota,Golden State,MIN,GSW,0,0,2026-01-24T22:30:00Z
2025-26,25/01/26,00:00,6:00 pm ET,0022500645,,,,,false,Spectrum Center,Charlotte,NC,,1610612766,1610612764,Hornets,Wizards,Charlotte,Washington,CHA,WAS,0,0,2026-01-24T23:00:00Z
2025-26,25/01/26,01:00,7:00 pm ET,0022500646,,,,,false,Kia Center,Orlando,FL,,1610612753,1610612739,Magic,Cavaliers,Orlando,Cleveland,ORL,CLE,0,0,2026-01-25T00:00:00Z
2025-26,25/01/26,02:00,8:00 pm ET,0022500647,,,,,false,United Center,Chicago,IL,,1610612741,1610612738,Bulls,Celtics,Chicago,Boston,CHI,BOS,0,0,2026-01-25T01:00:00Z
2025-26,25/01/26,02:30,8:30 pm ET,0022500648,,,,,false,American Airlines Center,Dallas,TX,,1610612742,1610612747,Mavericks,Lakers,Dallas,Los Angeles,DAL,LAL,0,0,2026-01-25T01:30:00Z
2025-26,25/01/26,03:30,9:30 pm ET,0022500649,,,,,false,Delta Center,Salt Lake City,UT,,1610612762,1610612748,Jazz,Heat,Utah,Miami,UTA,MIA,0,0,2026-01-25T02:30:00Z
2025-26,25/01/26,21:00,3:00 pm ET,0022500650,,,,,false,Little Caesars Arena,Detroit,MI,,1610612765,1610612758,Pistons,Kings,Detroit,Sacramento,DET,SAC,0,0,2026-01-25T20:00:00Z
2025-26,25/01/26,21:30,3:30 pm ET,0022500651,,,,,false,FedExForum,Memphis,TN,,1610612763,1610612743,Grizzlies,Nuggets,Memphis,Denver,MEM,DEN,0,0,2026-01-25T20:30:00Z
2025-26,26/01/26,01:00,7:00 pm ET,0022500652,,,,,false,Fiserv Forum,Milwaukee,WI,,1610612749,1610612742,Bucks,Mavericks,Milwaukee,Dallas,MIL,DAL,0,0,2026-01-26T00:00:00Z
2025-26,26/01/26,01:00,7:00 pm ET,0022500653,,,,,false,Paycom Center,Oklahoma City,OK,,1610612760,1610612761,Thunder,Raptors,Oklahoma City,Toronto,OKC,TOR,0,0,2026-01-26T00:00:00Z
2025-26,26/01/26,01:00,7:00 pm ET,0022500654,,,,,false,Frost Bank Center,San Antonio,TX,,1610612759,1610612740,Spurs,Pelicans,San Antonio,New Orleans,SAS,NOP,0,0,2026-01-26T00:00:00Z
2025-26,26/01/26,02:00,8:00 pm ET,0022500655,,,,,false,Mortgage Matchup Center,Phoenix,AZ,,1610612756,1610612748,Suns,Heat,Phoenix,Miami,PHX,MIA,0,0,2026-01-26T01:00:00Z
2025-26,26/01/26,03:00,9:00 pm ET,0022500656,,,,,false,Intuit Dome,Inglewood,CA,,1610612746,1610612751,Clippers,Nets,LA,Brooklyn,LAC,BKN,0,0,2026-01-26T02:00:00Z
2025-26,27/01/26,01:00,7:00 pm ET,0022500657,,,,,false,Spectrum Center,Charlotte,NC,,1610612766,1610612755,Hornets,76ers,Charlotte,Philadelphia,CHA,PHI,0,0,2026-01-27T00:00:00Z
2025-26,27/01/26,01:00,7:00 pm ET,0022500658,,,,,false,Rocket Arena,Cleveland,OH,,1610612739,1610612753,Cavaliers,Magic,Cleveland,Orlando,CLE,ORL,0,0,2026-01-27T00:00:00Z
2025-26,27/01/26,01:30,7:30 pm ET,0022500659,,,,,false,State Farm Arena,Atlanta,GA,,1610612737,1610612754,Hawks,Pacers,Atlanta,Indiana,ATL,IND,0,0,2026-01-27T00:30:00Z
2025-26,27/01/26,02:00,8:00 pm ET,0022500660,,,,,false,TD Garden,Boston,MA,,1610612738,1610612757,Celtics,Trail Blazers,Boston,Portland,BOS,POR,0,0,2026-01-27T01:00:00Z
2025-26,27/01/26,02:00,8:00 pm ET,0022500661,,,,,false,United Center,Chicago,IL,,1610612741,1610612747,Bulls,Lakers,Chicago,Los Angeles,CHI,LAL,0,0,2026-01-27T01:00:00Z
2025-26,27/01/26,02:00,8:00 pm ET,0022500662,,,,,false,Toyota Center,Houston,TX,,1610612745,1610612763,Rockets,Grizzlies,Houston,Memphis,HOU,MEM,0,0,2026-01-27T01:00:00Z
2025-26,27/01/26,03:30,9:30 pm ET,0022500663,,,,,false,Target Center,Minneapolis,MN,,1610612750,1610612744,Timberwolves,Warriors,Minnesota,Golden State,MIN,GSW,0,0,2026-01-27T02:30:00Z
2025-26,28/01/26,01:00,7:00 pm ET,0022500664,,,,,false,Capital One Arena,Washington,DC,,1610612764,1610612757,Wizards,Trail Blazers,Washington,Portland,WAS,POR,0,0,2026-01-28T00:00:00Z
2025-26,28/01/26,01:30,7:30 pm ET,0022500665,,,,,false,Madison Square Garden,New York,NY,,1610612752,1610612758,Knicks,Kings,New York,Sacramento,NYK,SAC,0,0,2026-01-28T00:30:00Z
2025-26,28/01/26,02:00,8:00 pm ET,0022500666,,,,,false,Xfinity Mobile Arena,Philadelphia,PA,,1610612755,1610612749,76ers,Bucks,Philadelphia,Milwaukee,PHI,MIL,0,0,2026-01-28T01:00:00Z
2025-26,28/01/26,02:00,8:00 pm ET,0022500667,,,,,false,Paycom Center,Oklahoma City,OK,,1610612760,1610612740,Thunder,Pelicans,Oklahoma City,New Orleans,OKC,NOP,0,0,2026-01-28T01:00:00Z
2025-26,28/01/26,03:00,9:00 pm ET,0022500668,,,,,false,Ball Arena,Denver,CO,,1610612743,1610612765,Nuggets,Pistons,Denver,Detroit,DEN,DET,0,0,2026-01-28T02:00:00Z
2025-26,28/01/26,03:00,9:00 pm ET,0022500669,,,,,false,Mortgage Matchup Center,Phoenix,AZ,,1610612756,1610612751,Suns,Nets,Phoenix,Brooklyn,PHX,BKN,0,0,2026-01-28T02:00:00Z
2025-26,28/01/26,04:00,10:00 pm ET,0022500670,,,,,false,Delta Center,Salt Lake City,UT,,1610612762,1610612746,Jazz,Clippers,Utah,LA,UTA,LAC,0,0,2026-01-28T03:00:00Z
2025-26,29/01/26,01:00,7:00 pm ET,0022500671,,,,,false,Rocket Arena,Cleveland,OH,,1610612739,1610612747,Cavaliers,Lakers,Cleveland,Los Angeles,CLE,LAL,0,0,2026-01-29T00:00:00Z
2025-26,29/01/26,01:00,7:00 pm ET,0022500672,,,,,false,Gainbridge Fieldhouse,Indianapolis,IN,,1610612754,1610612741,Pacers,Bulls,Indiana,Chicago,IND,CHI,0,0,2026-01-29T00:00:00Z
2025-26,29/01/26,01:30,7:30 pm ET,0022500673,,,,,false,TD Garden,Boston,MA,,1610612738,1610612737,Celtics,Hawks,Boston,Atlanta,BOS,ATL,0,0,2026-01-29T00:30:00Z
2025-26,29/01/26,01:30,7:30 pm ET,0022500674,,,,,false,Kaseya Center,Miami,FL,,1610612748,1610612753,Heat,Magic,Miami,Orlando,MIA,ORL,0,0,2026-01-29T00:30:00Z
2025-26,29/01/26,01:30,7:30 pm ET,0022500675,,,,,false,Scotiabank Arena,Toronto,ON,,1610612761,1610612752,Raptors,Knicks,Toronto,New York,TOR,NYK,0,0,2026-01-29T00:30:00Z
2025-26,29/01/26,02:00,8:00 pm ET,0022500676,,,,,false,FedExForum,Memphis,TN,,1610612763,1610612766,Grizzlies,Hornets,Memphis,Charlotte,MEM,CHA,0,0,2026-01-29T01:00:00Z
2025-26,29/01/26,02:30,8:30 pm ET,0022500677,,,,,false,American Airlines Center,Dallas,TX,,1610612742,1610612750,Mavericks,Timberwolves,Dallas,Minnesota,DAL,MIN,0,0,2026-01-29T01:30:00Z
2025-26,29/01/26,03:00,9:00 pm ET,0022500678,,,,,false,Delta Center,Salt Lake City,UT,,1610612762,1610612744,Jazz,Warriors,Utah,Golden State,UTA,GSW,0,0,2026-01-29T02:00:00Z
2025-26,29/01/26,03:30,9:30 pm ET,0022500679,,,,,false,Toyota Center,Houston,TX,,1610612745,1610612759,Rockets,Spurs,Houston,San Antonio,HOU,SAS,0,0,2026-01-29T02:30:00Z
2025-26,30/01/26,01:00,7:00 pm ET,0022500680,,,,,false,Xfinity Mobile Arena,Philadelphia,PA,,1610612755,1610612758,76ers,Kings,Philadelphia,Sacramento,PHI,SAC,0,0,2026-01-30T00:00:00Z
2025-26,30/01/26,01:00,7:00 pm ET,0022500681,,,,,false,Capital One Arena,Washington,DC,,1610612764,1610612749,Wizards,Bucks,Washington,Milwaukee,WAS,MIL,0,0,2026-01-30T00:00:00Z
2025-26,30/01/26,02:00,8:00 pm ET,0022500682,,,,,false,State Farm Arena,Atlanta,GA,,1610612737,1610612745,Hawks,Rockets,Atlanta,Houston,ATL,HOU,0,0,2026-01-30T01:00:00Z
2025-26,30/01/26,02:30,8:30 pm ET,0022500683,,,,,false,American Airlines Center,Dallas,TX,,1610612742,1610612766,Mavericks,Hornets,Dallas,Charlotte,DAL,CHA,0,0,2026-01-30T01:30:00Z
2025-26,30/01/26,03:00,9:00 pm ET,0022500684,,,,,false,Ball Arena,Denver,CO,,1610612743,1610612751,Nuggets,Nets,Denver,Brooklyn,DEN,BKN,0,0,2026-01-30T02:00:00Z
2025-26,30/01/26,03:00,9:00 pm ET,0022500685,,,,,false,Mortgage Matchup Center,Phoenix,AZ,,1610612756,1610612765,Suns,Pistons,Phoenix,Detroit,PHX,DET,0,0,2026-01-30T02:00:00Z
2025-26,30/01/26,03:30,9:30 pm ET,0022500686,,,,,false,Target Center,Minneapolis,MN,,1610612750,1610612760,Timberwolves,Thunder,Minnesota,Oklahoma City,MIN,OKC,0,0,2026-01-30T02:30:00Z
2025-26,31/01/26,01:00,7:00 pm ET,0022500687,,,,,false,Kia Center,Orlando,FL,,1610612753,1610612761,Magic,Raptors,Orlando,Toronto,ORL,TOR,0,0,2026-01-31T00:00:00Z
2025-26,31/01/26,01:00,7:00 pm ET,0022500688,,,,,false,Capital One Arena,Washington,DC,,1610612764,1610612747,Wizards,Lakers,Washington,Los Angeles,WAS,LAL,0,0,2026-01-31T00:00:00Z
2025-26,31/01/26,01:30,7:30 pm ET,0022500689,,,,,false,TD Garden,Boston,MA,,1610612738,1610612758,Celtics,Kings,Boston,Sacramento,BOS,SAC,0,0,2026-01-31T00:30:00Z
2025-26,31/01/26,01:30,7:30 pm ET,0022500690,,,,,false,Madison Square Garden,New York,NY,,1610612752,1610612757,Knicks,Trail Blazers,New York,Portland,NYK,POR,0,0,2026-01-31T00:30:00Z
2025-26,31/01/26,01:30,7:30 pm ET,0022500691,,,,,false,Smoothie King Center,New Orleans,LA,,1610612740,1610612763,Pelicans,Grizzlies,New Orleans,Memphis,NOP,MEM,0,0,2026-01-31T00:30:00Z
2025-26,31/01/26,02:00,8:00 pm ET,0022500692,,,,,false,Kaseya Center,Miami,FL,,1610612748,1610612741,Heat,Bulls,Miami,Chicago,MIA,CHI,0,0,2026-01-31T01:00:00Z
2025-26,31/01/26,03:00,9:00 pm ET,0022500693,,,,,false,Mortgage Matchup Center,Phoenix,AZ,,1610612756,1610612739,Suns,Cavaliers,Phoenix,Cleveland,PHX,CLE,0,0,2026-01-31T02:00:00Z
2025-26,31/01/26,03:30,9:30 pm ET,0022500694,,,,,false,Delta Center,Salt Lake City,UT,,1610612762,1610612751,Jazz,Nets,Utah,Brooklyn,UTA,BKN,0,0,2026-01-31T02:30:00Z
2025-26,31/01/26,04:00,10:00 pm ET,0022500695,,,,,false,Ball Arena,Denver,CO,,1610612743,1610612746,Nuggets,Clippers,Denver,LA,DEN,LAC,0,0,2026-01-31T03:00:00Z
2025-26,31/01/26,04:00,10:00 pm ET,0022500696,,,,,false,Chase Center,San Francisco,CA,,1610612744,1610612765,Warriors,Pistons,Golden State,Detroit,GSW,DET,0,0,2026-01-31T03:00:00Z
2025-26,31/01/26,21:00,3:00 pm ET,0022500697,,,,,false,Spectrum Center,Charlotte,NC,,1610612766,1610612759,Hornets,Spurs,Charlotte,San Antonio,CHA,SAS,0,0,2026-01-31T20:00:00Z
2025-26,01/02/26,01:00,7:00 pm ET,0022500698,,,,,false,Gainbridge Fieldhouse,Indianapolis,IN,,1610612754,1610612737,Pacers,Hawks,Indiana,Atlanta,IND,ATL,0,0,2026-02-01T00:00:00Z
2025-26,01/02/26,01:30,7:30 pm ET,0022500699,,,,,false,Xfinity Mobile Arena,Philadelphia,PA,,1610612755,1610612740,76ers,Pelicans,Philadelphia,New Orleans,PHI,NOP,0,0,2026-02-01T00:30:00Z
2025-26,01/02/26,02:00,8:00 pm ET,0022500700,,,,,false,FedExForum,Memphis,TN,,1610612763,1610612750,Grizzlies,Timberwolves,Memphis,Minnesota,MEM,MIN,0,0,2026-02-01T01:00:00Z
2025-26,01/02/26,02:30,8:30 pm ET,0022500701,,,,,false,Toyota Center,Houston,TX,,1610612745,1610612742,Rockets,Mavericks,Houston,Dallas,HOU,DAL,0,0,2026-02-01T01:30:00Z
2025-26,01/02/26,21:30,3:30 pm ET,0022500702,,,,,false,TD Garden,Boston,MA,,1610612738,1610612749,Celtics,Bucks,Boston,Milwaukee,BOS,MIL,0,0,2026-02-01T20:30:00Z
2025-26,01/02/26,22:00,4:00 pm ET,0022500703,,,,,false,Frost Bank Center,San Antonio,TX,,1610612759,1610612753,Spurs,Magic,San Antonio,Orlando,SAS,ORL,0,0,2026-02-01T21:00:00Z
2025-26,02/02/26,00:00,6:00 pm ET,0022500704,,,,,false,Little Caesars Arena,Detroit,MI,,1610612765,1610612751,Pistons,Nets,Detroit,Brooklyn,DET,BKN,0,0,2026-02-01T23:00:00Z
2025-26,02/02/26,00:00,6:00 pm ET,0022500705,,,,,false,Kaseya Center,Miami,FL,,1610612748,1610612741,Heat,Bulls,Miami,Chicago,MIA,CHI,0,0,2026-02-01T23:00:00Z
2025-26,02/02/26,00:00,6:00 pm ET,0022500706,,,,,false,Scotiabank Arena,Toronto,ON,,1610612761,1610612762,Raptors,Jazz,Toronto,Utah,TOR,UTA,0,0,2026-02-01T23:00:00Z
2025-26,02/02/26,00:00,6:00 pm ET,0022500707,,,,,false,Capital One Arena,Washington,DC,,1610612764,1610612758,Wizards,Kings,Washington,Sacramento,WAS,SAC,0,0,2026-02-01T23:00:00Z
2025-26,02/02/26,01:00,7:00 pm ET,0022500708,,,,,false,Madison Square Garden,New York,NY,,1610612752,1610612747,Knicks,Lakers,New York,Los Angeles,NYK,LAL,0,0,2026-02-02T00:00:00Z
2025-26,02/02/26,02:00,8:00 pm ET,0022500709,,,,,false,Mortgage Matchup Center,Phoenix,AZ,,1610612756,1610612746,Suns,Clippers,Phoenix,LA,PHX,LAC,0,0,2026-02-02T01:00:00Z
2025-26,02/02/26,03:00,9:00 pm ET,0022500710,,,,,false,Moda Center,Portland,OR,,1610612757,1610612739,Trail Blazers,Cavaliers,Portland,Cleveland,POR,CLE,0,0,2026-02-02T02:00:00Z
2025-26,02/02/26,03:30,9:30 pm ET,0022500711,,,,,false,Ball Arena,Denver,CO,,1610612743,1610612760,Nuggets,Thunder,Denver,Oklahoma City,DEN,OKC,0,0,2026-02-02T02:30:00Z
2025-26,03/02/26,01:00,7:00 pm ET,0022500712,,,,,false,Spectrum Center,Charlotte,NC,,1610612766,1610612740,Hornets,Pelicans,Charlotte,New Orleans,CHA,NOP,0,0,2026-02-03T00:00:00Z
2025-26,03/02/26,01:00,7:00 pm ET,0022500713,,,,,false,Gainbridge Fieldhouse,Indianapolis,IN,,1610612754,1610612745,Pacers,Rockets,Indiana,Houston,IND,HOU,0,0,2026-02-03T00:00:00Z
2025-26,03/02/26,03:30,9:30 pm ET,0022500714,,,,,false,FedExForum,Memphis,TN,,1610612763,1610612750,Grizzlies,Timberwolves,Memphis,Minnesota,MEM,MIN,0,0,2026-02-03T02:30:00Z
2025-26,03/02/26,04:30,10:30 pm ET,0022500715,,,,,false,Intuit Dome,Inglewood,CA,,1610612746,1610612755,Clippers,76ers,LA,Philadelphia,LAC,PHI,0,0,2026-02-03T03:30:00Z
2025-26,04/02/26,01:00,7:00 pm ET,0022500716,,,,,false,Little Caesars Arena,Detroit,MI,,1610612765,1610612743,Pistons,Nuggets,Detroit,Denver,DET,DEN,0,0,2026-02-04T00:00:00Z
2025-26,04/02/26,01:00,7:00 pm ET,0022500717,,,,,false,Gainbridge Fieldhouse,Indianapolis,IN,,1610612754,1610612762,Pacers,Jazz,Indiana,Utah,IND,UTA,0,0,2026-02-04T00:00:00Z
2025-26,04/02/26,01:00,7:00 pm ET,0022500718,,,,,false,Capital One Arena,Washington,DC,,1610612764,1610612752,Wizards,Knicks,Washington,New York,WAS,NYK,0,0,2026-02-04T00:00:00Z
2025-26,04/02/26,01:30,7:30 pm ET,0022500719,,,,,false,Barclays Center,Brooklyn,NY,,1610612751,1610612747,Nets,Lakers,Brooklyn,Los Angeles,BKN,LAL,0,0,2026-02-04T00:30:00Z
2025-26,04/02/26,01:30,7:30 pm ET,0022500720,,,,,false,Kaseya Center,Miami,FL,,1610612748,1610612737,Heat,Hawks,Miami,Atlanta,MIA,ATL,0,0,2026-02-04T00:30:00Z
2025-26,04/02/26,02:00,8:00 pm ET,0022500721,,,,,false,American Airlines Center,Dallas,TX,,1610612742,1610612738,Mavericks,Celtics,Dallas,Boston,DAL,BOS,0,0,2026-02-04T01:00:00Z
2025-26,04/02/26,02:00,8:00 pm ET,0022500722,,,,,false,Fiserv Forum,Milwaukee,WI,,1610612749,1610612741,Bucks,Bulls,Milwaukee,Chicago,MIL,CHI,0,0,2026-02-04T01:00:00Z
2025-26,04/02/26,02:00,8:00 pm ET,0022500723,,,,,false,Paycom Center,Oklahoma City,OK,,1610612760,1610612753,Thunder,Magic,Oklahoma City,Orlando,OKC,ORL,0,0,2026-02-04T01:00:00Z
2025-26,04/02/26,04:00,10:00 pm ET,0022500724,,,,,false,Chase Center,San Francisco,CA,,1610612744,1610612755,Warriors,76ers,Golden State,Philadelphia,GSW,PHI,0,0,2026-02-04T03:00:00Z
2025-26,04/02/26,05:00,11:00 pm ET,0022500725,,,,,false,Moda Center,Portland,OR,,1610612757,1610612756,Trail Blazers,Suns,Portland,Phoenix,POR,PHX,0,0,2026-02-04T04:00:00Z
2025-26,05/02/26,01:00,7:00 pm ET,0022500726,,,,,false,Madison Square Garden,New York,NY,,1610612752,1610612743,Knicks,Nuggets,New York,Denver,NYK,DEN,0,0,2026-02-05T00:00:00Z
2025-26,05/02/26,01:30,7:30 pm ET,0022500727,,,,,false,Scotiabank Arena,Toronto,ON,,1610612761,1610612750,Raptors,Timberwolves,Toronto,Minnesota,TOR,MIN,0,0,2026-02-05T00:30:00Z
2025-26,05/02/26,02:00,8:00 pm ET,0022500728,,,,,false,Toyota Center,Houston,TX,,1610612745,1610612738,Rockets,Celtics,Houston,Boston,HOU,BOS,0,0,2026-02-05T01:00:00Z
2025-26,05/02/26,02:00,8:00 pm ET,0022500729,,,,,false,Fiserv Forum,Milwaukee,WI,,1610612749,1610612740,Bucks,Pelicans,Milwaukee,New Orleans,MIL,NOP,0,0,2026-02-05T01:00:00Z
2025-26,05/02/26,03:30,9:30 pm ET,0022500730,,,,,false,Frost Bank Center,San Antonio,TX,,1610612759,1610612760,Spurs,Thunder,San Antonio,Oklahoma City,SAS,OKC,0,0,2026-02-05T02:30:00Z
2025-26,05/02/26,04:00,10:00 pm ET,0022500731,,,,,false,Golden 1 Center,Sacramento,CA,,1610612758,1610612763,Kings,Grizzlies,Sacramento,Memphis,SAC,MEM,0,0,2026-02-05T03:00:00Z
2025-26,05/02/26,04:30,10:30 pm ET,0022500732,,,,,false,Intuit Dome,Inglewood,CA,,1610612746,1610612739,Clippers,Cavaliers,LA,Cleveland,LAC,CLE,0,0,2026-02-05T03:30:00Z
2025-26,06/02/26,01:00,7:00 pm ET,0022500733,,,,,false,Little Caesars Arena,Detroit,MI,,1610612765,1610612764,Pistons,Wizards,Detroit,Washington,DET,WAS,0,0,2026-02-06T00:00:00Z
2025-26,06/02/26,01:00,7:00 pm ET,0022500734,,,,,false,Kia Center,Orlando,FL,,1610612753,1610612751,Magic,Nets,Orlando,Brooklyn,ORL,BKN,0,0,2026-02-06T00:00:00Z
2025-26,06/02/26,01:30,7:30 pm ET,0022500735,,,,,false,State Farm Arena,Atlanta,GA,,1610612737,1610612762,Hawks,Jazz,Atlanta,Utah,ATL,UTA,0,0,2026-02-06T00:30:00Z
2025-26,06/02/26,01:30,7:30 pm ET,0022500736,,,,,false,Scotiabank Arena,Toronto,ON,,1610612761,1610612741,Raptors,Bulls,Toronto,Chicago,TOR,CHI,0,0,2026-02-06T00:30:00Z
2025-26,06/02/26,02:00,8:00 pm ET,0022500737,,,,,false,Toyota Center,Houston,TX,,1610612745,1610612766,Rockets,Hornets,Houston,Charlotte,HOU,CHA,0,0,2026-02-06T01:00:00Z
2025-26,06/02/26,02:30,8:30 pm ET,0022500738,,,,,false,American Airlines Center,Dallas,TX,,1610612742,1610612759,Mavericks,Spurs,Dallas,San Antonio,DAL,SAS,0,0,2026-02-06T01:30:00Z
2025-26,06/02/26,03:00,9:00 pm ET,0022500739,,,,,false,Mortgage Matchup Center,Phoenix,AZ,,1610612756,1610612744,Suns,Warriors,Phoenix,Golden State,PHX,GSW,0,0,2026-02-06T02:00:00Z
2025-26,06/02/26,04:00,10:00 pm ET,0022500740,,,,,false,Crypto.com Arena,Los Angeles,CA,,1610612747,1610612755,Lakers,76ers,Los Angeles,Philadelphia,LAL,PHI,0,0,2026-02-06T03:00:00Z
2025-26,07/02/26,01:30,7:30 pm ET,0022500741,,,,,false,TD Garden,Boston,MA,,1610612738,1610612748,Celtics,Heat,Boston,Miami,BOS,MIA,0,0,2026-02-07T00:30:00Z
2025-26,07/02/26,01:30,7:30 pm ET,0022500742,,,,,false,Little Caesars Arena,Detroit,MI,,1610612765,1610612752,Pistons,Knicks,Detroit,New York,DET,NYK,0,0,2026-02-07T00:30:00Z
2025-26,07/02/26,02:00,8:00 pm ET,0022500743,,,,,false,Fiserv Forum,Milwaukee,WI,,1610612749,1610612754,Bucks,Pacers,Milwaukee,Indiana,MIL,IND,0,0,2026-02-07T01:00:00Z
2025-26,07/02/26,02:00,8:00 pm ET,0022500744,,,,,false,Target Center,Minneapolis,MN,,1610612750,1610612740,Timberwolves,Pelicans,Minnesota,New Orleans,MIN,NOP,0,0,2026-02-07T01:00:00Z
2025-26,07/02/26,04:00,10:00 pm ET,0022500745,,,,,false,Moda Center,Portland,OR,,1610612757,1610612763,Trail Blazers,Grizzlies,Portland,Memphis,POR,MEM,0,0,2026-02-07T03:00:00Z
2025-26,07/02/26,04:00,10:00 pm ET,0022500746,,,,,false,Golden 1 Center,Sacramento,CA,,1610612758,1610612746,Kings,Clippers,Sacramento,LA,SAC,LAC,0,0,2026-02-07T03:00:00Z
2025-26,07/02/26,21:00,3:00 pm ET,0022500747,,,,,false,Barclays Center,Brooklyn,NY,,1610612751,1610612764,Nets,Wizards,Brooklyn,Washington,BKN,WAS,0,0,2026-02-07T20:00:00Z
2025-26,07/02/26,21:30,3:30 pm ET,0022500748,,,,,false,Paycom Center,Oklahoma City,OK,,1610612760,1610612745,Thunder,Rockets,Oklahoma City,Houston,OKC,HOU,0,0,2026-02-07T20:30:00Z
2025-26,08/02/26,00:00,6:00 pm ET,0022500749,,,,,false,Frost Bank Center,San Antonio,TX,,1610612759,1610612742,Spurs,Mavericks,San Antonio,Dallas,SAS,DAL,0,0,2026-02-07T23:00:00Z
2025-26,08/02/26,01:00,7:00 pm ET,0022500750,,,,,false,Kia Center,Orlando,FL,,1610612753,1610612762,Magic,Jazz,Orlando,Utah,ORL,UTA,0,0,2026-02-08T00:00:00Z
2025-26,08/02/26,01:30,7:30 pm ET,0022500751,,,,,false,State Farm Arena,Atlanta,GA,,1610612737,1610612766,Hawks,Hornets,Atlanta,Charlotte,ATL,CHA,0,0,2026-02-08T00:30:00Z
2025-26,08/02/26,02:00,8:00 pm ET,0022500752,,,,,false,United Center,Chicago,IL,,1610612741,1610612743,Bulls,Nuggets,Chicago,Denver,CHI,DEN,0,0,2026-02-08T01:00:00Z
2025-26,08/02/26,02:30,8:30 pm ET,0022500753,,,,,false,Crypto.com Arena,Los Angeles,CA,,1610612747,1610612744,Lakers,Warriors,Los Angeles,Golden State,LAL,GSW,0,0,2026-02-08T01:30:00Z
2025-26,08/02/26,03:00,9:00 pm ET,0022500754,,,,,false,Mortgage Matchup Center,Phoenix,AZ,,1610612756,1610612755,Suns,76ers,Phoenix,Philadelphia,PHX,PHI,0,0,2026-02-08T02:00:00Z
2025-26,08/02/26,04:00,10:00 pm ET,0022500755,,,,,false,Moda Center,Portland,OR,,1610612757,1610612763,Trail Blazers,Grizzlies,Portland,Memphis,POR,MEM,0,0,2026-02-08T03:00:00Z
2025-26,08/02/26,04:00,10:00 pm ET,0022500756,,,,,false,Golden 1 Center,Sacramento,CA,,1610612758,1610612739,Kings,Cavaliers,Sacramento,Cleveland,SAC,CLE,0,0,2026-02-08T03:00:00Z
2025-26,08/02/26,18:30,12:30 pm ET,0022500757,,,,,false,TD Garden,Boston,MA,,1610612738,1610612752,Celtics,Knicks,Boston,New York,BOS,NYK,0,0,2026-02-08T17:30:00Z
2025-26,08/02/26,20:00,2:00 pm ET,0022500758,,,,,false,Capital One Arena,Washington,DC,,1610612764,1610612748,Wizards,Heat,Washington,Miami,WAS,MIA,0,0,2026-02-08T19:00:00Z
2025-26,08/02/26,21:00,3:00 pm ET,0022500759,,,,,false,Scotiabank Arena,Toronto,ON,,1610612761,1610612754,Raptors,Pacers,Toronto,Indiana,TOR,IND,0,0,2026-02-08T20:00:00Z
2025-26,08/02/26,21:00,3:00 pm ET,0022500760,,,,,false,Target Center,Minneapolis,MN,,1610612750,1610612746,Timberwolves,Clippers,Minnesota,LA,MIN,LAC,0,0,2026-02-08T20:00:00Z
2025-26,10/02/26,01:00,7:00 pm ET,0022500761,,,,,false,Spectrum Center,Charlotte,NC,,1610612766,1610612765,Hornets,Pistons,Charlotte,Detroit,CHA,DET,0,0,2026-02-10T00:00:00Z
2025-26,10/02/26,01:30,7:30 pm ET,0022500762,,,,,false,Barclays Center,Brooklyn,NY,,1610612751,1610612741,Nets,Bulls,Brooklyn,Chicago,BKN,CHI,0,0,2026-02-10T00:30:00Z
2025-26,10/02/26,01:30,7:30 pm ET,0022500763,,,,,false,Kaseya Center,Miami,FL,,1610612748,1610612762,Heat,Jazz,Miami,Utah,MIA,UTA,0,0,2026-02-10T00:30:00Z
2025-26,10/02/26,01:30,7:30 pm ET,0022500764,,,,,false,Kia Center,Orlando,FL,,1610612753,1610612749,Magic,Bucks,Orlando,Milwaukee,ORL,MIL,0,0,2026-02-10T00:30:00Z
2025-26,10/02/26,02:00,8:00 pm ET,0022500765,,,,,false,Target Center,Minneapolis,MN,,1610612750,1610612737,Timberwolves,Hawks,Minnesota,Atlanta,MIN,ATL,0,0,2026-02-10T01:00:00Z
2025-26,10/02/26,02:00,8:00 pm ET,0022500766,,,,,false,Smoothie King Center,New Orleans,LA,,1610612740,1610612758,Pelicans,Kings,New Orleans,Sacramento,NOP,SAC,0,0,2026-02-10T01:00:00Z
2025-26,10/02/26,03:00,9:00 pm ET,0022500767,,,,,false,Ball Arena,Denver,CO,,1610612743,1610612739,Nuggets,Cavaliers,Denver,Cleveland,DEN,CLE,0,0,2026-02-10T02:00:00Z
2025-26,10/02/26,04:00,10:00 pm ET,0022500768,,,,,false,Chase Center,San Francisco,CA,,1610612744,1610612763,Warriors,Grizzlies,Golden State,Memphis,GSW,MEM,0,0,2026-02-10T03:00:00Z
2025-26,10/02/26,04:00,10:00 pm ET,0022500769,,,,,false,Crypto.com Arena,Los Angeles,CA,,1610612747,1610612760,Lakers,Thunder,Los Angeles,Oklahoma City,LAL,OKC,0,0,2026-02-10T03:00:00Z
2025-26,10/02/26,04:00,10:00 pm ET,0022500770,,,,,false,Moda Center,Portland,OR,,1610612757,1610612755,Trail Blazers,76ers,Portland,Philadelphia,POR,PHI,0,0,2026-02-10T03:00:00Z
2025-26,11/02/26,01:30,7:30 pm ET,0022500771,,,,,false,Madison Square Garden,New York,NY,,1610612752,1610612754,Knicks,Pacers,New York,Indiana,NYK,IND,0,0,2026-02-11T00:30:00Z
2025-26,11/02/26,02:00,8:00 pm ET,0022500772,,,,,false,Toyota Center,Houston,TX,,1610612745,1610612746,Rockets,Clippers,Houston,LA,HOU,LAC,0,0,2026-02-11T01:00:00Z
2025-26,11/02/26,03:00,9:00 pm ET,0022500773,,,,,false,Mortgage Matchup Center,Phoenix,AZ,,1610612756,1610612742,Suns,Mavericks,Phoenix,Dallas,PHX,DAL,0,0,2026-02-11T02:00:00Z
2025-26,11/02/26,04:30,10:30 pm ET,0022500774,,,,,false,Crypto.com Arena,Los Angeles,CA,,1610612747,1610612759,Lakers,Spurs,Los Angeles,San Antonio,LAL,SAS,0,0,2026-02-11T03:30:00Z
2025-26,12/02/26,01:00,7:00 pm ET,0022500775,,,,,false,Spectrum Center,Charlotte,NC,,1610612766,1610612737,Hornets,Hawks,Charlotte,Atlanta,CHA,ATL,0,0,2026-02-12T00:00:00Z
2025-26,12/02/26,01:00,7:00 pm ET,0022500776,,,,,false,Rocket Arena,Cleveland,OH,,1610612739,1610612764,Cavaliers,Wizards,Cleveland,Washington,CLE,WAS,0,0,2026-02-12T00:00:00Z
2025-26,12/02/26,01:00,7:00 pm ET,0022500777,,,,,false,Kia Center,Orlando,FL,,1610612753,1610612749,Magic,Bucks,Orlando,Milwaukee,ORL,MIL,0,0,2026-02-12T00:00:00Z
2025-26,12/02/26,01:30,7:30 pm ET,0022500778,,,,,false,TD Garden,Boston,MA,,1610612738,1610612741,Celtics,Bulls,Boston,Chicago,BOS,CHI,0,0,2026-02-12T00:30:00Z
2025-26,12/02/26,01:30,7:30 pm ET,0022500779,,,,,false,Barclays Center,Brooklyn,NY,,1610612751,1610612754,Nets,Pacers,Brooklyn,Indiana,BKN,IND,0,0,2026-02-12T00:30:00Z
2025-26,12/02/26,01:30,7:30 pm ET,0022500780,,,,,false,Xfinity Mobile Arena,Philadelphia,PA,,1610612755,1610612752,76ers,Knicks,Philadelphia,New York,PHI,NYK,0,0,2026-02-12T00:30:00Z
2025-26,12/02/26,01:30,7:30 pm ET,0022500781,,,,,false,Scotiabank Arena,Toronto,ON,,1610612761,1610612765,Raptors,Pistons,Toronto,Detroit,TOR,DET,0,0,2026-02-12T00:30:00Z
2025-26,12/02/26,02:00,8:00 pm ET,0022500782,,,,,false,Toyota Center,Houston,TX,,1610612745,1610612746,Rockets,Clippers,Houston,LA,HOU,LAC,0,0,2026-02-12T01:00:00Z
2025-26,12/02/26,02:00,8:00 pm ET,0022500783,,,,,false,Target Center,Minneapolis,MN,,1610612750,1610612757,Timberwolves,Trail Blazers,Minnesota,Portland,MIN,POR,0,0,2026-02-12T01:00:00Z
2025-26,12/02/26,02:00,8:00 pm ET,0022500784,,,,,false,Smoothie King Center,New Orleans,LA,,1610612740,1610612748,Pelicans,Heat,New Orleans,Miami,NOP,MIA,0,0,2026-02-12T01:00:00Z
2025-26,12/02/26,03:00,9:00 pm ET,0022500785,,,,,false,Mortgage Matchup Center,Phoenix,AZ,,1610612756,1610612760,Suns,Thunder,Phoenix,Oklahoma City,PHX,OKC,0,0,2026-02-12T02:00:00Z
2025-26,12/02/26,03:00,9:00 pm ET,0022500786,,,,,false,Delta Center,Salt Lake City,UT,,1610612762,1610612758,Jazz,Kings,Utah,Sacramento,UTA,SAC,0,0,2026-02-12T02:00:00Z
2025-26,12/02/26,04:00,10:00 pm ET,0022500787,,,,,false,Ball Arena,Denver,CO,,1610612743,1610612763,Nuggets,Grizzlies,Denver,Memphis,DEN,MEM,0,0,2026-02-12T03:00:00Z
2025-26,12/02/26,04:00,10:00 pm ET,0022500788,,,,,false,Chase Center,San Francisco,CA,,1610612744,1610612759,Warriors,Spurs,Golden State,San Antonio,GSW,SAS,0,0,2026-02-12T03:00:00Z
2025-26,13/02/26,01:30,7:30 pm ET,0022500789,,,,,false,Paycom Center,Oklahoma City,OK,,1610612760,1610612749,Thunder,Bucks,Oklahoma City,Milwaukee,OKC,MIL,0,0,2026-02-13T00:30:00Z
2025-26,13/02/26,03:00,9:00 pm ET,0022500790,,,,,false,Delta Center,Salt Lake City,UT,,1610612762,1610612757,Jazz,Trail Blazers,Utah,Portland,UTA,POR,0,0,2026-02-13T02:00:00Z
2025-26,13/02/26,04:00,10:00 pm ET,0022500791,,,,,false,Crypto.com Arena,Los Angeles,CA,,1610612747,1610612742,Lakers,Mavericks,Los Angeles,Dallas,LAL,DAL,0,0,2026-02-13T03:00:00Z
2025-26,20/02/26,01:00,7:00 pm ET,0022500792,,,,,false,Spectrum Center,Charlotte,NC,,1610612766,1610612745,Hornets,Rockets,Charlotte,Houston,CHA,HOU,0,0,2026-02-20T00:00:00Z
2025-26,20/02/26,01:00,7:00 pm ET,0022500793,,,,,false,Rocket Arena,Cleveland,OH,,1610612739,1610612751,Cavaliers,Nets,Cleveland,Brooklyn,CLE,BKN,0,0,2026-02-20T00:00:00Z
2025-26,20/02/26,01:00,7:00 pm ET,0022500794,,,,,false,Xfinity Mobile Arena,Philadelphia,PA,,1610612755,1610612737,76ers,Hawks,Philadelphia,Atlanta,PHI,ATL,0,0,2026-02-20T00:00:00Z
2025-26,20/02/26,01:00,7:00 pm ET,0022500795,,,,,false,Capital One Arena,Washington,DC,,1610612764,1610612754,Wizards,Pacers,Washington,Indiana,WAS,IND,0,0,2026-02-20T00:00:00Z
2025-26,20/02/26,01:30,7:30 pm ET,0022500796,,,,,false,Madison Square Garden,New York,NY,,1610612752,1610612765,Knicks,Pistons,New York,Detroit,NYK,DET,0,0,2026-02-20T00:30:00Z
2025-26,20/02/26,02:00,8:00 pm ET,0022500797,,,,,false,United Center,Chicago,IL,,1610612741,1610612761,Bulls,Raptors,Chicago,Toronto,CHI,TOR,0,0,2026-02-20T01:00:00Z
2025-26,20/02/26,02:30,8:30 pm ET,0022500798,,,,,false,Moody Center,Austin,TX,,1610612759,1610612756,Spurs,Suns,San Antonio,Phoenix,SAS,PHX,0,0,2026-02-20T01:30:00Z
2025-26,20/02/26,04:00,10:00 pm ET,0022500799,,,,,false,Chase Center,San Francisco,CA,,1610612744,1610612738,Warriors,Celtics,Golden State,Boston,GSW,BOS,0,0,2026-02-20T03:00:00Z
2025-26,20/02/26,04:00,10:00 pm ET,0022500800,,,,,false,Golden 1 Center,Sacramento,CA,,1610612758,1610612753,Kings,Magic,Sacramento,Orlando,SAC,ORL,0,0,2026-02-20T03:00:00Z
2025-26,20/02/26,04:30,10:30 pm ET,0022500801,,,,,false,Intuit Dome,Inglewood,CA,,1610612746,1610612743,Clippers,Nuggets,LA,Denver,LAC,DEN,0,0,2026-02-20T03:30:00Z
2025-26,21/02/26,01:00,7:00 pm ET,0022500802,,,,,false,Spectrum Center,Charlotte,NC,,1610612766,1610612739,Hornets,Cavaliers,Charlotte,Cleveland,CHA,CLE,0,0,2026-02-21T00:00:00Z
2025-26,21/02/26,01:00,7:00 pm ET,0022500803,,,,,false,Capital One Arena,Washington,DC,,1610612764,1610612754,Wizards,Pacers,Washington,Indiana,WAS,IND,0,0,2026-02-21T00:00:00Z
2025-26,21/02/26,01:00,7:00 pm ET,0022500804,,,,,false,FedExForum,Memphis,TN,,1610612763,1610612762,Grizzlies,Jazz,Memphis,Utah,MEM,UTA,0,0,2026-02-21T00:00:00Z
2025-26,21/02/26,01:30,7:30 pm ET,0022500805,,,,,false,State Farm Arena,Atlanta,GA,,1610612737,1610612748,Hawks,Heat,Atlanta,Miami,ATL,MIA,0,0,2026-02-21T00:30:00Z
2025-26,21/02/26,01:30,7:30 pm ET,0022500806,,,,,false,Target Center,Minneapolis,MN,,1610612750,1610612742,Timberwolves,Mavericks,Minnesota,Dallas,MIN,DAL,0,0,2026-02-21T00:30:00Z
2025-26,21/02/26,02:00,8:00 pm ET,0022500807,,,,,false,Smoothie King Center,New Orleans,LA,,1610612740,1610612749,Pelicans,Bucks,New Orleans,Milwaukee,NOP,MIL,0,0,2026-02-21T01:00:00Z
2025-26,21/02/26,02:00,8:00 pm ET,0022500808,,,,,false,Paycom Center,Oklahoma City,OK,,1610612760,1610612751,Thunder,Nets,Oklahoma City,Brooklyn,OKC,BKN,0,0,2026-02-21T01:00:00Z
2025-26,21/02/26,04:00,10:00 pm ET,0022500809,,,,,false,Crypto.com Arena,Los Angeles,CA,,1610612747,1610612746,Lakers,Clippers,Los Angeles,LA,LAL,LAC,0,0,2026-02-21T03:00:00Z
2025-26,21/02/26,04:00,10:00 pm ET,0022500810,,,,,false,Moda Center,Portland,OR,,1610612757,1610612743,Trail Blazers,Nuggets,Portland,Denver,POR,DEN,0,0,2026-02-21T03:00:00Z
2025-26,21/02/26,23:00,5:00 pm ET,0022500811,,,,,false,Mortgage Matchup Center,Phoenix,AZ,,1610612756,1610612753,Suns,Magic,Phoenix,Orlando,PHX,ORL,0,0,2026-02-21T22:00:00Z
2025-26,22/02/26,01:00,7:00 pm ET,0022500812,,,,,false,Smoothie King Center,New Orleans,LA,,1610612740,1610612755,Pelicans,76ers,New Orleans,Philadelphia,NOP,PHI,0,0,2026-02-22T00:00:00Z
2025-26,22/02/26,02:00,8:00 pm ET,0022500813,,,,,false,Kaseya Center,Miami,FL,,1610612748,1610612763,Heat,Grizzlies,Miami,Memphis,MIA,MEM,0,0,2026-02-22T01:00:00Z
2025-26,22/02/26,02:00,8:00 pm ET,0022500814,,,,,false,United Center,Chicago,IL,,1610612741,1610612765,Bulls,Pistons,Chicago,Detroit,CHI,DET,0,0,2026-02-22T01:00:00Z
2025-26,22/02/26,02:00,8:00 pm ET,0022500815,,,,,false,Moody Center,Austin,TX,,1610612759,1610612758,Spurs,Kings,San Antonio,Sacramento,SAS,SAC,0,0,2026-02-22T01:00:00Z
2025-26,22/02/26,02:30,8:30 pm ET,0022500816,,,,,false,Madison Square Garden,New York,NY,,1610612752,1610612745,Knicks,Rockets,New York,Houston,NYK,HOU,0,0,2026-02-22T01:30:00Z
2025-26,22/02/26,19:00,1:00 pm ET,0022500817,,,,,false,Paycom Center,Oklahoma City,OK,,1610612760,1610612739,Thunder,Cavaliers,Oklahoma City,Cleveland,OKC,CLE,0,0,2026-02-22T18:00:00Z
2025-26,22/02/26,21:30,3:30 pm ET,0022500818,,,,,false,State Farm Arena,Atlanta,GA,,1610612737,1610612751,Hawks,Nets,Atlanta,Brooklyn,ATL,BKN,0,0,2026-02-22T20:30:00Z
2025-26,22/02/26,21:30,3:30 pm ET,0022500819,,,,,false,Fiserv Forum,Milwaukee,WI,,1610612749,1610612761,Bucks,Raptors,Milwaukee,Toronto,MIL,TOR,0,0,2026-02-22T20:30:00Z
2025-26,22/02/26,21:30,3:30 pm ET,0022500820,,,,,false,Chase Center,San Francisco,CA,,1610612744,1610612743,Warriors,Nuggets,Golden State,Denver,GSW,DEN,0,0,2026-02-22T20:30:00Z
2025-26,22/02/26,23:00,5:00 pm ET,0022500821,,,,,false,Gainbridge Fieldhouse,Indianapolis,IN,,1610612754,1610612742,Pacers,Mavericks,Indiana,Dallas,IND,DAL,0,0,2026-02-22T22:00:00Z
2025-26,23/02/26,00:00,6:00 pm ET,0022500822,,,,,false,Capital One Arena,Washington,DC,,1610612764,1610612766,Wizards,Hornets,Washington,Charlotte,WAS,CHA,0,0,2026-02-22T23:00:00Z
2025-26,23/02/26,00:30,6:30 pm ET,0022500823,,,,,false,Crypto.com Arena,Los Angeles,CA,,1610612747,1610612738,Lakers,Celtics,Los Angeles,Boston,LAL,BOS,0,0,2026-02-22T23:30:00Z
2025-26,23/02/26,01:00,7:00 pm ET,0022500824,,,,,false,Target Center,Minneapolis,MN,,1610612750,1610612755,Timberwolves,76ers,Minnesota,Philadelphia,MIN,PHI,0,0,2026-02-23T00:00:00Z
2025-26,23/02/26,02:00,8:00 pm ET,0022500825,,,,,false,United Center,Chicago,IL,,1610612741,1610612752,Bulls,Knicks,Chicago,New York,CHI,NYK,0,0,2026-02-23T01:00:00Z
2025-26,23/02/26,02:00,8:00 pm ET,0022500826,,,,,false,Mortgage Matchup Center,Phoenix,AZ,,1610612756,1610612757,Suns,Trail Blazers,Phoenix,Portland,PHX,POR,0,0,2026-02-23T01:00:00Z
2025-26,23/02/26,03:00,9:00 pm ET,0022500827,,,,,false,Intuit Dome,Inglewood,CA,,1610612746,1610612753,Clippers,Magic,LA,Orlando,LAC,ORL,0,0,2026-02-23T02:00:00Z
2025-26,24/02/26,01:00,7:00 pm ET,0022500828,,,,,false,Little Caesars Arena,Detroit,MI,,1610612765,1610612759,Pistons,Spurs,Detroit,San Antonio,DET,SAS,0,0,2026-02-24T00:00:00Z
2025-26,24/02/26,02:00,8:00 pm ET,0022500829,,,,,false,FedExForum,Memphis,TN,,1610612763,1610612758,Grizzlies,Kings,Memphis,Sacramento,MEM,SAC,0,0,2026-02-24T01:00:00Z
2025-26,24/02/26,03:30,9:30 pm ET,0022500830,,,,,false,Toyota Center,Houston,TX,,1610612745,1610612762,Rockets,Jazz,Houston,Utah,HOU,UTA,0,0,2026-02-24T02:30:00Z
2025-26,25/02/26,01:00,7:00 pm ET,0022500831,,,,,false,Gainbridge Fieldhouse,Indianapolis,IN,,1610612754,1610612755,Pacers,76ers,Indiana,Philadelphia,IND,PHI,0,0,2026-02-25T00:00:00Z
2025-26,25/02/26,01:30,7:30 pm ET,0022500832,,,,,false,State Farm Arena,Atlanta,GA,,1610612737,1610612764,Hawks,Wizards,Atlanta,Washington,ATL,WAS,0,0,2026-02-25T00:30:00Z
2025-26,25/02/26,01:30,7:30 pm ET,0022500833,,,,,false,Barclays Center,Brooklyn,NY,,1610612751,1610612742,Nets,Mavericks,Brooklyn,Dallas,BKN,DAL,0,0,2026-02-25T00:30:00Z
2025-26,25/02/26,01:30,7:30 pm ET,0022500834,,,,,false,Scotiabank Arena,Toronto,ON,,1610612761,1610612760,Raptors,Thunder,Toronto,Oklahoma City,TOR,OKC,0,0,2026-02-25T00:30:00Z
2025-26,25/02/26,02:00,8:00 pm ET,0022500835,,,,,false,Rocket Arena,Cleveland,OH,,1610612739,1610612752,Cavaliers,Knicks,Cleveland,New York,CLE,NYK,0,0,2026-02-25T01:00:00Z
2025-26,25/02/26,02:00,8:00 pm ET,0022500836,,,,,false,United Center,Chicago,IL,,1610612741,1610612766,Bulls,Hornets,Chicago,Charlotte,CHI,CHA,0,0,2026-02-25T01:00:00Z
2025-26,25/02/26,02:00,8:00 pm ET,0022500837,,,,,false,Fiserv Forum,Milwaukee,WI,,1610612749,1610612748,Bucks,Heat,Milwaukee,Miami,MIL,MIA,0,0,2026-02-25T01:00:00Z
2025-26,25/02/26,02:00,8:00 pm ET,0022500838,,,,,false,Smoothie King Center,New Orleans,LA,,1610612740,1610612744,Pelicans,Warriors,New Orleans,Golden State,NOP,GSW,0,0,2026-02-25T01:00:00Z
2025-26,25/02/26,03:00,9:00 pm ET,0022500839,,,,,false,Mortgage Matchup Center,Phoenix,AZ,,1610612756,1610612738,Suns,Celtics,Phoenix,Boston,PHX,BOS,0,0,2026-02-25T02:00:00Z
2025-26,25/02/26,04:30,10:30 pm ET,0022500840,,,,,false,Crypto.com Arena,Los Angeles,CA,,1610612747,1610612753,Lakers,Magic,Los Angeles,Orlando,LAL,ORL,0,0,2026-02-25T03:30:00Z
2025-26,25/02/26,05:00,11:00 pm ET,0022500841,,,,,false,Moda Center,Portland,OR,,1610612757,1610612750,Trail Blazers,Timberwolves,Portland,Minnesota,POR,MIN,0,0,2026-02-25T04:00:00Z
2025-26,26/02/26,01:00,7:00 pm ET,0022500842,,,,,false,Little Caesars Arena,Detroit,MI,,1610612765,1610612760,Pistons,Thunder,Detroit,Oklahoma City,DET,OKC,0,0,2026-02-26T00:00:00Z
2025-26,26/02/26,01:30,7:30 pm ET,0022500843,,,,,false,Scotiabank Arena,Toronto,ON,,1610612761,1610612759,Raptors,Spurs,Toronto,San Antonio,TOR,SAS,0,0,2026-02-26T00:30:00Z
2025-26,26/02/26,01:30,7:30 pm ET,0022500844,,,,,false,FedExForum,Memphis,TN,,1610612763,1610612744,Grizzlies,Warriors,Memphis,Golden State,MEM,GSW,0,0,2026-02-26T00:30:00Z
2025-26,26/02/26,02:00,8:00 pm ET,0022500845,,,,,false,Toyota Center,Houston,TX,,1610612745,1610612758,Rockets,Kings,Houston,Sacramento,HOU,SAC,0,0,2026-02-26T01:00:00Z
2025-26,26/02/26,02:00,8:00 pm ET,0022500846,,,,,false,Fiserv Forum,Milwaukee,WI,,1610612749,1610612739,Bucks,Cavaliers,Milwaukee,Cleveland,MIL,CLE,0,0,2026-02-26T01:00:00Z
2025-26,26/02/26,04:00,10:00 pm ET,0022500847,,,,,false,Ball Arena,Denver,CO,,1610612743,1610612738,Nuggets,Celtics,Denver,Boston,DEN,BOS,0,0,2026-02-26T03:00:00Z
2025-26,27/02/26,01:00,7:00 pm ET,0022500848,,,,,false,Gainbridge Fieldhouse,Indianapolis,IN,,1610612754,1610612766,Pacers,Hornets,Indiana,Charlotte,IND,CHA,0,0,2026-02-27T00:00:00Z
2025-26,27/02/26,01:00,7:00 pm ET,0022500849,,,,,false,Xfinity Mobile Arena,Philadelphia,PA,,1610612755,1610612748,76ers,Heat,Philadelphia,Miami,PHI,MIA,0,0,2026-02-27T00:00:00Z
2025-26,27/02/26,01:30,7:30 pm ET,0022500850,,,,,false,State Farm Arena,Atlanta,GA,,1610612737,1610612764,Hawks,Wizards,Atlanta,Washington,ATL,WAS,0,0,2026-02-27T00:30:00Z
2025-26,27/02/26,01:30,7:30 pm ET,0022500851,,,,,false,Barclays Center,Brooklyn,NY,,1610612751,1610612759,Nets,Spurs,Brooklyn,San Antonio,BKN,SAS,0,0,2026-02-27T00:30:00Z
2025-26,27/02/26,01:30,7:30 pm ET,0022500852,,,,,false,Kia Center,Orlando,FL,,1610612753,1610612745,Magic,Rockets,Orlando,Houston,ORL,HOU,0,0,2026-02-27T00:30:00Z
2025-26,27/02/26,02:00,8:00 pm ET,0022500853,,,,,false,United Center,Chicago,IL,,1610612741,1610612757,Bulls,Trail Blazers,Chicago,Portland,CHI,POR,0,0,2026-02-27T01:00:00Z
2025-26,27/02/26,02:30,8:30 pm ET,0022500854,,,,,false,American Airlines Center,Dallas,TX,,1610612742,1610612758,Mavericks,Kings,Dallas,Sacramento,DAL,SAC,0,0,2026-02-27T01:30:00Z
2025-26,27/02/26,03:00,9:00 pm ET,0022500855,,,,,false,Mortgage Matchup Center,Phoenix,AZ,,1610612756,1610612747,Suns,Lakers,Phoenix,Los Angeles,PHX,LAL,0,0,2026-02-27T02:00:00Z
2025-26,27/02/26,03:00,9:00 pm ET,0022500856,,,,,false,Delta Center,Salt Lake City,UT,,1610612762,1610612740,Jazz,Pelicans,Utah,New Orleans,UTA,NOP,0,0,2026-02-27T02:00:00Z
2025-26,27/02/26,04:00,10:00 pm ET,0022500857,,,,,false,Intuit Dome,Inglewood,CA,,1610612746,1610612750,Clippers,Timberwolves,LA,Minnesota,LAC,MIN,0,0,2026-02-27T03:00:00Z
2025-26,28/02/26,01:00,7:00 pm ET,0022500858,,,,,false,Little Caesars Arena,Detroit,MI,,1610612765,1610612739,Pistons,Cavaliers,Detroit,Cleveland,DET,CLE,0,0,2026-02-28T00:00:00Z
2025-26,28/02/26,01:30,7:30 pm ET,0022500859,,,,,false,TD Garden,Boston,MA,,1610612738,1610612751,Celtics,Nets,Boston,Brooklyn,BOS,BKN,0,0,2026-02-28T00:30:00Z
2025-26,28/02/26,02:00,8:00 pm ET,0022500860,,,,,false,Fiserv Forum,Milwaukee,WI,,1610612749,1610612752,Bucks,Knicks,Milwaukee,New York,MIL,NYK,0,0,2026-02-28T01:00:00Z
2025-26,28/02/26,02:30,8:30 pm ET,0022500861,,,,,false,American Airlines Center,Dallas,TX,,1610612742,1610612763,Mavericks,Grizzlies,Dallas,Memphis,DAL,MEM,0,0,2026-02-28T01:30:00Z
2025-26,28/02/26,03:30,9:30 pm ET,0022500862,,,,,false,Paycom Center,Oklahoma City,OK,,1610612760,1610612743,Thunder,Nuggets,Oklahoma City,Denver,OKC,DEN,0,0,2026-02-28T02:30:00Z
2025-26,28/02/26,19:00,1:00 pm ET,0022500863,,,,,false,Spectrum Center,Charlotte,NC,,1610612766,1610612757,Hornets,Trail Blazers,Charlotte,Portland,CHA,POR,0,0,2026-02-28T18:00:00Z
2025-26,28/02/26,21:00,3:00 pm ET,0022500864,,,,,false,Kaseya Center,Miami,FL,,1610612748,1610612745,Heat,Rockets,Miami,Houston,MIA,HOU,0,0,2026-02-28T20:00:00Z
2025-26,01/03/26,01:00,7:00 pm ET,0022500865,,,,,false,Capital One Arena,Washington,DC,,1610612764,1610612761,Wizards,Raptors,Washington,Toronto,WAS,TOR,0,0,2026-03-01T00:00:00Z
2025-26,01/03/26,02:30,8:30 pm ET,0022500866,,,,,false,Chase Center,San Francisco,CA,,1610612744,1610612747,Warriors,Lakers,Golden State,Los Angeles,GSW,LAL,0,0,2026-03-01T01:30:00Z
2025-26,01/03/26,03:30,9:30 pm ET,0022500867,,,,,false,Delta Center,Salt Lake City,UT,,1610612762,1610612740,Jazz,Pelicans,Utah,New Orleans,UTA,NOP,0,0,2026-03-01T02:30:00Z
2025-26,01/03/26,19:00,1:00 pm ET,0022500868,,,,,false,Madison Square Garden,New York,NY,,1610612752,1610612759,Knicks,Spurs,New York,San Antonio,NYK,SAS,0,0,2026-03-01T18:00:00Z
2025-26,01/03/26,21:30,3:30 pm ET,0022500869,,,,,false,Barclays Center,Brooklyn,NY,,1610612751,1610612739,Nets,Cavaliers,Brooklyn,Cleveland,BKN,CLE,0,0,2026-03-01T20:30:00Z
2025-26,01/03/26,21:30,3:30 pm ET,0022500870,,,,,false,United Center,Chicago,IL,,1610612741,1610612749,Bulls,Bucks,Chicago,Milwaukee,CHI,MIL,0,0,2026-03-01T20:30:00Z
2025-26,01/03/26,21:30,3:30 pm ET,0022500871,,,,,false,Ball Arena,Denver,CO,,1610612743,1610612750,Nuggets,Timberwolves,Denver,Minnesota,DEN,MIN,0,0,2026-03-01T20:30:00Z
2025-26,01/03/26,23:00,5:00 pm ET,0022500872,,,,,false,Gainbridge Fieldhouse,Indianapolis,IN,,1610612754,1610612763,Pacers,Grizzlies,Indiana,Memphis,IND,MEM,0,0,2026-03-01T22:00:00Z
2025-26,02/03/26,00:00,6:00 pm ET,0022500873,,,,,false,State Farm Arena,Atlanta,GA,,1610612737,1610612757,Hawks,Trail Blazers,Atlanta,Portland,ATL,POR,0,0,2026-03-01T23:00:00Z
2025-26,02/03/26,00:00,6:00 pm ET,0022500874,,,,,false,TD Garden,Boston,MA,,1610612738,1610612755,Celtics,76ers,Boston,Philadelphia,BOS,PHI,0,0,2026-03-01T23:00:00Z
2025-26,02/03/26,00:00,6:00 pm ET,0022500875,,,,,false,Kia Center,Orlando,FL,,1610612753,1610612765,Magic,Pistons,Orlando,Detroit,ORL,DET,0,0,2026-03-01T23:00:00Z
2025-26,02/03/26,02:00,8:00 pm ET,0022500876,,,,,false,American Airlines Center,Dallas,TX,,1610612742,1610612760,Mavericks,Thunder,Dallas,Oklahoma City,DAL,OKC,0,0,2026-03-02T01:00:00Z
2025-26,02/03/26,03:00,9:00 pm ET,0022500877,,,,,false,Intuit Dome,Inglewood,CA,,1610612746,1610612740,Clippers,Pelicans,LA,New Orleans,LAC,NOP,0,0,2026-03-02T02:00:00Z
2025-26,02/03/26,03:30,9:30 pm ET,0022500878,,,,,false,Crypto.com Arena,Los Angeles,CA,,1610612747,1610612758,Lakers,Kings,Los Angeles,Sacramento,LAL,SAC,0,0,2026-03-02T02:30:00Z
2025-26,03/03/26,01:00,7:00 pm ET,0022500879,,,,,false,Capital One Arena,Washington,DC,,1610612764,1610612745,Wizards,Rockets,Washington,Houston,WAS,HOU,0,0,2026-03-03T00:00:00Z
2025-26,03/03/26,01:30,7:30 pm ET,0022500880,,,,,false,Fiserv Forum,Milwaukee,WI,,1610612749,1610612738,Bucks,Celtics,Milwaukee,Boston,MIL,BOS,0,0,2026-03-03T00:30:00Z
2025-26,03/03/26,03:00,9:00 pm ET,0022500881,,,,,false,Delta Center,Salt Lake City,UT,,1610612762,1610612743,Jazz,Nuggets,Utah,Denver,UTA,DEN,0,0,2026-03-03T02:00:00Z
2025-26,03/03/26,04:00,10:00 pm ET,0022500882,,,,,false,Chase Center,San Francisco,CA,,1610612744,1610612746,Warriors,Clippers,Golden State,LA,GSW,LAC,0,0,2026-03-03T03:00:00Z
2025-26,04/03/26,01:00,7:00 pm ET,0022500883,,,,,false,Spectrum Center,Charlotte,NC,,1610612766,1610612742,Hornets,Mavericks,Charlotte,Dallas,CHA,DAL,0,0,2026-03-04T00:00:00Z
2025-26,04/03/26,01:00,7:00 pm ET,0022500884,,,,,false,Rocket Arena,Cleveland,OH,,1610612739,1610612765,Cavaliers,Pistons,Cleveland,Detroit,CLE,DET,0,0,2026-03-04T00:00:00Z
2025-26,04/03/26,01:00,7:00 pm ET,0022500885,,,,,false,Kia Center,Orlando,FL,,1610612753,1610612764,Magic,Wizards,Orlando,Washington,ORL,WAS,0,0,2026-03-04T00:00:00Z
2025-26,04/03/26,01:30,7:30 pm ET,0022500886,,,,,false,Kaseya Center,Miami,FL,,1610612748,1610612751,Heat,Nets,Miami,Brooklyn,MIA,BKN,0,0,2026-03-04T00:30:00Z
2025-26,04/03/26,01:30,7:30 pm ET,0022500887,,,,,false,Scotiabank Arena,Toronto,ON,,1610612761,1610612752,Raptors,Knicks,Toronto,New York,TOR,NYK,0,0,2026-03-04T00:30:00Z
2025-26,04/03/26,02:00,8:00 pm ET,0022500888,,,,,false,Xfinity Mobile Arena,Philadelphia,PA,,1610612755,1610612759,76ers,Spurs,Philadelphia,San Antonio,PHI,SAS,0,0,2026-03-04T01:00:00Z
2025-26,04/03/26,02:00,8:00 pm ET,0022500889,,,,,false,United Center,Chicago,IL,,1610612741,1610612760,Bulls,Thunder,Chicago,Oklahoma City,CHI,OKC,0,0,2026-03-04T01:00:00Z
2025-26,04/03/26,02:00,8:00 pm ET,0022500890,,,,,false,Target Center,Minneapolis,MN,,1610612750,1610612763,Timberwolves,Grizzlies,Minnesota,Memphis,MIN,MEM,0,0,2026-03-04T01:00:00Z
2025-26,04/03/26,04:30,10:30 pm ET,0022500891,,,,,false,Crypto.com Arena,Los Angeles,CA,,1610612747,1610612740,Lakers,Pelicans,Los Angeles,New Orleans,LAL,NOP,0,0,2026-03-04T03:30:00Z
2025-26,04/03/26,05:00,11:00 pm ET,0022500892,,,,,false,Golden 1 Center,Sacramento,CA,,1610612758,1610612756,Kings,Suns,Sacramento,Phoenix,SAC,PHX,0,0,2026-03-04T04:00:00Z
2025-26,05/03/26,01:00,7:00 pm ET,0022500893,,,,,false,Madison Square Garden,New York,NY,,1610612752,1610612760,Knicks,Thunder,New York,Oklahoma City,NYK,OKC,0,0,2026-03-05T00:00:00Z
2025-26,05/03/26,01:30,7:30 pm ET,0022500894,,,,,false,TD Garden,Boston,MA,,1610612738,1610612766,Celtics,Hornets,Boston,Charlotte,BOS,CHA,0,0,2026-03-05T00:30:00Z
2025-26,05/03/26,01:30,7:30 pm ET,0022500895,,,,,false,Xfinity Mobile Arena,Philadelphia,PA,,1610612755,1610612762,76ers,Jazz,Philadelphia,Utah,PHI,UTA,0,0,2026-03-05T00:30:00Z
2025-26,05/03/26,02:00,8:00 pm ET,0022500896,,,,,false,FedExForum,Memphis,TN,,1610612763,1610612757,Grizzlies,Trail Blazers,Memphis,Portland,MEM,POR,0,0,2026-03-05T01:00:00Z
2025-26,05/03/26,03:30,9:30 pm ET,0022500897,,,,,false,Fiserv Forum,Milwaukee,WI,,1610612749,1610612737,Bucks,Hawks,Milwaukee,Atlanta,MIL,ATL,0,0,2026-03-05T02:30:00Z
2025-26,05/03/26,04:30,10:30 pm ET,0022500898,,,,,false,Intuit Dome,Inglewood,CA,,1610612746,1610612754,Clippers,Pacers,LA,Indiana,LAC,IND,0,0,2026-03-05T03:30:00Z
2025-26,06/03/26,01:00,7:00 pm ET,0022500899,,,,,false,Kia Center,Orlando,FL,,1610612753,1610612742,Magic,Mavericks,Orlando,Dallas,ORL,DAL,0,0,2026-03-06T00:00:00Z
2025-26,06/03/26,01:00,7:00 pm ET,0022500900,,,,,false,Capital One Arena,Washington,DC,,1610612764,1610612762,Wizards,Jazz,Washington,Utah,WAS,UTA,0,0,2026-03-06T00:00:00Z
2025-26,06/03/26,01:30,7:30 pm ET,0022500901,,,,,false,Kaseya Center,Miami,FL,,1610612748,1610612751,Heat,Nets,Miami,Brooklyn,MIA,BKN,0,0,2026-03-06T00:30:00Z
2025-26,06/03/26,01:30,7:30 pm ET,0022500902,,,,,false,Toyota Center,Houston,TX,,1610612745,1610612744,Rockets,Warriors,Houston,Golden State,HOU,GSW,0,0,2026-03-06T00:30:00Z
2025-26,06/03/26,02:00,8:00 pm ET,0022500903,,,,,false,Target Center,Minneapolis,MN,,1610612750,1610612761,Timberwolves,Raptors,Minnesota,Toronto,MIN,TOR,0,0,2026-03-06T01:00:00Z
2025-26,06/03/26,02:00,8:00 pm ET,0022500904,,,,,false,Frost Bank Center,San Antonio,TX,,1610612759,1610612765,Spurs,Pistons,San Antonio,Detroit,SAS,DET,0,0,2026-03-06T01:00:00Z
2025-26,06/03/26,03:00,9:00 pm ET,0022500905,,,,,false,Mortgage Matchup Center,Phoenix,AZ,,1610612756,1610612741,Suns,Bulls,Phoenix,Chicago,PHX,CHI,0,0,2026-03-06T02:00:00Z
2025-26,06/03/26,04:00,10:00 pm ET,0022500906,,,,,false,Ball Arena,Denver,CO,,1610612743,1610612747,Nuggets,Lakers,Denver,Los Angeles,DEN,LAL,0,0,2026-03-06T03:00:00Z
2025-26,06/03/26,04:00,10:00 pm ET,0022500907,,,,,false,Golden 1 Center,Sacramento,CA,,1610612758,1610612740,Kings,Pelicans,Sacramento,New Orleans,SAC,NOP,0,0,2026-03-06T03:00:00Z
2025-26,07/03/26,01:00,7:00 pm ET,0022500908,,,,,false,TD Garden,Boston,MA,,1610612738,1610612742,Celtics,Mavericks,Boston,Dallas,BOS,DAL,0,0,2026-03-07T00:00:00Z
2025-26,07/03/26,01:00,7:00 pm ET,0022500909,,,,,false,Spectrum Center,Charlotte,NC,,1610612766,1610612748,Hornets,Heat,Charlotte,Miami,CHA,MIA,0,0,2026-03-07T00:00:00Z
2025-26,07/03/26,02:00,8:00 pm ET,0022500910,,,,,false,Toyota Center,Houston,TX,,1610612745,1610612757,Rockets,Trail Blazers,Houston,Portland,HOU,POR,0,0,2026-03-07T01:00:00Z
2025-26,07/03/26,03:00,9:00 pm ET,0022500911,,,,,false,Ball Arena,Denver,CO,,1610612743,1610612752,Nuggets,Knicks,Denver,New York,DEN,NYK,0,0,2026-03-07T02:00:00Z
2025-26,07/03/26,03:00,9:00 pm ET,0022500912,,,,,false,Mortgage Matchup Center,Phoenix,AZ,,1610612756,1610612740,Suns,Pelicans,Phoenix,New Orleans,PHX,NOP,0,0,2026-03-07T02:00:00Z
2025-26,07/03/26,03:30,9:30 pm ET,0022500913,,,,,false,Frost Bank Center,San Antonio,TX,,1610612759,1610612746,Spurs,Clippers,San Antonio,LA,SAS,LAC,0,0,2026-03-07T02:30:00Z
2025-26,07/03/26,04:30,10:30 pm ET,0022500914,,,,,false,Crypto.com Arena,Los Angeles,CA,,1610612747,1610612754,Lakers,Pacers,Los Angeles,Indiana,LAL,IND,0,0,2026-03-07T03:30:00Z
2025-26,07/03/26,21:00,3:00 pm ET,0022500915,,,,,false,Target Center,Minneapolis,MN,,1610612750,1610612753,Timberwolves,Magic,Minnesota,Orlando,MIN,ORL,0,0,2026-03-07T20:00:00Z
2025-26,08/03/26,00:00,6:00 pm ET,0022500916,,,,,false,Little Caesars Arena,Detroit,MI,,1610612765,1610612751,Pistons,Nets,Detroit,Brooklyn,DET,BKN,0,0,2026-03-07T23:00:00Z
2025-26,08/03/26,01:30,7:30 pm ET,0022500917,,,,,false,State Farm Arena,Atlanta,GA,,1610612737,1610612755,Hawks,76ers,Atlanta,Philadelphia,ATL,PHI,0,0,2026-03-08T00:30:00Z
2025-26,08/03/26,02:00,8:00 pm ET,0022500918,,,,,false,FedExForum,Memphis,TN,,1610612763,1610612746,Grizzlies,Clippers,Memphis,LA,MEM,LAC,0,0,2026-03-08T01:00:00Z
2025-26,08/03/26,02:00,8:00 pm ET,0022500919,,,,,false,Fiserv Forum,Milwaukee,WI,,1610612749,1610612762,Bucks,Jazz,Milwaukee,Utah,MIL,UTA,0,0,2026-03-08T01:00:00Z
2025-26,08/03/26,02:30,8:30 pm ET,0022500920,,,,,false,Paycom Center,Oklahoma City,OK,,1610612760,1610612744,Thunder,Warriors,Oklahoma City,Golden State,OKC,GSW,0,0,2026-03-08T01:30:00Z
2025-26,08/03/26,18:00,1:00 pm ET,0022500921,,,,,false,Rocket Arena,Cleveland,OH,,1610612739,1610612738,Cavaliers,Celtics,Cleveland,Boston,CLE,BOS,0,0,2026-03-08T17:00:00Z
2025-26,08/03/26,20:30,3:30 pm ET,0022500922,,,,,false,Crypto.com Arena,Los Angeles,CA,,1610612747,1610612752,Lakers,Knicks,Los Angeles,New York,LAL,NYK,0,0,2026-03-08T19:30:00Z
2025-26,08/03/26,23:00,6:00 pm ET,0022500923,,,,,false,Kaseya Center,Miami,FL,,1610612748,1610612765,Heat,Pistons,Miami,Detroit,MIA,DET,0,0,2026-03-08T22:00:00Z
2025-26,08/03/26,23:00,6:00 pm ET,0022500924,,,,,false,Scotiabank Arena,Toronto,ON,,1610612761,1610612742,Raptors,Mavericks,Toronto,Dallas,TOR,DAL,0,0,2026-03-08T22:00:00Z
2025-26,09/03/26,00:00,7:00 pm ET,0022500925,,,,,false,Smoothie King Center,New Orleans,LA,,1610612740,1610612764,Pelicans,Wizards,New Orleans,Washington,NOP,WAS,0,0,2026-03-08T23:00:00Z
2025-26,09/03/26,01:00,8:00 pm ET,0022500926,,,,,false,Fiserv Forum,Milwaukee,WI,,1610612749,1610612753,Bucks,Magic,Milwaukee,Orlando,MIL,ORL,0,0,2026-03-09T00:00:00Z
2025-26,09/03/26,01:00,8:00 pm ET,0022500927,,,,,false,Frost Bank Center,San Antonio,TX,,1610612759,1610612745,Spurs,Rockets,San Antonio,Houston,SAS,HOU,0,0,2026-03-09T00:00:00Z
2025-26,09/03/26,02:00,9:00 pm ET,0022500928,,,,,false,Mortgage Matchup Center,Phoenix,AZ,,1610612756,1610612766,Suns,Hornets,Phoenix,Charlotte,PHX,CHA,0,0,2026-03-09T01:00:00Z
2025-26,09/03/26,02:00,9:00 pm ET,0022500929,,,,,false,Moda Center,Portland,OR,,1610612757,1610612754,Trail Blazers,Pacers,Portland,Indiana,POR,IND,0,0,2026-03-09T01:00:00Z
2025-26,09/03/26,02:00,9:00 pm ET,0022500930,,,,,false,Golden 1 Center,Sacramento,CA,,1610612758,1610612741,Kings,Bulls,Sacramento,Chicago,SAC,CHI,0,0,2026-03-09T01:00:00Z
2025-26,10/03/26,00:00,7:00 pm ET,0022500931,,,,,false,Rocket Arena,Cleveland,OH,,1610612739,1610612755,Cavaliers,76ers,Cleveland,Philadelphia,CLE,PHI,0,0,2026-03-09T23:00:00Z
2025-26,10/03/26,00:30,7:30 pm ET,0022500932,,,,,false,Barclays Center,Brooklyn,NY,,1610612751,1610612763,Nets,Grizzlies,Brooklyn,Memphis,BKN,MEM,0,0,2026-03-09T23:30:00Z
2025-26,10/03/26,00:30,7:30 pm ET,0022500933,,,,,false,Paycom Center,Oklahoma City,OK,,1610612760,1610612743,Thunder,Nuggets,Oklahoma City,Denver,OKC,DEN,0,0,2026-03-09T23:30:00Z
2025-26,10/03/26,02:00,9:00 pm ET,0022500934,,,,,false,Delta Center,Salt Lake City,UT,,1610612762,1610612744,Jazz,Warriors,Utah,Golden State,UTA,GSW,0,0,2026-03-10T01:00:00Z
2025-26,10/03/26,03:00,10:00 pm ET,0022500935,,,,,false,Intuit Dome,Inglewood,CA,,1610612746,1610612752,Clippers,Knicks,LA,New York,LAC,NYK,0,0,2026-03-10T02:00:00Z
2025-26,11/03/26,00:00,7:00 pm ET,0022500936,,,,,false,Xfinity Mobile Arena,Philadelphia,PA,,1610612755,1610612763,76ers,Grizzlies,Philadelphia,Memphis,PHI,MEM,0,0,2026-03-10T23:00:00Z
2025-26,11/03/26,00:30,7:30 pm ET,0022500937,,,,,false,Barclays Center,Brooklyn,NY,,1610612751,1610612765,Nets,Pistons,Brooklyn,Detroit,BKN,DET,0,0,2026-03-10T23:30:00Z
2025-26,11/03/26,00:30,7:30 pm ET,0022500938,,,,,false,Kaseya Center,Miami,FL,,1610612748,1610612764,Heat,Wizards,Miami,Washington,MIA,WAS,0,0,2026-03-10T23:30:00Z
2025-26,11/03/26,01:00,8:00 pm ET,0022500939,,,,,false,State Farm Arena,Atlanta,GA,,1610612737,1610612742,Hawks,Mavericks,Atlanta,Dallas,ATL,DAL,0,0,2026-03-11T00:00:00Z
2025-26,11/03/26,01:00,8:00 pm ET,0022500940,,,,,false,Toyota Center,Houston,TX,,1610612745,1610612761,Rockets,Raptors,Houston,Toronto,HOU,TOR,0,0,2026-03-11T00:00:00Z
2025-26,11/03/26,01:00,8:00 pm ET,0022500941,,,,,false,Fiserv Forum,Milwaukee,WI,,1610612749,1610612756,Bucks,Suns,Milwaukee,Phoenix,MIL,PHX,0,0,2026-03-11T00:00:00Z
2025-26,11/03/26,01:00,8:00 pm ET,0022500942,,,,,false,Frost Bank Center,San Antonio,TX,,1610612759,1610612738,Spurs,Celtics,San Antonio,Boston,SAS,BOS,0,0,2026-03-11T00:00:00Z
2025-26,11/03/26,03:00,10:00 pm ET,0022500943,,,,,false,Chase Center,San Francisco,CA,,1610612744,1610612741,Warriors,Bulls,Golden State,Chicago,GSW,CHI,0,0,2026-03-11T02:00:00Z
2025-26,11/03/26,03:00,10:00 pm ET,0022500944,,,,,false,Moda Center,Portland,OR,,1610612757,1610612766,Trail Blazers,Hornets,Portland,Charlotte,POR,CHA,0,0,2026-03-11T02:00:00Z
2025-26,11/03/26,03:00,10:00 pm ET,0022500945,,,,,false,Golden 1 Center,Sacramento,CA,,1610612758,1610612754,Kings,Pacers,Sacramento,Indiana,SAC,IND,0,0,2026-03-11T02:00:00Z
2025-26,11/03/26,04:00,11:00 pm ET,0022500946,,,,,false,Crypto.com Arena,Los Angeles,CA,,1610612747,1610612750,Lakers,Timberwolves,Los Angeles,Minnesota,LAL,MIN,0,0,2026-03-11T03:00:00Z
2025-26,12/03/26,00:30,7:30 pm ET,0022500947,,,,,false,Kia Center,Orlando,FL,,1610612753,1610612739,Magic,Cavaliers,Orlando,Cleveland,ORL,CLE,0,0,2026-03-11T23:30:00Z
2025-26,12/03/26,01:00,8:00 pm ET,0022500948,,,,,false,Smoothie King Center,New Orleans,LA,,1610612740,1610612761,Pelicans,Raptors,New Orleans,Toronto,NOP,TOR,0,0,2026-03-12T00:00:00Z
2025-26,12/03/26,02:00,9:00 pm ET,0022500949,,,,,false,Delta Center,Salt Lake City,UT,,1610612762,1610612752,Jazz,Knicks,Utah,New York,UTA,NYK,0,0,2026-03-12T01:00:00Z
2025-26,12/03/26,03:00,10:00 pm ET,0022500950,,,,,false,Ball Arena,Denver,CO,,1610612743,1610612745,Nuggets,Rockets,Denver,Houston,DEN,HOU,0,0,2026-03-12T02:00:00Z
2025-26,12/03/26,03:00,10:00 pm ET,0022500951,,,,,false,Golden 1 Center,Sacramento,CA,,1610612758,1610612766,Kings,Hornets,Sacramento,Charlotte,SAC,CHA,0,0,2026-03-12T02:00:00Z
2025-26,12/03/26,03:30,10:30 pm ET,0022500952,,,,,false,Intuit Dome,Inglewood,CA,,1610612746,1610612750,Clippers,Timberwolves,LA,Minnesota,LAC,MIN,0,0,2026-03-12T02:30:00Z
2025-26,13/03/26,00:00,7:00 pm ET,0022500953,,,,,false,Little Caesars Arena,Detroit,MI,,1610612765,1610612755,Pistons,76ers,Detroit,Philadelphia,DET,PHI,0,0,2026-03-12T23:00:00Z
2025-26,13/03/26,00:00,7:00 pm ET,0022500954,,,,,false,Gainbridge Fieldhouse,Indianapolis,IN,,1610612754,1610612756,Pacers,Suns,Indiana,Phoenix,IND,PHX,0,0,2026-03-12T23:00:00Z
2025-26,13/03/26,00:00,7:00 pm ET,0022500955,,,,,false,Kia Center,Orlando,FL,,1610612753,1610612764,Magic,Wizards,Orlando,Washington,ORL,WAS,0,0,2026-03-12T23:00:00Z
2025-26,13/03/26,00:30,7:30 pm ET,0022500956,,,,,false,State Farm Arena,Atlanta,GA,,1610612737,1610612751,Hawks,Nets,Atlanta,Brooklyn,ATL,BKN,0,0,2026-03-12T23:30:00Z
2025-26,13/03/26,00:30,7:30 pm ET,0022500957,,,,,false,Kaseya Center,Miami,FL,,1610612748,1610612749,Heat,Bucks,Miami,Milwaukee,MIA,MIL,0,0,2026-03-12T23:30:00Z
2025-26,13/03/26,02:00,9:00 pm ET,0022500958,,,,,false,Frost Bank Center,San Antonio,TX,,1610612759,1610612743,Spurs,Nuggets,San Antonio,Denver,SAS,DEN,0,0,2026-03-13T01:00:00Z
2025-26,13/03/26,02:30,9:30 pm ET,0022500959,,,,,false,Paycom Center,Oklahoma City,OK,,1610612760,1610612738,Thunder,Celtics,Oklahoma City,Boston,OKC,BOS,0,0,2026-03-13T01:30:00Z
2025-26,13/03/26,03:30,10:30 pm ET,0022500960,,,,,false,Crypto.com Arena,Los Angeles,CA,,1610612747,1610612741,Lakers,Bulls,Los Angeles,Chicago,LAL,CHI,0,0,2026-03-13T02:30:00Z
2025-26,14/03/26,00:30,7:30 pm ET,0022500961,,,,,false,Little Caesars Arena,Detroit,MI,,1610612765,1610612763,Pistons,Grizzlies,Detroit,Memphis,DET,MEM,0,0,2026-03-13T23:30:00Z
2025-26,14/03/26,00:30,7:30 pm ET,0022500962,,,,,false,Gainbridge Fieldhouse,Indianapolis,IN,,1610612754,1610612752,Pacers,Knicks,Indiana,New York,IND,NYK,0,0,2026-03-13T23:30:00Z
2025-26,14/03/26,00:30,7:30 pm ET,0022500963,,,,,false,Scotiabank Arena,Toronto,ON,,1610612761,1610612756,Raptors,Suns,Toronto,Phoenix,TOR,PHX,0,0,2026-03-13T23:30:00Z
2025-26,14/03/26,01:00,8:00 pm ET,0022500964,,,,,false,Toyota Center,Houston,TX,,1610612745,1610612740,Rockets,Pelicans,Houston,New Orleans,HOU,NOP,0,0,2026-03-14T00:00:00Z
2025-26,14/03/26,01:30,8:30 pm ET,0022500965,,,,,false,American Airlines Center,Dallas,TX,,1610612742,1610612739,Mavericks,Cavaliers,Dallas,Cleveland,DAL,CLE,0,0,2026-03-14T00:30:00Z
2025-26,14/03/26,03:00,10:00 pm ET,0022500966,,,,,false,Chase Center,San Francisco,CA,,1610612744,1610612750,Warriors,Timberwolves,Golden State,Minnesota,GSW,MIN,0,0,2026-03-14T02:00:00Z
2025-26,14/03/26,03:00,10:00 pm ET,0022500967,,,,,false,Moda Center,Portland,OR,,1610612757,1610612762,Trail Blazers,Jazz,Portland,Utah,POR,UTA,0,0,2026-03-14T02:00:00Z
2025-26,14/03/26,03:30,10:30 pm ET,0022500968,,,,,false,Intuit Dome,Inglewood,CA,,1610612746,1610612741,Clippers,Bulls,LA,Chicago,LAC,CHI,0,0,2026-03-14T02:30:00Z
2025-26,14/03/26,18:00,1:00 pm ET,0022500969,,,,,false,Xfinity Mobile Arena,Philadelphia,PA,,1610612755,1610612751,76ers,Nets,Philadelphia,Brooklyn,PHI,BKN,0,0,2026-03-14T17:00:00Z
2025-26,14/03/26,20:00,3:00 pm ET,0022500970,,,,,false,State Farm Arena,Atlanta,GA,,1610612737,1610612749,Hawks,Bucks,Atlanta,Milwaukee,ATL,MIL,0,0,2026-03-14T19:00:00Z
2025-26,14/03/26,23:00,6:00 pm ET,0022500971,,,,,false,TD Garden,Boston,MA,,1610612738,1610612764,Celtics,Wizards,Boston,Washington,BOS,WAS,0,0,2026-03-14T22:00:00Z
2025-26,15/03/26,01:00,8:00 pm ET,0022500972,,,,,false,Kaseya Center,Miami,FL,,1610612748,1610612753,Heat,Magic,Miami,Orlando,MIA,ORL,0,0,2026-03-15T00:00:00Z
2025-26,15/03/26,01:00,8:00 pm ET,0022500973,,,,,false,Frost Bank Center,San Antonio,TX,,1610612759,1610612766,Spurs,Hornets,San Antonio,Charlotte,SAS,CHA,0,0,2026-03-15T00:00:00Z
2025-26,15/03/26,01:30,8:30 pm ET,0022500974,,,,,false,Crypto.com Arena,Los Angeles,CA,,1610612747,1610612743,Lakers,Nuggets,Los Angeles,Denver,LAL,DEN,0,0,2026-03-15T00:30:00Z
2025-26,15/03/26,03:30,10:30 pm ET,0022500975,,,,,false,Intuit Dome,Inglewood,CA,,1610612746,1610612758,Clippers,Kings,LA,Sacramento,LAC,SAC,0,0,2026-03-15T02:30:00Z
2025-26,15/03/26,18:00,1:00 pm ET,0022500976,,,,,false,Paycom Center,Oklahoma City,OK,,1610612760,1610612750,Thunder,Timberwolves,Oklahoma City,Minnesota,OKC,MIN,0,0,2026-03-15T17:00:00Z
2025-26,15/03/26,20:30,3:30 pm ET,0022500977,,,,,false,Rocket Arena,Cleveland,OH,,1610612739,1610612742,Cavaliers,Mavericks,Cleveland,Dallas,CLE,DAL,0,0,2026-03-15T19:30:00Z
2025-26,15/03/26,20:30,3:30 pm ET,0022500978,,,,,false,Scotiabank Arena,Toronto,ON,,1610612761,1610612765,Raptors,Pistons,Toronto,Detroit,TOR,DET,0,0,2026-03-15T19:30:00Z
2025-26,15/03/26,20:30,3:30 pm ET,0022500979,,,,,false,Fiserv Forum,Milwaukee,WI,,1610612749,1610612754,Bucks,Pacers,Milwaukee,Indiana,MIL,IND,0,0,2026-03-15T19:30:00Z
2025-26,15/03/26,23:00,6:00 pm ET,0022500980,,,,,false,Xfinity Mobile Arena,Philadelphia,PA,,1610612755,1610612757,76ers,Trail Blazers,Philadelphia,Portland,PHI,POR,0,0,2026-03-15T22:00:00Z
2025-26,16/03/26,01:00,8:00 pm ET,0022500981,,,,,false,Madison Square Garden,New York,NY,,1610612752,1610612744,Knicks,Warriors,New York,Golden State,NYK,GSW,0,0,2026-03-16T00:00:00Z
2025-26,16/03/26,03:00,10:00 pm ET,0022500982,,,,,false,Golden 1 Center,Sacramento,CA,,1610612758,1610612762,Kings,Jazz,Sacramento,Utah,SAC,UTA,0,0,2026-03-16T02:00:00Z
2025-26,17/03/26,00:00,7:00 pm ET,0022500983,,,,,false,State Farm Arena,Atlanta,GA,,1610612737,1610612753,Hawks,Magic,Atlanta,Orlando,ATL,ORL,0,0,2026-03-16T23:00:00Z
2025-26,17/03/26,00:00,7:00 pm ET,0022500984,,,,,false,Capital One Arena,Washington,DC,,1610612764,1610612744,Wizards,Warriors,Washington,Golden State,WAS,GSW,0,0,2026-03-16T23:00:00Z
2025-26,17/03/26,00:30,7:30 pm ET,0022500985,,,,,false,Barclays Center,Brooklyn,NY,,1610612751,1610612757,Nets,Trail Blazers,Brooklyn,Portland,BKN,POR,0,0,2026-03-16T23:30:00Z
2025-26,17/03/26,01:00,8:00 pm ET,0022500986,,,,,false,TD Garden,Boston,MA,,1610612738,1610612756,Celtics,Suns,Boston,Phoenix,BOS,PHX,0,0,2026-03-17T00:00:00Z
2025-26,17/03/26,01:00,8:00 pm ET,0022500987,,,,,false,United Center,Chicago,IL,,1610612741,1610612763,Bulls,Grizzlies,Chicago,Memphis,CHI,MEM,0,0,2026-03-17T00:00:00Z
2025-26,17/03/26,01:00,8:00 pm ET,0022500988,,,,,false,Smoothie King Center,New Orleans,LA,,1610612740,1610612742,Pelicans,Mavericks,New Orleans,Dallas,NOP,DAL,0,0,2026-03-17T00:00:00Z
2025-26,17/03/26,02:00,9:00 pm ET,0022500989,,,,,false,Toyota Center,Houston,TX,,1610612745,1610612747,Rockets,Lakers,Houston,Los Angeles,HOU,LAL,0,0,2026-03-17T01:00:00Z
2025-26,17/03/26,03:30,10:30 pm ET,0022500990,,,,,false,Intuit Dome,Inglewood,CA,,1610612746,1610612759,Clippers,Spurs,LA,San Antonio,LAC,SAS,0,0,2026-03-17T02:30:00Z
2025-26,18/03/26,00:00,7:00 pm ET,0022500991,,,,,false,Spectrum Center,Charlotte,NC,,1610612766,1610612748,Hornets,Heat,Charlotte,Miami,CHA,MIA,0,0,2026-03-17T23:00:00Z
2025-26,18/03/26,00:00,7:00 pm ET,0022500992,,,,,false,Kia Center,Orlando,FL,,1610612753,1610612760,Magic,Thunder,Orlando,Oklahoma City,ORL,OKC,0,0,2026-03-17T23:00:00Z
2025-26,18/03/26,00:00,7:00 pm ET,0022500993,,,,,false,Capital One Arena,Washington,DC,,1610612764,1610612765,Wizards,Pistons,Washington,Detroit,WAS,DET,0,0,2026-03-17T23:00:00Z
2025-26,18/03/26,00:30,7:30 pm ET,0022500994,,,,,false,Madison Square Garden,New York,NY,,1610612752,1610612754,Knicks,Pacers,New York,Indiana,NYK,IND,0,0,2026-03-17T23:30:00Z
2025-26,18/03/26,01:00,8:00 pm ET,0022500995,,,,,false,Fiserv Forum,Milwaukee,WI,,1610612749,1610612739,Bucks,Cavaliers,Milwaukee,Cleveland,MIL,CLE,0,0,2026-03-18T00:00:00Z
2025-26,18/03/26,01:00,8:00 pm ET,0022500996,,,,,false,Target Center,Minneapolis,MN,,1610612750,1610612756,Timberwolves,Suns,Minnesota,Phoenix,MIN,PHX,0,0,2026-03-18T00:00:00Z
2025-26,18/03/26,02:00,9:00 pm ET,0022500997,,,,,false,Ball Arena,Denver,CO,,1610612743,1610612755,Nuggets,76ers,Denver,Philadelphia,DEN,PHI,0,0,2026-03-18T01:00:00Z
2025-26,18/03/26,04:00,11:00 pm ET,0022500998,,,,,false,Golden 1 Center,Sacramento,CA,,1610612758,1610612759,Kings,Spurs,Sacramento,San Antonio,SAC,SAS,0,0,2026-03-18T03:00:00Z
2025-26,19/03/26,00:00,7:00 pm ET,0022500999,,,,,false,TD Garden,Boston,MA,,1610612738,1610612744,Celtics,Warriors,Boston,Golden State,BOS,GSW,0,0,2026-03-18T23:00:00Z
2025-26,19/03/26,00:30,7:30 pm ET,0022501000,,,,,false,Barclays Center,Brooklyn,NY,,1610612751,1610612760,Nets,Thunder,Brooklyn,Oklahoma City,BKN,OKC,0,0,2026-03-18T23:30:00Z
2025-26,19/03/26,00:30,7:30 pm ET,0022501001,,,,,false,Gainbridge Fieldhouse,Indianapolis,IN,,1610612754,1610612757,Pacers,Trail Blazers,Indiana,Portland,IND,POR,0,0,2026-03-18T23:30:00Z
2025-26,19/03/26,01:00,8:00 pm ET,0022501002,,,,,false,United Center,Chicago,IL,,1610612741,1610612761,Bulls,Raptors,Chicago,Toronto,CHI,TOR,0,0,2026-03-19T00:00:00Z
2025-26,19/03/26,01:00,8:00 pm ET,0022501003,,,,,false,FedExForum,Memphis,TN,,1610612763,1610612752,Grizzlies,Knicks,Memphis,New York,MEM,NYK,0,0,2026-03-19T00:00:00Z
2025-26,19/03/26,01:00,8:00 pm ET,0022501004,,,,,false,Target Center,Minneapolis,MN,,1610612750,1610612762,Timberwolves,Jazz,Minnesota,Utah,MIN,UTA,0,0,2026-03-19T00:00:00Z
2025-26,19/03/26,01:00,8:00 pm ET,0022501005,,,,,false,Smoothie King Center,New Orleans,LA,,1610612740,1610612746,Pelicans,Clippers,New Orleans,LA,NOP,LAC,0,0,2026-03-19T00:00:00Z
2025-26,19/03/26,01:30,8:30 pm ET,0022501006,,,,,false,American Airlines Center,Dallas,TX,,1610612742,1610612737,Mavericks,Hawks,Dallas,Atlanta,DAL,ATL,0,0,2026-03-19T00:30:00Z
2025-26,19/03/26,02:30,9:30 pm ET,0022501007,,,,,false,Toyota Center,Houston,TX,,1610612745,1610612747,Rockets,Lakers,Houston,Los Angeles,HOU,LAL,0,0,2026-03-19T01:30:00Z
2025-26,20/03/26,00:00,7:00 pm ET,0022501008,,,,,false,Spectrum Center,Charlotte,NC,,1610612766,1610612753,Hornets,Magic,Charlotte,Orlando,CHA,ORL,0,0,2026-03-19T23:00:00Z
2025-26,20/03/26,00:00,7:00 pm ET,0022501009,,,,,false,Capital One Arena,Washington,DC,,1610612764,1610612765,Wizards,Pistons,Washington,Detroit,WAS,DET,0,0,2026-03-19T23:00:00Z
2025-26,20/03/26,01:00,8:00 pm ET,0022501010,,,,,false,Kaseya Center,Miami,FL,,1610612748,1610612747,Heat,Lakers,Miami,Los Angeles,MIA,LAL,0,0,2026-03-20T00:00:00Z
2025-26,20/03/26,01:00,8:00 pm ET,0022501011,,,,,false,United Center,Chicago,IL,,1610612741,1610612739,Bulls,Cavaliers,Chicago,Cleveland,CHI,CLE,0,0,2026-03-20T00:00:00Z
2025-26,20/03/26,01:00,8:00 pm ET,0022501012,,,,,false,Smoothie King Center,New Orleans,LA,,1610612740,1610612746,Pelicans,Clippers,New Orleans,LA,NOP,LAC,0,0,2026-03-20T00:00:00Z
2025-26,20/03/26,01:00,8:00 pm ET,0022501013,,,,,false,Frost Bank Center,San Antonio,TX,,1610612759,1610612756,Spurs,Suns,San Antonio,Phoenix,SAS,PHX,0,0,2026-03-20T00:00:00Z
2025-26,20/03/26,02:00,9:00 pm ET,0022501014,,,,,false,Delta Center,Salt Lake City,UT,,1610612762,1610612749,Jazz,Bucks,Utah,Milwaukee,UTA,MIL,0,0,2026-03-20T01:00:00Z
2025-26,20/03/26,03:00,10:00 pm ET,0022501015,,,,,false,Golden 1 Center,Sacramento,CA,,1610612758,1610612755,Kings,76ers,Sacramento,Philadelphia,SAC,PHI,0,0,2026-03-20T02:00:00Z
2025-26,21/03/26,00:30,7:30 pm ET,0022501016,,,,,false,Barclays Center,Brooklyn,NY,,1610612751,1610612752,Nets,Knicks,Brooklyn,New York,BKN,NYK,0,0,2026-03-20T23:30:00Z
2025-26,21/03/26,00:30,7:30 pm ET,0022501017,,,,,false,Little Caesars Arena,Detroit,MI,,1610612765,1610612744,Pistons,Warriors,Detroit,Golden State,DET,GSW,0,0,2026-03-20T23:30:00Z
2025-26,21/03/26,01:00,8:00 pm ET,0022501018,,,,,false,Toyota Center,Houston,TX,,1610612745,1610612737,Rockets,Hawks,Houston,Atlanta,HOU,ATL,0,0,2026-03-21T00:00:00Z
2025-26,21/03/26,01:00,8:00 pm ET,0022501019,,,,,false,FedExForum,Memphis,TN,,1610612763,1610612738,Grizzlies,Celtics,Memphis,Boston,MEM,BOS,0,0,2026-03-21T00:00:00Z
2025-26,21/03/26,01:00,8:00 pm ET,0022501020,,,,,false,Target Center,Minneapolis,MN,,1610612750,1610612757,Timberwolves,Trail Blazers,Minnesota,Portland,MIN,POR,0,0,2026-03-21T00:00:00Z
2025-26,21/03/26,02:00,9:00 pm ET,0022501021,,,,,false,Ball Arena,Denver,CO,,1610612743,1610612761,Nuggets,Raptors,Denver,Toronto,DEN,TOR,0,0,2026-03-21T01:00:00Z
2025-26,21/03/26,22:00,5:00 pm ET,0022501022,,,,,false,Capital One Arena,Washington,DC,,1610612764,1610612760,Wizards,Thunder,Washington,Oklahoma City,WAS,OKC,0,0,2026-03-21T21:00:00Z
2025-26,22/03/26,00:00,7:00 pm ET,0022501023,,,,,false,Spectrum Center,Charlotte,NC,,1610612766,1610612763,Hornets,Grizzlies,Charlotte,Memphis,CHA,MEM,0,0,2026-03-21T23:00:00Z
2025-26,22/03/26,00:00,7:00 pm ET,0022501024,,,,,false,Kia Center,Orlando,FL,,1610612753,1610612747,Magic,Lakers,Orlando,Los Angeles,ORL,LAL,0,0,2026-03-21T23:00:00Z
2025-26,22/03/26,00:00,7:00 pm ET,0022501025,,,,,false,Smoothie King Center,New Orleans,LA,,1610612740,1610612739,Pelicans,Cavaliers,New Orleans,Cleveland,NOP,CLE,0,0,2026-03-21T23:00:00Z
2025-26,22/03/26,01:00,8:00 pm ET,0022501026,,,,,false,State Farm Arena,Atlanta,GA,,1610612737,1610612744,Hawks,Warriors,Atlanta,Golden State,ATL,GSW,0,0,2026-03-22T00:00:00Z
2025-26,22/03/26,01:00,8:00 pm ET,0022501027,,,,,false,Toyota Center,Houston,TX,,1610612745,1610612748,Rockets,Heat,Houston,Miami,HOU,MIA,0,0,2026-03-22T00:00:00Z
2025-26,22/03/26,01:00,8:00 pm ET,0022501028,,,,,false,Frost Bank Center,San Antonio,TX,,1610612759,1610612754,Spurs,Pacers,San Antonio,Indiana,SAS,IND,0,0,2026-03-22T00:00:00Z
2025-26,22/03/26,01:30,8:30 pm ET,0022501029,,,,,false,American Airlines Center,Dallas,TX,,1610612742,1610612746,Mavericks,Clippers,Dallas,LA,DAL,LAC,0,0,2026-03-22T00:30:00Z
2025-26,22/03/26,02:30,9:30 pm ET,0022501030,,,,,false,Delta Center,Salt Lake City,UT,,1610612762,1610612755,Jazz,76ers,Utah,Philadelphia,UTA,PHI,0,0,2026-03-22T01:30:00Z
2025-26,22/03/26,03:00,10:00 pm ET,0022501031,,,,,false,Mortgage Matchup Center,Phoenix,AZ,,1610612756,1610612749,Suns,Bucks,Phoenix,Milwaukee,PHX,MIL,0,0,2026-03-22T02:00:00Z
2025-26,22/03/26,22:00,5:00 pm ET,0022501032,,,,,false,Ball Arena,Denver,CO,,1610612743,1610612757,Nuggets,Trail Blazers,Denver,Portland,DEN,POR,0,0,2026-03-22T21:00:00Z
2025-26,22/03/26,23:00,6:00 pm ET,0022501033,,,,,false,Golden 1 Center,Sacramento,CA,,1610612758,1610612751,Kings,Nets,Sacramento,Brooklyn,SAC,BKN,0,0,2026-03-22T22:00:00Z
2025-26,23/03/26,00:30,7:30 pm ET,0022501034,,,,,false,Madison Square Garden,New York,NY,,1610612752,1610612764,Knicks,Wizards,New York,Washington,NYK,WAS,0,0,2026-03-22T23:30:00Z
2025-26,23/03/26,01:00,8:00 pm ET,0022501035,,,,,false,TD Garden,Boston,MA,,1610612738,1610612750,Celtics,Timberwolves,Boston,Minnesota,BOS,MIN,0,0,2026-03-23T00:00:00Z
2025-26,23/03/26,02:00,9:00 pm ET,0022501036,,,,,false,Mortgage Matchup Center,Phoenix,AZ,,1610612756,1610612761,Suns,Raptors,Phoenix,Toronto,PHX,TOR,0,0,2026-03-23T01:00:00Z
2025-26,24/03/26,00:00,7:00 pm ET,0022501037,,,,,false,State Farm Arena,Atlanta,GA,,1610612737,1610612763,Hawks,Grizzlies,Atlanta,Memphis,ATL,MEM,0,0,2026-03-23T23:00:00Z
2025-26,24/03/26,00:00,7:00 pm ET,0022501038,,,,,false,Little Caesars Arena,Detroit,MI,,1610612765,1610612747,Pistons,Lakers,Detroit,Los Angeles,DET,LAL,0,0,2026-03-23T23:00:00Z
2025-26,24/03/26,00:00,7:00 pm ET,0022501039,,,,,false,Kia Center,Orlando,FL,,1610612753,1610612754,Magic,Pacers,Orlando,Indiana,ORL,IND,0,0,2026-03-23T23:00:00Z
2025-26,24/03/26,00:00,7:00 pm ET,0022501040,,,,,false,Xfinity Mobile Arena,Philadelphia,PA,,1610612755,1610612760,76ers,Thunder,Philadelphia,Oklahoma City,PHI,OKC,0,0,2026-03-23T23:00:00Z
2025-26,24/03/26,00:30,7:30 pm ET,0022501041,,,,,false,Kaseya Center,Miami,FL,,1610612748,1610612759,Heat,Spurs,Miami,San Antonio,MIA,SAS,0,0,2026-03-23T23:30:00Z
2025-26,24/03/26,01:00,8:00 pm ET,0022501042,,,,,false,United Center,Chicago,IL,,1610612741,1610612745,Bulls,Rockets,Chicago,Houston,CHI,HOU,0,0,2026-03-24T00:00:00Z
2025-26,24/03/26,02:00,9:00 pm ET,0022501043,,,,,false,Delta Center,Salt Lake City,UT,,1610612762,1610612761,Jazz,Raptors,Utah,Toronto,UTA,TOR,0,0,2026-03-24T01:00:00Z
2025-26,24/03/26,02:30,9:30 pm ET,0022501044,,,,,false,American Airlines Center,Dallas,TX,,1610612742,1610612744,Mavericks,Warriors,Dallas,Golden State,DAL,GSW,0,0,2026-03-24T01:30:00Z
2025-26,24/03/26,03:00,10:00 pm ET,0022501045,,,,,false,Moda Center,Portland,OR,,1610612757,1610612751,Trail Blazers,Nets,Portland,Brooklyn,POR,BKN,0,0,2026-03-24T02:00:00Z
2025-26,24/03/26,03:30,10:30 pm ET,0022501046,,,,,false,Intuit Dome,Inglewood,CA,,1610612746,1610612749,Clippers,Bucks,LA,Milwaukee,LAC,MIL,0,0,2026-03-24T02:30:00Z
2025-26,25/03/26,00:00,7:00 pm ET,0022501047,,,,,false,Spectrum Center,Charlotte,NC,,1610612766,1610612758,Hornets,Kings,Charlotte,Sacramento,CHA,SAC,0,0,2026-03-24T23:00:00Z
2025-26,25/03/26,00:30,7:30 pm ET,0022501048,,,,,false,Madison Square Garden,New York,NY,,1610612752,1610612740,Knicks,Pelicans,New York,New Orleans,NYK,NOP,0,0,2026-03-24T23:30:00Z
2025-26,25/03/26,01:00,8:00 pm ET,0022501049,,,,,false,Rocket Arena,Cleveland,OH,,1610612739,1610612753,Cavaliers,Magic,Cleveland,Orlando,CLE,ORL,0,0,2026-03-25T00:00:00Z
2025-26,25/03/26,04:00,11:00 pm ET,0022501050,,,,,false,Mortgage Matchup Center,Phoenix,AZ,,1610612756,1610612743,Suns,Nuggets,Phoenix,Denver,PHX,DEN,0,0,2026-03-25T03:00:00Z
2025-26,26/03/26,00:00,7:00 pm ET,0022501051,,,,,false,Little Caesars Arena,Detroit,MI,,1610612765,1610612737,Pistons,Hawks,Detroit,Atlanta,DET,ATL,0,0,2026-03-25T23:00:00Z
2025-26,26/03/26,00:00,7:00 pm ET,0022501052,,,,,false,Gainbridge Fieldhouse,Indianapolis,IN,,1610612754,1610612747,Pacers,Lakers,Indiana,Los Angeles,IND,LAL,0,0,2026-03-25T23:00:00Z
2025-26,26/03/26,00:00,7:00 pm ET,0022501053,,,,,false,Xfinity Mobile Arena,Philadelphia,PA,,1610612755,1610612741,76ers,Bulls,Philadelphia,Chicago,PHI,CHI,0,0,2026-03-25T23:00:00Z
2025-26,26/03/26,00:30,7:30 pm ET,0022501054,,,,,false,TD Garden,Boston,MA,,1610612738,1610612760,Celtics,Thunder,Boston,Oklahoma City,BOS,OKC,0,0,2026-03-25T23:30:00Z
2025-26,26/03/26,00:30,7:30 pm ET,0022501055,,,,,false,Rocket Arena,Cleveland,OH,,1610612739,1610612748,Cavaliers,Heat,Cleveland,Miami,CLE,MIA,0,0,2026-03-25T23:30:00Z
2025-26,26/03/26,01:00,8:00 pm ET,0022501056,,,,,false,FedExForum,Memphis,TN,,1610612763,1610612759,Grizzlies,Spurs,Memphis,San Antonio,MEM,SAS,0,0,2026-03-26T00:00:00Z
2025-26,26/03/26,02:00,9:00 pm ET,0022501057,,,,,false,Delta Center,Salt Lake City,UT,,1610612762,1610612764,Jazz,Wizards,Utah,Washington,UTA,WAS,0,0,2026-03-26T01:00:00Z
2025-26,26/03/26,02:30,9:30 pm ET,0022501058,,,,,false,Target Center,Minneapolis,MN,,1610612750,1610612745,Timberwolves,Rockets,Minnesota,Houston,MIN,HOU,0,0,2026-03-26T01:30:00Z
2025-26,26/03/26,03:00,10:00 pm ET,0022501059,,,,,false,Ball Arena,Denver,CO,,1610612743,1610612742,Nuggets,Mavericks,Denver,Dallas,DEN,DAL,0,0,2026-03-26T02:00:00Z
2025-26,26/03/26,03:00,10:00 pm ET,0022501060,,,,,false,Chase Center,San Francisco,CA,,1610612744,1610612751,Warriors,Nets,Golden State,Brooklyn,GSW,BKN,0,0,2026-03-26T02:00:00Z
2025-26,26/03/26,03:00,10:00 pm ET,0022501061,,,,,false,Moda Center,Portland,OR,,1610612757,1610612749,Trail Blazers,Bucks,Portland,Milwaukee,POR,MIL,0,0,2026-03-26T02:00:00Z
2025-26,26/03/26,03:30,10:30 pm ET,0022501062,,,,,false,Intuit Dome,Inglewood,CA,,1610612746,1610612761,Clippers,Raptors,LA,Toronto,LAC,TOR,0,0,2026-03-26T02:30:00Z
2025-26,27/03/26,00:00,7:00 pm ET,0022501063,,,,,false,Spectrum Center,Charlotte,NC,,1610612766,1610612752,Hornets,Knicks,Charlotte,New York,CHA,NYK,0,0,2026-03-26T23:00:00Z
2025-26,27/03/26,00:00,7:00 pm ET,0022501064,,,,,false,Little Caesars Arena,Detroit,MI,,1610612765,1610612740,Pistons,Pelicans,Detroit,New Orleans,DET,NOP,0,0,2026-03-26T23:00:00Z
2025-26,27/03/26,00:00,7:00 pm ET,0022501065,,,,,false,Kia Center,Orlando,FL,,1610612753,1610612758,Magic,Kings,Orlando,Sacramento,ORL,SAC,0,0,2026-03-26T23:00:00Z
2025-26,28/03/26,00:00,7:00 pm ET,0022501066,,,,,false,Gainbridge Fieldhouse,Indianapolis,IN,,1610612754,1610612746,Pacers,Clippers,Indiana,LA,IND,LAC,0,0,2026-03-27T23:00:00Z
2025-26,28/03/26,00:30,7:30 pm ET,0022501067,,,,,false,TD Garden,Boston,MA,,1610612738,1610612737,Celtics,Hawks,Boston,Atlanta,BOS,ATL,0,0,2026-03-27T23:30:00Z
2025-26,28/03/26,00:30,7:30 pm ET,0022501068,,,,,false,Rocket Arena,Cleveland,OH,,1610612739,1610612748,Cavaliers,Heat,Cleveland,Miami,CLE,MIA,0,0,2026-03-27T23:30:00Z
2025-26,28/03/26,01:00,8:00 pm ET,0022501069,,,,,false,FedExForum,Memphis,TN,,1610612763,1610612745,Grizzlies,Rockets,Memphis,Houston,MEM,HOU,0,0,2026-03-28T00:00:00Z
2025-26,28/03/26,01:00,8:00 pm ET,0022501070,,,,,false,Paycom Center,Oklahoma City,OK,,1610612760,1610612741,Thunder,Bulls,Oklahoma City,Chicago,OKC,CHI,0,0,2026-03-28T00:00:00Z
2025-26,28/03/26,01:30,8:30 pm ET,0022501071,,,,,false,Scotiabank Arena,Toronto,ON,,1610612761,1610612740,Raptors,Pelicans,Toronto,New Orleans,TOR,NOP,0,0,2026-03-28T00:30:00Z
2025-26,28/03/26,02:00,9:00 pm ET,0022501072,,,,,false,Ball Arena,Denver,CO,,1610612743,1610612762,Nuggets,Jazz,Denver,Utah,DEN,UTA,0,0,2026-03-28T01:00:00Z
2025-26,28/03/26,03:00,10:00 pm ET,0022501073,,,,,false,Chase Center,San Francisco,CA,,1610612744,1610612764,Warriors,Wizards,Golden State,Washington,GSW,WAS,0,0,2026-03-28T02:00:00Z
2025-26,28/03/26,03:00,10:00 pm ET,0022501074,,,,,false,Moda Center,Portland,OR,,1610612757,1610612742,Trail Blazers,Mavericks,Portland,Dallas,POR,DAL,0,0,2026-03-28T02:00:00Z
2025-26,28/03/26,03:30,10:30 pm ET,0022501075,,,,,false,Crypto.com Arena,Los Angeles,CA,,1610612747,1610612751,Lakers,Nets,Los Angeles,Brooklyn,LAL,BKN,0,0,2026-03-28T02:30:00Z
2025-26,28/03/26,20:00,3:00 pm ET,0022501076,,,,,false,Fiserv Forum,Milwaukee,WI,,1610612749,1610612759,Bucks,Spurs,Milwaukee,San Antonio,MIL,SAS,0,0,2026-03-28T19:00:00Z
2025-26,28/03/26,23:00,6:00 pm ET,0022501077,,,,,false,Spectrum Center,Charlotte,NC,,1610612766,1610612755,Hornets,76ers,Charlotte,Philadelphia,CHA,PHI,0,0,2026-03-28T22:00:00Z
2025-26,29/03/26,00:30,7:30 pm ET,0022501078,,,,,false,State Farm Arena,Atlanta,GA,,1610612737,1610612758,Hawks,Kings,Atlanta,Sacramento,ATL,SAC,0,0,2026-03-28T23:30:00Z
2025-26,29/03/26,01:00,8:00 pm ET,0022501079,,,,,false,FedExForum,Memphis,TN,,1610612763,1610612741,Grizzlies,Bulls,Memphis,Chicago,MEM,CHI,0,0,2026-03-29T00:00:00Z
2025-26,29/03/26,01:00,8:00 pm ET,0022501080,,,,,false,Target Center,Minneapolis,MN,,1610612750,1610612765,Timberwolves,Pistons,Minnesota,Detroit,MIN,DET,0,0,2026-03-29T00:00:00Z
2025-26,29/03/26,04:00,10:00 pm ET,0022501081,,,,,false,Mortgage Matchup Center,Phoenix,AZ,,1610612756,1610612762,Suns,Jazz,Phoenix,Utah,PHX,UTA,0,0,2026-03-29T02:00:00Z
2025-26,29/03/26,21:30,3:30 pm ET,0022501082,,,,,false,Fiserv Forum,Milwaukee,WI,,1610612749,1610612746,Bucks,Clippers,Milwaukee,LA,MIL,LAC,0,0,2026-03-29T19:30:00Z
2025-26,29/03/26,23:00,5:00 pm ET,0022501083,,,,,false,Gainbridge Fieldhouse,Indianapolis,IN,,1610612754,1610612748,Pacers,Heat,Indiana,Miami,IND,MIA,0,0,2026-03-29T21:00:00Z
2025-26,30/03/26,00:00,6:00 pm ET,0022501084,,,,,false,Barclays Center,Brooklyn,NY,,1610612751,1610612758,Nets,Kings,Brooklyn,Sacramento,BKN,SAC,0,0,2026-03-29T22:00:00Z
2025-26,30/03/26,00:00,6:00 pm ET,0022501085,,,,,false,Spectrum Center,Charlotte,NC,,1610612766,1610612738,Hornets,Celtics,Charlotte,Boston,CHA,BOS,0,0,2026-03-29T22:00:00Z
2025-26,30/03/26,00:00,6:00 pm ET,0022501086,,,,,false,Scotiabank Arena,Toronto,ON,,1610612761,1610612753,Raptors,Magic,Toronto,Orlando,TOR,ORL,0,0,2026-03-29T22:00:00Z
2025-26,30/03/26,00:00,6:00 pm ET,0022501087,,,,,false,Moda Center,Portland,OR,,1610612757,1610612764,Trail Blazers,Wizards,Portland,Washington,POR,WAS,0,0,2026-03-29T22:00:00Z
2025-26,30/03/26,01:00,7:00 pm ET,0022501088,,,,,false,Smoothie King Center,New Orleans,LA,,1610612740,1610612745,Pelicans,Rockets,New Orleans,Houston,NOP,HOU,0,0,2026-03-29T23:00:00Z
2025-26,30/03/26,01:30,7:30 pm ET,0022501089,,,,,false,Paycom Center,Oklahoma City,OK,,1610612760,1610612752,Thunder,Knicks,Oklahoma City,New York,OKC,NYK,0,0,2026-03-29T23:30:00Z
2025-26,30/03/26,04:00,10:00 pm ET,0022501090,,,,,false,Ball Arena,Denver,CO,,1610612743,1610612744,Nuggets,Warriors,Denver,Golden State,DEN,GSW,0,0,2026-03-30T02:00:00Z
2025-26,31/03/26,01:00,7:00 pm ET,0022501091,,,,,false,Kaseya Center,Miami,FL,,1610612748,1610612755,Heat,76ers,Miami,Philadelphia,MIA,PHI,0,0,2026-03-30T23:00:00Z
2025-26,31/03/26,01:30,7:30 pm ET,0022501092,,,,,false,State Farm Arena,Atlanta,GA,,1610612737,1610612738,Hawks,Celtics,Atlanta,Boston,ATL,BOS,0,0,2026-03-30T23:30:00Z
2025-26,31/03/26,02:00,8:00 pm ET,0022501093,,,,,false,FedExForum,Memphis,TN,,1610612763,1610612756,Grizzlies,Suns,Memphis,Phoenix,MEM,PHX,0,0,2026-03-31T00:00:00Z
2025-26,31/03/26,02:00,8:00 pm ET,0022501094,,,,,false,Frost Bank Center,San Antonio,TX,,1610612759,1610612741,Spurs,Bulls,San Antonio,Chicago,SAS,CHI,0,0,2026-03-31T00:00:00Z
2025-26,31/03/26,02:30,8:30 pm ET,0022501095,,,,,false,American Airlines Center,Dallas,TX,,1610612742,1610612750,Mavericks,Timberwolves,Dallas,Minnesota,DAL,MIN,0,0,2026-03-31T00:30:00Z
2025-26,31/03/26,03:00,9:00 pm ET,0022501096,,,,,false,Delta Center,Salt Lake City,UT,,1610612762,1610612739,Jazz,Cavaliers,Utah,Cleveland,UTA,CLE,0,0,2026-03-31T01:00:00Z
2025-26,31/03/26,03:30,9:30 pm ET,0022501097,,,,,false,Paycom Center,Oklahoma City,OK,,1610612760,1610612765,Thunder,Pistons,Oklahoma City,Detroit,OKC,DET,0,0,2026-03-31T01:30:00Z
2025-26,31/03/26,04:00,10:00 pm ET,0022501098,,,,,false,Crypto.com Arena,Los Angeles,CA,,1610612747,1610612764,Lakers,Wizards,Los Angeles,Washington,LAL,WAS,0,0,2026-03-31T02:00:00Z
2025-26,01/04/26,01:00,7:00 pm ET,0022501099,,,,,false,Kia Center,Orlando,FL,,1610612753,1610612756,Magic,Suns,Orlando,Phoenix,ORL,PHX,0,0,2026-03-31T23:00:00Z
2025-26,01/04/26,01:30,7:30 pm ET,0022501100,,,,,false,Barclays Center,Brooklyn,NY,,1610612751,1610612766,Nets,Hornets,Brooklyn,Charlotte,BKN,CHA,0,0,2026-03-31T23:30:00Z
2025-26,01/04/26,02:00,8:00 pm ET,0022501101,,,,,false,Little Caesars Arena,Detroit,MI,,1610612765,1610612761,Pistons,Raptors,Detroit,Toronto,DET,TOR,0,0,2026-04-01T00:00:00Z
2025-26,01/04/26,02:00,8:00 pm ET,0022501102,,,,,false,Toyota Center,Houston,TX,,1610612745,1610612752,Rockets,Knicks,Houston,New York,HOU,NYK,0,0,2026-04-01T00:00:00Z
2025-26,01/04/26,04:30,10:30 pm ET,0022501103,,,,,false,Crypto.com Arena,Los Angeles,CA,,1610612747,1610612739,Lakers,Cavaliers,Los Angeles,Cleveland,LAL,CLE,0,0,2026-04-01T02:30:00Z
2025-26,01/04/26,05:00,11:00 pm ET,0022501104,,,,,false,Intuit Dome,Inglewood,CA,,1610612746,1610612757,Clippers,Trail Blazers,LA,Portland,LAC,POR,0,0,2026-04-01T03:00:00Z
2025-26,02/04/26,01:00,7:00 pm ET,0022501105,,,,,false,Capital One Arena,Washington,DC,,1610612764,1610612755,Wizards,76ers,Washington,Philadelphia,WAS,PHI,0,0,2026-04-01T23:00:00Z
2025-26,02/04/26,01:30,7:30 pm ET,0022501106,,,,,false,Kaseya Center,Miami,FL,,1610612748,1610612738,Heat,Celtics,Miami,Boston,MIA,BOS,0,0,2026-04-01T23:30:00Z
2025-26,02/04/26,01:30,7:30 pm ET,0022501107,,,,,false,Kia Center,Orlando,FL,,1610612753,1610612737,Magic,Hawks,Orlando,Atlanta,ORL,ATL,0,0,2026-04-01T23:30:00Z
2025-26,02/04/26,02:00,8:00 pm ET,0022501108,,,,,false,Scotiabank Arena,Toronto,ON,,1610612761,1610612758,Raptors,Kings,Toronto,Sacramento,TOR,SAC,0,0,2026-04-02T00:00:00Z
2025-26,02/04/26,02:00,8:00 pm ET,0022501109,,,,,false,United Center,Chicago,IL,,1610612741,1610612754,Bulls,Pacers,Chicago,Indiana,CHI,IND,0,0,2026-04-02T00:00:00Z
2025-26,02/04/26,02:00,8:00 pm ET,0022501110,,,,,false,Toyota Center,Houston,TX,,1610612745,1610612749,Rockets,Bucks,Houston,Milwaukee,HOU,MIL,0,0,2026-04-02T00:00:00Z
2025-26,02/04/26,02:00,8:00 pm ET,0022501111,,,,,false,FedExForum,Memphis,TN,,1610612763,1610612742,Grizzlies,Mavericks,Memphis,Dallas,MEM,DAL,0,0,2026-04-02T00:00:00Z
2025-26,02/04/26,03:00,9:00 pm ET,0022501112,,,,,false,Delta Center,Salt Lake City,UT,,1610612762,1610612743,Jazz,Nuggets,Utah,Denver,UTA,DEN,0,0,2026-04-02T01:00:00Z
2025-26,02/04/26,04:00,10:00 pm ET,0022501113,,,,,false,Chase Center,San Francisco,CA,,1610612744,1610612759,Warriors,Spurs,Golden State,San Antonio,GSW,SAS,0,0,2026-04-02T02:00:00Z
2025-26,03/04/26,01:00,7:00 pm ET,0022501114,,,,,false,Spectrum Center,Charlotte,NC,,1610612766,1610612756,Hornets,Suns,Charlotte,Phoenix,CHA,PHX,0,0,2026-04-02T23:00:00Z
2025-26,03/04/26,01:00,7:00 pm ET,0022501115,,,,,false,Little Caesars Arena,Detroit,MI,,1610612765,1610612750,Pistons,Timberwolves,Detroit,Minnesota,DET,MIN,0,0,2026-04-02T23:00:00Z
2025-26,03/04/26,01:30,7:30 pm ET,0022501116,,,,,false,Paycom Center,Oklahoma City,OK,,1610612760,1610612747,Thunder,Lakers,Oklahoma City,Los Angeles,OKC,LAL,0,0,2026-04-02T23:30:00Z
2025-26,03/04/26,04:00,10:00 pm ET,0022501117,,,,,false,Chase Center,San Francisco,CA,,1610612744,1610612739,Warriors,Cavaliers,Golden State,Cleveland,GSW,CLE,0,0,2026-04-03T02:00:00Z
2025-26,03/04/26,04:00,10:00 pm ET,0022501118,,,,,false,Moda Center,Portland,OR,,1610612757,1610612740,Trail Blazers,Pelicans,Portland,New Orleans,POR,NOP,0,0,2026-04-03T02:00:00Z
2025-26,03/04/26,04:30,10:30 pm ET,0022501119,,,,,false,Intuit Dome,Inglewood,CA,,1610612746,1610612759,Clippers,Spurs,LA,San Antonio,LAC,SAS,0,0,2026-04-03T02:30:00Z
2025-26,04/04/26,01:00,7:00 pm ET,0022501120,,,,,false,Spectrum Center,Charlotte,NC,,1610612766,1610612754,Hornets,Pacers,Charlotte,Indiana,CHA,IND,0,0,2026-04-03T23:00:00Z
2025-26,04/04/26,01:00,7:00 pm ET,0022501121,,,,,false,Xfinity Mobile Arena,Philadelphia,PA,,1610612755,1610612750,76ers,Timberwolves,Philadelphia,Minnesota,PHI,MIN,0,0,2026-04-03T23:00:00Z
2025-26,04/04/26,01:30,7:30 pm ET,0022501122,,,,,false,Barclays Center,Brooklyn,NY,,1610612751,1610612737,Nets,Hawks,Brooklyn,Atlanta,BKN,ATL,0,0,2026-04-03T23:30:00Z
2025-26,04/04/26,01:30,7:30 pm ET,0022501123,,,,,false,Madison Square Garden,New York,NY,,1610612752,1610612741,Knicks,Bulls,New York,Chicago,NYK,CHI,0,0,2026-04-03T23:30:00Z
2025-26,04/04/26,02:00,8:00 pm ET,0022501124,,,,,false,Toyota Center,Houston,TX,,1610612745,1610612762,Rockets,Jazz,Houston,Utah,HOU,UTA,0,0,2026-04-04T00:00:00Z
2025-26,04/04/26,02:00,8:00 pm ET,0022501125,,,,,false,FedExForum,Memphis,TN,,1610612763,1610612761,Grizzlies,Raptors,Memphis,Toronto,MEM,TOR,0,0,2026-04-04T00:00:00Z
2025-26,04/04/26,02:00,8:00 pm ET,0022501126,,,,,false,Fiserv Forum,Milwaukee,WI,,1610612749,1610612738,Bucks,Celtics,Milwaukee,Boston,MIL,BOS,0,0,2026-04-04T00:00:00Z
2025-26,04/04/26,02:30,8:30 pm ET,0022501127,,,,,false,American Airlines Center,Dallas,TX,,1610612742,1610612753,Mavericks,Magic,Dallas,Orlando,DAL,ORL,0,0,2026-04-04T00:30:00Z
2025-26,04/04/26,04:00,10:00 pm ET,0022501128,,,,,false,Golden 1 Center,Sacramento,CA,,1610612758,1610612740,Kings,Pelicans,Sacramento,New Orleans,SAC,NOP,0,0,2026-04-04T02:00:00Z
2025-26,04/04/26,21:00,3:00 pm ET,0022501129,,,,,false,Kaseya Center,Miami,FL,,1610612748,1610612764,Heat,Wizards,Miami,Washington,MIA,WAS,0,0,2026-04-04T19:00:00Z
2025-26,04/04/26,21:00,3:00 pm ET,0022501130,,,,,false,Ball Arena,Denver,CO,,1610612743,1610612759,Nuggets,Spurs,Denver,San Antonio,DEN,SAS,0,0,2026-04-04T19:00:00Z
2025-26,05/04/26,01:00,7:00 pm ET,0022501131,,,,,false,Xfinity Mobile Arena,Philadelphia,PA,,1610612755,1610612765,76ers,Pistons,Philadelphia,Detroit,PHI,DET,0,0,2026-04-04T23:00:00Z
2025-26,05/04/26,21:30,3:30 pm ET,0022501132,,,,,false,TD Garden,Boston,MA,,1610612738,1610612761,Celtics,Raptors,Boston,Toronto,BOS,TOR,0,0,2026-04-05T19:30:00Z
2025-26,05/04/26,21:30,3:30 pm ET,0022501133,,,,,false,Barclays Center,Brooklyn,NY,,1610612751,1610612764,Nets,Wizards,Brooklyn,Washington,BKN,WAS,0,0,2026-04-05T19:30:00Z
2025-26,05/04/26,21:30,3:30 pm ET,0022501134,,,,,false,United Center,Chicago,IL,,1610612741,1610612756,Bulls,Suns,Chicago,Phoenix,CHI,PHX,0,0,2026-04-05T19:30:00Z
2025-26,05/04/26,21:30,3:30 pm ET,0022501135,,,,,false,Fiserv Forum,Milwaukee,WI,,1610612749,1610612763,Bucks,Grizzlies,Milwaukee,Memphis,MIL,MEM,0,0,2026-04-05T19:30:00Z
2025-26,06/04/26,00:00,6:00 pm ET,0022501136,,,,,false,Rocket Arena,Cleveland,OH,,1610612739,1610612754,Cavaliers,Pacers,Cleveland,Indiana,CLE,IND,0,0,2026-04-05T22:00:00Z
2025-26,06/04/26,01:00,7:00 pm ET,0022501137,,,,,false,Target Center,Minneapolis,MN,,1610612750,1610612766,Timberwolves,Hornets,Minnesota,Charlotte,MIN,CHA,0,0,2026-04-05T23:00:00Z
2025-26,06/04/26,01:00,7:00 pm ET,0022501138,,,,,false,Smoothie King Center,New Orleans,LA,,1610612740,1610612753,Pelicans,Magic,New Orleans,Orlando,NOP,ORL,0,0,2026-04-05T23:00:00Z
2025-26,06/04/26,01:00,7:00 pm ET,0022501139,,,,,false,Paycom Center,Oklahoma City,OK,,1610612760,1610612762,Thunder,Jazz,Oklahoma City,Utah,OKC,UTA,0,0,2026-04-05T23:00:00Z
2025-26,06/04/26,01:30,7:30 pm ET,0022501140,,,,,false,American Airlines Center,Dallas,TX,,1610612742,1610612747,Mavericks,Lakers,Dallas,Los Angeles,DAL,LAL,0,0,2026-04-05T23:30:00Z
2025-26,06/04/26,03:00,9:00 pm ET,0022501141,,,,,false,Golden 1 Center,Sacramento,CA,,1610612758,1610612746,Kings,Clippers,Sacramento,LA,SAC,LAC,0,0,2026-04-06T01:00:00Z
2025-26,06/04/26,04:00,10:00 pm ET,0022501142,,,,,false,Chase Center,San Francisco,CA,,1610612744,1610612745,Warriors,Rockets,Golden State,Houston,GSW,HOU,0,0,2026-04-06T02:00:00Z
2025-26,07/04/26,01:00,7:00 pm ET,0022501143,,,,,false,State Farm Arena,Atlanta,GA,,1610612737,1610612752,Hawks,Knicks,Atlanta,New York,ATL,NYK,0,0,2026-04-06T23:00:00Z
2025-26,07/04/26,01:00,7:00 pm ET,0022501144,,,,,false,Kia Center,Orlando,FL,,1610612753,1610612765,Magic,Pistons,Orlando,Detroit,ORL,DET,0,0,2026-04-06T23:00:00Z
2025-26,07/04/26,02:00,8:00 pm ET,0022501145,,,,,false,FedExForum,Memphis,TN,,1610612763,1610612739,Grizzlies,Cavaliers,Memphis,Cleveland,MEM,CLE,0,0,2026-04-07T00:00:00Z
2025-26,07/04/26,02:00,8:00 pm ET,0022501146,,,,,false,Frost Bank Center,San Antonio,TX,,1610612759,1610612755,Spurs,76ers,San Antonio,Philadelphia,SAS,PHI,0,0,2026-04-07T00:00:00Z
2025-26,07/04/26,03:00,9:00 pm ET,0022501147,,,,,false,Ball Arena,Denver,CO,,1610612743,1610612757,Nuggets,Trail Blazers,Denver,Portland,DEN,POR,0,0,2026-04-07T01:00:00Z
2025-26,08/04/26,01:00,7:00 pm ET,0022501148,,,,,false,Capital One Arena,Washington,DC,,1610612764,1610612741,Wizards,Bulls,Washington,Chicago,WAS,CHI,0,0,2026-04-07T23:00:00Z
2025-26,08/04/26,01:30,7:30 pm ET,0022501149,,,,,false,TD Garden,Boston,MA,,1610612738,1610612766,Celtics,Hornets,Boston,Charlotte,BOS,CHA,0,0,2026-04-07T23:30:00Z
2025-26,08/04/26,01:30,7:30 pm ET,0022501150,,,,,false,Barclays Center,Brooklyn,NY,,1610612751,1610612749,Nets,Bucks,Brooklyn,Milwaukee,BKN,MIL,0,0,2026-04-07T23:30:00Z
2025-26,08/04/26,01:30,7:30 pm ET,0022501151,,,,,false,Scotiabank Arena,Toronto,ON,,1610612761,1610612748,Raptors,Heat,Toronto,Miami,TOR,MIA,0,0,2026-04-07T23:30:00Z
2025-26,08/04/26,02:00,8:00 pm ET,0022501152,,,,,false,Gainbridge Fieldhouse,Indianapolis,IN,,1610612754,1610612750,Pacers,Timberwolves,Indiana,Minnesota,IND,MIN,0,0,2026-04-08T00:00:00Z
2025-26,08/04/26,02:00,8:00 pm ET,0022501153,,,,,false,Smoothie King Center,New Orleans,LA,,1610612740,1610612762,Pelicans,Jazz,New Orleans,Utah,NOP,UTA,0,0,2026-04-08T00:00:00Z
2025-26,08/04/26,04:00,10:00 pm ET,0022501154,,,,,false,Chase Center,San Francisco,CA,,1610612744,1610612758,Warriors,Kings,Golden State,Sacramento,GSW,SAC,0,0,2026-04-08T02:00:00Z
2025-26,08/04/26,04:30,10:30 pm ET,0022501155,,,,,false,Crypto.com Arena,Los Angeles,CA,,1610612747,1610612760,Lakers,Thunder,Los Angeles,Oklahoma City,LAL,OKC,0,0,2026-04-08T02:30:00Z
2025-26,08/04/26,04:30,10:30 pm ET,0022501156,,,,,false,Intuit Dome,Inglewood,CA,,1610612746,1610612742,Clippers,Mavericks,LA,Dallas,LAC,DAL,0,0,2026-04-08T02:30:00Z
2025-26,08/04/26,05:00,11:00 pm ET,0022501157,,,,,false,Mortgage Matchup Center,Phoenix,AZ,,1610612756,1610612745,Suns,Rockets,Phoenix,Houston,PHX,HOU,0,0,2026-04-08T03:00:00Z
2025-26,09/04/26,01:00,7:00 pm ET,0022501158,,,,,false,Rocket Arena,Cleveland,OH,,1610612739,1610612737,Cavaliers,Hawks,Cleveland,Atlanta,CLE,ATL,0,0,2026-04-08T23:00:00Z
2025-26,09/04/26,01:00,7:00 pm ET,0022501159,,,,,false,Kia Center,Orlando,FL,,1610612753,1610612750,Magic,Timberwolves,Orlando,Minnesota,ORL,MIN,0,0,2026-04-08T23:00:00Z
2025-26,09/04/26,01:30,7:30 pm ET,0022501160,,,,,false,Little Caesars Arena,Detroit,MI,,1610612765,1610612749,Pistons,Bucks,Detroit,Milwaukee,DET,MIL,0,0,2026-04-08T23:30:00Z
2025-26,09/04/26,02:00,8:00 pm ET,0022501161,,,,,false,Frost Bank Center,San Antonio,TX,,1610612759,1610612757,Spurs,Trail Blazers,San Antonio,Portland,SAS,POR,0,0,2026-04-09T00:00:00Z
2025-26,09/04/26,03:00,9:00 pm ET,0022501162,,,,,false,Ball Arena,Denver,CO,,1610612743,1610612763,Nuggets,Grizzlies,Denver,Memphis,DEN,MEM,0,0,2026-04-09T01:00:00Z
2025-26,09/04/26,04:00,10:00 pm ET,0022501163,,,,,false,Intuit Dome,Inglewood,CA,,1610612746,1610612760,Clippers,Thunder,LA,Oklahoma City,LAC,OKC,0,0,2026-04-09T02:00:00Z
2025-26,09/04/26,04:00,10:00 pm ET,0022501164,,,,,false,Mortgage Matchup Center,Phoenix,AZ,,1610612756,1610612742,Suns,Mavericks,Phoenix,Dallas,PHX,DAL,0,0,2026-04-09T02:00:00Z
2025-26,10/04/26,01:00,7:00 pm ET,0022501165,,,,,false,Scotiabank Arena,Toronto,ON,,1610612761,1610612748,Raptors,Heat,Toronto,Miami,TOR,MIA,0,0,2026-04-09T23:00:00Z
2025-26,10/04/26,01:00,7:00 pm ET,0022501166,,,,,false,Capital One Arena,Washington,DC,,1610612764,1610612741,Wizards,Bulls,Washington,Chicago,WAS,CHI,0,0,2026-04-09T23:00:00Z
2025-26,10/04/26,01:30,7:30 pm ET,0022501167,,,,,false,Barclays Center,Brooklyn,NY,,1610612751,1610612754,Nets,Pacers,Brooklyn,Indiana,BKN,IND,0,0,2026-04-09T23:30:00Z
2025-26,10/04/26,01:30,7:30 pm ET,0022501168,,,,,false,Madison Square Garden,New York,NY,,1610612752,1610612738,Knicks,Celtics,New York,Boston,NYK,BOS,0,0,2026-04-09T23:30:00Z
2025-26,10/04/26,02:00,8:00 pm ET,0022501169,,,,,false,Toyota Center,Houston,TX,,1610612745,1610612755,Rockets,76ers,Houston,Philadelphia,HOU,PHI,0,0,2026-04-10T00:00:00Z
2025-26,10/04/26,04:00,10:00 pm ET,0022501170,,,,,false,Chase Center,San Francisco,CA,,1610612744,1610612747,Warriors,Lakers,Golden State,Los Angeles,GSW,LAL,0,0,2026-04-10T02:00:00Z
2025-26,11/04/26,01:00,7:00 pm ET,0022501171,,,,,false,Spectrum Center,Charlotte,NC,,1610612766,1610612765,Hornets,Pistons,Charlotte,Detroit,CHA,DET,0,0,2026-04-10T23:00:00Z
2025-26,11/04/26,01:00,7:00 pm ET,0022501172,,,,,false,Capital One Arena,Washington,DC,,1610612764,1610612748,Wizards,Heat,Washington,Miami,WAS,MIA,0,0,2026-04-10T23:00:00Z
2025-26,11/04/26,01:30,7:30 pm ET,0022501173,,,,,false,State Farm Arena,Atlanta,GA,,1610612737,1610612739,Hawks,Cavaliers,Atlanta,Cleveland,ATL,CLE,0,0,2026-04-10T23:30:00Z
2025-26,11/04/26,01:30,7:30 pm ET,0022501174,,,,,false,TD Garden,Boston,MA,,1610612738,1610612740,Celtics,Pelicans,Boston,New Orleans,BOS,NOP,0,0,2026-04-10T23:30:00Z
2025-26,11/04/26,01:30,7:30 pm ET,0022501175,,,,,false,Gainbridge Fieldhouse,Indianapolis,IN,,1610612754,1610612755,Pacers,76ers,Indiana,Philadelphia,IND,PHI,0,0,2026-04-10T23:30:00Z
2025-26,11/04/26,01:30,7:30 pm ET,0022501176,,,,,false,Madison Square Garden,New York,NY,,1610612752,1610612761,Knicks,Raptors,New York,Toronto,NYK,TOR,0,0,2026-04-10T23:30:00Z
2025-26,11/04/26,02:00,8:00 pm ET,0022501177,,,,,false,United Center,Chicago,IL,,1610612741,1610612753,Bulls,Magic,Chicago,Orlando,CHI,ORL,0,0,2026-04-11T00:00:00Z
2025-26,11/04/26,02:00,8:00 pm ET,0022501178,,,,,false,Toyota Center,Houston,TX,,1610612745,1610612750,Rockets,Timberwolves,Houston,Minnesota,HOU,MIN,0,0,2026-04-11T00:00:00Z
2025-26,11/04/26,02:00,8:00 pm ET,0022501179,,,,,false,Fiserv Forum,Milwaukee,WI,,1610612749,1610612751,Bucks,Nets,Milwaukee,Brooklyn,MIL,BKN,0,0,2026-04-11T00:00:00Z
2025-26,11/04/26,02:00,8:00 pm ET,0022501180,,,,,false,Frost Bank Center,San Antonio,TX,,1610612759,1610612742,Spurs,Mavericks,San Antonio,Dallas,SAS,DAL,0,0,2026-04-11T00:00:00Z
2025-26,11/04/26,03:30,9:30 pm ET,0022501181,,,,,false,Delta Center,Salt Lake City,UT,,1610612762,1610612763,Jazz,Grizzlies,Utah,Memphis,UTA,MEM,0,0,2026-04-11T01:30:00Z
2025-26,11/04/26,04:00,10:00 pm ET,0022501182,,,,,false,Ball Arena,Denver,CO,,1610612743,1610612760,Nuggets,Thunder,Denver,Oklahoma City,DEN,OKC,0,0,2026-04-11T02:00:00Z
2025-26,11/04/26,04:00,10:00 pm ET,0022501183,,,,,false,Moda Center,Portland,OR,,1610612757,1610612746,Trail Blazers,Clippers,Portland,LA,POR,LAC,0,0,2026-04-11T02:00:00Z
2025-26,11/04/26,04:00,10:00 pm ET,0022501184,,,,,false,Golden 1 Center,Sacramento,CA,,1610612758,1610612744,Kings,Warriors,Sacramento,Golden State,SAC,GSW,0,0,2026-04-11T02:00:00Z
2025-26,11/04/26,04:30,10:30 pm ET,0022501185,,,,,false,Crypto.com Arena,Los Angeles,CA,,1610612747,1610612756,Lakers,Suns,Los Angeles,Phoenix,LAL,PHX,0,0,2026-04-11T02:30:00Z
2025-26,13/04/26,00:00,6:00 pm ET,0022501186,,,,,false,TD Garden,Boston,MA,,1610612738,1610612753,Celtics,Magic,Boston,Orlando,BOS,ORL,0,0,2026-04-12T22:00:00Z
2025-26,13/04/26,00:00,6:00 pm ET,0022501187,,,,,false,Rocket Arena,Cleveland,OH,,1610612739,1610612764,Cavaliers,Wizards,Cleveland,Washington,CLE,WAS,0,0,2026-04-12T22:00:00Z
2025-26,13/04/26,00:00,6:00 pm ET,0022501188,,,,,false,Gainbridge Fieldhouse,Indianapolis,IN,,1610612754,1610612765,Pacers,Pistons,Indiana,Detroit,IND,DET,0,0,2026-04-12T22:00:00Z
2025-26,13/04/26,00:00,6:00 pm ET,0022501189,,,,,false,Kaseya Center,Miami,FL,,1610612748,1610612737,Heat,Hawks,Miami,Atlanta,MIA,ATL,0,0,2026-04-12T22:00:00Z
2025-26,13/04/26,00:00,6:00 pm ET,0022501190,,,,,false,Madison Square Garden,New York,NY,,1610612752,1610612766,Knicks,Hornets,New York,Charlotte,NYK,CHA,0,0,2026-04-12T22:00:00Z
2025-26,13/04/26,00:00,6:00 pm ET,0022501191,,,,,false,Xfinity Mobile Arena,Philadelphia,PA,,1610612755,1610612749,76ers,Bucks,Philadelphia,Milwaukee,PHI,MIL,0,0,2026-04-12T22:00:00Z
2025-26,13/04/26,00:00,6:00 pm ET,0022501192,,,,,false,Scotiabank Arena,Toronto,ON,,1610612761,1610612751,Raptors,Nets,Toronto,Brooklyn,TOR,BKN,0,0,2026-04-12T22:00:00Z
2025-26,13/04/26,02:30,8:30 pm ET,0022501193,,,,,false,American Airlines Center,Dallas,TX,,1610612742,1610612741,Mavericks,Bulls,Dallas,Chicago,DAL,CHI,0,0,2026-04-13T00:30:00Z
2025-26,13/04/26,02:30,8:30 pm ET,0022501194,,,,,false,Toyota Center,Houston,TX,,1610612745,1610612763,Rockets,Grizzlies,Houston,Memphis,HOU,MEM,0,0,2026-04-13T00:30:00Z
2025-26,13/04/26,02:30,8:30 pm ET,0022501195,,,,,false,Target Center,Minneapolis,MN,,1610612750,1610612740,Timberwolves,Pelicans,Minnesota,New Orleans,MIN,NOP,0,0,2026-04-13T00:30:00Z
2025-26,13/04/26,02:30,8:30 pm ET,0022501196,,,,,false,Paycom Center,Oklahoma City,OK,,1610612760,1610612756,Thunder,Suns,Oklahoma City,Phoenix,OKC,PHX,0,0,2026-04-13T00:30:00Z
2025-26,13/04/26,02:30,8:30 pm ET,0022501197,,,,,false,Frost Bank Center,San Antonio,TX,,1610612759,1610612743,Spurs,Nuggets,San Antonio,Denver,SAS,DEN,0,0,2026-04-13T00:30:00Z
2025-26,13/04/26,02:30,8:30 pm ET,0022501198,,,,,false,Crypto.com Arena,Los Angeles,CA,,1610612747,1610612762,Lakers,Jazz,Los Angeles,Utah,LAL,UTA,0,0,2026-04-13T00:30:00Z
2025-26,13/04/26,02:30,8:30 pm ET,0022501199,,,,,false,Intuit Dome,Inglewood,CA,,1610612746,1610612744,Clippers,Warriors,LA,Golden State,LAC,GSW,0,0,2026-04-13T00:30:00Z
2025-26,13/04/26,02:30,8:30 pm ET,0022501200,,,,,false,Moda Center,Portland,OR,,1610612757,1610612758,Trail Blazers,Kings,Portland,Sacramento,POR,SAC,0,0,2026-04-13T00:30:00Z
