Saison,Année,CONFERENCE,RANK,TEAM,TEAM_SLUG,TEAM_ID,WINS,LOSSES,PCT,DIV,CONF,HOME,AWAY,GB,GR_OVER_500,GR_OVER_500_HOME,GR_OVER_500_AWAY,GR_UNDER_500,GR_UNDER_500_HOME,GR_UNDER_500_AWAY,RANKING_CRITERIA,CLINCHED_PLAYOFFS,CLINCHED_CONFERENCE,CLINCHED_DIVISION,ELIMINATED_PLAYOFFS,SOSA_REMAINING,Clinched_Play_In,ReturnToPlay_East_PI_Flag,ReturnToPlay_Already_Eliminated,Seeding_Game_1_Outcome,Seeding_Game_2_Outcome,Seeding_Game_3_Outcome,Seeding_Game_4_Outcome,Seeding_Game_5_Outcome,Seeding_Game_6_Outcome,Seeding_Game_7_Outcome,Seeding_Game_8_Outcome,Seeding_Game_1_ID,Seeding_Game_2_ID,Seeding_Game_3_ID,Seeding_Game_4_ID,Seeding_Game_5_ID,Seeding_Game_6_ID,Seeding_Game_7_ID,Seeding_Game_8_ID,Seeding_Game_1_Opponent,Seeding_Game_2_Opponent,Seeding_Game_3_Opponent,Seeding_Game_4_Opponent,Seeding_Game_5_Opponent,Seeding_Game_6_Opponent,Seeding_Game_7_Opponent,Seeding_Game_8_Opponent,Seeding_Game_1_Label,Seeding_Game_2_Label,Seeding_Game_3_Label,Seeding_Game_4_Label,Seeding_Game_5_Label,Seeding_Game_6_Label,Seeding_Game_7_Label,Seeding_Game_8_Label,ReturnToPlay_West_PI_Flag
1970-1971,1971,East,1,,knicks,1610612752,52,30,0.634,10-6,25-13,32-9,20-21,0.0,,,,,,,,,,,,,,,,,,,,,,,,,,,,,,,,,,,,,,,,,,,,,,,,
1970-1971,1971,East,2,,bullets,1610612764,42,40,0.512,10-6,21-17,26-15,16-25,10.0,,,,,,,,,,,,,,,,,,,,,,,,,,,,,,,,,,,,,,,,,,,,,,,,
1970-1971,1971,East,3,,sixers,1610612755,47,35,0.573,10-6,23-15,26-15,21-20,5.0,,,,,,,,,,,,,,,,,,,,,,,,,,,,,,,,,,,,,,,,,,,,,,,,
1970-1971,1971,East,4,,hawks,1610612737,36,46,0.439,9-7,21-17,21-20,15-26,16.0,,,,,,,,,,,,,,,,,,,,,,,,,,,,,,,,,,,,,,,,,,,,,,,,
1970-1971,1971,East,5,,celtics,1610612738,44,38,0.537,8-8,22-16,26-14,18-24,8.0,,,,,,,,,,,,,,,,,,,,,,,,,,,,,,,,,,,,,,,,,,,,,,,,
1970-1971,1971,East,6,,royals,1610612758,33,49,0.402,12-6,21-19,21-16,12-33,19.0,,,,,,,,,,,,,,,,,,,,,,,,,,,,,,,,,,,,,,,,,,,,,,,,
1970-1971,1971,East,7,,braves,1610612746,22,60,0.268,2-10,9-27,16-26,6-34,30.0,,,,,,,,,,,,,,,,,,,,,,,,,,,,,,,,,,,,,,,,,,,,,,,,
1970-1971,1971,East,8,,cavaliers,1610612739,15,67,0.183,1-13,10-28,11-30,4-37,37.0,,,,,,,,,,,,,,,,,,,,,,,,,,,,,,,,,,,,,,,,,,,,,,,,
1971-1972,1972,East,1,,celtics,1610612738,56,26,0.683,15-3,30-8,33-9,23-17,0.0,,,,,,,,,,,,,,,,,,,,,,,,,,,,,,,,,,,,,,,,,,,,,,,,
1971-1972,1972,East,2,,bullets,1610612764,38,44,0.463,9-9,20-18,22-19,16-25,18.0,,,,,,,,,,,,,,,,,,,,,,,,,,,,,,,,,,,,,,,,,,,,,,,,
1971-1972,1972,East,3,,knicks,1610612752,48,34,0.585,11-7,23-15,27-14,21-20,8.0,,,,,,,,,,,,,,,,,,,,,,,,,,,,,,,,,,,,,,,,,,,,,,,,
1971-1972,1972,East,4,,hawks,1610612737,36,46,0.439,9-9,19-19,22-19,14-27,20.0,,,,,,,,,,,,,,,,,,,,,,,,,,,,,,,,,,,,,,,,,,,,,,,,
1971-1972,1972,East,5,,sixers,1610612755,30,52,0.366,6-12,15-23,16-25,14-27,26.0,,,,,,,,,,,,,,,,,,,,,,,,,,,,,,,,,,,,,,,,,,,,,,,,
1971-1972,1972,East,5,,royals,1610612758,30,52,0.366,11-9,20-20,22-18,8-34,26.0,,,,,,,,,,,,,,,,,,,,,,,,,,,,,,,,,,,,,,,,,,,,,,,,
1971-1972,1972,East,7,,cavaliers,1610612739,23,59,0.28,9-11,15-29,13-28,10-31,33.0,,,,,,,,,,,,,,,,,,,,,,,,,,,,,,,,,,,,,,,,,,,,,,,,
1971-1972,1972,East,8,,braves,1610612746,22,60,0.268,4-14,16-26,14-27,8-33,34.0,,,,,,,,,,,,,,,,,,,,,,,,,,,,,,,,,,,,,,,,,,,,,,,,
1972-1973,1973,East,1,,celtics,1610612738,68,14,0.829,18-4,38-8,35-6,33-8,0.0,,,,,,,,,,,,,,,,,,,,,,,,,,,,,,,,,,,,,,,,,,,,,,,,
1972-1973,1973,East,2,,bullets,1610612764,52,30,0.634,17-5,31-15,29-12,23-18,16.0,,,,,,,,,,,,,,,,,,,,,,,,,,,,,,,,,,,,,,,,,,,,,,,,
1972-1973,1973,East,3,,knicks,1610612752,57,25,0.695,16-6,33-13,35-6,22-19,11.0,,,,,,,,,,,,,,,,,,,,,,,,,,,,,,,,,,,,,,,,,,,,,,,,
1972-1973,1973,East,4,,hawks,1610612737,46,36,0.561,10-12,25-21,28-13,18-23,22.0,,,,,,,,,,,,,,,,,,,,,,,,,,,,,,,,,,,,,,,,,,,,,,,,
1972-1973,1973,East,5,,rockets,1610612745,33,49,0.402,9-13,21-25,21-20,12-29,35.0,,,,,,,,,,,,,,,,,,,,,,,,,,,,,,,,,,,,,,,,,,,,,,,,
1972-1973,1973,East,6,,cavaliers,1610612739,32,50,0.39,8-14,20-26,20-21,12-29,36.0,,,,,,,,,,,,,,,,,,,,,,,,,,,,,,,,,,,,,,,,,,,,,,,,
1972-1973,1973,East,7,,braves,1610612746,21,61,0.256,8-14,12-34,14-27,7-34,47.0,,,,,,,,,,,,,,,,,,,,,,,,,,,,,,,,,,,,,,,,,,,,,,,,
1972-1973,1973,East,8,,sixers,1610612755,9,73,0.11,2-20,4-42,6-35,3-38,59.0,,,,,,,,,,,,,,,,,,,,,,,,,,,,,,,,,,,,,,,,,,,,,,,,
1973-1974,1974,East,1,,celtics,1610612738,56,26,0.683,17-5,32-14,34-6,22-20,0.0,,,,,,,,,,,,,,,,,,,,,,,,,,,,,,,,,,,,,,,,,,,,,,,,
1973-1974,1974,East,2,,bullets,1610612764,47,35,0.573,14-8,28-18,32-10,15-25,9.0,,,,,,,,,,,,,,,,,,,,,,,,,,,,,,,,,,,,,,,,,,,,,,,,
1973-1974,1974,East,3,,knicks,1610612752,49,33,0.598,10-12,25-21,28-13,21-20,7.0,,,,,,,,,,,,,,,,,,,,,,,,,,,,,,,,,,,,,,,,,,,,,,,,
1973-1974,1974,East,4,,braves,1610612746,42,40,0.512,12-10,28-18,25-13,17-27,14.0,,,,,,,,,,,,,,,,,,,,,,,,,,,,,,,,,,,,,,,,,,,,,,,,
1973-1974,1974,East,5,,hawks,1610612737,35,47,0.427,13-9,20-26,23-18,12-29,21.0,,,,,,,,,,,,,,,,,,,,,,,,,,,,,,,,,,,,,,,,,,,,,,,,
1973-1974,1974,East,6,,rockets,1610612745,32,50,0.39,9-13,21-25,19-23,13-27,24.0,,,,,,,,,,,,,,,,,,,,,,,,,,,,,,,,,,,,,,,,,,,,,,,,
1973-1974,1974,East,7,,cavaliers,1610612739,29,53,0.354,8-14,17-29,18-23,11-30,27.0,,,,,,,,,,,,,,,,,,,,,,,,,,,,,,,,,,,,,,,,,,,,,,,,
1973-1974,1974,East,8,,sixers,1610612755,25,57,0.305,5-17,13-33,16-25,9-32,31.0,,,,,,,,,,,,,,,,,,,,,,,,,,,,,,,,,,,,,,,,,,,,,,,,
1974-1975,1975,East,1,,celtics,1610612738,60,22,0.732,17-9,34-12,28-13,32-9,0.0,,,,,,,,,,,,,,,,,,,,,,,,,,,,,,,,,,,,,,,,,,,,,,,,
1974-1975,1975,East,1,,bullets,1610612764,60,22,0.732,22-8,32-14,36-5,24-17,0.0,,,,,,,,,,,,,,,,,,,,,,,,,,,,,,,,,,,,,,,,,,,,,,,,
1974-1975,1975,East,3,,braves,1610612746,49,33,0.598,15-11,29-17,30-11,19-22,11.0,,,,,,,,,,,,,,,,,,,,,,,,,,,,,,,,,,,,,,,,,,,,,,,,
1974-1975,1975,East,4,,rockets,1610612745,41,41,0.5,15-15,20-26,28-12,12-30,19.0,,,,,,,,,,,,,,,,,,,,,,,,,,,,,,,,,,,,,,,,,,,,,,,,
1974-1975,1975,East,5,,cavaliers,1610612739,40,42,0.488,18-12,24-22,30-12,11-29,20.0,,,,,,,,,,,,,,,,,,,,,,,,,,,,,,,,,,,,,,,,,,,,,,,,
1974-1975,1975,East,5,,knicks,1610612752,40,42,0.488,9-17,22-24,23-18,17-24,20.0,,,,,,,,,,,,,,,,,,,,,,,,,,,,,,,,,,,,,,,,,,,,,,,,
1974-1975,1975,East,7,,sixers,1610612755,34,48,0.415,11-15,19-27,20-21,14-27,26.0,,,,,,,,,,,,,,,,,,,,,,,,,,,,,,,,,,,,,,,,,,,,,,,,
1974-1975,1975,East,8,,hawks,1610612737,31,51,0.378,11-19,14-32,22-19,9-32,29.0,,,,,,,,,,,,,,,,,,,,,,,,,,,,,,,,,,,,,,,,,,,,,,,,
1974-1975,1975,East,9,,jazz,1610612762,23,59,0.28,9-21,13-33,20-21,3-38,37.0,,,,,,,,,,,,,,,,,,,,,,,,,,,,,,,,,,,,,,,,,,,,,,,,
1975-1976,1976,East,1,,celtics,1610612738,54,28,0.659,13-8,30-16,31-10,23-18,0.0,,,,,,,,,,,,,,,,,,,,,,,,,,,,,,,,,,,,,,,,,,,,,,,,
1975-1976,1976,East,2,,cavaliers,1610612739,49,33,0.598,15-11,25-21,29-12,20-21,5.0,,,,,,,,,,,,,,,,,,,,,,,,,,,,,,,,,,,,,,,,,,,,,,,,
1975-1976,1976,East,3,,bullets,1610612764,48,34,0.585,14-12,24-22,31-10,17-24,6.0,,,,,,,,,,,,,,,,,,,,,,,,,,,,,,,,,,,,,,,,,,,,,,,,
1975-1976,1976,East,4,,braves,1610612746,46,36,0.561,10-11,25-21,28-14,18-22,8.0,,,,,,,,,,,,,,,,,,,,,,,,,,,,,,,,,,,,,,,,,,,,,,,,
1975-1976,1976,East,4,,sixers,1610612755,46,36,0.561,9-12,22-24,34-7,12-29,8.0,,,,,,,,,,,,,,,,,,,,,,,,,,,,,,,,,,,,,,,,,,,,,,,,
1975-1976,1976,East,6,,rockets,1610612745,40,42,0.488,14-12,23-23,27-13,13-29,14.0,,,,,,,,,,,,,,,,,,,,,,,,,,,,,,,,,,,,,,,,,,,,,,,,
1975-1976,1976,East,7,,knicks,1610612752,38,44,0.463,10-11,22-24,24-17,14-27,16.0,,,,,,,,,,,,,,,,,,,,,,,,,,,,,,,,,,,,,,,,,,,,,,,,
1975-1976,1976,East,7,,jazz,1610612762,38,44,0.463,15-11,20-26,22-19,16-25,16.0,,,,,,,,,,,,,,,,,,,,,,,,,,,,,,,,,,,,,,,,,,,,,,,,
1975-1976,1976,East,9,,hawks,1610612737,29,53,0.354,7-19,16-30,20-21,9-32,25.0,,,,,,,,,,,,,,,,,,,,,,,,,,,,,,,,,,,,,,,,,,,,,,,,
1976-1977,1977,East,1,,sixers,1610612755,50,32,0.61,11-5,28-12,32-9,18-23,0.0,,,,,,,,,,,,,,,,,,,,,,,,,,,,,,,,,,,,,,,,,,,,,,,,
1976-1977,1977,East,2,,rockets,1610612745,49,33,0.598,13-7,23-17,34-7,15-26,1.0,,,,,,,,,,,,,,,,,,,,,,,,,,,,,,,,,,,,,,,,,,,,,,,,
1976-1977,1977,East,3,,bullets,1610612764,48,34,0.585,11-9,25-15,32-9,16-25,2.0,,,,,,,,,,,,,,,,,,,,,,,,,,,,,,,,,,,,,,,,,,,,,,,,
1976-1977,1977,East,4,,celtics,1610612738,44,38,0.537,9-7,22-18,28-13,16-25,6.0,,,,,,,,,,,,,,,,,,,,,,,,,,,,,,,,,,,,,,,,,,,,,,,,
1976-1977,1977,East,4,,spurs,1610612759,44,38,0.537,9-11,22-18,31-10,13-28,6.0,,,,,,,,,,,,,,,,,,,,,,,,,,,,,,,,,,,,,,,,,,,,,,,,
1976-1977,1977,East,6,,cavaliers,1610612739,43,39,0.524,8-12,19-21,29-12,14-27,7.0,,,,,,,,,,,,,,,,,,,,,,,,,,,,,,,,,,,,,,,,,,,,,,,,
1976-1977,1977,East,7,,knicks,1610612752,40,42,0.488,8-8,19-21,26-15,14-27,10.0,,,,,,,,,,,,,,,,,,,,,,,,,,,,,,,,,,,,,,,,,,,,,,,,
1976-1977,1977,East,8,,jazz,1610612762,35,47,0.427,10-10,18-22,26-15,9-32,15.0,,,,,,,,,,,,,,,,,,,,,,,,,,,,,,,,,,,,,,,,,,,,,,,,
1976-1977,1977,East,9,,hawks,1610612737,31,51,0.378,9-11,18-22,19-22,12-29,19.0,,,,,,,,,,,,,,,,,,,,,,,,,,,,,,,,,,,,,,,,,,,,,,,,
1976-1977,1977,East,10,,braves,1610612746,30,52,0.366,6-10,12-28,23-18,7-34,20.0,,,,,,,,,,,,,,,,,,,,,,,,,,,,,,,,,,,,,,,,,,,,,,,,
1976-1977,1977,East,11,,nets,1610612751,22,60,0.268,6-10,14-26,10-31,12-29,28.0,,,,,,,,,,,,,,,,,,,,,,,,,,,,,,,,,,,,,,,,,,,,,,,,
1977-1978,1978,East,1,,sixers,1610612755,55,27,0.671,14-2,28-12,37-4,18-23,0.0,,,,,,,,,,,,,,,,,,,,,,,,,,,,,,,,,,,,,,,,,,,,,,,,
1977-1978,1978,East,2,,spurs,1610612759,52,30,0.634,15-5,29-11,32-9,20-21,3.0,,,,,,,,,,,,,,,,,,,,,,,,,,,,,,,,,,,,,,,,,,,,,,,,
1977-1978,1978,East,3,,bullets,1610612764,44,38,0.537,14-6,26-14,29-12,15-26,11.0,,,,,,,,,,,,,,,,,,,,,,,,,,,,,,,,,,,,,,,,,,,,,,,,
1977-1978,1978,East,4,,cavaliers,1610612739,43,39,0.524,9-11,22-18,27-14,16-25,12.0,,,,,,,,,,,,,,,,,,,,,,,,,,,,,,,,,,,,,,,,,,,,,,,,
1977-1978,1978,East,4,,knicks,1610612752,43,39,0.524,7-9,19-21,29-12,14-27,12.0,,,,,,,,,,,,,,,,,,,,,,,,,,,,,,,,,,,,,,,,,,,,,,,,
1977-1978,1978,East,6,,hawks,1610612737,41,41,0.5,8-12,20-20,29-12,12-29,14.0,,,,,,,,,,,,,,,,,,,,,,,,,,,,,,,,,,,,,,,,,,,,,,,,
1977-1978,1978,East,7,,jazz,1610612762,39,43,0.476,8-12,19-21,27-14,12-29,16.0,,,,,,,,,,,,,,,,,,,,,,,,,,,,,,,,,,,,,,,,,,,,,,,,
1977-1978,1978,East,8,,celtics,1610612738,32,50,0.39,8-8,16-24,24-17,8-33,23.0,,,,,,,,,,,,,,,,,,,,,,,,,,,,,,,,,,,,,,,,,,,,,,,,
1977-1978,1978,East,9,,rockets,1610612745,28,54,0.341,6-14,15-25,21-20,7-34,27.0,,,,,,,,,,,,,,,,,,,,,,,,,,,,,,,,,,,,,,,,,,,,,,,,
1977-1978,1978,East,10,,braves,1610612746,27,55,0.329,7-9,16-24,20-21,7-34,28.0,,,,,,,,,,,,,,,,,,,,,,,,,,,,,,,,,,,,,,,,,,,,,,,,
1977-1978,1978,East,11,,nets,1610612751,24,58,0.293,4-12,10-30,18-23,6-35,31.0,,,,,,,,,,,,,,,,,,,,,,,,,,,,,,,,,,,,,,,,,,,,,,,,
1978-1979,1979,East,1,,bullets,1610612764,54,28,0.659,11-5,29-11,31-10,23-18,0.0,,,,,,,,,,,,,,,,,,,,,,,,,,,,,,,,,,,,,,,,,,,,,,,,
1978-1979,1979,East,2,,spurs,1610612759,48,34,0.585,11-9,24-16,29-12,19-22,6.0,,,,,,,,,,,,,,,,,,,,,,,,,,,,,,,,,,,,,,,,,,,,,,,,
1978-1979,1979,East,3,,rockets,1610612745,47,35,0.573,12-8,24-16,30-11,17-24,7.0,,,,,,,,,,,,,,,,,,,,,,,,,,,,,,,,,,,,,,,,,,,,,,,,
1978-1979,1979,East,3,,sixers,1610612755,47,35,0.573,9-7,25-15,31-10,16-25,7.0,,,,,,,,,,,,,,,,,,,,,,,,,,,,,,,,,,,,,,,,,,,,,,,,
1978-1979,1979,East,5,,hawks,1610612737,46,36,0.561,14-6,24-16,34-7,12-29,8.0,,,,,,,,,,,,,,,,,,,,,,,,,,,,,,,,,,,,,,,,,,,,,,,,
1978-1979,1979,East,6,,nets,1610612751,37,45,0.451,7-9,18-22,25-16,12-29,17.0,,,,,,,,,,,,,,,,,,,,,,,,,,,,,,,,,,,,,,,,,,,,,,,,
1978-1979,1979,East,7,,knicks,1610612752,31,51,0.378,7-9,17-23,23-18,8-33,23.0,,,,,,,,,,,,,,,,,,,,,,,,,,,,,,,,,,,,,,,,,,,,,,,,
1978-1979,1979,East,8,,cavaliers,1610612739,30,52,0.366,6-14,15-25,20-21,10-31,24.0,,,,,,,,,,,,,,,,,,,,,,,,,,,,,,,,,,,,,,,,,,,,,,,,
1978-1979,1979,East,8,,pistons,1610612765,30,52,0.366,9-11,14-26,22-19,8-33,24.0,,,,,,,,,,,,,,,,,,,,,,,,,,,,,,,,,,,,,,,,,,,,,,,,
1978-1979,1979,East,10,,celtics,1610612738,29,53,0.354,6-10,15-25,21-20,8-33,25.0,,,,,,,,,,,,,,,,,,,,,,,,,,,,,,,,,,,,,,,,,,,,,,,,
1978-1979,1979,East,11,,jazz,1610612762,26,56,0.317,8-12,15-25,22-19,4-37,28.0,,,,,,,,,,,,,,,,,,,,,,,,,,,,,,,,,,,,,,,,,,,,,,,,
1979-1980,1980,East,1,,celtics,1610612738,61,21,0.744,17-7,45-15,35-6,26-15,0.0,,,,,,,,,,,,,,,,,,,,,,,,,,,,,,,,,,,,,,,,,,,,,,,,
1979-1980,1980,East,2,,hawks,1610612737,50,32,0.61,21-9,38-22,32-9,18-23,11.0,,,,,,,,,,,,,,,,,,,,,,,,,,,,,,,,,,,,,,,,,,,,,,,,
1979-1980,1980,East,3,,sixers,1610612755,59,23,0.72,19-5,44-16,36-5,23-18,2.0,,,,,,,,,,,,,,,,,,,,,,,,,,,,,,,,,,,,,,,,,,,,,,,,
1979-1980,1980,East,4,,rockets,1610612745,41,41,0.5,20-10,30-30,29-12,12-29,20.0,,,,,,,,,,,,,,,,,,,,,,,,,,,,,,,,,,,,,,,,,,,,,,,,
1979-1980,1980,East,4,,spurs,1610612759,41,41,0.5,14-16,27-33,27-14,14-27,20.0,,,,,,,,,,,,,,,,,,,,,,,,,,,,,,,,,,,,,,,,,,,,,,,,
1979-1980,1980,East,6,,knicks,1610612752,39,43,0.476,8-16,26-34,25-16,14-27,22.0,,,,,,,,,,,,,,,,,,,,,,,,,,,,,,,,,,,,,,,,,,,,,,,,
1979-1980,1980,East,6,,bullets,1610612764,39,43,0.476,9-15,27-33,24-17,15-26,22.0,,,,,,,,,,,,,,,,,,,,,,,,,,,,,,,,,,,,,,,,,,,,,,,,
1979-1980,1980,East,8,,cavaliers,1610612739,37,45,0.451,16-14,28-32,28-13,9-32,24.0,,,,,,,,,,,,,,,,,,,,,,,,,,,,,,,,,,,,,,,,,,,,,,,,
1979-1980,1980,East,8,,pacers,1610612754,37,45,0.451,15-15,28-32,26-15,11-30,24.0,,,,,,,,,,,,,,,,,,,,,,,,,,,,,,,,,,,,,,,,,,,,,,,,
1979-1980,1980,East,10,,nets,1610612751,34,48,0.415,7-17,26-34,22-19,12-29,27.0,,,,,,,,,,,,,,,,,,,,,,,,,,,,,,,,,,,,,,,,,,,,,,,,
1979-1980,1980,East,11,,pistons,1610612765,16,66,0.195,4-26,11-49,13-28,3-38,45.0,,,,,,,,,,,,,,,,,,,,,,,,,,,,,,,,,,,,,,,,,,,,,,,,
1980-1981,1981,East,1,,celtics,1610612738,62,20,0.756,19-5,42-16,35-6,27-14,0.0,,,,,,,,,,,,,,,,,,,,,,,,,,,,,,,,,,,,,,,,,,,,,,,,
1980-1981,1981,East,1,,sixers,1610612755,62,20,0.756,15-9,42-16,37-4,25-16,0.0,,,,,,,,,,,,,,,,,,,,,,,,,,,,,,,,,,,,,,,,,,,,,,,,
1980-1981,1981,East,3,,bucks,1610612749,60,22,0.732,23-7,41-17,34-7,26-15,2.0,,,,,,,,,,,,,,,,,,,,,,,,,,,,,,,,,,,,,,,,,,,,,,,,
1980-1981,1981,East,4,,knicks,1610612752,50,32,0.61,14-10,36-22,28-13,22-19,12.0,,,,,,,,,,,,,,,,,,,,,,,,,,,,,,,,,,,,,,,,,,,,,,,,
1980-1981,1981,East,5,,bulls,1610612741,45,37,0.549,20-9,34-24,26-15,19-22,17.0,,,,,,,,,,,,,,,,,,,,,,,,,,,,,,,,,,,,,,,,,,,,,,,,
1980-1981,1981,East,6,,pacers,1610612754,44,38,0.537,17-12,32-26,27-14,17-24,18.0,,,,,,,,,,,,,,,,,,,,,,,,,,,,,,,,,,,,,,,,,,,,,,,,
1980-1981,1981,East,7,,bullets,1610612764,39,43,0.476,8-16,23-35,26-15,13-28,23.0,,,,,,,,,,,,,,,,,,,,,,,,,,,,,,,,,,,,,,,,,,,,,,,,
1980-1981,1981,East,8,,hawks,1610612737,31,51,0.378,9-21,18-40,20-21,11-30,31.0,,,,,,,,,,,,,,,,,,,,,,,,,,,,,,,,,,,,,,,,,,,,,,,,
1980-1981,1981,East,9,,cavaliers,1610612739,28,54,0.341,11-19,19-39,20-21,8-33,34.0,,,,,,,,,,,,,,,,,,,,,,,,,,,,,,,,,,,,,,,,,,,,,,,,
1980-1981,1981,East,10,,nets,1610612751,24,58,0.293,4-20,16-42,16-25,8-33,38.0,,,,,,,,,,,,,,,,,,,,,,,,,,,,,,,,,,,,,,,,,,,,,,,,
1980-1981,1981,East,11,,pistons,1610612765,21,61,0.256,9-21,16-42,14-27,7-34,41.0,,,,,,,,,,,,,,,,,,,,,,,,,,,,,,,,,,,,,,,,,,,,,,,,
1981-1982,1982,East,1,,celtics,1610612738,63,19,0.768,20-4,47-11,35-6,28-13,0.0,,,,,,,,,,,,,,,,,,,,,,,,,,,,,,,,,,,,,,,,,,,,,,,,
1981-1982,1982,East,2,,bucks,1610612749,55,27,0.671,24-6,41-17,31-10,24-17,8.0,,,,,,,,,,,,,,,,,,,,,,,,,,,,,,,,,,,,,,,,,,,,,,,,
1981-1982,1982,East,3,,sixers,1610612755,58,24,0.707,16-8,40-18,32-9,26-15,5.0,,,,,,,,,,,,,,,,,,,,,,,,,,,,,,,,,,,,,,,,,,,,,,,,
1981-1982,1982,East,4,,nets,1610612751,44,38,0.537,12-12,31-27,25-16,19-22,19.0,,,,,,,,,,,,,,,,,,,,,,,,,,,,,,,,,,,,,,,,,,,,,,,,
1981-1982,1982,East,5,,bullets,1610612764,43,39,0.524,7-17,31-27,22-19,21-20,20.0,,,,,,,,,,,,,,,,,,,,,,,,,,,,,,,,,,,,,,,,,,,,,,,,
1981-1982,1982,East,6,,hawks,1610612737,42,40,0.512,15-14,29-29,24-17,18-23,21.0,,,,,,,,,,,,,,,,,,,,,,,,,,,,,,,,,,,,,,,,,,,,,,,,
1981-1982,1982,East,7,,pistons,1610612765,39,43,0.476,19-11,27-31,23-18,16-25,24.0,,,,,,,,,,,,,,,,,,,,,,,,,,,,,,,,,,,,,,,,,,,,,,,,
1981-1982,1982,East,8,,pacers,1610612754,35,47,0.427,14-16,23-35,25-16,10-31,28.0,,,,,,,,,,,,,,,,,,,,,,,,,,,,,,,,,,,,,,,,,,,,,,,,
1981-1982,1982,East,9,,bulls,1610612741,34,48,0.415,12-17,22-36,22-19,12-29,29.0,,,,,,,,,,,,,,,,,,,,,,,,,,,,,,,,,,,,,,,,,,,,,,,,
1981-1982,1982,East,10,,knicks,1610612752,33,49,0.402,5-19,22-36,19-22,14-27,30.0,,,,,,,,,,,,,,,,,,,,,,,,,,,,,,,,,,,,,,,,,,,,,,,,
1981-1982,1982,East,11,,cavaliers,1610612739,15,67,0.183,5-25,6-52,9-32,6-35,48.0,,,,,,,,,,,,,,,,,,,,,,,,,,,,,,,,,,,,,,,,,,,,,,,,
1982-1983,1983,East,1,,sixers,1610612755,65,17,0.793,15-9,44-14,35-6,30-11,0.0,,,,,,,,,,,,,,,,,,,,,,,,,,,,,,,,,,,,,,,,,,,,,,,,
1982-1983,1983,East,2,,bucks,1610612749,51,31,0.622,22-7,36-22,31-10,20-21,14.0,,,,,,,,,,,,,,,,,,,,,,,,,,,,,,,,,,,,,,,,,,,,,,,,
1982-1983,1983,East,3,,celtics,1610612738,56,26,0.683,14-10,37-21,33-8,23-18,9.0,,,,,,,,,,,,,,,,,,,,,,,,,,,,,,,,,,,,,,,,,,,,,,,,
1982-1983,1983,East,4,,nets,1610612751,49,33,0.598,11-13,35-23,30-11,19-22,16.0,,,,,,,,,,,,,,,,,,,,,,,,,,,,,,,,,,,,,,,,,,,,,,,,
1982-1983,1983,East,5,,knicks,1610612752,44,38,0.537,10-14,31-27,26-15,18-23,21.0,,,,,,,,,,,,,,,,,,,,,,,,,,,,,,,,,,,,,,,,,,,,,,,,
1982-1983,1983,East,6,,hawks,1610612737,43,39,0.524,21-8,33-25,26-15,17-24,22.0,,,,,,,,,,,,,,,,,,,,,,,,,,,,,,,,,,,,,,,,,,,,,,,,
1982-1983,1983,East,7,,bullets,1610612764,42,40,0.512,10-14,29-29,27-14,15-26,23.0,,,,,,,,,,,,,,,,,,,,,,,,,,,,,,,,,,,,,,,,,,,,,,,,
1982-1983,1983,East,8,,pistons,1610612765,37,45,0.451,19-11,29-29,23-18,14-27,28.0,,,,,,,,,,,,,,,,,,,,,,,,,,,,,,,,,,,,,,,,,,,,,,,,
1982-1983,1983,East,9,,bulls,1610612741,28,54,0.341,13-17,20-38,18-23,10-31,37.0,,,,,,,,,,,,,,,,,,,,,,,,,,,,,,,,,,,,,,,,,,,,,,,,
1982-1983,1983,East,10,,cavaliers,1610612739,23,59,0.28,8-22,13-45,15-26,8-33,42.0,,,,,,,,,,,,,,,,,,,,,,,,,,,,,,,,,,,,,,,,,,,,,,,,
1982-1983,1983,East,11,,pacers,1610612754,20,62,0.244,6-24,12-46,14-27,6-35,45.0,,,,,,,,,,,,,,,,,,,,,,,,,,,,,,,,,,,,,,,,,,,,,,,,
1983-1984,1984,East,1,,celtics,1610612738,62,20,0.756,13-11,43-15,33-8,29-12,0.0,,,,,,,,,,,,,,,,,,,,,,,,,,,,,,,,,,,,,,,,,,,,,,,,
1983-1984,1984,East,2,,bucks,1610612749,50,32,0.61,19-10,35-23,30-11,20-21,12.0,,,,,,,,,,,,,,,,,,,,,,,,,,,,,,,,,,,,,,,,,,,,,,,,
1983-1984,1984,East,3,,sixers,1610612755,52,30,0.634,15-9,35-23,32-9,20-21,10.0,,,,,,,,,,,,,,,,,,,,,,,,,,,,,,,,,,,,,,,,,,,,,,,,
1983-1984,1984,East,4,,pistons,1610612765,49,33,0.598,21-8,34-24,30-11,19-22,13.0,,,,,,,,,,,,,,,,,,,,,,,,,,,,,,,,,,,,,,,,,,,,,,,,
1983-1984,1984,East,5,,knicks,1610612752,47,35,0.573,12-12,29-29,29-12,18-23,15.0,,,,,,,,,,,,,,,,,,,,,,,,,,,,,,,,,,,,,,,,,,,,,,,,
1983-1984,1984,East,6,,nets,1610612751,45,37,0.549,12-12,33-25,29-12,16-25,17.0,,,,,,,,,,,,,,,,,,,,,,,,,,,,,,,,,,,,,,,,,,,,,,,,
1983-1984,1984,East,7,,hawks,1610612737,40,42,0.488,16-14,32-26,31-10,9-32,22.0,,,,,,,,,,,,,,,,,,,,,,,,,,,,,,,,,,,,,,,,,,,,,,,,
1983-1984,1984,East,8,,bullets,1610612764,35,47,0.427,8-16,23-35,25-16,10-31,27.0,,,,,,,,,,,,,,,,,,,,,,,,,,,,,,,,,,,,,,,,,,,,,,,,
1983-1984,1984,East,9,,cavaliers,1610612739,28,54,0.341,11-19,20-38,23-18,5-36,34.0,,,,,,,,,,,,,,,,,,,,,,,,,,,,,,,,,,,,,,,,,,,,,,,,
1983-1984,1984,East,10,,bulls,1610612741,27,55,0.329,10-20,18-40,18-23,9-32,35.0,,,,,,,,,,,,,,,,,,,,,,,,,,,,,,,,,,,,,,,,,,,,,,,,
1983-1984,1984,East,11,,pacers,1610612754,26,56,0.317,12-18,17-41,20-21,6-35,36.0,,,,,,,,,,,,,,,,,,,,,,,,,,,,,,,,,,,,,,,,,,,,,,,,
1984-1985,1985,East,1,,celtics,1610612738,63,19,0.768,19-5,43-15,35-6,28-13,0.0,,,,,,,,,,,,,,,,,,,,,,,,,,,,,,,,,,,,,,,,,,,,,,,,
1984-1985,1985,East,2,,bucks,1610612749,59,23,0.72,20-10,39-19,36-5,23-18,4.0,,,,,,,,,,,,,,,,,,,,,,,,,,,,,,,,,,,,,,,,,,,,,,,,
1984-1985,1985,East,3,,sixers,1610612755,58,24,0.707,15-9,40-18,34-7,24-17,5.0,,,,,,,,,,,,,,,,,,,,,,,,,,,,,,,,,,,,,,,,,,,,,,,,
1984-1985,1985,East,4,,pistons,1610612765,46,36,0.561,21-8,31-27,26-15,20-21,17.0,,,,,,,,,,,,,,,,,,,,,,,,,,,,,,,,,,,,,,,,,,,,,,,,
1984-1985,1985,East,5,,nets,1610612751,42,40,0.512,13-11,34-24,27-14,15-26,21.0,,,,,,,,,,,,,,,,,,,,,,,,,,,,,,,,,,,,,,,,,,,,,,,,
1984-1985,1985,East,6,,bullets,1610612764,40,42,0.488,11-13,28-30,28-13,12-29,23.0,,,,,,,,,,,,,,,,,,,,,,,,,,,,,,,,,,,,,,,,,,,,,,,,
1984-1985,1985,East,7,,bulls,1610612741,38,44,0.463,13-17,24-34,26-15,12-29,25.0,,,,,,,,,,,,,,,,,,,,,,,,,,,,,,,,,,,,,,,,,,,,,,,,
1984-1985,1985,East,8,,cavaliers,1610612739,36,46,0.439,13-16,25-33,20-21,16-25,27.0,,,,,,,,,,,,,,,,,,,,,,,,,,,,,,,,,,,,,,,,,,,,,,,,
1984-1985,1985,East,9,,hawks,1610612737,34,48,0.415,15-15,25-33,19-22,15-26,29.0,,,,,,,,,,,,,,,,,,,,,,,,,,,,,,,,,,,,,,,,,,,,,,,,
1984-1985,1985,East,10,,knicks,1610612752,24,58,0.293,2-22,16-42,19-22,5-36,39.0,,,,,,,,,,,,,,,,,,,,,,,,,,,,,,,,,,,,,,,,,,,,,,,,
1984-1985,1985,East,11,,pacers,1610612754,22,60,0.268,7-23,14-44,16-25,6-35,41.0,,,,,,,,,,,,,,,,,,,,,,,,,,,,,,,,,,,,,,,,,,,,,,,,
1985-1986,1986,East,1,,celtics,1610612738,67,15,0.817,18-6,48-10,40-1,27-14,0.0,,,,,,,,,,,,,,,,,,,,,,,,,,,,,,,,,,,,,,,,,,,,,,,,
1985-1986,1986,East,2,,bucks,1610612749,57,25,0.695,21-9,39-19,33-8,24-17,10.0,,,,,,,,,,,,,,,,,,,,,,,,,,,,,,,,,,,,,,,,,,,,,,,,
1985-1986,1986,East,3,,sixers,1610612755,54,28,0.659,15-9,38-20,31-10,23-18,13.0,,,,,,,,,,,,,,,,,,,,,,,,,,,,,,,,,,,,,,,,,,,,,,,,
1985-1986,1986,East,4,,hawks,1610612737,50,32,0.61,21-9,35-23,34-7,16-25,17.0,,,,,,,,,,,,,,,,,,,,,,,,,,,,,,,,,,,,,,,,,,,,,,,,
1985-1986,1986,East,5,,pistons,1610612765,46,36,0.561,18-12,33-25,31-10,15-26,21.0,,,,,,,,,,,,,,,,,,,,,,,,,,,,,,,,,,,,,,,,,,,,,,,,
1985-1986,1986,East,6,,nets,1610612751,39,43,0.476,11-13,26-32,26-15,13-28,28.0,,,,,,,,,,,,,,,,,,,,,,,,,,,,,,,,,,,,,,,,,,,,,,,,
1985-1986,1986,East,6,,bullets,1610612764,39,43,0.476,11-13,29-29,26-15,13-28,28.0,,,,,,,,,,,,,,,,,,,,,,,,,,,,,,,,,,,,,,,,,,,,,,,,
1985-1986,1986,East,8,,bulls,1610612741,30,52,0.366,10-20,19-39,22-19,8-33,37.0,,,,,,,,,,,,,,,,,,,,,,,,,,,,,,,,,,,,,,,,,,,,,,,,
1985-1986,1986,East,9,,cavaliers,1610612739,29,53,0.354,10-19,19-39,16-25,13-28,38.0,,,,,,,,,,,,,,,,,,,,,,,,,,,,,,,,,,,,,,,,,,,,,,,,
1985-1986,1986,East,10,,pacers,1610612754,26,56,0.317,9-20,19-39,19-22,7-34,41.0,,,,,,,,,,,,,,,,,,,,,,,,,,,,,,,,,,,,,,,,,,,,,,,,
1985-1986,1986,East,11,,knicks,1610612752,23,59,0.28,5-19,14-44,15-26,8-33,44.0,,,,,,,,,,,,,,,,,,,,,,,,,,,,,,,,,,,,,,,,,,,,,,,,
1986-1987,1987,East,1,,celtics,1610612738,59,23,0.72,15-9,38-20,39-2,20-21,0.0,,,,,,,,,,,,,,,,,,,,,,,,,,,,,,,,,,,,,,,,,,,,,,,,
1986-1987,1987,East,2,,hawks,1610612737,57,25,0.695,17-13,38-20,35-6,22-19,2.0,,,,,,,,,,,,,,,,,,,,,,,,,,,,,,,,,,,,,,,,,,,,,,,,
1986-1987,1987,East,3,,pistons,1610612765,52,30,0.634,17-13,38-20,32-9,20-21,7.0,,,,,,,,,,,,,,,,,,,,,,,,,,,,,,,,,,,,,,,,,,,,,,,,
1986-1987,1987,East,4,,bucks,1610612749,50,32,0.61,17-13,34-24,32-9,18-23,9.0,,,,,,,,,,,,,,,,,,,,,,,,,,,,,,,,,,,,,,,,,,,,,,,,
1986-1987,1987,East,5,,sixers,1610612755,45,37,0.549,12-12,29-29,28-13,17-24,14.0,,,,,,,,,,,,,,,,,,,,,,,,,,,,,,,,,,,,,,,,,,,,,,,,
1986-1987,1987,East,6,,bullets,1610612764,42,40,0.512,13-11,26-32,27-14,15-26,17.0,,,,,,,,,,,,,,,,,,,,,,,,,,,,,,,,,,,,,,,,,,,,,,,,
1986-1987,1987,East,7,,pacers,1610612754,41,41,0.5,13-16,28-30,28-13,13-28,18.0,,,,,,,,,,,,,,,,,,,,,,,,,,,,,,,,,,,,,,,,,,,,,,,,
1986-1987,1987,East,8,,bulls,1610612741,40,42,0.488,17-12,30-28,29-12,11-30,19.0,,,,,,,,,,,,,,,,,,,,,,,,,,,,,,,,,,,,,,,,,,,,,,,,
1986-1987,1987,East,9,,cavaliers,1610612739,31,51,0.378,8-22,22-36,25-16,6-35,28.0,,,,,,,,,,,,,,,,,,,,,,,,,,,,,,,,,,,,,,,,,,,,,,,,
1986-1987,1987,East,10,,nets,1610612751,24,58,0.293,12-12,20-38,19-22,5-36,35.0,,,,,,,,,,,,,,,,,,,,,,,,,,,,,,,,,,,,,,,,,,,,,,,,
1986-1987,1987,East,10,,knicks,1610612752,24,58,0.293,8-16,16-42,18-23,6-35,35.0,,,,,,,,,,,,,,,,,,,,,,,,,,,,,,,,,,,,,,,,,,,,,,,,
1987-1988,1988,East,1,,celtics,1610612738,57,25,0.695,19-5,39-19,36-5,21-20,0.0,,,,,,,,,,,,,,,,,,,,,,,,,,,,,,,,,,,,,,,,,,,,,,,,
1987-1988,1988,East,2,,pistons,1610612765,54,28,0.659,20-10,39-19,34-7,20-21,3.0,,,,,,,,,,,,,,,,,,,,,,,,,,,,,,,,,,,,,,,,,,,,,,,,
1987-1988,1988,East,3,,hawks,1610612737,50,32,0.61,16-13,35-23,30-11,20-21,7.0,,,,,,,,,,,,,,,,,,,,,,,,,,,,,,,,,,,,,,,,,,,,,,,,
1987-1988,1988,East,3,,bulls,1610612741,50,32,0.61,16-13,34-24,30-11,20-21,7.0,,,,,,,,,,,,,,,,,,,,,,,,,,,,,,,,,,,,,,,,,,,,,,,,
1987-1988,1988,East,5,,cavaliers,1610612739,42,40,0.512,11-19,30-28,31-10,11-30,15.0,,,,,,,,,,,,,,,,,,,,,,,,,,,,,,,,,,,,,,,,,,,,,,,,
1987-1988,1988,East,5,,bucks,1610612749,42,40,0.512,13-17,28-30,30-11,12-29,15.0,,,,,,,,,,,,,,,,,,,,,,,,,,,,,,,,,,,,,,,,,,,,,,,,
1987-1988,1988,East,7,,knicks,1610612752,38,44,0.463,10-14,27-31,29-12,9-32,19.0,,,,,,,,,,,,,,,,,,,,,,,,,,,,,,,,,,,,,,,,,,,,,,,,
1987-1988,1988,East,7,,pacers,1610612754,38,44,0.463,13-17,25-33,25-16,13-28,19.0,,,,,,,,,,,,,,,,,,,,,,,,,,,,,,,,,,,,,,,,,,,,,,,,
1987-1988,1988,East,7,,bullets,1610612764,38,44,0.463,13-11,26-32,25-16,13-28,19.0,,,,,,,,,,,,,,,,,,,,,,,,,,,,,,,,,,,,,,,,,,,,,,,,
1987-1988,1988,East,10,,sixers,1610612755,36,46,0.439,12-12,25-33,27-14,9-32,21.0,,,,,,,,,,,,,,,,,,,,,,,,,,,,,,,,,,,,,,,,,,,,,,,,
1987-1988,1988,East,11,,nets,1610612751,19,63,0.232,6-18,11-47,16-25,3-38,38.0,,,,,,,,,,,,,,,,,,,,,,,,,,,,,,,,,,,,,,,,,,,,,,,,
1988-1989,1989,East,1,,pistons,1610612765,63,19,0.768,20-10,41-15,37-4,26-15,0.0,,,,,,,,,,,,,,,,,,,,,,,,,,,,,,,,,,,,,,,,,,,,,,,,
1988-1989,1989,East,2,,knicks,1610612752,52,30,0.634,18-12,36-20,35-6,17-24,11.0,,,,,,,,,,,,,,,,,,,,,,,,,,,,,,,,,,,,,,,,,,,,,,,,
1988-1989,1989,East,3,,cavaliers,1610612739,57,25,0.695,19-11,38-18,37-4,20-21,6.0,,,,,,,,,,,,,,,,,,,,,,,,,,,,,,,,,,,,,,,,,,,,,,,,
1988-1989,1989,East,4,,hawks,1610612737,52,30,0.634,20-10,38-18,33-8,19-22,11.0,,,,,,,,,,,,,,,,,,,,,,,,,,,,,,,,,,,,,,,,,,,,,,,,
1988-1989,1989,East,5,,bucks,1610612749,49,33,0.598,11-19,29-27,31-10,18-23,14.0,,,,,,,,,,,,,,,,,,,,,,,,,,,,,,,,,,,,,,,,,,,,,,,,
1988-1989,1989,East,6,,bulls,1610612741,47,35,0.573,12-18,28-28,30-11,17-24,16.0,,,,,,,,,,,,,,,,,,,,,,,,,,,,,,,,,,,,,,,,,,,,,,,,
1988-1989,1989,East,7,,sixers,1610612755,46,36,0.561,19-11,31-25,30-11,16-25,17.0,,,,,,,,,,,,,,,,,,,,,,,,,,,,,,,,,,,,,,,,,,,,,,,,
1988-1989,1989,East,8,,celtics,1610612738,42,40,0.512,19-11,27-29,32-9,10-31,21.0,,,,,,,,,,,,,,,,,,,,,,,,,,,,,,,,,,,,,,,,,,,,,,,,
1988-1989,1989,East,9,,bullets,1610612764,40,42,0.488,17-13,25-31,30-11,10-31,23.0,,,,,,,,,,,,,,,,,,,,,,,,,,,,,,,,,,,,,,,,,,,,,,,,
1988-1989,1989,East,10,,pacers,1610612754,28,54,0.341,8-22,15-41,20-21,8-33,35.0,,,,,,,,,,,,,,,,,,,,,,,,,,,,,,,,,,,,,,,,,,,,,,,,
1988-1989,1989,East,11,,nets,1610612751,26,56,0.317,9-21,16-40,17-24,9-32,37.0,,,,,,,,,,,,,,,,,,,,,,,,,,,,,,,,,,,,,,,,,,,,,,,,
1988-1989,1989,East,12,,hornets,1610612766,20,62,0.244,8-22,12-44,12-29,8-33,43.0,,,,,,,,,,,,,,,,,,,,,,,,,,,,,,,,,,,,,,,,,,,,,,,,
1989-1990,1990,East,1,,pistons,1610612765,59,23,0.72,22-8,40-14,35-6,24-17,0.0,,,,,,,,,,,,,,,,,,,,,,,,,,,,,,,,,,,,,,,,,,,,,,,,
1989-1990,1990,East,2,,sixers,1610612755,53,29,0.646,19-7,37-17,34-7,19-22,6.0,,,,,,,,,,,,,,,,,,,,,,,,,,,,,,,,,,,,,,,,,,,,,,,,
1989-1990,1990,East,3,,bulls,1610612741,55,27,0.671,20-10,37-17,36-5,19-22,4.0,,,,,,,,,,,,,,,,,,,,,,,,,,,,,,,,,,,,,,,,,,,,,,,,
1989-1990,1990,East,4,,celtics,1610612738,52,30,0.634,19-7,36-18,30-11,22-19,7.0,,,,,,,,,,,,,,,,,,,,,,,,,,,,,,,,,,,,,,,,,,,,,,,,
1989-1990,1990,East,5,,knicks,1610612752,45,37,0.549,17-9,30-24,29-12,16-25,14.0,,,,,,,,,,,,,,,,,,,,,,,,,,,,,,,,,,,,,,,,,,,,,,,,
1989-1990,1990,East,6,,bucks,1610612749,44,38,0.537,14-16,28-26,27-14,17-24,15.0,,,,,,,,,,,,,,,,,,,,,,,,,,,,,,,,,,,,,,,,,,,,,,,,
1989-1990,1990,East,7,,cavaliers,1610612739,42,40,0.512,14-16,30-24,27-14,15-26,17.0,,,,,,,,,,,,,,,,,,,,,,,,,,,,,,,,,,,,,,,,,,,,,,,,
1989-1990,1990,East,7,,pacers,1610612754,42,40,0.512,16-14,30-24,28-13,14-27,17.0,,,,,,,,,,,,,,,,,,,,,,,,,,,,,,,,,,,,,,,,,,,,,,,,
1989-1990,1990,East,9,,hawks,1610612737,41,41,0.5,15-15,27-27,25-16,16-25,18.0,,,,,,,,,,,,,,,,,,,,,,,,,,,,,,,,,,,,,,,,,,,,,,,,
1989-1990,1990,East,10,,bullets,1610612764,31,51,0.378,10-16,20-34,20-21,11-30,28.0,,,,,,,,,,,,,,,,,,,,,,,,,,,,,,,,,,,,,,,,,,,,,,,,
1989-1990,1990,East,11,,heat,1610612748,18,64,0.22,4-22,11-43,11-30,7-34,41.0,,,,,,,,,,,,,,,,,,,,,,,,,,,,,,,,,,,,,,,,,,,,,,,,
1989-1990,1990,East,11,,magic,1610612753,18,64,0.22,4-26,12-42,12-29,6-35,41.0,,,,,,,,,,,,,,,,,,,,,,,,,,,,,,,,,,,,,,,,,,,,,,,,
1989-1990,1990,East,13,,nets,1610612751,17,65,0.207,9-17,13-41,13-28,4-37,42.0,,,,,,,,,,,,,,,,,,,,,,,,,,,,,,,,,,,,,,,,,,,,,,,,
1990-1991,1991,East,1,,bulls,1610612741,61,21,0.744,25-5,42-12,35-6,26-15,0.0,,,,,,,,,,,,,,,,,,,,,,,,,,,,,,,,,,,,,,,,,,,,,,,,
1990-1991,1991,East,2,,celtics,1610612738,56,26,0.683,20-6,35-19,35-6,21-20,5.0,,,,,,,,,,,,,,,,,,,,,,,,,,,,,,,,,,,,,,,,,,,,,,,,
1990-1991,1991,East,3,,pistons,1610612765,50,32,0.61,19-11,33-21,32-9,18-23,11.0,,,,,,,,,,,,,,,,,,,,,,,,,,,,,,,,,,,,,,,,,,,,,,,,
1990-1991,1991,East,4,,bucks,1610612749,48,34,0.585,16-14,33-21,33-8,15-26,13.0,,,,,,,,,,,,,,,,,,,,,,,,,,,,,,,,,,,,,,,,,,,,,,,,
1990-1991,1991,East,5,,sixers,1610612755,44,38,0.537,14-12,32-22,29-12,15-26,17.0,,,,,,,,,,,,,,,,,,,,,,,,,,,,,,,,,,,,,,,,,,,,,,,,
1990-1991,1991,East,6,,hawks,1610612737,43,39,0.524,11-19,26-28,29-12,14-27,18.0,,,,,,,,,,,,,,,,,,,,,,,,,,,,,,,,,,,,,,,,,,,,,,,,
1990-1991,1991,East,7,,pacers,1610612754,41,41,0.5,15-15,27-27,29-12,12-29,20.0,,,,,,,,,,,,,,,,,,,,,,,,,,,,,,,,,,,,,,,,,,,,,,,,
1990-1991,1991,East,8,,knicks,1610612752,39,43,0.476,17-9,28-26,21-20,18-23,22.0,,,,,,,,,,,,,,,,,,,,,,,,,,,,,,,,,,,,,,,,,,,,,,,,
1990-1991,1991,East,9,,cavaliers,1610612739,33,49,0.402,11-19,23-31,23-18,10-31,28.0,,,,,,,,,,,,,,,,,,,,,,,,,,,,,,,,,,,,,,,,,,,,,,,,
1990-1991,1991,East,10,,bullets,1610612764,30,52,0.366,10-16,22-32,21-20,9-32,31.0,,,,,,,,,,,,,,,,,,,,,,,,,,,,,,,,,,,,,,,,,,,,,,,,
1990-1991,1991,East,11,,nets,1610612751,26,56,0.317,8-18,18-36,20-21,6-35,35.0,,,,,,,,,,,,,,,,,,,,,,,,,,,,,,,,,,,,,,,,,,,,,,,,
1990-1991,1991,East,11,,hornets,1610612766,26,56,0.317,8-22,17-37,17-24,9-32,35.0,,,,,,,,,,,,,,,,,,,,,,,,,,,,,,,,,,,,,,,,,,,,,,,,
1990-1991,1991,East,13,,heat,1610612748,24,58,0.293,9-17,15-39,18-23,6-35,37.0,,,,,,,,,,,,,,,,,,,,,,,,,,,,,,,,,,,,,,,,,,,,,,,,
1991-1992,1992,East,1,,bulls,1610612741,67,15,0.817,22-6,47-9,36-5,31-10,0.0,,,,,,,,,,,,,,,,,,,,,,,,,,,,,,,,,,,,,,,,,,,,,,,,
1991-1992,1992,East,2,,celtics,1610612738,51,31,0.622,19-9,35-21,34-7,17-24,16.0,,,,,,,,,,,,,,,,,,,,,,,,,,,,,,,,,,,,,,,,,,,,,,,,
1991-1992,1992,East,2,,knicks,1610612752,51,31,0.622,20-8,34-22,30-11,21-20,16.0,,,,,,,,,,,,,,,,,,,,,,,,,,,,,,,,,,,,,,,,,,,,,,,,
1991-1992,1992,East,4,,cavaliers,1610612739,57,25,0.695,21-7,42-14,35-6,22-19,10.0,,,,,,,,,,,,,,,,,,,,,,,,,,,,,,,,,,,,,,,,,,,,,,,,
1991-1992,1992,East,5,,pistons,1610612765,48,34,0.585,15-13,31-25,25-16,23-18,19.0,,,,,,,,,,,,,,,,,,,,,,,,,,,,,,,,,,,,,,,,,,,,,,,,
1991-1992,1992,East,6,,nets,1610612751,40,42,0.488,15-13,29-27,25-16,15-26,27.0,,,,,,,,,,,,,,,,,,,,,,,,,,,,,,,,,,,,,,,,,,,,,,,,
1991-1992,1992,East,6,,pacers,1610612754,40,42,0.488,13-15,27-29,26-15,14-27,27.0,,,,,,,,,,,,,,,,,,,,,,,,,,,,,,,,,,,,,,,,,,,,,,,,
1991-1992,1992,East,8,,hawks,1610612737,38,44,0.463,7-21,23-33,23-18,15-26,29.0,,,,,,,,,,,,,,,,,,,,,,,,,,,,,,,,,,,,,,,,,,,,,,,,
1991-1992,1992,East,8,,heat,1610612748,38,44,0.463,14-14,27-29,28-13,10-31,29.0,,,,,,,,,,,,,,,,,,,,,,,,,,,,,,,,,,,,,,,,,,,,,,,,
1991-1992,1992,East,10,,sixers,1610612755,35,47,0.427,15-13,23-33,23-18,12-29,32.0,,,,,,,,,,,,,,,,,,,,,,,,,,,,,,,,,,,,,,,,,,,,,,,,
1991-1992,1992,East,11,,bucks,1610612749,31,51,0.378,10-18,22-34,25-16,6-35,36.0,,,,,,,,,,,,,,,,,,,,,,,,,,,,,,,,,,,,,,,,,,,,,,,,
1991-1992,1992,East,11,,hornets,1610612766,31,51,0.378,10-18,21-35,22-19,9-32,36.0,,,,,,,,,,,,,,,,,,,,,,,,,,,,,,,,,,,,,,,,,,,,,,,,
1991-1992,1992,East,13,,bullets,1610612764,25,57,0.305,7-21,15-41,14-27,11-30,42.0,,,,,,,,,,,,,,,,,,,,,,,,,,,,,,,,,,,,,,,,,,,,,,,,
1991-1992,1992,East,14,,magic,1610612753,21,61,0.256,8-20,16-40,13-28,8-33,46.0,,,,,,,,,,,,,,,,,,,,,,,,,,,,,,,,,,,,,,,,,,,,,,,,
1992-1993,1993,East,1,,knicks,1610612752,60,22,0.732,23-5,42-14,37-4,23-18,0.0,,,,,,,,,,,,,,,,,,,,,,,,,,,,,,,,,,,,,,,,,,,,,,,,
1992-1993,1993,East,2,,bulls,1610612741,57,25,0.695,19-9,39-17,31-10,26-15,3.0,,,,,,,,,,,,,,,,,,,,,,,,,,,,,,,,,,,,,,,,,,,,,,,,
1992-1993,1993,East,3,,cavaliers,1610612739,54,28,0.659,22-6,37-19,35-6,19-22,6.0,,,,,,,,,,,,,,,,,,,,,,,,,,,,,,,,,,,,,,,,,,,,,,,,
1992-1993,1993,East,4,,celtics,1610612738,48,34,0.585,19-9,33-23,28-13,20-21,12.0,,,,,,,,,,,,,,,,,,,,,,,,,,,,,,,,,,,,,,,,,,,,,,,,
1992-1993,1993,East,5,,hornets,1610612766,44,38,0.537,12-16,29-27,22-19,22-19,16.0,,,,,,,,,,,,,,,,,,,,,,,,,,,,,,,,,,,,,,,,,,,,,,,,
1992-1993,1993,East,6,,hawks,1610612737,43,39,0.524,12-16,26-30,25-16,18-23,17.0,,,,,,,,,,,,,,,,,,,,,,,,,,,,,,,,,,,,,,,,,,,,,,,,
1992-1993,1993,East,6,,nets,1610612751,43,39,0.524,14-14,27-29,26-15,17-24,17.0,,,,,,,,,,,,,,,,,,,,,,,,,,,,,,,,,,,,,,,,,,,,,,,,
1992-1993,1993,East,8,,magic,1610612753,41,41,0.5,15-13,27-29,27-14,14-27,19.0,,,,,,,,,,,,,,,,,,,,,,,,,,,,,,,,,,,,,,,,,,,,,,,,
1992-1993,1993,East,8,,pacers,1610612754,41,41,0.5,11-17,27-29,27-14,14-27,19.0,,,,,,,,,,,,,,,,,,,,,,,,,,,,,,,,,,,,,,,,,,,,,,,,
1992-1993,1993,East,10,,pistons,1610612765,40,42,0.488,12-16,31-25,28-13,12-29,20.0,,,,,,,,,,,,,,,,,,,,,,,,,,,,,,,,,,,,,,,,,,,,,,,,
1992-1993,1993,East,11,,heat,1610612748,36,46,0.439,9-19,22-34,26-15,10-31,24.0,,,,,,,,,,,,,,,,,,,,,,,,,,,,,,,,,,,,,,,,,,,,,,,,
1992-1993,1993,East,12,,bucks,1610612749,28,54,0.341,10-18,20-36,18-23,10-31,32.0,,,,,,,,,,,,,,,,,,,,,,,,,,,,,,,,,,,,,,,,,,,,,,,,
1992-1993,1993,East,13,,sixers,1610612755,26,56,0.317,11-17,18-38,15-26,11-30,34.0,,,,,,,,,,,,,,,,,,,,,,,,,,,,,,,,,,,,,,,,,,,,,,,,
1992-1993,1993,East,14,,bullets,1610612764,22,60,0.268,7-21,14-42,15-26,7-34,38.0,,,,,,,,,,,,,,,,,,,,,,,,,,,,,,,,,,,,,,,,,,,,,,,,
1993-1994,1994,East,1,,hawks,1610612737,57,25,0.695,21-7,42-14,36-5,21-20,0.0,,,,,,,,,,,,,,,,,,,,,,,,,,,,,,,,,,,,,,,,,,,,,,,,
1993-1994,1994,East,1,,knicks,1610612752,57,25,0.695,18-10,40-16,32-9,25-16,0.0,,,,,,,,,,,,,,,,,,,,,,,,,,,,,,,,,,,,,,,,,,,,,,,,
1993-1994,1994,East,3,,bulls,1610612741,55,27,0.671,21-7,38-18,31-10,24-17,2.0,,,,,,,,,,,,,,,,,,,,,,,,,,,,,,,,,,,,,,,,,,,,,,,,
1993-1994,1994,East,4,,magic,1610612753,50,32,0.61,20-8,35-21,31-10,19-22,7.0,,,,,,,,,,,,,,,,,,,,,,,,,,,,,,,,,,,,,,,,,,,,,,,,
1993-1994,1994,East,5,,cavaliers,1610612739,47,35,0.573,16-12,31-25,31-10,16-25,10.0,,,,,,,,,,,,,,,,,,,,,,,,,,,,,,,,,,,,,,,,,,,,,,,,
1993-1994,1994,East,5,,pacers,1610612754,47,35,0.573,15-13,32-24,29-12,18-23,10.0,,,,,,,,,,,,,,,,,,,,,,,,,,,,,,,,,,,,,,,,,,,,,,,,
1993-1994,1994,East,7,,nets,1610612751,45,37,0.549,17-11,32-24,29-12,16-25,12.0,,,,,,,,,,,,,,,,,,,,,,,,,,,,,,,,,,,,,,,,,,,,,,,,
1993-1994,1994,East,8,,heat,1610612748,42,40,0.512,16-12,32-24,22-19,20-21,15.0,,,,,,,,,,,,,,,,,,,,,,,,,,,,,,,,,,,,,,,,,,,,,,,,
1993-1994,1994,East,9,,hornets,1610612766,41,41,0.5,12-16,29-27,28-13,13-28,16.0,,,,,,,,,,,,,,,,,,,,,,,,,,,,,,,,,,,,,,,,,,,,,,,,
1993-1994,1994,East,10,,celtics,1610612738,32,50,0.39,12-16,21-35,18-23,14-27,25.0,,,,,,,,,,,,,,,,,,,,,,,,,,,,,,,,,,,,,,,,,,,,,,,,
1993-1994,1994,East,11,,sixers,1610612755,25,57,0.305,7-21,17-39,15-26,10-31,32.0,,,,,,,,,,,,,,,,,,,,,,,,,,,,,,,,,,,,,,,,,,,,,,,,
1993-1994,1994,East,12,,bullets,1610612764,24,58,0.293,8-20,17-39,17-24,7-34,33.0,,,,,,,,,,,,,,,,,,,,,,,,,,,,,,,,,,,,,,,,,,,,,,,,
1993-1994,1994,East,13,,bucks,1610612749,20,62,0.244,9-19,14-42,11-30,9-32,37.0,,,,,,,,,,,,,,,,,,,,,,,,,,,,,,,,,,,,,,,,,,,,,,,,
1993-1994,1994,East,13,,pistons,1610612765,20,62,0.244,4-24,12-44,10-31,10-31,37.0,,,,,,,,,,,,,,,,,,,,,,,,,,,,,,,,,,,,,,,,,,,,,,,,
1994-1995,1995,East,1,,magic,1610612753,57,25,0.695,18-10,39-17,39-2,18-23,0.0,,,,,,,,,,,,,,,,,,,,,,,,,,,,,,,,,,,,,,,,,,,,,,,,
1994-1995,1995,East,2,,pacers,1610612754,52,30,0.634,18-10,35-21,33-8,19-22,5.0,,,,,,,,,,,,,,,,,,,,,,,,,,,,,,,,,,,,,,,,,,,,,,,,
1994-1995,1995,East,3,,knicks,1610612752,55,27,0.671,23-5,37-19,29-12,26-15,2.0,,,,,,,,,,,,,,,,,,,,,,,,,,,,,,,,,,,,,,,,,,,,,,,,
1994-1995,1995,East,4,,hornets,1610612766,50,32,0.61,17-11,36-20,29-12,21-20,7.0,,,,,,,,,,,,,,,,,,,,,,,,,,,,,,,,,,,,,,,,,,,,,,,,
1994-1995,1995,East,5,,bulls,1610612741,47,35,0.573,16-12,35-21,28-13,19-22,10.0,,,,,,,,,,,,,,,,,,,,,,,,,,,,,,,,,,,,,,,,,,,,,,,,
1994-1995,1995,East,6,,cavaliers,1610612739,43,39,0.524,17-11,33-23,26-15,17-24,14.0,,,,,,,,,,,,,,,,,,,,,,,,,,,,,,,,,,,,,,,,,,,,,,,,
1994-1995,1995,East,7,,hawks,1610612737,42,40,0.512,9-19,28-28,24-17,18-23,15.0,,,,,,,,,,,,,,,,,,,,,,,,,,,,,,,,,,,,,,,,,,,,,,,,
1994-1995,1995,East,8,,celtics,1610612738,35,47,0.427,14-14,24-32,20-21,15-26,22.0,,,,,,,,,,,,,,,,,,,,,,,,,,,,,,,,,,,,,,,,,,,,,,,,
1994-1995,1995,East,9,,bucks,1610612749,34,48,0.415,13-15,26-30,22-19,12-29,23.0,,,,,,,,,,,,,,,,,,,,,,,,,,,,,,,,,,,,,,,,,,,,,,,,
1994-1995,1995,East,10,,heat,1610612748,32,50,0.39,9-19,25-31,22-19,10-31,25.0,,,,,,,,,,,,,,,,,,,,,,,,,,,,,,,,,,,,,,,,,,,,,,,,
1994-1995,1995,East,11,,nets,1610612751,30,52,0.366,13-15,21-35,20-21,10-31,27.0,,,,,,,,,,,,,,,,,,,,,,,,,,,,,,,,,,,,,,,,,,,,,,,,
1994-1995,1995,East,12,,pistons,1610612765,28,54,0.341,8-20,21-35,22-19,6-35,29.0,,,,,,,,,,,,,,,,,,,,,,,,,,,,,,,,,,,,,,,,,,,,,,,,
1994-1995,1995,East,13,,sixers,1610612755,24,58,0.293,12-16,16-40,14-27,10-31,33.0,,,,,,,,,,,,,,,,,,,,,,,,,,,,,,,,,,,,,,,,,,,,,,,,
1994-1995,1995,East,14,,bullets,1610612764,21,61,0.256,9-19,16-40,13-28,8-33,36.0,,,,,,,,,,,,,,,,,,,,,,,,,,,,,,,,,,,,,,,,,,,,,,,,
1995-1996,1996,East,1,,bulls,1610612741,72,10,0.878,24-4,47-7,39-2,33-8,0.0,,,,,,,,,,,,,,,,,,,,,,,,,,,,,,,,,,,,,,,,,,,,,,,,
1995-1996,1996,East,2,,magic,1610612753,60,22,0.732,21-3,40-14,37-4,23-18,12.0,,,,,,,,,,,,,,,,,,,,,,,,,,,,,,,,,,,,,,,,,,,,,,,,
1995-1996,1996,East,3,,pacers,1610612754,52,30,0.634,19-9,36-18,32-9,20-21,20.0,,,,,,,,,,,,,,,,,,,,,,,,,,,,,,,,,,,,,,,,,,,,,,,,
1995-1996,1996,East,4,,cavaliers,1610612739,47,35,0.573,13-15,29-25,26-15,21-20,25.0,,,,,,,,,,,,,,,,,,,,,,,,,,,,,,,,,,,,,,,,,,,,,,,,
1995-1996,1996,East,4,,knicks,1610612752,47,35,0.573,16-8,32-22,26-15,21-20,25.0,,,,,,,,,,,,,,,,,,,,,,,,,,,,,,,,,,,,,,,,,,,,,,,,
1995-1996,1996,East,6,,hawks,1610612737,46,36,0.561,15-13,32-22,26-15,20-21,26.0,,,,,,,,,,,,,,,,,,,,,,,,,,,,,,,,,,,,,,,,,,,,,,,,
1995-1996,1996,East,6,,pistons,1610612765,46,36,0.561,15-13,27-27,30-11,16-25,26.0,,,,,,,,,,,,,,,,,,,,,,,,,,,,,,,,,,,,,,,,,,,,,,,,
1995-1996,1996,East,8,,heat,1610612748,42,40,0.512,13-12,29-25,26-15,16-25,30.0,,,,,,,,,,,,,,,,,,,,,,,,,,,,,,,,,,,,,,,,,,,,,,,,
1995-1996,1996,East,9,,hornets,1610612766,41,41,0.5,13-15,26-28,25-16,16-25,31.0,,,,,,,,,,,,,,,,,,,,,,,,,,,,,,,,,,,,,,,,,,,,,,,,
1995-1996,1996,East,10,,bullets,1610612764,39,43,0.476,10-14,21-33,25-16,14-27,33.0,,,,,,,,,,,,,,,,,,,,,,,,,,,,,,,,,,,,,,,,,,,,,,,,
1995-1996,1996,East,11,,celtics,1610612738,33,49,0.402,12-12,23-31,18-23,15-26,39.0,,,,,,,,,,,,,,,,,,,,,,,,,,,,,,,,,,,,,,,,,,,,,,,,
1995-1996,1996,East,12,,nets,1610612751,30,52,0.366,8-17,21-33,20-21,10-31,42.0,,,,,,,,,,,,,,,,,,,,,,,,,,,,,,,,,,,,,,,,,,,,,,,,
1995-1996,1996,East,13,,bucks,1610612749,25,57,0.305,8-20,16-38,14-27,11-30,47.0,,,,,,,,,,,,,,,,,,,,,,,,,,,,,,,,,,,,,,,,,,,,,,,,
1995-1996,1996,East,14,,raptors,1610612761,21,61,0.256,5-23,14-40,15-26,6-35,51.0,,,,,,,,,,,,,,,,,,,,,,,,,,,,,,,,,,,,,,,,,,,,,,,,
1995-1996,1996,East,15,,sixers,1610612755,18,64,0.22,5-19,12-42,11-30,7-34,54.0,,,,,,,,,,,,,,,,,,,,,,,,,,,,,,,,,,,,,,,,,,,,,,,,
1996-1997,1997,East,1,,bulls,1610612741,69,13,0.841,24-4,44-10,39-2,30-11,0.0,,,,,,,,,,,,,,,,,,,,,,,,,,,,,,,,,,,,,,,,,,,,,,,,
1996-1997,1997,East,2,,heat,1610612748,61,21,0.744,16-8,40-14,29-12,32-9,8.0,,,,,,,,,,,,,,,,,,,,,,,,,,,,,,,,,,,,,,,,,,,,,,,,
1996-1997,1997,East,3,,knicks,1610612752,57,25,0.695,19-6,38-16,31-10,26-15,12.0,,,,,,,,,,,,,,,,,,,,,,,,,,,,,,,,,,,,,,,,,,,,,,,,
1996-1997,1997,East,4,,hawks,1610612737,56,26,0.683,17-11,34-20,36-5,20-21,13.0,,,,,,,,,,,,,,,,,,,,,,,,,,,,,,,,,,,,,,,,,,,,,,,,
1996-1997,1997,East,5,,pistons,1610612765,54,28,0.659,17-11,34-20,30-11,24-17,15.0,,,,,,,,,,,,,,,,,,,,,,,,,,,,,,,,,,,,,,,,,,,,,,,,
1996-1997,1997,East,5,,hornets,1610612766,54,28,0.659,14-14,34-20,30-11,24-17,15.0,,,,,,,,,,,,,,,,,,,,,,,,,,,,,,,,,,,,,,,,,,,,,,,,
1996-1997,1997,East,7,,magic,1610612753,45,37,0.549,13-11,29-25,26-15,19-22,24.0,,,,,,,,,,,,,,,,,,,,,,,,,,,,,,,,,,,,,,,,,,,,,,,,
1996-1997,1997,East,8,,bullets,1610612764,44,38,0.537,14-10,28-26,25-16,19-22,25.0,,,,,,,,,,,,,,,,,,,,,,,,,,,,,,,,,,,,,,,,,,,,,,,,
1996-1997,1997,East,9,,cavaliers,1610612739,42,40,0.512,13-15,26-28,25-16,17-24,27.0,,,,,,,,,,,,,,,,,,,,,,,,,,,,,,,,,,,,,,,,,,,,,,,,
1996-1997,1997,East,10,,pacers,1610612754,39,43,0.476,11-17,22-32,21-20,18-23,30.0,,,,,,,,,,,,,,,,,,,,,,,,,,,,,,,,,,,,,,,,,,,,,,,,
1996-1997,1997,East,11,,bucks,1610612749,33,49,0.402,10-18,22-32,20-21,13-28,36.0,,,,,,,,,,,,,,,,,,,,,,,,,,,,,,,,,,,,,,,,,,,,,,,,
1996-1997,1997,East,12,,raptors,1610612761,30,52,0.366,6-22,16-38,18-23,12-29,39.0,,,,,,,,,,,,,,,,,,,,,,,,,,,,,,,,,,,,,,,,,,,,,,,,
1996-1997,1997,East,13,,nets,1610612751,26,56,0.317,11-13,16-38,16-25,10-31,43.0,,,,,,,,,,,,,,,,,,,,,,,,,,,,,,,,,,,,,,,,,,,,,,,,
1996-1997,1997,East,14,,sixers,1610612755,22,60,0.268,11-14,14-40,11-30,11-30,47.0,,,,,,,,,,,,,,,,,,,,,,,,,,,,,,,,,,,,,,,,,,,,,,,,
1996-1997,1997,East,15,,celtics,1610612738,15,67,0.183,1-23,8-46,11-30,4-37,54.0,,,,,,,,,,,,,,,,,,,,,,,,,,,,,,,,,,,,,,,,,,,,,,,,
1997-1998,1998,East,1,,bulls,1610612741,62,20,0.756,21-7,42-12,37-4,25-16,0.0,,,,,,,,,,,,,,,,,,,,,,,,,,,,,,,,,,,,,,,,,,,,,,,,
1997-1998,1998,East,2,,heat,1610612748,55,27,0.671,18-6,36-18,30-11,25-16,7.0,,,,,,,,,,,,,,,,,,,,,,,,,,,,,,,,,,,,,,,,,,,,,,,,
1997-1998,1998,East,3,,pacers,1610612754,58,24,0.707,19-9,41-13,32-9,26-15,4.0,,,,,,,,,,,,,,,,,,,,,,,,,,,,,,,,,,,,,,,,,,,,,,,,
1997-1998,1998,East,4,,hornets,1610612766,51,31,0.622,16-12,31-23,32-9,19-22,11.0,,,,,,,,,,,,,,,,,,,,,,,,,,,,,,,,,,,,,,,,,,,,,,,,
1997-1998,1998,East,5,,hawks,1610612737,50,32,0.61,19-9,34-20,29-12,21-20,12.0,,,,,,,,,,,,,,,,,,,,,,,,,,,,,,,,,,,,,,,,,,,,,,,,
1997-1998,1998,East,6,,cavaliers,1610612739,47,35,0.573,14-14,28-26,27-14,20-21,15.0,,,,,,,,,,,,,,,,,,,,,,,,,,,,,,,,,,,,,,,,,,,,,,,,
1997-1998,1998,East,7,,nets,1610612751,43,39,0.524,12-12,27-27,26-15,17-24,19.0,,,,,,,,,,,,,,,,,,,,,,,,,,,,,,,,,,,,,,,,,,,,,,,,
1997-1998,1998,East,7,,knicks,1610612752,43,39,0.524,13-11,27-27,28-13,15-26,19.0,,,,,,,,,,,,,,,,,,,,,,,,,,,,,,,,,,,,,,,,,,,,,,,,
1997-1998,1998,East,9,,wizards,1610612764,42,40,0.512,12-13,24-30,24-17,18-23,20.0,,,,,,,,,,,,,,,,,,,,,,,,,,,,,,,,,,,,,,,,,,,,,,,,
1997-1998,1998,East,10,,magic,1610612753,41,41,0.5,11-13,24-30,24-17,17-24,21.0,,,,,,,,,,,,,,,,,,,,,,,,,,,,,,,,,,,,,,,,,,,,,,,,
1997-1998,1998,East,11,,pistons,1610612765,37,45,0.451,12-16,25-29,25-16,12-29,25.0,,,,,,,,,,,,,,,,,,,,,,,,,,,,,,,,,,,,,,,,,,,,,,,,
1997-1998,1998,East,12,,celtics,1610612738,36,46,0.439,12-13,23-31,24-17,12-29,26.0,,,,,,,,,,,,,,,,,,,,,,,,,,,,,,,,,,,,,,,,,,,,,,,,
1997-1998,1998,East,12,,bucks,1610612749,36,46,0.439,9-19,20-34,21-20,15-26,26.0,,,,,,,,,,,,,,,,,,,,,,,,,,,,,,,,,,,,,,,,,,,,,,,,
1997-1998,1998,East,14,,sixers,1610612755,31,51,0.378,7-17,16-38,19-22,12-29,31.0,,,,,,,,,,,,,,,,,,,,,,,,,,,,,,,,,,,,,,,,,,,,,,,,
1997-1998,1998,East,15,,raptors,1610612761,16,66,0.195,2-26,7-47,9-32,7-34,46.0,,,,,,,,,,,,,,,,,,,,,,,,,,,,,,,,,,,,,,,,,,,,,,,,
1998-1999,1999,East,1,,heat,1610612748,33,17,0.66,12-8,30-15,18-7,15-10,0.0,,,,,,,,,,,,,,,,,,,,,,,,,,,,,,,,,,,,,,,,,,,,,,,,
1998-1999,1999,East,1,,magic,1610612753,33,17,0.66,12-6,30-14,21-4,12-13,0.0,,,,,,,,,,,,,,,,,,,,,,,,,,,,,,,,,,,,,,,,,,,,,,,,
1998-1999,1999,East,1,,pacers,1610612754,33,17,0.66,15-7,30-15,18-7,15-10,0.0,,,,,,,,,,,,,,,,,,,,,,,,,,,,,,,,,,,,,,,,,,,,,,,,
1998-1999,1999,East,4,,hawks,1610612737,31,19,0.62,15-8,27-18,16-9,15-10,2.0,,,,,,,,,,,,,,,,,,,,,,,,,,,,,,,,,,,,,,,,,,,,,,,,
1998-1999,1999,East,5,,pistons,1610612765,29,21,0.58,13-8,25-19,17-8,12-13,4.0,,,,,,,,,,,,,,,,,,,,,,,,,,,,,,,,,,,,,,,,,,,,,,,,
1998-1999,1999,East,6,,bucks,1610612749,28,22,0.56,13-11,25-20,17-8,11-14,5.0,,,,,,,,,,,,,,,,,,,,,,,,,,,,,,,,,,,,,,,,,,,,,,,,
1998-1999,1999,East,6,,sixers,1610612755,28,22,0.56,9-10,25-19,17-8,11-14,5.0,,,,,,,,,,,,,,,,,,,,,,,,,,,,,,,,,,,,,,,,,,,,,,,,
1998-1999,1999,East,8,,knicks,1610612752,27,23,0.54,12-8,24-21,19-6,8-17,6.0,,,,,,,,,,,,,,,,,,,,,,,,,,,,,,,,,,,,,,,,,,,,,,,,
1998-1999,1999,East,9,,hornets,1610612766,26,24,0.52,12-10,23-21,16-9,10-15,7.0,,,,,,,,,,,,,,,,,,,,,,,,,,,,,,,,,,,,,,,,,,,,,,,,
1998-1999,1999,East,10,,raptors,1610612761,23,27,0.46,9-14,19-26,14-11,9-16,10.0,,,,,,,,,,,,,,,,,,,,,,,,,,,,,,,,,,,,,,,,,,,,,,,,
1998-1999,1999,East,11,,cavaliers,1610612739,22,28,0.44,9-13,18-26,15-10,7-18,11.0,,,,,,,,,,,,,,,,,,,,,,,,,,,,,,,,,,,,,,,,,,,,,,,,
1998-1999,1999,East,12,,celtics,1610612738,19,31,0.38,10-9,16-28,10-15,9-16,14.0,,,,,,,,,,,,,,,,,,,,,,,,,,,,,,,,,,,,,,,,,,,,,,,,
1998-1999,1999,East,13,,wizards,1610612764,18,32,0.36,6-13,16-28,13-12,5-20,15.0,,,,,,,,,,,,,,,,,,,,,,,,,,,,,,,,,,,,,,,,,,,,,,,,
1998-1999,1999,East,14,,nets,1610612751,16,34,0.32,6-13,14-30,12-13,4-21,17.0,,,,,,,,,,,,,,,,,,,,,,,,,,,,,,,,,,,,,,,,,,,,,,,,
1998-1999,1999,East,15,,bulls,1610612741,13,37,0.26,4-19,11-33,8-17,5-20,20.0,,,,,,,,,,,,,,,,,,,,,,,,,,,,,,,,,,,,,,,,,,,,,,,,
1999-2000,2000,East,1,,pacers,1610612754,56,26,0.683,20-8,36-18,36-5,20-21,0.0,,,,,,,,,,,,,,,,,,,,,,,,,,,,,,,,,,,,,,,,,,,,,,,,
1999-2000,2000,East,2,,heat,1610612748,52,30,0.634,18-6,34-20,33-8,19-22,4.0,,,,,,,,,,,,,,,,,,,,,,,,,,,,,,,,,,,,,,,,,,,,,,,,
1999-2000,2000,East,3,,knicks,1610612752,50,32,0.61,14-10,32-22,33-8,17-24,6.0,,,,,,,,,,,,,,,,,,,,,,,,,,,,,,,,,,,,,,,,,,,,,,,,
1999-2000,2000,East,4,,sixers,1610612755,49,33,0.598,13-11,36-18,29-12,20-21,7.0,,,,,,,,,,,,,,,,,,,,,,,,,,,,,,,,,,,,,,,,,,,,,,,,
1999-2000,2000,East,4,,hornets,1610612766,49,33,0.598,20-8,36-18,30-11,19-22,7.0,,,,,,,,,,,,,,,,,,,,,,,,,,,,,,,,,,,,,,,,,,,,,,,,
1999-2000,2000,East,6,,raptors,1610612761,45,37,0.549,16-12,29-25,26-15,19-22,11.0,,,,,,,,,,,,,,,,,,,,,,,,,,,,,,,,,,,,,,,,,,,,,,,,
1999-2000,2000,East,7,,bucks,1610612749,42,40,0.512,16-12,28-26,23-18,19-22,14.0,,,,,,,,,,,,,,,,,,,,,,,,,,,,,,,,,,,,,,,,,,,,,,,,
1999-2000,2000,East,7,,pistons,1610612765,42,40,0.512,16-12,30-24,27-14,15-26,14.0,,,,,,,,,,,,,,,,,,,,,,,,,,,,,,,,,,,,,,,,,,,,,,,,
1999-2000,2000,East,9,,magic,1610612753,41,41,0.5,12-13,27-27,26-15,15-26,15.0,,,,,,,,,,,,,,,,,,,,,,,,,,,,,,,,,,,,,,,,,,,,,,,,
1999-2000,2000,East,10,,celtics,1610612738,35,47,0.427,12-12,24-30,26-15,9-32,21.0,,,,,,,,,,,,,,,,,,,,,,,,,,,,,,,,,,,,,,,,,,,,,,,,
1999-2000,2000,East,11,,cavaliers,1610612739,32,50,0.39,8-20,20-34,22-19,10-31,24.0,,,,,,,,,,,,,,,,,,,,,,,,,,,,,,,,,,,,,,,,,,,,,,,,
1999-2000,2000,East,12,,nets,1610612751,31,51,0.378,9-16,21-33,22-19,9-32,25.0,,,,,,,,,,,,,,,,,,,,,,,,,,,,,,,,,,,,,,,,,,,,,,,,
1999-2000,2000,East,13,,wizards,1610612764,29,53,0.354,7-17,19-35,17-24,12-29,27.0,,,,,,,,,,,,,,,,,,,,,,,,,,,,,,,,,,,,,,,,,,,,,,,,
1999-2000,2000,East,14,,hawks,1610612737,28,54,0.341,11-17,20-34,21-20,7-34,28.0,,,,,,,,,,,,,,,,,,,,,,,,,,,,,,,,,,,,,,,,,,,,,,,,
1999-2000,2000,East,15,,bulls,1610612741,17,65,0.207,5-23,13-41,12-29,5-36,39.0,,,,,,,,,,,,,,,,,,,,,,,,,,,,,,,,,,,,,,,,,,,,,,,,
2000-2001,2001,East,1,76ers,sixers,1610612755,56,26,0.683,18-6,40-14,29-12,27-14,0.0,,,,,,,,,,,,,,,,,,,,,,,,,,,,,,,,,,,,,,,,,,,,,,,,
2000-2001,2001,East,2,Bucks,bucks,1610612749,52,30,0.634,19-9,38-16,31-10,21-20,4.0,,,,,,,,,,,,,,,,,,,,,,,,,,,,,,,,,,,,,,,,,,,,,,,,
2000-2001,2001,East,3,Heat,heat,1610612748,50,32,0.61,15-10,34-20,29-12,21-20,6.0,,,,,,,,,,,,,,,,,,,,,,,,,,,,,,,,,,,,,,,,,,,,,,,,
2000-2001,2001,East,4,Knicks,knicks,1610612752,48,34,0.585,16-9,32-22,30-11,18-23,8.0,,,,,,,,,,,,,,,,,,,,,,,,,,,,,,,,,,,,,,,,,,,,,,,,
2000-2001,2001,East,5,Raptors,raptors,1610612761,47,35,0.573,18-10,36-18,27-14,20-21,9.0,,,,,,,,,,,,,,,,,,,,,,,,,,,,,,,,,,,,,,,,,,,,,,,,
2000-2001,2001,East,6,Hornets,hornets,1610612766,46,36,0.561,20-8,37-17,28-13,18-23,10.0,,,,,,,,,,,,,,,,,,,,,,,,,,,,,,,,,,,,,,,,,,,,,,,,
2000-2001,2001,East,7,Magic,magic,1610612753,43,39,0.524,14-10,30-24,26-15,17-24,13.0,,,,,,,,,,,,,,,,,,,,,,,,,,,,,,,,,,,,,,,,,,,,,,,,
2000-2001,2001,East,8,Pacers,pacers,1610612754,41,41,0.5,15-13,29-25,26-15,15-26,15.0,,,,,,,,,,,,,,,,,,,,,,,,,,,,,,,,,,,,,,,,,,,,,,,,
2000-2001,2001,East,9,Celtics,celtics,1610612738,36,46,0.439,11-13,24-30,20-21,16-25,20.0,,,,,,,,,,,,,,,,,,,,,,,,,,,,,,,,,,,,,,,,,,,,,,,,
2000-2001,2001,East,10,Pistons,pistons,1610612765,32,50,0.39,16-12,25-29,18-23,14-27,24.0,,,,,,,,,,,,,,,,,,,,,,,,,,,,,,,,,,,,,,,,,,,,,,,,
2000-2001,2001,East,11,Cavaliers,cavaliers,1610612739,30,52,0.366,11-17,22-32,20-21,10-31,26.0,,,,,,,,,,,,,,,,,,,,,,,,,,,,,,,,,,,,,,,,,,,,,,,,
2000-2001,2001,East,12,Nets,nets,1610612751,26,56,0.317,8-16,16-38,18-23,8-33,30.0,,,,,,,,,,,,,,,,,,,,,,,,,,,,,,,,,,,,,,,,,,,,,,,,
2000-2001,2001,East,13,Hawks,hawks,1610612737,25,57,0.305,9-19,16-38,18-23,7-34,31.0,,,,,,,,,,,,,,,,,,,,,,,,,,,,,,,,,,,,,,,,,,,,,,,,
2000-2001,2001,East,14,Wizards,wizards,1610612764,19,63,0.232,3-21,13-41,12-29,7-34,37.0,,,,,,,,,,,,,,,,,,,,,,,,,,,,,,,,,,,,,,,,,,,,,,,,
2000-2001,2001,East,15,Bulls,bulls,1610612741,15,67,0.183,4-24,13-41,10-31,5-36,41.0,,,,,,,,,,,,,,,,,,,,,,,,,,,,,,,,,,,,,,,,,,,,,,,,
2001-2002,2002,East,1,New Jersey,nets,1610612751,52,30,0.634,16-8,35-19,33-8,19-22,0.0,,,,,,,,1,1,1,1,,,,,,,,,,,,,,,,,,,,,,,,,,,,,,,,,,,,,
2001-2002,2002,East,2,Detroit,pistons,1610612765,50,32,0.61,20-8,38-16,26-15,24-17,2.0,,,,,,,,1,0,1,0,,,,,,,,,,,,,,,,,,,,,,,,,,,,,,,,,,,,,
2001-2002,2002,East,3,Boston,celtics,1610612738,49,33,0.598,17-7,35-19,27-14,22-19,3.0,,,,,,,,1,1,0,0,,,,,,,,,,,,,,,,,,,,,,,,,,,,,,,,,,,,,
2001-2002,2002,East,4,Charlotte,hornets,1610612766,44,38,0.537,17-11,31-23,21-20,23-18,8.0,0.0,0.0,0.0,0.0,0.0,0.0,2.0,0,0,0,0,,,,,,,,,,,,,,,,,,,,,,,,,,,,,,,,,,,,,
2001-2002,2002,East,5,Orlando,magic,1610612753,44,38,0.537,12-12,29-25,27-14,17-24,8.0,,,,,,,,1,0,1,0,,,,,,,,,,,,,,,,,,,,,,,,,,,,,,,,,,,,,
2001-2002,2002,East,6,Philadelphia,sixers,1610612755,43,39,0.524,14-11,31-23,22-19,21-20,9.0,,,,,,,,1,0,0,0,,,,,,,,,,,,,,,,,,,,,,,,,,,,,,,,,,,,,
2001-2002,2002,East,7,Toronto,raptors,1610612761,42,40,0.512,17-11,29-25,24-17,18-23,10.0,,,,,,,,1,0,0,0,,,,,,,,,,,,,,,,,,,,,,,,,,,,,,,,,,,,,
2001-2002,2002,East,8,Indiana,pacers,1610612754,42,40,0.512,13-15,27-27,25-16,17-24,10.0,,,,,,,,1,0,0,1,,,,,,,,,,,,,,,,,,,,,,,,,,,,,,,,,,,,,
2001-2002,2002,East,9,Milwaukee,bucks,1610612749,41,41,0.5,17-11,29-25,25-16,16-25,11.0,,,,,,,,0,0,0,1,,,,,,,,,,,,,,,,,,,,,,,,,,,,,,,,,,,,,
2001-2002,2002,East,10,Washington,wizards,1610612764,37,45,0.451,12-13,25-29,22-19,15-26,15.0,,,,,,,,1,0,0,1,,,,,,,,,,,,,,,,,,,,,,,,,,,,,,,,,,,,,
2001-2002,2002,East,11,Miami,heat,1610612748,36,46,0.439,10-14,22-32,18-23,18-23,16.0,,,,,,,,0,0,0,1,,,,,,,,,,,,,,,,,,,,,,,,,,,,,,,,,,,,,
2001-2002,2002,East,12,Atlanta,hawks,1610612737,33,49,0.402,11-17,21-33,23-18,10-31,19.0,,,,,,,,1,0,0,1,,,,,,,,,,,,,,,,,,,,,,,,,,,,,,,,,,,,,
2001-2002,2002,East,13,New York,knicks,1610612752,30,52,0.366,4-20,20-34,19-22,11-30,22.0,,,,,,,,0,0,0,1,,,,,,,,,,,,,,,,,,,,,,,,,,,,,,,,,,,,,
2001-2002,2002,East,14,Cleveland,cavaliers,1610612739,29,53,0.354,12-16,20-34,20-21,9-32,23.0,,,,,,,,1,0,0,1,,,,,,,,,,,,,,,,,,,,,,,,,,,,,,,,,,,,,
2001-2002,2002,East,15,Chicago,bulls,1610612741,21,61,0.256,5-23,13-41,14-27,7-34,31.0,,,,,,,,0,0,0,1,,,,,,,,,,,,,,,,,,,,,,,,,,,,,,,,,,,,,
2002-2003,2003,East,1,Detroit,pistons,1610612765,50,32,0.61,19-9,35-19,30-11,20-21,0.0,,,,,,,,1,1,1,0,,,,,,,,,,,,,,,,,,,,,,,,,,,,,,,,,,,,,
2002-2003,2003,East,2,New Jersey,nets,1610612751,49,33,0.598,16-8,34-20,33-8,16-25,1.0,,,,,,,,1,0,1,1,,,,,,,,,,,,,,,,,,,,,,,,,,,,,,,,,,,,,
2002-2003,2003,East,3,Indiana,pacers,1610612754,48,34,0.585,19-9,35-19,32-9,16-25,2.0,,,,,,,,1,0,0,1,,,,,,,,,,,,,,,,,,,,,,,,,,,,,,,,,,,,,
2002-2003,2003,East,4,Philadelphia,sixers,1610612755,48,34,0.585,17-7,35-19,25-16,23-18,2.0,,,,,,,,1,0,0,0,,,,,,,,,,,,,,,,,,,,,,,,,,,,,,,,,,,,,
2002-2003,2003,East,5,New Orleans,hornets,1610612740,47,35,0.573,17-11,32-22,29-12,18-23,3.0,,,,,,,,1,0,1,0,,,,,,,,,,,,,,,,,,,,,,,,,,,,,,,,,,,,,
2002-2003,2003,East,6,Boston,celtics,1610612738,44,38,0.537,13-12,31-23,25-16,19-22,6.0,,,,,,,,1,1,0,0,,,,,,,,,,,,,,,,,,,,,,,,,,,,,,,,,,,,,
2002-2003,2003,East,7,Milwaukee,bucks,1610612749,42,40,0.512,16-12,32-22,25-16,17-24,8.0,,,,,,,,1,0,0,1,,,,,,,,,,,,,,,,,,,,,,,,,,,,,,,,,,,,,
2002-2003,2003,East,8,Orlando,magic,1610612753,42,40,0.512,14-11,31-23,26-15,16-25,8.0,,,,,,,,1,0,1,0,,,,,,,,,,,,,,,,,,,,,,,,,,,,,,,,,,,,,
2002-2003,2003,East,9,Washington,wizards,1610612764,37,45,0.451,11-13,26-28,23-18,14-27,13.0,,,,,,,,1,0,0,1,,,,,,,,,,,,,,,,,,,,,,,,,,,,,,,,,,,,,
2002-2003,2003,East,10,New York,knicks,1610612752,37,45,0.451,9-15,23-31,24-17,13-28,13.0,,,,,,,,0,0,0,1,,,,,,,,,,,,,,,,,,,,,,,,,,,,,,,,,,,,,
2002-2003,2003,East,11,Atlanta,hawks,1610612737,35,47,0.427,14-14,24-30,26-15,9-32,15.0,,,,,,,,1,0,0,1,,,,,,,,,,,,,,,,,,,,,,,,,,,,,,,,,,,,,
2002-2003,2003,East,12,Chicago,bulls,1610612741,30,52,0.366,12-16,22-32,27-14,3-38,20.0,,,,,,,,0,0,0,1,,,,,,,,,,,,,,,,,,,,,,,,,,,,,,,,,,,,,
2002-2003,2003,East,13,Miami,heat,1610612748,25,57,0.305,5-19,18-36,16-25,9-32,25.0,,,,,,,,0,0,0,1,,,,,,,,,,,,,,,,,,,,,,,,,,,,,,,,,,,,,
2002-2003,2003,East,14,Toronto,raptors,1610612761,24,58,0.293,10-18,18-36,15-26,9-32,26.0,,,,,,,,1,0,0,1,,,,,,,,,,,,,,,,,,,,,,,,,,,,,,,,,,,,,
2002-2003,2003,East,15,Cleveland,cavaliers,1610612739,17,65,0.207,5-23,9-45,14-27,3-38,33.0,,,,,,,,1,0,0,1,,,,,,,,,,,,,,,,,,,,,,,,,,,,,,,,,,,,,
2003-2004,2004,East,1,Indiana,pacers,1610612754,61,21,0.744,61-21,61-21,34-7,27-14,0.0,0.0,0.0,0.0,0.0,0.0,0.0,0.0,1,1,1,1,,,,,,,,,,,,,,,,,,,,,,,,,,,,,,,,,,,,,
2003-2004,2004,East,2,New Jersey,nets,1610612751,47,35,0.573,47-35,47-35,28-13,19-22,14.0,0.0,0.0,0.0,0.0,0.0,0.0,0.0,1,1,1,1,,,,,,,,,,,,,,,,,,,,,,,,,,,,,,,,,,,,,
2003-2004,2004,East,3,Detroit,pistons,1610612765,54,28,0.659,54-28,54-28,31-10,23-18,7.0,0.0,0.0,0.0,0.0,0.0,0.0,0.0,1,0,0,0,,,,,,,,,,,,,,,,,,,,,,,,,,,,,,,,,,,,,
2003-2004,2004,East,4,Miami,heat,1610612748,42,40,0.512,42-40,42-40,29-12,13-28,19.0,0.0,0.0,0.0,0.0,0.0,0.0,0.0,1,1,1,0,,,,,,,,,,,,,,,,,,,,,,,,,,,,,,,,,,,,,
2003-2004,2004,East,5,New Orlean,hornets,1610612740,41,41,0.5,41-41,41-41,25-16,16-25,20.0,0.0,0.0,0.0,0.0,0.0,0.0,1.0,1,1,1,0,,,,,,,,,,,,,,,,,,,,,,,,,,,,,,,,,,,,,
2003-2004,2004,East,6,Milwaukee,bucks,1610612749,41,41,0.5,41-41,41-41,27-14,14-27,20.0,0.0,0.0,0.0,0.0,0.0,0.0,0.0,0,0,0,1,,,,,,,,,,,,,,,,,,,,,,,,,,,,,,,,,,,,,
2003-2004,2004,East,7,New York,knicks,1610612752,39,43,0.476,39-43,39-43,23-18,16-25,22.0,0.0,0.0,0.0,0.0,0.0,0.0,0.0,0,0,0,1,,,,,,,,,,,,,,,,,,,,,,,,,,,,,,,,,,,,,
2003-2004,2004,East,8,Boston,celtics,1610612738,36,46,0.439,36-46,36-46,19-22,17-24,25.0,0.0,0.0,0.0,0.0,0.0,0.0,0.0,1,1,1,0,,,,,,,,,,,,,,,,,,,,,,,,,,,,,,,,,,,,,
2003-2004,2004,East,9,Cleveland,cavaliers,1610612739,35,47,0.427,35-47,35-47,23-18,12-29,26.0,0.0,0.0,0.0,0.0,0.0,0.0,0.0,1,0,1,1,,,,,,,,,,,,,,,,,,,,,,,,,,,,,,,,,,,,,
2003-2004,2004,East,10,Toronto,raptors,1610612761,33,49,0.402,33-49,33-49,18-23,15-26,28.0,0.0,0.0,0.0,0.0,0.0,0.0,1.0,1,0,0,1,,,,,,,,,,,,,,,,,,,,,,,,,,,,,,,,,,,,,
2003-2004,2004,East,11,Philadelph,sixers,1610612755,33,49,0.402,33-49,33-49,21-20,12-29,28.0,0.0,0.0,0.0,0.0,0.0,0.0,0.0,1,0,0,1,,,,,,,,,,,,,,,,,,,,,,,,,,,,,,,,,,,,,
2003-2004,2004,East,12,Atlanta,hawks,1610612737,28,54,0.341,28-54,28-54,18-23,10-31,33.0,0.0,0.0,0.0,0.0,0.0,0.0,0.0,1,0,0,0,,,,,,,,,,,,,,,,,,,,,,,,,,,,,,,,,,,,,
2003-2004,2004,East,13,Washington,wizards,1610612764,25,57,0.305,25-57,25-57,17-24,8-33,36.0,0.0,0.0,0.0,0.0,0.0,0.0,0.0,1,0,0,1,,,,,,,,,,,,,,,,,,,,,,,,,,,,,,,,,,,,,
2003-2004,2004,East,14,Chicago,bulls,1610612741,23,59,0.28,23-59,23-59,14-27,9-32,38.0,0.0,0.0,0.0,0.0,0.0,0.0,0.0,0,0,0,1,,,,,,,,,,,,,,,,,,,,,,,,,,,,,,,,,,,,,
2003-2004,2004,East,15,Orlando,magic,1610612753,21,61,0.256,21-61,21-61,11-30,10-31,40.0,0.0,0.0,0.0,0.0,0.0,0.0,,0,0,1,1,,,,,,,,,,,,,,,,,,,,,,,,,,,,,,,,,,,,,
2004-2005,2005,East,1,Miami,heat,1610612748,59,23,0.72,15-1,41-11,35-6,24-17,0.0,0.0,0.0,0.0,0.0,0.0,0.0,2.0,1,1,1,0,,,,,,,,,,,,,,,,,,,,,,,,,,,,,,,,,,,,,
2004-2005,2005,East,2,Detroit,pistons,1610612765,54,28,0.659,8-8,35-17,32-9,22-19,5.0,0.0,0.0,0.0,0.0,0.0,0.0,0.0,1,0,1,0,,,,,,,,,,,,,,,,,,,,,,,,,,,,,,,,,,,,,
2004-2005,2005,East,3,Chicago,bulls,1610612741,47,35,0.573,8-8,32-20,27-14,20-21,12.0,0.0,0.0,0.0,0.0,0.0,0.0,0.0,1,0,0,0,,,,,,,,,,,,,,,,,,,,,,,,,,,,,,,,,,,,,
2004-2005,2005,East,4,Boston,celtics,1610612738,45,37,0.549,8-8,30-22,27-14,18-23,14.0,0.0,0.0,0.0,0.0,0.0,0.0,1.0,1,0,1,0,,,,,,,,,,,,,,,,,,,,,,,,,,,,,,,,,,,,,
2004-2005,2005,East,5,Washington,wizards,1610612764,45,37,0.549,10-6,28-24,29-12,16-25,14.0,0.0,0.0,0.0,0.0,0.0,0.0,1.0,1,0,0,0,,,,,,,,,,,,,,,,,,,,,,,,,,,,,,,,,,,,,
2004-2005,2005,East,6,Indiana,pacers,1610612754,44,38,0.537,9-7,29-23,25-16,19-22,15.0,0.0,0.0,0.0,0.0,0.0,0.0,1.0,1,0,0,0,,,,,,,,,,,,,,,,,,,,,,,,,,,,,,,,,,,,,
2004-2005,2005,East,7,Philadelphia,sixers,1610612755,43,39,0.524,8-8,33-19,25-16,18-23,16.0,0.0,0.0,0.0,0.0,0.0,0.0,0.0,1,0,0,0,,,,,,,,,,,,,,,,,,,,,,,,,,,,,,,,,,,,,
2004-2005,2005,East,8,New Jersey,nets,1610612751,42,40,0.512,11-5,31-21,24-17,18-23,17.0,0.0,0.0,0.0,0.0,0.0,0.0,1.0,1,0,0,0,,,,,,,,,,,,,,,,,,,,,,,,,,,,,,,,,,,,,
2004-2005,2005,East,9,Cleveland,cavaliers,1610612739,42,40,0.512,7-9,26-26,29-12,13-28,17.0,0.0,0.0,0.0,0.0,0.0,0.0,0.0,0,0,0,1,,,,,,,,,,,,,,,,,,,,,,,,,,,,,,,,,,,,,
2004-2005,2005,East,10,Orlando,magic,1610612753,36,46,0.439,6-10,21-31,24-17,12-29,23.0,0.0,0.0,0.0,0.0,0.0,0.0,0.0,0,0,0,1,,,,,,,,,,,,,,,,,,,,,,,,,,,,,,,,,,,,,
2004-2005,2005,East,11,Toronto,raptors,1610612761,33,49,0.402,7-9,20-32,22-19,11-30,26.0,0.0,0.0,0.0,0.0,0.0,0.0,1.0,0,0,0,1,,,,,,,,,,,,,,,,,,,,,,,,,,,,,,,,,,,,,
2004-2005,2005,East,12,New York,knicks,1610612752,33,49,0.402,6-10,21-31,22-19,11-30,26.0,0.0,0.0,0.0,0.0,0.0,0.0,0.0,0,0,0,1,,,,,,,,,,,,,,,,,,,,,,,,,,,,,,,,,,,,,
2004-2005,2005,East,13,Milwaukee,bucks,1610612749,30,52,0.366,8-8,24-28,23-18,7-34,29.0,0.0,0.0,0.0,0.0,0.0,0.0,0.0,0,0,0,1,,,,,,,,,,,,,,,,,,,,,,,,,,,,,,,,,,,,,
2004-2005,2005,East,14,Charlotte,bobcats,1610612766,18,64,0.22,7-9,11-41,14-27,4-37,41.0,0.0,0.0,0.0,0.0,0.0,0.0,2.0,0,0,0,1,,,,,,,,,,,,,,,,,,,,,,,,,,,,,,,,,,,,,
2004-2005,2005,East,15,Atlanta,hawks,1610612737,13,69,0.159,2-14,8-44,9-32,4-37,46.0,0.0,0.0,0.0,0.0,0.0,0.0,1.0,0,0,0,1,,,,,,,,,,,,,,,,,,,,,,,,,,,,,,,,,,,,,
2005-2006,2006,East,1,Detroit,pistons,1610612765,64,18,0.78,13-3,39-13,37-4,27-14,0.0,0.0,0.0,0.0,0.0,0.0,0.0,0.0,1,1,1,0,,,,,,,,,,,,,,,,,,,,,,,,,,,,,,,,,,,,,
2005-2006,2006,East,2,Miami,heat,1610612748,52,30,0.634,13-3,35-17,31-10,21-20,12.0,0.0,0.0,0.0,0.0,0.0,0.0,0.0,1,0,1,0,,,,,,,,,,,,,,,,,,,,,,,,,,,,,,,,,,,,,
2005-2006,2006,East,3,Cleveland,cavaliers,1610612739,50,32,0.61,11-5,34-18,31-10,19-22,14.0,0.0,0.0,0.0,0.0,0.0,0.0,0.0,1,0,0,0,,,,,,,,,,,,,,,,,,,,,,,,,,,,,,,,,,,,,
2005-2006,2006,East,4,New Jersey,nets,1610612751,49,33,0.598,10-6,33-19,29-12,20-21,15.0,0.0,0.0,0.0,0.0,0.0,0.0,0.0,1,0,1,0,,,,,,,,,,,,,,,,,,,,,,,,,,,,,,,,,,,,,
2005-2006,2006,East,5,Washington,wizards,1610612764,42,40,0.512,8-8,29-23,27-14,15-26,22.0,0.0,0.0,0.0,0.0,0.0,0.0,0.0,1,0,0,0,,,,,,,,,,,,,,,,,,,,,,,,,,,,,,,,,,,,,
2005-2006,2006,East,6,Indiana,pacers,1610612754,41,41,0.5,6-10,24-28,27-14,14-27,23.0,0.0,0.0,0.0,0.0,0.0,0.0,2.0,1,0,0,0,,,,,,,,,,,,,,,,,,,,,,,,,,,,,,,,,,,,,
2005-2006,2006,East,7,Chicago,bulls,1610612741,41,41,0.5,4-12,30-22,21-20,20-21,23.0,0.0,0.0,0.0,0.0,0.0,0.0,,1,0,0,0,,,,,,,,,,,,,,,,,,,,,,,,,,,,,,,,,,,,,
2005-2006,2006,East,8,Milwaukee,bucks,1610612749,40,42,0.481,6-10,29-23,24-16,15-26,24.0,0.0,0.0,0.0,0.0,0.0,0.0,,1,0,0,0,,,,,,,,,,,,,,,,,,,,,,,,,,,,,,,,,,,,,
2005-2006,2006,East,9,Philadelphia,sixers,1610612755,38,44,0.463,10-6,22-30,23-18,15-26,26.0,0.0,0.0,0.0,0.0,0.0,0.0,0.0,0,0,0,1,,,,,,,,,,,,,,,,,,,,,,,,,,,,,,,,,,,,,
2005-2006,2006,East,10,Orlando,magic,1610612753,36,46,0.439,9-7,24-28,26-15,10-31,28.0,0.0,0.0,0.0,0.0,0.0,0.0,,0,0,0,1,,,,,,,,,,,,,,,,,,,,,,,,,,,,,,,,,,,,,
2005-2006,2006,East,11,Boston,celtics,1610612738,33,49,0.402,10-6,19-33,21-20,12-29,31.0,0.0,0.0,0.0,0.0,0.0,0.0,0.0,0,0,0,1,,,,,,,,,,,,,,,,,,,,,,,,,,,,,,,,,,,,,
2005-2006,2006,East,12,Toronto,raptors,1610612761,27,55,0.329,6-10,20-32,15-26,12-29,37.0,0.0,0.0,0.0,0.0,0.0,0.0,0.0,0,0,0,1,,,,,,,,,,,,,,,,,,,,,,,,,,,,,,,,,,,,,
2005-2006,2006,East,13,Charlotte,bobcats,1610612766,26,56,0.317,5-11,18-34,17-24,9-32,38.0,0.0,0.0,0.0,0.0,0.0,0.0,1.0,0,0,0,1,,,,,,,,,,,,,,,,,,,,,,,,,,,,,,,,,,,,,
2005-2006,2006,East,14,Atlanta,hawks,1610612737,26,56,0.317,5-11,19-33,18-23,8-33,38.0,0.0,0.0,0.0,0.0,0.0,0.0,0.0,0,0,0,1,,,,,,,,,,,,,,,,,,,,,,,,,,,,,,,,,,,,,
2005-2006,2006,East,15,New York,knicks,1610612752,23,59,0.28,4-12,15-37,15-26,8-33,41.0,0.0,0.0,0.0,0.0,0.0,0.0,,0,0,0,1,,,,,,,,,,,,,,,,,,,,,,,,,,,,,,,,,,,,,
2006-2007,2007,East,1,Detroit,pistons,1610612765,53,29,0.646,9-7,36-16,26-15,27-14,0.0,0.0,0.0,0.0,0.0,0.0,0.0,,1,1,1,0,,,,,,,,,,,,,,,,,,,,,,,,,,,,,,,,,,,,,
2006-2007,2007,East,2,Cleveland,cavaliers,1610612739,50,32,0.61,10-6,31-21,30-11,20-21,3.0,0.0,0.0,0.0,0.0,0.0,0.0,,1,0,0,0,,,,,,,,,,,,,,,,,,,,,,,,,,,,,,,,,,,,,
2006-2007,2007,East,3,Toronto,raptors,1610612761,47,35,0.573,11-5,33-19,30-11,17-24,6.0,0.0,0.0,0.0,0.0,0.0,0.0,,1,0,1,0,,,,,,,,,,,,,,,,,,,,,,,,,,,,,,,,,,,,,
2006-2007,2007,East,4,Miami,heat,1610612748,44,38,0.537,9-7,27-25,27-14,17-24,9.0,0.0,0.0,0.0,0.0,0.0,0.0,,1,0,1,0,,,,,,,,,,,,,,,,,,,,,,,,,,,,,,,,,,,,,
2006-2007,2007,East,5,Chicago,bulls,1610612741,49,33,0.598,12-4,36-16,31-10,18-23,4.0,0.0,0.0,0.0,0.0,0.0,0.0,,1,0,0,1,,,,,,,,,,,,,,,,,,,,,,,,,,,,,,,,,,,,,
2006-2007,2007,East,6,New Jersey,nets,1610612751,41,41,0.5,10-6,31-21,24-17,17-24,12.0,0.0,0.0,0.0,0.0,0.0,0.0,1.0,1,0,0,1,,,,,,,,,,,,,,,,,,,,,,,,,,,,,,,,,,,,,
2006-2007,2007,East,7,Washington,wizards,1610612764,41,41,0.5,8-8,27-25,26-15,15-26,12.0,0.0,0.0,0.0,0.0,0.0,0.0,,1,0,0,0,,,,,,,,,,,,,,,,,,,,,,,,,,,,,,,,,,,,,
2006-2007,2007,East,8,Orlando,magic,1610612753,40,42,0.488,9-7,26-26,25-16,15-26,13.0,0.0,0.0,0.0,0.0,0.0,0.0,,1,0,1,0,,,,,,,,,,,,,,,,,,,,,,,,,,,,,,,,,,,,,
2006-2007,2007,East,9,Indiana,pacers,1610612754,35,47,0.427,8-8,25-27,22-19,13-28,18.0,0.0,0.0,0.0,0.0,0.0,0.0,3.0,0,0,0,1,,,,,,,,,,,,,,,,,,,,,,,,,,,,,,,,,,,,,
2006-2007,2007,East,10,Philadelphia,sixers,1610612755,35,47,0.427,9-7,24-28,21-20,14-27,18.0,0.0,0.0,0.0,0.0,0.0,0.0,,1,0,0,1,,,,,,,,,,,,,,,,,,,,,,,,,,,,,,,,,,,,,
2006-2007,2007,East,11,Charlotte,bobcats,1610612766,33,49,0.402,9-7,24-28,20-21,13-28,20.0,0.0,0.0,0.0,0.0,0.0,0.0,3.0,1,0,0,1,,,,,,,,,,,,,,,,,,,,,,,,,,,,,,,,,,,,,
2006-2007,2007,East,12,New York,knicks,1610612752,33,49,0.402,3-13,22-30,19-22,14-27,20.0,0.0,0.0,0.0,0.0,0.0,0.0,,0,0,0,1,,,,,,,,,,,,,,,,,,,,,,,,,,,,,,,,,,,,,
2006-2007,2007,East,13,Atlanta,hawks,1610612737,30,52,0.366,5-11,17-35,18-23,12-29,23.0,0.0,0.0,0.0,0.0,0.0,0.0,,1,0,0,1,,,,,,,,,,,,,,,,,,,,,,,,,,,,,,,,,,,,,
2006-2007,2007,East,14,Milwaukee,bucks,1610612749,28,54,0.341,1-15,15-37,18-23,10-31,25.0,0.0,0.0,0.0,0.0,0.0,0.0,,0,0,0,1,,,,,,,,,,,,,,,,,,,,,,,,,,,,,,,,,,,,,
2006-2007,2007,East,15,Boston,celtics,1610612738,24,58,0.293,7-9,16-36,12-29,12-29,29.0,0.0,0.0,0.0,0.0,0.0,0.0,,0,1,0,1,,,,,,,,,,,,,,,,,,,,,,,,,,,,,,,,,,,,,
2007-2008,2008,East,1,Boston,celtics,1610612738,66,16,0.805,14-2,41-11,35-6,31-10,0.0,0.0,0.0,0.0,0.0,0.0,0.0,,1,1,1,0,,,,,,,,,,,,,,,,,,,,,,,,,,,,,,,,,,,,,
2007-2008,2008,East,2,Detroit,pistons,1610612765,59,23,0.72,11-5,37-15,34-7,25-16,7.0,0.0,0.0,0.0,0.0,0.0,0.0,,1,0,1,0,,,,,,,,,,,,,,,,,,,,,,,,,,,,,,,,,,,,,
2007-2008,2008,East,3,Orlando,magic,1610612753,52,30,0.634,12-4,38-14,25-16,27-14,14.0,0.0,0.0,0.0,0.0,0.0,0.0,,1,0,1,0,,,,,,,,,,,,,,,,,,,,,,,,,,,,,,,,,,,,,
2007-2008,2008,East,4,Cleveland,cavaliers,1610612739,45,37,0.549,7-9,28-24,27-14,18-23,21.0,0.0,0.0,0.0,0.0,0.0,0.0,,1,0,0,0,,,,,,,,,,,,,,,,,,,,,,,,,,,,,,,,,,,,,
2007-2008,2008,East,5,Washington,wizards,1610612764,43,39,0.524,10-6,29-23,25-16,18-23,23.0,0.0,0.0,0.0,0.0,0.0,0.0,,1,0,0,0,,,,,,,,,,,,,,,,,,,,,,,,,,,,,,,,,,,,,
2007-2008,2008,East,6,Toronto,raptors,1610612761,41,41,0.5,10-6,29-23,25-16,16-25,25.0,0.0,0.0,0.0,0.0,0.0,0.0,,1,0,0,0,,,,,,,,,,,,,,,,,,,,,,,,,,,,,,,,,,,,,
2007-2008,2008,East,7,Philadelphia,sixers,1610612755,40,42,0.488,7-9,25-27,22-19,18-23,26.0,0.0,0.0,0.0,0.0,0.0,0.0,,1,0,0,0,,,,,,,,,,,,,,,,,,,,,,,,,,,,,,,,,,,,,
2007-2008,2008,East,8,Atlanta,hawks,1610612737,37,45,0.451,9-7,24-28,25-16,12-29,29.0,0.0,0.0,0.0,0.0,0.0,0.0,,1,0,0,0,,,,,,,,,,,,,,,,,,,,,,,,,,,,,,,,,,,,,
2007-2008,2008,East,9,Indiana,pacers,1610612754,36,46,0.439,5-11,24-28,21-20,15-26,30.0,0.0,0.0,0.0,0.0,0.0,0.0,,0,0,0,1,,,,,,,,,,,,,,,,,,,,,,,,,,,,,,,,,,,,,
2007-2008,2008,East,10,New Jersey,nets,1610612751,34,48,0.415,4-12,26-26,21-20,13-28,32.0,0.0,0.0,0.0,0.0,0.0,0.0,,0,0,0,1,,,,,,,,,,,,,,,,,,,,,,,,,,,,,,,,,,,,,
2007-2008,2008,East,11,Chicago,bulls,1610612741,33,49,0.402,11-5,24-28,20-21,13-28,33.0,0.0,0.0,0.0,0.0,0.0,0.0,,0,0,0,1,,,,,,,,,,,,,,,,,,,,,,,,,,,,,,,,,,,,,
2007-2008,2008,East,12,Charlotte,bobcats,1610612766,32,50,0.39,7-9,19-33,21-20,11-30,34.0,0.0,0.0,0.0,0.0,0.0,0.0,,0,0,0,1,,,,,,,,,,,,,,,,,,,,,,,,,,,,,,,,,,,,,
2007-2008,2008,East,13,Milwaukee,bucks,1610612749,26,56,0.317,6-10,18-34,19-22,7-34,40.0,0.0,0.0,0.0,0.0,0.0,0.0,,0,0,0,1,,,,,,,,,,,,,,,,,,,,,,,,,,,,,,,,,,,,,
2007-2008,2008,East,14,New York,knicks,1610612752,23,59,0.28,5-11,20-32,15-26,8-33,43.0,0.0,0.0,0.0,0.0,0.0,0.0,,0,0,0,1,,,,,,,,,,,,,,,,,,,,,,,,,,,,,,,,,,,,,
2007-2008,2008,East,15,Miami,heat,1610612748,15,67,0.183,2-14,8-44,9-32,6-35,51.0,0.0,0.0,0.0,0.0,0.0,0.0,,0,0,0,1,,,,,,,,,,,,,,,,,,,,,,,,,,,,,,,,,,,,,
2008-2009,2009,East,1,Cleveland,cavaliers,1610612739,66,16,0.805,13-3,40-12,39-2,27-14,0.0,0.0,0.0,0.0,0.0,0.0,0.0,0.0,1,1,1,0,,,,,,,,,,,,,,,,,,,,,,,,,,,,,,,,,,,,,
2008-2009,2009,East,2,Boston,celtics,1610612738,62,20,0.756,15-1,41-11,35-6,27-14,4.0,0.0,0.0,0.0,0.0,0.0,0.0,0.0,1,0,1,0,,,,,,,,,,,,,,,,,,,,,,,,,,,,,,,,,,,,,
2008-2009,2009,East,3,Orlando,magic,1610612753,59,23,0.72,14-2,37-15,32-9,27-14,7.0,0.0,0.0,0.0,0.0,0.0,0.0,0.0,1,0,1,0,,,,,,,,,,,,,,,,,,,,,,,,,,,,,,,,,,,,,
2008-2009,2009,East,4,Atlanta,hawks,1610612737,47,35,0.573,11-5,30-22,31-10,16-25,19.0,0.0,0.0,0.0,0.0,0.0,0.0,0.0,1,0,0,0,,,,,,,,,,,,,,,,,,,,,,,,,,,,,,,,,,,,,
2008-2009,2009,East,5,Miami,heat,1610612748,43,39,0.524,9-7,28-24,28-13,15-26,23.0,0.0,0.0,0.0,0.0,0.0,0.0,0.0,1,0,0,0,,,,,,,,,,,,,,,,,,,,,,,,,,,,,,,,,,,,,
2008-2009,2009,East,6,Philadelphia,sixers,1610612755,41,41,0.5,6-10,25-27,24-17,17-24,25.0,0.0,0.0,0.0,0.0,0.0,0.0,4.0,1,0,0,0,,,,,,,,,,,,,,,,,,,,,,,,,,,,,,,,,,,,,
2008-2009,2009,East,7,Chicago,bulls,1610612741,41,41,0.5,9-7,24-28,28-13,13-28,25.0,0.0,0.0,0.0,0.0,0.0,0.0,0.0,1,0,0,0,,,,,,,,,,,,,,,,,,,,,,,,,,,,,,,,,,,,,
2008-2009,2009,East,8,Detroit,pistons,1610612765,39,43,0.476,7-9,26-26,21-20,18-23,27.0,0.0,0.0,0.0,0.0,0.0,0.0,0.0,1,0,0,0,,,,,,,,,,,,,,,,,,,,,,,,,,,,,,,,,,,,,
2008-2009,2009,East,9,Indiana,pacers,1610612754,36,46,0.439,7-9,23-29,25-16,11-30,30.0,0.0,0.0,0.0,0.0,0.0,0.0,0.0,0,0,0,1,,,,,,,,,,,,,,,,,,,,,,,,,,,,,,,,,,,,,
2008-2009,2009,East,10,Charlotte,bobcats,1610612766,35,47,0.427,5-11,20-32,23-18,12-29,31.0,0.0,0.0,0.0,0.0,0.0,0.0,0.0,0,0,0,1,,,,,,,,,,,,,,,,,,,,,,,,,,,,,,,,,,,,,
2008-2009,2009,East,11,New Jersey,nets,1610612751,34,48,0.415,8-8,23-29,19-22,15-26,32.0,0.0,0.0,0.0,0.0,0.0,0.0,4.0,0,0,0,1,,,,,,,,,,,,,,,,,,,,,,,,,,,,,,,,,,,,,
2008-2009,2009,East,12,Milwaukee,bucks,1610612749,34,48,0.415,4-12,21-31,22-19,12-29,32.0,0.0,0.0,0.0,0.0,0.0,0.0,0.0,0,0,0,1,,,,,,,,,,,,,,,,,,,,,,,,,,,,,,,,,,,,,
2008-2009,2009,East,13,Toronto,raptors,1610612761,33,49,0.402,6-10,22-30,18-23,15-26,33.0,0.0,0.0,0.0,0.0,0.0,0.0,0.0,0,0,0,1,,,,,,,,,,,,,,,,,,,,,,,,,,,,,,,,,,,,,
2008-2009,2009,East,14,New York,knicks,1610612752,32,50,0.39,5-11,20-32,20-21,12-29,34.0,0.0,0.0,0.0,0.0,0.0,0.0,0.0,0,0,0,1,,,,,,,,,,,,,,,,,,,,,,,,,,,,,,,,,,,,,
2008-2009,2009,East,15,Washington,wizards,1610612764,19,63,0.232,1-15,10-42,13-28,6-35,47.0,0.0,0.0,0.0,0.0,0.0,0.0,0.0,0,0,0,1,,,,,,,,,,,,,,,,,,,,,,,,,,,,,,,,,,,,,
2009-2010,2010,East,1,Cleveland,cavaliers,1610612739,61,21,0.744,12-4,38-14,35-6,26-15,0.0,0.0,0.0,0.0,0.0,0.0,0.0,0.0,1,1,1,0,,,,,,,,,,,,,,,,,,,,,,,,,,,,,,,,,,,,,
2009-2010,2010,East,2,Orlando,magic,1610612753,59,23,0.72,10-6,39-13,34-7,25-16,2.0,0.0,0.0,0.0,0.0,0.0,0.0,0.0,1,0,1,0,,,,,,,,,,,,,,,,,,,,,,,,,,,,,,,,,,,,,
2009-2010,2010,East,3,Atlanta,hawks,1610612737,53,29,0.646,8-8,32-20,34-7,19-22,8.0,0.0,0.0,0.0,0.0,0.0,0.0,0.0,1,0,0,0,,,,,,,,,,,,,,,,,,,,,,,,,,,,,,,,,,,,,
2009-2010,2010,East,4,Boston,celtics,1610612738,50,32,0.61,13-3,33-19,24-17,26-15,11.0,0.0,0.0,0.0,0.0,0.0,0.0,0.0,1,0,1,0,,,,,,,,,,,,,,,,,,,,,,,,,,,,,,,,,,,,,
2009-2010,2010,East,5,Miami,heat,1610612748,47,35,0.573,9-7,32-20,24-17,23-18,14.0,0.0,0.0,0.0,0.0,0.0,0.0,0.0,1,0,0,0,,,,,,,,,,,,,,,,,,,,,,,,,,,,,,,,,,,,,
2009-2010,2010,East,6,Milwaukee,bucks,1610612749,46,36,0.561,10-6,31-21,28-13,18-23,15.0,0.0,0.0,0.0,0.0,0.0,0.0,0.0,1,0,0,0,,,,,,,,,,,,,,,,,,,,,,,,,,,,,,,,,,,,,
2009-2010,2010,East,7,Charlotte,bobcats,1610612766,44,38,0.537,10-6,27-25,31-10,13-28,17.0,0.0,0.0,0.0,0.0,0.0,0.0,0.0,1,0,0,0,,,,,,,,,,,,,,,,,,,,,,,,,,,,,,,,,,,,,
2009-2010,2010,East,8,Chicago,bulls,1610612741,41,41,0.5,10-6,28-24,24-17,17-24,20.0,0.0,0.0,0.0,0.0,0.0,0.0,0.0,1,0,0,0,,,,,,,,,,,,,,,,,,,,,,,,,,,,,,,,,,,,,
2009-2010,2010,East,9,Toronto,raptors,1610612761,40,42,0.488,11-5,29-23,25-16,15-26,21.0,0.0,0.0,0.0,0.0,0.0,0.0,0.0,0,0,0,1,,,,,,,,,,,,,,,,,,,,,,,,,,,,,,,,,,,,,
2009-2010,2010,East,10,Indiana,pacers,1610612754,32,50,0.39,6-10,23-29,23-18,9-32,29.0,0.0,0.0,0.0,0.0,0.0,0.0,0.0,0,0,0,1,,,,,,,,,,,,,,,,,,,,,,,,,,,,,,,,,,,,,
2009-2010,2010,East,11,New York,knicks,1610612752,29,53,0.354,6-10,20-32,18-23,11-30,32.0,0.0,0.0,0.0,0.0,0.0,0.0,0.0,0,0,0,1,,,,,,,,,,,,,,,,,,,,,,,,,,,,,,,,,,,,,
2009-2010,2010,East,12,Detroit,pistons,1610612765,27,55,0.329,2-14,18-34,17-24,10-31,34.0,0.0,0.0,0.0,0.0,0.0,0.0,2.0,0,0,0,1,,,,,,,,,,,,,,,,,,,,,,,,,,,,,,,,,,,,,
2009-2010,2010,East,13,Philadelphia,sixers,1610612755,27,55,0.329,7-9,14-38,12-29,15-26,34.0,0.0,0.0,0.0,0.0,0.0,0.0,0.0,0,0,0,1,,,,,,,,,,,,,,,,,,,,,,,,,,,,,,,,,,,,,
2009-2010,2010,East,14,Washington,wizards,1610612764,26,56,0.317,3-13,18-34,15-26,11-30,35.0,0.0,0.0,0.0,0.0,0.0,0.0,0.0,0,0,0,1,,,,,,,,,,,,,,,,,,,,,,,,,,,,,,,,,,,,,
2009-2010,2010,East,15,New Jersey,nets,1610612751,12,70,0.146,3-13,8-44,8-33,4-37,49.0,0.0,0.0,0.0,0.0,0.0,0.0,0.0,0,0,0,1,,,,,,,,,,,,,,,,,,,,,,,,,,,,,,,,,,,,,
2010-2011,2011,East,1,Chicago,bulls,1610612741,62,20,0.756,15-1,39-13,36-5,26-15,0.0,0.0,0.0,0.0,0.0,0.0,0.0,0.0,1,1,1,0,,,,,,,,,,,,,,,,,,,,,,,,,,,,,,,,,,,,,
2010-2011,2011,East,2,Miami,heat,1610612748,58,24,0.707,13-3,38-14,30-11,28-13,4.0,0.0,0.0,0.0,0.0,0.0,0.0,0.0,1,0,1,0,,,,,,,,,,,,,,,,,,,,,,,,,,,,,,,,,,,,,
2010-2011,2011,East,3,Boston,celtics,1610612738,56,26,0.683,13-3,37-15,33-8,23-18,6.0,0.0,0.0,0.0,0.0,0.0,0.0,0.0,1,0,1,0,,,,,,,,,,,,,,,,,,,,,,,,,,,,,,,,,,,,,
2010-2011,2011,East,4,Orlando,magic,1610612753,52,30,0.634,11-5,36-16,29-12,23-18,10.0,0.0,0.0,0.0,0.0,0.0,0.0,0.0,1,0,0,0,,,,,,,,,,,,,,,,,,,,,,,,,,,,,,,,,,,,,
2010-2011,2011,East,5,Atlanta,hawks,1610612737,44,38,0.537,9-7,31-21,24-17,20-21,18.0,0.0,0.0,0.0,0.0,0.0,0.0,0.0,1,0,0,0,,,,,,,,,,,,,,,,,,,,,,,,,,,,,,,,,,,,,
2010-2011,2011,East,6,New York,knicks,1610612752,42,40,0.512,10-6,28-24,23-18,19-22,20.0,0.0,0.0,0.0,0.0,0.0,0.0,0.0,1,0,0,0,,,,,,,,,,,,,,,,,,,,,,,,,,,,,,,,,,,,,
2010-2011,2011,East,7,Philadelphia,sixers,1610612755,41,41,0.5,9-7,25-27,26-15,15-26,21.0,0.0,0.0,0.0,0.0,0.0,0.0,0.0,1,0,0,0,,,,,,,,,,,,,,,,,,,,,,,,,,,,,,,,,,,,,
2010-2011,2011,East,8,Indiana,pacers,1610612754,37,45,0.451,9-7,28-24,24-17,13-28,25.0,0.0,0.0,0.0,0.0,0.0,0.0,0.0,1,0,0,0,,,,,,,,,,,,,,,,,,,,,,,,,,,,,,,,,,,,,
2010-2011,2011,East,9,Milwaukee,bucks,1610612749,35,47,0.427,6-10,26-26,22-19,13-28,27.0,0.0,0.0,0.0,0.0,0.0,0.0,0.0,0,0,0,1,,,,,,,,,,,,,,,,,,,,,,,,,,,,,,,,,,,,,
2010-2011,2011,East,10,Charlotte,bobcats,1610612766,34,48,0.415,4-12,22-30,21-20,13-28,28.0,0.0,0.0,0.0,0.0,0.0,0.0,0.0,0,0,0,1,,,,,,,,,,,,,,,,,,,,,,,,,,,,,,,,,,,,,
2010-2011,2011,East,11,Detroit,pistons,1610612765,30,52,0.366,7-9,22-30,21-20,9-32,32.0,0.0,0.0,0.0,0.0,0.0,0.0,0.0,0,0,0,1,,,,,,,,,,,,,,,,,,,,,,,,,,,,,,,,,,,,,
2010-2011,2011,East,12,New Jersey,nets,1610612751,24,58,0.293,3-13,13-39,19-22,5-36,38.0,0.0,0.0,0.0,0.0,0.0,0.0,0.0,0,0,0,1,,,,,,,,,,,,,,,,,,,,,,,,,,,,,,,,,,,,,
2010-2011,2011,East,13,Washington,wizards,1610612764,23,59,0.28,3-13,16-36,20-21,3-38,39.0,0.0,0.0,0.0,0.0,0.0,0.0,0.0,0,0,0,1,,,,,,,,,,,,,,,,,,,,,,,,,,,,,,,,,,,,,
2010-2011,2011,East,14,Toronto,raptors,1610612761,22,60,0.268,5-11,14-38,16-25,6-35,40.0,0.0,0.0,0.0,0.0,0.0,0.0,0.0,0,0,0,1,,,,,,,,,,,,,,,,,,,,,,,,,,,,,,,,,,,,,
2010-2011,2011,East,15,Cleveland,cavaliers,1610612739,19,63,0.232,3-13,15-37,12-29,7-34,43.0,0.0,0.0,0.0,0.0,0.0,0.0,0.0,0,0,0,1,,,,,,,,,,,,,,,,,,,,,,,,,,,,,,,,,,,,,
2011-2012,2012,East,1,Chicago,bulls,1610612741,50,16,0.758,13-1,38-10,26-7,24-9,0.0,0.0,0.0,0.0,0.0,0.0,0.0,0.0,1,1,1,0,,,,,,,,,,,,,,,,,,,,,,,,,,,,,,,,,,,,,
2011-2012,2012,East,2,Miami,heat,1610612748,46,20,0.697,9-5,35-13,28-5,18-15,4.0,0.0,0.0,0.0,0.0,0.0,0.0,0.0,1,0,1,0,,,,,,,,,,,,,,,,,,,,,,,,,,,,,,,,,,,,,
2011-2012,2012,East,3,Indiana,pacers,1610612754,42,24,0.636,9-4,29-19,23-10,19-14,8.0,0.0,0.0,0.0,0.0,0.0,0.0,0.0,1,0,0,0,,,,,,,,,,,,,,,,,,,,,,,,,,,,,,,,,,,,,
2011-2012,2012,East,4,Boston,celtics,1610612738,39,27,0.591,8-6,32-16,24-9,15-18,11.0,0.0,0.0,0.0,0.0,0.0,0.0,0.0,1,0,1,0,,,,,,,,,,,,,,,,,,,,,,,,,,,,,,,,,,,,,
2011-2012,2012,East,5,Atlanta,hawks,1610612737,40,26,0.606,11-3,31-17,23-10,17-16,10.0,0.0,0.0,0.0,0.0,0.0,0.0,0.0,1,0,0,0,,,,,,,,,,,,,,,,,,,,,,,,,,,,,,,,,,,,,
2011-2012,2012,East,6,Orlando,magic,1610612753,37,29,0.561,8-7,30-18,21-12,16-17,13.0,0.0,0.0,0.0,0.0,0.0,0.0,0.0,1,0,0,0,,,,,,,,,,,,,,,,,,,,,,,,,,,,,,,,,,,,,
2011-2012,2012,East,7,New York,knicks,1610612752,36,30,0.545,8-6,28-20,22-11,14-19,14.0,0.0,0.0,0.0,0.0,0.0,0.0,0.0,1,0,0,0,,,,,,,,,,,,,,,,,,,,,,,,,,,,,,,,,,,,,
2011-2012,2012,East,8,Philadelphia,sixers,1610612755,35,31,0.53,7-6,28-20,19-14,16-17,15.0,0.0,0.0,0.0,0.0,0.0,0.0,0.0,1,0,0,0,,,,,,,,,,,,,,,,,,,,,,,,,,,,,,,,,,,,,
2011-2012,2012,East,9,Milwaukee,bucks,1610612749,31,35,0.47,7-8,24-24,17-16,14-19,19.0,0.0,0.0,0.0,0.0,0.0,0.0,0.0,0,0,0,1,,,,,,,,,,,,,,,,,,,,,,,,,,,,,,,,,,,,,
2011-2012,2012,East,10,Detroit,pistons,1610612765,25,41,0.379,4-11,20-28,18-15,7-26,25.0,0.0,0.0,0.0,0.0,0.0,0.0,0.0,0,0,0,1,,,,,,,,,,,,,,,,,,,,,,,,,,,,,,,,,,,,,
2011-2012,2012,East,11,Toronto,raptors,1610612761,23,43,0.348,7-8,15-33,13-20,10-23,27.0,0.0,0.0,0.0,0.0,0.0,0.0,0.0,0,0,0,1,,,,,,,,,,,,,,,,,,,,,,,,,,,,,,,,,,,,,
2011-2012,2012,East,12,New Jersey,nets,1610612751,22,44,0.333,5-9,16-32,9-24,13-20,28.0,0.0,0.0,0.0,0.0,0.0,0.0,0.0,0,0,0,1,,,,,,,,,,,,,,,,,,,,,,,,,,,,,,,,,,,,,
2011-2012,2012,East,13,Cleveland,cavaliers,1610612739,21,45,0.318,3-12,13-35,11-22,10-23,29.0,0.0,0.0,0.0,0.0,0.0,0.0,0.0,0,0,0,1,,,,,,,,,,,,,,,,,,,,,,,,,,,,,,,,,,,,,
2011-2012,2012,East,14,Washington,wizards,1610612764,20,46,0.303,7-7,16-32,11-22,9-24,30.0,0.0,0.0,0.0,0.0,0.0,0.0,0.0,0,0,0,1,,,,,,,,,,,,,,,,,,,,,,,,,,,,,,,,,,,,,
2011-2012,2012,East,15,Charlotte,bobcats,1610612766,7,59,0.106,1-14,5-43,4-29,3-30,43.0,0.0,0.0,0.0,0.0,0.0,0.0,0.0,0,0,0,1,,,,,,,,,,,,,,,,,,,,,,,,,,,,,,,,,,,,,
2012-2013,2013,East,1,Miami,heat,1610612748,66,16,0.805,15-1,41-11,37-4,29-12,0.0,0.0,0.0,0.0,0.0,0.0,0.0,0.0,1,1,1,0,,,,,,,,,,,,,,,,,,,,,,,,,,,,,,,,,,,,,
2012-2013,2013,East,2,New York,knicks,1610612752,54,28,0.659,10-6,37-15,31-10,23-18,12.0,0.0,0.0,0.0,0.0,0.0,0.0,0.0,1,0,1,0,,,,,,,,,,,,,,,,,,,,,,,,,,,,,,,,,,,,,
2012-2013,2013,East,3,Indiana,pacers,1610612754,49,32,0.605,13-3,31-20,30-11,19-21,16.5,0.0,0.0,0.0,0.0,0.0,0.0,0.0,1,0,1,0,,,,,,,,,,,,,,,,,,,,,,,,,,,,,,,,,,,,,
2012-2013,2013,East,4,Brooklyn,nets,1610612751,49,33,0.598,11-5,36-16,26-15,23-18,17.0,0.0,0.0,0.0,0.0,0.0,0.0,0.0,1,0,0,0,,,,,,,,,,,,,,,,,,,,,,,,,,,,,,,,,,,,,
2012-2013,2013,East,5,Chicago,bulls,1610612741,45,37,0.549,9-7,34-18,24-17,21-20,21.0,0.0,0.0,0.0,0.0,0.0,0.0,0.0,1,0,0,0,,,,,,,,,,,,,,,,,,,,,,,,,,,,,,,,,,,,,
2012-2013,2013,East,6,Atlanta,hawks,1610612737,44,38,0.537,11-5,29-23,25-16,19-22,22.0,0.0,0.0,0.0,0.0,0.0,0.0,0.0,1,0,0,0,,,,,,,,,,,,,,,,,,,,,,,,,,,,,,,,,,,,,
2012-2013,2013,East,7,Boston,celtics,1610612738,41,40,0.506,7-9,27-24,27-13,14-27,24.5,0.0,0.0,0.0,0.0,0.0,0.0,0.0,1,0,0,0,,,,,,,,,,,,,,,,,,,,,,,,,,,,,,,,,,,,,
2012-2013,2013,East,8,Milwaukee,bucks,1610612749,38,44,0.463,7-9,24-28,21-20,17-24,28.0,0.0,0.0,0.0,0.0,0.0,0.0,0.0,1,0,0,0,,,,,,,,,,,,,,,,,,,,,,,,,,,,,,,,,,,,,
2012-2013,2013,East,9,Philadelphia,sixers,1610612755,34,48,0.415,7-9,22-30,23-18,11-30,32.0,0.0,0.0,0.0,0.0,0.0,0.0,2.0,0,0,0,1,,,,,,,,,,,,,,,,,,,,,,,,,,,,,,,,,,,,,
2012-2013,2013,East,10,Toronto,raptors,1610612761,34,48,0.415,5-11,22-30,21-20,13-28,32.0,0.0,0.0,0.0,0.0,0.0,0.0,0.0,0,0,0,1,,,,,,,,,,,,,,,,,,,,,,,,,,,,,,,,,,,,,
2012-2013,2013,East,11,Detroit,pistons,1610612765,29,53,0.354,8-8,25-27,18-23,11-30,37.0,0.0,0.0,0.0,0.0,0.0,0.0,2.0,0,0,0,1,,,,,,,,,,,,,,,,,,,,,,,,,,,,,,,,,,,,,
2012-2013,2013,East,12,Washington,wizards,1610612764,29,53,0.354,5-11,15-37,22-19,7-34,37.0,0.0,0.0,0.0,0.0,0.0,0.0,0.0,0,0,0,1,,,,,,,,,,,,,,,,,,,,,,,,,,,,,,,,,,,,,
2012-2013,2013,East,13,Cleveland,cavaliers,1610612739,24,58,0.293,3-13,18-34,14-27,10-31,42.0,0.0,0.0,0.0,0.0,0.0,0.0,0.0,0,0,0,1,,,,,,,,,,,,,,,,,,,,,,,,,,,,,,,,,,,,,
2012-2013,2013,East,14,Charlotte,bobcats,1610612766,21,61,0.256,6-10,18-34,15-26,6-35,45.0,0.0,0.0,0.0,0.0,0.0,0.0,0.0,0,0,0,1,,,,,,,,,,,,,,,,,,,,,,,,,,,,,,,,,,,,,
2012-2013,2013,East,15,Orlando,magic,1610612753,20,62,0.244,3-13,10-42,12-29,8-33,46.0,0.0,0.0,0.0,0.0,0.0,0.0,0.0,0,0,0,1,,,,,,,,,,,,,,,,,,,,,,,,,,,,,,,,,,,,,
2013-2014,2014,East,1,Indiana,pacers,1610612754,56,26,0.683,12-4,38-14,35-6,21-20,0.0,0.0,0.0,0.0,0.0,0.0,0.0,0.0,1,1,1,0,,,,,,,,,,,,,,,,,,,,,,,,,,,,,,,,,,,,,
2013-2014,2014,East,2,Miami,heat,1610612748,54,28,0.659,12-4,34-18,32-9,22-19,2.0,0.0,0.0,0.0,0.0,0.0,0.0,0.0,1,0,1,0,,,,,,,,,,,,,,,,,,,,,,,,,,,,,,,,,,,,,
2013-2014,2014,East,3,Toronto,raptors,1610612761,48,34,0.585,11-5,32-20,26-15,22-19,8.0,0.0,0.0,0.0,0.0,0.0,0.0,1.0,1,0,1,0,,,,,,,,,,,,,,,,,,,,,,,,,,,,,,,,,,,,,
2013-2014,2014,East,4,Chicago,bulls,1610612741,48,34,0.585,11-5,35-17,27-14,21-20,8.0,0.0,0.0,0.0,0.0,0.0,0.0,0.0,1,0,0,0,,,,,,,,,,,,,,,,,,,,,,,,,,,,,,,,,,,,,
2013-2014,2014,East,5,Washington,wizards,1610612764,44,38,0.537,10-6,33-19,22-19,22-19,12.0,0.0,0.0,0.0,0.0,0.0,0.0,2.0,1,0,0,0,,,,,,,,,,,,,,,,,,,,,,,,,,,,,,,,,,,,,
2013-2014,2014,East,6,Brooklyn,nets,1610612751,44,38,0.537,9-7,26-26,28-13,16-25,12.0,0.0,0.0,0.0,0.0,0.0,0.0,0.0,1,0,0,0,,,,,,,,,,,,,,,,,,,,,,,,,,,,,,,,,,,,,
2013-2014,2014,East,7,Charlotte,bobcats,1610612766,43,39,0.524,6-10,30-22,25-16,18-23,13.0,0.0,0.0,0.0,0.0,0.0,0.0,0.0,1,0,0,0,,,,,,,,,,,,,,,,,,,,,,,,,,,,,,,,,,,,,
2013-2014,2014,East,8,Atlanta,hawks,1610612737,38,44,0.463,8-8,28-24,24-17,14-27,18.0,0.0,0.0,0.0,0.0,0.0,0.0,0.0,1,0,0,0,,,,,,,,,,,,,,,,,,,,,,,,,,,,,,,,,,,,,
2013-2014,2014,East,9,New York,knicks,1610612752,37,45,0.451,10-6,26-26,19-22,18-23,19.0,0.0,0.0,0.0,0.0,0.0,0.0,0.0,0,0,0,1,,,,,,,,,,,,,,,,,,,,,,,,,,,,,,,,,,,,,
2013-2014,2014,East,10,Cleveland,cavaliers,1610612739,33,49,0.402,7-9,21-31,19-22,14-27,23.0,0.0,0.0,0.0,0.0,0.0,0.0,0.0,0,0,0,1,,,,,,,,,,,,,,,,,,,,,,,,,,,,,,,,,,,,,
2013-2014,2014,East,11,Detroit,pistons,1610612765,29,53,0.354,6-10,23-29,17-24,12-29,27.0,0.0,0.0,0.0,0.0,0.0,0.0,0.0,0,0,0,1,,,,,,,,,,,,,,,,,,,,,,,,,,,,,,,,,,,,,
2013-2014,2014,East,12,Boston,celtics,1610612738,25,57,0.305,5-11,21-31,16-25,9-32,31.0,0.0,0.0,0.0,0.0,0.0,0.0,0.0,0,0,0,1,,,,,,,,,,,,,,,,,,,,,,,,,,,,,,,,,,,,,
2013-2014,2014,East,13,Orlando,magic,1610612753,23,59,0.28,4-12,17-35,19-22,4-37,33.0,0.0,0.0,0.0,0.0,0.0,0.0,0.0,0,0,0,1,,,,,,,,,,,,,,,,,,,,,,,,,,,,,,,,,,,,,
2013-2014,2014,East,14,Philadelphia,sixers,1610612755,19,63,0.232,5-11,14-38,10-31,9-32,37.0,0.0,0.0,0.0,0.0,0.0,0.0,0.0,0,0,0,1,,,,,,,,,,,,,,,,,,,,,,,,,,,,,,,,,,,,,
2013-2014,2014,East,15,Milwaukee,bucks,1610612749,15,67,0.183,4-12,12-40,10-31,5-36,41.0,0.0,0.0,0.0,0.0,0.0,0.0,0.0,0,0,0,1,,,,,,,,,,,,,,,,,,,,,,,,,,,,,,,,,,,,,
2014-2015,2015,East,1,Atlanta,hawks,1610612737,60,22,0.732,12-4,38-14,35-6,25-16,0.0,0.0,0.0,0.0,0.0,0.0,0.0,0.0,1,1,1,0,,,,,,,,,,,,,,,,,,,,,,,,,,,,,,,,,,,,,
2014-2015,2015,East,2,Cleveland,cavaliers,1610612739,53,29,0.646,11-5,35-17,31-10,22-19,7.0,0.0,0.0,0.0,0.0,0.0,0.0,0.0,1,0,1,0,,,,,,,,,,,,,,,,,,,,,,,,,,,,,,,,,,,,,
2014-2015,2015,East,3,Chicago,bulls,1610612741,50,32,0.61,8-8,33-19,27-14,23-18,10.0,0.0,0.0,0.0,0.0,0.0,0.0,0.0,1,0,0,0,,,,,,,,,,,,,,,,,,,,,,,,,,,,,,,,,,,,,
2014-2015,2015,East,4,Toronto,raptors,1610612761,49,33,0.598,11-5,33-19,27-14,22-19,11.0,0.0,0.0,0.0,0.0,0.0,0.0,0.0,1,0,1,0,,,,,,,,,,,,,,,,,,,,,,,,,,,,,,,,,,,,,
2014-2015,2015,East,5,Washington,wizards,1610612764,46,36,0.561,10-6,30-22,29-12,17-24,14.0,0.0,0.0,0.0,0.0,0.0,0.0,0.0,1,0,0,0,,,,,,,,,,,,,,,,,,,,,,,,,,,,,,,,,,,,,
2014-2015,2015,East,6,Milwaukee,bucks,1610612749,41,41,0.5,7-9,30-22,23-18,18-23,19.0,0.0,0.0,0.0,0.0,0.0,0.0,0.0,1,0,0,0,,,,,,,,,,,,,,,,,,,,,,,,,,,,,,,,,,,,,
2014-2015,2015,East,7,Boston,celtics,1610612738,40,42,0.488,12-4,28-24,21-20,19-22,20.0,0.0,0.0,0.0,0.0,0.0,0.0,0.0,1,0,0,0,,,,,,,,,,,,,,,,,,,,,,,,,,,,,,,,,,,,,
2014-2015,2015,East,8,Brooklyn,nets,1610612751,38,44,0.463,10-6,24-28,19-22,19-22,22.0,0.0,0.0,0.0,0.0,0.0,0.0,2.0,1,0,0,0,,,,,,,,,,,,,,,,,,,,,,,,,,,,,,,,,,,,,
2014-2015,2015,East,9,Indiana,pacers,1610612754,38,44,0.463,8-8,28-24,23-18,15-26,22.0,0.0,0.0,0.0,0.0,0.0,0.0,0.0,0,0,0,1,,,,,,,,,,,,,,,,,,,,,,,,,,,,,,,,,,,,,
2014-2015,2015,East,10,Miami,heat,1610612748,37,45,0.451,6-10,25-27,20-21,17-24,23.0,0.0,0.0,0.0,0.0,0.0,0.0,0.0,0,0,0,1,,,,,,,,,,,,,,,,,,,,,,,,,,,,,,,,,,,,,
2014-2015,2015,East,11,Charlotte,hornets,1610612766,33,49,0.402,8-8,25-27,19-22,14-27,27.0,0.0,0.0,0.0,0.0,0.0,0.0,0.0,0,0,0,1,,,,,,,,,,,,,,,,,,,,,,,,,,,,,,,,,,,,,
2014-2015,2015,East,12,Detroit,pistons,1610612765,32,50,0.39,6-10,23-29,18-23,14-27,28.0,0.0,0.0,0.0,0.0,0.0,0.0,0.0,0,0,0,1,,,,,,,,,,,,,,,,,,,,,,,,,,,,,,,,,,,,,
2014-2015,2015,East,13,Orlando,magic,1610612753,25,57,0.305,4-12,15-37,13-28,12-29,35.0,0.0,0.0,0.0,0.0,0.0,0.0,0.0,0,0,0,1,,,,,,,,,,,,,,,,,,,,,,,,,,,,,,,,,,,,,
2014-2015,2015,East,14,Philadelphia,sixers,1610612755,18,64,0.22,2-14,12-40,12-29,6-35,42.0,0.0,0.0,0.0,0.0,0.0,0.0,0.0,0,0,0,1,,,,,,,,,,,,,,,,,,,,,,,,,,,,,,,,,,,,,
2014-2015,2015,East,15,New York,knicks,1610612752,17,65,0.207,5-11,11-41,10-31,7-34,43.0,0.0,0.0,0.0,0.0,0.0,0.0,0.0,0,0,0,1,,,,,,,,,,,,,,,,,,,,,,,,,,,,,,,,,,,,,
2015-2016,2016,East,1,Cleveland,cavaliers,1610612739,57,25,0.695,8-8,35-17,33-8,24-17,0.0,0.0,0.0,0.0,0.0,0.0,0.0,0.0,1,1,1,0,,,,,,,,,,,,,,,,,,,,,,,,,,,,,,,,,,,,,
2015-2016,2016,East,2,Toronto,raptors,1610612761,56,26,0.683,14-2,39-13,32-9,24-17,1.0,0.0,0.0,0.0,0.0,0.0,0.0,0.0,1,0,1,0,,,,,,,,,,,,,,,,,,,,,,,,,,,,,,,,,,,,,
2015-2016,2016,East,3,Miami,heat,1610612748,48,34,0.585,10-6,31-21,28-13,20-21,9.0,0.0,0.0,0.0,0.0,0.0,0.0,1.0,1,0,1,0,,,,,,,,,,,,,,,,,,,,,,,,,,,,,,,,,,,,,
2015-2016,2016,East,4,Atlanta,hawks,1610612737,48,34,0.585,8-8,29-23,27-14,21-20,9.0,0.0,0.0,0.0,0.0,0.0,0.0,2.0,1,0,0,0,,,,,,,,,,,,,,,,,,,,,,,,,,,,,,,,,,,,,
2015-2016,2016,East,5,Boston,celtics,1610612738,48,34,0.585,10-6,31-21,28-13,20-21,9.0,0.0,0.0,0.0,0.0,0.0,0.0,2.0,1,0,0,0,,,,,,,,,,,,,,,,,,,,,,,,,,,,,,,,,,,,,
2015-2016,2016,East,6,Charlotte,hornets,1610612766,48,34,0.585,8-8,33-19,30-11,18-23,9.0,0.0,0.0,0.0,0.0,0.0,0.0,0.0,1,0,0,0,,,,,,,,,,,,,,,,,,,,,,,,,,,,,,,,,,,,,
2015-2016,2016,East,7,Indiana,pacers,1610612754,45,37,0.549,8-8,30-22,26-15,19-22,12.0,0.0,0.0,0.0,0.0,0.0,0.0,0.0,1,0,0,0,,,,,,,,,,,,,,,,,,,,,,,,,,,,,,,,,,,,,
2015-2016,2016,East,8,Detroit,pistons,1610612765,44,38,0.537,10-6,29-23,26-15,18-23,13.0,0.0,0.0,0.0,0.0,0.0,0.0,0.0,1,0,0,0,,,,,,,,,,,,,,,,,,,,,,,,,,,,,,,,,,,,,
2015-2016,2016,East,9,Chicago,bulls,1610612741,42,40,0.512,10-6,25-27,26-15,16-25,15.0,0.0,0.0,0.0,0.0,0.0,0.0,0.0,0,0,0,1,,,,,,,,,,,,,,,,,,,,,,,,,,,,,,,,,,,,,
2015-2016,2016,East,10,Washington,wizards,1610612764,41,41,0.5,10-6,30-22,22-19,19-22,16.0,0.0,0.0,0.0,0.0,0.0,0.0,0.0,0,0,0,1,,,,,,,,,,,,,,,,,,,,,,,,,,,,,,,,,,,,,
2015-2016,2016,East,11,Orlando,magic,1610612753,35,47,0.427,4-12,21-31,23-18,12-29,22.0,0.0,0.0,0.0,0.0,0.0,0.0,0.0,0,0,0,1,,,,,,,,,,,,,,,,,,,,,,,,,,,,,,,,,,,,,
2015-2016,2016,East,12,Milwaukee,bucks,1610612749,33,49,0.402,4-12,21-31,23-18,10-31,24.0,0.0,0.0,0.0,0.0,0.0,0.0,0.0,0,0,0,1,,,,,,,,,,,,,,,,,,,,,,,,,,,,,,,,,,,,,
2015-2016,2016,East,13,New York,knicks,1610612752,32,50,0.39,8-8,21-31,18-23,14-27,25.0,0.0,0.0,0.0,0.0,0.0,0.0,0.0,0,0,0,1,,,,,,,,,,,,,,,,,,,,,,,,,,,,,,,,,,,,,
2015-2016,2016,East,14,Brooklyn,nets,1610612751,21,61,0.256,6-10,12-40,14-27,7-34,36.0,0.0,0.0,0.0,0.0,0.0,0.0,0.0,0,0,0,1,,,,,,,,,,,,,,,,,,,,,,,,,,,,,,,,,,,,,
2015-2016,2016,East,15,Philadelphia,sixers,1610612755,10,72,0.122,2-14,3-49,7-34,3-38,47.0,0.0,0.0,0.0,0.0,0.0,0.0,0.0,0,0,0,1,,,,,,,,,,,,,,,,,,,,,,,,,,,,,,,,,,,,,
2016-2017,2017,East,1,Boston,celtics,1610612738,53,29,0.646,11-5,36-16,30-11,23-18,0.0,0.0,0.0,0.0,0.0,0.0,0.0,0.0,1,1,1,0,,,,,,,,,,,,,,,,,,,,,,,,,,,,,,,,,,,,,
2016-2017,2017,East,2,Cleveland,cavaliers,1610612739,51,31,0.622,8-8,35-17,31-10,20-21,2.0,0.0,0.0,0.0,0.0,0.0,0.0,1.0,1,0,1,0,,,,,,,,,,,,,,,,,,,,,,,,,,,,,,,,,,,,,
2016-2017,2017,East,3,Toronto,raptors,1610612761,51,31,0.622,14-2,34-18,28-13,23-18,2.0,0.0,0.0,0.0,0.0,0.0,0.0,0.0,1,0,0,0,,,,,,,,,,,,,,,,,,,,,,,,,,,,,,,,,,,,,
2016-2017,2017,East,4,Washington,wizards,1610612764,49,33,0.598,8-8,32-20,30-11,19-22,4.0,0.0,0.0,0.0,0.0,0.0,0.0,0.0,1,0,1,0,,,,,,,,,,,,,,,,,,,,,,,,,,,,,,,,,,,,,
2016-2017,2017,East,5,Atlanta,hawks,1610612737,43,39,0.524,6-10,30-22,23-18,20-21,10.0,0.0,0.0,0.0,0.0,0.0,0.0,0.0,1,0,0,0,,,,,,,,,,,,,,,,,,,,,,,,,,,,,,,,,,,,,
2016-2017,2017,East,6,Milwaukee,bucks,1610612749,42,40,0.512,10-6,27-25,23-18,19-22,11.0,0.0,0.0,0.0,0.0,0.0,0.0,1.0,1,0,0,0,,,,,,,,,,,,,,,,,,,,,,,,,,,,,,,,,,,,,
2016-2017,2017,East,7,Indiana,pacers,1610612754,42,40,0.512,8-8,26-26,29-12,13-28,11.0,0.0,0.0,0.0,0.0,0.0,0.0,0.0,1,0,0,0,,,,,,,,,,,,,,,,,,,,,,,,,,,,,,,,,,,,,
2016-2017,2017,East,8,Chicago,bulls,1610612741,41,41,0.5,9-7,28-24,25-16,16-25,12.0,0.0,0.0,0.0,0.0,0.0,0.0,1.0,1,0,0,0,,,,,,,,,,,,,,,,,,,,,,,,,,,,,,,,,,,,,
2016-2017,2017,East,9,Miami,heat,1610612748,41,41,0.5,9-7,27-25,23-18,18-23,12.0,0.0,0.0,0.0,0.0,0.0,0.0,0.0,0,0,0,1,,,,,,,,,,,,,,,,,,,,,,,,,,,,,,,,,,,,,
2016-2017,2017,East,10,Detroit,pistons,1610612765,37,45,0.451,5-11,21-31,24-17,13-28,16.0,0.0,0.0,0.0,0.0,0.0,0.0,0.0,0,0,0,1,,,,,,,,,,,,,,,,,,,,,,,,,,,,,,,,,,,,,
2016-2017,2017,East,11,Charlotte,hornets,1610612766,36,46,0.439,10-6,22-30,22-19,14-27,17.0,0.0,0.0,0.0,0.0,0.0,0.0,0.0,0,0,0,1,,,,,,,,,,,,,,,,,,,,,,,,,,,,,,,,,,,,,
2016-2017,2017,East,12,New York,knicks,1610612752,31,51,0.378,5-11,22-30,19-22,12-29,22.0,0.0,0.0,0.0,0.0,0.0,0.0,0.0,0,0,0,1,,,,,,,,,,,,,,,,,,,,,,,,,,,,,,,,,,,,,
2016-2017,2017,East,13,Orlando,magic,1610612753,29,53,0.354,7-9,20-32,16-25,13-28,24.0,0.0,0.0,0.0,0.0,0.0,0.0,0.0,0,0,0,1,,,,,,,,,,,,,,,,,,,,,,,,,,,,,,,,,,,,,
2016-2017,2017,East,14,Philadelphia,sixers,1610612755,28,54,0.341,7-9,19-33,17-24,11-30,25.0,0.0,0.0,0.0,0.0,0.0,0.0,0.0,0,0,0,1,,,,,,,,,,,,,,,,,,,,,,,,,,,,,,,,,,,,,
2016-2017,2017,East,15,Brooklyn,nets,1610612751,20,62,0.244,3-13,11-41,13-28,7-34,33.0,0.0,0.0,0.0,0.0,0.0,0.0,0.0,0,0,0,1,,,,,,,,,,,,,,,,,,,,,,,,,,,,,,,,,,,,,
2017-2018,2018,East,1,Toronto,raptors,1610612761,59,23,0.72,12-4,40-12,34-7,25-16,0.0,0.0,0.0,0.0,0.0,0.0,0.0,0.0,1,1,1,0,,,,,,,,,,,,,,,,,,,,,,,,,,,,,,,,,,,,,
2017-2018,2018,East,2,Boston,celtics,1610612738,55,27,0.671,12-4,33-19,27-14,28-13,4.0,0.0,0.0,0.0,0.0,0.0,0.0,0.0,1,0,0,0,,,,,,,,,,,,,,,,,,,,,,,,,,,,,,,,,,,,,
2017-2018,2018,East,3,Philadelphia,sixers,1610612755,52,30,0.634,9-7,34-18,30-11,22-19,7.0,0.0,0.0,0.0,0.0,0.0,0.0,0.0,1,0,0,0,,,,,,,,,,,,,,,,,,,,,,,,,,,,,,,,,,,,,
2017-2018,2018,East,4,Cleveland,cavaliers,1610612739,50,32,0.61,11-5,35-17,29-12,21-20,9.0,0.0,0.0,0.0,0.0,0.0,0.0,0.0,1,0,1,0,,,,,,,,,,,,,,,,,,,,,,,,,,,,,,,,,,,,,
2017-2018,2018,East,5,Indiana,pacers,1610612754,48,34,0.585,10-6,32-20,27-14,21-20,11.0,0.0,0.0,0.0,0.0,0.0,0.0,0.0,1,0,0,0,,,,,,,,,,,,,,,,,,,,,,,,,,,,,,,,,,,,,
2017-2018,2018,East,6,Miami,heat,1610612748,44,38,0.537,11-5,31-21,26-15,18-23,15.0,0.0,0.0,0.0,0.0,0.0,0.0,1.0,1,0,1,0,,,,,,,,,,,,,,,,,,,,,,,,,,,,,,,,,,,,,
2017-2018,2018,East,7,Milwaukee,bucks,1610612749,44,38,0.537,6-10,27-25,25-16,19-22,15.0,0.0,0.0,0.0,0.0,0.0,0.0,0.0,1,0,0,0,,,,,,,,,,,,,,,,,,,,,,,,,,,,,,,,,,,,,
2017-2018,2018,East,8,Washington,wizards,1610612764,43,39,0.524,8-8,28-24,23-18,20-21,16.0,0.0,0.0,0.0,0.0,0.0,0.0,0.0,1,0,0,0,,,,,,,,,,,,,,,,,,,,,,,,,,,,,,,,,,,,,
2017-2018,2018,East,9,Detroit,pistons,1610612765,39,43,0.476,9-7,24-28,25-16,14-27,20.0,0.0,0.0,0.0,0.0,0.0,0.0,0.0,0,0,0,1,,,,,,,,,,,,,,,,,,,,,,,,,,,,,,,,,,,,,
2017-2018,2018,East,10,Charlotte,hornets,1610612766,36,46,0.439,11-5,22-30,21-20,15-26,23.0,0.0,0.0,0.0,0.0,0.0,0.0,0.0,0,0,0,1,,,,,,,,,,,,,,,,,,,,,,,,,,,,,,,,,,,,,
2017-2018,2018,East,11,New York,knicks,1610612752,29,53,0.354,6-10,17-35,19-22,10-31,30.0,0.0,0.0,0.0,0.0,0.0,0.0,0.0,0,0,0,1,,,,,,,,,,,,,,,,,,,,,,,,,,,,,,,,,,,,,
2017-2018,2018,East,12,Brooklyn,nets,1610612751,28,54,0.341,1-15,19-33,15-26,13-28,31.0,0.0,0.0,0.0,0.0,0.0,0.0,0.0,0,0,0,1,,,,,,,,,,,,,,,,,,,,,,,,,,,,,,,,,,,,,
2017-2018,2018,East,13,Chicago,bulls,1610612741,27,55,0.329,4-12,21-31,17-24,10-31,32.0,0.0,0.0,0.0,0.0,0.0,0.0,0.0,0,0,0,1,,,,,,,,,,,,,,,,,,,,,,,,,,,,,,,,,,,,,
2017-2018,2018,East,14,Orlando,magic,1610612753,25,57,0.305,5-11,15-37,17-24,8-33,34.0,0.0,0.0,0.0,0.0,0.0,0.0,0.0,0,0,0,1,,,,,,,,,,,,,,,,,,,,,,,,,,,,,,,,,,,,,
2017-2018,2018,East,15,Atlanta,hawks,1610612737,24,58,0.293,5-11,12-40,16-25,8-33,35.0,0.0,0.0,0.0,0.0,0.0,0.0,0.0,0,0,0,1,,,,,,,,,,,,,,,,,,,,,,,,,,,,,,,,,,,,,
2018-2019,2019,East,1,Milwaukee,bucks,1610612749,60,22,0.732,14-2,40-12,33-8,27-14,0.0,0.0,0.0,0.0,0.0,0.0,0.0,0.0,1,1,1,0,,,,,,,,,,,,,,,,,,,,,,,,,,,,,,,,,,,,,
2018-2019,2019,East,2,Toronto,raptors,1610612761,58,24,0.707,12-4,36-16,32-9,26-15,2.0,0.0,0.0,0.0,0.0,0.0,0.0,0.0,1,0,1,0,,,,,,,,,,,,,,,,,,,,,,,,,,,,,,,,,,,,,
2018-2019,2019,East,3,Philadelphia,sixers,1610612755,51,31,0.622,8-8,31-21,31-10,20-21,9.0,0.0,0.0,0.0,0.0,0.0,0.0,0.0,1,0,0,0,,,,,,,,,,,,,,,,,,,,,,,,,,,,,,,,,,,,,
2018-2019,2019,East,4,Boston,celtics,1610612738,49,33,0.598,10-6,35-17,28-13,21-20,11.0,0.0,0.0,0.0,0.0,0.0,0.0,0.0,1,0,0,0,,,,,,,,,,,,,,,,,,,,,,,,,,,,,,,,,,,,,
2018-2019,2019,East,5,Indiana,pacers,1610612754,48,34,0.585,11-5,33-19,29-12,19-22,12.0,0.0,0.0,0.0,0.0,0.0,0.0,0.0,1,0,0,0,,,,,,,,,,,,,,,,,,,,,,,,,,,,,,,,,,,,,
2018-2019,2019,East,6,Brooklyn,nets,1610612751,42,40,0.512,8-8,29-23,23-18,19-22,18.0,0.0,0.0,0.0,0.0,0.0,0.0,1.0,1,0,0,0,,,,,,,,,,,,,,,,,,,,,,,,,,,,,,,,,,,,,
2018-2019,2019,East,7,Orlando,magic,1610612753,42,40,0.512,10-6,30-22,25-16,17-24,18.0,0.0,0.0,0.0,0.0,0.0,0.0,0.0,1,0,1,0,,,,,,,,,,,,,,,,,,,,,,,,,,,,,,,,,,,,,
2018-2019,2019,East,8,Detroit,pistons,1610612765,41,41,0.5,8-8,27-25,26-15,15-26,19.0,0.0,0.0,0.0,0.0,0.0,0.0,0.0,1,0,0,0,,,,,,,,,,,,,,,,,,,,,,,,,,,,,,,,,,,,,
2018-2019,2019,East,9,Charlotte,hornets,1610612766,39,43,0.476,10-6,29-23,25-16,14-27,21.0,0.0,0.0,0.0,0.0,0.0,0.0,3.0,0,0,0,1,,,,,,,,,,,,,,,,,,,,,,,,,,,,,,,,,,,,,
2018-2019,2019,East,10,Miami,heat,1610612748,39,43,0.476,7-9,23-29,19-22,20-21,21.0,0.0,0.0,0.0,0.0,0.0,0.0,0.0,0,0,0,1,,,,,,,,,,,,,,,,,,,,,,,,,,,,,,,,,,,,,
2018-2019,2019,East,11,Washington,wizards,1610612764,32,50,0.39,7-9,19-33,22-19,10-31,28.0,0.0,0.0,0.0,0.0,0.0,0.0,0.0,0,0,0,1,,,,,,,,,,,,,,,,,,,,,,,,,,,,,,,,,,,,,
2018-2019,2019,East,12,Atlanta,hawks,1610612737,29,53,0.354,6-10,16-36,17-24,12-29,31.0,0.0,0.0,0.0,0.0,0.0,0.0,0.0,0,0,0,1,,,,,,,,,,,,,,,,,,,,,,,,,,,,,,,,,,,,,
2018-2019,2019,East,13,Chicago,bulls,1610612741,22,60,0.268,3-13,16-36,9-32,13-28,38.0,0.0,0.0,0.0,0.0,0.0,0.0,0.0,0,0,0,1,,,,,,,,,,,,,,,,,,,,,,,,,,,,,,,,,,,,,
2018-2019,2019,East,14,Cleveland,cavaliers,1610612739,19,63,0.232,4-12,15-37,13-28,6-35,41.0,0.0,0.0,0.0,0.0,0.0,0.0,0.0,0,0,0,1,,,,,,,,,,,,,,,,,,,,,,,,,,,,,,,,,,,,,
2018-2019,2019,East,15,New York,knicks,1610612752,17,65,0.207,2-14,11-41,9-32,8-33,43.0,0.0,0.0,0.0,0.0,0.0,0.0,0.0,0,0,0,1,,,,,,,,,,,,,,,,,,,,,,,,,,,,,,,,,,,,,
2019-2020,2020,East,1,Milwaukee,bucks,1610612749,56,17,0.767,13-1,37-7,30-5,26-12,0.0,0.0,0.0,0.0,0.0,0.0,0.0,0.0,1,1,1,0,,0.0,0.0,0.0,W,L,L,W,L,L,W,L,21901236.0,21901248.0,21901256.0,21901269.0,21901284.0,21901294.0,21901303.0,21901311.0,1610612738.0,1610612745.0,1610612751.0,1610612748.0,1610612742.0,1610612761.0,1610612764.0,1610612763.0,BOS vs MIL,MIL vs HOU,BKN vs MIL,MIA vs MIL,MIL vs DAL,TOR vs MIL,MIL vs WAS,MIL vs MEM,
2019-2020,2020,East,2,Toronto,raptors,1610612761,53,19,0.736,9-5,34-11,26-10,27-9,2.5,0.0,0.0,0.0,0.0,0.0,0.0,0.0,1,0,1,0,,0.0,0.0,0.0,W,W,W,L,W,W,W,W,21901243.0,21901250.0,21901266.0,21901279.0,21901286.0,21901294.0,21901305.0,21901318.0,1610612747.0,1610612748.0,1610612753.0,1610612738.0,1610612763.0,1610612749.0,1610612755.0,1610612743.0,LAL vs TOR,TOR vs MIA,TOR vs ORL,BOS vs TOR,MEM vs TOR,TOR vs MIL,TOR vs PHI,DEN vs TOR,
2019-2020,2020,East,3,Boston,celtics,1610612738,48,24,0.667,9-6,30-13,26-10,22-14,7.5,0.0,0.0,0.0,0.0,0.0,0.0,0.0,1,0,0,0,,0.0,0.0,0.0,L,W,L,W,W,W,W,L,21901236.0,21901245.0,21901260.0,21901267.0,21901279.0,21901288.0,21901301.0,21901308.0,1610612749.0,1610612757.0,1610612748.0,1610612751.0,1610612761.0,1610612753.0,1610612763.0,1610612764.0,BOS vs MIL,POR vs BOS,BOS vs MIA,BKN vs BOS,BOS vs TOR,ORL vs BOS,BOS vs MEM,WAS vs BOS,
2019-2020,2020,East,4,Indiana,pacers,1610612754,45,28,0.616,8-7,28-19,25-11,20-17,11.0,0.0,0.0,0.0,0.0,0.0,0.0,0.0,1,0,0,0,,0.0,0.0,0.0,W,W,W,L,W,L,W,W,21901242.0,21901252.0,21901259.0,21901270.0,21901282.0,21901295.0,21901304.0,21901316.0,1610612755.0,1610612764.0,1610612753.0,1610612756.0,1610612747.0,1610612748.0,1610612745.0,1610612748.0,PHI vs IND,IND vs WAS,ORL vs IND,IND vs PHX,LAL vs IND,IND vs MIA,IND vs HOU,MIA vs IND,
2019-2020,2020,East,5,Miami,heat,1610612748,44,29,0.603,10-4,30-13,29-7,15-22,12.0,0.0,0.0,0.0,0.0,0.0,0.0,0.0,1,0,1,0,,0.0,0.0,0.0,W,L,W,L,L,W,L,L,21901239.0,21901250.0,21901260.0,21901269.0,21901283.0,21901295.0,21901306.0,21901316.0,1610612743.0,1610612761.0,1610612738.0,1610612749.0,1610612756.0,1610612754.0,1610612760.0,1610612754.0,MIA vs DEN,TOR vs MIA,BOS vs MIA,MIA vs MIL,PHX vs MIA,IND vs MIA,MIA vs OKC,MIA vs IND,
2019-2020,2020,East,6,Philadelphia,sixers,1610612755,43,30,0.589,11-5,28-18,31-4,12-26,13.0,0.0,0.0,0.0,0.0,0.0,0.0,0.0,1,0,0,0,,0.0,0.0,0.0,L,W,W,W,L,L,L,W,21901242.0,21901254.0,21901263.0,21901277.0,21901289.0,21901299.0,21901305.0,21901315.0,1610612754.0,1610612759.0,1610612764.0,1610612753.0,1610612757.0,1610612756.0,1610612761.0,1610612745.0,PHI vs IND,SAS vs PHI,PHI vs WAS,ORL vs PHI,PHI vs POR,PHX vs PHI,TOR vs PHI,PHI vs HOU,
2019-2020,2020,East,7,Brooklyn,nets,1610612751,35,37,0.486,6-10,23-23,20-16,15-21,20.5,0.0,0.0,0.0,0.0,0.0,0.0,0.0,1,0,0,0,,0.0,0.0,0.0,L,W,W,L,W,W,W,L,21901233.0,21901244.0,21901256.0,21901267.0,21901276.0,21901291.0,21901297.0,21901309.0,1610612753.0,1610612764.0,1610612749.0,1610612738.0,1610612758.0,1610612746.0,1610612753.0,1610612757.0,ORL vs BKN,WAS vs BKN,BKN vs MIL,BKN vs BOS,SAC vs BKN,BKN vs LAC,BKN vs ORL,POR vs BKN,
2019-2020,2020,East,8,Orlando,magic,1610612753,33,40,0.452,9-5,20-23,18-17,15-23,23.0,0.0,0.0,0.0,0.0,0.0,0.0,0.0,1,0,0,0,,0.0,0.0,0.0,W,W,L,L,L,L,L,W,21901233.0,21901247.0,21901259.0,21901266.0,21901277.0,21901288.0,21901297.0,21901312.0,1610612751.0,1610612758.0,1610612754.0,1610612761.0,1610612755.0,1610612738.0,1610612751.0,1610612740.0,ORL vs BKN,SAC vs ORL,ORL vs IND,TOR vs ORL,ORL vs PHI,ORL vs BOS,BKN vs ORL,NOP vs ORL,
2019-2020,2020,East,9,Washington,wizards,1610612764,25,47,0.347,5-9,18-27,16-20,9-27,30.5,0.0,0.0,0.0,0.0,0.0,0.0,0.0,0,0,0,1,,0.0,0.0,0.0,L,L,L,L,L,L,L,W,21901235.0,21901244.0,21901252.0,21901263.0,21901278.0,21901285.0,21901303.0,21901308.0,1610612756.0,1610612751.0,1610612754.0,1610612755.0,1610612740.0,1610612760.0,1610612749.0,1610612738.0,PHX vs WAS,WAS vs BKN,IND vs WAS,PHI vs WAS,WAS vs NOP,WAS vs OKC,MIL vs WAS,WAS vs BOS,
2019-2020,2020,East,10,Charlotte,hornets,1610612766,23,42,0.354,2-7,16-24,10-21,13-21,29.0,0.0,0.0,0.0,0.0,0.0,0.0,0.0,0,0,0,1,,0.0,0.0,1.0,,,,,,,,,,,,,,,,,,,,,,,,,,,,,,,,,
2019-2020,2020,East,11,Chicago,bulls,1610612741,22,43,0.338,7-9,15-28,14-20,8-23,30.0,0.0,0.0,0.0,0.0,0.0,0.0,0.0,0,0,0,1,,0.0,0.0,1.0,,,,,,,,,,,,,,,,,,,,,,,,,,,,,,,,,
2019-2020,2020,East,12,New York,knicks,1610612752,21,45,0.318,2-11,15-28,11-22,10-23,31.5,0.0,0.0,0.0,0.0,0.0,0.0,0.0,0,0,0,1,,0.0,0.0,1.0,,,,,,,,,,,,,,,,,,,,,,,,,,,,,,,,,
2019-2020,2020,East,13,Detroit,pistons,1610612765,20,46,0.303,5-10,12-31,11-22,9-24,32.5,0.0,0.0,0.0,0.0,0.0,0.0,0.0,0,0,0,1,,0.0,0.0,1.0,,,,,,,,,,,,,,,,,,,,,,,,,,,,,,,,,
2019-2020,2020,East,14,Atlanta,hawks,1610612737,20,47,0.299,6-7,11-32,14-20,6-27,33.0,0.0,0.0,0.0,0.0,0.0,0.0,0.0,0,0,0,1,,0.0,0.0,1.0,,,,,,,,,,,,,,,,,,,,,,,,,,,,,,,,,
2019-2020,2020,East,15,Cleveland,cavaliers,1610612739,19,46,0.292,4-10,12-32,11-25,8-21,33.0,0.0,0.0,0.0,0.0,0.0,0.0,0.0,0,0,0,1,,0.0,0.0,1.0,,,,,,,,,,,,,,,,,,,,,,,,,,,,,,,,,
2020-2021,2021,East,1,Philadelphia,sixers,1610612755,49,23,0.681,10-2 ,31-11,29-7 ,20-16,0.0,0.0,0.0,0.0,0.0,0.0,0.0,0.0,1,1,1,0,,,,,,,,,,,,,,,,,,,,,,,,,,,,,,,,,,,,,
2020-2021,2021,East,2,Brooklyn,nets,1610612751,48,24,0.667,8-4  ,26-16,28-8 ,20-16,1.0,0.0,0.0,0.0,0.0,0.0,0.0,0.0,1,0,0,0,,,,,,,,,,,,,,,,,,,,,,,,,,,,,,,,,,,,,
2020-2021,2021,East,3,Milwaukee,bucks,1610612749,46,26,0.639,11-1 ,30-12,26-10,20-16,3.0,0.0,0.0,0.0,0.0,0.0,0.0,0.0,1,0,1,0,,,,,,,,,,,,,,,,,,,,,,,,,,,,,,,,,,,,,
2020-2021,2021,East,4,New York,knicks,1610612752,41,31,0.569,4-8  ,25-17,25-11,16-20,8.0,0.0,0.0,0.0,0.0,0.0,0.0,1.0,1,0,0,0,,,,,,,,,,,,,,,,,,,,,,,,,,,,,,,,,,,,,
2020-2021,2021,East,5,Atlanta,hawks,1610612737,41,31,0.569,9-3  ,24-18,25-11,16-20,8.0,0.0,0.0,0.0,0.0,0.0,0.0,0.0,1,0,1,0,,,,,,,,,,,,,,,,,,,,,,,,,,,,,,,,,,,,,
2020-2021,2021,East,6,Miami,heat,1610612748,40,32,0.556,6-6  ,24-18,21-15,19-17,9.0,0.0,0.0,0.0,0.0,0.0,0.0,0.0,1,0,0,0,,,,,,,,,,,,,,,,,,,,,,,,,,,,,,,,,,,,,
2020-2021,2021,East,7,Boston,celtics,1610612738,36,36,0.5,4-8  ,20-22,21-15,15-21,13.0,0.0,0.0,0.0,0.0,0.0,0.0,0.0,1,0,0,0,,,,,,,,,,,,,,,,,,,,,,,,,,,,,,,,,,,,,
2020-2021,2021,East,8,Washington,wizards,1610612764,34,38,0.472,3-9  ,16-26,19-17,15-21,15.0,0.0,0.0,0.0,0.0,0.0,0.0,1.0,1,0,0,0,,,,,,,,,,,,,,,,,,,,,,,,,,,,,,,,,,,,,
2020-2021,2021,East,9,Indiana,pacers,1610612754,34,38,0.472,7-5  ,20-22,13-23,21-15,15.0,0.0,0.0,0.0,0.0,0.0,0.0,0.0,0,0,0,0,,,,,,,,,,,,,,,,,,,,,,,,,,,,,,,,,,,,,
2020-2021,2021,East,10,Charlotte,hornets,1610612766,33,39,0.458,8-4  ,20-22,18-18,15-21,16.0,0.0,0.0,0.0,0.0,0.0,0.0,0.0,0,0,0,0,,,,,,,,,,,,,,,,,,,,,,,,,,,,,,,,,,,,,
2020-2021,2021,East,11,Chicago,bulls,1610612741,31,41,0.431,7-5  ,21-21,15-21,16-20,18.0,0.0,0.0,0.0,0.0,0.0,0.0,0.0,0,0,0,1,,,,,,,,,,,,,,,,,,,,,,,,,,,,,,,,,,,,,
2020-2021,2021,East,12,Toronto,raptors,1610612761,27,45,0.375,4-8  ,17-25,16-20,11-25,22.0,0.0,0.0,0.0,0.0,0.0,0.0,0.0,0,0,0,1,,,,,,,,,,,,,,,,,,,,,,,,,,,,,,,,,,,,,
2020-2021,2021,East,13,Cleveland,cavaliers,1610612739,22,50,0.306,4-8  ,16-26,13-23,9-27 ,27.0,0.0,0.0,0.0,0.0,0.0,0.0,0.0,0,0,0,1,,,,,,,,,,,,,,,,,,,,,,,,,,,,,,,,,,,,,
2020-2021,2021,East,14,Orlando,magic,1610612753,21,51,0.292,4-8  ,13-29,11-25,10-26,28.0,0.0,0.0,0.0,0.0,0.0,0.0,0.0,0,0,0,1,,,,,,,,,,,,,,,,,,,,,,,,,,,,,,,,,,,,,
2020-2021,2021,East,15,Detroit,pistons,1610612765,20,52,0.278,1-11 ,12-30,13-23,7-29 ,29.0,0.0,0.0,0.0,0.0,0.0,0.0,0.0,0,0,0,1,,,,,,,,,,,,,,,,,,,,,,,,,,,,,,,,,,,,,
2021-2022,2022,East,1,Miami,heat,1610612748,53,29,0.646,13-3,35-17,29-12,24-17,0.0,0.0,0.0,0.0,0.0,0.0,0.0,0.0,1,1,1,0,,,,,,,,,,,,,,,,,,,,,,,,,,,,,,,,,,,,,
2021-2022,2022,East,2,Boston,celtics,1610612738,51,31,0.622,9-7,33-19,28-13,23-18,2.0,0.0,0.0,0.0,0.0,0.0,0.0,1.0,1,0,1,0,,,,,,,,,,,,,,,,,,,,,,,,,,,,,,,,,,,,,
2021-2022,2022,East,3,Milwaukee,bucks,1610612749,51,31,0.622,12-4,33-19,27-14,24-17,2.0,0.0,0.0,0.0,0.0,0.0,0.0,1.0,1,0,1,0,,,,,,,,,,,,,,,,,,,,,,,,,,,,,,,,,,,,,
2021-2022,2022,East,4,Philadelphia,sixers,1610612755,51,31,0.622,6-10,32-20,24-17,27-14,2.0,0.0,0.0,0.0,0.0,0.0,0.0,0.0,1,0,0,0,,,,,,,,,,,,,,,,,,,,,,,,,,,,,,,,,,,,,
2021-2022,2022,East,5,Toronto,raptors,1610612761,48,34,0.585,10-6,30-22,24-17,24-17,5.0,0.0,0.0,0.0,0.0,0.0,0.0,0.0,1,0,0,0,,,,,,,,,,,,,,,,,,,,,,,,,,,,,,,,,,,,,
2021-2022,2022,East,6,Chicago,bulls,1610612741,46,36,0.561,10-6,29-23,27-14,19-22,7.0,0.0,0.0,0.0,0.0,0.0,0.0,0.0,1,0,0,0,,,,,,,,,,,,,,,,,,,,,,,,,,,,,,,,,,,,,
2021-2022,2022,East,7,Brooklyn,nets,1610612751,44,38,0.537,10-6,31-21,20-21,24-17,9.0,0.0,0.0,0.0,0.0,0.0,0.0,1.0,0,0,0,0,,,,,,,,,,,,,,,,,,,,,,,,,,,,,,,,,,,,,
2021-2022,2022,East,8,Cleveland,cavaliers,1610612739,44,38,0.537,10-6,27-25,25-16,19-22,9.0,0.0,0.0,0.0,0.0,0.0,0.0,0.0,0,0,0,0,,,,,,,,,,,,,,,,,,,,,,,,,,,,,,,,,,,,,
2021-2022,2022,East,9,Atlanta,hawks,1610612737,43,39,0.524,9-7,26-26,27-14,16-25,10.0,0.0,0.0,0.0,0.0,0.0,0.0,3.0,0,0,0,0,,,,,,,,,,,,,,,,,,,,,,,,,,,,,,,,,,,,,
2021-2022,2022,East,10,Charlotte,hornets,1610612766,43,39,0.524,8-8,27-25,22-19,21-20,10.0,0.0,0.0,0.0,0.0,0.0,0.0,0.0,0,0,0,0,,,,,,,,,,,,,,,,,,,,,,,,,,,,,,,,,,,,,
2021-2022,2022,East,11,New York,knicks,1610612752,37,45,0.451,5-11,22-30,17-24,20-21,16.0,0.0,0.0,0.0,0.0,0.0,0.0,0.0,0,0,0,1,,,,,,,,,,,,,,,,,,,,,,,,,,,,,,,,,,,,,
2021-2022,2022,East,12,Washington,wizards,1610612764,35,47,0.427,7-9,24-28,21-20,14-27,18.0,0.0,0.0,0.0,0.0,0.0,0.0,0.0,0,0,0,1,,,,,,,,,,,,,,,,,,,,,,,,,,,,,,,,,,,,,
2021-2022,2022,East,13,Indiana,pacers,1610612754,25,57,0.305,2-14,11-41,16-25,9-32,28.0,0.0,0.0,0.0,0.0,0.0,0.0,0.0,0,0,0,1,,,,,,,,,,,,,,,,,,,,,,,,,,,,,,,,,,,,,
2021-2022,2022,East,14,Detroit,pistons,1610612765,23,59,0.28,6-10,18-34,13-28,10-31,30.0,0.0,0.0,0.0,0.0,0.0,0.0,0.0,0,0,0,1,,,,,,,,,,,,,,,,,,,,,,,,,,,,,,,,,,,,,
2021-2022,2022,East,15,Orlando,magic,1610612753,22,60,0.268,3-13,12-40,12-29,10-31,31.0,0.0,0.0,0.0,0.0,0.0,0.0,0.0,0,0,0,1,,,,,,,,,,,,,,,,,,,,,,,,,,,,,,,,,,,,,
2022-2023,2023,East,1,Milwaukee,bucks,1610612749,58,24,0.707,11-5,35-17,32-9,26-15,0.0,0.0,0.0,0.0,0.0,0.0,0.0,0.0,1,1,1,0,,,,,,,,,,,,,,,,,,,,,,,,,,,,,,,,,,,,,
2022-2023,2023,East,2,Boston,celtics,1610612738,57,25,0.695,11-5,34-18,32-9,25-16,1.0,0.0,0.0,0.0,0.0,0.0,0.0,0.0,1,0,1,0,,,,,,,,,,,,,,,,,,,,,,,,,,,,,,,,,,,,,
2022-2023,2023,East,3,Philadelphia,sixers,1610612755,54,28,0.659,10-6,34-18,29-12,25-16,4.0,0.0,0.0,0.0,0.0,0.0,0.0,0.0,1,0,0,0,,,,,,,,,,,,,,,,,,,,,,,,,,,,,,,,,,,,,
2022-2023,2023,East,4,Cleveland,cavaliers,1610612739,51,31,0.622,13-3,34-18,31-10,20-21,7.0,0.0,0.0,0.0,0.0,0.0,0.0,0.0,1,0,0,0,,,,,,,,,,,,,,,,,,,,,,,,,,,,,,,,,,,,,
2022-2023,2023,East,5,New York,knicks,1610612752,47,35,0.573,8-8,32-20,23-18,24-17,11.0,0.0,0.0,0.0,0.0,0.0,0.0,0.0,1,0,0,0,,,,,,,,,,,,,,,,,,,,,,,,,,,,,,,,,,,,,
2022-2023,2023,East,6,Brooklyn,nets,1610612751,45,37,0.549,7-9,30-22,23-18,22-19,13.0,0.0,0.0,0.0,0.0,0.0,0.0,0.0,1,0,0,0,,,,,,,,,,,,,,,,,,,,,,,,,,,,,,,,,,,,,
2022-2023,2023,East,7,Miami,heat,1610612748,44,38,0.537,10-6,24-28,27-14,17-24,14.0,0.0,0.0,0.0,0.0,0.0,0.0,0.0,0,0,1,0,,,,,,,,,,,,,,,,,,,,,,,,,,,,,,,,,,,,,
2022-2023,2023,East,8,Atlanta,hawks,1610612737,41,41,0.5,8-8,26-26,24-17,17-24,17.0,0.0,0.0,0.0,0.0,0.0,0.0,1.0,0,0,0,0,,,,,,,,,,,,,,,,,,,,,,,,,,,,,,,,,,,,,
2022-2023,2023,East,9,Toronto,raptors,1610612761,41,41,0.5,4-12,26-26,27-14,14-27,17.0,0.0,0.0,0.0,0.0,0.0,0.0,0.0,0,0,0,0,,,,,,,,,,,,,,,,,,,,,,,,,,,,,,,,,,,,,
2022-2023,2023,East,10,Chicago,bulls,1610612741,40,42,0.488,7-9,27-25,22-19,18-23,18.0,0.0,0.0,0.0,0.0,0.0,0.0,0.0,0,0,0,0,,,,,,,,,,,,,,,,,,,,,,,,,,,,,,,,,,,,,
2022-2023,2023,East,11,Indiana,pacers,1610612754,35,47,0.427,7-9,24-28,20-21,15-26,23.0,0.0,0.0,0.0,0.0,0.0,0.0,4.0,0,0,0,1,,,,,,,,,,,,,,,,,,,,,,,,,,,,,,,,,,,,,
2022-2023,2023,East,12,Washington,wizards,1610612764,35,47,0.427,8-8,21-31,19-22,16-25,23.0,0.0,0.0,0.0,0.0,0.0,0.0,0.0,0,0,0,1,,,,,,,,,,,,,,,,,,,,,,,,,,,,,,,,,,,,,
2022-2023,2023,East,13,Orlando,magic,1610612753,34,48,0.415,7-9,20-32,20-21,14-27,24.0,0.0,0.0,0.0,0.0,0.0,0.0,0.0,0,0,0,1,,,,,,,,,,,,,,,,,,,,,,,,,,,,,,,,,,,,,
2022-2023,2023,East,14,Charlotte,hornets,1610612766,27,55,0.329,7-9,15-37,13-28,14-27,31.0,0.0,0.0,0.0,0.0,0.0,0.0,0.0,0,0,0,1,,,,,,,,,,,,,,,,,,,,,,,,,,,,,,,,,,,,,
2022-2023,2023,East,15,Detroit,pistons,1610612765,17,65,0.207,2-14,8-44,9-32,8-33,41.0,0.0,0.0,0.0,0.0,0.0,0.0,0.0,0,0,0,1,,,,,,,,,,,,,,,,,,,,,,,,,,,,,,,,,,,,,
2023-2024,2024,East,1,Boston,celtics,1610612738,64,18,0.78,15-2 ,41-11,37-4 ,27-14,0.0,0.0,0.0,0.0,0.0,0.0,0.0,0.0,1,1,1,0,,,,,,,,,,,,,,,,,,,,,,,,,,,,,,,,,,,,,
2023-2024,2024,East,2,New York,knicks,1610612752,50,32,0.61,12-5 ,35-17,27-14,23-18,14.0,0.0,0.0,0.0,0.0,0.0,0.0,0.0,1,0,0,0,,,,,,,,,,,,,,,,,,,,,,,,,,,,,,,,,,,,,
2023-2024,2024,East,3,Milwaukee,bucks,1610612749,49,33,0.598,10-7 ,34-18,31-11,18-22,15.0,0.0,0.0,0.0,0.0,0.0,0.0,0.0,1,0,1,0,,,,,,,,,,,,,,,,,,,,,,,,,,,,,,,,,,,,,
2023-2024,2024,East,4,Cleveland,cavaliers,1610612739,48,34,0.585,11-5 ,31-21,26-15,22-19,16.0,0.0,0.0,0.0,0.0,0.0,0.0,0.0,1,0,0,0,,,,,,,,,,,,,,,,,,,,,,,,,,,,,,,,,,,,,
2023-2024,2024,East,5,Orlando,magic,1610612753,47,35,0.573,9-7  ,32-20,29-12,18-23,17.0,0.0,0.0,0.0,0.0,0.0,0.0,0.0,1,0,1,0,,,,,,,,,,,,,,,,,,,,,,,,,,,,,,,,,,,,,
2023-2024,2024,East,6,Indiana,pacers,1610612754,47,35,0.573,11-6 ,32-20,26-15,21-20,17.0,0.0,0.0,0.0,0.0,0.0,0.0,1.0,1,0,0,0,,,,,,,,,,,,,,,,,,,,,,,,,,,,,,,,,,,,,
2023-2024,2024,East,7,Philadelphia,sixers,1610612755,47,35,0.573,8-8  ,31-21,25-16,22-19,17.0,0.0,0.0,0.0,0.0,0.0,0.0,0.0,0,0,0,0,,,,,,,,,,,,,,,,,,,,,,,,,,,,,,,,,,,,,
2023-2024,2024,East,8,Miami,heat,1610612748,46,36,0.561,13-3 ,32-20,22-19,24-17,18.0,0.0,0.0,0.0,0.0,0.0,0.0,0.0,0,0,0,0,,,,,,,,,,,,,,,,,,,,,,,,,,,,,,,,,,,,,
2023-2024,2024,East,9,Chicago,bulls,1610612741,39,43,0.476,7-9  ,22-29,20-21,19-22,25.0,0.0,0.0,0.0,0.0,0.0,0.0,0.0,0,0,0,0,,,,,,,,,,,,,,,,,,,,,,,,,,,,,,,,,,,,,
2023-2024,2024,East,10,Atlanta,hawks,1610612737,36,46,0.439,8-8  ,22-30,21-20,15-26,28.0,0.0,0.0,0.0,0.0,0.0,0.0,0.0,0,0,0,0,,,,,,,,,,,,,,,,,,,,,,,,,,,,,,,,,,,,,
2023-2024,2024,East,11,Brooklyn,nets,1610612751,32,50,0.39,5-11 ,24-28,20-21,12-29,32.0,0.0,0.0,0.0,0.0,0.0,0.0,0.0,0,0,0,1,,,,,,,,,,,,,,,,,,,,,,,,,,,,,,,,,,,,,
2023-2024,2024,East,12,Toronto,raptors,1610612761,25,57,0.305,1-15 ,18-34,14-27,11-30,39.0,0.0,0.0,0.0,0.0,0.0,0.0,0.0,0,0,0,1,,,,,,,,,,,,,,,,,,,,,,,,,,,,,,,,,,,,,
2023-2024,2024,East,13,Charlotte,hornets,1610612766,21,61,0.256,6-10 ,14-38,11-30,10-31,43.0,0.0,0.0,0.0,0.0,0.0,0.0,0.0,0,0,0,1,,,,,,,,,,,,,,,,,,,,,,,,,,,,,,,,,,,,,
2023-2024,2024,East,14,Washington,wizards,1610612764,15,67,0.183,4-12 ,11-41,7-34 ,8-33 ,49.0,0.0,0.0,0.0,0.0,0.0,0.0,0.0,0,0,0,1,,,,,,,,,,,,,,,,,,,,,,,,,,,,,,,,,,,,,
2023-2024,2024,East,15,Detroit,pistons,1610612765,14,68,0.171,2-14 ,10-41,7-33 ,7-35 ,50.0,0.0,0.0,0.0,0.0,0.0,0.0,0.0,0,0,0,1,,,,,,,,,,,,,,,,,,,,,,,,,,,,,,,,,,,,,
2024-2025,2025,East,1,Cleveland,cavaliers,1610612739,64,18,0.78,12-4 ,41-11,34-7 ,30-11,0.0,0.0,0.0,0.0,0.0,0.0,0.0,0.0,1,1,1,0,,,,,,,,,,,,,,,,,,,,,,,,,,,,,,,,,,,,,
2024-2025,2025,East,2,Boston,celtics,1610612738,61,21,0.744,14-2 ,39-13,28-13,33-8 ,3.0,0.0,0.0,0.0,0.0,0.0,0.0,0.0,1,0,1,0,,,,,,,,,,,,,,,,,,,,,,,,,,,,,,,,,,,,,
2024-2025,2025,East,3,New York,knicks,1610612752,51,31,0.622,12-4 ,34-18,27-14,24-17,13.0,0.0,0.0,0.0,0.0,0.0,0.0,0.0,1,0,0,0,,,,,,,,,,,,,,,,,,,,,,,,,,,,,,,,,,,,,
2024-2025,2025,East,4,Indiana,pacers,1610612754,50,32,0.61,10-6 ,29-22,29-11,20-20,14.0,0.0,0.0,0.0,0.0,0.0,0.0,0.0,1,0,0,0,,,,,,,,,,,,,,,,,,,,,,,,,,,,,,,,,,,,,
2024-2025,2025,East,5,Milwaukee,bucks,1610612749,48,34,0.585,9-7  ,31-21,27-14,20-20,16.0,0.0,0.0,0.0,0.0,0.0,0.0,0.0,1,0,0,0,,,,,,,,,,,,,,,,,,,,,,,,,,,,,,,,,,,,,
2024-2025,2025,East,6,Detroit,pistons,1610612765,44,38,0.537,5-11 ,29-23,22-19,22-19,20.0,0.0,0.0,0.0,0.0,0.0,0.0,0.0,1,0,0,0,,,,,,,,,,,,,,,,,,,,,,,,,,,,,,,,,,,,,
2024-2025,2025,East,7,Orlando,magic,1610612753,41,41,0.5,12-4 ,31-21,22-19,19-22,23.0,0.0,0.0,0.0,0.0,0.0,0.0,0.0,0,0,1,0,,,,,,,,,,,,,,,,,,,,,,,,,,,,,,,,,,,,,
2024-2025,2025,East,8,Atlanta,hawks,1610612737,40,42,0.488,10-6 ,30-22,21-19,19-22,24.0,0.0,0.0,0.0,0.0,0.0,0.0,0.0,0,0,0,0,,,,,,,,,,,,,,,,,,,,,,,,,,,,,,,,,,,,,
2024-2025,2025,East,9,Chicago,bulls,1610612741,39,43,0.476,4-12 ,28-24,18-23,21-20,25.0,0.0,0.0,0.0,0.0,0.0,0.0,0.0,0,0,0,0,,,,,,,,,,,,,,,,,,,,,,,,,,,,,,,,,,,,,
2024-2025,2025,East,10,Miami,heat,1610612748,37,45,0.451,10-6 ,24-28,19-22,17-23,27.0,0.0,0.0,0.0,0.0,0.0,0.0,0.0,0,0,0,0,,,,,,,,,,,,,,,,,,,,,,,,,,,,,,,,,,,,,
2024-2025,2025,East,11,Toronto,raptors,1610612761,30,52,0.366,8-8  ,21-31,18-23,12-29,34.0,0.0,0.0,0.0,0.0,0.0,0.0,0.0,0,0,0,1,,,,,,,,,,,,,,,,,,,,,,,,,,,,,,,,,,,,,
2024-2025,2025,East,12,Brooklyn,nets,1610612751,26,56,0.317,3-13 ,14-37,12-29,14-27,38.0,0.0,0.0,0.0,0.0,0.0,0.0,0.0,0,0,0,1,,,,,,,,,,,,,,,,,,,,,,,,,,,,,,,,,,,,,
2024-2025,2025,East,13,Philadelphia,sixers,1610612755,24,58,0.293,3-13 ,15-37,12-29,12-29,40.0,0.0,0.0,0.0,0.0,0.0,0.0,0.0,0,0,0,1,,,,,,,,,,,,,,,,,,,,,,,,,,,,,,,,,,,,,
2024-2025,2025,East,14,Charlotte,hornets,1610612766,19,63,0.232,1-15 ,10-42,12-29,7-34 ,45.0,0.0,0.0,0.0,0.0,0.0,0.0,0.0,0,0,0,1,,,,,,,,,,,,,,,,,,,,,,,,,,,,,,,,,,,,,
2024-2025,2025,East,15,Washington,wizards,1610612764,18,64,0.22,7-9  ,13-39,8-32 ,10-31,46.0,0.0,0.0,0.0,0.0,0.0,0.0,0.0,0,0,0,1,,,,,,,,,,,,,,,,,,,,,,,,,,,,,,,,,,,,,
1970-1971,1971,West,1,,bucks,1610612749,66,16,0.805,14-4,36-8,38-3,28-13,0.0,,,,,,,,,,,,,,,,,,,,,,,,,,,,,,,,,,,,,,,,,,,,,,,,
1970-1971,1971,West,2,,lakers,1610612747,48,34,0.585,15-7,25-19,31-11,17-23,18.0,,,,,,,,,,,,,,,,,,,,,,,,,,,,,,,,,,,,,,,,,,,,,,,,
1970-1971,1971,West,3,,bulls,1610612741,51,31,0.622,7-11,25-20,31-11,20-20,15.0,,,,,,,,,,,,,,,,,,,,,,,,,,,,,,,,,,,,,,,,,,,,,,,,
1970-1971,1971,West,4,,warriors,1610612744,41,41,0.5,12-10,20-24,22-19,19-22,25.0,,,,,,,,,,,,,,,,,,,,,,,,,,,,,,,,,,,,,,,,,,,,,,,,
1970-1971,1971,West,5,,suns,1610612756,48,34,0.585,9-9,25-19,28-14,20-20,18.0,,,,,,,,,,,,,,,,,,,,,,,,,,,,,,,,,,,,,,,,,,,,,,,,
1970-1971,1971,West,6,,pistons,1610612765,45,37,0.549,6-12,19-23,25-17,20-20,21.0,,,,,,,,,,,,,,,,,,,,,,,,,,,,,,,,,,,,,,,,,,,,,,,,
1970-1971,1971,West,7,,rockets,1610612745,40,42,0.488,14-8,21-24,25-16,15-26,26.0,,,,,,,,,,,,,,,,,,,,,,,,,,,,,,,,,,,,,,,,,,,,,,,,
1970-1971,1971,West,8,,supersonics,1610612760,38,44,0.463,10-14,16-28,27-13,11-31,28.0,,,,,,,,,,,,,,,,,,,,,,,,,,,,,,,,,,,,,,,,,,,,,,,,
1970-1971,1971,West,9,,blazers,1610612757,29,53,0.354,3-15,6-28,20-22,9-31,37.0,,,,,,,,,,,,,,,,,,,,,,,,,,,,,,,,,,,,,,,,,,,,,,,,
1971-1972,1972,West,1,,lakers,1610612747,69,13,0.841,21-3,36-8,37-5,32-8,0.0,,,,,,,,,,,,,,,,,,,,,,,,,,,,,,,,,,,,,,,,,,,,,,,,
1971-1972,1972,West,2,,bucks,1610612749,63,19,0.768,13-5,33-11,34-7,29-12,6.0,,,,,,,,,,,,,,,,,,,,,,,,,,,,,,,,,,,,,,,,,,,,,,,,
1971-1972,1972,West,3,,bulls,1610612741,57,25,0.695,12-6,29-16,29-12,28-13,12.0,,,,,,,,,,,,,,,,,,,,,,,,,,,,,,,,,,,,,,,,,,,,,,,,
1971-1972,1972,West,4,,warriors,1610612744,51,31,0.622,14-10,26-18,30-10,21-21,18.0,,,,,,,,,,,,,,,,,,,,,,,,,,,,,,,,,,,,,,,,,,,,,,,,
1971-1972,1972,West,5,,suns,1610612756,49,33,0.598,7-11,24-20,30-11,19-22,20.0,,,,,,,,,,,,,,,,,,,,,,,,,,,,,,,,,,,,,,,,,,,,,,,,
1971-1972,1972,West,6,,supersonics,1610612760,47,35,0.573,12-12,21-23,29-12,18-23,22.0,,,,,,,,,,,,,,,,,,,,,,,,,,,,,,,,,,,,,,,,,,,,,,,,
1971-1972,1972,West,7,,rockets,1610612745,34,48,0.415,9-15,14-31,19-23,15-25,35.0,,,,,,,,,,,,,,,,,,,,,,,,,,,,,,,,,,,,,,,,,,,,,,,,
1971-1972,1972,West,8,,pistons,1610612765,26,56,0.317,4-14,10-32,16-25,10-31,43.0,,,,,,,,,,,,,,,,,,,,,,,,,,,,,,,,,,,,,,,,,,,,,,,,
1971-1972,1972,West,9,,blazers,1610612757,18,64,0.22,4-20,6-40,14-26,4-38,51.0,,,,,,,,,,,,,,,,,,,,,,,,,,,,,,,,,,,,,,,,,,,,,,,,
1972-1973,1973,West,1,,lakers,1610612747,60,22,0.732,22-4,40-10,30-11,30-11,0.0,,,,,,,,,,,,,,,,,,,,,,,,,,,,,,,,,,,,,,,,,,,,,,,,
1972-1973,1973,West,1,,bucks,1610612749,60,22,0.732,15-5,38-12,35-6,25-16,0.0,,,,,,,,,,,,,,,,,,,,,,,,,,,,,,,,,,,,,,,,,,,,,,,,
1972-1973,1973,West,3,,bulls,1610612741,51,31,0.622,10-10,28-22,29-12,22-19,9.0,,,,,,,,,,,,,,,,,,,,,,,,,,,,,,,,,,,,,,,,,,,,,,,,
1972-1973,1973,West,4,,warriors,1610612744,47,35,0.573,14-12,26-24,27-14,20-21,13.0,,,,,,,,,,,,,,,,,,,,,,,,,,,,,,,,,,,,,,,,,,,,,,,,
1972-1973,1973,West,5,,pistons,1610612765,40,42,0.488,9-11,24-26,26-15,14-27,20.0,,,,,,,,,,,,,,,,,,,,,,,,,,,,,,,,,,,,,,,,,,,,,,,,
1972-1973,1973,West,6,,suns,1610612756,38,44,0.463,14-12,22-28,22-19,16-25,22.0,,,,,,,,,,,,,,,,,,,,,,,,,,,,,,,,,,,,,,,,,,,,,,,,
1972-1973,1973,West,7,,kings,1610612758,36,46,0.439,6-14,20-30,24-17,12-29,24.0,,,,,,,,,,,,,,,,,,,,,,,,,,,,,,,,,,,,,,,,,,,,,,,,
1972-1973,1973,West,8,,supersonics,1610612760,26,56,0.317,9-17,17-33,16-25,10-31,34.0,,,,,,,,,,,,,,,,,,,,,,,,,,,,,,,,,,,,,,,,,,,,,,,,
1972-1973,1973,West,9,,blazers,1610612757,21,61,0.256,6-20,10-40,13-28,8-33,39.0,,,,,,,,,,,,,,,,,,,,,,,,,,,,,,,,,,,,,,,,,,,,,,,,
1973-1974,1974,West,1,,bucks,1610612749,59,23,0.72,14-6,34-16,35-7,24-16,0.0,,,,,,,,,,,,,,,,,,,,,,,,,,,,,,,,,,,,,,,,,,,,,,,,
1973-1974,1974,West,2,,lakers,1610612747,47,35,0.573,14-12,30-20,30-11,17-24,12.0,,,,,,,,,,,,,,,,,,,,,,,,,,,,,,,,,,,,,,,,,,,,,,,,
1973-1974,1974,West,3,,bulls,1610612741,54,28,0.659,13-7,30-20,33-9,21-19,5.0,,,,,,,,,,,,,,,,,,,,,,,,,,,,,,,,,,,,,,,,,,,,,,,,
1973-1974,1974,West,4,,pistons,1610612765,52,30,0.634,9-11,34-16,29-12,23-18,7.0,,,,,,,,,,,,,,,,,,,,,,,,,,,,,,,,,,,,,,,,,,,,,,,,
1973-1974,1974,West,5,,warriors,1610612744,44,38,0.537,15-11,24-26,23-18,21-20,15.0,,,,,,,,,,,,,,,,,,,,,,,,,,,,,,,,,,,,,,,,,,,,,,,,
1973-1974,1974,West,6,,supersonics,1610612760,36,46,0.439,12-14,21-29,22-19,14-27,23.0,,,,,,,,,,,,,,,,,,,,,,,,,,,,,,,,,,,,,,,,,,,,,,,,
1973-1974,1974,West,7,,kings,1610612758,33,49,0.402,4-16,18-32,20-21,13-28,26.0,,,,,,,,,,,,,,,,,,,,,,,,,,,,,,,,,,,,,,,,,,,,,,,,
1973-1974,1974,West,8,,suns,1610612756,30,52,0.366,11-15,16-34,24-17,6-35,29.0,,,,,,,,,,,,,,,,,,,,,,,,,,,,,,,,,,,,,,,,,,,,,,,,
1973-1974,1974,West,9,,blazers,1610612757,27,55,0.329,13-13,18-32,22-19,5-36,32.0,,,,,,,,,,,,,,,,,,,,,,,,,,,,,,,,,,,,,,,,,,,,,,,,
1974-1975,1975,West,1,,warriors,1610612744,48,34,0.585,19-11,28-18,31-10,17-24,0.0,,,,,,,,,,,,,,,,,,,,,,,,,,,,,,,,,,,,,,,,,,,,,,,,
1974-1975,1975,West,2,,bulls,1610612741,47,35,0.573,11-15,25-21,29-12,18-23,1.0,,,,,,,,,,,,,,,,,,,,,,,,,,,,,,,,,,,,,,,,,,,,,,,,
1974-1975,1975,West,3,,kings,1610612758,44,38,0.537,17-9,29-17,29-12,15-26,4.0,,,,,,,,,,,,,,,,,,,,,,,,,,,,,,,,,,,,,,,,,,,,,,,,
1974-1975,1975,West,4,,supersonics,1610612760,43,39,0.524,18-12,26-20,24-16,19-23,5.0,,,,,,,,,,,,,,,,,,,,,,,,,,,,,,,,,,,,,,,,,,,,,,,,
1974-1975,1975,West,5,,pistons,1610612765,40,42,0.488,10-16,21-25,26-15,14-27,8.0,,,,,,,,,,,,,,,,,,,,,,,,,,,,,,,,,,,,,,,,,,,,,,,,
1974-1975,1975,West,6,,bucks,1610612749,38,44,0.463,14-12,20-26,25-16,13-28,10.0,,,,,,,,,,,,,,,,,,,,,,,,,,,,,,,,,,,,,,,,,,,,,,,,
1974-1975,1975,West,6,,blazers,1610612757,38,44,0.463,16-14,22-24,29-13,9-31,10.0,,,,,,,,,,,,,,,,,,,,,,,,,,,,,,,,,,,,,,,,,,,,,,,,
1974-1975,1975,West,8,,suns,1610612756,32,50,0.39,12-18,19-27,22-19,10-31,16.0,,,,,,,,,,,,,,,,,,,,,,,,,,,,,,,,,,,,,,,,,,,,,,,,
1974-1975,1975,West,9,,lakers,1610612747,30,52,0.366,10-20,17-29,21-20,9-32,18.0,,,,,,,,,,,,,,,,,,,,,,,,,,,,,,,,,,,,,,,,,,,,,,,,
1975-1976,1976,West,1,,warriors,1610612744,59,23,0.72,17-9,35-11,36-5,23-18,0.0,,,,,,,,,,,,,,,,,,,,,,,,,,,,,,,,,,,,,,,,,,,,,,,,
1975-1976,1976,West,2,,bucks,1610612749,38,44,0.463,13-8,23-23,22-19,16-25,21.0,,,,,,,,,,,,,,,,,,,,,,,,,,,,,,,,,,,,,,,,,,,,,,,,
1975-1976,1976,West,3,,supersonics,1610612760,43,39,0.524,12-14,23-23,31-10,12-29,16.0,,,,,,,,,,,,,,,,,,,,,,,,,,,,,,,,,,,,,,,,,,,,,,,,
1975-1976,1976,West,4,,suns,1610612756,42,40,0.512,15-11,26-20,27-14,15-26,17.0,,,,,,,,,,,,,,,,,,,,,,,,,,,,,,,,,,,,,,,,,,,,,,,,
1975-1976,1976,West,5,,pistons,1610612765,36,46,0.439,12-9,19-27,24-17,12-29,23.0,,,,,,,,,,,,,,,,,,,,,,,,,,,,,,,,,,,,,,,,,,,,,,,,
1975-1976,1976,West,6,,lakers,1610612747,40,42,0.488,10-16,21-25,31-11,9-31,19.0,,,,,,,,,,,,,,,,,,,,,,,,,,,,,,,,,,,,,,,,,,,,,,,,
1975-1976,1976,West,7,,blazers,1610612757,37,45,0.451,11-15,26-20,25-15,12-30,22.0,,,,,,,,,,,,,,,,,,,,,,,,,,,,,,,,,,,,,,,,,,,,,,,,
1975-1976,1976,West,8,,kings,1610612758,31,51,0.378,10-11,18-28,25-16,6-35,28.0,,,,,,,,,,,,,,,,,,,,,,,,,,,,,,,,,,,,,,,,,,,,,,,,
1975-1976,1976,West,9,,bulls,1610612741,24,58,0.293,7-14,16-30,15-26,9-32,35.0,,,,,,,,,,,,,,,,,,,,,,,,,,,,,,,,,,,,,,,,,,,,,,,,
1976-1977,1977,West,1,,lakers,1610612747,53,29,0.646,11-5,26-14,37-4,16-25,0.0,,,,,,,,,,,,,,,,,,,,,,,,,,,,,,,,,,,,,,,,,,,,,,,,
1976-1977,1977,West,2,,nuggets,1610612743,50,32,0.61,15-5,28-12,36-5,14-27,3.0,,,,,,,,,,,,,,,,,,,,,,,,,,,,,,,,,,,,,,,,,,,,,,,,
1976-1977,1977,West,3,,blazers,1610612757,49,33,0.598,10-6,26-14,35-6,14-27,4.0,,,,,,,,,,,,,,,,,,,,,,,,,,,,,,,,,,,,,,,,,,,,,,,,
1976-1977,1977,West,4,,warriors,1610612744,46,36,0.561,8-8,19-21,29-12,17-24,7.0,,,,,,,,,,,,,,,,,,,,,,,,,,,,,,,,,,,,,,,,,,,,,,,,
1976-1977,1977,West,5,,bulls,1610612741,44,38,0.537,10-10,19-21,31-10,13-28,9.0,,,,,,,,,,,,,,,,,,,,,,,,,,,,,,,,,,,,,,,,,,,,,,,,
1976-1977,1977,West,5,,pistons,1610612765,44,38,0.537,12-8,21-19,30-11,14-27,9.0,,,,,,,,,,,,,,,,,,,,,,,,,,,,,,,,,,,,,,,,,,,,,,,,
1976-1977,1977,West,7,,kings,1610612758,40,42,0.488,7-13,17-23,28-13,12-29,13.0,,,,,,,,,,,,,,,,,,,,,,,,,,,,,,,,,,,,,,,,,,,,,,,,
1976-1977,1977,West,7,,supersonics,1610612760,40,42,0.488,6-10,19-21,27-14,13-28,13.0,,,,,,,,,,,,,,,,,,,,,,,,,,,,,,,,,,,,,,,,,,,,,,,,
1976-1977,1977,West,9,,pacers,1610612754,36,46,0.439,9-11,14-26,25-16,11-30,17.0,,,,,,,,,,,,,,,,,,,,,,,,,,,,,,,,,,,,,,,,,,,,,,,,
1976-1977,1977,West,10,,suns,1610612756,34,48,0.415,5-11,16-24,26-15,8-33,19.0,,,,,,,,,,,,,,,,,,,,,,,,,,,,,,,,,,,,,,,,,,,,,,,,
1976-1977,1977,West,11,,bucks,1610612749,30,52,0.366,7-13,15-25,24-17,6-35,23.0,,,,,,,,,,,,,,,,,,,,,,,,,,,,,,,,,,,,,,,,,,,,,,,,
1977-1978,1978,West,1,,blazers,1610612757,58,24,0.707,13-3,30-10,36-5,22-19,0.0,,,,,,,,,,,,,,,,,,,,,,,,,,,,,,,,,,,,,,,,,,,,,,,,
1977-1978,1978,West,2,,nuggets,1610612743,48,34,0.585,11-9,22-18,33-8,15-26,10.0,,,,,,,,,,,,,,,,,,,,,,,,,,,,,,,,,,,,,,,,,,,,,,,,
1977-1978,1978,West,3,,suns,1610612756,49,33,0.598,8-8,24-16,34-7,15-26,9.0,,,,,,,,,,,,,,,,,,,,,,,,,,,,,,,,,,,,,,,,,,,,,,,,
1977-1978,1978,West,4,,supersonics,1610612760,47,35,0.573,8-8,25-15,31-10,16-25,11.0,,,,,,,,,,,,,,,,,,,,,,,,,,,,,,,,,,,,,,,,,,,,,,,,
1977-1978,1978,West,5,,lakers,1610612747,45,37,0.549,6-10,19-21,29-12,16-25,13.0,,,,,,,,,,,,,,,,,,,,,,,,,,,,,,,,,,,,,,,,,,,,,,,,
1977-1978,1978,West,6,,bucks,1610612749,44,38,0.537,14-6,20-20,28-13,16-25,14.0,,,,,,,,,,,,,,,,,,,,,,,,,,,,,,,,,,,,,,,,,,,,,,,,
1977-1978,1978,West,7,,warriors,1610612744,43,39,0.524,5-11,20-20,30-11,13-28,15.0,,,,,,,,,,,,,,,,,,,,,,,,,,,,,,,,,,,,,,,,,,,,,,,,
1977-1978,1978,West,8,,bulls,1610612741,40,42,0.488,8-12,16-24,29-12,11-30,18.0,,,,,,,,,,,,,,,,,,,,,,,,,,,,,,,,,,,,,,,,,,,,,,,,
1977-1978,1978,West,9,,pistons,1610612765,38,44,0.463,8-12,16-24,24-17,14-27,20.0,,,,,,,,,,,,,,,,,,,,,,,,,,,,,,,,,,,,,,,,,,,,,,,,
1977-1978,1978,West,10,,pacers,1610612754,31,51,0.378,8-12,13-27,21-20,10-31,27.0,,,,,,,,,,,,,,,,,,,,,,,,,,,,,,,,,,,,,,,,,,,,,,,,
1977-1978,1978,West,10,,kings,1610612758,31,51,0.378,11-9,15-25,22-19,9-32,27.0,,,,,,,,,,,,,,,,,,,,,,,,,,,,,,,,,,,,,,,,,,,,,,,,
1978-1979,1979,West,1,,supersonics,1610612760,52,30,0.634,11-9,24-16,31-10,21-20,0.0,,,,,,,,,,,,,,,,,,,,,,,,,,,,,,,,,,,,,,,,,,,,,,,,
1978-1979,1979,West,2,,kings,1610612758,48,34,0.585,12-4,23-17,32-9,16-25,4.0,,,,,,,,,,,,,,,,,,,,,,,,,,,,,,,,,,,,,,,,,,,,,,,,
1978-1979,1979,West,3,,suns,1610612756,50,32,0.61,11-9,21-19,32-9,18-23,2.0,,,,,,,,,,,,,,,,,,,,,,,,,,,,,,,,,,,,,,,,,,,,,,,,
1978-1979,1979,West,4,,nuggets,1610612743,47,35,0.573,8-8,24-16,29-12,18-23,5.0,,,,,,,,,,,,,,,,,,,,,,,,,,,,,,,,,,,,,,,,,,,,,,,,
1978-1979,1979,West,4,,lakers,1610612747,47,35,0.573,11-9,24-16,31-10,16-25,5.0,,,,,,,,,,,,,,,,,,,,,,,,,,,,,,,,,,,,,,,,,,,,,,,,
1978-1979,1979,West,6,,blazers,1610612757,45,37,0.549,8-12,17-23,33-8,12-29,7.0,,,,,,,,,,,,,,,,,,,,,,,,,,,,,,,,,,,,,,,,,,,,,,,,
1978-1979,1979,West,7,,clippers,1610612746,43,39,0.524,11-9,25-15,29-12,14-27,9.0,,,,,,,,,,,,,,,,,,,,,,,,,,,,,,,,,,,,,,,,,,,,,,,,
1978-1979,1979,West,8,,warriors,1610612744,38,44,0.463,8-12,15-25,23-18,15-26,14.0,,,,,,,,,,,,,,,,,,,,,,,,,,,,,,,,,,,,,,,,,,,,,,,,
1978-1979,1979,West,8,,bucks,1610612749,38,44,0.463,9-7,19-21,28-13,10-31,14.0,,,,,,,,,,,,,,,,,,,,,,,,,,,,,,,,,,,,,,,,,,,,,,,,
1978-1979,1979,West,8,,pacers,1610612754,38,44,0.463,6-10,14-26,25-16,13-28,14.0,,,,,,,,,,,,,,,,,,,,,,,,,,,,,,,,,,,,,,,,,,,,,,,,
1978-1979,1979,West,11,,bulls,1610612741,31,51,0.378,5-11,14-26,19-22,12-29,21.0,,,,,,,,,,,,,,,,,,,,,,,,,,,,,,,,,,,,,,,,,,,,,,,,
1979-1980,1980,West,1,,lakers,1610612747,60,22,0.732,19-11,42-18,37-4,23-18,0.0,,,,,,,,,,,,,,,,,,,,,,,,,,,,,,,,,,,,,,,,,,,,,,,,
1979-1980,1980,West,2,,bucks,1610612749,49,33,0.598,15-9,39-21,28-12,21-21,11.0,,,,,,,,,,,,,,,,,,,,,,,,,,,,,,,,,,,,,,,,,,,,,,,,
1979-1980,1980,West,3,,supersonics,1610612760,56,26,0.683,18-12,39-21,33-8,23-18,4.0,,,,,,,,,,,,,,,,,,,,,,,,,,,,,,,,,,,,,,,,,,,,,,,,
1979-1980,1980,West,4,,suns,1610612756,55,27,0.671,19-11,42-18,37-5,18-22,5.0,,,,,,,,,,,,,,,,,,,,,,,,,,,,,,,,,,,,,,,,,,,,,,,,
1979-1980,1980,West,5,,kings,1610612758,47,35,0.573,18-6,33-27,30-11,17-24,13.0,,,,,,,,,,,,,,,,,,,,,,,,,,,,,,,,,,,,,,,,,,,,,,,,
1979-1980,1980,West,6,,blazers,1610612757,38,44,0.463,13-17,29-31,26-15,12-29,22.0,,,,,,,,,,,,,,,,,,,,,,,,,,,,,,,,,,,,,,,,,,,,,,,,
1979-1980,1980,West,7,,clippers,1610612746,35,47,0.427,13-17,26-34,24-17,11-30,25.0,,,,,,,,,,,,,,,,,,,,,,,,,,,,,,,,,,,,,,,,,,,,,,,,
1979-1980,1980,West,8,,bulls,1610612741,30,52,0.366,8-16,23-37,21-20,9-32,30.0,,,,,,,,,,,,,,,,,,,,,,,,,,,,,,,,,,,,,,,,,,,,,,,,
1979-1980,1980,West,8,,nuggets,1610612743,30,52,0.366,10-14,21-39,24-17,6-35,30.0,,,,,,,,,,,,,,,,,,,,,,,,,,,,,,,,,,,,,,,,,,,,,,,,
1979-1980,1980,West,10,,warriors,1610612744,24,58,0.293,8-22,19-41,15-26,9-32,36.0,,,,,,,,,,,,,,,,,,,,,,,,,,,,,,,,,,,,,,,,,,,,,,,,
1979-1980,1980,West,10,,jazz,1610612762,24,58,0.293,9-15,17-43,17-24,7-34,36.0,,,,,,,,,,,,,,,,,,,,,,,,,,,,,,,,,,,,,,,,,,,,,,,,
1980-1981,1981,West,1,,suns,1610612756,57,25,0.695,22-8,44-16,36-5,21-20,0.0,,,,,,,,,,,,,,,,,,,,,,,,,,,,,,,,,,,,,,,,,,,,,,,,
1980-1981,1981,West,2,,spurs,1610612759,52,30,0.634,21-9,40-20,34-7,18-23,5.0,,,,,,,,,,,,,,,,,,,,,,,,,,,,,,,,,,,,,,,,,,,,,,,,
1980-1981,1981,West,3,,lakers,1610612747,54,28,0.659,19-11,39-21,30-11,24-17,3.0,,,,,,,,,,,,,,,,,,,,,,,,,,,,,,,,,,,,,,,,,,,,,,,,
1980-1981,1981,West,4,,blazers,1610612757,45,37,0.549,18-12,33-27,30-11,15-26,12.0,,,,,,,,,,,,,,,,,,,,,,,,,,,,,,,,,,,,,,,,,,,,,,,,
1980-1981,1981,West,5,,rockets,1610612745,40,42,0.488,19-11,32-28,25-16,15-26,17.0,,,,,,,,,,,,,,,,,,,,,,,,,,,,,,,,,,,,,,,,,,,,,,,,
1980-1981,1981,West,5,,kings,1610612758,40,42,0.488,19-11,30-30,24-17,16-25,17.0,,,,,,,,,,,,,,,,,,,,,,,,,,,,,,,,,,,,,,,,,,,,,,,,
1980-1981,1981,West,7,,warriors,1610612744,39,43,0.476,10-20,28-32,26-15,13-28,18.0,,,,,,,,,,,,,,,,,,,,,,,,,,,,,,,,,,,,,,,,,,,,,,,,
1980-1981,1981,West,8,,nuggets,1610612743,37,45,0.451,13-17,28-32,23-18,14-27,20.0,,,,,,,,,,,,,,,,,,,,,,,,,,,,,,,,,,,,,,,,,,,,,,,,
1980-1981,1981,West,9,,clippers,1610612746,36,46,0.439,14-16,29-31,22-19,14-27,21.0,,,,,,,,,,,,,,,,,,,,,,,,,,,,,,,,,,,,,,,,,,,,,,,,
1980-1981,1981,West,10,,supersonics,1610612760,34,48,0.415,7-23,23-37,22-19,12-29,23.0,,,,,,,,,,,,,,,,,,,,,,,,,,,,,,,,,,,,,,,,,,,,,,,,
1980-1981,1981,West,11,,jazz,1610612762,28,54,0.341,13-17,22-38,20-21,8-33,29.0,,,,,,,,,,,,,,,,,,,,,,,,,,,,,,,,,,,,,,,,,,,,,,,,
1980-1981,1981,West,12,,mavericks,1610612742,15,67,0.183,5-25,12-48,11-30,4-37,42.0,,,,,,,,,,,,,,,,,,,,,,,,,,,,,,,,,,,,,,,,,,,,,,,,
1981-1982,1982,West,1,,lakers,1610612747,57,25,0.695,21-9,44-16,30-11,27-14,0.0,,,,,,,,,,,,,,,,,,,,,,,,,,,,,,,,,,,,,,,,,,,,,,,,
1981-1982,1982,West,2,,spurs,1610612759,48,34,0.585,20-10,35-25,29-12,19-22,9.0,,,,,,,,,,,,,,,,,,,,,,,,,,,,,,,,,,,,,,,,,,,,,,,,
1981-1982,1982,West,3,,supersonics,1610612760,52,30,0.634,18-12,37-23,31-10,21-20,5.0,,,,,,,,,,,,,,,,,,,,,,,,,,,,,,,,,,,,,,,,,,,,,,,,
1981-1982,1982,West,4,,nuggets,1610612743,46,36,0.561,19-11,34-26,29-12,17-24,11.0,,,,,,,,,,,,,,,,,,,,,,,,,,,,,,,,,,,,,,,,,,,,,,,,
1981-1982,1982,West,4,,rockets,1610612745,46,36,0.561,17-13,35-25,25-16,21-20,11.0,,,,,,,,,,,,,,,,,,,,,,,,,,,,,,,,,,,,,,,,,,,,,,,,
1981-1982,1982,West,4,,suns,1610612756,46,36,0.561,14-16,32-28,31-10,15-26,11.0,,,,,,,,,,,,,,,,,,,,,,,,,,,,,,,,,,,,,,,,,,,,,,,,
1981-1982,1982,West,7,,warriors,1610612744,45,37,0.549,15-15,32-28,28-13,17-24,12.0,,,,,,,,,,,,,,,,,,,,,,,,,,,,,,,,,,,,,,,,,,,,,,,,
1981-1982,1982,West,8,,blazers,1610612757,42,40,0.512,15-15,34-26,27-14,15-26,15.0,,,,,,,,,,,,,,,,,,,,,,,,,,,,,,,,,,,,,,,,,,,,,,,,
1981-1982,1982,West,9,,kings,1610612758,30,52,0.366,11-19,22-38,23-18,7-34,27.0,,,,,,,,,,,,,,,,,,,,,,,,,,,,,,,,,,,,,,,,,,,,,,,,
1981-1982,1982,West,10,,mavericks,1610612742,28,54,0.341,11-19,19-41,16-25,12-29,29.0,,,,,,,,,,,,,,,,,,,,,,,,,,,,,,,,,,,,,,,,,,,,,,,,
1981-1982,1982,West,11,,jazz,1610612762,25,57,0.305,12-18,21-39,18-23,7-34,32.0,,,,,,,,,,,,,,,,,,,,,,,,,,,,,,,,,,,,,,,,,,,,,,,,
1981-1982,1982,West,12,,clippers,1610612746,17,65,0.207,7-23,15-45,11-30,6-35,40.0,,,,,,,,,,,,,,,,,,,,,,,,,,,,,,,,,,,,,,,,,,,,,,,,
1982-1983,1983,West,1,,lakers,1610612747,58,24,0.707,21-9,42-18,33-8,25-16,0.0,,,,,,,,,,,,,,,,,,,,,,,,,,,,,,,,,,,,,,,,,,,,,,,,
1982-1983,1983,West,2,,suns,1610612756,53,29,0.646,21-9,42-18,32-9,21-20,5.0,,,,,,,,,,,,,,,,,,,,,,,,,,,,,,,,,,,,,,,,,,,,,,,,
1982-1983,1983,West,2,,spurs,1610612759,53,29,0.646,21-9,39-21,31-10,22-19,5.0,,,,,,,,,,,,,,,,,,,,,,,,,,,,,,,,,,,,,,,,,,,,,,,,
1982-1983,1983,West,4,,supersonics,1610612760,48,34,0.585,14-16,36-24,29-12,19-22,10.0,,,,,,,,,,,,,,,,,,,,,,,,,,,,,,,,,,,,,,,,,,,,,,,,
1982-1983,1983,West,5,,blazers,1610612757,46,36,0.561,16-14,34-26,31-10,15-26,12.0,,,,,,,,,,,,,,,,,,,,,,,,,,,,,,,,,,,,,,,,,,,,,,,,
1982-1983,1983,West,6,,nuggets,1610612743,45,37,0.549,17-13,34-26,29-12,16-25,13.0,,,,,,,,,,,,,,,,,,,,,,,,,,,,,,,,,,,,,,,,,,,,,,,,
1982-1983,1983,West,6,,kings,1610612758,45,37,0.549,18-12,31-29,30-11,15-26,13.0,,,,,,,,,,,,,,,,,,,,,,,,,,,,,,,,,,,,,,,,,,,,,,,,
1982-1983,1983,West,8,,mavericks,1610612742,38,44,0.463,15-15,32-28,23-18,15-26,20.0,,,,,,,,,,,,,,,,,,,,,,,,,,,,,,,,,,,,,,,,,,,,,,,,
1982-1983,1983,West,9,,warriors,1610612744,30,52,0.366,11-19,22-38,21-20,9-32,28.0,,,,,,,,,,,,,,,,,,,,,,,,,,,,,,,,,,,,,,,,,,,,,,,,
1982-1983,1983,West,9,,jazz,1610612762,30,52,0.366,15-15,23-37,21-20,9-32,28.0,,,,,,,,,,,,,,,,,,,,,,,,,,,,,,,,,,,,,,,,,,,,,,,,
1982-1983,1983,West,11,,clippers,1610612746,25,57,0.305,7-23,16-44,18-23,7-34,33.0,,,,,,,,,,,,,,,,,,,,,,,,,,,,,,,,,,,,,,,,,,,,,,,,
1982-1983,1983,West,12,,rockets,1610612745,14,68,0.171,4-26,9-51,9-32,5-36,44.0,,,,,,,,,,,,,,,,,,,,,,,,,,,,,,,,,,,,,,,,,,,,,,,,
1983-1984,1984,West,1,,lakers,1610612747,54,28,0.659,18-12,39-21,28-13,26-15,0.0,,,,,,,,,,,,,,,,,,,,,,,,,,,,,,,,,,,,,,,,,,,,,,,,
1983-1984,1984,West,2,,jazz,1610612762,45,37,0.549,15-15,35-25,31-10,14-27,9.0,,,,,,,,,,,,,,,,,,,,,,,,,,,,,,,,,,,,,,,,,,,,,,,,
1983-1984,1984,West,3,,blazers,1610612757,48,34,0.585,17-13,36-24,33-8,15-26,6.0,,,,,,,,,,,,,,,,,,,,,,,,,,,,,,,,,,,,,,,,,,,,,,,,
1983-1984,1984,West,4,,mavericks,1610612742,43,39,0.524,19-11,36-24,31-10,12-29,11.0,,,,,,,,,,,,,,,,,,,,,,,,,,,,,,,,,,,,,,,,,,,,,,,,
1983-1984,1984,West,5,,supersonics,1610612760,42,40,0.512,14-16,31-29,32-9,10-31,12.0,,,,,,,,,,,,,,,,,,,,,,,,,,,,,,,,,,,,,,,,,,,,,,,,
1983-1984,1984,West,6,,suns,1610612756,41,41,0.5,16-14,33-27,31-10,10-31,13.0,,,,,,,,,,,,,,,,,,,,,,,,,,,,,,,,,,,,,,,,,,,,,,,,
1983-1984,1984,West,7,,nuggets,1610612743,38,44,0.463,16-14,27-33,27-14,11-30,16.0,,,,,,,,,,,,,,,,,,,,,,,,,,,,,,,,,,,,,,,,,,,,,,,,
1983-1984,1984,West,7,,kings,1610612758,38,44,0.463,17-13,26-34,26-15,12-29,16.0,,,,,,,,,,,,,,,,,,,,,,,,,,,,,,,,,,,,,,,,,,,,,,,,
1983-1984,1984,West,9,,warriors,1610612744,37,45,0.451,13-17,27-33,27-14,10-31,17.0,,,,,,,,,,,,,,,,,,,,,,,,,,,,,,,,,,,,,,,,,,,,,,,,
1983-1984,1984,West,9,,spurs,1610612759,37,45,0.451,14-16,26-34,28-13,9-32,17.0,,,,,,,,,,,,,,,,,,,,,,,,,,,,,,,,,,,,,,,,,,,,,,,,
1983-1984,1984,West,11,,clippers,1610612746,30,52,0.366,12-18,23-37,25-16,5-36,24.0,,,,,,,,,,,,,,,,,,,,,,,,,,,,,,,,,,,,,,,,,,,,,,,,
1983-1984,1984,West,12,,rockets,1610612745,29,53,0.354,9-21,21-39,21-20,8-33,25.0,,,,,,,,,,,,,,,,,,,,,,,,,,,,,,,,,,,,,,,,,,,,,,,,
1984-1985,1985,West,1,,lakers,1610612747,62,20,0.756,24-6,47-13,36-5,26-15,0.0,,,,,,,,,,,,,,,,,,,,,,,,,,,,,,,,,,,,,,,,,,,,,,,,
1984-1985,1985,West,2,,nuggets,1610612743,52,30,0.634,17-13,37-23,34-7,18-23,10.0,,,,,,,,,,,,,,,,,,,,,,,,,,,,,,,,,,,,,,,,,,,,,,,,
1984-1985,1985,West,3,,rockets,1610612745,48,34,0.585,20-10,36-24,29-12,19-22,14.0,,,,,,,,,,,,,,,,,,,,,,,,,,,,,,,,,,,,,,,,,,,,,,,,
1984-1985,1985,West,4,,mavericks,1610612742,44,38,0.537,14-16,33-27,24-17,20-21,18.0,,,,,,,,,,,,,,,,,,,,,,,,,,,,,,,,,,,,,,,,,,,,,,,,
1984-1985,1985,West,5,,blazers,1610612757,42,40,0.512,17-13,29-31,30-11,12-29,20.0,,,,,,,,,,,,,,,,,,,,,,,,,,,,,,,,,,,,,,,,,,,,,,,,
1984-1985,1985,West,6,,spurs,1610612759,41,41,0.5,12-18,31-29,30-11,11-30,21.0,,,,,,,,,,,,,,,,,,,,,,,,,,,,,,,,,,,,,,,,,,,,,,,,
1984-1985,1985,West,6,,jazz,1610612762,41,41,0.5,19-11,32-28,26-15,15-26,21.0,,,,,,,,,,,,,,,,,,,,,,,,,,,,,,,,,,,,,,,,,,,,,,,,
1984-1985,1985,West,8,,suns,1610612756,36,46,0.439,15-15,27-33,26-15,10-31,26.0,,,,,,,,,,,,,,,,,,,,,,,,,,,,,,,,,,,,,,,,,,,,,,,,
1984-1985,1985,West,9,,clippers,1610612746,31,51,0.378,11-19,26-34,20-21,11-30,31.0,,,,,,,,,,,,,,,,,,,,,,,,,,,,,,,,,,,,,,,,,,,,,,,,
1984-1985,1985,West,9,,kings,1610612758,31,51,0.378,8-22,22-38,23-18,8-33,31.0,,,,,,,,,,,,,,,,,,,,,,,,,,,,,,,,,,,,,,,,,,,,,,,,
1984-1985,1985,West,9,,supersonics,1610612760,31,51,0.378,13-17,23-37,20-21,11-30,31.0,,,,,,,,,,,,,,,,,,,,,,,,,,,,,,,,,,,,,,,,,,,,,,,,
1984-1985,1985,West,12,,warriors,1610612744,22,60,0.268,10-20,17-43,17-24,5-36,40.0,,,,,,,,,,,,,,,,,,,,,,,,,,,,,,,,,,,,,,,,,,,,,,,,
1985-1986,1986,West,1,,lakers,1610612747,62,20,0.756,23-7,47-13,35-6,27-14,0.0,,,,,,,,,,,,,,,,,,,,,,,,,,,,,,,,,,,,,,,,,,,,,,,,
1985-1986,1986,West,2,,rockets,1610612745,51,31,0.622,20-10,38-22,36-5,15-26,11.0,,,,,,,,,,,,,,,,,,,,,,,,,,,,,,,,,,,,,,,,,,,,,,,,
1985-1986,1986,West,3,,nuggets,1610612743,47,35,0.573,15-15,34-26,34-7,13-28,15.0,,,,,,,,,,,,,,,,,,,,,,,,,,,,,,,,,,,,,,,,,,,,,,,,
1985-1986,1986,West,4,,mavericks,1610612742,44,38,0.537,16-14,33-27,26-15,18-23,18.0,,,,,,,,,,,,,,,,,,,,,,,,,,,,,,,,,,,,,,,,,,,,,,,,
1985-1986,1986,West,5,,jazz,1610612762,42,40,0.512,15-15,30-30,27-14,15-26,20.0,,,,,,,,,,,,,,,,,,,,,,,,,,,,,,,,,,,,,,,,,,,,,,,,
1985-1986,1986,West,6,,blazers,1610612757,40,42,0.488,18-12,31-29,27-14,13-28,22.0,,,,,,,,,,,,,,,,,,,,,,,,,,,,,,,,,,,,,,,,,,,,,,,,
1985-1986,1986,West,7,,kings,1610612758,37,45,0.451,15-15,28-32,25-16,12-29,25.0,,,,,,,,,,,,,,,,,,,,,,,,,,,,,,,,,,,,,,,,,,,,,,,,
1985-1986,1986,West,8,,spurs,1610612759,35,47,0.427,9-21,25-35,21-20,14-27,27.0,,,,,,,,,,,,,,,,,,,,,,,,,,,,,,,,,,,,,,,,,,,,,,,,
1985-1986,1986,West,9,,clippers,1610612746,32,50,0.39,10-20,25-35,22-19,10-31,30.0,,,,,,,,,,,,,,,,,,,,,,,,,,,,,,,,,,,,,,,,,,,,,,,,
1985-1986,1986,West,9,,suns,1610612756,32,50,0.39,16-14,25-35,23-18,9-32,30.0,,,,,,,,,,,,,,,,,,,,,,,,,,,,,,,,,,,,,,,,,,,,,,,,
1985-1986,1986,West,11,,supersonics,1610612760,31,51,0.378,11-19,23-37,24-17,7-34,31.0,,,,,,,,,,,,,,,,,,,,,,,,,,,,,,,,,,,,,,,,,,,,,,,,
1985-1986,1986,West,12,,warriors,1610612744,30,52,0.366,12-18,21-39,24-17,6-35,32.0,,,,,,,,,,,,,,,,,,,,,,,,,,,,,,,,,,,,,,,,,,,,,,,,
1986-1987,1987,West,1,,lakers,1610612747,65,17,0.793,24-6,47-13,37-4,28-13,0.0,,,,,,,,,,,,,,,,,,,,,,,,,,,,,,,,,,,,,,,,,,,,,,,,
1986-1987,1987,West,2,,mavericks,1610612742,55,27,0.671,19-11,42-18,35-6,20-21,10.0,,,,,,,,,,,,,,,,,,,,,,,,,,,,,,,,,,,,,,,,,,,,,,,,
1986-1987,1987,West,3,,blazers,1610612757,49,33,0.598,17-13,35-25,34-7,15-26,16.0,,,,,,,,,,,,,,,,,,,,,,,,,,,,,,,,,,,,,,,,,,,,,,,,
1986-1987,1987,West,4,,jazz,1610612762,44,38,0.537,19-11,32-28,31-10,13-28,21.0,,,,,,,,,,,,,,,,,,,,,,,,,,,,,,,,,,,,,,,,,,,,,,,,
1986-1987,1987,West,5,,warriors,1610612744,42,40,0.512,17-13,32-28,25-16,17-24,23.0,,,,,,,,,,,,,,,,,,,,,,,,,,,,,,,,,,,,,,,,,,,,,,,,
1986-1987,1987,West,5,,rockets,1610612745,42,40,0.512,19-11,31-29,25-16,17-24,23.0,,,,,,,,,,,,,,,,,,,,,,,,,,,,,,,,,,,,,,,,,,,,,,,,
1986-1987,1987,West,7,,supersonics,1610612760,39,43,0.476,15-15,32-28,25-16,14-27,26.0,,,,,,,,,,,,,,,,,,,,,,,,,,,,,,,,,,,,,,,,,,,,,,,,
1986-1987,1987,West,8,,nuggets,1610612743,37,45,0.451,14-16,28-32,27-14,10-31,28.0,,,,,,,,,,,,,,,,,,,,,,,,,,,,,,,,,,,,,,,,,,,,,,,,
1986-1987,1987,West,9,,suns,1610612756,36,46,0.439,14-16,28-32,26-15,10-31,29.0,,,,,,,,,,,,,,,,,,,,,,,,,,,,,,,,,,,,,,,,,,,,,,,,
1986-1987,1987,West,10,,kings,1610612758,29,53,0.354,10-20,22-38,20-21,9-32,36.0,,,,,,,,,,,,,,,,,,,,,,,,,,,,,,,,,,,,,,,,,,,,,,,,
1986-1987,1987,West,11,,spurs,1610612759,28,54,0.341,9-21,20-40,21-20,7-34,37.0,,,,,,,,,,,,,,,,,,,,,,,,,,,,,,,,,,,,,,,,,,,,,,,,
1986-1987,1987,West,12,,clippers,1610612746,12,70,0.146,3-27,11-49,9-32,3-38,53.0,,,,,,,,,,,,,,,,,,,,,,,,,,,,,,,,,,,,,,,,,,,,,,,,
1987-1988,1988,West,1,,lakers,1610612747,62,20,0.756,23-7,46-14,36-5,26-15,0.0,,,,,,,,,,,,,,,,,,,,,,,,,,,,,,,,,,,,,,,,,,,,,,,,
1987-1988,1988,West,2,,nuggets,1610612743,54,28,0.659,18-12,39-21,35-6,19-22,8.0,,,,,,,,,,,,,,,,,,,,,,,,,,,,,,,,,,,,,,,,,,,,,,,,
1987-1988,1988,West,3,,mavericks,1610612742,53,29,0.646,20-10,41-19,33-8,20-21,9.0,,,,,,,,,,,,,,,,,,,,,,,,,,,,,,,,,,,,,,,,,,,,,,,,
1987-1988,1988,West,3,,blazers,1610612757,53,29,0.646,23-7,39-21,33-8,20-21,9.0,,,,,,,,,,,,,,,,,,,,,,,,,,,,,,,,,,,,,,,,,,,,,,,,
1987-1988,1988,West,5,,jazz,1610612762,47,35,0.573,18-12,38-22,33-8,14-27,15.0,,,,,,,,,,,,,,,,,,,,,,,,,,,,,,,,,,,,,,,,,,,,,,,,
1987-1988,1988,West,6,,rockets,1610612745,46,36,0.561,13-17,33-27,31-10,15-26,16.0,,,,,,,,,,,,,,,,,,,,,,,,,,,,,,,,,,,,,,,,,,,,,,,,
1987-1988,1988,West,7,,supersonics,1610612760,44,38,0.537,19-11,31-29,32-9,12-29,18.0,,,,,,,,,,,,,,,,,,,,,,,,,,,,,,,,,,,,,,,,,,,,,,,,
1987-1988,1988,West,8,,spurs,1610612759,31,51,0.378,12-18,25-35,23-18,8-33,31.0,,,,,,,,,,,,,,,,,,,,,,,,,,,,,,,,,,,,,,,,,,,,,,,,
1987-1988,1988,West,9,,suns,1610612756,28,54,0.341,11-19,21-39,22-19,6-35,34.0,,,,,,,,,,,,,,,,,,,,,,,,,,,,,,,,,,,,,,,,,,,,,,,,
1987-1988,1988,West,10,,kings,1610612758,24,58,0.293,9-21,19-41,19-22,5-36,38.0,,,,,,,,,,,,,,,,,,,,,,,,,,,,,,,,,,,,,,,,,,,,,,,,
1987-1988,1988,West,11,,warriors,1610612744,20,62,0.244,7-23,15-45,16-25,4-37,42.0,,,,,,,,,,,,,,,,,,,,,,,,,,,,,,,,,,,,,,,,,,,,,,,,
1987-1988,1988,West,12,,clippers,1610612746,17,65,0.207,7-23,13-47,14-27,3-38,45.0,,,,,,,,,,,,,,,,,,,,,,,,,,,,,,,,,,,,,,,,,,,,,,,,
1988-1989,1989,West,1,,lakers,1610612747,57,25,0.695,25-9,43-15,35-6,22-19,0.0,,,,,,,,,,,,,,,,,,,,,,,,,,,,,,,,,,,,,,,,,,,,,,,,
1988-1989,1989,West,2,,jazz,1610612762,51,31,0.622,19-11,37-21,34-7,17-24,6.0,,,,,,,,,,,,,,,,,,,,,,,,,,,,,,,,,,,,,,,,,,,,,,,,
1988-1989,1989,West,3,,suns,1610612756,55,27,0.671,23-11,41-17,35-6,20-21,2.0,,,,,,,,,,,,,,,,,,,,,,,,,,,,,,,,,,,,,,,,,,,,,,,,
1988-1989,1989,West,4,,supersonics,1610612760,47,35,0.573,20-14,37-21,31-10,16-25,10.0,,,,,,,,,,,,,,,,,,,,,,,,,,,,,,,,,,,,,,,,,,,,,,,,
1988-1989,1989,West,5,,rockets,1610612745,45,37,0.549,19-11,33-25,31-10,14-27,12.0,,,,,,,,,,,,,,,,,,,,,,,,,,,,,,,,,,,,,,,,,,,,,,,,
1988-1989,1989,West,6,,nuggets,1610612743,44,38,0.537,18-12,32-26,35-6,9-32,13.0,,,,,,,,,,,,,,,,,,,,,,,,,,,,,,,,,,,,,,,,,,,,,,,,
1988-1989,1989,West,7,,warriors,1610612744,43,39,0.524,15-19,29-29,29-12,14-27,14.0,,,,,,,,,,,,,,,,,,,,,,,,,,,,,,,,,,,,,,,,,,,,,,,,
1988-1989,1989,West,8,,blazers,1610612757,39,43,0.476,17-17,30-28,28-13,11-30,18.0,,,,,,,,,,,,,,,,,,,,,,,,,,,,,,,,,,,,,,,,,,,,,,,,
1988-1989,1989,West,9,,mavericks,1610612742,38,44,0.463,19-11,30-28,24-17,14-27,19.0,,,,,,,,,,,,,,,,,,,,,,,,,,,,,,,,,,,,,,,,,,,,,,,,
1988-1989,1989,West,10,,kings,1610612758,27,55,0.329,12-22,23-35,21-20,6-35,30.0,,,,,,,,,,,,,,,,,,,,,,,,,,,,,,,,,,,,,,,,,,,,,,,,
1988-1989,1989,West,11,,clippers,1610612746,21,61,0.256,7-27,17-41,17-24,4-37,36.0,,,,,,,,,,,,,,,,,,,,,,,,,,,,,,,,,,,,,,,,,,,,,,,,
1988-1989,1989,West,11,,spurs,1610612759,21,61,0.256,9-21,15-43,18-23,3-38,36.0,,,,,,,,,,,,,,,,,,,,,,,,,,,,,,,,,,,,,,,,,,,,,,,,
1988-1989,1989,West,13,,heat,1610612748,15,67,0.183,6-24,10-48,12-29,3-38,42.0,,,,,,,,,,,,,,,,,,,,,,,,,,,,,,,,,,,,,,,,,,,,,,,,
1989-1990,1990,West,1,,lakers,1610612747,63,19,0.768,22-6,44-12,37-4,26-15,0.0,,,,,,,,,,,,,,,,,,,,,,,,,,,,,,,,,,,,,,,,,,,,,,,,
1989-1990,1990,West,2,,spurs,1610612759,56,26,0.683,19-9,40-16,34-7,22-19,7.0,,,,,,,,,,,,,,,,,,,,,,,,,,,,,,,,,,,,,,,,,,,,,,,,
1989-1990,1990,West,3,,blazers,1610612757,59,23,0.72,20-8,41-15,35-6,24-17,4.0,,,,,,,,,,,,,,,,,,,,,,,,,,,,,,,,,,,,,,,,,,,,,,,,
1989-1990,1990,West,4,,jazz,1610612762,55,27,0.671,21-7,38-18,36-5,19-22,8.0,,,,,,,,,,,,,,,,,,,,,,,,,,,,,,,,,,,,,,,,,,,,,,,,
1989-1990,1990,West,5,,suns,1610612756,54,28,0.659,20-8,38-18,32-9,22-19,9.0,,,,,,,,,,,,,,,,,,,,,,,,,,,,,,,,,,,,,,,,,,,,,,,,
1989-1990,1990,West,6,,mavericks,1610612742,47,35,0.573,17-11,29-27,30-11,17-24,16.0,,,,,,,,,,,,,,,,,,,,,,,,,,,,,,,,,,,,,,,,,,,,,,,,
1989-1990,1990,West,7,,nuggets,1610612743,43,39,0.524,15-13,28-28,28-13,15-26,20.0,,,,,,,,,,,,,,,,,,,,,,,,,,,,,,,,,,,,,,,,,,,,,,,,
1989-1990,1990,West,8,,rockets,1610612745,41,41,0.5,13-15,28-28,31-10,10-31,22.0,,,,,,,,,,,,,,,,,,,,,,,,,,,,,,,,,,,,,,,,,,,,,,,,
1989-1990,1990,West,8,,supersonics,1610612760,41,41,0.5,11-17,26-30,30-11,11-30,22.0,,,,,,,,,,,,,,,,,,,,,,,,,,,,,,,,,,,,,,,,,,,,,,,,
1989-1990,1990,West,10,,warriors,1610612744,37,45,0.451,11-17,24-32,27-14,10-31,26.0,,,,,,,,,,,,,,,,,,,,,,,,,,,,,,,,,,,,,,,,,,,,,,,,
1989-1990,1990,West,11,,clippers,1610612746,30,52,0.366,7-21,17-39,20-21,10-31,33.0,,,,,,,,,,,,,,,,,,,,,,,,,,,,,,,,,,,,,,,,,,,,,,,,
1989-1990,1990,West,12,,kings,1610612758,23,59,0.28,7-21,14-42,16-25,7-34,40.0,,,,,,,,,,,,,,,,,,,,,,,,,,,,,,,,,,,,,,,,,,,,,,,,
1989-1990,1990,West,13,,timberwolves,1610612750,22,60,0.268,6-22,12-44,17-24,5-36,41.0,,,,,,,,,,,,,,,,,,,,,,,,,,,,,,,,,,,,,,,,,,,,,,,,
1989-1990,1990,West,14,,hornets,1610612766,19,63,0.232,7-21,13-43,13-28,6-35,44.0,,,,,,,,,,,,,,,,,,,,,,,,,,,,,,,,,,,,,,,,,,,,,,,,
1990-1991,1991,West,1,,blazers,1610612757,63,19,0.768,18-10,42-14,36-5,27-14,0.0,,,,,,,,,,,,,,,,,,,,,,,,,,,,,,,,,,,,,,,,,,,,,,,,
1990-1991,1991,West,2,,spurs,1610612759,55,27,0.671,20-8,36-20,33-8,22-19,8.0,,,,,,,,,,,,,,,,,,,,,,,,,,,,,,,,,,,,,,,,,,,,,,,,
1990-1991,1991,West,3,,lakers,1610612747,58,24,0.707,19-9,40-16,33-8,25-16,5.0,,,,,,,,,,,,,,,,,,,,,,,,,,,,,,,,,,,,,,,,,,,,,,,,
1990-1991,1991,West,4,,suns,1610612756,55,27,0.671,17-11,35-21,32-9,23-18,8.0,,,,,,,,,,,,,,,,,,,,,,,,,,,,,,,,,,,,,,,,,,,,,,,,
1990-1991,1991,West,5,,jazz,1610612762,54,28,0.659,21-7,38-18,36-5,18-23,9.0,,,,,,,,,,,,,,,,,,,,,,,,,,,,,,,,,,,,,,,,,,,,,,,,
1990-1991,1991,West,6,,rockets,1610612745,52,30,0.634,20-8,33-23,31-10,21-20,11.0,,,,,,,,,,,,,,,,,,,,,,,,,,,,,,,,,,,,,,,,,,,,,,,,
1990-1991,1991,West,7,,warriors,1610612744,44,38,0.537,13-15,28-28,30-11,14-27,19.0,,,,,,,,,,,,,,,,,,,,,,,,,,,,,,,,,,,,,,,,,,,,,,,,
1990-1991,1991,West,8,,supersonics,1610612760,41,41,0.5,12-16,27-29,28-13,13-28,22.0,,,,,,,,,,,,,,,,,,,,,,,,,,,,,,,,,,,,,,,,,,,,,,,,
1990-1991,1991,West,9,,clippers,1610612746,31,51,0.378,10-18,26-30,23-18,8-33,32.0,,,,,,,,,,,,,,,,,,,,,,,,,,,,,,,,,,,,,,,,,,,,,,,,
1990-1991,1991,West,9,,magic,1610612753,31,51,0.378,13-15,23-33,24-17,7-34,32.0,,,,,,,,,,,,,,,,,,,,,,,,,,,,,,,,,,,,,,,,,,,,,,,,
1990-1991,1991,West,11,,timberwolves,1610612750,29,53,0.354,9-19,17-39,21-20,8-33,34.0,,,,,,,,,,,,,,,,,,,,,,,,,,,,,,,,,,,,,,,,,,,,,,,,
1990-1991,1991,West,12,,mavericks,1610612742,28,54,0.341,7-21,17-39,20-21,8-33,35.0,,,,,,,,,,,,,,,,,,,,,,,,,,,,,,,,,,,,,,,,,,,,,,,,
1990-1991,1991,West,13,,kings,1610612758,25,57,0.305,9-19,18-38,24-17,1-40,38.0,,,,,,,,,,,,,,,,,,,,,,,,,,,,,,,,,,,,,,,,,,,,,,,,
1990-1991,1991,West,14,,nuggets,1610612743,20,62,0.244,8-20,12-44,17-24,3-38,43.0,,,,,,,,,,,,,,,,,,,,,,,,,,,,,,,,,,,,,,,,,,,,,,,,
1991-1992,1992,West,1,,blazers,1610612757,57,25,0.695,21-9,37-17,33-8,24-17,0.0,,,,,,,,,,,,,,,,,,,,,,,,,,,,,,,,,,,,,,,,,,,,,,,,
1991-1992,1992,West,2,,warriors,1610612744,55,27,0.671,19-11,36-18,31-10,24-17,2.0,,,,,,,,,,,,,,,,,,,,,,,,,,,,,,,,,,,,,,,,,,,,,,,,
1991-1992,1992,West,2,,jazz,1610612762,55,27,0.671,20-6,37-17,37-4,18-23,2.0,,,,,,,,,,,,,,,,,,,,,,,,,,,,,,,,,,,,,,,,,,,,,,,,
1991-1992,1992,West,4,,suns,1610612756,53,29,0.646,17-13,34-20,36-5,17-24,4.0,,,,,,,,,,,,,,,,,,,,,,,,,,,,,,,,,,,,,,,,,,,,,,,,
1991-1992,1992,West,5,,spurs,1610612759,47,35,0.573,18-8,34-20,31-10,16-25,10.0,,,,,,,,,,,,,,,,,,,,,,,,,,,,,,,,,,,,,,,,,,,,,,,,
1991-1992,1992,West,5,,supersonics,1610612760,47,35,0.573,16-14,34-20,28-13,19-22,10.0,,,,,,,,,,,,,,,,,,,,,,,,,,,,,,,,,,,,,,,,,,,,,,,,
1991-1992,1992,West,7,,clippers,1610612746,45,37,0.549,13-17,29-25,29-12,16-25,12.0,,,,,,,,,,,,,,,,,,,,,,,,,,,,,,,,,,,,,,,,,,,,,,,,
1991-1992,1992,West,8,,lakers,1610612747,43,39,0.524,13-17,27-27,24-17,19-22,14.0,,,,,,,,,,,,,,,,,,,,,,,,,,,,,,,,,,,,,,,,,,,,,,,,
1991-1992,1992,West,9,,rockets,1610612745,42,40,0.512,12-14,26-28,28-13,14-27,15.0,,,,,,,,,,,,,,,,,,,,,,,,,,,,,,,,,,,,,,,,,,,,,,,,
1991-1992,1992,West,10,,kings,1610612758,29,53,0.354,6-24,17-37,21-20,8-33,28.0,,,,,,,,,,,,,,,,,,,,,,,,,,,,,,,,,,,,,,,,,,,,,,,,
1991-1992,1992,West,11,,nuggets,1610612743,24,58,0.293,8-18,14-40,18-23,6-35,33.0,,,,,,,,,,,,,,,,,,,,,,,,,,,,,,,,,,,,,,,,,,,,,,,,
1991-1992,1992,West,12,,mavericks,1610612742,22,60,0.268,11-15,15-39,15-26,7-34,35.0,,,,,,,,,,,,,,,,,,,,,,,,,,,,,,,,,,,,,,,,,,,,,,,,
1991-1992,1992,West,13,,timberwolves,1610612750,15,67,0.183,9-17,11-43,9-32,6-35,42.0,,,,,,,,,,,,,,,,,,,,,,,,,,,,,,,,,,,,,,,,,,,,,,,,
1992-1993,1993,West,1,,suns,1610612756,62,20,0.756,21-9,40-14,35-6,27-14,0.0,,,,,,,,,,,,,,,,,,,,,,,,,,,,,,,,,,,,,,,,,,,,,,,,
1992-1993,1993,West,2,,rockets,1610612745,55,27,0.671,19-7,36-18,31-10,24-17,7.0,,,,,,,,,,,,,,,,,,,,,,,,,,,,,,,,,,,,,,,,,,,,,,,,
1992-1993,1993,West,2,,supersonics,1610612760,55,27,0.671,22-8,38-16,33-8,22-19,7.0,,,,,,,,,,,,,,,,,,,,,,,,,,,,,,,,,,,,,,,,,,,,,,,,
1992-1993,1993,West,4,,blazers,1610612757,51,31,0.622,19-11,36-18,30-11,21-20,11.0,,,,,,,,,,,,,,,,,,,,,,,,,,,,,,,,,,,,,,,,,,,,,,,,
1992-1993,1993,West,5,,spurs,1610612759,49,33,0.598,17-9,32-22,31-10,18-23,13.0,,,,,,,,,,,,,,,,,,,,,,,,,,,,,,,,,,,,,,,,,,,,,,,,
1992-1993,1993,West,6,,jazz,1610612762,47,35,0.573,16-10,29-25,28-13,19-22,15.0,,,,,,,,,,,,,,,,,,,,,,,,,,,,,,,,,,,,,,,,,,,,,,,,
1992-1993,1993,West,7,,clippers,1610612746,41,41,0.5,15-15,27-27,27-14,14-27,21.0,,,,,,,,,,,,,,,,,,,,,,,,,,,,,,,,,,,,,,,,,,,,,,,,
1992-1993,1993,West,8,,lakers,1610612747,39,43,0.476,13-17,26-28,20-21,19-22,23.0,,,,,,,,,,,,,,,,,,,,,,,,,,,,,,,,,,,,,,,,,,,,,,,,
1992-1993,1993,West,9,,nuggets,1610612743,36,46,0.439,13-13,25-29,28-13,8-33,26.0,,,,,,,,,,,,,,,,,,,,,,,,,,,,,,,,,,,,,,,,,,,,,,,,
1992-1993,1993,West,10,,warriors,1610612744,34,48,0.415,9-21,25-29,19-22,15-26,28.0,,,,,,,,,,,,,,,,,,,,,,,,,,,,,,,,,,,,,,,,,,,,,,,,
1992-1993,1993,West,11,,kings,1610612758,25,57,0.305,6-24,18-36,16-25,9-32,37.0,,,,,,,,,,,,,,,,,,,,,,,,,,,,,,,,,,,,,,,,,,,,,,,,
1992-1993,1993,West,12,,timberwolves,1610612750,19,63,0.232,10-16,14-40,11-30,8-33,43.0,,,,,,,,,,,,,,,,,,,,,,,,,,,,,,,,,,,,,,,,,,,,,,,,
1992-1993,1993,West,13,,mavericks,1610612742,11,71,0.134,3-23,5-49,7-34,4-37,51.0,,,,,,,,,,,,,,,,,,,,,,,,,,,,,,,,,,,,,,,,,,,,,,,,
1993-1994,1994,West,1,,supersonics,1610612760,63,19,0.768,25-5,44-10,37-4,26-15,0.0,,,,,,,,,,,,,,,,,,,,,,,,,,,,,,,,,,,,,,,,,,,,,,,,
1993-1994,1994,West,2,,rockets,1610612745,58,24,0.707,15-11,38-16,35-6,23-18,5.0,,,,,,,,,,,,,,,,,,,,,,,,,,,,,,,,,,,,,,,,,,,,,,,,
1993-1994,1994,West,3,,suns,1610612756,56,26,0.683,19-11,37-17,36-5,20-21,7.0,,,,,,,,,,,,,,,,,,,,,,,,,,,,,,,,,,,,,,,,,,,,,,,,
1993-1994,1994,West,4,,spurs,1610612759,55,27,0.671,16-10,32-22,32-9,23-18,8.0,,,,,,,,,,,,,,,,,,,,,,,,,,,,,,,,,,,,,,,,,,,,,,,,
1993-1994,1994,West,5,,jazz,1610612762,53,29,0.646,21-5,36-18,33-8,20-21,10.0,,,,,,,,,,,,,,,,,,,,,,,,,,,,,,,,,,,,,,,,,,,,,,,,
1993-1994,1994,West,6,,warriors,1610612744,50,32,0.61,19-11,33-21,29-12,21-20,13.0,,,,,,,,,,,,,,,,,,,,,,,,,,,,,,,,,,,,,,,,,,,,,,,,
1993-1994,1994,West,7,,blazers,1610612757,47,35,0.573,17-13,29-25,30-11,17-24,16.0,,,,,,,,,,,,,,,,,,,,,,,,,,,,,,,,,,,,,,,,,,,,,,,,
1993-1994,1994,West,8,,nuggets,1610612743,42,40,0.512,14-12,27-27,28-13,14-27,21.0,,,,,,,,,,,,,,,,,,,,,,,,,,,,,,,,,,,,,,,,,,,,,,,,
1993-1994,1994,West,9,,lakers,1610612747,33,49,0.402,7-23,18-36,21-20,12-29,30.0,,,,,,,,,,,,,,,,,,,,,,,,,,,,,,,,,,,,,,,,,,,,,,,,
1993-1994,1994,West,10,,kings,1610612758,28,54,0.341,9-21,17-37,20-21,8-33,35.0,,,,,,,,,,,,,,,,,,,,,,,,,,,,,,,,,,,,,,,,,,,,,,,,
1993-1994,1994,West,11,,clippers,1610612746,27,55,0.329,9-21,17-37,17-24,10-31,36.0,,,,,,,,,,,,,,,,,,,,,,,,,,,,,,,,,,,,,,,,,,,,,,,,
1993-1994,1994,West,12,,timberwolves,1610612750,20,62,0.244,5-21,13-41,13-28,7-34,43.0,,,,,,,,,,,,,,,,,,,,,,,,,,,,,,,,,,,,,,,,,,,,,,,,
1993-1994,1994,West,13,,mavericks,1610612742,13,69,0.159,7-19,10-44,6-35,7-34,50.0,,,,,,,,,,,,,,,,,,,,,,,,,,,,,,,,,,,,,,,,,,,,,,,,
1994-1995,1995,West,1,,spurs,1610612759,62,20,0.756,20-6,41-13,33-8,29-12,0.0,,,,,,,,,,,,,,,,,,,,,,,,,,,,,,,,,,,,,,,,,,,,,,,,
1994-1995,1995,West,2,,suns,1610612756,59,23,0.72,23-7,39-15,32-9,27-14,3.0,,,,,,,,,,,,,,,,,,,,,,,,,,,,,,,,,,,,,,,,,,,,,,,,
1994-1995,1995,West,3,,jazz,1610612762,60,22,0.732,17-9,36-18,33-8,27-14,2.0,,,,,,,,,,,,,,,,,,,,,,,,,,,,,,,,,,,,,,,,,,,,,,,,
1994-1995,1995,West,4,,supersonics,1610612760,57,25,0.695,16-14,34-20,32-9,25-16,5.0,,,,,,,,,,,,,,,,,,,,,,,,,,,,,,,,,,,,,,,,,,,,,,,,
1994-1995,1995,West,5,,lakers,1610612747,48,34,0.585,15-15,30-24,29-12,19-22,14.0,,,,,,,,,,,,,,,,,,,,,,,,,,,,,,,,,,,,,,,,,,,,,,,,
1994-1995,1995,West,6,,rockets,1610612745,47,35,0.573,13-13,27-27,25-16,22-19,15.0,,,,,,,,,,,,,,,,,,,,,,,,,,,,,,,,,,,,,,,,,,,,,,,,
1994-1995,1995,West,7,,blazers,1610612757,44,38,0.537,17-13,28-26,26-15,18-23,18.0,,,,,,,,,,,,,,,,,,,,,,,,,,,,,,,,,,,,,,,,,,,,,,,,
1994-1995,1995,West,8,,nuggets,1610612743,41,41,0.5,13-13,27-27,23-18,18-23,21.0,,,,,,,,,,,,,,,,,,,,,,,,,,,,,,,,,,,,,,,,,,,,,,,,
1994-1995,1995,West,9,,kings,1610612758,39,43,0.476,17-13,25-29,27-14,12-29,23.0,,,,,,,,,,,,,,,,,,,,,,,,,,,,,,,,,,,,,,,,,,,,,,,,
1994-1995,1995,West,10,,mavericks,1610612742,36,46,0.439,11-15,23-31,19-22,17-24,26.0,,,,,,,,,,,,,,,,,,,,,,,,,,,,,,,,,,,,,,,,,,,,,,,,
1994-1995,1995,West,11,,warriors,1610612744,26,56,0.317,11-19,19-35,15-26,11-30,36.0,,,,,,,,,,,,,,,,,,,,,,,,,,,,,,,,,,,,,,,,,,,,,,,,
1994-1995,1995,West,12,,timberwolves,1610612750,21,61,0.256,4-22,12-42,13-28,8-33,41.0,,,,,,,,,,,,,,,,,,,,,,,,,,,,,,,,,,,,,,,,,,,,,,,,
1994-1995,1995,West,13,,clippers,1610612746,17,65,0.207,6-24,10-44,13-28,4-37,45.0,,,,,,,,,,,,,,,,,,,,,,,,,,,,,,,,,,,,,,,,,,,,,,,,
1995-1996,1996,West,1,,supersonics,1610612760,64,18,0.78,21-3,42-10,38-3,26-15,0.0,,,,,,,,,,,,,,,,,,,,,,,,,,,,,,,,,,,,,,,,,,,,,,,,
1995-1996,1996,West,2,,spurs,1610612759,59,23,0.72,19-5,39-13,33-8,26-15,5.0,,,,,,,,,,,,,,,,,,,,,,,,,,,,,,,,,,,,,,,,,,,,,,,,
1995-1996,1996,West,3,,jazz,1610612762,55,27,0.671,14-10,33-19,34-7,21-20,9.0,,,,,,,,,,,,,,,,,,,,,,,,,,,,,,,,,,,,,,,,,,,,,,,,
1995-1996,1996,West,4,,lakers,1610612747,53,29,0.646,17-7,34-18,30-11,23-18,11.0,,,,,,,,,,,,,,,,,,,,,,,,,,,,,,,,,,,,,,,,,,,,,,,,
1995-1996,1996,West,5,,rockets,1610612745,48,34,0.585,15-9,31-21,27-14,21-20,16.0,,,,,,,,,,,,,,,,,,,,,,,,,,,,,,,,,,,,,,,,,,,,,,,,
1995-1996,1996,West,6,,blazers,1610612757,44,38,0.537,11-13,29-23,26-15,18-23,20.0,,,,,,,,,,,,,,,,,,,,,,,,,,,,,,,,,,,,,,,,,,,,,,,,
1995-1996,1996,West,7,,suns,1610612756,41,41,0.5,9-15,23-29,25-16,16-25,23.0,,,,,,,,,,,,,,,,,,,,,,,,,,,,,,,,,,,,,,,,,,,,,,,,
1995-1996,1996,West,8,,kings,1610612758,39,43,0.476,11-13,23-29,26-15,13-28,25.0,,,,,,,,,,,,,,,,,,,,,,,,,,,,,,,,,,,,,,,,,,,,,,,,
1995-1996,1996,West,9,,warriors,1610612744,36,46,0.439,7-17,22-30,23-18,13-28,28.0,,,,,,,,,,,,,,,,,,,,,,,,,,,,,,,,,,,,,,,,,,,,,,,,
1995-1996,1996,West,10,,nuggets,1610612743,35,47,0.427,13-11,22-30,24-17,11-30,29.0,,,,,,,,,,,,,,,,,,,,,,,,,,,,,,,,,,,,,,,,,,,,,,,,
1995-1996,1996,West,11,,clippers,1610612746,29,53,0.354,8-16,21-31,19-22,10-31,35.0,,,,,,,,,,,,,,,,,,,,,,,,,,,,,,,,,,,,,,,,,,,,,,,,
1995-1996,1996,West,12,,mavericks,1610612742,26,56,0.317,10-14,19-33,16-25,10-31,38.0,,,,,,,,,,,,,,,,,,,,,,,,,,,,,,,,,,,,,,,,,,,,,,,,
1995-1996,1996,West,12,,timberwolves,1610612750,26,56,0.317,10-14,17-35,17-24,9-32,38.0,,,,,,,,,,,,,,,,,,,,,,,,,,,,,,,,,,,,,,,,,,,,,,,,
1995-1996,1996,West,14,,grizzlies,1610612763,15,67,0.183,3-21,9-43,10-31,5-36,49.0,,,,,,,,,,,,,,,,,,,,,,,,,,,,,,,,,,,,,,,,,,,,,,,,
1996-1997,1997,West,1,,jazz,1610612762,64,18,0.78,19-5,41-11,38-3,26-15,0.0,,,,,,,,,,,,,,,,,,,,,,,,,,,,,,,,,,,,,,,,,,,,,,,,
1996-1997,1997,West,2,,rockets,1610612745,57,25,0.695,19-5,40-12,30-11,27-14,7.0,,,,,,,,,,,,,,,,,,,,,,,,,,,,,,,,,,,,,,,,,,,,,,,,
1996-1997,1997,West,2,,supersonics,1610612760,57,25,0.695,16-8,37-15,31-10,26-15,7.0,,,,,,,,,,,,,,,,,,,,,,,,,,,,,,,,,,,,,,,,,,,,,,,,
1996-1997,1997,West,4,,lakers,1610612747,56,26,0.683,18-6,37-15,31-10,25-16,8.0,,,,,,,,,,,,,,,,,,,,,,,,,,,,,,,,,,,,,,,,,,,,,,,,
1996-1997,1997,West,5,,blazers,1610612757,49,33,0.598,15-9,36-16,29-12,20-21,15.0,,,,,,,,,,,,,,,,,,,,,,,,,,,,,,,,,,,,,,,,,,,,,,,,
1996-1997,1997,West,6,,timberwolves,1610612750,40,42,0.488,16-8,28-24,25-16,15-26,24.0,,,,,,,,,,,,,,,,,,,,,,,,,,,,,,,,,,,,,,,,,,,,,,,,
1996-1997,1997,West,6,,suns,1610612756,40,42,0.488,13-11,27-25,25-16,15-26,24.0,,,,,,,,,,,,,,,,,,,,,,,,,,,,,,,,,,,,,,,,,,,,,,,,
1996-1997,1997,West,8,,clippers,1610612746,36,46,0.439,10-14,26-26,21-20,15-26,28.0,,,,,,,,,,,,,,,,,,,,,,,,,,,,,,,,,,,,,,,,,,,,,,,,
1996-1997,1997,West,9,,kings,1610612758,34,48,0.415,8-16,23-29,22-19,12-29,30.0,,,,,,,,,,,,,,,,,,,,,,,,,,,,,,,,,,,,,,,,,,,,,,,,
1996-1997,1997,West,10,,warriors,1610612744,30,52,0.366,4-20,19-33,18-23,12-29,34.0,,,,,,,,,,,,,,,,,,,,,,,,,,,,,,,,,,,,,,,,,,,,,,,,
1996-1997,1997,West,11,,mavericks,1610612742,24,58,0.293,9-15,16-36,14-27,10-31,40.0,,,,,,,,,,,,,,,,,,,,,,,,,,,,,,,,,,,,,,,,,,,,,,,,
1996-1997,1997,West,12,,nuggets,1610612743,21,61,0.256,7-17,13-39,12-29,9-32,43.0,,,,,,,,,,,,,,,,,,,,,,,,,,,,,,,,,,,,,,,,,,,,,,,,
1996-1997,1997,West,13,,spurs,1610612759,20,62,0.244,8-16,12-40,12-29,8-33,44.0,,,,,,,,,,,,,,,,,,,,,,,,,,,,,,,,,,,,,,,,,,,,,,,,
1996-1997,1997,West,14,,grizzlies,1610612763,14,68,0.171,6-18,9-43,8-33,6-35,50.0,,,,,,,,,,,,,,,,,,,,,,,,,,,,,,,,,,,,,,,,,,,,,,,,
1997-1998,1998,West,1,,jazz,1610612762,62,20,0.756,22-2,38-14,36-5,26-15,0.0,,,,,,,,,,,,,,,,,,,,,,,,,,,,,,,,,,,,,,,,,,,,,,,,
1997-1998,1998,West,2,,lakers,1610612747,61,21,0.744,16-8,42-10,33-8,28-13,1.0,,,,,,,,,,,,,,,,,,,,,,,,,,,,,,,,,,,,,,,,,,,,,,,,
1997-1998,1998,West,2,,supersonics,1610612760,61,21,0.744,19-5,39-13,35-6,26-15,1.0,,,,,,,,,,,,,,,,,,,,,,,,,,,,,,,,,,,,,,,,,,,,,,,,
1997-1998,1998,West,4,,suns,1610612756,56,26,0.683,17-7,37-15,30-11,26-15,6.0,,,,,,,,,,,,,,,,,,,,,,,,,,,,,,,,,,,,,,,,,,,,,,,,
1997-1998,1998,West,4,,spurs,1610612759,56,26,0.683,18-6,33-19,31-10,25-16,6.0,,,,,,,,,,,,,,,,,,,,,,,,,,,,,,,,,,,,,,,,,,,,,,,,
1997-1998,1998,West,6,,blazers,1610612757,46,36,0.561,14-10,33-19,26-15,20-21,16.0,,,,,,,,,,,,,,,,,,,,,,,,,,,,,,,,,,,,,,,,,,,,,,,,
1997-1998,1998,West,7,,timberwolves,1610612750,45,37,0.549,14-10,30-22,26-15,19-22,17.0,,,,,,,,,,,,,,,,,,,,,,,,,,,,,,,,,,,,,,,,,,,,,,,,
1997-1998,1998,West,8,,rockets,1610612745,41,41,0.5,14-10,29-23,24-17,17-24,21.0,,,,,,,,,,,,,,,,,,,,,,,,,,,,,,,,,,,,,,,,,,,,,,,,
1997-1998,1998,West,9,,kings,1610612758,27,55,0.329,6-18,18-34,21-20,6-35,35.0,,,,,,,,,,,,,,,,,,,,,,,,,,,,,,,,,,,,,,,,,,,,,,,,
1997-1998,1998,West,10,,mavericks,1610612742,20,62,0.244,9-15,13-39,13-28,7-34,42.0,,,,,,,,,,,,,,,,,,,,,,,,,,,,,,,,,,,,,,,,,,,,,,,,
1997-1998,1998,West,11,,warriors,1610612744,19,63,0.232,6-18,15-37,12-29,7-34,43.0,,,,,,,,,,,,,,,,,,,,,,,,,,,,,,,,,,,,,,,,,,,,,,,,
1997-1998,1998,West,11,,grizzlies,1610612763,19,63,0.232,4-20,14-38,14-27,5-36,43.0,,,,,,,,,,,,,,,,,,,,,,,,,,,,,,,,,,,,,,,,,,,,,,,,
1997-1998,1998,West,13,,clippers,1610612746,17,65,0.207,6-18,14-38,11-30,6-35,45.0,,,,,,,,,,,,,,,,,,,,,,,,,,,,,,,,,,,,,,,,,,,,,,,,
1997-1998,1998,West,14,,nuggets,1610612743,11,71,0.134,3-21,9-43,9-32,2-39,51.0,,,,,,,,,,,,,,,,,,,,,,,,,,,,,,,,,,,,,,,,,,,,,,,,
1998-1999,1999,West,1,,spurs,1610612759,37,13,0.74,17-4,33-11,21-4,16-9,0.0,,,,,,,,,,,,,,,,,,,,,,,,,,,,,,,,,,,,,,,,,,,,,,,,
1998-1999,1999,West,1,,jazz,1610612762,37,13,0.74,15-3,33-11,22-3,15-10,0.0,,,,,,,,,,,,,,,,,,,,,,,,,,,,,,,,,,,,,,,,,,,,,,,,
1998-1999,1999,West,3,,blazers,1610612757,35,15,0.7,15-7,30-14,22-3,13-12,2.0,,,,,,,,,,,,,,,,,,,,,,,,,,,,,,,,,,,,,,,,,,,,,,,,
1998-1999,1999,West,4,,rockets,1610612745,31,19,0.62,12-9,28-16,19-6,12-13,6.0,,,,,,,,,,,,,,,,,,,,,,,,,,,,,,,,,,,,,,,,,,,,,,,,
1998-1999,1999,West,4,,lakers,1610612747,31,19,0.62,14-8,28-16,18-7,13-12,6.0,,,,,,,,,,,,,,,,,,,,,,,,,,,,,,,,,,,,,,,,,,,,,,,,
1998-1999,1999,West,6,,suns,1610612756,27,23,0.54,9-10,26-18,15-10,12-13,10.0,,,,,,,,,,,,,,,,,,,,,,,,,,,,,,,,,,,,,,,,,,,,,,,,
1998-1999,1999,West,6,,kings,1610612758,27,23,0.54,11-9,23-21,16-9,11-14,10.0,,,,,,,,,,,,,,,,,,,,,,,,,,,,,,,,,,,,,,,,,,,,,,,,
1998-1999,1999,West,8,,timberwolves,1610612750,25,25,0.5,11-9,22-22,18-7,7-18,12.0,,,,,,,,,,,,,,,,,,,,,,,,,,,,,,,,,,,,,,,,,,,,,,,,
1998-1999,1999,West,8,,supersonics,1610612760,25,25,0.5,11-10,23-21,17-8,8-17,12.0,,,,,,,,,,,,,,,,,,,,,,,,,,,,,,,,,,,,,,,,,,,,,,,,
1998-1999,1999,West,10,,warriors,1610612744,21,29,0.42,8-11,18-26,13-12,8-17,16.0,,,,,,,,,,,,,,,,,,,,,,,,,,,,,,,,,,,,,,,,,,,,,,,,
1998-1999,1999,West,11,,mavericks,1610612742,19,31,0.38,8-12,16-28,15-10,4-21,18.0,,,,,,,,,,,,,,,,,,,,,,,,,,,,,,,,,,,,,,,,,,,,,,,,
1998-1999,1999,West,12,,nuggets,1610612743,14,36,0.28,5-16,12-32,12-13,2-23,23.0,,,,,,,,,,,,,,,,,,,,,,,,,,,,,,,,,,,,,,,,,,,,,,,,
1998-1999,1999,West,13,,clippers,1610612746,9,41,0.18,3-16,8-36,6-19,3-22,28.0,,,,,,,,,,,,,,,,,,,,,,,,,,,,,,,,,,,,,,,,,,,,,,,,
1998-1999,1999,West,14,,grizzlies,1610612763,8,42,0.16,3-18,8-36,7-18,1-24,29.0,,,,,,,,,,,,,,,,,,,,,,,,,,,,,,,,,,,,,,,,,,,,,,,,
1999-2000,2000,West,1,,lakers,1610612747,67,15,0.817,20-4,40-12,36-5,31-10,0.0,,,,,,,,,,,,,,,,,,,,,,,,,,,,,,,,,,,,,,,,,,,,,,,,
1999-2000,2000,West,2,,jazz,1610612762,55,27,0.671,14-10,33-19,31-10,24-17,12.0,,,,,,,,,,,,,,,,,,,,,,,,,,,,,,,,,,,,,,,,,,,,,,,,
1999-2000,2000,West,3,,blazers,1610612757,59,23,0.72,21-3,38-14,30-11,29-12,8.0,,,,,,,,,,,,,,,,,,,,,,,,,,,,,,,,,,,,,,,,,,,,,,,,
1999-2000,2000,West,4,,suns,1610612756,53,29,0.646,15-9,30-22,32-9,21-20,14.0,,,,,,,,,,,,,,,,,,,,,,,,,,,,,,,,,,,,,,,,,,,,,,,,
1999-2000,2000,West,4,,spurs,1610612759,53,29,0.646,16-8,33-19,31-10,22-19,14.0,,,,,,,,,,,,,,,,,,,,,,,,,,,,,,,,,,,,,,,,,,,,,,,,
1999-2000,2000,West,6,,timberwolves,1610612750,50,32,0.61,18-6,32-20,26-15,24-17,17.0,,,,,,,,,,,,,,,,,,,,,,,,,,,,,,,,,,,,,,,,,,,,,,,,
1999-2000,2000,West,7,,supersonics,1610612760,45,37,0.549,12-12,31-21,24-17,21-20,22.0,,,,,,,,,,,,,,,,,,,,,,,,,,,,,,,,,,,,,,,,,,,,,,,,
1999-2000,2000,West,8,,kings,1610612758,44,38,0.537,9-15,25-27,30-11,14-27,23.0,,,,,,,,,,,,,,,,,,,,,,,,,,,,,,,,,,,,,,,,,,,,,,,,
1999-2000,2000,West,9,,mavericks,1610612742,40,42,0.488,12-12,28-24,22-19,18-23,27.0,,,,,,,,,,,,,,,,,,,,,,,,,,,,,,,,,,,,,,,,,,,,,,,,
1999-2000,2000,West,10,,nuggets,1610612743,35,47,0.427,10-14,22-30,25-16,10-31,32.0,,,,,,,,,,,,,,,,,,,,,,,,,,,,,,,,,,,,,,,,,,,,,,,,
1999-2000,2000,West,11,,rockets,1610612745,34,48,0.415,8-16,23-29,22-19,12-29,33.0,,,,,,,,,,,,,,,,,,,,,,,,,,,,,,,,,,,,,,,,,,,,,,,,
1999-2000,2000,West,12,,grizzlies,1610612763,22,60,0.268,6-18,12-40,12-29,10-31,45.0,,,,,,,,,,,,,,,,,,,,,,,,,,,,,,,,,,,,,,,,,,,,,,,,
1999-2000,2000,West,13,,warriors,1610612744,19,63,0.232,2-22,9-43,12-29,7-34,48.0,,,,,,,,,,,,,,,,,,,,,,,,,,,,,,,,,,,,,,,,,,,,,,,,
1999-2000,2000,West,14,,clippers,1610612746,15,67,0.183,5-19,8-44,10-31,5-36,52.0,,,,,,,,,,,,,,,,,,,,,,,,,,,,,,,,,,,,,,,,,,,,,,,,
2000-2001,2001,West,1,Spurs,spurs,1610612759,58,24,0.707,19-5,39-13,33-8,25-16,0.0,,,,,,,,,,,,,,,,,,,,,,,,,,,,,,,,,,,,,,,,,,,,,,,,
2000-2001,2001,West,2,Lakers,lakers,1610612747,56,26,0.683,14-10,34-18,31-10,25-16,2.0,,,,,,,,,,,,,,,,,,,,,,,,,,,,,,,,,,,,,,,,,,,,,,,,
2000-2001,2001,West,3,Kings,kings,1610612758,55,27,0.671,16-8,35-17,33-8,22-19,3.0,,,,,,,,,,,,,,,,,,,,,,,,,,,,,,,,,,,,,,,,,,,,,,,,
2000-2001,2001,West,4,Mavericks,mavericks,1610612742,53,29,0.646,14-10,30-22,28-13,25-16,5.0,,,,,,,,,,,,,,,,,,,,,,,,,,,,,,,,,,,,,,,,,,,,,,,,
2000-2001,2001,West,4,Jazz,jazz,1610612762,53,29,0.646,14-10,31-21,28-13,25-16,5.0,,,,,,,,,,,,,,,,,,,,,,,,,,,,,,,,,,,,,,,,,,,,,,,,
2000-2001,2001,West,6,Suns,suns,1610612756,51,31,0.622,12-12,30-22,31-10,20-21,7.0,,,,,,,,,,,,,,,,,,,,,,,,,,,,,,,,,,,,,,,,,,,,,,,,
2000-2001,2001,West,7,Trail Blazers,blazers,1610612757,50,32,0.61,12-12,26-26,28-13,22-19,8.0,,,,,,,,,,,,,,,,,,,,,,,,,,,,,,,,,,,,,,,,,,,,,,,,
2000-2001,2001,West,8,Timberwolves,timberwolves,1610612750,47,35,0.573,11-13,27-25,30-11,17-24,11.0,,,,,,,,,,,,,,,,,,,,,,,,,,,,,,,,,,,,,,,,,,,,,,,,
2000-2001,2001,West,9,Rockets,rockets,1610612745,45,37,0.549,11-13,20-32,24-17,21-20,13.0,,,,,,,,,,,,,,,,,,,,,,,,,,,,,,,,,,,,,,,,,,,,,,,,
2000-2001,2001,West,10,SuperSonics,supersonics,1610612760,44,38,0.537,17-7,27-25,26-15,18-23,14.0,,,,,,,,,,,,,,,,,,,,,,,,,,,,,,,,,,,,,,,,,,,,,,,,
2000-2001,2001,West,11,Nuggets,nuggets,1610612743,40,42,0.488,13-11,27-25,29-12,11-30,18.0,,,,,,,,,,,,,,,,,,,,,,,,,,,,,,,,,,,,,,,,,,,,,,,,
2000-2001,2001,West,12,Clippers,clippers,1610612746,31,51,0.378,9-15,18-34,22-19,9-32,27.0,,,,,,,,,,,,,,,,,,,,,,,,,,,,,,,,,,,,,,,,,,,,,,,,
2000-2001,2001,West,13,Grizzlies,grizzlies,1610612763,23,59,0.28,2-22,11-41,15-26,8-33,35.0,,,,,,,,,,,,,,,,,,,,,,,,,,,,,,,,,,,,,,,,,,,,,,,,
2000-2001,2001,West,14,Warriors,warriors,1610612744,17,65,0.207,4-20,9-43,11-30,6-35,41.0,,,,,,,,,,,,,,,,,,,,,,,,,,,,,,,,,,,,,,,,,,,,,,,,
2001-2002,2002,West,1,Sacramento,kings,1610612758,61,21,0.744,15-9,37-15,36-5,25-16,0.0,,,,,,,,1,1,0,0,,,,,,,,,,,,,,,,,,,,,,,,,,,,,,,,,,,,,
2001-2002,2002,West,2,San Antonio,spurs,1610612759,58,24,0.707,21-3,38-14,32-9,26-15,3.0,,,,,,,,1,0,1,0,,,,,,,,,,,,,,,,,,,,,,,,,,,,,,,,,,,,,
2001-2002,2002,West,3,L.A. Lakers,lakers,1610612747,58,24,0.707,16-8,37-15,34-7,24-17,3.0,,,,,,,,1,1,1,0,,,,,,,,,,,,,,,,,,,,,,,,,,,,,,,,,,,,,
2001-2002,2002,West,4,Dallas,mavericks,1610612742,57,25,0.695,16-8,34-18,30-11,27-14,4.0,,,,,,,,1,0,0,0,,,,,,,,,,,,,,,,,,,,,,,,,,,,,,,,,,,,,
2001-2002,2002,West,5,Minnesota,timberwolves,1610612750,50,32,0.61,15-9,29-23,29-12,21-20,11.0,,,,,,,,1,0,0,0,,,,,,,,,,,,,,,,,,,,,,,,,,,,,,,,,,,,,
2001-2002,2002,West,6,Portland,blazers,1610612757,49,33,0.598,14-10,27-25,30-11,19-22,12.0,,,,,,,,1,0,0,1,,,,,,,,,,,,,,,,,,,,,,,,,,,,,,,,,,,,,
2001-2002,2002,West,7,Seattle,supersonics,1610612760,45,37,0.549,13-11,26-26,26-15,19-22,16.0,,,,,,,,1,0,0,0,,,,,,,,,,,,,,,,,,,,,,,,,,,,,,,,,,,,,
2001-2002,2002,West,8,Utah,jazz,1610612762,44,38,0.537,8-16,25-27,25-16,19-22,17.0,,,,,,,,1,0,1,0,,,,,,,,,,,,,,,,,,,,,,,,,,,,,,,,,,,,,
2001-2002,2002,West,9,Los Angeles,clippers,1610612746,39,43,0.476,9-15,23-29,25-16,14-27,22.0,,,,,,,,0,0,0,1,,,,,,,,,,,,,,,,,,,,,,,,,,,,,,,,,,,,,
2001-2002,2002,West,10,Phoenix,suns,1610612756,36,46,0.439,12-12,24-28,23-18,13-28,25.0,,,,,,,,1,0,0,1,,,,,,,,,,,,,,,,,,,,,,,,,,,,,,,,,,,,,
2001-2002,2002,West,11,Houston,rockets,1610612745,28,54,0.341,9-15,18-34,18-23,10-31,33.0,,,,,,,,1,0,0,1,,,,,,,,,,,,,,,,,,,,,,,,,,,,,,,,,,,,,
2001-2002,2002,West,12,Denver,nuggets,1610612743,27,55,0.329,8-16,19-33,20-21,7-34,34.0,,,,,,,,1,0,0,1,,,,,,,,,,,,,,,,,,,,,,,,,,,,,,,,,,,,,
2001-2002,2002,West,13,Memphis,grizzlies,1610612763,23,59,0.28,7-17,14-38,15-26,8-33,38.0,,,,,,,,0,0,0,1,,,,,,,,,,,,,,,,,,,,,,,,,,,,,,,,,,,,,
2001-2002,2002,West,14,Golden State,warriors,1610612744,21,61,0.256,5-19,13-39,14-27,7-34,40.0,,,,,,,,0,0,0,1,,,,,,,,,,,,,,,,,,,,,,,,,,,,,,,,,,,,,
2002-2003,2003,West,1,San Antonio,spurs,1610612759,60,22,0.732,17-7,36-16,33-8,27-14,0.0,,,,,,,,1,1,1,0,,,,,,,,,,,,,,,,,,,,,,,,,,,,,,,,,,,,,
2002-2003,2003,West,2,Sacramento,kings,1610612758,59,23,0.72,17-7,36-16,35-6,24-17,1.0,,,,,,,,1,0,1,0,,,,,,,,,,,,,,,,,,,,,,,,,,,,,,,,,,,,,
2002-2003,2003,West,3,Dallas,mavericks,1610612742,60,22,0.732,18-6,34-18,33-8,27-14,0.0,,,,,,,,1,0,0,0,,,,,,,,,,,,,,,,,,,,,,,,,,,,,,,,,,,,,
2002-2003,2003,West,4,Minnesota,timberwolves,1610612750,51,31,0.622,15-9,33-19,33-8,18-23,9.0,,,,,,,,1,0,0,0,,,,,,,,,,,,,,,,,,,,,,,,,,,,,,,,,,,,,
2002-2003,2003,West,5,L.A. Lakers,lakers,1610612747,50,32,0.61,15-9,33-19,31-10,19-22,10.0,,,,,,,,1,1,1,0,,,,,,,,,,,,,,,,,,,,,,,,,,,,,,,,,,,,,
2002-2003,2003,West,6,Portland,blazers,1610612757,50,32,0.61,15-9,29-23,27-14,23-18,10.0,,,,,,,,1,0,0,1,,,,,,,,,,,,,,,,,,,,,,,,,,,,,,,,,,,,,
2002-2003,2003,West,7,Utah,jazz,1610612762,47,35,0.573,15-9,30-22,29-12,18-23,13.0,,,,,,,,1,0,1,0,,,,,,,,,,,,,,,,,,,,,,,,,,,,,,,,,,,,,
2002-2003,2003,West,8,Phoenix,suns,1610612756,44,38,0.537,12-12,26-26,30-11,14-27,16.0,,,,,,,,1,0,0,0,,,,,,,,,,,,,,,,,,,,,,,,,,,,,,,,,,,,,
2002-2003,2003,West,9,Houston,rockets,1610612745,43,39,0.524,11-13,26-26,28-13,15-26,17.0,,,,,,,,1,0,0,1,,,,,,,,,,,,,,,,,,,,,,,,,,,,,,,,,,,,,
2002-2003,2003,West,10,Seattle,supersonics,1610612760,40,42,0.488,11-13,26-26,25-16,15-26,20.0,,,,,,,,0,0,0,1,,,,,,,,,,,,,,,,,,,,,,,,,,,,,,,,,,,,,
2002-2003,2003,West,11,Golden State,warriors,1610612744,38,44,0.463,8-16,19-33,24-17,14-27,22.0,,,,,,,,0,0,0,1,,,,,,,,,,,,,,,,,,,,,,,,,,,,,,,,,,,,,
2002-2003,2003,West,12,Memphis,grizzlies,1610612763,28,54,0.341,5-19,12-40,20-21,8-33,32.0,,,,,,,,0,0,0,1,,,,,,,,,,,,,,,,,,,,,,,,,,,,,,,,,,,,,
2002-2003,2003,West,13,Los Angeles,clippers,1610612746,27,55,0.329,6-18,16-36,16-25,11-30,33.0,,,,,,,,0,0,0,1,,,,,,,,,,,,,,,,,,,,,,,,,,,,,,,,,,,,,
2002-2003,2003,West,14,Denver,nuggets,1610612743,17,65,0.207,3-21,8-44,13-28,4-37,43.0,,,,,,,,1,0,0,1,,,,,,,,,,,,,,,,,,,,,,,,,,,,,,,,,,,,,
2003-2004,2004,West,1,Minnesota,timberwolves,1610612750,58,24,0.707,58-24,58-24,31-10,27-14,0.0,0.0,0.0,0.0,0.0,0.0,0.0,0.0,1,1,1,0,,,,,,,,,,,,,,,,,,,,,,,,,,,,,,,,,,,,,
2003-2004,2004,West,2,L.A. Laker,lakers,1610612747,56,26,0.683,56-26,56-26,34-7,22-19,2.0,0.0,0.0,0.0,0.0,0.0,0.0,0.0,1,1,1,0,,,,,,,,,,,,,,,,,,,,,,,,,,,,,,,,,,,,,
2003-2004,2004,West,3,San Antoni,spurs,1610612759,57,25,0.695,57-25,57-25,33-8,24-17,1.0,0.0,0.0,0.0,0.0,0.0,0.0,0.0,1,0,0,0,,,,,,,,,,,,,,,,,,,,,,,,,,,,,,,,,,,,,
2003-2004,2004,West,4,Sacramento,kings,1610612758,55,27,0.671,55-27,55-27,34-7,21-20,3.0,0.0,0.0,0.0,0.0,0.0,0.0,0.0,1,0,0,0,,,,,,,,,,,,,,,,,,,,,,,,,,,,,,,,,,,,,
2003-2004,2004,West,5,Dallas,mavericks,1610612742,52,30,0.634,52-30,52-30,36-5,16-25,6.0,0.0,0.0,0.0,0.0,0.0,0.0,0.0,0,0,0,0,,,,,,,,,,,,,,,,,,,,,,,,,,,,,,,,,,,,,
2003-2004,2004,West,6,Memphis,grizzlies,1610612763,50,32,0.61,50-32,50-32,31-10,19-22,8.0,0.0,0.0,0.0,0.0,0.0,0.0,0.0,1,0,0,0,,,,,,,,,,,,,,,,,,,,,,,,,,,,,,,,,,,,,
2003-2004,2004,West,7,Houston,rockets,1610612745,45,37,0.549,45-37,45-37,27-14,18-23,13.0,0.0,0.0,0.0,0.0,0.0,0.0,0.0,1,0,0,0,,,,,,,,,,,,,,,,,,,,,,,,,,,,,,,,,,,,,
2003-2004,2004,West,8,Denver,nuggets,1610612743,43,39,0.524,43-39,43-39,29-12,14-27,15.0,0.0,0.0,0.0,0.0,0.0,0.0,,1,0,0,1,,,,,,,,,,,,,,,,,,,,,,,,,,,,,,,,,,,,,
2003-2004,2004,West,9,Utah,jazz,1610612762,42,40,0.512,42-40,42-40,28-13,14-27,16.0,0.0,0.0,0.0,0.0,0.0,0.0,0.0,1,0,1,0,,,,,,,,,,,,,,,,,,,,,,,,,,,,,,,,,,,,,
2003-2004,2004,West,10,Portland,blazers,1610612757,41,41,0.5,41-41,41-41,25-16,16-25,17.0,0.0,0.0,0.0,0.0,0.0,0.0,0.0,1,0,0,1,,,,,,,,,,,,,,,,,,,,,,,,,,,,,,,,,,,,,
2003-2004,2004,West,11,Golden Sta,warriors,1610612744,37,45,0.451,37-45,37-45,27-14,10-31,21.0,0.0,0.0,0.0,0.0,0.0,0.0,1.0,0,0,0,1,,,,,,,,,,,,,,,,,,,,,,,,,,,,,,,,,,,,,
2003-2004,2004,West,12,Seattle,supersonics,1610612760,37,45,0.451,37-45,37-45,21-20,16-25,21.0,0.0,0.0,0.0,0.0,0.0,0.0,0.0,0,0,0,1,,,,,,,,,,,,,,,,,,,,,,,,,,,,,,,,,,,,,
2003-2004,2004,West,13,Phoenix,suns,1610612756,29,53,0.354,29-53,29-53,18-23,11-30,29.0,0.0,0.0,0.0,0.0,0.0,0.0,0.0,1,0,0,1,,,,,,,,,,,,,,,,,,,,,,,,,,,,,,,,,,,,,
2003-2004,2004,West,14,L.A. Clipp,clippers,1610612746,28,54,0.341,28-54,28-54,18-23,10-31,30.0,0.0,0.0,0.0,0.0,0.0,0.0,,0,0,0,1,,,,,,,,,,,,,,,,,,,,,,,,,,,,,,,,,,,,,
2004-2005,2005,West,1,Phoenix,suns,1610612756,62,20,0.756,12-4,38-14,31-10,31-10,0.0,0.0,0.0,0.0,0.0,0.0,0.0,0.0,1,1,1,0,,,,,,,,,,,,,,,,,,,,,,,,,,,,,,,,,,,,,
2004-2005,2005,West,2,San Antonio,spurs,1610612759,59,23,0.72,10-6,36-16,38-3,21-20,3.0,0.0,0.0,0.0,0.0,0.0,0.0,0.0,1,0,1,0,,,,,,,,,,,,,,,,,,,,,,,,,,,,,,,,,,,,,
2004-2005,2005,West,3,Dallas,mavericks,1610612742,58,24,0.707,11-5,35-17,29-12,29-12,4.0,0.0,0.0,0.0,0.0,0.0,0.0,0.0,1,0,0,0,,,,,,,,,,,,,,,,,,,,,,,,,,,,,,,,,,,,,
2004-2005,2005,West,4,Seattle,supersonics,1610612760,52,30,0.634,11-5,31-21,26-15,26-15,10.0,0.0,0.0,0.0,0.0,0.0,0.0,0.0,1,0,1,0,,,,,,,,,,,,,,,,,,,,,,,,,,,,,,,,,,,,,
2004-2005,2005,West,5,Houston,rockets,1610612745,51,31,0.622,10-6,33-19,26-15,25-16,11.0,0.0,0.0,0.0,0.0,0.0,0.0,,1,0,0,0,,,,,,,,,,,,,,,,,,,,,,,,,,,,,,,,,,,,,
2004-2005,2005,West,6,Sacramento,kings,1610612758,50,32,0.61,10-6,28-24,30-11,20-21,12.0,0.0,0.0,0.0,0.0,0.0,0.0,0.0,1,0,0,0,,,,,,,,,,,,,,,,,,,,,,,,,,,,,,,,,,,,,
2004-2005,2005,West,7,Denver,nuggets,1610612743,49,33,0.598,9-7,28-24,31-10,18-23,13.0,0.0,0.0,0.0,0.0,0.0,0.0,0.0,1,0,0,0,,,,,,,,,,,,,,,,,,,,,,,,,,,,,,,,,,,,,
2004-2005,2005,West,8,Memphis,grizzlies,1610612763,45,37,0.549,7-9,27-25,26-15,19-22,17.0,0.0,0.0,0.0,0.0,0.0,0.0,0.0,1,0,0,0,,,,,,,,,,,,,,,,,,,,,,,,,,,,,,,,,,,,,
2004-2005,2005,West,9,Minnesota,timberwolves,1610612750,44,38,0.537,10-6,30-22,24-17,20-21,18.0,0.0,0.0,0.0,0.0,0.0,0.0,0.0,0,0,0,1,,,,,,,,,,,,,,,,,,,,,,,,,,,,,,,,,,,,,
2004-2005,2005,West,10,L.A. Clippers,clippers,1610612746,37,45,0.451,6-10,20-32,27-14,10-31,25.0,0.0,0.0,0.0,0.0,0.0,0.0,,0,0,0,1,,,,,,,,,,,,,,,,,,,,,,,,,,,,,,,,,,,,,
2004-2005,2005,West,11,L.A. Lakers,lakers,1610612747,34,48,0.415,6-10,21-31,22-19,12-29,28.0,0.0,0.0,0.0,0.0,0.0,0.0,1.0,0,1,0,1,,,,,,,,,,,,,,,,,,,,,,,,,,,,,,,,,,,,,
2004-2005,2005,West,12,Golden State,warriors,1610612744,34,48,0.415,6-10,20-32,20-21,14-27,28.0,0.0,0.0,0.0,0.0,0.0,0.0,0.0,0,0,0,1,,,,,,,,,,,,,,,,,,,,,,,,,,,,,,,,,,,,,
2004-2005,2005,West,13,Portland,blazers,1610612757,27,55,0.329,4-12,13-39,18-23,9-32,35.0,0.0,0.0,0.0,0.0,0.0,0.0,0.0,0,0,0,1,,,,,,,,,,,,,,,,,,,,,,,,,,,,,,,,,,,,,
2004-2005,2005,West,14,Utah,jazz,1610612762,26,56,0.317,6-10,20-32,18-23,8-33,36.0,0.0,0.0,0.0,0.0,0.0,0.0,0.0,0,0,0,1,,,,,,,,,,,,,,,,,,,,,,,,,,,,,,,,,,,,,
2004-2005,2005,West,15,New Orleans,hornets,1610612740,18,64,0.22,2-14,10-42,11-30,7-34,44.0,0.0,0.0,0.0,0.0,0.0,0.0,0.0,0,0,1,1,,,,,,,,,,,,,,,,,,,,,,,,,,,,,,,,,,,,,
2005-2006,2006,West,1,San Antonio,spurs,1610612759,63,19,0.768,13-3,42-10,34-7,29-12,0.0,,,,,,,,1,1,0,0,,,,,,,,,,,,,,,,,,,,,,,,,,,,,,,,,,,,,
2005-2006,2006,West,2,Dallas,mavericks,1610612742,60,22,0.732,13-3,37-15,34-7,26-15,3.0,0.0,0.0,0.0,0.0,0.0,0.0,,1,0,0,0,,,,,,,,,,,,,,,,,,,,,,,,,,,,,,,,,,,,,
2005-2006,2006,West,3,Phoenix,suns,1610612756,54,28,0.659,10-6,32-20,31-10,23-18,9.0,0.0,0.0,0.0,0.0,0.0,0.0,0.0,1,0,1,0,,,,,,,,,,,,,,,,,,,,,,,,,,,,,,,,,,,,,
2005-2006,2006,West,4,Denver,nuggets,1610612743,44,38,0.537,10-6,25-27,26-15,18-23,19.0,0.0,0.0,0.0,0.0,0.0,0.0,0.0,0,0,1,0,,,,,,,,,,,,,,,,,,,,,,,,,,,,,,,,,,,,,
2005-2006,2006,West,5,Memphis,grizzlies,1610612763,49,33,0.598,6-10,31-21,30-11,19-22,14.0,0.0,0.0,0.0,0.0,0.0,0.0,0.0,1,0,0,0,,,,,,,,,,,,,,,,,,,,,,,,,,,,,,,,,,,,,
2005-2006,2006,West,6,L.A. Clippers,clippers,1610612746,47,35,0.573,7-9,27-25,27-14,20-21,16.0,0.0,0.0,0.0,0.0,0.0,0.0,0.0,1,0,0,0,,,,,,,,,,,,,,,,,,,,,,,,,,,,,,,,,,,,,
2005-2006,2006,West,7,L.A. Lakers,lakers,1610612747,45,37,0.549,9-7,27-25,27-14,18-23,18.0,0.0,0.0,0.0,0.0,0.0,0.0,0.0,1,0,0,0,,,,,,,,,,,,,,,,,,,,,,,,,,,,,,,,,,,,,
2005-2006,2006,West,8,Sacramento,kings,1610612758,44,38,0.537,10-6,30-22,27-14,17-24,19.0,0.0,0.0,0.0,0.0,0.0,0.0,1.0,1,0,0,0,,,,,,,,,,,,,,,,,,,,,,,,,,,,,,,,,,,,,
2005-2006,2006,West,9,Utah,jazz,1610612762,41,41,0.5,11-5,26-26,22-19,19-22,22.0,0.0,0.0,0.0,0.0,0.0,0.0,0.0,0,0,0,1,,,,,,,,,,,,,,,,,,,,,,,,,,,,,,,,,,,,,
2005-2006,2006,West,10,New Orleans,hornets,1610612740,38,44,0.463,7-9,25-27,24-17,14-27,25.0,0.0,0.0,0.0,0.0,0.0,0.0,0.0,0,0,0,1,,,,,,,,,,,,,,,,,,,,,,,,,,,,,,,,,,,,,
2005-2006,2006,West,11,Seattle,supersonics,1610612760,35,47,0.427,10-6,20-32,22-19,13-28,28.0,0.0,0.0,0.0,0.0,0.0,0.0,0.0,0,0,0,1,,,,,,,,,,,,,,,,,,,,,,,,,,,,,,,,,,,,,
2005-2006,2006,West,12,Houston,rockets,1610612745,34,48,0.415,1-15,19-33,15-26,19-22,29.0,,,,,,,,0,0,0,1,,,,,,,,,,,,,,,,,,,,,,,,,,,,,,,,,,,,,
2005-2006,2006,West,13,Golden State,warriors,1610612744,34,48,0.415,4-12,19-33,21-20,13-28,29.0,0.0,0.0,0.0,0.0,0.0,0.0,0.0,0,0,0,1,,,,,,,,,,,,,,,,,,,,,,,,,,,,,,,,,,,,,
2005-2006,2006,West,14,Minnesota,timberwolves,1610612750,33,49,0.402,6-10,20-32,24-17,9-32,30.0,0.0,0.0,0.0,0.0,0.0,0.0,0.0,0,0,0,1,,,,,,,,,,,,,,,,,,,,,,,,,,,,,,,,,,,,,
2005-2006,2006,West,15,Portland,blazers,1610612757,21,61,0.256,3-13,10-42,15-26,6-35,42.0,0.0,0.0,0.0,0.0,0.0,0.0,0.0,0,0,0,1,,,,,,,,,,,,,,,,,,,,,,,,,,,,,,,,,,,,,
2006-2007,2007,West,1,Dallas,mavericks,1610612742,67,15,0.817,14-2,40-12,36-5,31-10,0.0,0.0,0.0,0.0,0.0,0.0,0.0,,1,1,1,0,,,,,,,,,,,,,,,,,,,,,,,,,,,,,,,,,,,,,
2006-2007,2007,West,2,Phoenix,suns,1610612756,61,21,0.744,11-5,36-16,33-8,28-13,6.0,0.0,0.0,0.0,0.0,0.0,0.0,,1,0,1,0,,,,,,,,,,,,,,,,,,,,,,,,,,,,,,,,,,,,,
2006-2007,2007,West,3,San Antonio,spurs,1610612759,58,24,0.707,10-6,38-14,31-10,27-14,9.0,0.0,0.0,0.0,0.0,0.0,0.0,,1,0,0,0,,,,,,,,,,,,,,,,,,,,,,,,,,,,,,,,,,,,,
2006-2007,2007,West,4,Utah,jazz,1610612762,51,31,0.622,10-6,32-20,31-10,20-21,16.0,0.0,0.0,0.0,0.0,0.0,0.0,,1,0,1,0,,,,,,,,,,,,,,,,,,,,,,,,,,,,,,,,,,,,,
2006-2007,2007,West,5,Houston,rockets,1610612745,52,30,0.634,8-8,28-24,28-13,24-17,15.0,0.0,0.0,0.0,0.0,0.0,0.0,,1,0,0,0,,,,,,,,,,,,,,,,,,,,,,,,,,,,,,,,,,,,,
2006-2007,2007,West,6,Denver,nuggets,1610612743,45,37,0.549,9-7,27-25,23-18,22-19,22.0,0.0,0.0,0.0,0.0,0.0,0.0,,1,0,0,0,,,,,,,,,,,,,,,,,,,,,,,,,,,,,,,,,,,,,
2006-2007,2007,West,7,L.A. Lakers,lakers,1610612747,42,40,0.512,10-6,28-24,25-16,17-24,25.0,0.0,0.0,0.0,0.0,0.0,0.0,1.0,1,1,1,0,,,,,,,,,,,,,,,,,,,,,,,,,,,,,,,,,,,,,
2006-2007,2007,West,8,Golden State,warriors,1610612744,42,40,0.512,6-10,28-24,30-11,12-29,25.0,0.0,0.0,0.0,0.0,0.0,0.0,,1,0,0,1,,,,,,,,,,,,,,,,,,,,,,,,,,,,,,,,,,,,,
2006-2007,2007,West,9,L.A. Clippers,clippers,1610612746,40,42,0.488,8-8,23-29,25-16,15-26,27.0,0.0,0.0,0.0,0.0,0.0,0.0,,0,0,0,1,,,,,,,,,,,,,,,,,,,,,,,,,,,,,,,,,,,,,
2006-2007,2007,West,10,New Orleans,hornets,1610612740,39,43,0.476,6-10,23-29,24-17,15-26,28.0,0.0,0.0,0.0,0.0,0.0,0.0,,1,0,1,1,,,,,,,,,,,,,,,,,,,,,,,,,,,,,,,,,,,,,
2006-2007,2007,West,11,Sacramento,kings,1610612758,33,49,0.402,5-11,18-34,20-21,13-28,34.0,0.0,0.0,0.0,0.0,0.0,0.0,,0,0,0,1,,,,,,,,,,,,,,,,,,,,,,,,,,,,,,,,,,,,,
2006-2007,2007,West,12,Portland,blazers,1610612757,32,50,0.39,7-9,19-33,18-23,14-27,35.0,0.0,0.0,0.0,0.0,0.0,0.0,2.0,0,0,0,1,,,,,,,,,,,,,,,,,,,,,,,,,,,,,,,,,,,,,
2006-2007,2007,West,13,Minnesota,timberwolves,1610612750,32,50,0.39,6-10,18-34,20-21,12-29,35.0,0.0,0.0,0.0,0.0,0.0,0.0,,0,0,0,1,,,,,,,,,,,,,,,,,,,,,,,,,,,,,,,,,,,,,
2006-2007,2007,West,14,Seattle,supersonics,1610612760,31,51,0.378,8-8,18-34,20-21,11-30,36.0,0.0,0.0,0.0,0.0,0.0,0.0,,0,0,0,1,,,,,,,,,,,,,,,,,,,,,,,,,,,,,,,,,,,,,
2006-2007,2007,West,15,Memphis,grizzlies,1610612763,22,60,0.268,2-14,14-38,14-27,8-33,45.0,0.0,0.0,0.0,0.0,0.0,0.0,,0,0,0,1,,,,,,,,,,,,,,,,,,,,,,,,,,,,,,,,,,,,,
2007-2008,2008,West,1,L.A. Lakers,lakers,1610612747,57,25,0.695,12-4,37-15,30-11,27-14,0.0,0.0,0.0,0.0,0.0,0.0,0.0,,1,1,1,0,,,,,,,,,,,,,,,,,,,,,,,,,,,,,,,,,,,,,
2007-2008,2008,West,2,New Orleans,hornets,1610612740,56,26,0.683,10-6,34-18,30-11,26-15,1.0,0.0,0.0,0.0,0.0,0.0,0.0,0.0,1,0,1,0,,,,,,,,,,,,,,,,,,,,,,,,,,,,,,,,,,,,,
2007-2008,2008,West,3,San Antonio,spurs,1610612759,56,26,0.683,10-6,33-19,34-7,22-19,1.0,0.0,0.0,0.0,0.0,0.0,0.0,,1,0,0,0,,,,,,,,,,,,,,,,,,,,,,,,,,,,,,,,,,,,,
2007-2008,2008,West,4,Utah,jazz,1610612762,54,28,0.659,10-6,33-19,37-4,17-24,3.0,0.0,0.0,0.0,0.0,0.0,0.0,,1,0,1,0,,,,,,,,,,,,,,,,,,,,,,,,,,,,,,,,,,,,,
2007-2008,2008,West,5,Houston,rockets,1610612745,55,27,0.671,8-8,33-19,31-10,24-17,2.0,0.0,0.0,0.0,0.0,0.0,0.0,3.0,1,0,0,0,,,,,,,,,,,,,,,,,,,,,,,,,,,,,,,,,,,,,
2007-2008,2008,West,6,Phoenix,suns,1610612756,55,27,0.671,10-6,31-21,30-11,25-16,2.0,0.0,0.0,0.0,0.0,0.0,0.0,,1,0,0,0,,,,,,,,,,,,,,,,,,,,,,,,,,,,,,,,,,,,,
2007-2008,2008,West,7,Dallas,mavericks,1610612742,51,31,0.622,10-6,33-19,34-7,17-24,6.0,0.0,0.0,0.0,0.0,0.0,0.0,,1,0,0,0,,,,,,,,,,,,,,,,,,,,,,,,,,,,,,,,,,,,,
2007-2008,2008,West,8,Denver,nuggets,1610612743,50,32,0.61,10-6,31-21,33-8,17-24,7.0,0.0,0.0,0.0,0.0,0.0,0.0,,1,0,0,0,,,,,,,,,,,,,,,,,,,,,,,,,,,,,,,,,,,,,
2007-2008,2008,West,9,Golden State,warriors,1610612744,48,34,0.585,10-6,28-24,27-14,21-20,9.0,0.0,0.0,0.0,0.0,0.0,0.0,,0,0,0,1,,,,,,,,,,,,,,,,,,,,,,,,,,,,,,,,,,,,,
2007-2008,2008,West,10,Portland,blazers,1610612757,41,41,0.5,11-5,26-26,28-13,13-28,16.0,0.0,0.0,0.0,0.0,0.0,0.0,,0,0,0,1,,,,,,,,,,,,,,,,,,,,,,,,,,,,,,,,,,,,,
2007-2008,2008,West,11,Sacramento,kings,1610612758,38,44,0.463,3-13,21-31,26-15,12-29,19.0,0.0,0.0,0.0,0.0,0.0,0.0,,0,0,0,1,,,,,,,,,,,,,,,,,,,,,,,,,,,,,,,,,,,,,
2007-2008,2008,West,12,L.A. Clippers,clippers,1610612746,23,59,0.28,5-11,13-39,13-28,10-31,34.0,0.0,0.0,0.0,0.0,0.0,0.0,,0,0,0,1,,,,,,,,,,,,,,,,,,,,,,,,,,,,,,,,,,,,,
2007-2008,2008,West,13,Minnesota,timberwolves,1610612750,22,60,0.268,3-13,14-38,15-26,7-34,35.0,0.0,0.0,0.0,0.0,0.0,0.0,3.0,0,0,0,1,,,,,,,,,,,,,,,,,,,,,,,,,,,,,,,,,,,,,
2007-2008,2008,West,14,Memphis,grizzlies,1610612763,22,60,0.268,2-14,11-41,14-27,8-33,35.0,0.0,0.0,0.0,0.0,0.0,0.0,,0,0,0,1,,,,,,,,,,,,,,,,,,,,,,,,,,,,,,,,,,,,,
2007-2008,2008,West,15,Seattle,supersonics,1610612760,20,62,0.244,6-10,12-40,13-28,7-34,37.0,0.0,0.0,0.0,0.0,0.0,0.0,,0,0,0,1,,,,,,,,,,,,,,,,,,,,,,,,,,,,,,,,,,,,,
2008-2009,2009,West,1,L.A. Lakers,lakers,1610612747,65,17,0.793,14-2,44-8,36-5,29-12,0.0,0.0,0.0,0.0,0.0,0.0,0.0,0.0,1,1,1,0,,,,,,,,,,,,,,,,,,,,,,,,,,,,,,,,,,,,,
2008-2009,2009,West,2,Denver,nuggets,1610612743,54,28,0.659,12-4,35-17,33-8,21-20,11.0,0.0,0.0,0.0,0.0,0.0,0.0,1.0,1,0,1,0,,,,,,,,,,,,,,,,,,,,,,,,,,,,,,,,,,,,,
2008-2009,2009,West,3,San Antonio,spurs,1610612759,54,28,0.659,10-6,36-16,28-13,26-15,11.0,0.0,0.0,0.0,0.0,0.0,0.0,1.0,1,0,1,0,,,,,,,,,,,,,,,,,,,,,,,,,,,,,,,,,,,,,
2008-2009,2009,West,4,Portland,blazers,1610612757,54,28,0.659,11-5,32-20,34-7,20-21,11.0,0.0,0.0,0.0,0.0,0.0,0.0,0.0,1,0,0,0,,,,,,,,,,,,,,,,,,,,,,,,,,,,,,,,,,,,,
2008-2009,2009,West,5,Houston,rockets,1610612745,53,29,0.646,9-7,35-17,33-8,20-21,12.0,0.0,0.0,0.0,0.0,0.0,0.0,0.0,1,0,0,0,,,,,,,,,,,,,,,,,,,,,,,,,,,,,,,,,,,,,
2008-2009,2009,West,6,Dallas,mavericks,1610612742,50,32,0.61,7-9,29-23,32-9,18-23,15.0,0.0,0.0,0.0,0.0,0.0,0.0,0.0,1,0,0,0,,,,,,,,,,,,,,,,,,,,,,,,,,,,,,,,,,,,,
2008-2009,2009,West,7,New Orleans,hornets,1610612740,49,33,0.598,9-7,30-22,28-13,21-20,16.0,0.0,0.0,0.0,0.0,0.0,0.0,0.0,1,0,0,0,,,,,,,,,,,,,,,,,,,,,,,,,,,,,,,,,,,,,
2008-2009,2009,West,8,Utah,jazz,1610612762,48,34,0.585,10-6,33-19,33-8,15-26,17.0,0.0,0.0,0.0,0.0,0.0,0.0,0.0,1,0,0,0,,,,,,,,,,,,,,,,,,,,,,,,,,,,,,,,,,,,,
2008-2009,2009,West,9,Phoenix,suns,1610612756,46,36,0.561,11-5,30-22,28-13,18-23,19.0,0.0,0.0,0.0,0.0,0.0,0.0,0.0,0,0,0,1,,,,,,,,,,,,,,,,,,,,,,,,,,,,,,,,,,,,,
2008-2009,2009,West,10,Golden State,warriors,1610612744,29,53,0.354,6-10,18-34,21-20,8-33,36.0,0.0,0.0,0.0,0.0,0.0,0.0,0.0,0,0,0,1,,,,,,,,,,,,,,,,,,,,,,,,,,,,,,,,,,,,,
2008-2009,2009,West,11,Minnesota,timberwolves,1610612750,24,58,0.293,3-13,13-39,11-30,13-28,41.0,0.0,0.0,0.0,0.0,0.0,0.0,2.0,0,0,0,1,,,,,,,,,,,,,,,,,,,,,,,,,,,,,,,,,,,,,
2008-2009,2009,West,12,Memphis,grizzlies,1610612763,24,58,0.293,5-11,14-38,16-25,8-33,41.0,0.0,0.0,0.0,0.0,0.0,0.0,0.0,0,0,0,1,,,,,,,,,,,,,,,,,,,,,,,,,,,,,,,,,,,,,
2008-2009,2009,West,13,Oklahoma City,thunder,1610612760,23,59,0.28,4-12,15-37,15-26,8-33,42.0,0.0,0.0,0.0,0.0,0.0,0.0,0.0,0,0,0,1,,,,,,,,,,,,,,,,,,,,,,,,,,,,,,,,,,,,,
2008-2009,2009,West,14,L.A. Clippers,clippers,1610612746,19,63,0.232,2-14,10-42,11-30,8-33,46.0,0.0,0.0,0.0,0.0,0.0,0.0,0.0,0,0,0,1,,,,,,,,,,,,,,,,,,,,,,,,,,,,,,,,,,,,,
2008-2009,2009,West,15,Sacramento,kings,1610612758,17,65,0.207,7-9,16-36,11-30,6-35,48.0,0.0,0.0,0.0,0.0,0.0,0.0,0.0,0,0,0,1,,,,,,,,,,,,,,,,,,,,,,,,,,,,,,,,,,,,,
2009-2010,2010,West,1,L.A. Lakers,lakers,1610612747,57,25,0.695,13-3,35-17,34-7,23-18,0.0,0.0,0.0,0.0,0.0,0.0,0.0,0.0,1,1,1,0,,,,,,,,,,,,,,,,,,,,,,,,,,,,,,,,,,,,,
2009-2010,2010,West,2,Dallas,mavericks,1610612742,55,27,0.671,10-6,33-19,28-13,27-14,2.0,0.0,0.0,0.0,0.0,0.0,0.0,0.0,1,0,1,0,,,,,,,,,,,,,,,,,,,,,,,,,,,,,,,,,,,,,
2009-2010,2010,West,3,Phoenix,suns,1610612756,54,28,0.659,12-4,35-17,32-9,22-19,3.0,0.0,0.0,0.0,0.0,0.0,0.0,0.0,1,0,0,0,,,,,,,,,,,,,,,,,,,,,,,,,,,,,,,,,,,,,
2009-2010,2010,West,4,Denver,nuggets,1610612743,53,29,0.646,12-4,34-18,34-7,19-22,4.0,0.0,0.0,0.0,0.0,0.0,0.0,0.0,1,0,1,0,,,,,,,,,,,,,,,,,,,,,,,,,,,,,,,,,,,,,
2009-2010,2010,West,5,Utah,jazz,1610612762,53,29,0.646,8-8,31-21,32-9,21-20,4.0,0.0,0.0,0.0,0.0,0.0,0.0,0.0,1,0,0,0,,,,,,,,,,,,,,,,,,,,,,,,,,,,,,,,,,,,,
2009-2010,2010,West,6,Portland,blazers,1610612757,50,32,0.61,8-8,33-19,26-15,24-17,7.0,0.0,0.0,0.0,0.0,0.0,0.0,2.0,1,0,0,0,,,,,,,,,,,,,,,,,,,,,,,,,,,,,,,,,,,,,
2009-2010,2010,West,7,San Antonio,spurs,1610612759,50,32,0.61,9-7,31-21,29-12,21-20,7.0,0.0,0.0,0.0,0.0,0.0,0.0,2.0,1,0,0,0,,,,,,,,,,,,,,,,,,,,,,,,,,,,,,,,,,,,,
2009-2010,2010,West,8,Oklahoma City,thunder,1610612760,50,32,0.61,9-7,28-24,27-14,23-18,7.0,0.0,0.0,0.0,0.0,0.0,0.0,0.0,1,0,0,0,,,,,,,,,,,,,,,,,,,,,,,,,,,,,,,,,,,,,
2009-2010,2010,West,9,Houston,rockets,1610612745,42,40,0.512,9-7,28-24,23-18,19-22,15.0,0.0,0.0,0.0,0.0,0.0,0.0,0.0,0,0,0,1,,,,,,,,,,,,,,,,,,,,,,,,,,,,,,,,,,,,,
2009-2010,2010,West,10,Memphis,grizzlies,1610612763,40,42,0.488,5-11,22-30,23-18,17-24,17.0,0.0,0.0,0.0,0.0,0.0,0.0,0.0,0,0,0,1,,,,,,,,,,,,,,,,,,,,,,,,,,,,,,,,,,,,,
2009-2010,2010,West,11,New Orleans,hornets,1610612740,37,45,0.451,7-9,26-26,24-17,13-28,20.0,0.0,0.0,0.0,0.0,0.0,0.0,0.0,0,0,0,1,,,,,,,,,,,,,,,,,,,,,,,,,,,,,,,,,,,,,
2009-2010,2010,West,12,L.A. Clippers,clippers,1610612746,29,53,0.354,5-11,15-37,21-20,8-33,28.0,0.0,0.0,0.0,0.0,0.0,0.0,0.0,0,0,0,1,,,,,,,,,,,,,,,,,,,,,,,,,,,,,,,,,,,,,
2009-2010,2010,West,13,Golden State,warriors,1610612744,26,56,0.317,5-11,15-37,18-23,8-33,31.0,0.0,0.0,0.0,0.0,0.0,0.0,0.0,0,0,0,1,,,,,,,,,,,,,,,,,,,,,,,,,,,,,,,,,,,,,
2009-2010,2010,West,14,Sacramento,kings,1610612758,25,57,0.305,5-11,16-36,18-23,7-34,32.0,0.0,0.0,0.0,0.0,0.0,0.0,0.0,0,0,0,1,,,,,,,,,,,,,,,,,,,,,,,,,,,,,,,,,,,,,
2009-2010,2010,West,15,Minnesota,timberwolves,1610612750,15,67,0.183,3-13,8-44,10-31,5-36,42.0,0.0,0.0,0.0,0.0,0.0,0.0,0.0,0,0,0,1,,,,,,,,,,,,,,,,,,,,,,,,,,,,,,,,,,,,,
2010-2011,2011,West,1,San Antonio,spurs,1610612759,61,21,0.744,10-6,38-14,36-5,25-16,0.0,0.0,0.0,0.0,0.0,0.0,0.0,0.0,1,1,1,0,,,,,,,,,,,,,,,,,,,,,,,,,,,,,,,,,,,,,
2010-2011,2011,West,2,L.A. Lakers,lakers,1610612747,57,25,0.695,12-4,36-16,30-11,27-14,4.0,0.0,0.0,0.0,0.0,0.0,0.0,1.0,1,0,1,0,,,,,,,,,,,,,,,,,,,,,,,,,,,,,,,,,,,,,
2010-2011,2011,West,3,Dallas,mavericks,1610612742,57,25,0.695,8-8,35-17,29-12,28-13,4.0,0.0,0.0,0.0,0.0,0.0,0.0,0.0,1,0,0,0,,,,,,,,,,,,,,,,,,,,,,,,,,,,,,,,,,,,,
2010-2011,2011,West,4,Oklahoma City,thunder,1610612760,55,27,0.671,13-3,33-19,30-11,25-16,6.0,0.0,0.0,0.0,0.0,0.0,0.0,0.0,1,0,1,0,,,,,,,,,,,,,,,,,,,,,,,,,,,,,,,,,,,,,
2010-2011,2011,West,5,Denver,nuggets,1610612743,50,32,0.61,9-7,30-22,33-8,17-24,11.0,0.0,0.0,0.0,0.0,0.0,0.0,0.0,1,0,0,0,,,,,,,,,,,,,,,,,,,,,,,,,,,,,,,,,,,,,
2010-2011,2011,West,6,Portland,blazers,1610612757,48,34,0.585,10-6,30-22,30-11,18-23,13.0,0.0,0.0,0.0,0.0,0.0,0.0,0.0,1,0,0,0,,,,,,,,,,,,,,,,,,,,,,,,,,,,,,,,,,,,,
2010-2011,2011,West,7,New Orleans,hornets,1610612740,46,36,0.561,9-7,27-25,28-13,18-23,15.0,0.0,0.0,0.0,0.0,0.0,0.0,3.0,1,0,0,0,,,,,,,,,,,,,,,,,,,,,,,,,,,,,,,,,,,,,
2010-2011,2011,West,8,Memphis,grizzlies,1610612763,46,36,0.561,8-8,30-22,30-11,16-25,15.0,0.0,0.0,0.0,0.0,0.0,0.0,0.0,1,0,0,0,,,,,,,,,,,,,,,,,,,,,,,,,,,,,,,,,,,,,
2010-2011,2011,West,9,Houston,rockets,1610612745,43,39,0.524,5-11,25-27,25-16,18-23,18.0,0.0,0.0,0.0,0.0,0.0,0.0,0.0,0,0,0,1,,,,,,,,,,,,,,,,,,,,,,,,,,,,,,,,,,,,,
2010-2011,2011,West,10,Phoenix,suns,1610612756,40,42,0.488,9-7,23-29,23-18,17-24,21.0,0.0,0.0,0.0,0.0,0.0,0.0,0.0,0,0,0,1,,,,,,,,,,,,,,,,,,,,,,,,,,,,,,,,,,,,,
2010-2011,2011,West,11,Utah,jazz,1610612762,39,43,0.476,7-9,21-31,21-20,18-23,22.0,0.0,0.0,0.0,0.0,0.0,0.0,0.0,0,0,0,1,,,,,,,,,,,,,,,,,,,,,,,,,,,,,,,,,,,,,
2010-2011,2011,West,12,Golden State,warriors,1610612744,36,46,0.439,5-11,21-31,26-15,10-31,25.0,0.0,0.0,0.0,0.0,0.0,0.0,0.0,0,0,0,1,,,,,,,,,,,,,,,,,,,,,,,,,,,,,,,,,,,,,
2010-2011,2011,West,13,L.A. Clippers,clippers,1610612746,32,50,0.39,7-9,19-33,23-18,9-32,29.0,0.0,0.0,0.0,0.0,0.0,0.0,0.0,0,0,0,1,,,,,,,,,,,,,,,,,,,,,,,,,,,,,,,,,,,,,
2010-2011,2011,West,14,Sacramento,kings,1610612758,24,58,0.293,7-9,15-37,11-30,13-28,37.0,0.0,0.0,0.0,0.0,0.0,0.0,0.0,0,0,0,1,,,,,,,,,,,,,,,,,,,,,,,,,,,,,,,,,,,,,
2010-2011,2011,West,15,Minnesota,timberwolves,1610612750,17,65,0.207,1-15,7-45,12-29,5-36,44.0,0.0,0.0,0.0,0.0,0.0,0.0,0.0,0,0,0,1,,,,,,,,,,,,,,,,,,,,,,,,,,,,,,,,,,,,,
2011-2012,2012,West,1,San Antonio,spurs,1610612759,50,16,0.758,12-4,35-13,28-5,22-11,0.0,0.0,0.0,0.0,0.0,0.0,0.0,0.0,1,1,1,0,,,,,,,,,,,,,,,,,,,,,,,,,,,,,,,,,,,,,
2011-2012,2012,West,2,Oklahoma City,thunder,1610612760,47,19,0.712,10-3,34-14,26-7,21-12,3.0,0.0,0.0,0.0,0.0,0.0,0.0,0.0,1,0,1,0,,,,,,,,,,,,,,,,,,,,,,,,,,,,,,,,,,,,,
2011-2012,2012,West,3,L.A. Lakers,lakers,1610612747,41,25,0.621,9-5,32-16,26-7,15-18,9.0,0.0,0.0,0.0,0.0,0.0,0.0,1.0,1,0,1,0,,,,,,,,,,,,,,,,,,,,,,,,,,,,,,,,,,,,,
2011-2012,2012,West,4,Memphis,grizzlies,1610612763,41,25,0.621,7-8,26-22,26-7,15-18,9.0,0.0,0.0,0.0,0.0,0.0,0.0,0.0,1,0,0,0,,,,,,,,,,,,,,,,,,,,,,,,,,,,,,,,,,,,,
2011-2012,2012,West,5,L.A. Clippers,clippers,1610612746,40,26,0.606,7-7,29-19,24-9,16-17,10.0,0.0,0.0,0.0,0.0,0.0,0.0,0.0,1,0,0,0,,,,,,,,,,,,,,,,,,,,,,,,,,,,,,,,,,,,,
2011-2012,2012,West,6,Denver,nuggets,1610612743,38,28,0.576,6-7,22-26,20-13,18-15,12.0,0.0,0.0,0.0,0.0,0.0,0.0,0.0,1,0,0,0,,,,,,,,,,,,,,,,,,,,,,,,,,,,,,,,,,,,,
2011-2012,2012,West,7,Dallas,mavericks,1610612742,36,30,0.545,8-5,26-22,23-10,13-20,14.0,0.0,0.0,0.0,0.0,0.0,0.0,2.0,1,0,0,0,,,,,,,,,,,,,,,,,,,,,,,,,,,,,,,,,,,,,
2011-2012,2012,West,8,Utah,jazz,1610612762,36,30,0.545,9-4,25-23,25-8,11-22,14.0,0.0,0.0,0.0,0.0,0.0,0.0,0.0,1,0,0,0,,,,,,,,,,,,,,,,,,,,,,,,,,,,,,,,,,,,,
2011-2012,2012,West,9,Houston,rockets,1610612745,34,32,0.515,6-8,23-25,22-11,12-21,16.0,0.0,0.0,0.0,0.0,0.0,0.0,0.0,0,0,0,1,,,,,,,,,,,,,,,,,,,,,,,,,,,,,,,,,,,,,
2011-2012,2012,West,10,Phoenix,suns,1610612756,33,33,0.5,9-5,23-25,19-14,14-19,17.0,0.0,0.0,0.0,0.0,0.0,0.0,0.0,0,0,0,1,,,,,,,,,,,,,,,,,,,,,,,,,,,,,,,,,,,,,
2011-2012,2012,West,11,Portland,blazers,1610612757,28,38,0.424,4-10,20-28,20-13,8-25,22.0,0.0,0.0,0.0,0.0,0.0,0.0,0.0,0,0,0,1,,,,,,,,,,,,,,,,,,,,,,,,,,,,,,,,,,,,,
2011-2012,2012,West,12,Minnesota,timberwolves,1610612750,26,40,0.394,4-9,19-29,13-20,13-20,24.0,0.0,0.0,0.0,0.0,0.0,0.0,0.0,0,0,0,1,,,,,,,,,,,,,,,,,,,,,,,,,,,,,,,,,,,,,
2011-2012,2012,West,13,Golden State,warriors,1610612744,23,43,0.348,7-8,16-32,12-21,11-22,27.0,0.0,0.0,0.0,0.0,0.0,0.0,0.0,0,0,0,1,,,,,,,,,,,,,,,,,,,,,,,,,,,,,,,,,,,,,
2011-2012,2012,West,14,Sacramento,kings,1610612758,22,44,0.333,3-10,16-32,16-17,6-27,28.0,0.0,0.0,0.0,0.0,0.0,0.0,0.0,0,0,0,1,,,,,,,,,,,,,,,,,,,,,,,,,,,,,,,,,,,,,
2011-2012,2012,West,15,New Orleans,hornets,1610612740,21,45,0.318,3-11,14-34,11-22,10-23,29.0,0.0,0.0,0.0,0.0,0.0,0.0,0.0,0,0,0,1,,,,,,,,,,,,,,,,,,,,,,,,,,,,,,,,,,,,,
2012-2013,2013,West,1,Oklahoma City,thunder,1610612760,60,22,0.732,10-6,39-13,34-7,26-15,0.0,0.0,0.0,0.0,0.0,0.0,0.0,0.0,1,1,1,0,,,,,,,,,,,,,,,,,,,,,,,,,,,,,,,,,,,,,
2012-2013,2013,West,2,San Antonio,spurs,1610612759,58,24,0.707,12-4,33-19,35-6,23-18,2.0,0.0,0.0,0.0,0.0,0.0,0.0,0.0,1,0,1,0,,,,,,,,,,,,,,,,,,,,,,,,,,,,,,,,,,,,,
2012-2013,2013,West,3,Denver,nuggets,1610612743,57,25,0.695,11-5,38-14,38-3,19-22,3.0,0.0,0.0,0.0,0.0,0.0,0.0,0.0,1,0,0,0,,,,,,,,,,,,,,,,,,,,,,,,,,,,,,,,,,,,,
2012-2013,2013,West,4,L.A. Clippers,clippers,1610612746,56,26,0.683,11-5,35-17,32-9,24-17,4.0,0.0,0.0,0.0,0.0,0.0,0.0,0.0,1,0,1,0,,,,,,,,,,,,,,,,,,,,,,,,,,,,,,,,,,,,,
2012-2013,2013,West,5,Memphis,grizzlies,1610612763,56,26,0.683,10-6,34-18,32-9,24-17,4.0,0.0,0.0,0.0,0.0,0.0,0.0,0.0,1,0,0,0,,,,,,,,,,,,,,,,,,,,,,,,,,,,,,,,,,,,,
2012-2013,2013,West,6,Golden State,warriors,1610612744,47,35,0.573,9-7,28-24,28-13,19-22,13.0,0.0,0.0,0.0,0.0,0.0,0.0,0.0,1,0,0,0,,,,,,,,,,,,,,,,,,,,,,,,,,,,,,,,,,,,,
2012-2013,2013,West,7,L.A. Lakers,lakers,1610612747,45,37,0.549,8-8,28-24,29-12,16-25,15.0,0.0,0.0,0.0,0.0,0.0,0.0,4.0,1,0,0,0,,,,,,,,,,,,,,,,,,,,,,,,,,,,,,,,,,,,,
2012-2013,2013,West,8,Houston,rockets,1610612745,45,37,0.549,6-10,24-28,29-12,16-25,15.0,0.0,0.0,0.0,0.0,0.0,0.0,0.0,1,0,0,0,,,,,,,,,,,,,,,,,,,,,,,,,,,,,,,,,,,,,
2012-2013,2013,West,9,Utah,jazz,1610612762,43,39,0.524,9-7,26-26,30-11,13-28,17.0,0.0,0.0,0.0,0.0,0.0,0.0,0.0,0,0,0,1,,,,,,,,,,,,,,,,,,,,,,,,,,,,,,,,,,,,,
2012-2013,2013,West,10,Dallas,mavericks,1610612742,41,41,0.5,7-9,24-28,24-17,17-24,19.0,0.0,0.0,0.0,0.0,0.0,0.0,0.0,0,0,0,1,,,,,,,,,,,,,,,,,,,,,,,,,,,,,,,,,,,,,
2012-2013,2013,West,11,Portland,blazers,1610612757,33,49,0.402,6-10,18-34,22-19,11-30,27.0,0.0,0.0,0.0,0.0,0.0,0.0,0.0,0,0,0,1,,,,,,,,,,,,,,,,,,,,,,,,,,,,,,,,,,,,,
2012-2013,2013,West,12,Minnesota,timberwolves,1610612750,31,51,0.378,4-12,17-35,20-21,11-30,29.0,0.0,0.0,0.0,0.0,0.0,0.0,0.0,0,0,0,1,,,,,,,,,,,,,,,,,,,,,,,,,,,,,,,,,,,,,
2012-2013,2013,West,13,Sacramento,kings,1610612758,28,54,0.341,7-9,14-38,20-21,8-33,32.0,0.0,0.0,0.0,0.0,0.0,0.0,0.0,0,0,0,1,,,,,,,,,,,,,,,,,,,,,,,,,,,,,,,,,,,,,
2012-2013,2013,West,14,New Orleans,hornets,1610612740,27,55,0.329,5-11,15-37,16-25,11-30,33.0,0.0,0.0,0.0,0.0,0.0,0.0,0.0,0,0,0,1,,,,,,,,,,,,,,,,,,,,,,,,,,,,,,,,,,,,,
2012-2013,2013,West,15,Phoenix,suns,1610612756,25,57,0.305,5-11,17-35,17-24,8-33,35.0,0.0,0.0,0.0,0.0,0.0,0.0,0.0,0,0,0,1,,,,,,,,,,,,,,,,,,,,,,,,,,,,,,,,,,,,,
2013-2014,2014,West,1,San Antonio,spurs,1610612759,62,20,0.756,12-4,38-14,32-9,30-11,0.0,0.0,0.0,0.0,0.0,0.0,0.0,0.0,1,1,1,0,,,,,,,,,,,,,,,,,,,,,,,,,,,,,,,,,,,,,
2013-2014,2014,West,2,Oklahoma City,thunder,1610612760,59,23,0.72,11-5,36-16,34-7,25-16,3.0,0.0,0.0,0.0,0.0,0.0,0.0,0.0,1,0,1,0,,,,,,,,,,,,,,,,,,,,,,,,,,,,,,,,,,,,,
2013-2014,2014,West,3,L.A. Clippers,clippers,1610612746,57,25,0.695,12-4,36-16,34-7,23-18,5.0,0.0,0.0,0.0,0.0,0.0,0.0,0.0,1,0,1,0,,,,,,,,,,,,,,,,,,,,,,,,,,,,,,,,,,,,,
2013-2014,2014,West,4,Houston,rockets,1610612745,54,28,0.659,11-5,31-21,33-8,21-20,8.0,0.0,0.0,0.0,0.0,0.0,0.0,2.0,1,0,0,0,,,,,,,,,,,,,,,,,,,,,,,,,,,,,,,,,,,,,
2013-2014,2014,West,5,Portland,blazers,1610612757,54,28,0.659,13-3,31-21,31-10,23-18,8.0,0.0,0.0,0.0,0.0,0.0,0.0,0.0,1,0,0,0,,,,,,,,,,,,,,,,,,,,,,,,,,,,,,,,,,,,,
2013-2014,2014,West,6,Golden State,warriors,1610612744,51,31,0.622,11-5,31-21,27-14,24-17,11.0,0.0,0.0,0.0,0.0,0.0,0.0,0.0,1,0,0,0,,,,,,,,,,,,,,,,,,,,,,,,,,,,,,,,,,,,,
2013-2014,2014,West,7,Memphis,grizzlies,1610612763,50,32,0.61,4-12,29-23,27-14,23-18,12.0,0.0,0.0,0.0,0.0,0.0,0.0,0.0,1,0,0,0,,,,,,,,,,,,,,,,,,,,,,,,,,,,,,,,,,,,,
2013-2014,2014,West,8,Dallas,mavericks,1610612742,49,33,0.598,9-7,29-23,26-15,23-18,13.0,0.0,0.0,0.0,0.0,0.0,0.0,0.0,1,0,0,0,,,,,,,,,,,,,,,,,,,,,,,,,,,,,,,,,,,,,
2013-2014,2014,West,9,Phoenix,suns,1610612756,48,34,0.585,8-8,28-24,26-15,22-19,14.0,0.0,0.0,0.0,0.0,0.0,0.0,0.0,0,0,0,1,,,,,,,,,,,,,,,,,,,,,,,,,,,,,,,,,,,,,
2013-2014,2014,West,10,Minnesota,timberwolves,1610612750,40,42,0.488,7-9,23-29,24-17,16-25,22.0,0.0,0.0,0.0,0.0,0.0,0.0,0.0,0,0,0,1,,,,,,,,,,,,,,,,,,,,,,,,,,,,,,,,,,,,,
2013-2014,2014,West,11,Denver,nuggets,1610612743,36,46,0.439,5-11,20-32,22-19,14-27,26.0,0.0,0.0,0.0,0.0,0.0,0.0,0.0,0,0,0,1,,,,,,,,,,,,,,,,,,,,,,,,,,,,,,,,,,,,,
2013-2014,2014,West,12,New Orleans,pelicans,1610612740,34,48,0.415,4-12,15-37,22-19,12-29,28.0,0.0,0.0,0.0,0.0,0.0,0.0,0.0,0,0,0,1,,,,,,,,,,,,,,,,,,,,,,,,,,,,,,,,,,,,,
2013-2014,2014,West,13,Sacramento,kings,1610612758,28,54,0.341,3-13,15-37,17-24,11-30,34.0,0.0,0.0,0.0,0.0,0.0,0.0,0.0,0,0,0,1,,,,,,,,,,,,,,,,,,,,,,,,,,,,,,,,,,,,,
2013-2014,2014,West,14,L.A. Lakers,lakers,1610612747,27,55,0.329,6-10,15-37,14-27,13-28,35.0,0.0,0.0,0.0,0.0,0.0,0.0,0.0,0,0,0,1,,,,,,,,,,,,,,,,,,,,,,,,,,,,,,,,,,,,,
2013-2014,2014,West,15,Utah,jazz,1610612762,25,57,0.305,4-12,13-39,16-25,9-32,37.0,0.0,0.0,0.0,0.0,0.0,0.0,0.0,0,0,0,1,,,,,,,,,,,,,,,,,,,,,,,,,,,,,,,,,,,,,
2014-2015,2015,West,1,Golden State,warriors,1610612744,67,15,0.817,13-3,42-10,39-2,28-13,0.0,0.0,0.0,0.0,0.0,0.0,0.0,0.0,1,1,1,0,,,,,,,,,,,,,,,,,,,,,,,,,,,,,,,,,,,,,
2014-2015,2015,West,2,Houston,rockets,1610612745,56,26,0.683,8-8,33-19,30-11,26-15,11.0,0.0,0.0,0.0,0.0,0.0,0.0,1.0,1,0,1,0,,,,,,,,,,,,,,,,,,,,,,,,,,,,,,,,,,,,,
2014-2015,2015,West,3,L.A. Clippers,clippers,1610612746,56,26,0.683,12-4,37-15,30-11,26-15,11.0,0.0,0.0,0.0,0.0,0.0,0.0,0.0,1,0,0,0,,,,,,,,,,,,,,,,,,,,,,,,,,,,,,,,,,,,,
2014-2015,2015,West,4,Portland,blazers,1610612757,51,31,0.622,11-5,31-21,32-9,19-22,16.0,0.0,0.0,0.0,0.0,0.0,0.0,0.0,1,0,1,0,,,,,,,,,,,,,,,,,,,,,,,,,,,,,,,,,,,,,
2014-2015,2015,West,5,Memphis,grizzlies,1610612763,55,27,0.671,9-7,35-17,31-10,24-17,12.0,0.0,0.0,0.0,0.0,0.0,0.0,3.0,1,0,0,0,,,,,,,,,,,,,,,,,,,,,,,,,,,,,,,,,,,,,
2014-2015,2015,West,6,San Antonio,spurs,1610612759,55,27,0.671,8-8,32-20,33-8,22-19,12.0,0.0,0.0,0.0,0.0,0.0,0.0,0.0,1,0,0,0,,,,,,,,,,,,,,,,,,,,,,,,,,,,,,,,,,,,,
2014-2015,2015,West,7,Dallas,mavericks,1610612742,50,32,0.61,7-9,29-23,27-14,23-18,17.0,0.0,0.0,0.0,0.0,0.0,0.0,0.0,1,0,0,0,,,,,,,,,,,,,,,,,,,,,,,,,,,,,,,,,,,,,
2014-2015,2015,West,8,New Orleans,pelicans,1610612740,45,37,0.549,8-8,29-23,28-13,17-24,22.0,0.0,0.0,0.0,0.0,0.0,0.0,2.0,1,0,0,0,,,,,,,,,,,,,,,,,,,,,,,,,,,,,,,,,,,,,
2014-2015,2015,West,9,Oklahoma City,thunder,1610612760,45,37,0.549,10-6,25-27,29-12,16-25,22.0,0.0,0.0,0.0,0.0,0.0,0.0,0.0,0,0,0,1,,,,,,,,,,,,,,,,,,,,,,,,,,,,,,,,,,,,,
2014-2015,2015,West,10,Phoenix,suns,1610612756,39,43,0.476,6-10,21-31,22-19,17-24,28.0,0.0,0.0,0.0,0.0,0.0,0.0,0.0,0,0,0,1,,,,,,,,,,,,,,,,,,,,,,,,,,,,,,,,,,,,,
2014-2015,2015,West,11,Utah,jazz,1610612762,38,44,0.463,9-7,23-29,21-20,17-24,29.0,0.0,0.0,0.0,0.0,0.0,0.0,0.0,0,0,0,1,,,,,,,,,,,,,,,,,,,,,,,,,,,,,,,,,,,,,
2014-2015,2015,West,12,Denver,nuggets,1610612743,30,52,0.366,6-10,19-33,19-22,11-30,37.0,0.0,0.0,0.0,0.0,0.0,0.0,0.0,0,0,0,1,,,,,,,,,,,,,,,,,,,,,,,,,,,,,,,,,,,,,
2014-2015,2015,West,13,Sacramento,kings,1610612758,29,53,0.354,7-9,18-34,18-23,11-30,38.0,0.0,0.0,0.0,0.0,0.0,0.0,0.0,0,0,0,1,,,,,,,,,,,,,,,,,,,,,,,,,,,,,,,,,,,,,
2014-2015,2015,West,14,L.A. Lakers,lakers,1610612747,21,61,0.256,2-14,9-43,12-29,9-32,46.0,0.0,0.0,0.0,0.0,0.0,0.0,0.0,0,0,0,1,,,,,,,,,,,,,,,,,,,,,,,,,,,,,,,,,,,,,
2014-2015,2015,West,15,Minnesota,timberwolves,1610612750,16,66,0.195,4-12,7-45,9-32,7-34,51.0,0.0,0.0,0.0,0.0,0.0,0.0,0.0,0,0,0,1,,,,,,,,,,,,,,,,,,,,,,,,,,,,,,,,,,,,,
2015-2016,2016,West,1,Golden State,warriors,1610612744,73,9,0.89,15-1,46-6,39-2,34-7,0.0,0.0,0.0,0.0,0.0,0.0,0.0,0.0,1,1,1,0,,,,,,,,,,,,,,,,,,,,,,,,,,,,,,,,,,,,,
2015-2016,2016,West,2,San Antonio,spurs,1610612759,67,15,0.817,14-2,43-9,40-1,27-14,6.0,0.0,0.0,0.0,0.0,0.0,0.0,0.0,1,0,1,0,,,,,,,,,,,,,,,,,,,,,,,,,,,,,,,,,,,,,
2015-2016,2016,West,3,Oklahoma City,thunder,1610612760,55,27,0.671,13-3,37-15,32-9,23-18,18.0,0.0,0.0,0.0,0.0,0.0,0.0,0.0,1,0,1,0,,,,,,,,,,,,,,,,,,,,,,,,,,,,,,,,,,,,,
2015-2016,2016,West,4,L.A. Clippers,clippers,1610612746,53,29,0.646,9-7,31-21,29-12,24-17,20.0,0.0,0.0,0.0,0.0,0.0,0.0,0.0,1,0,0,0,,,,,,,,,,,,,,,,,,,,,,,,,,,,,,,,,,,,,
2015-2016,2016,West,5,Portland,blazers,1610612757,44,38,0.537,11-5,29-23,28-13,16-25,29.0,0.0,0.0,0.0,0.0,0.0,0.0,0.0,1,0,0,0,,,,,,,,,,,,,,,,,,,,,,,,,,,,,,,,,,,,,
2015-2016,2016,West,6,Dallas,mavericks,1610612742,42,40,0.512,7-9,27-25,23-18,19-22,31.0,0.0,0.0,0.0,0.0,0.0,0.0,1.0,1,0,0,0,,,,,,,,,,,,,,,,,,,,,,,,,,,,,,,,,,,,,
2015-2016,2016,West,7,Memphis,grizzlies,1610612763,42,40,0.512,7-9,25-27,26-15,16-25,31.0,0.0,0.0,0.0,0.0,0.0,0.0,0.0,1,0,0,0,,,,,,,,,,,,,,,,,,,,,,,,,,,,,,,,,,,,,
2015-2016,2016,West,8,Houston,rockets,1610612745,41,41,0.5,8-8,28-24,23-18,18-23,32.0,0.0,0.0,0.0,0.0,0.0,0.0,0.0,1,0,0,0,,,,,,,,,,,,,,,,,,,,,,,,,,,,,,,,,,,,,
2015-2016,2016,West,9,Utah,jazz,1610612762,40,42,0.488,8-8,24-28,24-17,16-25,33.0,0.0,0.0,0.0,0.0,0.0,0.0,0.0,0,0,0,1,,,,,,,,,,,,,,,,,,,,,,,,,,,,,,,,,,,,,
2015-2016,2016,West,10,Sacramento,kings,1610612758,33,49,0.402,8-8,19-33,18-23,15-26,40.0,0.0,0.0,0.0,0.0,0.0,0.0,1.0,0,0,0,1,,,,,,,,,,,,,,,,,,,,,,,,,,,,,,,,,,,,,
2015-2016,2016,West,11,Denver,nuggets,1610612743,33,49,0.402,4-12,18-34,18-23,15-26,40.0,0.0,0.0,0.0,0.0,0.0,0.0,0.0,0,0,0,1,,,,,,,,,,,,,,,,,,,,,,,,,,,,,,,,,,,,,
2015-2016,2016,West,12,New Orleans,pelicans,1610612740,30,52,0.366,4-12,20-32,21-20,9-32,43.0,0.0,0.0,0.0,0.0,0.0,0.0,0.0,0,0,0,1,,,,,,,,,,,,,,,,,,,,,,,,,,,,,,,,,,,,,
2015-2016,2016,West,13,Minnesota,timberwolves,1610612750,29,53,0.354,4-12,18-34,14-27,15-26,44.0,0.0,0.0,0.0,0.0,0.0,0.0,0.0,0,0,0,1,,,,,,,,,,,,,,,,,,,,,,,,,,,,,,,,,,,,,
2015-2016,2016,West,14,Phoenix,suns,1610612756,23,59,0.28,6-10,17-35,14-27,9-32,50.0,0.0,0.0,0.0,0.0,0.0,0.0,0.0,0,0,0,1,,,,,,,,,,,,,,,,,,,,,,,,,,,,,,,,,,,,,
2015-2016,2016,West,15,L.A. Lakers,lakers,1610612747,17,65,0.207,2-14,8-44,12-29,5-36,56.0,0.0,0.0,0.0,0.0,0.0,0.0,0.0,0,0,0,1,,,,,,,,,,,,,,,,,,,,,,,,,,,,,,,,,,,,,
2016-2017,2017,West,1,Golden State,warriors,1610612744,67,15,0.817,14-2,42-10,36-5,31-10,0.0,0.0,0.0,0.0,0.0,0.0,0.0,0.0,1,1,1,0,,,,,,,,,,,,,,,,,,,,,,,,,,,,,,,,,,,,,
2016-2017,2017,West,2,San Antonio,spurs,1610612759,61,21,0.744,11-5,36-16,31-10,30-11,6.0,0.0,0.0,0.0,0.0,0.0,0.0,0.0,1,0,1,0,,,,,,,,,,,,,,,,,,,,,,,,,,,,,,,,,,,,,
2016-2017,2017,West,3,Houston,rockets,1610612745,55,27,0.671,10-6,36-16,30-11,25-16,12.0,0.0,0.0,0.0,0.0,0.0,0.0,0.0,1,0,0,0,,,,,,,,,,,,,,,,,,,,,,,,,,,,,,,,,,,,,
2016-2017,2017,West,4,LA Clippers,clippers,1610612746,51,31,0.622,10-6,31-21,29-12,22-19,16.0,0.0,0.0,0.0,0.0,0.0,0.0,1.0,1,0,0,0,,,,,,,,,,,,,,,,,,,,,,,,,,,,,,,,,,,,,
2016-2017,2017,West,5,Utah,jazz,1610612762,51,31,0.622,8-8,31-21,29-12,22-19,16.0,0.0,0.0,0.0,0.0,0.0,0.0,0.0,1,0,1,0,,,,,,,,,,,,,,,,,,,,,,,,,,,,,,,,,,,,,
2016-2017,2017,West,6,Oklahoma City,thunder,1610612760,47,35,0.573,10-6,29-23,28-13,19-22,20.0,0.0,0.0,0.0,0.0,0.0,0.0,0.0,1,0,0,0,,,,,,,,,,,,,,,,,,,,,,,,,,,,,,,,,,,,,
2016-2017,2017,West,7,Memphis,grizzlies,1610612763,43,39,0.524,8-8,28-24,24-17,19-22,24.0,0.0,0.0,0.0,0.0,0.0,0.0,0.0,1,0,0,0,,,,,,,,,,,,,,,,,,,,,,,,,,,,,,,,,,,,,
2016-2017,2017,West,8,Portland,blazers,1610612757,41,41,0.5,11-5,28-24,25-16,16-25,26.0,0.0,0.0,0.0,0.0,0.0,0.0,0.0,1,0,0,0,,,,,,,,,,,,,,,,,,,,,,,,,,,,,,,,,,,,,
2016-2017,2017,West,9,Denver,nuggets,1610612743,40,42,0.488,6-10,24-28,22-19,18-23,27.0,0.0,0.0,0.0,0.0,0.0,0.0,0.0,0,0,0,1,,,,,,,,,,,,,,,,,,,,,,,,,,,,,,,,,,,,,
2016-2017,2017,West,10,New Orleans,pelicans,1610612740,34,48,0.415,6-10,20-32,21-20,13-28,33.0,0.0,0.0,0.0,0.0,0.0,0.0,0.0,0,0,0,1,,,,,,,,,,,,,,,,,,,,,,,,,,,,,,,,,,,,,
2016-2017,2017,West,11,Dallas,mavericks,1610612742,33,49,0.402,5-11,19-33,21-20,12-29,34.0,0.0,0.0,0.0,0.0,0.0,0.0,0.0,0,0,0,1,,,,,,,,,,,,,,,,,,,,,,,,,,,,,,,,,,,,,
2016-2017,2017,West,12,Sacramento,kings,1610612758,32,50,0.39,7-9,21-31,17-24,15-26,35.0,0.0,0.0,0.0,0.0,0.0,0.0,0.0,0,0,0,1,,,,,,,,,,,,,,,,,,,,,,,,,,,,,,,,,,,,,
2016-2017,2017,West,13,Minnesota,timberwolves,1610612750,31,51,0.378,5-11,18-34,20-21,11-30,36.0,0.0,0.0,0.0,0.0,0.0,0.0,0.0,0,0,0,1,,,,,,,,,,,,,,,,,,,,,,,,,,,,,,,,,,,,,
2016-2017,2017,West,14,L.A. Lakers,lakers,1610612747,26,56,0.317,6-10,16-36,17-24,9-32,41.0,0.0,0.0,0.0,0.0,0.0,0.0,0.0,0,0,0,1,,,,,,,,,,,,,,,,,,,,,,,,,,,,,,,,,,,,,
2016-2017,2017,West,15,Phoenix,suns,1610612756,24,58,0.293,3-13,11-41,15-26,9-32,43.0,0.0,0.0,0.0,0.0,0.0,0.0,0.0,0,0,0,1,,,,,,,,,,,,,,,,,,,,,,,,,,,,,,,,,,,,,
2017-2018,2018,West,1,Houston,rockets,1610612745,65,17,0.793,12-4,41-11,34-7,31-10,0.0,0.0,0.0,0.0,0.0,0.0,0.0,0.0,1,1,1,0,,,,,,,,,,,,,,,,,,,,,,,,,,,,,,,,,,,,,
2017-2018,2018,West,2,Golden State,warriors,1610612744,58,24,0.707,13-3,34-18,29-12,29-12,7.0,0.0,0.0,0.0,0.0,0.0,0.0,0.0,1,0,1,0,,,,,,,,,,,,,,,,,,,,,,,,,,,,,,,,,,,,,
2017-2018,2018,West,3,Portland,blazers,1610612757,49,33,0.598,9-7,31-21,28-13,21-20,16.0,0.0,0.0,0.0,0.0,0.0,0.0,0.0,1,0,1,0,,,,,,,,,,,,,,,,,,,,,,,,,,,,,,,,,,,,,
2017-2018,2018,West,4,Oklahoma City,thunder,1610612760,48,34,0.585,5-11,28-24,27-14,21-20,17.0,0.0,0.0,0.0,0.0,0.0,0.0,2.0,1,0,0,0,,,,,,,,,,,,,,,,,,,,,,,,,,,,,,,,,,,,,
2017-2018,2018,West,5,Utah,jazz,1610612762,48,34,0.585,7-9,34-18,28-13,20-21,17.0,0.0,0.0,0.0,0.0,0.0,0.0,0.0,1,0,0,0,,,,,,,,,,,,,,,,,,,,,,,,,,,,,,,,,,,,,
2017-2018,2018,West,6,New Orleans,pelicans,1610612740,48,34,0.585,9-7,27-25,24-17,24-17,17.0,0.0,0.0,0.0,0.0,0.0,0.0,2.0,1,0,0,0,,,,,,,,,,,,,,,,,,,,,,,,,,,,,,,,,,,,,
2017-2018,2018,West,7,San Antonio,spurs,1610612759,47,35,0.573,9-7,29-23,33-8,14-27,18.0,0.0,0.0,0.0,0.0,0.0,0.0,1.0,1,0,0,0,,,,,,,,,,,,,,,,,,,,,,,,,,,,,,,,,,,,,
2017-2018,2018,West,8,Minnesota,timberwolves,1610612750,47,35,0.573,10-6,34-18,30-11,17-24,18.0,0.0,0.0,0.0,0.0,0.0,0.0,0.0,1,0,0,0,,,,,,,,,,,,,,,,,,,,,,,,,,,,,,,,,,,,,
2017-2018,2018,West,9,Denver,nuggets,1610612743,46,36,0.561,9-7,28-24,31-10,15-26,19.0,0.0,0.0,0.0,0.0,0.0,0.0,0.0,0,0,0,1,,,,,,,,,,,,,,,,,,,,,,,,,,,,,,,,,,,,,
2017-2018,2018,West,10,LA Clippers,clippers,1610612746,42,40,0.512,12-4,24-28,22-19,20-21,23.0,0.0,0.0,0.0,0.0,0.0,0.0,0.0,0,0,0,1,,,,,,,,,,,,,,,,,,,,,,,,,,,,,,,,,,,,,
2017-2018,2018,West,11,L.A. Lakers,lakers,1610612747,35,47,0.427,6-10,19-33,20-21,15-26,30.0,0.0,0.0,0.0,0.0,0.0,0.0,0.0,0,0,0,1,,,,,,,,,,,,,,,,,,,,,,,,,,,,,,,,,,,,,
2017-2018,2018,West,12,Sacramento,kings,1610612758,27,55,0.329,5-11,14-38,14-27,13-28,38.0,0.0,0.0,0.0,0.0,0.0,0.0,0.0,0,0,0,1,,,,,,,,,,,,,,,,,,,,,,,,,,,,,,,,,,,,,
2017-2018,2018,West,13,Dallas,mavericks,1610612742,24,58,0.293,5-11,14-38,15-26,9-32,41.0,0.0,0.0,0.0,0.0,0.0,0.0,0.0,0,0,0,1,,,,,,,,,,,,,,,,,,,,,,,,,,,,,,,,,,,,,
2017-2018,2018,West,14,Memphis,grizzlies,1610612763,22,60,0.268,5-11,18-34,16-25,6-35,43.0,0.0,0.0,0.0,0.0,0.0,0.0,0.0,0,0,0,1,,,,,,,,,,,,,,,,,,,,,,,,,,,,,,,,,,,,,
2017-2018,2018,West,15,Phoenix,suns,1610612756,21,61,0.256,4-12,15-37,10-31,11-30,44.0,0.0,0.0,0.0,0.0,0.0,0.0,0.0,0,0,0,1,,,,,,,,,,,,,,,,,,,,,,,,,,,,,,,,,,,,,
2018-2019,2019,West,1,Golden State,warriors,1610612744,57,25,0.695,13-3,35-17,30-11,27-14,0.0,0.0,0.0,0.0,0.0,0.0,0.0,0.0,1,1,1,0,,,,,,,,,,,,,,,,,,,,,,,,,,,,,,,,,,,,,
2018-2019,2019,West,2,Denver,nuggets,1610612743,54,28,0.659,12-4,34-18,34-7,20-21,3.0,0.0,0.0,0.0,0.0,0.0,0.0,0.0,1,0,1,0,,,,,,,,,,,,,,,,,,,,,,,,,,,,,,,,,,,,,
2018-2019,2019,West,3,Portland,blazers,1610612757,53,29,0.646,6-10,29-23,32-9,21-20,4.0,0.0,0.0,0.0,0.0,0.0,0.0,1.0,1,0,0,0,,,,,,,,,,,,,,,,,,,,,,,,,,,,,,,,,,,,,
2018-2019,2019,West,4,Houston,rockets,1610612745,53,29,0.646,10-6,32-20,31-10,22-19,4.0,0.0,0.0,0.0,0.0,0.0,0.0,0.0,1,0,1,0,,,,,,,,,,,,,,,,,,,,,,,,,,,,,,,,,,,,,
2018-2019,2019,West,5,Utah,jazz,1610612762,50,32,0.61,8-8,30-22,29-12,21-20,7.0,0.0,0.0,0.0,0.0,0.0,0.0,0.0,1,0,0,0,,,,,,,,,,,,,,,,,,,,,,,,,,,,,,,,,,,,,
2018-2019,2019,West,6,Oklahoma City,thunder,1610612760,49,33,0.598,9-7,28-24,27-14,22-19,8.0,0.0,0.0,0.0,0.0,0.0,0.0,0.0,1,0,0,0,,,,,,,,,,,,,,,,,,,,,,,,,,,,,,,,,,,,,
2018-2019,2019,West,7,San Antonio,spurs,1610612759,48,34,0.585,10-6,30-22,32-9,16-25,9.0,0.0,0.0,0.0,0.0,0.0,0.0,4.0,1,0,0,0,,,,,,,,,,,,,,,,,,,,,,,,,,,,,,,,,,,,,
2018-2019,2019,West,8,LA Clippers,clippers,1610612746,48,34,0.585,11-5,28-24,26-15,22-19,9.0,0.0,0.0,0.0,0.0,0.0,0.0,0.0,1,0,0,0,,,,,,,,,,,,,,,,,,,,,,,,,,,,,,,,,,,,,
2018-2019,2019,West,9,Sacramento,kings,1610612758,39,43,0.476,4-12,21-31,24-17,15-26,18.0,0.0,0.0,0.0,0.0,0.0,0.0,0.0,0,0,0,1,,,,,,,,,,,,,,,,,,,,,,,,,,,,,,,,,,,,,
2018-2019,2019,West,10,L.A. Lakers,lakers,1610612747,37,45,0.451,9-7,25-27,22-19,15-26,20.0,0.0,0.0,0.0,0.0,0.0,0.0,0.0,0,0,0,1,,,,,,,,,,,,,,,,,,,,,,,,,,,,,,,,,,,,,
2018-2019,2019,West,11,Minnesota,timberwolves,1610612750,36,46,0.439,5-11,22-30,25-16,11-30,21.0,0.0,0.0,0.0,0.0,0.0,0.0,0.0,0,0,0,1,,,,,,,,,,,,,,,,,,,,,,,,,,,,,,,,,,,,,
2018-2019,2019,West,12,Memphis,grizzlies,1610612763,33,49,0.402,8-8,24-28,21-20,12-29,24.0,0.0,0.0,0.0,0.0,0.0,0.0,4.0,0,0,0,1,,,,,,,,,,,,,,,,,,,,,,,,,,,,,,,,,,,,,
2018-2019,2019,West,13,New Orleans,pelicans,1610612740,33,49,0.402,8-8,23-29,19-22,14-27,24.0,0.0,0.0,0.0,0.0,0.0,0.0,2.0,0,0,0,1,,,,,,,,,,,,,,,,,,,,,,,,,,,,,,,,,,,,,
2018-2019,2019,West,14,Dallas,mavericks,1610612742,33,49,0.402,4-12,18-34,24-17,9-32,24.0,0.0,0.0,0.0,0.0,0.0,0.0,0.0,0,0,0,1,,,,,,,,,,,,,,,,,,,,,,,,,,,,,,,,,,,,,
2018-2019,2019,West,15,Phoenix,suns,1610612756,19,63,0.232,3-13,11-41,12-29,7-34,38.0,0.0,0.0,0.0,0.0,0.0,0.0,0.0,0,0,0,1,,,,,,,,,,,,,,,,,,,,,,,,,,,,,,,,,,,,,
2019-2020,2020,West,1,L.A. Lakers,lakers,1610612747,52,19,0.732,10-3,36-10,25-10,27-9,0.0,0.0,0.0,0.0,0.0,0.0,0.0,0.0,1,1,1,0,,0.0,,0.0,W,L,W,L,L,L,W,L,21901232.0,21901243.0,21901255.0,21901265.0,21901273.0,21901282.0,21901296.0,21901310.0,1610612746.0,1610612761.0,1610612762.0,1610612760.0,1610612745.0,1610612754.0,1610612743.0,1610612758.0,LAC vs LAL,LAL vs TOR,LAL vs UTA,OKC vs LAL,LAL vs HOU,LAL vs IND,DEN vs LAL,SAC vs LAL,0.0
2019-2020,2020,West,2,LA Clippers,clippers,1610612746,49,23,0.681,8-6,32-16,27-9,22-14,3.5,0.0,0.0,0.0,0.0,0.0,0.0,0.0,1,0,0,0,,0.0,,0.0,L,W,L,W,W,L,W,W,21901232.0,21901241.0,21901258.0,21901271.0,21901280.0,21901291.0,21901307.0,21901317.0,1610612747.0,1610612740.0,1610612756.0,1610612742.0,1610612757.0,1610612751.0,1610612743.0,1610612760.0,LAC vs LAL,NOP vs LAC,PHX vs LAC,LAC vs DAL,LAC vs POR,BKN vs LAC,LAC vs DEN,OKC vs LAC,0.0
2019-2020,2020,West,3,Denver,nuggets,1610612743,46,27,0.63,12-2,29-16,26-11,20-16,7.0,0.0,0.0,0.0,0.0,0.0,0.0,0.0,1,0,1,0,,0.0,,0.0,L,W,W,L,W,L,L,L,21901239.0,21901251.0,21901264.0,21901272.0,21901281.0,21901296.0,21901307.0,21901318.0,1610612748.0,1610612760.0,1610612759.0,1610612757.0,1610612762.0,1610612747.0,1610612746.0,1610612761.0,MIA vs DEN,DEN vs OKC,DEN vs SAS,POR vs DEN,UTA vs DEN,DEN vs LAL,LAC vs DEN,DEN vs TOR,0.0
2019-2020,2020,West,4,Houston,rockets,1610612745,44,28,0.611,8-5,28-19,24-12,20-16,8.5,0.0,0.0,0.0,0.0,0.0,0.0,1.0,1,0,1,0,,0.0,,0.0,W,W,L,W,W,L,L,L,21901238.0,21901248.0,21901261.0,21901273.0,21901290.0,21901298.0,21901304.0,21901315.0,1610612742.0,1610612749.0,1610612757.0,1610612747.0,1610612758.0,1610612759.0,1610612754.0,1610612755.0,HOU vs DAL,MIL vs HOU,HOU vs POR,LAL vs HOU,HOU vs SAC,HOU vs SAS,IND vs HOU,PHI vs HOU,0.0
2019-2020,2020,West,5,Oklahoma City,thunder,1610612760,44,28,0.611,8-5,27-19,23-14,21-14,8.5,0.0,0.0,0.0,0.0,0.0,0.0,1.0,1,0,0,0,,0.0,,0.0,W,L,W,L,W,L,W,L,21901240.0,21901251.0,21901265.0,21901275.0,21901285.0,21901292.0,21901306.0,21901317.0,1610612762.0,1610612743.0,1610612747.0,1610612763.0,1610612764.0,1610612756.0,1610612748.0,1610612746.0,UTA vs OKC,DEN vs OKC,OKC vs LAL,OKC vs MEM,WAS vs OKC,OKC vs PHX,MIA vs OKC,OKC vs LAC,0.0
2019-2020,2020,West,6,Utah,jazz,1610612762,44,28,0.611,5-7,24-21,23-12,21-16,8.5,0.0,0.0,0.0,0.0,0.0,0.0,0.0,1,0,0,0,,0.0,,0.0,W,L,L,W,L,L,L,W,21901231.0,21901240.0,21901255.0,21901262.0,21901274.0,21901281.0,21901293.0,21901314.0,1610612740.0,1610612760.0,1610612747.0,1610612763.0,1610612759.0,1610612743.0,1610612742.0,1610612759.0,UTA vs NOP,UTA vs OKC,LAL vs UTA,MEM vs UTA,UTA vs SAS,UTA vs DEN,DAL vs UTA,SAS vs UTA,0.0
2019-2020,2020,West,7,Dallas,mavericks,1610612742,43,32,0.573,10-4,27-20,20-18,23-14,11.0,0.0,0.0,0.0,0.0,0.0,0.0,0.0,1,0,0,0,,0.0,,0.0,L,L,W,L,W,W,L,L,21901238.0,21901249.0,21901257.0,21901271.0,21901284.0,21901293.0,21901300.0,21901313.0,1610612745.0,1610612756.0,1610612758.0,1610612746.0,1610612749.0,1610612762.0,1610612757.0,1610612756.0,HOU vs DAL,DAL vs PHX,DAL vs SAC,LAC vs DAL,MIL vs DAL,DAL vs UTA,POR vs DAL,DAL vs PHX,0.0
2019-2020,2020,West,8,Portland,blazers,1610612757,35,39,0.473,5-8,20-27,21-15,14-24,18.5,0.0,0.0,0.0,0.0,0.0,0.0,0.0,1,0,0,0,,0.0,,0.0,W,L,W,W,L,W,W,W,21901234.0,21901245.0,21901261.0,21901272.0,21901280.0,21901289.0,21901300.0,21901309.0,1610612763.0,1610612738.0,1610612745.0,1610612743.0,1610612746.0,1610612755.0,1610612742.0,1610612751.0,MEM vs POR,POR vs BOS,HOU vs POR,POR vs DEN,LAC vs POR,PHI vs POR,POR vs DAL,POR vs BKN,1.0
2019-2020,2020,West,9,Memphis,grizzlies,1610612763,34,39,0.466,4-9,20-26,20-17,14-22,19.0,0.0,0.0,0.0,0.0,0.0,0.0,1.0,0,0,0,0,,1.0,,0.0,L,L,L,L,W,L,L,W,21901234.0,21901246.0,21901253.0,21901262.0,21901275.0,21901286.0,21901301.0,21901311.0,1610612757.0,1610612759.0,1610612740.0,1610612762.0,1610612760.0,1610612761.0,1610612738.0,1610612749.0,MEM vs POR,SAS vs MEM,MEM vs NOP,MEM vs UTA,OKC vs MEM,MEM vs TOR,BOS vs MEM,MIL vs MEM,1.0
2019-2020,2020,West,10,Phoenix,suns,1610612756,34,39,0.466,6-9,19-27,17-22,17-17,19.0,0.0,0.0,0.0,0.0,0.0,0.0,0.0,0,0,0,1,,0.0,,0.0,W,W,W,W,W,W,W,W,21901235.0,21901249.0,21901258.0,21901270.0,21901283.0,21901292.0,21901299.0,21901313.0,1610612764.0,1610612742.0,1610612746.0,1610612754.0,1610612748.0,1610612760.0,1610612755.0,1610612742.0,PHX vs WAS,DAL vs PHX,PHX vs LAC,IND vs PHX,PHX vs MIA,OKC vs PHX,PHX vs PHI,DAL vs PHX,0.0
2019-2020,2020,West,11,San Antonio,spurs,1610612759,32,39,0.451,7-6,20-23,19-15,13-24,20.0,0.0,0.0,0.0,0.0,0.0,0.0,0.0,0,0,0,1,,0.0,,0.0,W,W,L,L,W,W,W,L,21901237.0,21901246.0,21901254.0,21901264.0,21901274.0,21901287.0,21901298.0,21901314.0,1610612758.0,1610612763.0,1610612755.0,1610612743.0,1610612762.0,1610612740.0,1610612745.0,1610612762.0,SAC vs SAS,SAS vs MEM,SAS vs PHI,DEN vs SAS,UTA vs SAS,SAS vs NOP,HOU vs SAS,SAS vs UTA,0.0
2019-2020,2020,West,12,Sacramento,kings,1610612758,31,41,0.431,8-5,23-23,16-19,15-22,21.5,0.0,0.0,0.0,0.0,0.0,0.0,0.0,0,0,0,1,,0.0,,0.0,L,L,L,W,L,L,W,W,21901237.0,21901247.0,21901257.0,21901268.0,21901276.0,21901290.0,21901302.0,21901310.0,1610612759.0,1610612753.0,1610612742.0,1610612740.0,1610612751.0,1610612745.0,1610612740.0,1610612747.0,SAC vs SAS,SAC vs ORL,DAL vs SAC,NOP vs SAC,SAC vs BKN,HOU vs SAC,NOP vs SAC,SAC vs LAL,0.0
2019-2020,2020,West,13,New Orleans,pelicans,1610612740,30,42,0.417,4-9,18-30,15-21,15-21,22.5,0.0,0.0,0.0,0.0,0.0,0.0,0.0,0,0,0,1,,0.0,,0.0,L,L,W,L,W,L,L,L,21901231.0,21901241.0,21901253.0,21901268.0,21901278.0,21901287.0,21901302.0,21901312.0,1610612762.0,1610612746.0,1610612763.0,1610612758.0,1610612764.0,1610612759.0,1610612758.0,1610612753.0,UTA vs NOP,NOP vs LAC,MEM vs NOP,NOP vs SAC,WAS vs NOP,SAS vs NOP,NOP vs SAC,NOP vs ORL,0.0
2019-2020,2020,West,14,Minnesota,timberwolves,1610612750,19,45,0.297,2-10,9-30,8-24,11-21,29.5,0.0,0.0,0.0,0.0,0.0,0.0,0.0,0,0,0,1,,0.0,,1.0,,,,,,,,,,,,,,,,,,,,,,,,,,,,,,,,,0.0
2019-2020,2020,West,15,Golden State,warriors,1610612744,15,50,0.231,2-11,9-34,8-26,7-24,34.0,0.0,0.0,0.0,0.0,0.0,0.0,0.0,0,0,0,1,,0.0,,1.0,,,,,,,,,,,,,,,,,,,,,,,,,,,,,,,,,0.0
2020-2021,2021,West,1,Utah,jazz,1610612762,52,20,0.722,7-5  ,28-14,31-5 ,21-15,0.0,0.0,0.0,0.0,0.0,0.0,0.0,0.0,1,1,1,0,,,,,,,,,,,,,,,,,,,,,,,,,,,,,,,,,,,,,
2020-2021,2021,West,2,Phoenix,suns,1610612756,51,21,0.708,7-5  ,30-12,27-9 ,24-12,1.0,0.0,0.0,0.0,0.0,0.0,0.0,0.0,1,0,1,0,,,,,,,,,,,,,,,,,,,,,,,,,,,,,,,,,,,,,
2020-2021,2021,West,3,Denver,nuggets,1610612743,47,25,0.653,9-3  ,26-16,25-11,22-14,5.0,0.0,0.0,0.0,0.0,0.0,0.0,1.0,1,0,0,0,,,,,,,,,,,,,,,,,,,,,,,,,,,,,,,,,,,,,
2020-2021,2021,West,4,LA Clippers,clippers,1610612746,47,25,0.653,9-3  ,27-15,26-10,21-15,5.0,0.0,0.0,0.0,0.0,0.0,0.0,0.0,1,0,0,0,,,,,,,,,,,,,,,,,,,,,,,,,,,,,,,,,,,,,
2020-2021,2021,West,5,Dallas,mavericks,1610612742,42,30,0.583,7-5  ,21-21,21-15,21-15,10.0,0.0,0.0,0.0,0.0,0.0,0.0,1.0,1,0,1,0,,,,,,,,,,,,,,,,,,,,,,,,,,,,,,,,,,,,,
2020-2021,2021,West,6,Portland,blazers,1610612757,42,30,0.583,6-6  ,23-19,20-16,22-14,10.0,0.0,0.0,0.0,0.0,0.0,0.0,1.0,1,0,0,0,,,,,,,,,,,,,,,,,,,,,,,,,,,,,,,,,,,,,
2020-2021,2021,West,7,L.A. Lakers,lakers,1610612747,42,30,0.583,4-8  ,25-17,21-15,21-15,10.0,0.0,0.0,0.0,0.0,0.0,0.0,0.0,1,0,0,0,,,,,,,,,,,,,,,,,,,,,,,,,,,,,,,,,,,,,
2020-2021,2021,West,8,Memphis,grizzlies,1610612763,38,34,0.528,6-6  ,19-23,18-18,20-16,14.0,0.0,0.0,0.0,0.0,0.0,0.0,0.0,1,0,0,0,,,,,,,,,,,,,,,,,,,,,,,,,,,,,,,,,,,,,
2020-2021,2021,West,9,Golden State,warriors,1610612744,39,33,0.542,5-7  ,25-17,25-11,14-22,13.0,0.0,0.0,0.0,0.0,0.0,0.0,0.0,0,0,0,0,,,,,,,,,,,,,,,,,,,,,,,,,,,,,,,,,,,,,
2020-2021,2021,West,10,San Antonio,spurs,1610612759,33,39,0.458,6-6  ,17-25,14-22,19-17,19.0,0.0,0.0,0.0,0.0,0.0,0.0,0.0,0,0,0,0,,,,,,,,,,,,,,,,,,,,,,,,,,,,,,,,,,,,,
2020-2021,2021,West,11,New Orleans,pelicans,1610612740,31,41,0.431,6-6  ,18-24,18-18,13-23,21.0,0.0,0.0,0.0,0.0,0.0,0.0,1.0,0,0,0,1,,,,,,,,,,,,,,,,,,,,,,,,,,,,,,,,,,,,,
2020-2021,2021,West,12,Sacramento,kings,1610612758,31,41,0.431,5-7  ,18-24,16-20,15-21,21.0,0.0,0.0,0.0,0.0,0.0,0.0,0.0,0,0,0,1,,,,,,,,,,,,,,,,,,,,,,,,,,,,,,,,,,,,,
2020-2021,2021,West,13,Minnesota,timberwolves,1610612750,23,49,0.319,5-7  ,15-27,13-23,10-26,29.0,0.0,0.0,0.0,0.0,0.0,0.0,0.0,0,0,0,1,,,,,,,,,,,,,,,,,,,,,,,,,,,,,,,,,,,,,
2020-2021,2021,West,14,Oklahoma City,thunder,1610612760,22,50,0.306,3-9  ,12-30,10-26,12-24,30.0,0.0,0.0,0.0,0.0,0.0,0.0,0.0,0,0,0,1,,,,,,,,,,,,,,,,,,,,,,,,,,,,,,,,,,,,,
2020-2021,2021,West,15,Houston,rockets,1610612745,17,55,0.236,5-7  ,11-31,9-27 ,8-28 ,35.0,0.0,0.0,0.0,0.0,0.0,0.0,0.0,0,0,0,1,,,,,,,,,,,,,,,,,,,,,,,,,,,,,,,,,,,,,
2021-2022,2022,West,1,Phoenix,suns,1610612756,64,18,0.78,10-6,39-13,32-9,32-9,0.0,0.0,0.0,0.0,0.0,0.0,0.0,0.0,1,1,1,0,,,,,,,,,,,,,,,,,,,,,,,,,,,,,,,,,,,,,
2021-2022,2022,West,2,Memphis,grizzlies,1610612763,56,26,0.683,11-5,36-16,30-11,26-15,8.0,0.0,0.0,0.0,0.0,0.0,0.0,0.0,1,0,1,0,,,,,,,,,,,,,,,,,,,,,,,,,,,,,,,,,,,,,
2021-2022,2022,West,3,Golden State,warriors,1610612744,53,29,0.646,12-4,33-19,31-10,22-19,11.0,0.0,0.0,0.0,0.0,0.0,0.0,0.0,1,0,0,0,,,,,,,,,,,,,,,,,,,,,,,,,,,,,,,,,,,,,
2021-2022,2022,West,4,Dallas,mavericks,1610612742,52,30,0.634,14-2,36-16,29-12,23-18,12.0,0.0,0.0,0.0,0.0,0.0,0.0,0.0,1,0,0,0,,,,,,,,,,,,,,,,,,,,,,,,,,,,,,,,,,,,,
2021-2022,2022,West,5,Utah,jazz,1610612762,49,33,0.598,15-1,33-19,29-12,20-21,15.0,0.0,0.0,0.0,0.0,0.0,0.0,0.0,1,0,1,0,,,,,,,,,,,,,,,,,,,,,,,,,,,,,,,,,,,,,
2021-2022,2022,West,6,Denver,nuggets,1610612743,48,34,0.585,6-10,29-23,23-18,25-16,16.0,0.0,0.0,0.0,0.0,0.0,0.0,0.0,1,0,0,0,,,,,,,,,,,,,,,,,,,,,,,,,,,,,,,,,,,,,
2021-2022,2022,West,7,Minnesota,timberwolves,1610612750,46,36,0.561,12-4,32-20,26-15,20-21,18.0,0.0,0.0,0.0,0.0,0.0,0.0,0.0,0,0,0,0,,,,,,,,,,,,,,,,,,,,,,,,,,,,,,,,,,,,,
2021-2022,2022,West,8,LA Clippers,clippers,1610612746,42,40,0.512,9-7,26-26,25-16,17-24,22.0,0.0,0.0,0.0,0.0,0.0,0.0,0.0,0,0,0,0,,,,,,,,,,,,,,,,,,,,,,,,,,,,,,,,,,,,,
2021-2022,2022,West,9,New Orleans,pelicans,1610612740,36,46,0.439,6-10,25-27,19-22,17-24,28.0,0.0,0.0,0.0,0.0,0.0,0.0,0.0,0,0,0,0,,,,,,,,,,,,,,,,,,,,,,,,,,,,,,,,,,,,,
2021-2022,2022,West,10,San Antonio,spurs,1610612759,34,48,0.415,6-10,24-28,16-25,18-23,30.0,0.0,0.0,0.0,0.0,0.0,0.0,0.0,0,0,0,0,,,,,,,,,,,,,,,,,,,,,,,,,,,,,,,,,,,,,
2021-2022,2022,West,11,L.A. Lakers,lakers,1610612747,33,49,0.402,3-13,18-34,21-20,12-29,31.0,0.0,0.0,0.0,0.0,0.0,0.0,0.0,0,0,0,1,,,,,,,,,,,,,,,,,,,,,,,,,,,,,,,,,,,,,
2021-2022,2022,West,12,Sacramento,kings,1610612758,30,52,0.366,6-10,20-32,16-25,14-27,34.0,0.0,0.0,0.0,0.0,0.0,0.0,0.0,0,0,0,1,,,,,,,,,,,,,,,,,,,,,,,,,,,,,,,,,,,,,
2021-2022,2022,West,13,Portland,blazers,1610612757,27,55,0.329,1-15,11-41,17-24,10-31,37.0,0.0,0.0,0.0,0.0,0.0,0.0,0.0,0,0,0,1,,,,,,,,,,,,,,,,,,,,,,,,,,,,,,,,,,,,,
2021-2022,2022,West,14,Oklahoma City,thunder,1610612760,24,58,0.293,6-10,17-35,12-29,12-29,40.0,0.0,0.0,0.0,0.0,0.0,0.0,0.0,0,0,0,1,,,,,,,,,,,,,,,,,,,,,,,,,,,,,,,,,,,,,
2021-2022,2022,West,15,Houston,rockets,1610612745,20,62,0.244,3-13,11-41,11-30,9-32,44.0,0.0,0.0,0.0,0.0,0.0,0.0,0.0,0,0,0,1,,,,,,,,,,,,,,,,,,,,,,,,,,,,,,,,,,,,,
2022-2023,2023,West,1,Denver,nuggets,1610612743,53,29,0.646,10-6,34-18,34-7,19-22,0.0,0.0,0.0,0.0,0.0,0.0,0.0,0.0,1,1,1,0,,,,,,,,,,,,,,,,,,,,,,,,,,,,,,,,,,,,,
2022-2023,2023,West,2,Memphis,grizzlies,1610612763,51,31,0.622,13-3,30-22,35-6,16-25,2.0,0.0,0.0,0.0,0.0,0.0,0.0,0.0,1,0,1,0,,,,,,,,,,,,,,,,,,,,,,,,,,,,,,,,,,,,,
2022-2023,2023,West,3,Sacramento,kings,1610612758,48,34,0.585,9-7,32-20,23-18,25-16,5.0,0.0,0.0,0.0,0.0,0.0,0.0,0.0,1,0,1,0,,,,,,,,,,,,,,,,,,,,,,,,,,,,,,,,,,,,,
2022-2023,2023,West,4,Phoenix,suns,1610612756,45,37,0.549,9-7,30-22,28-13,17-24,8.0,0.0,0.0,0.0,0.0,0.0,0.0,0.0,1,0,0,0,,,,,,,,,,,,,,,,,,,,,,,,,,,,,,,,,,,,,
2022-2023,2023,West,5,LA Clippers,clippers,1610612746,44,38,0.537,9-7,27-25,23-18,21-20,9.0,0.0,0.0,0.0,0.0,0.0,0.0,3.0,1,0,0,0,,,,,,,,,,,,,,,,,,,,,,,,,,,,,,,,,,,,,
2022-2023,2023,West,6,Golden State,warriors,1610612744,44,38,0.537,7-9,30-22,33-8,11-30,9.0,0.0,0.0,0.0,0.0,0.0,0.0,0.0,1,0,0,0,,,,,,,,,,,,,,,,,,,,,,,,,,,,,,,,,,,,,
2022-2023,2023,West,7,L.A. Lakers,lakers,1610612747,43,39,0.524,6-10,27-25,23-18,20-21,10.0,0.0,0.0,0.0,0.0,0.0,0.0,0.0,0,0,0,0,,,,,,,,,,,,,,,,,,,,,,,,,,,,,,,,,,,,,
2022-2023,2023,West,8,Minnesota,timberwolves,1610612750,42,40,0.512,8-8,29-23,22-19,20-21,11.0,0.0,0.0,0.0,0.0,0.0,0.0,1.0,0,0,0,0,,,,,,,,,,,,,,,,,,,,,,,,,,,,,,,,,,,,,
2022-2023,2023,West,9,New Orleans,pelicans,1610612740,42,40,0.512,11-5,29-23,27-14,15-26,11.0,0.0,0.0,0.0,0.0,0.0,0.0,0.0,0,0,0,0,,,,,,,,,,,,,,,,,,,,,,,,,,,,,,,,,,,,,
2022-2023,2023,West,10,Oklahoma City,thunder,1610612760,40,42,0.488,9-7,25-27,24-17,16-25,13.0,0.0,0.0,0.0,0.0,0.0,0.0,0.0,0,0,0,0,,,,,,,,,,,,,,,,,,,,,,,,,,,,,,,,,,,,,
2022-2023,2023,West,11,Dallas,mavericks,1610612742,38,44,0.463,9-7,28-24,23-18,15-26,15.0,0.0,0.0,0.0,0.0,0.0,0.0,0.0,0,0,0,1,,,,,,,,,,,,,,,,,,,,,,,,,,,,,,,,,,,,,
2022-2023,2023,West,12,Utah,jazz,1610612762,37,45,0.451,6-10,24-28,23-18,14-27,16.0,0.0,0.0,0.0,0.0,0.0,0.0,0.0,0,0,0,1,,,,,,,,,,,,,,,,,,,,,,,,,,,,,,,,,,,,,
2022-2023,2023,West,13,Portland,blazers,1610612757,33,49,0.402,7-9,23-29,17-24,16-25,20.0,0.0,0.0,0.0,0.0,0.0,0.0,0.0,0,0,0,1,,,,,,,,,,,,,,,,,,,,,,,,,,,,,,,,,,,,,
2022-2023,2023,West,14,Houston,rockets,1610612745,22,60,0.268,4-12,12-40,14-27,8-33,31.0,0.0,0.0,0.0,0.0,0.0,0.0,3.0,0,0,0,1,,,,,,,,,,,,,,,,,,,,,,,,,,,,,,,,,,,,,
2022-2023,2023,West,15,San Antonio,spurs,1610612759,22,60,0.268,3-13,10-42,14-27,8-33,31.0,0.0,0.0,0.0,0.0,0.0,0.0,0.0,0,0,0,1,,,,,,,,,,,,,,,,,,,,,,,,,,,,,,,,,,,,,
2023-2024,2024,West,1,Oklahoma City,thunder,1610612760,57,25,0.695,12-4 ,36-16,33-8 ,24-17,0.0,0.0,0.0,0.0,0.0,0.0,0.0,1.0,1,1,1,0,,,,,,,,,,,,,,,,,,,,,,,,,,,,,,,,,,,,,
2023-2024,2024,West,2,Denver,nuggets,1610612743,57,25,0.695,10-6 ,33-19,33-8 ,24-17,0.0,0.0,0.0,0.0,0.0,0.0,0.0,0.0,1,0,0,0,,,,,,,,,,,,,,,,,,,,,,,,,,,,,,,,,,,,,
2023-2024,2024,West,3,Minnesota,timberwolves,1610612750,56,26,0.683,12-4 ,37-15,30-11,26-15,1.0,0.0,0.0,0.0,0.0,0.0,0.0,0.0,1,0,0,0,,,,,,,,,,,,,,,,,,,,,,,,,,,,,,,,,,,,,
2023-2024,2024,West,4,LA Clippers,clippers,1610612746,51,31,0.622,9-7  ,30-22,25-16,26-15,6.0,0.0,0.0,0.0,0.0,0.0,0.0,0.0,1,0,1,0,,,,,,,,,,,,,,,,,,,,,,,,,,,,,,,,,,,,,
2023-2024,2024,West,5,Dallas,mavericks,1610612742,50,32,0.61,11-5 ,31-21,25-16,25-16,7.0,0.0,0.0,0.0,0.0,0.0,0.0,0.0,1,0,1,0,,,,,,,,,,,,,,,,,,,,,,,,,,,,,,,,,,,,,
2023-2024,2024,West,6,Phoenix,suns,1610612756,49,33,0.598,9-9  ,29-23,25-16,24-17,8.0,0.0,0.0,0.0,0.0,0.0,0.0,1.0,1,0,0,0,,,,,,,,,,,,,,,,,,,,,,,,,,,,,,,,,,,,,
2023-2024,2024,West,7,New Orleans,pelicans,1610612740,49,33,0.598,9-7  ,30-22,21-19,28-14,8.0,0.0,0.0,0.0,0.0,0.0,0.0,0.0,0,0,0,0,,,,,,,,,,,,,,,,,,,,,,,,,,,,,,,,,,,,,
2023-2024,2024,West,8,L.A. Lakers,lakers,1610612747,47,35,0.573,7-10 ,27-25,28-14,19-21,10.0,0.0,0.0,0.0,0.0,0.0,0.0,0.0,0,0,0,0,,,,,,,,,,,,,,,,,,,,,,,,,,,,,,,,,,,,,
2023-2024,2024,West,9,Sacramento,kings,1610612758,46,36,0.561,10-7 ,30-22,24-17,22-19,11.0,0.0,0.0,0.0,0.0,0.0,0.0,3.0,0,0,0,0,,,,,,,,,,,,,,,,,,,,,,,,,,,,,,,,,,,,,
2023-2024,2024,West,10,Golden State,warriors,1610612744,46,36,0.561,7-9  ,26-26,21-20,25-16,11.0,0.0,0.0,0.0,0.0,0.0,0.0,0.0,0,0,0,0,,,,,,,,,,,,,,,,,,,,,,,,,,,,,,,,,,,,,
2023-2024,2024,West,11,Houston,rockets,1610612745,41,41,0.5,9-7  ,28-24,27-14,14-27,16.0,0.0,0.0,0.0,0.0,0.0,0.0,0.0,0,0,0,1,,,,,,,,,,,,,,,,,,,,,,,,,,,,,,,,,,,,,
2023-2024,2024,West,12,Utah,jazz,1610612762,31,51,0.378,5-11 ,16-36,21-20,10-31,26.0,0.0,0.0,0.0,0.0,0.0,0.0,0.0,0,0,0,1,,,,,,,,,,,,,,,,,,,,,,,,,,,,,,,,,,,,,
2023-2024,2024,West,13,Memphis,grizzlies,1610612763,27,55,0.329,8-8  ,14-37,9-32 ,18-23,30.0,0.0,0.0,0.0,0.0,0.0,0.0,0.0,0,0,0,1,,,,,,,,,,,,,,,,,,,,,,,,,,,,,,,,,,,,,
2023-2024,2024,West,14,San Antonio,spurs,1610612759,22,60,0.268,3-13 ,14-37,12-29,10-31,35.0,0.0,0.0,0.0,0.0,0.0,0.0,0.0,0,0,0,1,,,,,,,,,,,,,,,,,,,,,,,,,,,,,,,,,,,,,
2023-2024,2024,West,15,Portland,blazers,1610612757,21,61,0.256,1-15 ,8-44 ,11-30,10-31,36.0,0.0,0.0,0.0,0.0,0.0,0.0,0.0,0,0,0,1,,,,,,,,,,,,,,,,,,,,,,,,,,,,,,,,,,,,,
2024-2025,2025,West,1,Oklahoma City,thunder,1610612760,68,14,0.829,12-4 ,39-13,35-6 ,32-8 ,0.0,0.0,0.0,0.0,0.0,0.0,0.0,0.0,1,1,1,0,,,,,,,,,,,,,,,,,,,,,,,,,,,,,,,,,,,,,
2024-2025,2025,West,2,Houston,rockets,1610612745,52,30,0.634,13-3 ,31-21,29-12,23-17,16.0,0.0,0.0,0.0,0.0,0.0,0.0,0.0,1,0,1,0,,,,,,,,,,,,,,,,,,,,,,,,,,,,,,,,,,,,,
2024-2025,2025,West,3,L.A. Lakers,lakers,1610612747,50,32,0.61,12-4 ,36-16,31-10,19-22,18.0,0.0,0.0,0.0,0.0,0.0,0.0,0.0,1,0,1,0,,,,,,,,,,,,,,,,,,,,,,,,,,,,,,,,,,,,,
2024-2025,2025,West,4,Denver,nuggets,1610612743,50,32,0.61,8-8  ,32-20,26-15,24-17,18.0,0.0,0.0,0.0,0.0,0.0,0.0,4.0,1,0,0,0,,,,,,,,,,,,,,,,,,,,,,,,,,,,,,,,,,,,,
2024-2025,2025,West,5,LA Clippers,clippers,1610612746,50,32,0.61,9-7  ,29-23,30-11,20-21,18.0,0.0,0.0,0.0,0.0,0.0,0.0,0.0,1,0,0,0,,,,,,,,,,,,,,,,,,,,,,,,,,,,,,,,,,,,,
2024-2025,2025,West,6,Minnesota,timberwolves,1610612750,49,33,0.598,11-5 ,33-19,25-16,24-17,19.0,0.0,0.0,0.0,0.0,0.0,0.0,0.0,1,0,0,0,,,,,,,,,,,,,,,,,,,,,,,,,,,,,,,,,,,,,
2024-2025,2025,West,7,Golden State,warriors,1610612744,48,34,0.585,5-11 ,29-23,24-17,24-17,20.0,0.0,0.0,0.0,0.0,0.0,0.0,1.0,0,0,0,0,,,,,,,,,,,,,,,,,,,,,,,,,,,,,,,,,,,,,
2024-2025,2025,West,8,Memphis,grizzlies,1610612763,48,34,0.585,11-5 ,27-24,26-15,22-19,20.0,0.0,0.0,0.0,0.0,0.0,0.0,0.0,0,0,0,0,,,,,,,,,,,,,,,,,,,,,,,,,,,,,,,,,,,,,
2024-2025,2025,West,9,Sacramento,kings,1610612758,40,42,0.488,5-11 ,26-26,20-21,20-21,28.0,0.0,0.0,0.0,0.0,0.0,0.0,0.0,0,0,0,0,,,,,,,,,,,,,,,,,,,,,,,,,,,,,,,,,,,,,
2024-2025,2025,West,10,Dallas,mavericks,1610612742,39,43,0.476,8-8  ,23-29,22-18,17-25,29.0,0.0,0.0,0.0,0.0,0.0,0.0,0.0,0,0,0,0,,,,,,,,,,,,,,,,,,,,,,,,,,,,,,,,,,,,,
2024-2025,2025,West,11,Phoenix,suns,1610612756,36,46,0.439,9-7  ,22-30,24-17,12-29,32.0,0.0,0.0,0.0,0.0,0.0,0.0,4.0,0,0,0,1,,,,,,,,,,,,,,,,,,,,,,,,,,,,,,,,,,,,,
2024-2025,2025,West,12,Portland,blazers,1610612757,36,46,0.439,6-10 ,19-33,22-19,14-27,32.0,0.0,0.0,0.0,0.0,0.0,0.0,0.0,0,0,0,1,,,,,,,,,,,,,,,,,,,,,,,,,,,,,,,,,,,,,
2024-2025,2025,West,13,San Antonio,spurs,1610612759,34,48,0.415,5-11 ,22-30,20-20,13-27,34.0,0.0,0.0,0.0,0.0,0.0,0.0,0.0,0,0,0,1,,,,,,,,,,,,,,,,,,,,,,,,,,,,,,,,,,,,,
2024-2025,2025,West,14,New Orleans,pelicans,1610612740,21,61,0.256,3-13 ,13-38,14-27,7-34 ,47.0,0.0,0.0,0.0,0.0,0.0,0.0,0.0,0,0,0,1,,,,,,,,,,,,,,,,,,,,,,,,,,,,,,,,,,,,,
2024-2025,2025,West,15,Utah,jazz,1610612762,17,65,0.207,3-13 ,8-44 ,10-31,7-34 ,51.0,0.0,0.0,0.0,0.0,0.0,0.0,0.0,0,0,0,1,,,,,,,,,,,,,,,,,,,,,,,,,,,,,,,,,,,,,
