gameId,gameCode,gameStatusText,dateParis,heureParis,homeTeamId,homeTeamTricode,homeTeamScore,awayTeamId,awayTeamTricode,awayTeamScore,seriesGameNumber,gameLabel,poRoundDesc,ifNecessary
0015000001,,,2000-09-14,18:00,0,,0,0,,0,,,,False
0015000002,,,2000-09-14,18:00,0,,0,0,,0,,,,False
0015000003,,,2000-09-14,18:00,0,,0,0,,0,,,,False
0015000004,,,2000-09-14,18:00,0,,0,0,,0,,,,False
0015000005,,,2000-09-14,18:00,0,,0,0,,0,,,,False
0015000006,,,2000-09-14,18:00,0,,0,0,,0,,,,False
0010000001,20001009/VANSEA,8:00am ET,2000-10-09,14:00,1610612760,SEA,0,1610612763,VAN,0,,,,False
0010000002,20001010/ATLORL,,2000-10-11,01:30,1610612753,ORL,0,1610612737,ATL,0,,,,False
0010000003,20001010/CHINYK,,2000-10-11,01:30,1610612752,NYK,0,1610612741,CHI,0,,,,False
0010000004,20001010/CLEDET,,2000-10-11,01:30,1610612765,DET,0,1610612739,CLE,0,,,,False
0010000005,20001010/HOUDAL,,2000-10-11,02:00,1610612742,DAL,0,1610612745,HOU,0,,,,False
0010000006,20001010/GSWVAN,,2000-10-11,04:00,1610612763,VAN,0,1610612744,GSW,0,,,,False
0010000007,20001010/MINTOR,,2000-10-11,01:00,1610612761,TOR,0,1610612750,MIN,0,,,,False
0010000008,20001010/SASPHI,,2000-10-11,01:00,1610612755,PHI,0,1610612759,SAS,0,,,,False
0010000009,20001011/MILBOS,,2000-10-12,01:00,1610612738,BOS,0,1610612749,MIL,0,,,,False
0010000010,20001011/CHHLAL,,2000-10-12,02:30,1610612747,LAL,0,1610612766,CHH,0,,,,False
0010000011,20001011/DENCHI,,2000-10-12,02:30,1610612741,CHI,0,1610612743,DEN,0,,,,False
0010000012,20001011/MININD,,2000-10-12,02:00,1610612754,IND,0,1610612750,MIN,0,,,,False
0010000013,20001011/LACPHX,,2000-10-12,04:30,1610612756,PHX,0,1610612746,LAC,0,,,,False
0010000014,20001011/MIANJN,,2000-10-12,01:30,1610612751,NJN,0,1610612748,MIA,0,,,,False
0010000015,20001011/UTASAC,,2000-10-12,04:30,1610612758,SAC,0,1610612762,UTA,0,,,,False
0010000016,20001012/SASBOS,,2000-10-13,01:00,1610612738,BOS,0,1610612759,SAS,0,,,,False
0010000017,20001012/CHHHOU,,2000-10-13,02:30,1610612745,HOU,0,1610612766,CHH,0,,,,False
0010000018,20001012/LACPOR,,2000-10-13,04:30,1610612757,POR,0,1610612746,LAC,0,,,,False
0010000019,20001012/WASLAL,,2000-10-13,02:30,1610612747,LAL,0,1610612764,WAS,0,,,,False
0010000020,20001012/PHINYK,,2000-10-13,01:30,1610612752,NYK,0,1610612755,PHI,0,,,,False
0010000021,20001012/VANTOR,,2000-10-13,02:00,1610612761,TOR,0,1610612763,VAN,0,,,,False
0010000024,20001012/DENIND,,2000-10-13,02:00,1610612754,IND,0,1610612743,DEN,0,,,,False
0010000022,20001013/MIAATL,,2000-10-14,01:30,1610612737,ATL,0,1610612748,MIA,0,,,,False
0010000023,20001013/DALPHX,,2000-10-14,04:30,1610612756,PHX,0,1610612742,DAL,0,,,,False
0010000025,20001013/MILMIN,,2000-10-14,02:30,1610612750,MIN,0,1610612749,MIL,0,,,,False
0010000026,20001013/DETORL,,2000-10-14,01:30,1610612753,ORL,0,1610612765,DET,0,,,,False
0010000027,20001013/PORGSW,,2000-10-14,04:30,1610612744,GSW,0,1610612757,POR,0,,,,False
0010000028,20001013/UTASEA,,2000-10-14,04:00,1610612760,SEA,0,1610612762,UTA,0,,,,False
0010000029,20001014/ATLCHH,,2000-10-15,01:30,1610612766,CHH,0,1610612737,ATL,0,,,,False
0010000030,20001014/DENCHI,,2000-10-15,02:00,1610612741,CHI,0,1610612743,DEN,0,,,,False
0010000031,20001014/TORCLE,,2000-10-15,01:30,1610612739,CLE,0,1610612761,TOR,0,,,,False
0010000032,20001014/DETORL,,2000-10-15,01:30,1610612753,ORL,0,1610612765,DET,0,,,,False
0010000033,20001014/HOUSAS,,2000-10-15,02:30,1610612759,SAS,0,1610612745,HOU,0,,,,False
0010000034,20001014/VANLAC,,2000-10-15,04:30,1610612746,LAC,0,1610612763,VAN,0,,,,False
0010000035,20001014/NJNMIA,,2000-10-15,01:30,1610612748,MIA,0,1610612751,NJN,0,,,,False
0010000036,20001014/SACMIL,,2000-10-15,02:30,1610612749,MIL,0,1610612758,SAC,0,,,,False
0010000037,20001014/WASPHI,,2000-10-15,01:30,1610612755,PHI,0,1610612764,WAS,0,,,,False
0010000038,20001015/SASDAL,,2000-10-16,01:00,1610612742,DAL,0,1610612759,SAS,0,,,,False
0010000039,20001015/GSWPOR,,2000-10-16,04:30,1610612757,POR,0,1610612744,GSW,0,,,,False
0010000040,20001015/SACIND,,2000-10-16,02:00,1610612754,IND,0,1610612758,SAC,0,,,,False
0010000041,20001015/VANPHX,,2000-10-16,02:30,1610612756,PHX,0,1610612763,VAN,0,,,,False
0010000042,20001016/ATLBOS,,2000-10-17,01:00,1610612738,BOS,0,1610612737,ATL,0,,,,False
0010000044,20001016/WASNYK,,2000-10-17,01:30,1610612752,NYK,0,1610612764,WAS,0,,,,False
0010000045,20001016/TORPHI,,2000-10-17,01:30,1610612755,PHI,0,1610612761,TOR,0,,,,False
0010000043,20001017/DENMIL,,2000-10-18,01:00,1610612749,MIL,0,1610612743,DEN,0,,,,False
0010000046,20001017/WASCHI,,2000-10-18,02:30,1610612741,CHI,0,1610612764,WAS,0,,,,False
0010000047,20001017/CLEUTA,,2000-10-18,03:00,1610612762,UTA,0,1610612739,CLE,0,,,,False
0010000048,20001017/DALDET,,2000-10-18,01:30,1610612765,DET,0,1610612742,DAL,0,,,,False
0010000049,20001017/SEAHOU,,2000-10-18,02:30,1610612745,HOU,0,1610612760,SEA,0,,,,False
0010000050,20001017/INDMIN,,2000-10-18,01:00,1610612750,MIN,0,1610612754,IND,0,,,,False
0010000051,20001017/PHXLAL,,2000-10-18,04:30,1610612747,LAL,0,1610612756,PHX,0,,,,False
0010000052,20001017/NJNORL,,2000-10-18,01:30,1610612753,ORL,0,1610612751,NJN,0,,,,False
0010000053,20001017/PORLAC,,2000-10-18,04:30,1610612746,LAC,0,1610612757,POR,0,,,,False
0010000054,20001018/ORLATL,,2000-10-19,01:30,1610612737,ATL,0,1610612753,ORL,0,,,,False
0010000055,20001018/NJNCHH,,2000-10-19,01:00,1610612766,CHH,0,1610612751,NJN,0,,,,False
0010000056,20001018/DALTOR,,2000-10-19,01:00,1610612761,TOR,0,1610612742,DAL,0,,,,False
0010000057,20001018/MILNYK,,2000-10-19,01:30,1610612752,NYK,0,1610612749,MIL,0,,,,False
0010000058,20001019/ATLCHI,,2000-10-20,02:30,1610612741,CHI,0,1610612737,ATL,0,,,,False
0010000059,20001019/LACDEN,,2000-10-20,03:00,1610612743,DEN,0,1610612746,LAC,0,,,,False
0010000060,20001019/UTADET,,2000-10-20,01:30,1610612765,DET,0,1610612762,UTA,0,,,,False
0010000061,20001019/PORHOU,,2000-10-20,02:30,1610612745,HOU,0,1610612757,POR,0,,,,False
0010000062,20001019/MIASAS,,2000-10-20,02:30,1610612759,SAS,0,1610612748,MIA,0,,,,False
0010000063,20001019/SEAGSW,,2000-10-20,02:00,1610612744,GSW,0,1610612760,SEA,0,,,,False
0010000064,20001019/CLELAL,,2000-10-20,05:00,1610612747,LAL,0,1610612739,CLE,0,,,,False
0010000065,20001020/BOSCHI,,2000-10-21,02:30,1610612741,CHI,0,1610612738,BOS,0,,,,False
0010000066,20001020/MIADAL,,2000-10-21,01:30,1610612742,DAL,0,1610612748,MIA,0,,,,False
0010000067,20001020/LACIND,,2000-10-21,02:00,1610612754,IND,0,1610612746,LAC,0,,,,False
0010000068,20001020/PHXMIN,,2000-10-21,02:30,1610612750,MIN,0,1610612756,PHX,0,,,,False
0010000069,20001020/UTANYK,,2000-10-21,01:30,1610612752,NYK,0,1610612762,UTA,0,,,,False
0010000070,20001020/PHIWAS,,2000-10-21,01:00,1610612764,WAS,0,1610612755,PHI,0,,,,False
0010000071,20001020/VANSAC,,2000-10-21,03:00,1610612758,SAC,0,1610612763,VAN,0,,,,False
0010000072,20001020/CLEGSW,,2000-10-21,02:00,1610612744,GSW,0,1610612739,CLE,0,,,,False
0010000073,20001020/SEALAL,,2000-10-21,05:00,1610612747,LAL,0,1610612760,SEA,0,,,,False
0010000074,20001021/ATLMIL,,2000-10-22,02:30,1610612749,MIL,0,1610612737,ATL,0,,,,False
0010000075,20001021/BOSWAS,,2000-10-22,01:00,1610612764,WAS,0,1610612738,BOS,0,,,,False
0010000076,20001021/CHHTOR,,2000-10-22,01:00,1610612761,TOR,0,1610612766,CHH,0,,,,False
0010000077,20001021/PORDEN,,2000-10-22,03:00,1610612743,DEN,0,1610612757,POR,0,,,,False
0010000078,20001021/SASHOU,,2000-10-22,02:30,1610612745,HOU,0,1610612759,SAS,0,,,,False
0010000079,20001022/PHXDET,,2000-10-23,01:00,1610612765,DET,0,1610612756,PHX,0,,,,False
0010000080,20001022/GSWLAL,,2000-10-23,03:00,1610612747,LAL,0,1610612744,GSW,0,,,,False
0010000081,20001022/LACIND,,2000-10-22,22:00,1610612754,IND,0,1610612746,LAC,0,,,,False
0010000082,20001022/MINMIL,,2000-10-23,02:00,1610612749,MIL,0,1610612750,MIN,0,,,,False
0010000083,20001022/UTAPHI,,2000-10-23,00:30,1610612755,PHI,0,1610612762,UTA,0,,,,False
0010000084,20001022/SEASAC,,2000-10-23,03:00,1610612758,SAC,0,1610612760,SEA,0,,,,False
0010000085,20001023/BOSORL,,2000-10-24,01:30,1610612753,ORL,0,1610612738,BOS,0,,,,False
0010000086,20001023/INDTOR,,2000-10-24,01:00,1610612761,TOR,0,1610612754,IND,0,,,,False
0010000087,20001023/SACLAL,,2000-10-24,04:30,1610612747,LAL,0,1610612758,SAC,0,,,,False
0010000088,20001024/BOSATL,,2000-10-25,01:30,1610612737,ATL,0,1610612738,BOS,0,,,,False
0010000089,20001024/MINCHH,,2000-10-25,01:30,1610612766,CHH,0,1610612750,MIN,0,,,,False
0010000090,20001024/DALDEN,,2000-10-25,03:00,1610612743,DEN,0,1610612742,DAL,0,,,,False
0010000091,20001024/HOUDET,,2000-10-25,01:30,1610612765,DET,0,1610612745,HOU,0,,,,False
0010000092,20001024/ORLMIA,,2000-10-25,01:30,1610612748,MIA,0,1610612753,ORL,0,,,,False
0010000093,20001024/NYKNJN,,2000-10-25,01:30,1610612751,NJN,0,1610612752,NYK,0,,,,False
0010000094,20001024/PHIUTA,,2000-10-25,03:00,1610612762,UTA,0,1610612755,PHI,0,,,,False
0010000095,20001024/PHXVAN,,2000-10-25,04:00,1610612763,VAN,0,1610612756,PHX,0,,,,False
0010000096,20001025/TORCHH,,2000-10-26,01:00,1610612766,CHH,0,1610612761,TOR,0,,,,False
0010000097,20001025/MILCHI,,2000-10-26,02:30,1610612741,CHI,0,1610612749,MIL,0,,,,False
0010000098,20001025/VANGSW,,2000-10-26,04:00,1610612744,GSW,0,1610612763,VAN,0,,,,False
0010000099,20001025/WASNYK,,2000-10-26,01:30,1610612752,NYK,0,1610612764,WAS,0,,,,False
0010000100,20001025/PHISAS,,2000-10-26,02:30,1610612759,SAS,0,1610612755,PHI,0,,,,False
0010000101,20001025/SACSEA,,2000-10-26,04:00,1610612760,SEA,0,1610612758,SAC,0,,,,False
0010000102,20001026/UTADAL,,2000-10-27,02:00,1610612742,DAL,0,1610612762,UTA,0,,,,False
0010000103,20001026/DENPOR,,2000-10-27,04:30,1610612757,POR,0,1610612743,DEN,0,,,,False
0010000104,20001026/DETMIN,,2000-10-27,02:00,1610612750,MIN,0,1610612765,DET,0,,,,False
0010000105,20001026/INDCHI,,2000-10-27,02:30,1610612741,CHI,0,1610612754,IND,0,,,,False
0010000106,20001026/LALPHX,,2000-10-27,04:30,1610612756,PHX,0,1610612747,LAL,0,,,,False
0010000107,20001027/ORLBOS,,2000-10-28,01:30,1610612738,BOS,0,1610612753,ORL,0,,,,False
0010000108,20001027/CLENJN,,2000-10-28,01:30,1610612751,NJN,0,1610612739,CLE,0,,,,False
0010000109,20001027/SEALAC,,2000-10-28,04:30,1610612746,LAC,0,1610612760,SEA,0,,,,False
0010000110,20001027/NYKSAS,,2000-10-28,02:30,1610612759,SAS,0,1610612752,NYK,0,,,,False
0010000111,20001027/PORSAC,,2000-10-28,04:30,1610612758,SAC,0,1610612757,POR,0,,,,False
0020000002,20001031/CLENJN,Final,2000-11-01,01:30,1610612751,NJN,82,1610612739,CLE,86,,,,False
0020000003,20001031/WASORL,Final,2000-11-01,01:30,1610612753,ORL,97,1610612764,WAS,86,,,,False
0020000004,20001031/CHHATL,Final,2000-11-01,01:30,1610612737,ATL,82,1610612766,CHH,106,,,,False
0020000001,20001031/PHINYK,Final,2000-11-01,02:00,1610612752,NYK,72,1610612755,PHI,101,,,,False
0020000005,20001031/DETTOR,Final,2000-11-01,02:00,1610612761,TOR,95,1610612765,DET,104,,,,False
0020000007,20001031/MILDAL,Final,2000-11-01,02:00,1610612742,DAL,97,1610612749,MIL,93,,,,False
0020000006,20001031/SACCHI,Final,2000-11-01,02:30,1610612741,CHI,81,1610612758,SAC,100,,,,False
0020000008,20001031/MINHOU,Final,2000-11-01,02:30,1610612745,HOU,98,1610612750,MIN,106,,,,False
0020000009,20001031/INDSAS,Final,2000-11-01,02:30,1610612759,SAS,98,1610612754,IND,85,,,,False
0020000010,20001031/LACUTA,Final,2000-11-01,03:00,1610612762,UTA,107,1610612746,LAC,94,,,,False
0020000011,20001031/PHXGSW,Final,2000-11-01,04:30,1610612744,GSW,96,1610612756,PHX,94,,,,False
0020000012,20001031/LALPOR,Final,2000-11-01,04:30,1610612757,POR,86,1610612747,LAL,96,,,,False
0020000013,20001031/SEAVAN,Final,2000-11-01,04:30,1610612763,VAN,94,1610612760,SEA,88,,,,False
0020000014,20001101/DETBOS,Final,2000-11-02,01:00,1610612738,BOS,103,1610612765,DET,83,,,,False
0020000015,20001101/TORPHI,Final,2000-11-02,01:00,1610612755,PHI,104,1610612761,TOR,98,,,,False
0020000016,20001101/ORLMIA,Final,2000-11-02,02:00,1610612748,MIA,105,1610612753,ORL,79,,,,False
0020000017,20001101/WASCHH,Final,2000-11-02,01:30,1610612766,CHH,77,1610612764,WAS,95,,,,False
0020000018,20001101/SACCLE,Final/OT2,2000-11-02,01:30,1610612739,CLE,102,1610612758,SAC,100,,,,False
0020000019,20001101/UTALAL,Final,2000-11-02,04:30,1610612747,LAL,92,1610612762,UTA,97,,,,False
0020000020,20001101/DENSEA,Final,2000-11-02,04:00,1610612760,SEA,112,1610612743,DEN,99,,,,False
0020000021,20001102/ATLNYK,Final,2000-11-03,01:30,1610612752,NYK,94,1610612737,ATL,69,,,,False
0020000022,20001102/INDDAL,Final,2000-11-03,02:00,1610612742,DAL,94,1610612754,IND,88,,,,False
0020000023,20001102/MILHOU,Final,2000-11-03,02:30,1610612745,HOU,115,1610612749,MIL,93,,,,False
0020000024,20001102/MINSAS,Final,2000-11-03,02:00,1610612759,SAS,103,1610612750,MIN,91,,,,False
0020000025,20001102/GSWDEN,Final,2000-11-03,03:00,1610612743,DEN,101,1610612744,GSW,97,,,,False
0020000026,20001102/PORPHX,Final,2000-11-03,03:00,1610612756,PHX,108,1610612757,POR,82,,,,False
0020000027,20001102/VANLAC,Final,2000-11-03,04:30,1610612746,LAC,91,1610612763,VAN,99,,,,False
0020000028,20001103/TORBOS,Final,2000-11-04,01:30,1610612738,BOS,93,1610612761,TOR,91,,,,False
0020000029,20001103/NYKWAS,Final,2000-11-04,01:00,1610612764,WAS,76,1610612752,NYK,80,,,,False
0020000030,20001103/PHIORL,Final,2000-11-04,01:30,1610612753,ORL,80,1610612755,PHI,87,,,,False
0020000031,20001103/MIACHH,Final,2000-11-04,01:30,1610612766,CHH,83,1610612748,MIA,79,,,,False
0020000032,20001103/SACDET,Final,2000-11-04,02:00,1610612765,DET,93,1610612758,SAC,100,,,,False
0020000033,20001103/NJNCHI,Final,2000-11-04,02:30,1610612741,CHI,82,1610612751,NJN,92,,,,False
0020000034,20001104/CHHNJN,Final,2000-11-05,02:00,1610612751,NJN,87,1610612766,CHH,98,,,,False
0020000035,20001104/PHIMIA,Final,2000-11-05,01:30,1610612748,MIA,82,1610612755,PHI,84,,,,False
0020000036,20001104/ORLATL,Final,2000-11-05,01:30,1610612737,ATL,104,1610612753,ORL,107,,,,False
0020000037,20001104/WASTOR,Final,2000-11-05,01:00,1610612761,TOR,103,1610612764,WAS,96,,,,False
0020000038,20001104/BOSCLE,Final,2000-11-05,01:30,1610612739,CLE,91,1610612738,BOS,89,,,,False
0020000039,20001104/CHIIND,Final,2000-11-05,01:00,1610612754,IND,94,1610612741,CHI,81,,,,False
0020000040,20001104/DETMIL,Final,2000-11-05,02:30,1610612749,MIL,97,1610612765,DET,88,,,,False
0020000041,20001104/SACMIN,Final,2000-11-05,02:00,1610612750,MIN,99,1610612758,SAC,91,,,,False
0020000042,20001104/UTADAL,Final,2000-11-05,02:00,1610612742,DAL,106,1610612762,UTA,112,,,,False
0020000043,20001104/PHXDEN,Final,2000-11-05,03:00,1610612743,DEN,99,1610612756,PHX,102,,,,False
0020000044,20001104/HOULAC,Final,2000-11-05,04:30,1610612746,LAC,77,1610612745,HOU,74,,,,False
0020000045,20001104/SASGSW,Final,2000-11-05,04:30,1610612744,GSW,105,1610612759,SAS,117,,,,False
0020000046,20001104/PORSEA,Final,2000-11-05,04:00,1610612760,SEA,90,1610612757,POR,97,,,,False
0020000047,20001104/LALVAN,Final,2000-11-04,21:30,1610612763,VAN,89,1610612747,LAL,98,,,,False
0020000048,20001105/HOUPHX,Final,2000-11-06,02:00,1610612756,PHX,104,1610612745,HOU,99,,,,False
0020000049,20001105/LACLAL,Final,2000-11-06,03:30,1610612747,LAL,108,1610612746,LAC,103,,,,False
0020000050,20001106/SEAORL,Final,2000-11-07,01:30,1610612753,ORL,110,1610612760,SEA,99,,,,False
0020000051,20001106/DALDEN,Final,2000-11-07,03:00,1610612743,DEN,96,1610612742,DAL,108,,,,False
0020000052,20001106/MINUTA,Final,2000-11-07,03:00,1610612762,UTA,98,1610612750,MIN,92,,,,False
0020000053,20001106/PORSAC,Final,2000-11-07,04:30,1610612758,SAC,79,1610612757,POR,75,,,,False
0020000054,20001106/ATLVAN,Final,2000-11-07,04:00,1610612763,VAN,97,1610612737,ATL,87,,,,False
0020000055,20001107/BOSTOR,Final,2000-11-08,01:00,1610612761,TOR,105,1610612738,BOS,75,,,,False
0020000056,20001107/WASCHI,Final,2000-11-08,02:30,1610612741,CHI,83,1610612764,WAS,88,,,,False
0020000057,20001107/NYKMIL,Final,2000-11-08,02:00,1610612749,MIL,89,1610612752,NYK,103,,,,False
0020000058,20001107/LALHOU,Final,2000-11-08,02:30,1610612745,HOU,84,1610612747,LAL,74,,,,False
0020000059,20001107/SASPHX,Final,2000-11-08,03:00,1610612756,PHX,100,1610612759,SAS,81,,,,False
0020000060,20001107/ATLPOR,Final,2000-11-08,04:00,1610612757,POR,97,1610612737,ATL,88,,,,False
0020000061,20001108/CLENYK,Final,2000-11-09,01:30,1610612752,NYK,97,1610612739,CLE,99,,,,False
0020000062,20001108/DETPHI,Final,2000-11-09,01:00,1610612755,PHI,103,1610612765,DET,94,,,,False
0020000063,20001108/NJNWAS,Final,2000-11-09,01:00,1610612764,WAS,86,1610612751,NJN,102,,,,False
0020000064,20001108/CHHORL,Final,2000-11-09,01:30,1610612753,ORL,90,1610612766,CHH,96,,,,False
0020000065,20001108/SEAMIA,Final,2000-11-09,01:30,1610612748,MIA,87,1610612760,SEA,81,,,,False
0020000066,20001108/MILIND,Final,2000-11-09,01:00,1610612754,IND,108,1610612749,MIL,97,,,,False
0020000067,20001108/VANDAL,Final,2000-11-09,02:00,1610612742,DAL,74,1610612763,VAN,101,,,,False
0020000068,20001108/LALSAS,Final,2000-11-09,02:00,1610612759,SAS,91,1610612747,LAL,81,,,,False
0020000069,20001108/MINDEN,Final/OT,2000-11-09,03:00,1610612743,DEN,109,1610612750,MIN,107,,,,False
0020000070,20001108/UTALAC,Final/OT,2000-11-09,04:30,1610612746,LAC,87,1610612762,UTA,93,,,,False
0020000071,20001108/GSWSAC,Final,2000-11-09,04:30,1610612758,SAC,115,1610612744,GSW,84,,,,False
0020000072,20001109/DETNJN,Final,2000-11-10,01:30,1610612751,NJN,94,1610612765,DET,108,,,,False
0020000073,20001109/SEACHH,Final,2000-11-10,01:30,1610612766,CHH,94,1610612760,SEA,102,,,,False
0020000074,20001109/ORLCHI,Final,2000-11-10,02:30,1610612741,CHI,95,1610612753,ORL,90,,,,False
0020000075,20001109/PHIMIN,Final,2000-11-10,02:00,1610612750,MIN,82,1610612755,PHI,84,,,,False
0020000076,20001109/VANHOU,Final,2000-11-10,02:30,1610612745,HOU,85,1610612763,VAN,78,,,,False
0020000077,20001109/ATLPHX,Final,2000-11-10,03:00,1610612756,PHX,88,1610612737,ATL,79,,,,False
0020000078,20001109/DENPOR,Final,2000-11-10,04:00,1610612757,POR,107,1610612743,DEN,91,,,,False
0020000079,20001110/NYKBOS,Final/OT,2000-11-11,01:30,1610612738,BOS,101,1610612752,NYK,103,,,,False
0020000080,20001110/INDWAS,Final,2000-11-11,01:00,1610612764,WAS,74,1610612754,IND,86,,,,False
0020000081,20001110/CLETOR,Final,2000-11-11,01:00,1610612761,TOR,115,1610612739,CLE,88,,,,False
0020000082,20001110/SASDAL,Final,2000-11-11,02:00,1610612742,DAL,79,1610612759,SAS,77,,,,False
0020000083,20001110/MIAUTA,Final,2000-11-11,03:00,1610612762,UTA,80,1610612748,MIA,87,,,,False
0020000084,20001110/ATLLAC,Final,2000-11-11,04:30,1610612746,LAC,115,1610612737,ATL,106,,,,False
0020000085,20001110/SACGSW,Final/OT,2000-11-11,04:30,1610612744,GSW,107,1610612758,SAC,114,,,,False
0020000086,20001111/CHHNYK,Final,2000-11-12,01:30,1610612752,NYK,81,1610612766,CHH,67,,,,False
0020000087,20001111/SEANJN,Final,2000-11-11,19:00,1610612751,NJN,126,1610612760,SEA,91,,,,False
0020000088,20001111/BOSPHI,Final,2000-11-12,02:00,1610612755,PHI,85,1610612738,BOS,83,,,,False
0020000089,20001111/WASCLE,Final,2000-11-12,01:30,1610612739,CLE,86,1610612764,WAS,73,,,,False
0020000090,20001111/DETIND,Final,2000-11-12,01:00,1610612754,IND,94,1610612765,DET,84,,,,False
0020000091,20001111/TORCHI,Final,2000-11-12,02:30,1610612741,CHI,75,1610612761,TOR,98,,,,False
0020000092,20001111/MINMIL,Final,2000-11-12,02:30,1610612749,MIL,92,1610612750,MIN,103,,,,False
0020000093,20001111/VANSAS,Final,2000-11-12,02:30,1610612759,SAS,91,1610612763,VAN,78,,,,False
0020000094,20001111/MIAPHX,Final,2000-11-12,03:00,1610612756,PHX,84,1610612748,MIA,82,,,,False
0020000095,20001111/HOUPOR,Final,2000-11-12,04:00,1610612757,POR,111,1610612745,HOU,88,,,,False
0020000096,20001112/SEADET,Final,2000-11-13,00:00,1610612765,DET,101,1610612760,SEA,92,,,,False
0020000097,20001112/LACDEN,Final,2000-11-13,03:00,1610612743,DEN,95,1610612746,LAC,79,,,,False
0020000098,20001112/HOULAL,Final,2000-11-13,03:30,1610612747,LAL,105,1610612745,HOU,99,,,,False
0020000099,20001112/ORLGSW,Final/OT,2000-11-13,03:00,1610612744,GSW,99,1610612753,ORL,105,,,,False
0020000100,20001112/DALSAC,Final,2000-11-13,03:00,1610612758,SAC,109,1610612742,DAL,84,,,,False
0020000101,20001113/PORNJN,Final,2000-11-14,01:30,1610612751,NJN,82,1610612757,POR,94,,,,False
0020000102,20001113/DALLAC,Final,2000-11-14,04:30,1610612746,LAC,76,1610612742,DAL,90,,,,False
0020000103,20001114/CHHMIA,Final/OT,2000-11-15,01:30,1610612748,MIA,89,1610612766,CHH,86,,,,False
0020000104,20001114/PORATL,Final,2000-11-15,01:30,1610612737,ATL,99,1610612757,POR,97,,,,False
0020000105,20001114/GSWCLE,Final,2000-11-15,01:30,1610612739,CLE,96,1610612744,GSW,86,,,,False
0020000106,20001114/CHIHOU,Final,2000-11-15,02:30,1610612745,HOU,110,1610612741,CHI,83,,,,False
0020000107,20001114/UTASAS,Final,2000-11-15,02:30,1610612759,SAS,86,1610612762,UTA,79,,,,False
0020000108,20001114/DENLAL,Final,2000-11-15,04:30,1610612747,LAL,119,1610612743,DEN,103,,,,False
0020000109,20001114/ORLSAC,Final,2000-11-15,02:00,1610612758,SAC,96,1610612753,ORL,82,,,,False
0020000110,20001114/NYKSEA,Final,2000-11-15,04:30,1610612760,SEA,96,1610612752,NYK,75,,,,False
0020000111,20001115/WASBOS,Final,2000-11-16,01:00,1610612738,BOS,116,1610612764,WAS,109,,,,False
0020000112,20001115/MIANJN,Final,2000-11-16,02:00,1610612751,NJN,93,1610612748,MIA,91,,,,False
0020000113,20001115/CLEPHI,Final,2000-11-16,01:00,1610612755,PHI,107,1610612739,CLE,98,,,,False
0020000114,20001115/INDDET,Final,2000-11-16,01:30,1610612765,DET,88,1610612754,IND,92,,,,False
0020000115,20001115/ATLMIL,Final,2000-11-16,02:00,1610612749,MIL,84,1610612737,ATL,74,,,,False
0020000116,20001115/GSWMIN,Final,2000-11-16,02:00,1610612750,MIN,92,1610612744,GSW,90,,,,False
0020000117,20001115/DALPHX,Final,2000-11-16,03:00,1610612756,PHX,99,1610612742,DAL,78,,,,False
0020000118,20001115/NYKLAC,Final,2000-11-16,04:30,1610612746,LAC,78,1610612752,NYK,74,,,,False
0020000119,20001116/SASWAS,Final,2000-11-17,01:00,1610612764,WAS,95,1610612759,SAS,99,,,,False
0020000120,20001116/PORTOR,Final,2000-11-17,01:00,1610612761,TOR,80,1610612757,POR,86,,,,False
0020000121,20001116/CHHHOU,Final,2000-11-17,02:30,1610612745,HOU,84,1610612766,CHH,80,,,,False
0020000122,20001116/CHIDEN,Final,2000-11-17,03:00,1610612743,DEN,89,1610612741,CHI,85,,,,False
0020000123,20001116/ORLUTA,Final,2000-11-17,03:00,1610612762,UTA,99,1610612753,ORL,84,,,,False
0020000124,20001116/LALSAC,Final/OT,2000-11-17,02:00,1610612758,SAC,110,1610612747,LAL,112,,,,False
0020000125,20001116/LACVAN,Final,2000-11-17,04:00,1610612763,VAN,72,1610612746,LAC,76,,,,False
0020000126,20001117/ATLBOS,Final,2000-11-18,01:30,1610612738,BOS,106,1610612737,ATL,99,,,,False
0020000127,20001117/MIAPHI,Final,2000-11-18,01:00,1610612755,PHI,94,1610612748,MIA,73,,,,False
0020000128,20001117/DETCHH,Final,2000-11-18,01:30,1610612766,CHH,89,1610612765,DET,96,,,,False
0020000129,20001117/GSWIND,Final,2000-11-18,01:00,1610612754,IND,90,1610612744,GSW,92,,,,False
0020000130,20001117/CLEMIL,Final,2000-11-18,02:30,1610612749,MIL,89,1610612739,CLE,76,,,,False
0020000131,20001117/SASMIN,Final/OT,2000-11-18,02:00,1610612750,MIN,99,1610612759,SAS,94,,,,False
0020000132,20001117/NYKPHX,Final,2000-11-18,03:00,1610612756,PHX,85,1610612752,NYK,90,,,,False
0020000133,20001117/DALSEA,Final,2000-11-18,04:00,1610612760,SEA,95,1610612742,DAL,99,,,,False
0020000134,20001118/INDNJN,Final,2000-11-19,02:00,1610612751,NJN,97,1610612754,IND,92,,,,False
0020000135,20001118/BOSWAS,Final,2000-11-19,01:00,1610612764,WAS,109,1610612738,BOS,89,,,,False
0020000136,20001118/PORMIA,Final,2000-11-19,01:30,1610612748,MIA,86,1610612757,POR,80,,,,False
0020000137,20001118/MINATL,Final,2000-11-19,01:30,1610612737,ATL,84,1610612750,MIN,94,,,,False
0020000138,20001118/MILTOR,Final,2000-11-19,01:00,1610612761,TOR,111,1610612749,MIL,102,,,,False
0020000139,20001118/PHXHOU,Final,2000-11-19,02:30,1610612745,HOU,94,1610612756,PHX,89,,,,False
0020000140,20001118/LALDEN,Final,2000-11-19,03:00,1610612743,DEN,87,1610612747,LAL,86,,,,False
0020000141,20001118/CHIUTA,Final,2000-11-19,03:00,1610612762,UTA,109,1610612741,CHI,64,,,,False
0020000142,20001118/SEALAC,Final,2000-11-19,04:30,1610612746,LAC,83,1610612760,SEA,86,,,,False
0020000143,20001118/DALVAN,Final,2000-11-19,04:00,1610612763,VAN,88,1610612742,DAL,91,,,,False
0020000144,20001119/GSWNYK,Final,2000-11-20,02:00,1610612752,NYK,88,1610612744,GSW,71,,,,False
0020000145,20001119/PORORL,Final/OT,2000-11-20,00:00,1610612753,ORL,102,1610612757,POR,110,,,,False
0020000146,20001119/CHHDET,Final,2000-11-20,01:00,1610612765,DET,96,1610612766,CHH,105,,,,False
0020000147,20001119/CHILAL,Final,2000-11-20,03:30,1610612747,LAL,104,1610612741,CHI,96,,,,False
0020000148,20001120/PHIBOS,Final,2000-11-21,01:00,1610612738,BOS,90,1610612755,PHI,114,,,,False
0020000149,20001120/CHHTOR,Final,2000-11-21,01:00,1610612761,TOR,64,1610612766,CHH,100,,,,False
0020000150,20001120/DALUTA,Final,2000-11-21,03:00,1610612762,UTA,98,1610612742,DAL,107,,,,False
0020000151,20001120/NJNLAC,Final,2000-11-21,04:30,1610612746,LAC,85,1610612751,NJN,86,,,,False
0020000152,20001120/DENVAN,Final,2000-11-21,04:00,1610612763,VAN,92,1610612743,DEN,95,,,,False
0020000153,20001121/PORWAS,Final,2000-11-22,01:00,1610612764,WAS,94,1610612757,POR,104,,,,False
0020000154,20001121/NYKORL,Final,2000-11-22,02:00,1610612753,ORL,84,1610612752,NYK,85,,,,False
0020000155,20001121/DETCLE,Final,2000-11-22,01:30,1610612739,CLE,117,1610612765,DET,98,,,,False
0020000156,20001121/HOUIND,Final,2000-11-22,01:00,1610612754,IND,89,1610612745,HOU,101,,,,False
0020000157,20001121/SEADAL,Final,2000-11-22,02:00,1610612742,DAL,110,1610612760,SEA,116,,,,False
0020000158,20001121/CHIGSW,Final,2000-11-22,04:30,1610612744,GSW,89,1610612741,CHI,77,,,,False
0020000159,20001122/HOUBOS,Final,2000-11-23,01:00,1610612738,BOS,96,1610612745,HOU,81,,,,False
0020000160,20001122/CLEMIA,Final,2000-11-23,01:30,1610612748,MIA,67,1610612739,CLE,86,,,,False
0020000161,20001122/PHICHH,Final,2000-11-23,01:30,1610612766,CHH,88,1610612755,PHI,73,,,,False
0020000162,20001122/NYKATL,Final,2000-11-23,01:30,1610612737,ATL,78,1610612752,NYK,74,,,,False
0020000163,20001122/PORMIL,Final,2000-11-23,02:00,1610612749,MIL,84,1610612757,POR,93,,,,False
0020000164,20001122/VANMIN,Final,2000-11-23,02:00,1610612750,MIN,101,1610612763,VAN,100,,,,False
0020000165,20001122/SEASAS,Final,2000-11-23,02:30,1610612759,SAS,112,1610612760,SEA,85,,,,False
0020000166,20001122/DENUTA,Final,2000-11-23,03:00,1610612762,UTA,116,1610612743,DEN,78,,,,False
0020000167,20001122/NJNPHX,Final,2000-11-23,03:00,1610612756,PHX,97,1610612751,NJN,85,,,,False
0020000168,20001122/GSWLAL,Final,2000-11-23,04:30,1610612747,LAL,111,1610612744,GSW,91,,,,False
0020000169,20001122/CHISAC,Final,2000-11-23,04:30,1610612758,SAC,100,1610612741,CHI,71,,,,False
0020000170,20001123/TORIND,Final,2000-11-24,02:00,1610612754,IND,91,1610612761,TOR,111,,,,False
0020000171,20001124/ORLBOS,Final/OT,2000-11-25,01:30,1610612738,BOS,103,1610612753,ORL,98,,,,False
0020000172,20001124/PHIATL,Final,2000-11-25,01:30,1610612737,ATL,67,1610612755,PHI,76,,,,False
0020000173,20001124/MIACLE,Final,2000-11-25,01:30,1610612739,CLE,85,1610612748,MIA,80,,,,False
0020000174,20001124/VANDET,Final,2000-11-25,02:00,1610612765,DET,118,1610612763,VAN,96,,,,False
0020000175,20001124/WASIND,Final,2000-11-25,02:00,1610612754,IND,99,1610612764,WAS,87,,,,False
0020000176,20001124/CHHMIL,Final,2000-11-25,02:30,1610612749,MIL,90,1610612766,CHH,106,,,,False
0020000177,20001124/SASDEN,Final,2000-11-25,03:00,1610612743,DEN,102,1610612759,SAS,92,,,,False
0020000178,20001124/NJNUTA,Final,2000-11-25,04:00,1610612762,UTA,97,1610612751,NJN,85,,,,False
0020000179,20001124/GSWPHX,Final,2000-11-25,03:00,1610612756,PHX,80,1610612744,GSW,74,,,,False
0020000180,20001124/MINLAL,Final,2000-11-25,04:30,1610612747,LAL,115,1610612750,MIN,108,,,,False
0020000181,20001124/LACSEA,Final,2000-11-25,04:00,1610612760,SEA,98,1610612746,LAC,81,,,,False
0020000182,20001125/TORNYK,Final,2000-11-25,19:00,1610612752,NYK,75,1610612761,TOR,79,,,,False
0020000183,20001125/MILWAS,Final,2000-11-26,02:00,1610612764,WAS,107,1610612749,MIL,100,,,,False
0020000184,20001125/ATLORL,Final,2000-11-26,01:30,1610612753,ORL,114,1610612737,ATL,92,,,,False
0020000185,20001125/HOUMIA,Final,2000-11-26,01:30,1610612748,MIA,80,1610612745,HOU,91,,,,False
0020000186,20001125/CLECHH,Final,2000-11-26,01:30,1610612766,CHH,109,1610612739,CLE,98,,,,False
0020000187,20001125/DENDAL,Final,2000-11-26,02:00,1610612742,DAL,108,1610612743,DEN,84,,,,False
0020000188,20001125/PHISAS,Final,2000-11-26,02:30,1610612759,SAS,96,1610612755,PHI,76,,,,False
0020000189,20001125/PHXLAC,Final/OT,2000-11-26,04:30,1610612746,LAC,89,1610612756,PHX,95,,,,False
0020000190,20001125/MINGSW,Final,2000-11-26,04:30,1610612744,GSW,114,1610612750,MIN,93,,,,False
0020000191,20001125/SEASAC,Final,2000-11-26,04:30,1610612758,SAC,125,1610612760,SEA,101,,,,False
0020000192,20001125/NJNPOR,Final,2000-11-26,04:00,1610612757,POR,86,1610612751,NJN,84,,,,False
0020000193,20001126/VANBOS,Final,2000-11-26,18:30,1610612738,BOS,87,1610612763,VAN,98,,,,False
0020000194,20001126/CHITOR,Final,2000-11-26,21:00,1610612761,TOR,101,1610612741,CHI,89,,,,False
0020000195,20001126/UTADET,Final,2000-11-27,01:00,1610612765,DET,79,1610612762,UTA,94,,,,False
0020000196,20001127/VANNYK,Final,2000-11-28,01:30,1610612752,NYK,97,1610612763,VAN,72,,,,False
0020000197,20001127/MILORL,Final,2000-11-28,01:30,1610612753,ORL,95,1610612749,MIL,104,,,,False
0020000198,20001127/LALLAC,Final,2000-11-28,04:30,1610612746,LAC,83,1610612747,LAL,98,,,,False
0020000199,20001128/UTANJN,Final,2000-11-29,01:30,1610612751,NJN,92,1610612762,UTA,98,,,,False
0020000200,20001128/ATLWAS,Final,2000-11-29,01:00,1610612764,WAS,75,1610612737,ATL,102,,,,False
0020000201,20001128/MILMIA,Final,2000-11-29,01:30,1610612748,MIA,101,1610612749,MIL,102,,,,False
0020000202,20001128/BOSCLE,Final,2000-11-29,01:30,1610612739,CLE,72,1610612738,BOS,87,,,,False
0020000203,20001128/MINCHI,Final,2000-11-29,02:30,1610612741,CHI,76,1610612750,MIN,96,,,,False
0020000204,20001128/TORDAL,Final,2000-11-29,02:00,1610612742,DAL,107,1610612761,TOR,93,,,,False
0020000205,20001128/SACHOU,Final,2000-11-29,02:30,1610612745,HOU,81,1610612758,SAC,88,,,,False
0020000206,20001128/INDLAL,Final,2000-11-29,04:30,1610612747,LAL,124,1610612754,IND,107,,,,False
0020000207,20001128/SEAPOR,Final,2000-11-29,04:00,1610612757,POR,93,1610612760,SEA,105,,,,False
0020000208,20001129/MIANYK,Final,2000-11-30,02:00,1610612752,NYK,81,1610612748,MIA,84,,,,False
0020000209,20001129/WASPHI,Final,2000-11-30,01:00,1610612755,PHI,93,1610612764,WAS,87,,,,False
0020000210,20001129/UTAORL,Final,2000-11-30,01:30,1610612753,ORL,86,1610612762,UTA,88,,,,False
0020000211,20001129/TORCHH,Final,2000-11-30,01:30,1610612766,CHH,103,1610612761,TOR,79,,,,False
0020000212,20001129/NJNDET,Final,2000-11-30,01:30,1610612765,DET,97,1610612751,NJN,76,,,,False
0020000213,20001129/DENMIN,Final,2000-11-30,02:00,1610612750,MIN,100,1610612743,DEN,107,,,,False
0020000214,20001129/SACSAS,Final,2000-11-30,02:30,1610612759,SAS,82,1610612758,SAC,79,,,,False
0020000215,20001129/GSWLAC,Final,2000-11-30,04:30,1610612746,LAC,106,1610612744,GSW,83,,,,False
0020000216,20001129/PHXVAN,Final/OT2,2000-11-30,04:00,1610612763,VAN,109,1610612756,PHX,106,,,,False
0020000217,20001130/CHIATL,Final,2000-12-01,01:00,1610612737,ATL,82,1610612741,CHI,91,,,,False
0020000218,20001130/BOSMIL,Final,2000-12-01,02:00,1610612749,MIL,108,1610612738,BOS,97,,,,False
0020000219,20001130/HOUDEN,Final/OT,2000-12-01,03:00,1610612743,DEN,105,1610612745,HOU,109,,,,False
0020000220,20001130/INDGSW,Final,2000-12-01,04:30,1610612744,GSW,99,1610612754,IND,95,,,,False
0020000221,20001130/DALPOR,Final,2000-12-01,04:00,1610612757,POR,95,1610612742,DAL,84,,,,False
0020000222,20001130/LALSEA,Final,2000-12-01,04:00,1610612760,SEA,121,1610612747,LAL,88,,,,False
0020000223,20001201/MINBOS,Final,2000-12-02,01:30,1610612738,BOS,98,1610612750,MIN,102,,,,False
0020000224,20001201/CHHPHI,Final,2000-12-02,01:00,1610612755,PHI,95,1610612766,CHH,74,,,,False
0020000225,20001201/NJNORL,Final,2000-12-02,01:30,1610612753,ORL,83,1610612751,NJN,80,,,,False
0020000226,20001201/UTAMIA,Final,2000-12-02,01:30,1610612748,MIA,92,1610612762,UTA,94,,,,False
0020000227,20001201/LACTOR,Final/OT,2000-12-02,01:00,1610612761,TOR,104,1610612746,LAC,95,,,,False
0020000228,20001201/CLEDET,Final,2000-12-02,02:00,1610612765,DET,103,1610612739,CLE,93,,,,False
0020000229,20001201/NYKCHI,Final,2000-12-02,02:30,1610612741,CHI,86,1610612752,NYK,91,,,,False
0020000230,20001201/SASLAL,Final,2000-12-02,04:30,1610612747,LAL,109,1610612759,SAS,100,,,,False
0020000231,20001201/PHXSAC,Final,2000-12-02,04:30,1610612758,SAC,105,1610612756,PHX,98,,,,False
0020000232,20001201/INDVAN,Final/OT,2000-12-02,04:00,1610612763,VAN,76,1610612754,IND,86,,,,False
0020000233,20001202/MINNYK,Final,2000-12-03,01:30,1610612752,NYK,100,1610612750,MIN,90,,,,False
0020000234,20001202/ORLNJN,Final,2000-12-03,01:30,1610612751,NJN,74,1610612753,ORL,95,,,,False
0020000235,20001202/MIAWAS,Final,2000-12-03,02:00,1610612764,WAS,90,1610612748,MIA,93,,,,False
0020000236,20001202/UTACHH,Final,2000-12-03,01:30,1610612766,CHH,94,1610612762,UTA,89,,,,False
0020000237,20001202/MILATL,Final,2000-12-02,20:30,1610612737,ATL,101,1610612749,MIL,94,,,,False
0020000238,20001202/PHICLE,Final,2000-12-03,01:30,1610612739,CLE,78,1610612755,PHI,112,,,,False
0020000239,20001202/PORHOU,Final,2000-12-03,02:30,1610612745,HOU,85,1610612757,POR,96,,,,False
0020000240,20001202/SEADEN,Final,2000-12-03,03:00,1610612743,DEN,103,1610612760,SEA,92,,,,False
0020000241,20001202/DALGSW,Final,2000-12-03,04:30,1610612744,GSW,78,1610612742,DAL,97,,,,False
0020000242,20001203/LACBOS,Final,2000-12-03,18:30,1610612738,BOS,96,1610612746,LAC,87,,,,False
0020000243,20001203/WASDET,Final,2000-12-04,01:00,1610612765,DET,93,1610612764,WAS,87,,,,False
0020000244,20001203/INDMIL,Final,2000-12-03,21:00,1610612749,MIL,92,1610612754,IND,80,,,,False
0020000245,20001203/PORPHX,Final,2000-12-04,02:00,1610612756,PHX,84,1610612757,POR,79,,,,False
0020000246,20001203/DALLAL,Final,2000-12-04,03:30,1610612747,LAL,99,1610612742,DAL,97,,,,False
0020000247,20001203/GSWSEA,Final,2000-12-04,03:00,1610612760,SEA,118,1610612744,GSW,102,,,,False
0020000248,20001203/SASVAN,Final,2000-12-03,21:30,1610612763,VAN,79,1610612759,SAS,97,,,,False
0020000249,20001204/LACNYK,Final,2000-12-05,01:30,1610612752,NYK,106,1610612746,LAC,78,,,,False
0020000250,20001204/PHIDEN,Final,2000-12-05,03:00,1610612743,DEN,105,1610612755,PHI,98,,,,False
0020000251,20001205/BOSORL,Final,2000-12-06,01:30,1610612753,ORL,101,1610612738,BOS,98,,,,False
0020000252,20001205/MIAATL,Final,2000-12-06,01:30,1610612737,ATL,92,1610612748,MIA,100,,,,False
0020000253,20001205/CHHCLE,Final,2000-12-06,01:30,1610612739,CLE,71,1610612766,CHH,66,,,,False
0020000254,20001205/NJNIND,Final,2000-12-06,01:00,1610612754,IND,88,1610612751,NJN,64,,,,False
0020000255,20001205/CHIMIN,Final,2000-12-06,02:00,1610612750,MIN,100,1610612741,CHI,90,,,,False
0020000256,20001205/DALHOU,Final,2000-12-06,02:30,1610612745,HOU,109,1610612742,DAL,102,,,,False
0020000257,20001205/TORUTA,Final,2000-12-06,03:00,1610612762,UTA,98,1610612761,TOR,84,,,,False
0020000258,20001205/PHILAL,Final,2000-12-06,04:30,1610612747,LAL,96,1610612755,PHI,85,,,,False
0020000259,20001205/SASSAC,Final,2000-12-06,02:00,1610612758,SAC,81,1610612759,SAS,75,,,,False
0020000260,20001205/DETVAN,Final,2000-12-06,04:00,1610612763,VAN,91,1610612765,DET,83,,,,False
0020000261,20001206/MILNJN,Final,2000-12-07,01:30,1610612751,NJN,87,1610612749,MIL,109,,,,False
0020000262,20001206/LACWAS,Final,2000-12-07,01:00,1610612764,WAS,88,1610612746,LAC,93,,,,False
0020000263,20001206/DENMIA,Final,2000-12-07,01:30,1610612748,MIA,95,1610612743,DEN,78,,,,False
0020000264,20001206/INDCHH,Final,2000-12-07,01:30,1610612766,CHH,91,1610612754,IND,88,,,,False
0020000265,20001206/CLECHI,Final,2000-12-07,02:00,1610612741,CHI,88,1610612739,CLE,92,,,,False
0020000266,20001206/NYKDAL,Final,2000-12-07,02:00,1610612742,DAL,94,1610612752,NYK,85,,,,False
0020000267,20001206/LALGSW,Final/OT,2000-12-07,04:30,1610612744,GSW,125,1610612747,LAL,122,,,,False
0020000268,20001206/TORPOR,Final,2000-12-07,04:00,1610612757,POR,95,1610612761,TOR,88,,,,False
0020000269,20001206/DETSEA,Final,2000-12-07,04:00,1610612760,SEA,99,1610612765,DET,112,,,,False
0020000270,20001207/DENORL,Final,2000-12-08,01:30,1610612753,ORL,103,1610612743,DEN,93,,,,False
0020000271,20001207/PHXMIL,Final,2000-12-08,02:00,1610612749,MIL,96,1610612756,PHX,104,,,,False
0020000272,20001207/WASMIN,Final,2000-12-08,02:00,1610612750,MIN,105,1610612764,WAS,88,,,,False
0020000273,20001207/NYKSAS,Final,2000-12-08,02:00,1610612759,SAS,83,1610612752,NYK,86,,,,False
0020000274,20001207/VANUTA,Final,2000-12-08,03:00,1610612762,UTA,98,1610612763,VAN,87,,,,False
0020000275,20001208/INDBOS,Final,2000-12-09,01:30,1610612738,BOS,91,1610612754,IND,104,,,,False
0020000276,20001208/PHXNJN,Final,2000-12-09,01:30,1610612751,NJN,86,1610612756,PHX,84,,,,False
0020000277,20001208/ATLMIA,Final,2000-12-09,01:30,1610612748,MIA,80,1610612737,ATL,76,,,,False
0020000278,20001208/LACCHH,Final,2000-12-09,01:30,1610612766,CHH,92,1610612746,LAC,87,,,,False
0020000279,20001208/CHIDAL,Final,2000-12-09,02:00,1610612742,DAL,105,1610612741,CHI,86,,,,False
0020000280,20001208/SEALAL,Final,2000-12-09,04:30,1610612747,LAL,95,1610612760,SEA,103,,,,False
0020000281,20001208/TORGSW,Final,2000-12-09,04:30,1610612744,GSW,92,1610612761,TOR,108,,,,False
0020000282,20001208/HOUSAC,Final,2000-12-09,04:30,1610612758,SAC,111,1610612745,HOU,98,,,,False
0020000283,20001208/PHIPOR,Final,2000-12-09,04:00,1610612757,POR,94,1610612755,PHI,107,,,,False
0020000284,20001209/DENNYK,Final,2000-12-10,01:30,1610612752,NYK,96,1610612743,DEN,88,,,,False
0020000285,20001209/ATLCLE,Final,2000-12-10,01:30,1610612739,CLE,97,1610612737,ATL,90,,,,False
0020000286,20001209/CHHIND,Final/OT,2000-12-10,01:00,1610612754,IND,99,1610612766,CHH,96,,,,False
0020000287,20001209/WASMIL,Final,2000-12-10,02:30,1610612749,MIL,99,1610612764,WAS,91,,,,False
0020000288,20001209/LACMIN,Final,2000-12-10,02:00,1610612750,MIN,85,1610612746,LAC,73,,,,False
0020000289,20001209/CHISAS,Final,2000-12-10,02:30,1610612759,SAS,105,1610612741,CHI,81,,,,False
0020000290,20001209/GSWUTA,Final,2000-12-10,03:00,1610612762,UTA,125,1610612744,GSW,114,,,,False
0020000291,20001209/DETPOR,Final,2000-12-10,04:00,1610612757,POR,114,1610612765,DET,83,,,,False
0020000292,20001209/HOUSEA,Final,2000-12-10,04:00,1610612760,SEA,104,1610612745,HOU,111,,,,False
0020000293,20001209/PHIVAN,Final,2000-12-10,04:00,1610612763,VAN,79,1610612755,PHI,83,,,,False
0020000294,20001210/DENBOS,Final/OT,2000-12-11,00:00,1610612738,BOS,104,1610612743,DEN,102,,,,False
0020000295,20001210/DALNJN,Final,2000-12-11,01:30,1610612751,NJN,73,1610612742,DAL,99,,,,False
0020000296,20001210/PHXTOR,Final,2000-12-10,21:30,1610612761,TOR,87,1610612756,PHX,95,,,,False
0020000297,20001210/DETLAL,Final,2000-12-11,03:30,1610612747,LAL,112,1610612765,DET,88,,,,False
0020000298,20001210/MIASAC,Final,2000-12-11,03:00,1610612758,SAC,101,1610612748,MIA,97,,,,False
0020000299,20001211/MINPHI,Final/OT,2000-12-12,01:00,1610612755,PHI,91,1610612750,MIN,96,,,,False
0020000300,20001211/PHXCHI,Final,2000-12-12,02:30,1610612741,CHI,80,1610612756,PHX,86,,,,False
0020000301,20001211/SASUTA,Final,2000-12-12,03:00,1610612762,UTA,83,1610612759,SAS,91,,,,False
0020000302,20001211/ORLLAC,Final,2000-12-12,04:30,1610612746,LAC,92,1610612753,ORL,80,,,,False
0020000303,20001211/HOUVAN,Final,2000-12-12,04:00,1610612763,VAN,75,1610612745,HOU,82,,,,False
0020000304,20001212/MINNJN,Final,2000-12-13,01:30,1610612751,NJN,116,1610612750,MIN,94,,,,False
0020000305,20001212/SACATL,Final,2000-12-13,02:00,1610612737,ATL,107,1610612758,SAC,99,,,,False
0020000306,20001212/INDTOR,Final,2000-12-13,01:00,1610612761,TOR,104,1610612754,IND,90,,,,False
0020000307,20001212/DALCLE,Final,2000-12-13,01:30,1610612739,CLE,92,1610612742,DAL,87,,,,False
0020000308,20001212/MIADEN,Final,2000-12-13,03:00,1610612743,DEN,85,1610612748,MIA,96,,,,False
0020000309,20001212/MILLAL,Final,2000-12-13,04:30,1610612747,LAL,105,1610612749,MIL,109,,,,False
0020000310,20001212/PORGSW,Final,2000-12-13,04:30,1610612744,GSW,93,1610612757,POR,101,,,,False
0020000311,20001212/ORLSEA,Final,2000-12-13,04:00,1610612760,SEA,97,1610612753,ORL,92,,,,False
0020000312,20001213/CHIBOS,Final,2000-12-14,01:00,1610612738,BOS,86,1610612741,CHI,104,,,,False
0020000313,20001213/PHIWAS,Final,2000-12-14,01:00,1610612764,WAS,82,1610612755,PHI,102,,,,False
0020000314,20001213/SACCHH,Final,2000-12-14,01:30,1610612766,CHH,101,1610612758,SAC,90,,,,False
0020000315,20001213/ATLDET,Final,2000-12-14,01:30,1610612765,DET,92,1610612737,ATL,69,,,,False
0020000316,20001213/DALIND,Final,2000-12-14,01:00,1610612754,IND,97,1610612742,DAL,92,,,,False
0020000317,20001213/MILUTA,Final,2000-12-14,03:00,1610612762,UTA,102,1610612749,MIL,111,,,,False
0020000318,20001213/SASPHX,Final,2000-12-14,02:00,1610612756,PHX,103,1610612759,SAS,93,,,,False
0020000319,20001213/MIALAC,Final/OT,2000-12-14,04:30,1610612746,LAC,88,1610612748,MIA,94,,,,False
0020000320,20001213/LALPOR,Final,2000-12-14,04:30,1610612757,POR,96,1610612747,LAL,86,,,,False
0020000321,20001213/SEAVAN,Final,2000-12-14,04:00,1610612763,VAN,93,1610612760,SEA,94,,,,False
0020000322,20001214/NYKTOR,Final,2000-12-15,02:00,1610612761,TOR,70,1610612752,NYK,68,,,,False
0020000323,20001214/DENSAS,Final,2000-12-15,02:30,1610612759,SAS,96,1610612743,DEN,102,,,,False
0020000324,20001214/HOUGSW,Final,2000-12-15,04:30,1610612744,GSW,95,1610612745,HOU,98,,,,False
0020000325,20001215/SACBOS,Final,2000-12-16,01:30,1610612738,BOS,81,1610612758,SAC,104,,,,False
0020000326,20001215/UTANYK,Final,2000-12-16,01:30,1610612752,NYK,58,1610612762,UTA,89,,,,False
0020000327,20001215/DALPHI,Final,2000-12-16,01:00,1610612755,PHI,94,1610612742,DAL,112,,,,False
0020000328,20001215/CHHWAS,Final,2000-12-16,01:00,1610612764,WAS,89,1610612766,CHH,103,,,,False
0020000329,20001215/MINDET,Final,2000-12-16,02:00,1610612765,DET,90,1610612750,MIN,99,,,,False
0020000330,20001215/CLEIND,Final,2000-12-16,01:00,1610612754,IND,95,1610612739,CLE,103,,,,False
0020000331,20001215/ATLCHI,Final,2000-12-16,02:30,1610612741,CHI,74,1610612737,ATL,85,,,,False
0020000332,20001215/TORMIL,Final,2000-12-16,02:30,1610612749,MIL,104,1610612761,TOR,97,,,,False
0020000333,20001215/LACPHX,Final,2000-12-16,03:00,1610612756,PHX,88,1610612746,LAC,98,,,,False
0020000334,20001215/VANLAL,Final,2000-12-16,04:30,1610612747,LAL,98,1610612763,VAN,76,,,,False
0020000335,20001215/ORLPOR,Final,2000-12-16,04:00,1610612757,POR,106,1610612753,ORL,96,,,,False
0020000336,20001215/MIASEA,Final,2000-12-16,04:00,1610612760,SEA,99,1610612748,MIA,81,,,,False
0020000337,20001216/BOSCHH,Final,2000-12-17,01:30,1610612766,CHH,99,1610612738,BOS,87,,,,False
0020000338,20001216/NJNATL,Final,2000-12-17,01:30,1610612737,ATL,83,1610612751,NJN,89,,,,False
0020000339,20001216/UTACLE,Final,2000-12-17,01:30,1610612739,CLE,99,1610612762,UTA,92,,,,False
0020000340,20001216/PHICHI,Final,2000-12-17,02:30,1610612741,CHI,91,1610612755,PHI,99,,,,False
0020000341,20001216/INDMIN,Final/OT,2000-12-17,02:00,1610612750,MIN,113,1610612754,IND,110,,,,False
0020000342,20001216/DENHOU,Final,2000-12-17,02:30,1610612745,HOU,100,1610612743,DEN,102,,,,False
0020000343,20001216/PHXSAS,Final,2000-12-17,02:30,1610612759,SAS,90,1610612756,PHX,82,,,,False
0020000344,20001216/MIAGSW,Final,2000-12-17,04:30,1610612744,GSW,85,1610612748,MIA,93,,,,False
0020000345,20001217/MILNYK,Final/OT,2000-12-18,00:00,1610612752,NYK,100,1610612749,MIL,97,,,,False
0020000346,20001217/SACNJN,Final,2000-12-18,01:30,1610612751,NJN,79,1610612758,SAC,95,,,,False
0020000347,20001217/LALTOR,Final/OT,2000-12-17,19:00,1610612761,TOR,101,1610612747,LAL,104,,,,False
0020000348,20001217/DALDET,Final,2000-12-18,01:00,1610612765,DET,90,1610612742,DAL,99,,,,False
0020000349,20001217/WASLAC,Final,2000-12-18,03:00,1610612746,LAC,94,1610612764,WAS,103,,,,False
0020000350,20001217/ORLVAN,Final,2000-12-17,21:30,1610612763,VAN,91,1610612753,ORL,101,,,,False
0020000351,20001218/DALBOS,Final,2000-12-19,01:00,1610612738,BOS,98,1610612742,DAL,106,,,,False
0020000352,20001219/LALMIA,Final,2000-12-20,02:00,1610612748,MIA,79,1610612747,LAL,81,,,,False
0020000353,20001219/NYKATL,Final,2000-12-20,01:30,1610612737,ATL,87,1610612752,NYK,77,,,,False
0020000354,20001219/UTATOR,Final,2000-12-20,01:00,1610612761,TOR,103,1610612762,UTA,95,,,,False
0020000355,20001219/INDCHI,Final,2000-12-20,02:30,1610612741,CHI,85,1610612754,IND,90,,,,False
0020000356,20001219/SASHOU,Final,2000-12-20,02:30,1610612745,HOU,79,1610612759,SAS,86,,,,False
0020000357,20001219/DETPHX,Final,2000-12-20,03:00,1610612756,PHX,84,1610612765,DET,89,,,,False
0020000358,20001219/MINGSW,Final,2000-12-20,04:30,1610612744,GSW,120,1610612750,MIN,99,,,,False
0020000359,20001219/WASSAC,Final,2000-12-20,04:30,1610612758,SAC,106,1610612764,WAS,72,,,,False
0020000360,20001220/NJNBOS,Final,2000-12-21,01:00,1610612738,BOS,99,1610612751,NJN,86,,,,False
0020000361,20001220/UTAPHI,Final,2000-12-21,02:00,1610612755,PHI,89,1610612762,UTA,91,,,,False
0020000362,20001220/MIACHH,Final,2000-12-21,01:30,1610612766,CHH,65,1610612748,MIA,56,,,,False
0020000363,20001220/TORIND,Final/OT,2000-12-21,01:00,1610612754,IND,98,1610612761,TOR,99,,,,False
0020000364,20001220/PORDAL,Final,2000-12-21,02:00,1610612742,DAL,106,1610612757,POR,101,,,,False
0020000365,20001220/CLESAS,Final,2000-12-21,02:30,1610612759,SAS,94,1610612739,CLE,77,,,,False
0020000366,20001220/DETDEN,Final,2000-12-21,03:00,1610612743,DEN,108,1610612765,DET,106,,,,False
0020000367,20001220/MINLAC,Final,2000-12-21,04:30,1610612746,LAC,103,1610612750,MIN,96,,,,False
0020000368,20001220/SACSEA,Final,2000-12-21,04:00,1610612760,SEA,89,1610612758,SAC,85,,,,False
0020000369,20001220/WASVAN,Final,2000-12-21,04:00,1610612763,VAN,118,1610612764,WAS,104,,,,False
0020000370,20001221/BOSNYK,Final,2000-12-22,02:00,1610612752,NYK,86,1610612738,BOS,92,,,,False
0020000371,20001221/CHIORL,Final,2000-12-22,01:30,1610612753,ORL,99,1610612741,CHI,88,,,,False
0020000372,20001221/NJNMIL,Final,2000-12-22,02:00,1610612749,MIL,80,1610612751,NJN,78,,,,False
0020000373,20001221/LALHOU,Final,2000-12-22,02:30,1610612745,HOU,94,1610612747,LAL,99,,,,False
0020000374,20001222/NYKPHI,Final,2000-12-23,01:00,1610612755,PHI,71,1610612752,NYK,91,,,,False
0020000375,20001222/CLEMIA,Final,2000-12-23,01:30,1610612748,MIA,103,1610612739,CLE,95,,,,False
0020000376,20001222/ATLTOR,Final,2000-12-23,01:00,1610612761,TOR,72,1610612737,ATL,78,,,,False
0020000377,20001222/UTAIND,Final,2000-12-23,01:00,1610612754,IND,101,1610612762,UTA,109,,,,False
0020000378,20001222/CHHMIN,Final,2000-12-23,02:00,1610612750,MIN,74,1610612766,CHH,83,,,,False
0020000379,20001222/LALDAL,Final,2000-12-23,02:00,1610612742,DAL,103,1610612747,LAL,108,,,,False
0020000380,20001222/GSWSAS,Final,2000-12-23,02:30,1610612759,SAS,105,1610612744,GSW,87,,,,False
0020000381,20001222/PORDEN,Final,2000-12-23,03:00,1610612743,DEN,116,1610612757,POR,96,,,,False
0020000382,20001222/WASSEA,Final,2000-12-23,04:00,1610612760,SEA,107,1610612764,WAS,87,,,,False
0020000383,20001222/SACVAN,Final,2000-12-23,04:00,1610612763,VAN,93,1610612758,SAC,95,,,,False
0020000384,20001223/MIANJN,Final,2000-12-24,01:30,1610612751,NJN,80,1610612748,MIA,86,,,,False
0020000385,20001223/CLEORL,Final,2000-12-24,01:30,1610612753,ORL,111,1610612739,CLE,92,,,,False
0020000386,20001223/SASCHH,Final/OT,2000-12-24,01:30,1610612766,CHH,88,1610612759,SAS,84,,,,False
0020000387,20001223/INDATL,Final,2000-12-24,01:30,1610612737,ATL,91,1610612754,IND,87,,,,False
0020000388,20001223/CHIDET,Final,2000-12-24,01:30,1610612765,DET,106,1610612741,CHI,93,,,,False
0020000389,20001223/BOSMIL,Final,2000-12-24,02:30,1610612749,MIL,104,1610612738,BOS,99,,,,False
0020000390,20001223/UTAMIN,Final,2000-12-24,02:00,1610612750,MIN,92,1610612762,UTA,98,,,,False
0020000391,20001223/GSWHOU,Final,2000-12-24,02:30,1610612745,HOU,87,1610612744,GSW,95,,,,False
0020000392,20001223/DENPHX,Final,2000-12-24,03:00,1610612756,PHX,102,1610612743,DEN,93,,,,False
0020000393,20001223/VANLAC,Final,2000-12-24,04:30,1610612746,LAC,92,1610612763,VAN,90,,,,False
0020000394,20001223/SEASAC,Final,2000-12-24,04:30,1610612758,SAC,97,1610612760,SEA,92,,,,False
0020000395,20001223/WASPOR,Final,2000-12-24,04:00,1610612757,POR,87,1610612764,WAS,70,,,,False
0020000396,20001225/ORLIND,Final,2000-12-25,21:00,1610612754,IND,103,1610612753,ORL,93,,,,False
0020000397,20001225/PORLAL,Final,2000-12-25,23:30,1610612747,LAL,104,1610612757,POR,109,,,,False
0020000398,20001226/ATLNJN,Final,2000-12-27,01:30,1610612751,NJN,76,1610612737,ATL,81,,,,False
0020000399,20001226/CLECHH,Final/OT,2000-12-27,01:00,1610612766,CHH,115,1610612739,CLE,110,,,,False
0020000400,20001226/BOSDET,Final,2000-12-27,01:30,1610612765,DET,101,1610612738,BOS,96,,,,False
0020000401,20001226/ORLMIL,Final,2000-12-27,02:00,1610612749,MIL,89,1610612753,ORL,77,,,,False
0020000402,20001226/TORMIN,Final,2000-12-27,02:00,1610612750,MIN,100,1610612761,TOR,97,,,,False
0020000403,20001226/SEADAL,Final,2000-12-27,02:00,1610612742,DAL,114,1610612760,SEA,93,,,,False
0020000404,20001226/HOUSAS,Final,2000-12-27,02:00,1610612759,SAS,103,1610612745,HOU,95,,,,False
0020000405,20001226/LACDEN,Final,2000-12-27,03:00,1610612743,DEN,109,1610612746,LAC,108,,,,False
0020000406,20001226/PHIUTA,Final,2000-12-27,03:00,1610612762,UTA,91,1610612755,PHI,97,,,,False
0020000407,20001226/PHXVAN,Final,2000-12-27,04:30,1610612763,VAN,95,1610612756,PHX,97,,,,False
0020000408,20001227/NYKWAS,Final,2000-12-28,01:00,1610612764,WAS,82,1610612752,NYK,89,,,,False
0020000409,20001227/INDMIA,Final,2000-12-28,02:00,1610612748,MIA,91,1610612754,IND,79,,,,False
0020000410,20001227/SEAHOU,Final,2000-12-28,02:30,1610612745,HOU,92,1610612760,SEA,107,,,,False
0020000411,20001227/PHIGSW,Final,2000-12-28,04:30,1610612744,GSW,110,1610612755,PHI,118,,,,False
0020000412,20001228/BOSNJN,Final,2000-12-29,01:30,1610612751,NJN,111,1610612738,BOS,112,,,,False
0020000413,20001228/DETORL,Final,2000-12-29,01:30,1610612753,ORL,102,1610612765,DET,96,,,,False
0020000414,20001228/MILCLE,Final,2000-12-29,01:30,1610612739,CLE,89,1610612749,MIL,107,,,,False
0020000415,20001228/SASCHI,Final,2000-12-29,02:30,1610612741,CHI,105,1610612759,SAS,104,,,,False
0020000416,20001228/ATLMIN,Final,2000-12-29,02:00,1610612750,MIN,88,1610612737,ATL,81,,,,False
0020000417,20001228/LACDAL,Final,2000-12-29,02:00,1610612742,DAL,105,1610612746,LAC,96,,,,False
0020000418,20001228/TORDEN,Final,2000-12-29,03:00,1610612743,DEN,93,1610612761,TOR,94,,,,False
0020000419,20001228/PORUTA,Final/OT,2000-12-29,02:00,1610612762,UTA,102,1610612757,POR,103,,,,False
0020000420,20001228/LALPHX,Final,2000-12-29,03:00,1610612756,PHX,78,1610612747,LAL,115,,,,False
0020000421,20001228/CHHSAC,Final,2000-12-29,04:30,1610612758,SAC,91,1610612766,CHH,87,,,,False
0020000422,20001229/CHINYK,Final,2000-12-30,01:30,1610612752,NYK,95,1610612741,CHI,68,,,,False
0020000423,20001229/WASMIA,Final,2000-12-30,01:30,1610612748,MIA,98,1610612764,WAS,91,,,,False
0020000424,20001229/CLEATL,Final,2000-12-30,01:30,1610612737,ATL,85,1610612739,CLE,97,,,,False
0020000425,20001229/UTAGSW,Final,2000-12-30,04:30,1610612744,GSW,100,1610612762,UTA,89,,,,False
0020000426,20001229/VANPOR,Final,2000-12-30,04:00,1610612757,POR,104,1610612763,VAN,81,,,,False
0020000427,20001230/ORLBOS,Final,2000-12-30,19:00,1610612738,BOS,90,1610612753,ORL,95,,,,False
0020000428,20001230/MIADET,Final/OT,2000-12-31,01:30,1610612765,DET,102,1610612748,MIA,110,,,,False
0020000429,20001230/SASIND,Final,2000-12-31,01:30,1610612754,IND,77,1610612759,SAS,89,,,,False
0020000430,20001230/NYKMIN,Final,2000-12-31,01:30,1610612750,MIN,79,1610612752,NYK,88,,,,False
0020000431,20001230/HOUDAL,Final,2000-12-30,21:00,1610612742,DAL,99,1610612745,HOU,114,,,,False
0020000432,20001230/MILDEN,Final,2000-12-31,04:00,1610612743,DEN,120,1610612749,MIL,113,,,,False
0020000433,20001230/TORPHX,Final,2000-12-31,03:00,1610612756,PHX,109,1610612761,TOR,103,,,,False
0020000434,20001230/LALLAC,Final/OT,2000-12-31,04:30,1610612746,LAC,114,1610612747,LAL,116,,,,False
0020000435,20001230/PHISAC,Final/OT,2000-12-31,01:30,1610612758,SAC,104,1610612755,PHI,107,,,,False
0020000436,20001230/CHHSEA,Final,2000-12-30,21:30,1610612760,SEA,104,1610612766,CHH,102,,,,False
0020000437,20001230/GSWVAN,Final,2000-12-31,04:00,1610612763,VAN,101,1610612744,GSW,102,,,,False
0020000438,20001231/DETWAS,Final,2001-01-01,02:00,1610612764,WAS,110,1610612765,DET,96,,,,False
0020000439,20001231/NJNCHI,Final,2000-12-31,20:00,1610612741,CHI,86,1610612751,NJN,77,,,,False
0020000440,20010101/HOUMIN,Final,2001-01-01,21:30,1610612750,MIN,106,1610612745,HOU,96,,,,False
0020000441,20010101/CHHPOR,Final,2001-01-02,04:00,1610612757,POR,89,1610612766,CHH,67,,,,False
0020000442,20010102/MINWAS,Final,2001-01-03,01:00,1610612764,WAS,115,1610612750,MIN,108,,,,False
0020000443,20010102/NJNORL,Final,2001-01-03,01:30,1610612753,ORL,110,1610612751,NJN,120,,,,False
0020000444,20010102/BOSATL,Final,2001-01-03,01:30,1610612737,ATL,92,1610612738,BOS,81,,,,False
0020000445,20010102/HOUCLE,Final,2001-01-03,01:30,1610612739,CLE,95,1610612745,HOU,100,,,,False
0020000446,20010102/MILCHI,Final,2001-01-03,02:30,1610612741,CHI,70,1610612749,MIL,104,,,,False
0020000447,20010102/MIASAS,Final,2001-01-03,02:30,1610612759,SAS,80,1610612748,MIA,72,,,,False
0020000448,20010102/TORLAC,Final,2001-01-03,04:30,1610612746,LAC,110,1610612761,TOR,97,,,,False
0020000449,20010102/PHXSAC,Final/OT,2001-01-03,04:30,1610612758,SAC,121,1610612756,PHX,117,,,,False
0020000450,20010102/INDSEA,Final,2001-01-03,04:00,1610612760,SEA,83,1610612754,IND,91,,,,False
0020000451,20010103/NYKBOS,Final,2001-01-04,01:00,1610612738,BOS,91,1610612752,NYK,100,,,,False
0020000452,20010103/ATLPHI,Final,2001-01-04,01:00,1610612755,PHI,98,1610612737,ATL,80,,,,False
0020000453,20010103/CLEMIL,Final,2001-01-04,02:00,1610612749,MIL,88,1610612739,CLE,83,,,,False
0020000454,20010103/DETDAL,Final,2001-01-04,02:00,1610612742,DAL,104,1610612765,DET,107,,,,False
0020000455,20010103/LACPHX,Final,2001-01-04,03:00,1610612756,PHX,90,1610612746,LAC,85,,,,False
0020000456,20010103/UTALAL,Final,2001-01-04,04:30,1610612747,LAL,82,1610612762,UTA,71,,,,False
0020000457,20010103/DENGSW,Final,2001-01-04,04:30,1610612744,GSW,100,1610612743,DEN,111,,,,False
0020000458,20010103/INDPOR,Final,2001-01-04,04:00,1610612757,POR,102,1610612754,IND,86,,,,False
0020000459,20010103/CHHVAN,Final,2001-01-04,04:00,1610612763,VAN,99,1610612766,CHH,89,,,,False
0020000460,20010104/ORLNYK,Final/OT,2001-01-05,02:00,1610612752,NYK,95,1610612753,ORL,92,,,,False
0020000461,20010104/NJNMIA,Final,2001-01-05,01:30,1610612748,MIA,81,1610612751,NJN,78,,,,False
0020000462,20010104/WASCHI,Final,2001-01-05,02:30,1610612741,CHI,98,1610612764,WAS,96,,,,False
0020000463,20010104/SEAMIN,Final,2001-01-05,02:00,1610612750,MIN,105,1610612760,SEA,92,,,,False
0020000464,20010104/DETHOU,Final,2001-01-05,02:30,1610612745,HOU,107,1610612765,DET,97,,,,False
0020000465,20010105/GSWBOS,Final,2001-01-06,01:30,1610612738,BOS,88,1610612744,GSW,100,,,,False
0020000466,20010105/SEAPHI,Final,2001-01-06,01:00,1610612755,PHI,121,1610612760,SEA,89,,,,False
0020000467,20010105/DALTOR,Final,2001-01-06,01:00,1610612761,TOR,105,1610612742,DAL,115,,,,False
0020000468,20010105/UTADEN,Final,2001-01-06,03:00,1610612743,DEN,100,1610612762,UTA,87,,,,False
0020000469,20010105/VANPHX,Final,2001-01-06,03:00,1610612756,PHX,108,1610612763,VAN,76,,,,False
0020000470,20010105/CHHLAC,Final,2001-01-06,04:30,1610612746,LAC,73,1610612766,CHH,86,,,,False
0020000471,20010105/INDSAC,Final/OT,2001-01-06,04:30,1610612758,SAC,91,1610612754,IND,93,,,,False
0020000472,20010105/MILPOR,Final,2001-01-06,04:00,1610612757,POR,119,1610612749,MIL,115,,,,False
0020000473,20010106/GSWNJN,Final,2001-01-07,01:30,1610612751,NJN,97,1610612744,GSW,92,,,,False
0020000474,20010106/DALWAS,Final,2001-01-07,01:00,1610612764,WAS,85,1610612742,DAL,103,,,,False
0020000475,20010106/BOSMIA,Final,2001-01-07,01:30,1610612748,MIA,112,1610612738,BOS,86,,,,False
0020000476,20010106/ORLATL,Final,2001-01-07,01:30,1610612737,ATL,83,1610612753,ORL,82,,,,False
0020000477,20010106/PHICLE,Final,2001-01-07,01:30,1610612739,CLE,103,1610612755,PHI,107,,,,False
0020000478,20010106/UTAHOU,Final,2001-01-07,02:30,1610612745,HOU,97,1610612762,UTA,99,,,,False
0020000479,20010106/DETSAS,Final,2001-01-07,02:30,1610612759,SAS,108,1610612765,DET,101,,,,False
0020000480,20010107/WASNYK,Final,2001-01-08,01:30,1610612752,NYK,103,1610612764,WAS,87,,,,False
0020000481,20010107/SEATOR,Final,2001-01-07,19:00,1610612761,TOR,94,1610612760,SEA,92,,,,False
0020000482,20010107/CHHDEN,Final,2001-01-08,03:00,1610612743,DEN,94,1610612766,CHH,87,,,,False
0020000483,20010107/MINPHX,Final,2001-01-08,02:00,1610612756,PHX,88,1610612750,MIN,108,,,,False
0020000484,20010107/LACLAL,Final,2001-01-08,03:30,1610612747,LAL,95,1610612746,LAC,118,,,,False
0020000485,20010107/MILVAN,Final,2001-01-07,21:30,1610612763,VAN,120,1610612749,MIL,117,,,,False
0020000486,20010108/PORBOS,Final,2001-01-09,01:00,1610612738,BOS,90,1610612757,POR,98,,,,False
0020000487,20010108/GSWMIA,Final,2001-01-09,01:30,1610612748,MIA,88,1610612744,GSW,78,,,,False
0020000488,20010108/NJNCLE,Final,2001-01-09,01:30,1610612739,CLE,92,1610612751,NJN,90,,,,False
0020000489,20010108/DALCHI,Final,2001-01-09,02:30,1610612741,CHI,91,1610612742,DAL,104,,,,False
0020000490,20010108/INDLAC,Final,2001-01-09,04:30,1610612746,LAC,82,1610612754,IND,85,,,,False
0020000491,20010108/MINSAC,Final,2001-01-09,04:30,1610612758,SAC,100,1610612750,MIN,97,,,,False
0020000492,20010109/PHINJN,Final,2001-01-10,01:30,1610612751,NJN,87,1610612755,PHI,104,,,,False
0020000493,20010109/SASORL,Final,2001-01-10,02:00,1610612753,ORL,95,1610612759,SAS,112,,,,False
0020000494,20010109/CHICHH,Final/OT3,2001-01-10,01:00,1610612766,CHH,102,1610612741,CHI,95,,,,False
0020000495,20010109/SEAATL,Final,2001-01-10,01:30,1610612737,ATL,86,1610612760,SEA,95,,,,False
0020000496,20010109/HOUTOR,Final,2001-01-10,01:00,1610612761,TOR,91,1610612745,HOU,110,,,,False
0020000497,20010109/WASMIL,Final,2001-01-10,02:00,1610612749,MIL,99,1610612764,WAS,95,,,,False
0020000498,20010109/INDUTA,Final,2001-01-10,03:00,1610612762,UTA,103,1610612754,IND,99,,,,False
0020000499,20010109/DENVAN,Final,2001-01-10,04:00,1610612763,VAN,105,1610612743,DEN,112,,,,False
0020000500,20010110/MIABOS,Final,2001-01-11,01:00,1610612738,BOS,88,1610612748,MIA,76,,,,False
0020000501,20010110/PORPHI,Final,2001-01-11,02:00,1610612755,PHI,75,1610612757,POR,93,,,,False
0020000502,20010110/SEAWAS,Final,2001-01-11,01:00,1610612764,WAS,101,1610612760,SEA,104,,,,False
0020000503,20010110/TORDET,Final,2001-01-11,01:30,1610612765,DET,85,1610612761,TOR,110,,,,False
0020000504,20010110/DALMIN,Final,2001-01-11,02:00,1610612750,MIN,86,1610612742,DAL,106,,,,False
0020000505,20010110/DENLAC,Final,2001-01-11,04:30,1610612746,LAC,92,1610612743,DEN,86,,,,False
0020000506,20010110/CLESAC,Final,2001-01-11,04:30,1610612758,SAC,108,1610612739,CLE,103,,,,False
0020000507,20010111/HOUNYK,Final,2001-01-12,01:30,1610612752,NYK,75,1610612745,HOU,76,,,,False
0020000508,20010111/ORLNJN,Final,2001-01-12,01:30,1610612751,NJN,87,1610612753,ORL,101,,,,False
0020000509,20010111/PORCHH,Final,2001-01-12,01:30,1610612766,CHH,70,1610612757,POR,83,,,,False
0020000510,20010111/GSWATL,Final,2001-01-12,01:30,1610612737,ATL,107,1610612744,GSW,96,,,,False
0020000511,20010111/DALMIL,Final,2001-01-12,02:00,1610612749,MIL,102,1610612742,DAL,94,,,,False
0020000512,20010111/INDPHX,Final,2001-01-12,02:00,1610612756,PHX,93,1610612754,IND,85,,,,False
0020000513,20010112/TORBOS,Final,2001-01-13,01:30,1610612738,BOS,72,1610612761,TOR,93,,,,False
0020000514,20010112/PHIWAS,Final,2001-01-13,01:00,1610612764,WAS,82,1610612755,PHI,86,,,,False
0020000515,20010112/SASDET,Final,2001-01-13,02:00,1610612765,DET,90,1610612759,SAS,111,,,,False
0020000516,20010112/CHHCHI,Final,2001-01-13,02:30,1610612741,CHI,85,1610612766,CHH,86,,,,False
0020000517,20010112/LACMIN,Final,2001-01-13,02:00,1610612750,MIN,95,1610612746,LAC,89,,,,False
0020000518,20010112/SACDEN,Final,2001-01-13,03:00,1610612743,DEN,106,1610612758,SAC,93,,,,False
0020000519,20010112/CLELAL,Final,2001-01-13,04:30,1610612747,LAL,101,1610612739,CLE,98,,,,False
0020000520,20010112/VANSEA,Final,2001-01-13,04:00,1610612760,SEA,115,1610612763,VAN,102,,,,False
0020000521,20010113/PORNYK,Final,2001-01-13,23:30,1610612752,NYK,91,1610612757,POR,78,,,,False
0020000522,20010113/SASPHI,Final,2001-01-14,02:00,1610612755,PHI,100,1610612759,SAS,83,,,,False
0020000523,20010113/GSWORL,Final,2001-01-14,02:00,1610612753,ORL,111,1610612744,GSW,94,,,,False
0020000524,20010113/LACATL,Final,2001-01-14,02:00,1610612737,ATL,108,1610612746,LAC,88,,,,False
0020000525,20010113/MIAIND,Final,2001-01-14,02:00,1610612754,IND,87,1610612748,MIA,71,,,,False
0020000526,20010113/NJNMIL,Final,2001-01-14,02:30,1610612749,MIL,115,1610612751,NJN,81,,,,False
0020000527,20010113/PHXDAL,Final,2001-01-13,23:30,1610612742,DAL,86,1610612756,PHX,103,,,,False
0020000528,20010113/SACHOU,Final,2001-01-14,02:30,1610612745,HOU,81,1610612758,SAC,84,,,,False
0020000529,20010113/LALUTA,Final,2001-01-14,03:00,1610612762,UTA,111,1610612747,LAL,103,,,,False
0020000530,20010113/CLEVAN,Final,2001-01-14,04:00,1610612763,VAN,119,1610612739,CLE,107,,,,False
0020000531,20010114/CHIMIA,Final,2001-01-15,01:30,1610612748,MIA,90,1610612741,CHI,81,,,,False
0020000532,20010114/CHHTOR,Final,2001-01-14,23:30,1610612761,TOR,107,1610612766,CHH,99,,,,False
0020000533,20010114/PORDET,Final,2001-01-15,01:00,1610612765,DET,96,1610612757,POR,103,,,,False
0020000534,20010114/SEAPHX,Final,2001-01-15,02:00,1610612756,PHX,87,1610612760,SEA,106,,,,False
0020000535,20010115/SASNYK,Final,2001-01-15,19:00,1610612752,NYK,104,1610612759,SAS,82,,,,False
0020000536,20010115/CHHPHI,Final,2001-01-15,20:00,1610612755,PHI,84,1610612766,CHH,79,,,,False
0020000537,20010115/MILWAS,Final,2001-01-15,19:00,1610612764,WAS,95,1610612749,MIL,101,,,,False
0020000538,20010115/CHIORL,Final,2001-01-16,01:30,1610612753,ORL,113,1610612741,CHI,104,,,,False
0020000539,20010115/NJNATL,Final,2001-01-15,20:30,1610612737,ATL,78,1610612751,NJN,84,,,,False
0020000540,20010115/LACIND,Final,2001-01-16,01:00,1610612754,IND,89,1610612746,LAC,74,,,,False
0020000541,20010115/BOSMIN,Final,2001-01-15,21:30,1610612750,MIN,102,1610612738,BOS,107,,,,False
0020000542,20010115/SACDAL,Final,2001-01-15,21:00,1610612742,DAL,105,1610612758,SAC,116,,,,False
0020000543,20010115/SEADEN,Final,2001-01-16,03:00,1610612743,DEN,122,1610612760,SEA,111,,,,False
0020000544,20010115/HOUUTA,Final/OT,2001-01-16,03:00,1610612762,UTA,116,1610612745,HOU,104,,,,False
0020000545,20010115/VANLAL,Final/OT,2001-01-16,02:00,1610612747,LAL,113,1610612763,VAN,112,,,,False
0020000546,20010115/CLEGSW,Final,2001-01-15,22:00,1610612744,GSW,101,1610612739,CLE,107,,,,False
0020000547,20010116/DETMIA,Final,2001-01-17,01:30,1610612748,MIA,93,1610612765,DET,85,,,,False
0020000548,20010116/LACMIL,Final,2001-01-17,02:00,1610612749,MIL,112,1610612746,LAC,91,,,,False
0020000549,20010116/TORHOU,Final,2001-01-17,02:00,1610612745,HOU,114,1610612761,TOR,99,,,,False
0020000550,20010116/CLEPOR,Final,2001-01-17,04:00,1610612757,POR,103,1610612739,CLE,83,,,,False
0020000551,20010117/WASNJN,Final,2001-01-18,01:30,1610612751,NJN,108,1610612764,WAS,89,,,,False
0020000552,20010117/CHIPHI,Final,2001-01-18,01:00,1610612755,PHI,99,1610612741,CHI,88,,,,False
0020000553,20010117/DALCHH,Final,2001-01-18,01:30,1610612766,CHH,90,1610612742,DAL,91,,,,False
0020000554,20010117/TORSAS,Final,2001-01-18,02:30,1610612759,SAS,91,1610612761,TOR,98,,,,False
0020000555,20010117/VANDEN,Final,2001-01-18,03:00,1610612743,DEN,121,1610612763,VAN,97,,,,False
0020000556,20010117/MINUTA,Final,2001-01-18,02:00,1610612762,UTA,81,1610612750,MIN,89,,,,False
0020000557,20010117/BOSSAC,Final,2001-01-18,04:30,1610612758,SAC,111,1610612738,BOS,106,,,,False
0020000558,20010117/PHXSEA,Final,2001-01-18,04:30,1610612760,SEA,80,1610612756,PHX,89,,,,False
0020000559,20010118/ATLIND,Final,2001-01-19,01:00,1610612754,IND,84,1610612737,ATL,76,,,,False
0020000560,20010118/DETCHI,Final,2001-01-19,02:30,1610612741,CHI,110,1610612765,DET,116,,,,False
0020000561,20010118/ORLDAL,Final/OT,2001-01-19,02:00,1610612742,DAL,115,1610612753,ORL,106,,,,False
0020000562,20010118/BOSLAC,Final,2001-01-19,04:30,1610612746,LAC,79,1610612738,BOS,82,,,,False
0020000563,20010118/HOUGSW,Final,2001-01-19,04:30,1610612744,GSW,104,1610612745,HOU,112,,,,False
0020000564,20010118/MIAPOR,Final,2001-01-19,02:00,1610612757,POR,85,1610612748,MIA,74,,,,False
0020000565,20010119/NJNPHI,Final,2001-01-20,01:00,1610612755,PHI,97,1610612751,NJN,86,,,,False
0020000566,20010119/MILCHH,Final,2001-01-20,01:30,1610612766,CHH,98,1610612749,MIL,105,,,,False
0020000567,20010119/WASTOR,Final,2001-01-20,01:00,1610612761,TOR,101,1610612764,WAS,79,,,,False
0020000568,20010119/NYKDET,Final,2001-01-20,02:00,1610612765,DET,91,1610612752,NYK,97,,,,False
0020000569,20010119/CLEDEN,Final,2001-01-20,03:00,1610612743,DEN,91,1610612739,CLE,88,,,,False
0020000570,20010119/GSWPHX,Final,2001-01-20,03:00,1610612756,PHX,95,1610612744,GSW,103,,,,False
0020000571,20010119/HOULAL,Final,2001-01-20,04:30,1610612747,LAL,114,1610612745,HOU,101,,,,False
0020000572,20010119/MINSEA,Final,2001-01-20,04:00,1610612760,SEA,93,1610612750,MIN,98,,,,False
0020000573,20010119/MIAVAN,Final,2001-01-20,04:00,1610612763,VAN,86,1610612748,MIA,97,,,,False
0020000574,20010120/CHINJN,Final,2001-01-21,02:00,1610612751,NJN,123,1610612741,CHI,103,,,,False
0020000575,20010120/DENDAL,Final,2001-01-21,02:00,1610612742,DAL,97,1610612743,DEN,79,,,,False
0020000576,20010120/ORLSAS,Final/OT,2001-01-21,02:00,1610612759,SAS,109,1610612753,ORL,112,,,,False
0020000577,20010120/SACPOR,Final,2001-01-20,23:30,1610612757,POR,101,1610612758,SAC,111,,,,False
0020000578,20010121/INDNYK,Final,2001-01-21,18:00,1610612752,NYK,74,1610612754,IND,87,,,,False
0020000579,20010121/TORPHI,Final/OT,2001-01-21,20:30,1610612755,PHI,106,1610612761,TOR,110,,,,False
0020000580,20010121/ATLWAS,Final,2001-01-21,19:00,1610612764,WAS,94,1610612737,ATL,90,,,,False
0020000581,20010121/MILDET,Final,2001-01-22,01:30,1610612765,DET,98,1610612749,MIL,102,,,,False
0020000582,20010121/PHXUTA,Final,2001-01-21,20:30,1610612762,UTA,109,1610612756,PHX,98,,,,False
0020000583,20010121/MIALAL,Final,2001-01-21,23:00,1610612747,LAL,92,1610612748,MIA,103,,,,False
0020000584,20010121/BOSGSW,Final,2001-01-22,03:00,1610612744,GSW,94,1610612738,BOS,91,,,,False
0020000585,20010121/SACSEA,Final,2001-01-22,03:00,1610612760,SEA,109,1610612758,SAC,107,,,,False
0020000586,20010121/MINVAN,Final,2001-01-21,21:30,1610612763,VAN,94,1610612750,MIN,96,,,,False
0020000587,20010122/PORCLE,Final,2001-01-23,01:30,1610612739,CLE,84,1610612757,POR,58,,,,False
0020000588,20010123/ATLBOS,Final,2001-01-24,01:00,1610612738,BOS,83,1610612737,ATL,82,,,,False
0020000589,20010123/CHHWAS,Final,2001-01-24,01:00,1610612764,WAS,97,1610612766,CHH,95,,,,False
0020000590,20010123/TORORL,Final/OT2,2001-01-24,01:30,1610612753,ORL,116,1610612761,TOR,111,,,,False
0020000591,20010123/PORCHI,Final,2001-01-24,02:30,1610612741,CHI,100,1610612757,POR,104,,,,False
0020000592,20010123/NYKMIL,Final,2001-01-24,02:00,1610612749,MIL,105,1610612752,NYK,91,,,,False
0020000593,20010123/PHXMIN,Final,2001-01-24,02:00,1610612750,MIN,82,1610612756,PHX,73,,,,False
0020000594,20010123/PHIDAL,Final,2001-01-24,02:00,1610612742,DAL,98,1610612755,PHI,114,,,,False
0020000595,20010123/VANSAS,Final,2001-01-24,02:30,1610612759,SAS,110,1610612763,VAN,77,,,,False
0020000596,20010123/HOUDEN,Final,2001-01-24,03:00,1610612743,DEN,105,1610612745,HOU,100,,,,False
0020000597,20010123/GSWUTA,Final,2001-01-24,03:00,1610612762,UTA,100,1610612744,GSW,78,,,,False
0020000598,20010123/NJNSAC,Final,2001-01-24,04:30,1610612758,SAC,130,1610612751,NJN,104,,,,False
0020000599,20010123/LALSEA,Final,2001-01-24,02:00,1610612760,SEA,91,1610612747,LAL,80,,,,False
0020000600,20010124/TORMIA,Final,2001-01-25,01:30,1610612748,MIA,103,1610612761,TOR,83,,,,False
0020000601,20010124/NYKCHH,Final,2001-01-25,02:00,1610612766,CHH,81,1610612752,NYK,67,,,,False
0020000602,20010124/CHICLE,Final,2001-01-25,01:30,1610612739,CLE,94,1610612741,CHI,86,,,,False
0020000603,20010124/PHXDET,Final,2001-01-25,01:30,1610612765,DET,73,1610612756,PHX,106,,,,False
0020000604,20010124/PHIHOU,Final/OT,2001-01-25,02:30,1610612745,HOU,84,1610612755,PHI,85,,,,False
0020000605,20010124/SEALAC,Final/OT,2001-01-25,04:30,1610612746,LAC,110,1610612760,SEA,114,,,,False
0020000606,20010124/NJNGSW,Final,2001-01-25,04:30,1610612744,GSW,109,1610612751,NJN,87,,,,False
0020000607,20010125/PORIND,Final,2001-01-26,02:00,1610612754,IND,82,1610612757,POR,92,,,,False
0020000608,20010125/ORLMIN,Final,2001-01-26,02:00,1610612750,MIN,109,1610612753,ORL,100,,,,False
0020000609,20010125/VANDAL,Final,2001-01-26,02:00,1610612742,DAL,120,1610612763,VAN,83,,,,False
0020000610,20010125/DENUTA,Final,2001-01-26,03:00,1610612762,UTA,98,1610612743,DEN,96,,,,False
0020000611,20010125/SASSAC,Final,2001-01-26,04:30,1610612758,SAC,91,1610612759,SAS,97,,,,False
0020000612,20010126/PHXBOS,Final,2001-01-27,01:30,1610612738,BOS,99,1610612756,PHX,83,,,,False
0020000613,20010126/DETPHI,Final,2001-01-27,01:00,1610612755,PHI,105,1610612765,DET,89,,,,False
0020000614,20010126/WASATL,Final,2001-01-27,01:30,1610612737,ATL,99,1610612764,WAS,106,,,,False
0020000615,20010126/VANHOU,Final,2001-01-27,02:30,1610612745,HOU,106,1610612763,VAN,89,,,,False
0020000616,20010126/NJNLAL,Final,2001-01-27,04:30,1610612747,LAL,113,1610612751,NJN,101,,,,False
0020000617,20010126/SEAGSW,Final,2001-01-27,04:30,1610612744,GSW,105,1610612760,SEA,107,,,,False
0020000618,20010127/PHXWAS,Final,2001-01-28,02:00,1610612764,WAS,89,1610612756,PHX,82,,,,False
0020000619,20010127/MIAORL,Final,2001-01-27,23:30,1610612753,ORL,59,1610612748,MIA,81,,,,False
0020000620,20010127/HOUCHH,Final,2001-01-28,02:00,1610612766,CHH,97,1610612745,HOU,110,,,,False
0020000621,20010127/ATLCLE,Final,2001-01-28,02:00,1610612739,CLE,90,1610612737,ATL,101,,,,False
0020000622,20010127/TORCHI,Final,2001-01-27,23:30,1610612741,CHI,80,1610612761,TOR,90,,,,False
0020000623,20010127/DETMIL,Final,2001-01-28,02:30,1610612749,MIL,103,1610612765,DET,108,,,,False
0020000624,20010127/PORMIN,Final,2001-01-27,23:30,1610612750,MIN,93,1610612757,POR,80,,,,False
0020000625,20010127/DALDEN,Final,2001-01-28,03:00,1610612743,DEN,102,1610612742,DAL,100,,,,False
0020000626,20010127/SASUTA,Final,2001-01-27,21:00,1610612762,UTA,86,1610612759,SAS,99,,,,False
0020000627,20010127/SACLAC,Final,2001-01-28,04:30,1610612746,LAC,89,1610612758,SAC,101,,,,False
0020000628,20010127/NJNSEA,Final,2001-01-28,04:00,1610612760,SEA,106,1610612751,NJN,97,,,,False
0020000629,20010128/LALNYK,Final,2001-01-28,20:30,1610612752,NYK,91,1610612747,LAL,81,,,,False
0020000630,20010128/PHIIND,Final,2001-01-28,18:00,1610612754,IND,81,1610612755,PHI,86,,,,False
0020000631,20010129/DETBOS,Final,2001-01-30,01:00,1610612738,BOS,99,1610612765,DET,87,,,,False
0020000632,20010129/CLEWAS,Final,2001-01-30,01:00,1610612764,WAS,95,1610612739,CLE,89,,,,False
0020000633,20010129/PHXATL,Final,2001-01-30,01:30,1610612737,ATL,82,1610612756,PHX,95,,,,False
0020000634,20010129/MILMIN,Final,2001-01-30,02:00,1610612750,MIN,99,1610612749,MIL,96,,,,False
0020000635,20010129/UTADEN,Final,2001-01-30,03:00,1610612743,DEN,91,1610612762,UTA,97,,,,False
0020000636,20010129/SASLAC,Final,2001-01-30,04:30,1610612746,LAC,67,1610612759,SAS,96,,,,False
0020000637,20010129/CHHGSW,Final,2001-01-30,04:30,1610612744,GSW,85,1610612766,CHH,93,,,,False
0020000638,20010129/NJNVAN,Final,2001-01-30,04:00,1610612763,VAN,97,1610612751,NJN,86,,,,False
0020000639,20010130/INDORL,Final,2001-01-31,02:00,1610612753,ORL,93,1610612754,IND,86,,,,False
0020000640,20010130/PHITOR,Final,2001-01-31,01:00,1610612761,TOR,96,1610612755,PHI,89,,,,False
0020000641,20010130/LALCLE,Final,2001-01-31,01:30,1610612739,CLE,96,1610612747,LAL,102,,,,False
0020000642,20010130/MIAHOU,Final,2001-01-31,02:30,1610612745,HOU,85,1610612748,MIA,103,,,,False
0020000643,20010130/GSWSAC,Final,2001-01-31,04:30,1610612758,SAC,105,1610612744,GSW,79,,,,False
0020000644,20010130/CHIPOR,Final,2001-01-31,04:00,1610612757,POR,92,1610612741,CHI,81,,,,False
0020000645,20010130/UTASEA,Final,2001-01-31,04:00,1610612760,SEA,88,1610612762,UTA,102,,,,False
0020000646,20010131/DETNJN,Final,2001-02-01,01:30,1610612751,NJN,103,1610612765,DET,112,,,,False
0020000647,20010131/ORLWAS,Final,2001-02-01,01:00,1610612764,WAS,96,1610612753,ORL,100,,,,False
0020000648,20010131/TORATL,Final,2001-02-01,01:30,1610612737,ATL,102,1610612761,TOR,97,,,,False
0020000649,20010131/BOSIND,Final/OT,2001-02-01,01:00,1610612754,IND,96,1610612738,BOS,102,,,,False
0020000650,20010131/DENMIL,Final,2001-02-01,02:00,1610612749,MIL,116,1610612743,DEN,111,,,,False
0020000651,20010131/LALMIN,Final,2001-02-01,02:00,1610612750,MIN,96,1610612747,LAL,83,,,,False
0020000652,20010131/LACSAS,Final,2001-02-01,02:30,1610612759,SAS,92,1610612746,LAC,70,,,,False
0020000653,20010131/VANPHX,Final,2001-02-01,03:00,1610612756,PHX,101,1610612763,VAN,92,,,,False
0020000654,20010201/PHINYK,Final,2001-02-02,02:00,1610612752,NYK,80,1610612755,PHI,87,,,,False
0020000655,20010201/MINCLE,Final,2001-02-02,01:30,1610612739,CLE,81,1610612750,MIN,90,,,,False
0020000656,20010201/MIADAL,Final/OT,2001-02-02,02:00,1610612742,DAL,95,1610612748,MIA,91,,,,False
0020000657,20010201/LACHOU,Final,2001-02-02,02:30,1610612745,HOU,84,1610612746,LAC,101,,,,False
0020000658,20010201/CHHUTA,Final,2001-02-02,03:00,1610612762,UTA,87,1610612766,CHH,76,,,,False
0020000659,20010201/PHXPOR,Final,2001-02-02,04:00,1610612757,POR,100,1610612756,PHX,92,,,,False
0020000660,20010201/CHISEA,Final,2001-02-02,04:00,1610612760,SEA,97,1610612741,CHI,91,,,,False
0020000661,20010202/NYKNJN,Final,2001-02-03,01:30,1610612751,NJN,71,1610612752,NYK,95,,,,False
0020000662,20010202/ORLPHI,Final/OT2,2001-02-03,01:00,1610612755,PHI,117,1610612753,ORL,123,,,,False
0020000663,20010202/MIAATL,Final,2001-02-03,01:30,1610612737,ATL,80,1610612748,MIA,91,,,,False
0020000664,20010202/BOSDET,Final,2001-02-03,02:00,1610612765,DET,95,1610612738,BOS,102,,,,False
0020000665,20010202/DENIND,Final,2001-02-03,01:00,1610612754,IND,103,1610612743,DEN,94,,,,False
0020000666,20010202/CHHLAL,Final,2001-02-03,04:30,1610612747,LAL,93,1610612766,CHH,87,,,,False
0020000667,20010202/VANSAC,Final,2001-02-03,04:30,1610612758,SAC,105,1610612763,VAN,95,,,,False
0020000668,20010203/DENWAS,Final,2001-02-04,01:00,1610612764,WAS,100,1610612743,DEN,105,,,,False
0020000669,20010203/ATLORL,Final,2001-02-04,01:30,1610612753,ORL,96,1610612737,ATL,84,,,,False
0020000670,20010203/MINTOR,Final,2001-02-04,01:00,1610612761,TOR,105,1610612750,MIN,108,,,,False
0020000671,20010203/DETCLE,Final/OT,2001-02-04,01:30,1610612739,CLE,81,1610612765,DET,88,,,,False
0020000672,20010203/INDMIL,Final,2001-02-04,02:30,1610612749,MIL,104,1610612754,IND,85,,,,False
0020000673,20010203/GSWDAL,Final,2001-02-04,02:00,1610612742,DAL,101,1610612744,GSW,95,,,,False
0020000674,20010203/HOUSAS,Final,2001-02-04,02:30,1610612759,SAS,90,1610612745,HOU,88,,,,False
0020000675,20010203/SEAUTA,Final,2001-02-04,03:00,1610612762,UTA,111,1610612760,SEA,91,,,,False
0020000676,20010203/PORLAC,Final,2001-02-04,04:30,1610612746,LAC,90,1610612757,POR,89,,,,False
0020000677,20010203/CHIVAN,Final,2001-02-04,04:00,1610612763,VAN,91,1610612741,CHI,84,,,,False
0020000678,20010204/CLEBOS,Final,2001-02-05,00:00,1610612738,BOS,103,1610612739,CLE,82,,,,False
0020000679,20010204/PHINJN,Final,2001-02-05,00:00,1610612751,NJN,96,1610612755,PHI,89,,,,False
0020000680,20010204/NYKMIA,Final/OT,2001-02-04,19:00,1610612748,MIA,100,1610612752,NYK,103,,,,False
0020000681,20010204/CHHPHX,Final,2001-02-05,02:00,1610612756,PHX,85,1610612766,CHH,82,,,,False
0020000682,20010204/SACLAL,Final,2001-02-04,21:30,1610612747,LAL,100,1610612758,SAC,94,,,,False
0020000683,20010205/DENPHI,Final,2001-02-06,01:00,1610612755,PHI,99,1610612743,DEN,80,,,,False
0020000684,20010205/DALATL,Final,2001-02-06,01:30,1610612737,ATL,81,1610612742,DAL,91,,,,False
0020000685,20010205/BOSTOR,Final,2001-02-06,01:00,1610612761,TOR,110,1610612738,BOS,98,,,,False
0020000686,20010205/NYKHOU,Final,2001-02-06,02:30,1610612745,HOU,100,1610612752,NYK,86,,,,False
0020000687,20010205/GSWSAS,Final,2001-02-06,02:30,1610612759,SAS,109,1610612744,GSW,85,,,,False
0020000688,20010205/CHILAC,Final,2001-02-06,04:30,1610612746,LAC,102,1610612741,CHI,82,,,,False
0020000689,20010205/VANSEA,Final,2001-02-06,04:00,1610612760,SEA,95,1610612763,VAN,82,,,,False
0020000690,20010206/ATLNJN,Final,2001-02-07,01:30,1610612751,NJN,90,1610612737,ATL,84,,,,False
0020000691,20010206/INDMIA,Final,2001-02-07,02:00,1610612748,MIA,102,1610612754,IND,89,,,,False
0020000692,20010206/ORLCHH,Final,2001-02-07,01:00,1610612766,CHH,83,1610612753,ORL,109,,,,False
0020000693,20010206/DENDET,Final,2001-02-07,01:30,1610612765,DET,94,1610612743,DEN,83,,,,False
0020000694,20010206/SACMIL,Final,2001-02-07,02:00,1610612749,MIL,112,1610612758,SAC,109,,,,False
0020000695,20010206/CHIPHX,Final,2001-02-07,03:00,1610612756,PHX,97,1610612741,CHI,80,,,,False
0020000696,20010207/MILBOS,Final,2001-02-08,01:00,1610612738,BOS,94,1610612749,MIL,91,,,,False
0020000697,20010207/DALNYK,Final/OT2,2001-02-08,01:30,1610612752,NYK,96,1610612742,DAL,93,,,,False
0020000698,20010207/HOUPHI,Final,2001-02-08,01:00,1610612755,PHI,87,1610612745,HOU,112,,,,False
0020000699,20010207/WASORL,Final,2001-02-08,01:30,1610612753,ORL,107,1610612764,WAS,98,,,,False
0020000700,20010207/SASCLE,Final,2001-02-08,01:30,1610612739,CLE,89,1610612759,SAS,107,,,,False
0020000701,20010207/SACMIN,Final,2001-02-08,02:00,1610612750,MIN,117,1610612758,SAC,88,,,,False
0020000702,20010207/PHXLAL,Final,2001-02-08,04:30,1610612747,LAL,85,1610612756,PHX,83,,,,False
0020000703,20010207/LACGSW,Final,2001-02-08,04:30,1610612744,GSW,89,1610612746,LAC,88,,,,False
0020000704,20010207/SEAPOR,Final,2001-02-08,04:00,1610612757,POR,97,1610612760,SEA,80,,,,False
0020000705,20010207/UTAVAN,Final,2001-02-08,04:30,1610612763,VAN,82,1610612762,UTA,92,,,,False
0020000706,20010208/SASNJN,Final,2001-02-09,02:00,1610612751,NJN,99,1610612759,SAS,97,,,,False
0020000707,20010208/ATLCHH,Final,2001-02-09,01:30,1610612766,CHH,101,1610612737,ATL,84,,,,False
0020000708,20010208/DENTOR,Final,2001-02-09,02:00,1610612761,TOR,99,1610612743,DEN,92,,,,False
0020000709,20010208/HOUDET,Final,2001-02-09,01:30,1610612765,DET,90,1610612745,HOU,103,,,,False
0030000002,20010210/SPHRKE,,2001-02-10,22:00,1610616837,RKE,0,1610616838,SPH,0,,Rising Stars,,False
0030000001,20010211/WSTEST,Final,2001-02-12,00:00,1610616833,EST,111,1610616834,WST,110,,All-Star Game,,False
0020000710,20010213/LALNJN,Final/OT,2001-02-14,01:30,1610612751,NJN,110,1610612747,LAL,113,,,,False
0020000711,20010213/LACMIA,Final/OT,2001-02-14,01:30,1610612748,MIA,101,1610612746,LAC,99,,,,False
0020000712,20010213/TORCLE,Final,2001-02-14,01:30,1610612739,CLE,105,1610612761,TOR,120,,,,False
0020000713,20010213/CHHIND,Final,2001-02-14,01:00,1610612754,IND,66,1610612766,CHH,77,,,,False
0020000714,20010213/ATLCHI,Final,2001-02-14,02:30,1610612741,CHI,96,1610612737,ATL,92,,,,False
0020000715,20010213/PHIMIL,Final,2001-02-14,02:00,1610612749,MIL,104,1610612755,PHI,107,,,,False
0020000716,20010213/WASHOU,Final,2001-02-14,02:30,1610612745,HOU,99,1610612764,WAS,89,,,,False
0020000717,20010213/DALSAS,Final,2001-02-14,02:30,1610612759,SAS,104,1610612742,DAL,92,,,,False
0020000718,20010213/NYKDEN,Final,2001-02-14,03:00,1610612743,DEN,96,1610612752,NYK,77,,,,False
0020000719,20010213/SACUTA,Final/OT,2001-02-14,02:00,1610612762,UTA,94,1610612758,SAC,97,,,,False
0020000720,20010213/PHXGSW,Final,2001-02-14,04:30,1610612744,GSW,83,1610612756,PHX,93,,,,False
0020000721,20010213/MINPOR,Final,2001-02-14,04:00,1610612757,POR,109,1610612750,MIN,88,,,,False
0020000722,20010213/BOSVAN,Final,2001-02-14,04:00,1610612763,VAN,99,1610612738,BOS,98,,,,False
0020000723,20010214/LALPHI,Final,2001-02-15,02:00,1610612755,PHI,112,1610612747,LAL,97,,,,False
0020000724,20010214/LACORL,Final,2001-02-15,01:30,1610612753,ORL,114,1610612746,LAC,101,,,,False
0020000725,20010214/MILATL,Final,2001-02-15,01:30,1610612737,ATL,98,1610612749,MIL,102,,,,False
0020000726,20010214/NJNDET,Final,2001-02-15,01:30,1610612765,DET,105,1610612751,NJN,86,,,,False
0020000727,20010214/NYKUTA,Final,2001-02-15,03:00,1610612762,UTA,106,1610612752,NYK,90,,,,False
0020000728,20010214/MINPHX,Final,2001-02-15,03:00,1610612756,PHX,104,1610612750,MIN,96,,,,False
0020000729,20010215/MIATOR,Final/OT,2001-02-16,02:00,1610612761,TOR,91,1610612748,MIA,98,,,,False
0020000730,20010215/DETIND,Final,2001-02-16,01:00,1610612754,IND,82,1610612765,DET,73,,,,False
0020000731,20010215/CLEDAL,Final,2001-02-16,02:30,1610612742,DAL,102,1610612739,CLE,81,,,,False
0020000732,20010215/WASSAS,Final,2001-02-16,02:30,1610612759,SAS,102,1610612764,WAS,78,,,,False
0020000733,20010215/SACPOR,Final,2001-02-16,04:00,1610612757,POR,105,1610612758,SAC,81,,,,False
0020000734,20010215/BOSSEA,Final,2001-02-16,04:00,1610612760,SEA,88,1610612738,BOS,108,,,,False
0020000735,20010215/GSWVAN,Final,2001-02-16,04:00,1610612763,VAN,99,1610612744,GSW,89,,,,False
0020000736,20010216/NJNNYK,Final,2001-02-17,01:30,1610612752,NYK,114,1610612751,NJN,104,,,,False
0020000737,20010216/LACPHI,Final,2001-02-17,01:00,1610612755,PHI,108,1610612746,LAC,93,,,,False
0020000738,20010216/HOUORL,Final,2001-02-17,01:30,1610612753,ORL,108,1610612745,HOU,93,,,,False
0020000739,20010216/LALCHH,Final,2001-02-17,01:30,1610612766,CHH,94,1610612747,LAL,99,,,,False
0020000740,20010216/SASMIN,Final,2001-02-17,02:00,1610612750,MIN,85,1610612759,SAS,91,,,,False
0020000741,20010216/VANGSW,Final,2001-02-17,04:30,1610612744,GSW,79,1610612763,VAN,92,,,,False
0020000742,20010216/DENSAC,Final,2001-02-17,04:30,1610612758,SAC,117,1610612743,DEN,84,,,,False
0020000743,20010217/MIACHI,Final,2001-02-18,02:30,1610612741,CHI,89,1610612748,MIA,82,,,,False
0020000744,20010217/CHHMIL,Final,2001-02-18,02:30,1610612749,MIL,93,1610612766,CHH,103,,,,False
0020000745,20010217/WASDAL,Final,2001-02-18,02:30,1610612742,DAL,112,1610612764,WAS,105,,,,False
0020000746,20010217/CLEHOU,Final,2001-02-18,02:30,1610612745,HOU,92,1610612739,CLE,80,,,,False
0020000747,20010217/BOSPOR,Final,2001-02-18,04:00,1610612757,POR,81,1610612738,BOS,85,,,,False
0020000748,20010217/ATLSEA,Final,2001-02-18,04:00,1610612760,SEA,94,1610612737,ATL,101,,,,False
0020000749,20010218/LACNJN,Final/OT,2001-02-18,19:00,1610612751,NJN,102,1610612746,LAC,96,,,,False
0020000750,20010218/PHXPHI,Final,2001-02-18,18:30,1610612755,PHI,104,1610612756,PHX,98,,,,False
0020000751,20010218/NYKORL,Final,2001-02-19,01:30,1610612753,ORL,96,1610612752,NYK,88,,,,False
0020000752,20010218/SASTOR,Final,2001-02-18,18:30,1610612761,TOR,74,1610612759,SAS,92,,,,False
0020000753,20010218/LALIND,Final,2001-02-18,23:30,1610612754,IND,110,1610612747,LAL,109,,,,False
0020000754,20010218/VANMIN,Final,2001-02-18,21:30,1610612750,MIN,102,1610612763,VAN,110,,,,False
0020000755,20010218/WASDEN,Final,2001-02-19,03:00,1610612743,DEN,98,1610612764,WAS,101,,,,False
0020000756,20010218/ATLGSW,Final,2001-02-19,03:00,1610612744,GSW,91,1610612737,ATL,98,,,,False
0020000757,20010218/UTASAC,Final,2001-02-18,21:00,1610612758,SAC,90,1610612762,UTA,94,,,,False
0020000758,20010219/CHICLE,Final,2001-02-20,01:30,1610612739,CLE,85,1610612741,CHI,84,,,,False
0020000759,20010219/LACDET,Final/OT,2001-02-20,01:30,1610612765,DET,106,1610612746,LAC,111,,,,False
0020000760,20010219/SASMIL,Final,2001-02-20,02:00,1610612749,MIL,102,1610612759,SAS,98,,,,False
0020000761,20010219/BOSUTA,Final,2001-02-20,03:00,1610612762,UTA,114,1610612738,BOS,99,,,,False
0020000762,20010220/MIANYK,Final,2001-02-21,02:00,1610612752,NYK,76,1610612748,MIA,74,,,,False
0020000763,20010220/VANWAS,Final,2001-02-21,01:00,1610612764,WAS,104,1610612763,VAN,116,,,,False
0020000764,20010220/PHXORL,Final,2001-02-21,01:30,1610612753,ORL,104,1610612756,PHX,110,,,,False
0020000765,20010220/GSWTOR,Final,2001-02-21,00:00,1610612761,TOR,113,1610612744,GSW,102,,,,False
0020000766,20010220/MILCHI,Final,2001-02-21,02:30,1610612741,CHI,92,1610612749,MIL,101,,,,False
0020000767,20010220/LALDAL,Final,2001-02-21,02:30,1610612742,DAL,109,1610612747,LAL,119,,,,False
0020000768,20010220/BOSHOU,Final,2001-02-21,02:30,1610612745,HOU,101,1610612738,BOS,84,,,,False
0020000769,20010220/ATLSAC,Final,2001-02-21,04:30,1610612758,SAC,94,1610612737,ATL,80,,,,False
0020000770,20010220/DENPOR,Final,2001-02-21,04:00,1610612757,POR,104,1610612743,DEN,94,,,,False
0020000771,20010221/TORNJN,Final,2001-02-22,01:30,1610612751,NJN,113,1610612761,TOR,111,,,,False
0020000772,20010221/VANPHI,Final,2001-02-22,01:00,1610612755,PHI,107,1610612763,VAN,91,,,,False
0020000773,20010221/PHXMIA,Final,2001-02-22,01:30,1610612748,MIA,85,1610612756,PHX,100,,,,False
0020000774,20010221/LACCLE,Final,2001-02-22,01:30,1610612739,CLE,94,1610612746,LAC,100,,,,False
0020000775,20010221/NYKDET,Final,2001-02-22,01:30,1610612765,DET,90,1610612752,NYK,85,,,,False
0020000776,20010221/HOUMIN,Final,2001-02-22,02:00,1610612750,MIN,83,1610612745,HOU,89,,,,False
0020000777,20010221/LALSAS,Final,2001-02-22,02:00,1610612759,SAS,99,1610612747,LAL,101,,,,False
0020000778,20010221/DENSEA,Final,2001-02-22,04:00,1610612760,SEA,127,1610612743,DEN,98,,,,False
0020000779,20010222/SACWAS,Final,2001-02-23,01:00,1610612764,WAS,110,1610612758,SAC,115,,,,False
0020000780,20010222/GSWCHH,Final,2001-02-23,01:30,1610612766,CHH,93,1610612744,GSW,91,,,,False
0020000781,20010222/LACCHI,Final,2001-02-23,02:30,1610612741,CHI,80,1610612746,LAC,93,,,,False
0020000782,20010222/BOSDAL,Final,2001-02-23,02:30,1610612742,DAL,98,1610612738,BOS,91,,,,False
0020000783,20010222/UTAPOR,Final,2001-02-23,02:00,1610612757,POR,84,1610612762,UTA,90,,,,False
0020000784,20010223/PHXNYK,Final/OT,2001-02-24,01:30,1610612752,NYK,84,1610612756,PHX,88,,,,False
0020000785,20010223/SACTOR,Final/OT3,2001-02-24,01:00,1610612761,TOR,118,1610612758,SAC,119,,,,False
0020000786,20010223/INDCLE,Final,2001-02-24,01:30,1610612739,CLE,90,1610612754,IND,92,,,,False
0020000787,20010223/PHIDET,Final,2001-02-24,02:00,1610612765,DET,78,1610612755,PHI,99,,,,False
0020000788,20010223/VANMIL,Final,2001-02-24,02:30,1610612749,MIL,93,1610612763,VAN,81,,,,False
0020000789,20010223/GSWMIN,Final,2001-02-24,02:00,1610612750,MIN,122,1610612744,GSW,83,,,,False
0020000790,20010223/ORLHOU,Final,2001-02-24,02:30,1610612745,HOU,105,1610612753,ORL,95,,,,False
0020000791,20010223/BOSSAS,Final,2001-02-24,02:30,1610612759,SAS,100,1610612738,BOS,82,,,,False
0020000792,20010223/ATLLAL,Final,2001-02-24,04:30,1610612747,LAL,113,1610612737,ATL,106,,,,False
0020000793,20010223/UTASEA,Final,2001-02-24,04:00,1610612760,SEA,84,1610612762,UTA,96,,,,False
0020000794,20010224/TORWAS,Final,2001-02-25,01:00,1610612764,WAS,99,1610612761,TOR,106,,,,False
0020000795,20010224/NJNMIA,Final,2001-02-25,01:30,1610612748,MIA,75,1610612751,NJN,70,,,,False
0020000796,20010224/PHICHH,Final,2001-02-25,01:30,1610612766,CHH,86,1610612755,PHI,85,,,,False
0020000797,20010224/VANCHI,Final,2001-02-25,02:30,1610612741,CHI,90,1610612763,VAN,75,,,,False
0020000798,20010224/SASDAL,Final,2001-02-25,02:30,1610612742,DAL,104,1610612759,SAS,107,,,,False
0020000799,20010224/ATLDEN,Final,2001-02-25,03:00,1610612743,DEN,85,1610612737,ATL,82,,,,False
0020000800,20010224/PORLAC,Final/OT2,2001-02-25,04:30,1610612746,LAC,123,1610612757,POR,120,,,,False
0020000801,20010225/SACNYK,Final,2001-02-25,18:30,1610612752,NYK,88,1610612758,SAC,86,,,,False
0020000802,20010225/WASNJN,Final,2001-02-26,02:00,1610612751,NJN,101,1610612764,WAS,91,,,,False
0020000803,20010225/CLEDET,Final,2001-02-26,02:00,1610612765,DET,94,1610612739,CLE,101,,,,False
0020000804,20010225/MININD,Final,2001-02-25,21:00,1610612754,IND,110,1610612750,MIN,100,,,,False
0020000805,20010225/GSWMIL,Final,2001-02-25,23:30,1610612749,MIL,122,1610612744,GSW,95,,,,False
0020000806,20010225/UTAPHX,Final,2001-02-25,21:00,1610612756,PHX,90,1610612762,UTA,80,,,,False
0020000807,20010225/ORLLAL,Final,2001-02-25,23:30,1610612747,LAL,106,1610612753,ORL,100,,,,False
0020000808,20010226/SEABOS,Final,2001-02-27,01:00,1610612738,BOS,85,1610612760,SEA,82,,,,False
0020000809,20010226/MILPHI,Final,2001-02-27,01:00,1610612755,PHI,91,1610612749,MIL,98,,,,False
0020000810,20010226/INDCHH,Final,2001-02-27,01:00,1610612766,CHH,82,1610612754,IND,72,,,,False
0020000811,20010226/GSWCHI,Final,2001-02-27,02:30,1610612741,CHI,78,1610612744,GSW,84,,,,False
0020000812,20010226/PORHOU,Final,2001-02-27,02:30,1610612745,HOU,89,1610612757,POR,95,,,,False
0020000813,20010226/ORLDEN,Final,2001-02-27,03:00,1610612743,DEN,86,1610612753,ORL,93,,,,False
0020000814,20010226/ATLUTA,Final,2001-02-27,03:00,1610612762,UTA,99,1610612737,ATL,82,,,,False
0020000815,20010226/DALLAC,Final,2001-02-27,04:30,1610612746,LAC,92,1610612742,DAL,103,,,,False
0020000816,20010227/SEANYK,Final,2001-02-28,02:00,1610612752,NYK,101,1610612760,SEA,92,,,,False
0020000817,20010227/WASMIA,Final,2001-02-28,01:30,1610612748,MIA,103,1610612764,WAS,95,,,,False
0020000818,20010227/CLETOR,Final,2001-02-28,01:00,1610612761,TOR,101,1610612739,CLE,89,,,,False
0020000819,20010227/PORSAS,Final,2001-02-28,02:30,1610612759,SAS,87,1610612757,POR,95,,,,False
0020000820,20010227/LACSAC,Final/OT,2001-02-28,04:30,1610612758,SAC,106,1610612746,LAC,93,,,,False
0020000821,20010227/DALVAN,Final,2001-02-28,04:00,1610612763,VAN,112,1610612742,DAL,116,,,,False
0020000822,20010228/MIAPHI,Final,2001-03-01,02:00,1610612755,PHI,79,1610612748,MIA,69,,,,False
0020000823,20010228/NJNCHH,Final,2001-03-01,01:30,1610612766,CHH,91,1610612751,NJN,88,,,,False
0020000824,20010228/TORATL,Final,2001-03-01,01:30,1610612737,ATL,88,1610612761,TOR,95,,,,False
0020000825,20010228/MILIND,Final,2001-03-01,01:00,1610612754,IND,99,1610612749,MIL,86,,,,False
0020000826,20010228/HOUCHI,Final,2001-03-01,02:30,1610612741,CHI,78,1610612745,HOU,95,,,,False
0020000827,20010228/DETMIN,Final,2001-03-01,02:00,1610612750,MIN,111,1610612765,DET,100,,,,False
0020000828,20010228/LALDEN,Final,2001-03-01,04:30,1610612743,DEN,107,1610612747,LAL,101,,,,False
0020000829,20010228/VANUTA,Final,2001-03-01,03:00,1610612762,UTA,101,1610612763,VAN,83,,,,False
0020000830,20010228/ORLPHX,Final,2001-03-01,03:00,1610612756,PHX,91,1610612753,ORL,97,,,,False
0020000831,20010228/SACGSW,Final,2001-03-01,04:30,1610612744,GSW,101,1610612758,SAC,122,,,,False
0020000832,20010301/BOSNYK,Final,2001-03-02,01:30,1610612752,NYK,95,1610612738,BOS,88,,,,False
0020000833,20010301/SEACLE,Final/OT,2001-03-02,01:30,1610612739,CLE,99,1610612760,SEA,101,,,,False
0020000834,20010301/HOUMIL,Final,2001-03-02,02:00,1610612749,MIL,91,1610612745,HOU,108,,,,False
0020000835,20010301/PHXSAS,Final,2001-03-02,02:00,1610612759,SAS,91,1610612756,PHX,71,,,,False
0020000836,20010301/LACPOR,Final,2001-03-02,04:00,1610612757,POR,94,1610612746,LAC,81,,,,False
0020000837,20010302/UTABOS,Final,2001-03-03,01:30,1610612738,BOS,103,1610612762,UTA,99,,,,False
0020000838,20010302/WASPHI,Final,2001-03-03,01:00,1610612755,PHI,107,1610612764,WAS,102,,,,False
0020000839,20010302/CLEORL,Final,2001-03-03,01:30,1610612753,ORL,120,1610612739,CLE,94,,,,False
0020000840,20010302/CHHATL,Final,2001-03-03,01:30,1610612737,ATL,99,1610612766,CHH,105,,,,False
0020000841,20010302/NJNTOR,Final,2001-03-03,01:30,1610612761,TOR,107,1610612751,NJN,90,,,,False
0020000842,20010302/MIADET,Final/OT,2001-03-03,02:00,1610612765,DET,93,1610612748,MIA,97,,,,False
0020000843,20010302/SEAIND,Final,2001-03-03,01:00,1610612754,IND,83,1610612760,SEA,86,,,,False
0020000844,20010302/NYKCHI,Final,2001-03-03,02:30,1610612741,CHI,81,1610612752,NYK,72,,,,False
0020000845,20010302/MINDEN,Final,2001-03-03,03:00,1610612743,DEN,71,1610612750,MIN,89,,,,False
0020000846,20010302/SACLAC,Final,2001-03-03,04:30,1610612746,LAC,88,1610612758,SAC,81,,,,False
0020000847,20010303/CHIMIL,Final/OT2,2001-03-04,02:30,1610612749,MIL,126,1610612741,CHI,122,,,,False
0020000848,20010303/HOUDAL,Final,2001-03-04,02:30,1610612742,DAL,100,1610612745,HOU,95,,,,False
0020000849,20010303/ATLSAS,Final,2001-03-04,02:30,1610612759,SAS,124,1610612737,ATL,95,,,,False
0020000850,20010303/DENPHX,Final,2001-03-04,03:00,1610612756,PHX,97,1610612743,DEN,82,,,,False
0020000851,20010303/GSWPOR,Final,2001-03-04,04:00,1610612757,POR,122,1610612744,GSW,91,,,,False
0020000852,20010303/LALVAN,Final,2001-03-03,21:30,1610612763,VAN,88,1610612747,LAL,98,,,,False
0020000853,20010304/CHHBOS,Final,2001-03-04,21:00,1610612738,BOS,97,1610612766,CHH,116,,,,False
0020000854,20010304/UTAWAS,Final,2001-03-04,21:00,1610612764,WAS,98,1610612762,UTA,118,,,,False
0020000855,20010304/NYKTOR,Final,2001-03-04,18:30,1610612761,TOR,98,1610612752,NYK,88,,,,False
0020000856,20010304/MIACLE,Final,2001-03-05,01:30,1610612739,CLE,79,1610612748,MIA,91,,,,False
0020000857,20010304/ORLDET,Final,2001-03-04,18:30,1610612765,DET,93,1610612753,ORL,84,,,,False
0020000858,20010304/NJNIND,Final,2001-03-04,21:00,1610612754,IND,96,1610612751,NJN,120,,,,False
0020000859,20010304/SEAMIN,Final/OT,2001-03-04,21:30,1610612750,MIN,119,1610612760,SEA,111,,,,False
0020000860,20010304/GSWLAL,Final,2001-03-05,03:30,1610612747,LAL,110,1610612744,GSW,95,,,,False
0020000861,20010305/MILNJN,Final,2001-03-06,01:30,1610612751,NJN,100,1610612749,MIL,107,,,,False
0020000862,20010305/DALORL,Final,2001-03-06,01:30,1610612753,ORL,95,1610612742,DAL,81,,,,False
0020000863,20010305/DETMIA,Final,2001-03-06,01:30,1610612748,MIA,87,1610612765,DET,84,,,,False
0020000864,20010305/UTAATL,Final,2001-03-06,01:30,1610612737,ATL,102,1610612762,UTA,109,,,,False
0020000865,20010305/DENLAC,Final,2001-03-06,04:30,1610612746,LAC,99,1610612743,DEN,86,,,,False
0020000866,20010305/SASVAN,Final,2001-03-06,04:00,1610612763,VAN,77,1610612759,SAS,91,,,,False
0020000867,20010306/INDNYK,Final,2001-03-07,02:00,1610612752,NYK,97,1610612754,IND,83,,,,False
0020000868,20010306/MINCHH,Final,2001-03-07,01:00,1610612766,CHH,89,1610612750,MIN,95,,,,False
0020000869,20010306/CLECHI,Final,2001-03-07,02:30,1610612741,CHI,87,1610612739,CLE,74,,,,False
0020000870,20010306/PHXDEN,Final,2001-03-07,03:00,1610612743,DEN,82,1610612756,PHX,93,,,,False
0020000871,20010306/LALGSW,Final,2001-03-07,04:30,1610612744,GSW,85,1610612747,LAL,97,,,,False
0020000872,20010306/TORSAC,Final,2001-03-07,03:00,1610612758,SAC,98,1610612761,TOR,91,,,,False
0020000873,20010306/VANPOR,Final,2001-03-07,04:00,1610612757,POR,97,1610612763,VAN,105,,,,False
0020000874,20010306/SASSEA,Final,2001-03-07,04:00,1610612760,SEA,73,1610612759,SAS,101,,,,False
0020000875,20010307/MILBOS,Final,2001-03-08,01:00,1610612738,BOS,94,1610612749,MIL,101,,,,False
0020000876,20010307/NJNPHI,Final,2001-03-08,01:00,1610612755,PHI,102,1610612751,NJN,94,,,,False
0020000877,20010307/DETORL,Final,2001-03-08,01:30,1610612753,ORL,112,1610612765,DET,102,,,,False
0020000878,20010307/DALMIA,Final,2001-03-08,01:30,1610612748,MIA,86,1610612742,DAL,93,,,,False
0020000879,20010307/HOUATL,Final,2001-03-08,01:30,1610612737,ATL,98,1610612745,HOU,104,,,,False
0020000880,20010307/WASCLE,Final,2001-03-08,01:30,1610612739,CLE,83,1610612764,WAS,88,,,,False
0020000881,20010307/NYKIND,Final,2001-03-08,01:00,1610612754,IND,75,1610612752,NYK,79,,,,False
0020000882,20010307/SEAUTA,Final,2001-03-08,03:00,1610612762,UTA,86,1610612760,SEA,82,,,,False
0020000883,20010307/SACPHX,Final,2001-03-08,02:00,1610612756,PHX,89,1610612758,SAC,100,,,,False
0020000884,20010307/TORLAL,Final,2001-03-08,04:30,1610612747,LAL,97,1610612761,TOR,85,,,,False
0020000885,20010308/ORLCHH,Final,2001-03-09,01:30,1610612766,CHH,97,1610612753,ORL,84,,,,False
0020000886,20010308/LACHOU,Final,2001-03-09,02:30,1610612745,HOU,99,1610612746,LAC,87,,,,False
0020000887,20010308/SASPOR,Final,2001-03-09,02:00,1610612757,POR,79,1610612759,SAS,93,,,,False
0020000888,20010309/WASBOS,Final,2001-03-10,01:30,1610612738,BOS,104,1610612764,WAS,72,,,,False
0020000889,20010309/NYKNJN,Final,2001-03-10,01:30,1610612751,NJN,96,1610612752,NYK,83,,,,False
0020000890,20010309/ATLPHI,Final,2001-03-10,01:00,1610612755,PHI,108,1610612737,ATL,103,,,,False
0020000891,20010309/MINMIA,Final,2001-03-10,01:30,1610612748,MIA,86,1610612750,MIN,79,,,,False
0020000892,20010309/CHIDET,Final,2001-03-10,02:00,1610612765,DET,108,1610612741,CHI,75,,,,False
0020000893,20010309/CLEIND,Final,2001-03-10,01:00,1610612754,IND,99,1610612739,CLE,84,,,,False
0020000894,20010309/GSWDAL,Final,2001-03-10,02:30,1610612742,DAL,102,1610612744,GSW,73,,,,False
0020000895,20010309/PHXUTA,Final,2001-03-10,03:00,1610612762,UTA,107,1610612756,PHX,95,,,,False
0020000896,20010309/SASLAL,Final/OT,2001-03-10,04:30,1610612747,LAL,89,1610612759,SAS,93,,,,False
0020000897,20010309/DENSAC,Final,2001-03-10,04:30,1610612758,SAC,110,1610612743,DEN,104,,,,False
0020000898,20010309/TORSEA,Final,2001-03-10,04:00,1610612760,SEA,99,1610612761,TOR,110,,,,False
0020000899,20010309/PORVAN,Final,2001-03-10,04:00,1610612763,VAN,95,1610612757,POR,85,,,,False
0020000900,20010310/NJNWAS,Final,2001-03-11,01:00,1610612764,WAS,107,1610612751,NJN,101,,,,False
0020000901,20010310/MINORL,Final,2001-03-11,01:30,1610612753,ORL,105,1610612750,MIN,93,,,,False
0020000902,20010310/MILCHH,Final,2001-03-11,01:30,1610612766,CHH,100,1610612749,MIL,90,,,,False
0020000903,20010310/CHIATL,Final,2001-03-11,01:30,1610612737,ATL,93,1610612741,CHI,90,,,,False
0020000904,20010310/GSWHOU,Final,2001-03-11,02:30,1610612745,HOU,86,1610612744,GSW,81,,,,False
0020000905,20010311/PHIBOS,Final,2001-03-11,21:00,1610612738,BOS,91,1610612755,PHI,97,,,,False
0020000906,20010311/MIANYK,Final,2001-03-11,18:30,1610612752,NYK,86,1610612748,MIA,83,,,,False
0020000907,20010311/MILCLE,Final,2001-03-12,01:30,1610612739,CLE,124,1610612749,MIL,110,,,,False
0020000908,20010311/INDDET,Final,2001-03-12,01:00,1610612765,DET,95,1610612754,IND,78,,,,False
0020000909,20010311/LACDAL,Final,2001-03-12,02:30,1610612742,DAL,111,1610612746,LAC,93,,,,False
0020000910,20010311/HOUPHX,Final,2001-03-12,02:00,1610612756,PHX,94,1610612745,HOU,92,,,,False
0020000911,20010311/SEALAL,Final/OT,2001-03-12,03:30,1610612747,LAL,97,1610612760,SEA,109,,,,False
0020000912,20010311/UTASAC,Final,2001-03-11,23:30,1610612758,SAC,105,1610612762,UTA,90,,,,False
0020000913,20010311/TORVAN,Final,2001-03-11,21:30,1610612763,VAN,84,1610612761,TOR,101,,,,False
0020000914,20010312/CHICHH,Final,2001-03-13,01:00,1610612766,CHH,102,1610612741,CHI,94,,,,False
0020000915,20010312/MIAMIN,Final,2001-03-13,02:00,1610612750,MIN,94,1610612748,MIA,77,,,,False
0020000916,20010312/LACSAS,Final,2001-03-13,02:30,1610612759,SAS,99,1610612746,LAC,81,,,,False
0020000917,20010312/DENGSW,Final,2001-03-13,04:30,1610612744,GSW,79,1610612743,DEN,84,,,,False
0020000918,20010313/CLENYK,Final,2001-03-14,01:30,1610612752,NYK,98,1610612739,CLE,79,,,,False
0020000919,20010313/SACORL,Final/OT,2001-03-14,02:00,1610612753,ORL,108,1610612758,SAC,114,,,,False
0020000920,20010313/VANATL,Final,2001-03-14,01:30,1610612737,ATL,109,1610612763,VAN,99,,,,False
0020000921,20010313/MILTOR,Final,2001-03-14,01:00,1610612761,TOR,97,1610612749,MIL,101,,,,False
0020000922,20010313/NJNDAL,Final,2001-03-14,02:30,1610612742,DAL,122,1610612751,NJN,98,,,,False
0020000923,20010313/INDHOU,Final/OT3,2001-03-14,02:30,1610612745,HOU,127,1610612754,IND,118,,,,False
0020000924,20010313/BOSLAL,Final,2001-03-14,04:30,1610612747,LAL,112,1610612738,BOS,107,,,,False
0020000925,20010313/PORSEA,Final,2001-03-14,04:00,1610612760,SEA,99,1610612757,POR,90,,,,False
0020000926,20010314/DETWAS,Final,2001-03-15,01:00,1610612764,WAS,103,1610612765,DET,96,,,,False
0020000927,20010314/SACMIA,Final,2001-03-15,01:30,1610612748,MIA,114,1610612758,SAC,104,,,,False
0020000928,20010314/VANCHH,Final,2001-03-15,01:30,1610612766,CHH,100,1610612763,VAN,95,,,,False
0020000929,20010314/ORLCLE,Final,2001-03-15,01:30,1610612739,CLE,87,1610612753,ORL,97,,,,False
0020000930,20010314/PHICHI,Final,2001-03-15,02:30,1610612741,CHI,67,1610612755,PHI,85,,,,False
0020000931,20010314/MINSAS,Final/OT,2001-03-15,02:00,1610612759,SAS,106,1610612750,MIN,100,,,,False
0020000932,20010314/INDDEN,Final,2001-03-15,03:00,1610612743,DEN,95,1610612754,IND,83,,,,False
0020000933,20010314/UTAGSW,Final,2001-03-15,04:30,1610612744,GSW,83,1610612762,UTA,102,,,,False
0020000934,20010314/PHXPOR,Final,2001-03-15,04:00,1610612757,POR,79,1610612756,PHX,84,,,,False
0020000935,20010315/TORNYK,Final,2001-03-16,01:30,1610612752,NYK,88,1610612761,TOR,72,,,,False
0020000936,20010315/LALDET,Final/OT,2001-03-16,01:30,1610612765,DET,119,1610612747,LAL,125,,,,False
0020000937,20010315/SEAMIL,Final,2001-03-16,02:00,1610612749,MIL,102,1610612760,SEA,108,,,,False
0020000938,20010315/MINDAL,Final,2001-03-16,02:30,1610612742,DAL,103,1610612750,MIN,83,,,,False
0020000939,20010315/NJNHOU,Final,2001-03-16,02:30,1610612745,HOU,108,1610612751,NJN,106,,,,False
0020000940,20010315/BOSPHX,Final,2001-03-16,03:00,1610612756,PHX,101,1610612738,BOS,105,,,,False
0020000941,20010316/SACPHI,Final,2001-03-17,01:00,1610612755,PHI,79,1610612758,SAC,100,,,,False
0020000942,20010316/LALWAS,Final,2001-03-17,01:00,1610612764,WAS,89,1610612747,LAL,101,,,,False
0020000943,20010316/VANORL,Final,2001-03-17,01:30,1610612753,ORL,103,1610612763,VAN,99,,,,False
0020000944,20010316/CHHCLE,Final,2001-03-17,01:30,1610612739,CLE,114,1610612766,CHH,109,,,,False
0020000945,20010316/ATLIND,Final,2001-03-17,01:00,1610612754,IND,103,1610612737,ATL,97,,,,False
0020000946,20010316/SEACHI,Final,2001-03-17,02:30,1610612741,CHI,80,1610612760,SEA,90,,,,False
0020000947,20010316/NJNSAS,Final,2001-03-17,02:30,1610612759,SAS,95,1610612751,NJN,86,,,,False
0020000948,20010316/BOSDEN,Final,2001-03-17,03:00,1610612743,DEN,83,1610612738,BOS,87,,,,False
0020000949,20010316/GSWLAC,Final,2001-03-17,04:30,1610612746,LAC,94,1610612744,GSW,76,,,,False
0020000950,20010316/UTAPOR,Final,2001-03-17,04:00,1610612757,POR,90,1610612762,UTA,87,,,,False
0020000951,20010317/CHINYK,Final,2001-03-18,01:30,1610612752,NYK,101,1610612741,CHI,80,,,,False
0020000952,20010317/VANMIA,Final,2001-03-18,01:30,1610612748,MIA,95,1610612763,VAN,81,,,,False
0020000953,20010317/WASCHH,Final,2001-03-18,01:30,1610612766,CHH,95,1610612764,WAS,93,,,,False
0020000954,20010317/DETATL,Final,2001-03-18,01:30,1610612737,ATL,90,1610612765,DET,106,,,,False
0020000955,20010317/PHIMIL,Final,2001-03-18,02:30,1610612749,MIL,87,1610612755,PHI,78,,,,False
0020000956,20010317/PHXDAL,Final,2001-03-18,02:30,1610612742,DAL,109,1610612756,PHX,99,,,,False
0020000957,20010317/SASHOU,Final,2001-03-18,02:30,1610612745,HOU,103,1610612759,SAS,99,,,,False
0020000958,20010318/LALORL,Final,2001-03-18,18:00,1610612753,ORL,90,1610612747,LAL,95,,,,False
0020000959,20010318/MILDET,Final,2001-03-19,01:00,1610612765,DET,96,1610612749,MIL,100,,,,False
0020000960,20010318/SACIND,Final,2001-03-18,21:00,1610612754,IND,101,1610612758,SAC,95,,,,False
0020000961,20010318/CLEMIN,Final,2001-03-18,21:30,1610612750,MIN,91,1610612739,CLE,76,,,,False
0020000962,20010318/NJNDEN,Final,2001-03-19,04:00,1610612743,DEN,98,1610612751,NJN,84,,,,False
0020000963,20010318/UTALAC,Final,2001-03-19,03:00,1610612746,LAC,96,1610612762,UTA,111,,,,False
0020000964,20010318/SEAGSW,Final,2001-03-19,03:00,1610612744,GSW,99,1610612760,SEA,104,,,,False
0020000965,20010319/LALATL,Final,2001-03-20,01:30,1610612737,ATL,108,1610612747,LAL,106,,,,False
0020000966,20010319/PORSAS,Final,2001-03-20,02:30,1610612759,SAS,98,1610612757,POR,85,,,,False
0020000967,20010319/PHISEA,Final,2001-03-20,04:00,1610612760,SEA,93,1610612755,PHI,89,,,,False
0020000968,20010320/VANNJN,Final,2001-03-21,01:30,1610612751,NJN,104,1610612763,VAN,90,,,,False
0020000969,20010320/INDTOR,Final,2001-03-21,02:00,1610612761,TOR,102,1610612754,IND,81,,,,False
0020000970,20010320/NYKCLE,Final,2001-03-21,01:30,1610612739,CLE,75,1610612752,NYK,110,,,,False
0020000971,20010320/ORLCHI,Final,2001-03-21,02:30,1610612741,CHI,95,1610612753,ORL,103,,,,False
0020000972,20010320/PORDAL,Final,2001-03-21,02:30,1610612742,DAL,88,1610612757,POR,96,,,,False
0020000973,20010320/DETUTA,Final,2001-03-21,03:00,1610612762,UTA,84,1610612765,DET,79,,,,False
0020000974,20010320/WASPHX,Final,2001-03-21,03:00,1610612756,PHX,105,1610612764,WAS,91,,,,False
0020000975,20010320/PHILAC,Final,2001-03-21,04:30,1610612746,LAC,88,1610612755,PHI,77,,,,False
0020000976,20010320/HOUSAC,Final,2001-03-21,04:30,1610612758,SAC,125,1610612745,HOU,109,,,,False
0020000977,20010321/SASBOS,Final,2001-03-22,01:00,1610612738,BOS,77,1610612759,SAS,97,,,,False
0020000978,20010321/CHIMIA,Final,2001-03-22,01:30,1610612748,MIA,109,1610612741,CHI,81,,,,False
0020000979,20010321/TORCHH,Final,2001-03-22,01:30,1610612766,CHH,111,1610612761,TOR,95,,,,False
0020000980,20010321/ORLIND,Final,2001-03-22,01:00,1610612754,IND,96,1610612753,ORL,95,,,,False
0020000981,20010321/LALMIL,Final,2001-03-22,02:00,1610612749,MIL,107,1610612747,LAL,100,,,,False
0020000982,20010321/DALMIN,Final,2001-03-22,02:00,1610612750,MIN,109,1610612742,DAL,97,,,,False
0020000983,20010321/WASGSW,Final,2001-03-22,04:30,1610612744,GSW,94,1610612764,WAS,99,,,,False
0020000984,20010322/BOSNJN,Final,2001-03-23,01:30,1610612751,NJN,98,1610612738,BOS,113,,,,False
0020000985,20010322/SASATL,Final,2001-03-23,01:30,1610612737,ATL,101,1610612759,SAS,115,,,,False
0020000986,20010322/VANCLE,Final,2001-03-23,01:30,1610612739,CLE,109,1610612763,VAN,95,,,,False
0020000987,20010322/PORUTA,Final,2001-03-23,03:00,1610612762,UTA,99,1610612757,POR,101,,,,False
0020000988,20010322/HOULAC,Final,2001-03-23,04:30,1610612746,LAC,97,1610612745,HOU,92,,,,False
0020000989,20010322/DETSAC,Final,2001-03-23,04:30,1610612758,SAC,103,1610612765,DET,98,,,,False
0020000990,20010322/PHXSEA,Final,2001-03-23,04:00,1610612760,SEA,88,1610612756,PHX,91,,,,False
0020000991,20010323/NJNNYK,Final,2001-03-24,01:30,1610612752,NYK,86,1610612751,NJN,95,,,,False
0020000992,20010323/ATLTOR,Final,2001-03-24,01:00,1610612761,TOR,112,1610612737,ATL,86,,,,False
0020000993,20010323/VANIND,Final,2001-03-24,01:00,1610612754,IND,95,1610612763,VAN,75,,,,False
0020000994,20010323/CHHCHI,Final/OT,2001-03-24,02:30,1610612741,CHI,93,1610612766,CHH,90,,,,False
0020000995,20010323/ORLMIL,Final,2001-03-24,02:30,1610612749,MIL,115,1610612753,ORL,103,,,,False
0020000996,20010323/DENMIN,Final,2001-03-24,02:00,1610612750,MIN,101,1610612743,DEN,90,,,,False
0020000997,20010323/PHIPHX,Final,2001-03-24,03:00,1610612756,PHX,84,1610612755,PHI,71,,,,False
0020000998,20010323/WASLAL,Final,2001-03-24,04:30,1610612747,LAL,104,1610612764,WAS,91,,,,False
0020000999,20010324/DENCLE,Final,2001-03-25,01:30,1610612739,CLE,117,1610612743,DEN,105,,,,False
0020001000,20010324/CHHDAL,Final,2001-03-25,03:30,1610612742,DAL,103,1610612766,CHH,100,,,,False
0020001001,20010324/WASUTA,Final,2001-03-25,04:00,1610612762,UTA,119,1610612764,WAS,93,,,,False
0020001002,20010324/DETGSW,Final,2001-03-25,05:30,1610612744,GSW,103,1610612765,DET,95,,,,False
0020001003,20010324/HOUSEA,Final,2001-03-25,05:00,1610612760,SEA,93,1610612745,HOU,90,,,,False
0020001004,20010325/CHIBOS,Final,2001-03-25,22:00,1610612738,BOS,102,1610612741,CHI,98,,,,False
0020001005,20010325/INDORL,Final,2001-03-25,19:00,1610612753,ORL,84,1610612754,IND,82,,,,False
0020001006,20010325/SASMIA,Final,2001-03-25,19:00,1610612748,MIA,88,1610612759,SAS,83,,,,False
0020001007,20010325/VANTOR,Final,2001-03-25,19:00,1610612761,TOR,102,1610612763,VAN,92,,,,False
0020001008,20010325/ATLMIL,Final,2001-03-25,21:30,1610612749,MIL,105,1610612737,ATL,98,,,,False
0020001009,20010325/NJNMIN,Final,2001-03-25,22:30,1610612750,MIN,105,1610612751,NJN,91,,,,False
0020001010,20010325/LALSAC,Final,2001-03-26,01:30,1610612758,SAC,72,1610612747,LAL,84,,,,False
0020001011,20010326/MILPHI,Final,2001-03-27,02:00,1610612755,PHI,90,1610612749,MIL,78,,,,False
0020001012,20010326/DENCHI,Final/OT,2001-03-27,03:30,1610612741,CHI,104,1610612743,DEN,109,,,,False
0020001013,20010326/DALUTA,Final,2001-03-27,04:00,1610612762,UTA,90,1610612742,DAL,98,,,,False
0020001014,20010326/LALPHX,Final,2001-03-27,04:00,1610612756,PHX,104,1610612747,LAL,83,,,,False
0020001015,20010326/NYKGSW,Final/OT,2001-03-27,05:30,1610612744,GSW,87,1610612752,NYK,89,,,,False
0020001016,20010326/LACPOR,Final,2001-03-27,05:00,1610612757,POR,104,1610612746,LAC,96,,,,False
0020001017,20010326/CLESEA,Final,2001-03-27,05:00,1610612760,SEA,104,1610612739,CLE,86,,,,False
0020001018,20010327/INDWAS,Final,2001-03-28,02:00,1610612764,WAS,102,1610612754,IND,110,,,,False
0020001019,20010327/TORMIA,Final,2001-03-28,03:00,1610612748,MIA,92,1610612761,TOR,101,,,,False
0020001020,20010327/BOSATL,Final/OT,2001-03-28,02:30,1610612737,ATL,112,1610612738,BOS,115,,,,False
0020001021,20010327/UTAHOU,Final,2001-03-28,03:30,1610612745,HOU,109,1610612762,UTA,86,,,,False
0020001022,20010327/CHHSAS,Final,2001-03-28,03:30,1610612759,SAS,93,1610612766,CHH,79,,,,False
0020001023,20010327/DETLAC,Final,2001-03-28,05:30,1610612746,LAC,101,1610612765,DET,94,,,,False
0020001024,20010327/NYKSAC,Final/OT,2001-03-28,05:30,1610612758,SAC,124,1610612752,NYK,117,,,,False
0020001025,20010328/DENNJN,Final,2001-03-29,02:30,1610612751,NJN,99,1610612743,DEN,96,,,,False
0020001026,20010328/ORLPHI,Final,2001-03-29,03:00,1610612755,PHI,95,1610612753,ORL,96,,,,False
0020001027,20010328/CLEPHX,Final,2001-03-29,04:00,1610612756,PHX,103,1610612739,CLE,94,,,,False
0020001028,20010328/SACLAL,Final,2001-03-29,05:30,1610612747,LAL,84,1610612758,SAC,108,,,,False
0020001029,20010328/DALPOR,Final,2001-03-29,05:00,1610612757,POR,84,1610612742,DAL,94,,,,False
0020001030,20010328/MINSEA,Final,2001-03-29,05:00,1610612760,SEA,94,1610612750,MIN,93,,,,False
0020001031,20010329/GSWWAS,Final,2001-03-30,02:00,1610612764,WAS,116,1610612744,GSW,100,,,,False
0020001032,20010329/INDATL,Final,2001-03-30,02:30,1610612737,ATL,104,1610612754,IND,93,,,,False
0020001033,20010329/BOSCHI,Final,2001-03-30,03:30,1610612741,CHI,104,1610612738,BOS,106,,,,False
0020001034,20010329/MIAMIL,Final,2001-03-30,03:00,1610612749,MIL,104,1610612748,MIA,96,,,,False
0020001035,20010329/PHXHOU,Final,2001-03-30,03:30,1610612745,HOU,85,1610612756,PHX,90,,,,False
0020001036,20010329/UTASAS,Final,2001-03-30,03:00,1610612759,SAS,106,1610612762,UTA,88,,,,False
0020001037,20010329/NYKVAN,Final,2001-03-30,05:00,1610612763,VAN,89,1610612752,NYK,68,,,,False
0020001038,20010330/INDBOS,Final,2001-03-31,02:30,1610612738,BOS,87,1610612754,IND,92,,,,False
0020001039,20010330/GSWPHI,Final,2001-03-31,02:00,1610612755,PHI,102,1610612744,GSW,89,,,,False
0020001040,20010330/DENCHH,Final,2001-03-31,02:30,1610612766,CHH,96,1610612743,DEN,103,,,,False
0020001041,20010330/NJNTOR,Final,2001-03-31,02:00,1610612761,TOR,110,1610612751,NJN,99,,,,False
0020001042,20010330/ORLDET,Final,2001-03-31,03:00,1610612765,DET,100,1610612753,ORL,97,,,,False
0020001043,20010330/CLEUTA,Final,2001-03-31,04:00,1610612762,UTA,95,1610612739,CLE,88,,,,False
0020001044,20010330/DALLAL,Final,2001-03-31,05:30,1610612747,LAL,98,1610612742,DAL,89,,,,False
0020001045,20010330/MINSAC,Final,2001-03-31,05:30,1610612758,SAC,110,1610612750,MIN,98,,,,False
0020001046,20010330/NYKPOR,Final,2001-03-31,05:00,1610612757,POR,96,1610612752,NYK,79,,,,False
0020001047,20010330/LACSEA,Final,2001-03-31,05:00,1610612760,SEA,94,1610612746,LAC,84,,,,False
0020001048,20010331/HOUWAS,Final,2001-04-01,02:00,1610612764,WAS,86,1610612745,HOU,96,,,,False
0020001049,20010331/DENATL,Final,2001-04-01,02:30,1610612737,ATL,99,1610612743,DEN,88,,,,False
0020001050,20010331/MIACHI,Final,2001-04-01,03:30,1610612741,CHI,90,1610612748,MIA,97,,,,False
0020001051,20010331/MILSAS,Final,2001-04-01,03:30,1610612759,SAS,77,1610612749,MIL,86,,,,False
0020001052,20010331/CLELAC,Final,2001-04-01,05:30,1610612746,LAC,104,1610612739,CLE,97,,,,False
0020001053,20010401/HOUNJN,Final,2001-04-02,02:00,1610612751,NJN,101,1610612745,HOU,98,,,,False
0020001054,20010401/INDPHI,Final,2001-04-01,18:30,1610612755,PHI,104,1610612754,IND,93,,,,False
0020001055,20010401/BOSCHH,Final,2001-04-01,21:00,1610612766,CHH,80,1610612738,BOS,79,,,,False
0020001056,20010401/ORLTOR,Final,2001-04-01,23:30,1610612761,TOR,101,1610612753,ORL,104,,,,False
0020001057,20010401/GSWDET,Final,2001-04-02,02:00,1610612765,DET,104,1610612744,GSW,87,,,,False
0020001058,20010401/MILPHX,Final,2001-04-02,03:00,1610612756,PHX,106,1610612749,MIL,99,,,,False
0020001059,20010401/NYKLAL,Final,2001-04-01,23:30,1610612747,LAL,78,1610612752,NYK,79,,,,False
0020001060,20010401/DALSAC,Final,2001-04-02,03:00,1610612758,SAC,107,1610612742,DAL,119,,,,False
0020001061,20010401/MINPOR,Final,2001-04-01,21:00,1610612757,POR,95,1610612750,MIN,99,,,,False
0020001062,20010401/UTAVAN,Final,2001-04-01,21:00,1610612763,VAN,73,1610612762,UTA,92,,,,False
0020001063,20010403/ORLNYK,Final,2001-04-04,01:30,1610612752,NYK,94,1610612753,ORL,82,,,,False
0020001064,20010403/CHHNJN,Final,2001-04-04,01:30,1610612751,NJN,88,1610612766,CHH,103,,,,False
0020001065,20010403/BOSMIA,Final,2001-04-04,01:30,1610612748,MIA,77,1610612738,BOS,82,,,,False
0020001066,20010403/PHITOR,Final,2001-04-04,02:00,1610612761,TOR,100,1610612755,PHI,85,,,,False
0020001067,20010403/PHXIND,Final,2001-04-04,02:00,1610612754,IND,85,1610612756,PHX,81,,,,False
0020001068,20010403/DETCHI,Final,2001-04-04,02:30,1610612741,CHI,83,1610612765,DET,110,,,,False
0020001069,20010403/DALHOU,Final,2001-04-04,02:30,1610612745,HOU,97,1610612742,DAL,109,,,,False
0020001070,20010403/SEASAS,Final,2001-04-04,02:30,1610612759,SAS,107,1610612760,SEA,89,,,,False
0020001071,20010403/PORDEN,Final,2001-04-04,03:00,1610612743,DEN,94,1610612757,POR,92,,,,False
0020001072,20010403/LALUTA,Final,2001-04-04,02:00,1610612762,UTA,88,1610612747,LAL,96,,,,False
0020001073,20010403/MILSAC,Final,2001-04-04,04:30,1610612758,SAC,101,1610612749,MIL,107,,,,False
0020001074,20010404/MIAWAS,Final,2001-04-05,01:00,1610612764,WAS,84,1610612748,MIA,86,,,,False
0020001075,20010404/BOSORL,Final,2001-04-05,01:30,1610612753,ORL,108,1610612738,BOS,101,,,,False
0020001076,20010404/PHXCHH,Final,2001-04-05,01:30,1610612766,CHH,94,1610612756,PHX,103,,,,False
0020001077,20010404/TORCLE,Final,2001-04-05,01:30,1610612739,CLE,94,1610612761,TOR,97,,,,False
0020001078,20010404/PHIDET,Final,2001-04-05,01:30,1610612765,DET,84,1610612755,PHI,90,,,,False
0020001079,20010404/PORMIN,Final,2001-04-05,02:00,1610612750,MIN,83,1610612757,POR,79,,,,False
0020001080,20010404/MILGSW,Final,2001-04-05,04:30,1610612744,GSW,78,1610612749,MIL,108,,,,False
0020001081,20010404/LACVAN,Final,2001-04-05,04:00,1610612763,VAN,86,1610612746,LAC,78,,,,False
0020001082,20010405/WASNYK,Final,2001-04-06,01:30,1610612752,NYK,93,1610612764,WAS,80,,,,False
0020001083,20010405/LALCHI,Final,2001-04-06,02:30,1610612741,CHI,88,1610612747,LAL,100,,,,False
0020001084,20010405/ATLDAL,Final,2001-04-06,02:30,1610612742,DAL,108,1610612737,ATL,94,,,,False
0020001085,20010405/SEAHOU,Final,2001-04-06,02:30,1610612745,HOU,91,1610612760,SEA,88,,,,False
0020001086,20010405/SASDEN,Final,2001-04-06,03:00,1610612743,DEN,80,1610612759,SAS,101,,,,False
0020001087,20010405/SACUTA,Final,2001-04-06,02:00,1610612762,UTA,86,1610612758,SAC,92,,,,False
0020001088,20010406/LALBOS,Final,2001-04-07,01:30,1610612738,BOS,96,1610612747,LAL,100,,,,False
0020001089,20010406/CLEPHI,Final,2001-04-07,01:00,1610612755,PHI,96,1610612739,CLE,88,,,,False
0020001090,20010406/TORORL,Final,2001-04-07,01:30,1610612753,ORL,100,1610612761,TOR,108,,,,False
0020001091,20010406/CHHMIA,Final,2001-04-07,01:30,1610612748,MIA,81,1610612766,CHH,76,,,,False
0020001092,20010406/CHIIND,Final,2001-04-07,02:00,1610612754,IND,100,1610612741,CHI,93,,,,False
0020001093,20010406/PHXMIN,Final,2001-04-07,02:00,1610612750,MIN,101,1610612756,PHX,88,,,,False
0020001094,20010406/MILLAC,Final/OT,2001-04-07,04:30,1610612746,LAC,113,1610612749,MIL,110,,,,False
0020001095,20010406/PORGSW,Final,2001-04-07,04:30,1610612744,GSW,91,1610612757,POR,122,,,,False
0020001096,20010406/SACVAN,Final,2001-04-07,04:00,1610612763,VAN,90,1610612758,SAC,118,,,,False
0020001097,20010407/BOSWAS,Final,2001-04-08,01:00,1610612764,WAS,100,1610612738,BOS,102,,,,False
0020001098,20010407/DETCHH,Final,2001-04-08,01:30,1610612766,CHH,92,1610612765,DET,97,,,,False
0020001099,20010407/PHXCLE,Final,2001-04-08,01:30,1610612739,CLE,98,1610612756,PHX,102,,,,False
0020001100,20010407/UTADAL,Final,2001-04-08,02:30,1610612742,DAL,103,1610612762,UTA,116,,,,False
0020001101,20010407/ATLHOU,Final,2001-04-08,02:30,1610612745,HOU,110,1610612737,ATL,97,,,,False
0020001102,20010407/VANDEN,Final,2001-04-08,03:00,1610612743,DEN,98,1610612763,VAN,97,,,,False
0020001103,20010407/SASLAC,Final,2001-04-08,04:30,1610612746,LAC,83,1610612759,SAS,93,,,,False
0020001104,20010408/INDNJN,Final,2001-04-08,19:00,1610612751,NJN,83,1610612754,IND,108,,,,False
0020001105,20010408/NYKMIA,Final,2001-04-08,18:30,1610612748,MIA,81,1610612752,NYK,76,,,,False
0020001106,20010408/CHITOR,Final,2001-04-08,21:00,1610612761,TOR,100,1610612741,CHI,88,,,,False
0020001107,20010408/LALMIN,Final,2001-04-08,23:30,1610612750,MIN,99,1610612747,LAL,104,,,,False
0020001108,20010408/SASGSW,Final,2001-04-09,03:00,1610612744,GSW,76,1610612759,SAS,84,,,,False
0020001109,20010408/PORSAC,Final,2001-04-08,21:00,1610612758,SAC,98,1610612757,POR,89,,,,False
0020001110,20010408/MILSEA,Final,2001-04-09,03:00,1610612760,SEA,101,1610612749,MIL,88,,,,False
0020001111,20010409/CHHNYK,Final,2001-04-10,01:30,1610612752,NYK,113,1610612766,CHH,98,,,,False
0020001112,20010409/BOSPHI,Final,2001-04-10,01:00,1610612755,PHI,108,1610612738,BOS,95,,,,False
0020001113,20010409/ATLDET,Final,2001-04-10,01:30,1610612765,DET,81,1610612737,ATL,69,,,,False
0020001114,20010409/WASIND,Final,2001-04-10,02:00,1610612754,IND,100,1610612764,WAS,78,,,,False
0020001115,20010409/HOUUTA,Final,2001-04-10,03:00,1610612762,UTA,96,1610612745,HOU,81,,,,False
0020001116,20010410/PHIMIA,Final,2001-04-11,02:00,1610612748,MIA,83,1610612755,PHI,81,,,,False
0020001117,20010410/ORLCLE,Final,2001-04-11,01:30,1610612739,CLE,101,1610612753,ORL,78,,,,False
0020001118,20010410/CHIMIL,Final,2001-04-11,02:00,1610612749,MIL,105,1610612741,CHI,84,,,,False
0020001119,20010410/DENHOU,Final,2001-04-11,02:30,1610612745,HOU,99,1610612743,DEN,100,,,,False
0020001120,20010410/DALSAS,Final,2001-04-11,02:30,1610612759,SAS,91,1610612742,DAL,79,,,,False
0020001121,20010410/PHXLAL,Final,2001-04-11,04:30,1610612747,LAL,106,1610612756,PHX,80,,,,False
0020001122,20010410/LACSAC,Final/OT,2001-04-11,04:30,1610612758,SAC,116,1610612746,LAC,109,,,,False
0020001123,20010410/GSWPOR,Final,2001-04-11,04:00,1610612757,POR,116,1610612744,GSW,88,,,,False
0020001124,20010410/MINVAN,Final,2001-04-11,04:00,1610612763,VAN,91,1610612750,MIN,104,,,,False
0020001125,20010411/MIABOS,Final,2001-04-12,01:00,1610612738,BOS,97,1610612748,MIA,102,,,,False
0020001126,20010411/CHIWAS,Final,2001-04-12,01:00,1610612764,WAS,109,1610612741,CHI,113,,,,False
0020001127,20010411/CLEATL,Final,2001-04-12,01:30,1610612737,ATL,107,1610612739,CLE,102,,,,False
0020001128,20010411/TORDET,Final,2001-04-12,01:30,1610612765,DET,99,1610612761,TOR,87,,,,False
0020001129,20010411/NYKIND,Final,2001-04-12,02:00,1610612754,IND,100,1610612752,NYK,93,,,,False
0020001130,20010411/DALPHX,Final,2001-04-12,04:00,1610612756,PHX,111,1610612742,DAL,106,,,,False
0020001131,20010411/GSWSEA,Final,2001-04-12,04:00,1610612760,SEA,107,1610612744,GSW,101,,,,False
0020001132,20010412/PHIORL,Final,2001-04-13,02:00,1610612753,ORL,101,1610612755,PHI,77,,,,False
0020001133,20010412/NJNCHH,Final,2001-04-13,01:30,1610612766,CHH,88,1610612751,NJN,78,,,,False
0020001134,20010412/UTAMIL,Final,2001-04-13,02:00,1610612749,MIL,115,1610612762,UTA,93,,,,False
0020001135,20010412/SACSAS,Final/OT,2001-04-13,02:30,1610612759,SAS,105,1610612758,SAC,107,,,,False
0020001136,20010412/MINLAL,Final,2001-04-13,04:30,1610612747,LAL,119,1610612750,MIN,102,,,,False
0020001137,20010412/PORVAN,Final,2001-04-13,04:00,1610612763,VAN,87,1610612757,POR,100,,,,False
0020001138,20010413/ATLNYK,Final,2001-04-14,01:30,1610612752,NYK,101,1610612737,ATL,65,,,,False
0020001139,20010413/CLENJN,Final,2001-04-14,01:30,1610612751,NJN,91,1610612739,CLE,97,,,,False
0020001140,20010413/ORLWAS,Final,2001-04-14,01:00,1610612764,WAS,113,1610612753,ORL,110,,,,False
0020001141,20010413/MIATOR,Final,2001-04-14,02:00,1610612761,TOR,94,1610612748,MIA,82,,,,False
0020001142,20010413/BOSIND,Final/OT,2001-04-14,02:00,1610612754,IND,113,1610612738,BOS,108,,,,False
0020001143,20010413/UTACHI,Final,2001-04-14,02:30,1610612741,CHI,83,1610612762,UTA,94,,,,False
0020001144,20010413/SACDAL,Final,2001-04-14,02:30,1610612742,DAL,101,1610612758,SAC,97,,,,False
0020001145,20010413/GSWDEN,Final,2001-04-14,03:00,1610612743,DEN,108,1610612744,GSW,92,,,,False
0020001146,20010413/SEAPHX,Final,2001-04-14,04:00,1610612756,PHX,109,1610612760,SEA,100,,,,False
0020001147,20010413/MINLAC,Final,2001-04-14,04:30,1610612746,LAC,111,1610612750,MIN,105,,,,False
0020001148,20010413/HOUPOR,Final,2001-04-14,04:00,1610612757,POR,103,1610612745,HOU,109,,,,False
0020001149,20010414/DETATL,Final/OT,2001-04-15,01:30,1610612737,ATL,124,1610612765,DET,129,,,,False
0020001150,20010414/TORMIL,Final,2001-04-15,02:30,1610612749,MIL,112,1610612761,TOR,86,,,,False
0020001151,20010414/DENSAS,Final,2001-04-15,02:30,1610612759,SAS,111,1610612743,DEN,95,,,,False
0020001152,20010414/LACGSW,Final,2001-04-15,04:30,1610612744,GSW,94,1610612746,LAC,106,,,,False
0020001153,20010414/HOUVAN,Final,2001-04-15,04:00,1610612763,VAN,95,1610612745,HOU,100,,,,False
0020001154,20010415/NJNBOS,Final,2001-04-15,18:30,1610612738,BOS,95,1610612751,NJN,88,,,,False
0020001155,20010415/NYKPHI,Final,2001-04-15,18:30,1610612755,PHI,89,1610612752,NYK,82,,,,False
0020001156,20010415/CLEWAS,Final,2001-04-15,19:00,1610612764,WAS,98,1610612739,CLE,106,,,,False
0020001157,20010415/ORLMIA,Final,2001-04-15,20:00,1610612748,MIA,73,1610612753,ORL,90,,,,False
0020001158,20010415/CHHDET,Final,2001-04-16,02:00,1610612765,DET,90,1610612766,CHH,99,,,,False
0020001159,20010415/INDCHI,Final,2001-04-15,21:00,1610612741,CHI,86,1610612754,IND,93,,,,False
0020001160,20010415/UTAMIN,Final,2001-04-15,21:00,1610612750,MIN,107,1610612762,UTA,100,,,,False
0020001161,20010415/SACPHX,Final,2001-04-16,04:00,1610612756,PHX,88,1610612758,SAC,86,,,,False
0020001162,20010415/PORLAL,Final,2001-04-15,23:30,1610612747,LAL,105,1610612757,POR,100,,,,False
0020001163,20010415/DALSEA,Final/OT,2001-04-16,03:00,1610612760,SEA,99,1610612742,DAL,107,,,,False
0020001164,20010416/MILORL,Final,2001-04-17,01:30,1610612753,ORL,89,1610612749,MIL,101,,,,False
0020001165,20010416/ATLCHH,Final,2001-04-17,01:00,1610612766,CHH,106,1610612737,ATL,83,,,,False
0020001166,20010416/NYKCLE,Final,2001-04-17,01:30,1610612739,CLE,80,1610612752,NYK,78,,,,False
0020001167,20010416/PHXLAC,Final,2001-04-17,04:30,1610612746,LAC,100,1610612756,PHX,80,,,,False
0020001168,20010416/DALGSW,Final,2001-04-17,04:30,1610612744,GSW,101,1610612742,DAL,110,,,,False
0020001169,20010416/VANSAC,Final,2001-04-17,04:30,1610612758,SAC,110,1610612763,VAN,100,,,,False
0020001170,20010417/CHINJN,Final,2001-04-18,01:30,1610612751,NJN,94,1610612741,CHI,100,,,,False
0020001171,20010417/MILMIA,Final,2001-04-18,01:30,1610612748,MIA,91,1610612749,MIL,89,,,,False
0020001172,20010417/WASATL,Final,2001-04-18,01:30,1610612737,ATL,122,1610612764,WAS,119,,,,False
0020001173,20010417/DETTOR,Final/OT,2001-04-18,01:00,1610612761,TOR,94,1610612765,DET,92,,,,False
0020001174,20010417/PHIIND,Final/OT,2001-04-18,02:00,1610612754,IND,105,1610612755,PHI,111,,,,False
0020001175,20010417/MINHOU,Final,2001-04-18,02:30,1610612745,HOU,114,1610612750,MIN,87,,,,False
0020001176,20010417/LACUTA,Final,2001-04-18,03:00,1610612762,UTA,97,1610612746,LAC,92,,,,False
0020001177,20010417/DENLAL,Final,2001-04-18,04:30,1610612747,LAL,108,1610612743,DEN,91,,,,False
0020001178,20010417/SASPOR,Final,2001-04-18,03:00,1610612757,POR,93,1610612759,SAS,99,,,,False
0020001179,20010418/CHHBOS,Final,2001-04-19,01:00,1610612738,BOS,92,1610612766,CHH,97,,,,False
0020001180,20010418/DETNYK,Final,2001-04-19,01:30,1610612752,NYK,94,1610612765,DET,88,,,,False
0020001181,20010418/CHIPHI,Final,2001-04-19,01:00,1610612755,PHI,86,1610612741,CHI,92,,,,False
0020001182,20010418/TORWAS,Final,2001-04-19,01:00,1610612764,WAS,92,1610612761,TOR,98,,,,False
0020001183,20010418/MIAORL,Final,2001-04-19,02:00,1610612753,ORL,91,1610612748,MIA,103,,,,False
0020001184,20010418/INDCLE,Final/OT,2001-04-19,01:30,1610612739,CLE,101,1610612754,IND,105,,,,False
0020001185,20010418/MINDAL,Final,2001-04-19,02:30,1610612742,DAL,120,1610612750,MIN,100,,,,False
0020001186,20010418/SACDEN,Final,2001-04-19,03:00,1610612743,DEN,110,1610612758,SAC,100,,,,False
0020001187,20010418/UTAPHX,Final,2001-04-19,04:30,1610612756,PHX,98,1610612762,UTA,93,,,,False
0020001188,20010418/VANGSW,Final,2001-04-19,04:30,1610612744,GSW,81,1610612763,VAN,95,,,,False
0020001189,20010418/SASSEA,Final,2001-04-19,04:00,1610612760,SEA,105,1610612759,SAS,67,,,,False
0040000001,20010421/DALUTA,Final,2001-04-21,21:00,1610612762,UTA,88,1610612742,DAL,86,Game 1,West - First Round,1st Round,False
0040000002,20010421/MINSAS,Final,2001-04-21,23:30,1610612759,SAS,87,1610612750,MIN,82,Game 2,West - First Round,1st Round,False
0040000003,20010421/CHHMIA,Final,2001-04-22,02:30,1610612748,MIA,80,1610612766,CHH,106,Game 3,East - First Round,1st Round,False
0040000004,20010421/INDPHI,Final,2001-04-21,18:30,1610612755,PHI,78,1610612754,IND,79,Game 4,East - First Round,1st Round,False
0040000005,20010422/PORLAL,Final,2001-04-22,23:30,1610612747,LAL,106,1610612757,POR,93,Game 5,West - First Round,1st Round,False
0040000006,20010422/ORLMIL,Final,2001-04-23,02:30,1610612749,MIL,103,1610612753,ORL,90,Game 6,East - First Round,1st Round,False
0040000007,20010422/PHXSAC,Final,2001-04-22,21:00,1610612758,SAC,83,1610612756,PHX,86,Game 7,West - First Round,1st Round,False
0040000008,20010422/TORNYK,Final,2001-04-22,18:30,1610612752,NYK,92,1610612761,TOR,85,Game 8,East - First Round,1st Round,False
0040000009,20010423/CHHMIA,Final,2001-04-24,01:00,1610612748,MIA,76,1610612766,CHH,102,Game 9,East - First Round,1st Round,False
0040000010,20010423/MINSAS,Final,2001-04-24,03:30,1610612759,SAS,86,1610612750,MIN,69,Game 0,West - First Round,1st Round,False
0040000011,20010424/INDPHI,Final,2001-04-25,02:00,1610612755,PHI,116,1610612754,IND,98,Game 1,East - First Round,1st Round,False
0040000012,20010424/DALUTA,Final,2001-04-25,04:30,1610612762,UTA,109,1610612742,DAL,98,Game 2,West - First Round,1st Round,False
0040000013,20010425/ORLMIL,Final,2001-04-26,02:00,1610612749,MIL,103,1610612753,ORL,96,Game 3,East - First Round,1st Round,False
0040000014,20010425/PHXSAC,Final,2001-04-26,04:30,1610612758,SAC,116,1610612756,PHX,90,Game 4,West - First Round,1st Round,False
0040000015,20010426/PORLAL,Final,2001-04-27,04:30,1610612747,LAL,106,1610612757,POR,88,Game 5,West - First Round,1st Round,False
0040000016,20010426/TORNYK,Final,2001-04-27,02:00,1610612752,NYK,74,1610612761,TOR,94,Game 6,East - First Round,1st Round,False
0040000017,20010427/MIACHH,Final,2001-04-28,02:00,1610612766,CHH,94,1610612748,MIA,79,Game 7,East - First Round,1st Round,False
0040000018,20010428/UTADAL,Final,2001-04-28,21:00,1610612742,DAL,94,1610612762,UTA,91,Game 8,West - First Round,1st Round,False
0040000019,20010428/SASMIN,Final,2001-04-28,23:30,1610612750,MIN,93,1610612759,SAS,84,Game 9,West - First Round,1st Round,False
0040000020,20010428/MILORL,Final/OT,2001-04-29,02:30,1610612753,ORL,121,1610612749,MIL,116,Game 0,East - First Round,1st Round,False
0040000021,20010428/PHIIND,Final,2001-04-28,18:40,1610612754,IND,87,1610612755,PHI,92,Game 1,East - First Round,1st Round,False
0040000022,20010429/LALPOR,Final,2001-04-29,23:30,1610612757,POR,86,1610612747,LAL,99,Game 2,West - First Round,1st Round,False
0040000023,20010429/SACPHX,Final,2001-04-29,21:00,1610612756,PHX,96,1610612758,SAC,104,Game 3,West - First Round,1st Round,False
0040000024,20010429/NYKTOR,Final,2001-04-29,18:30,1610612761,TOR,89,1610612752,NYK,97,Game 4,East - First Round,1st Round,False
0040000025,20010430/SASMIN,Final,2001-05-01,02:00,1610612750,MIN,84,1610612759,SAS,97,Game 5,West - First Round,1st Round,False
0040000028,20010501/UTADAL,Final,2001-05-02,03:30,1610612742,DAL,107,1610612762,UTA,77,Game 8,West - First Round,1st Round,False
0040000029,20010501/MILORL,Final,2001-05-02,01:00,1610612753,ORL,104,1610612749,MIL,112,Game 9,East - First Round,1st Round,False
0040000030,20010502/SACPHX,Final,2001-05-03,04:30,1610612756,PHX,82,1610612758,SAC,89,Game 0,West - First Round,1st Round,False
0040000031,20010502/PHIIND,Final,2001-05-03,03:00,1610612754,IND,85,1610612755,PHI,88,Game 1,East - First Round,1st Round,False
0040000032,20010502/NYKTOR,Final,2001-05-03,02:00,1610612761,TOR,100,1610612752,NYK,93,Game 2,East - First Round,1st Round,False
0040000034,20010503/DALUTA,Final,2001-05-04,03:00,1610612762,UTA,83,1610612742,DAL,84,Game 4,West - First Round,1st Round,False
0040000040,20010504/TORNYK,Final,2001-05-05,02:00,1610612752,NYK,89,1610612761,TOR,93,Game 0,East - First Round,1st Round,False
0040000055,20010505/DALSAS,Final,2001-05-06,00:30,1610612759,SAS,94,1610612742,DAL,78,Game 5,West - Conf. Semifinals,Conf. Semifinals,False
0040000041,20010506/CHHMIL,Final,2001-05-06,18:40,1610612749,MIL,104,1610612766,CHH,92,Game 1,East - Conf. Semifinals,Conf. Semifinals,False
0040000043,20010506/SACLAL,Final,2001-05-06,21:00,1610612747,LAL,108,1610612758,SAC,105,Game 3,West - Conf. Semifinals,Conf. Semifinals,False
0040000062,20010506/TORPHI,Final,2001-05-06,23:30,1610612755,PHI,93,1610612761,TOR,96,Game 2,East - Conf. Semifinals,Conf. Semifinals,False
0040000056,20010507/DALSAS,Final,2001-05-08,02:00,1610612759,SAS,100,1610612742,DAL,86,Game 6,West - Conf. Semifinals,Conf. Semifinals,False
0040000042,20010508/CHHMIL,Final,2001-05-09,02:00,1610612749,MIL,91,1610612766,CHH,90,Game 2,East - Conf. Semifinals,Conf. Semifinals,False
0040000049,20010508/SACLAL,Final,2001-05-09,04:30,1610612747,LAL,96,1610612758,SAC,90,Game 9,West - Conf. Semifinals,Conf. Semifinals,False
0040000057,20010509/SASDAL,Final,2001-05-10,03:30,1610612742,DAL,90,1610612759,SAS,104,Game 7,West - Conf. Semifinals,Conf. Semifinals,False
0040000063,20010509/TORPHI,Final,2001-05-10,01:00,1610612755,PHI,97,1610612761,TOR,92,Game 3,East - Conf. Semifinals,Conf. Semifinals,False
0040000044,20010510/MILCHH,Final,2001-05-11,02:00,1610612766,CHH,102,1610612749,MIL,92,Game 4,East - Conf. Semifinals,Conf. Semifinals,False
0040000050,20010511/LALSAC,Final,2001-05-12,04:30,1610612758,SAC,81,1610612747,LAL,103,Game 0,West - Conf. Semifinals,Conf. Semifinals,False
0040000064,20010511/PHITOR,Final,2001-05-12,02:00,1610612761,TOR,102,1610612755,PHI,78,Game 4,East - Conf. Semifinals,Conf. Semifinals,False
0040000058,20010512/SASDAL,Final,2001-05-12,21:30,1610612742,DAL,112,1610612759,SAS,108,Game 8,West - Conf. Semifinals,Conf. Semifinals,False
0040000045,20010513/MILCHH,Final,2001-05-13,18:30,1610612766,CHH,85,1610612749,MIL,78,Game 5,East - Conf. Semifinals,Conf. Semifinals,False
0040000051,20010513/LALSAC,Final,2001-05-13,23:30,1610612758,SAC,113,1610612747,LAL,119,Game 1,West - Conf. Semifinals,Conf. Semifinals,False
0040000065,20010513/PHITOR,Final,2001-05-13,21:00,1610612761,TOR,79,1610612755,PHI,84,Game 5,East - Conf. Semifinals,Conf. Semifinals,False
0040000059,20010514/DALSAS,Final,2001-05-15,02:00,1610612759,SAS,105,1610612742,DAL,87,Game 9,West - Conf. Semifinals,Conf. Semifinals,False
0040000046,20010515/CHHMIL,Final,2001-05-16,02:30,1610612749,MIL,86,1610612766,CHH,94,Game 6,East - Conf. Semifinals,Conf. Semifinals,False
0040000066,20010516/TORPHI,Final,2001-05-17,02:00,1610612755,PHI,121,1610612761,TOR,88,Game 6,East - Conf. Semifinals,Conf. Semifinals,False
0040000047,20010517/MILCHH,Final,2001-05-18,02:00,1610612766,CHH,97,1610612749,MIL,104,Game 7,East - Conf. Semifinals,Conf. Semifinals,False
0040000067,20010518/PHITOR,Final,2001-05-19,02:00,1610612761,TOR,101,1610612755,PHI,89,Game 7,East - Conf. Semifinals,Conf. Semifinals,False
0040000069,20010519/LALSAS,Final,2001-05-20,00:30,1610612759,SAS,90,1610612747,LAL,104,Game 9,West - Conf. Finals,Conf. Finals,False
0040000048,20010520/CHHMIL,Final,2001-05-20,21:00,1610612749,MIL,104,1610612766,CHH,95,Game 8,East - Conf. Semifinals,Conf. Semifinals,False
0040000068,20010520/TORPHI,Final,2001-05-20,23:30,1610612755,PHI,88,1610612761,TOR,87,Game 8,East - Conf. Semifinals,Conf. Semifinals,False
0040000070,20010521/LALSAS,Final,2001-05-22,02:30,1610612759,SAS,81,1610612747,LAL,88,Game 0,West - Conf. Finals,Conf. Finals,False
0040000076,20010522/MILPHI,Final,2001-05-23,02:30,1610612755,PHI,93,1610612749,MIL,85,Game 6,East - Conf. Finals,Conf. Finals,False
0040000077,20010524/MILPHI,Final,2001-05-25,02:30,1610612755,PHI,78,1610612749,MIL,92,Game 7,East - Conf. Finals,Conf. Finals,False
0040000071,20010525/SASLAL,Final,2001-05-26,03:00,1610612747,LAL,111,1610612759,SAS,72,Game 1,West - Conf. Finals,Conf. Finals,False
0040000078,20010526/PHIMIL,Final,2001-05-26,23:30,1610612749,MIL,80,1610612755,PHI,74,Game 8,East - Conf. Finals,Conf. Finals,False
0040000072,20010527/SASLAL,Final,2001-05-27,23:30,1610612747,LAL,111,1610612759,SAS,82,Game 2,West - Conf. Finals,Conf. Finals,False
0040000079,20010528/PHIMIL,Final,2001-05-28,23:30,1610612749,MIL,83,1610612755,PHI,89,Game 9,East - Conf. Finals,Conf. Finals,False
0040000080,20010530/MILPHI,Final,2001-05-31,03:00,1610612755,PHI,89,1610612749,MIL,88,Game 0,East - Conf. Finals,Conf. Finals,False
0040000081,20010601/PHIMIL,Final,2001-06-02,03:00,1610612749,MIL,110,1610612755,PHI,100,Game 1,East - Conf. Finals,Conf. Finals,False
0040000082,20010603/MILPHI,Final,2001-06-04,01:30,1610612755,PHI,108,1610612749,MIL,91,Game 2,East - Conf. Finals,Conf. Finals,False
0040000083,20010606/PHILAL,Final/OT,2001-06-07,03:00,1610612747,LAL,101,1610612755,PHI,107,Game 3,NBA Finals,NBA Finals,False
0040000084,20010608/PHILAL,Final,2001-06-09,03:00,1610612747,LAL,98,1610612755,PHI,89,Game 4,NBA Finals,NBA Finals,False
0040000085,20010610/LALPHI,Final,2001-06-11,01:30,1610612755,PHI,91,1610612747,LAL,96,Game 5,NBA Finals,NBA Finals,False
0040000086,20010613/LALPHI,Final,2001-06-14,03:00,1610612755,PHI,86,1610612747,LAL,100,Game 6,NBA Finals,NBA Finals,False
0040000087,20010615/LALPHI,Final,2001-06-16,03:00,1610612755,PHI,96,1610612747,LAL,108,Game 7,NBA Finals,NBA Finals,False
