id_joueur,nom_complet,prenom,nom,actif,url_photo
76001,Alaa Abdelnaby,Alaa,Abdelnaby,False,https://cdn.nba.com/headshots/nba/latest/1040x760/76001.png
76002,Zaid Abdul-Aziz,Zaid,Abdul-Aziz,False,https://cdn.nba.com/headshots/nba/latest/1040x760/76002.png
76003,Kareem Abdul-Jabbar,Kareem,Abdul-Jabbar,False,https://cdn.nba.com/headshots/nba/latest/1040x760/76003.png
51,Mahmoud Abdul-Rauf,Mahmoud,Abdul-Rauf,False,https://cdn.nba.com/headshots/nba/latest/1040x760/51.png
1505,Tariq Abdul-Wahad,Tariq,Abdul-Wahad,False,https://cdn.nba.com/headshots/nba/latest/1040x760/1505.png
949,Shareef Abdur-Rahim,Shareef,Abdur-Rahim,False,https://cdn.nba.com/headshots/nba/latest/1040x760/949.png
76005,Tom Abernethy,Tom,Abernethy,False,https://cdn.nba.com/headshots/nba/latest/1040x760/76005.png
76006,Forest Able,Forest,Able,False,https://cdn.nba.com/headshots/nba/latest/1040x760/76006.png
76007,John Abramovic,John,Abramovic,False,https://cdn.nba.com/headshots/nba/latest/1040x760/76007.png
203518,Alex Abrines,Alex,Abrines,False,https://cdn.nba.com/headshots/nba/latest/1040x760/203518.png
1630173,Precious Achiuwa,Precious,Achiuwa,True,https://cdn.nba.com/headshots/nba/latest/1040x760/1630173.png
101165,Alex Acker,Alex,Acker,False,https://cdn.nba.com/headshots/nba/latest/1040x760/101165.png
76008,Donald Ackerman,Donald,Ackerman,False,https://cdn.nba.com/headshots/nba/latest/1040x760/76008.png
76009,Mark Acres,Mark,Acres,False,https://cdn.nba.com/headshots/nba/latest/1040x760/76009.png
76010,Charles Acton,Charles,Acton,False,https://cdn.nba.com/headshots/nba/latest/1040x760/76010.png
203112,Quincy Acy,Quincy,Acy,False,https://cdn.nba.com/headshots/nba/latest/1040x760/203112.png
76011,Alvan Adams,Alvan,Adams,False,https://cdn.nba.com/headshots/nba/latest/1040x760/76011.png
76012,Don Adams,Don,Adams,False,https://cdn.nba.com/headshots/nba/latest/1040x760/76012.png
200801,Hassan Adams,Hassan,Adams,False,https://cdn.nba.com/headshots/nba/latest/1040x760/200801.png
1629121,Jaylen Adams,Jaylen,Adams,False,https://cdn.nba.com/headshots/nba/latest/1040x760/1629121.png
203919,Jordan Adams,Jordan,Adams,False,https://cdn.nba.com/headshots/nba/latest/1040x760/203919.png
149,Michael Adams,Michael,Adams,False,https://cdn.nba.com/headshots/nba/latest/1040x760/149.png
203500,Steven Adams,Steven,Adams,True,https://cdn.nba.com/headshots/nba/latest/1040x760/203500.png
912,Rafael Addison,Rafael,Addison,False,https://cdn.nba.com/headshots/nba/latest/1040x760/912.png
1628389,Bam Adebayo,Bam,Adebayo,True,https://cdn.nba.com/headshots/nba/latest/1040x760/1628389.png
1629061,Deng Adel,Deng,Adel,False,https://cdn.nba.com/headshots/nba/latest/1040x760/1629061.png
76015,Rick Adelman,Rick,Adelman,False,https://cdn.nba.com/headshots/nba/latest/1040x760/76015.png
202399,Jeff Adrien,Jeff,Adrien,False,https://cdn.nba.com/headshots/nba/latest/1040x760/202399.png
201167,Arron Afflalo,Arron,Afflalo,False,https://cdn.nba.com/headshots/nba/latest/1040x760/201167.png
1630534,Ochai Agbaji,Ochai,Agbaji,True,https://cdn.nba.com/headshots/nba/latest/1040x760/1630534.png
200772,Maurice Ager,Maurice,Ager,False,https://cdn.nba.com/headshots/nba/latest/1040x760/200772.png
76016,Mark Aguirre,Mark,Aguirre,False,https://cdn.nba.com/headshots/nba/latest/1040x760/76016.png
201336,Blake Ahearn,Blake,Ahearn,False,https://cdn.nba.com/headshots/nba/latest/1040x760/201336.png
76017,Danny Ainge,Danny,Ainge,False,https://cdn.nba.com/headshots/nba/latest/1040x760/76017.png
201582,Alexis Ajinca,Alexis,Ajinca,False,https://cdn.nba.com/headshots/nba/latest/1040x760/201582.png
76018,Henry Akin,Henry,Akin,False,https://cdn.nba.com/headshots/nba/latest/1040x760/76018.png
203006,Josh Akognon,Josh,Akognon,False,https://cdn.nba.com/headshots/nba/latest/1040x760/203006.png
1629152,DeVaughn Akoon-Purcell,DeVaughn,Akoon-Purcell,False,https://cdn.nba.com/headshots/nba/latest/1040x760/1629152.png
202374,Solomon Alabi,Solomon,Alabi,False,https://cdn.nba.com/headshots/nba/latest/1040x760/202374.png
76019,Mark Alarie,Mark,Alarie,False,https://cdn.nba.com/headshots/nba/latest/1040x760/76019.png
76020,Gary Alcorn,Gary,Alcorn,False,https://cdn.nba.com/headshots/nba/latest/1040x760/76020.png
1630583,Santi Aldama,Santi,Aldama,True,https://cdn.nba.com/headshots/nba/latest/1040x760/1630583.png
203128,Furkan Aldemir,Furkan,Aldemir,False,https://cdn.nba.com/headshots/nba/latest/1040x760/203128.png
202332,Cole Aldrich,Cole,Aldrich,False,https://cdn.nba.com/headshots/nba/latest/1040x760/202332.png
200746,LaMarcus Aldridge,LaMarcus,Aldridge,False,https://cdn.nba.com/headshots/nba/latest/1040x760/200746.png
76021,Chuck Aleksinas,Chuck,Aleksinas,False,https://cdn.nba.com/headshots/nba/latest/1040x760/76021.png
1626146,Cliff Alexander,Cliff,Alexander,False,https://cdn.nba.com/headshots/nba/latest/1040x760/1626146.png
724,Cory Alexander,Cory,Alexander,False,https://cdn.nba.com/headshots/nba/latest/1040x760/724.png
2042,Courtney Alexander,Courtney,Alexander,False,https://cdn.nba.com/headshots/nba/latest/1040x760/2042.png
76022,Gary Alexander,Gary,Alexander,False,https://cdn.nba.com/headshots/nba/latest/1040x760/76022.png
201570,Joe Alexander,Joe,Alexander,False,https://cdn.nba.com/headshots/nba/latest/1040x760/201570.png
1629734,Kyle Alexander,Kyle,Alexander,False,https://cdn.nba.com/headshots/nba/latest/1040x760/1629734.png
1641725,Trey Alexander,Trey,Alexander,True,https://cdn.nba.com/headshots/nba/latest/1040x760/1641725.png
1630234,Ty-Shon Alexander,Ty-Shon,Alexander,False,https://cdn.nba.com/headshots/nba/latest/1040x760/1630234.png
2349,Victor Alexander,Victor,Alexander,False,https://cdn.nba.com/headshots/nba/latest/1040x760/2349.png
1629638,Nickeil Alexander-Walker,Nickeil,Alexander-Walker,True,https://cdn.nba.com/headshots/nba/latest/1040x760/1629638.png
76024,Steve Alford,Steve,Alford,False,https://cdn.nba.com/headshots/nba/latest/1040x760/76024.png
1628959,Rawle Alkins,Rawle,Alkins,False,https://cdn.nba.com/headshots/nba/latest/1040x760/1628959.png
76028,Bob Allen,Bob,Allen,False,https://cdn.nba.com/headshots/nba/latest/1040x760/76028.png
1628960,Grayson Allen,Grayson,Allen,True,https://cdn.nba.com/headshots/nba/latest/1040x760/1628960.png
1628386,Jarrett Allen,Jarrett,Allen,True,https://cdn.nba.com/headshots/nba/latest/1040x760/1628386.png
706,Jerome Allen,Jerome,Allen,False,https://cdn.nba.com/headshots/nba/latest/1040x760/706.png
1628443,Kadeem Allen,Kadeem,Allen,False,https://cdn.nba.com/headshots/nba/latest/1040x760/1628443.png
202730,Lavoy Allen,Lavoy,Allen,False,https://cdn.nba.com/headshots/nba/latest/1040x760/202730.png
76027,Lucius Allen,Lucius,Allen,False,https://cdn.nba.com/headshots/nba/latest/1040x760/76027.png
2124,Malik Allen,Malik,Allen,False,https://cdn.nba.com/headshots/nba/latest/1040x760/2124.png
76025,Randy Allen,Randy,Allen,False,https://cdn.nba.com/headshots/nba/latest/1040x760/76025.png
951,Ray Allen,Ray,Allen,False,https://cdn.nba.com/headshots/nba/latest/1040x760/951.png
1641851,Timmy Allen,Timmy,Allen,False,https://cdn.nba.com/headshots/nba/latest/1040x760/1641851.png
2754,Tony Allen,Tony,Allen,False,https://cdn.nba.com/headshots/nba/latest/1040x760/2754.png
76029,Odis Allison,Odis,Allison,False,https://cdn.nba.com/headshots/nba/latest/1040x760/76029.png
200984,Lance Allred,Lance,Allred,False,https://cdn.nba.com/headshots/nba/latest/1040x760/200984.png
76030,Darrell Allums,Darrell,Allums,False,https://cdn.nba.com/headshots/nba/latest/1040x760/76030.png
201165,Morris Almond,Morris,Almond,False,https://cdn.nba.com/headshots/nba/latest/1040x760/201165.png
308,Derrick Alston,Derrick,Alston,False,https://cdn.nba.com/headshots/nba/latest/1040x760/308.png
1747,Rafer Alston,Rafer,Alston,False,https://cdn.nba.com/headshots/nba/latest/1040x760/1747.png
1824,Peter Aluma,Peter,Aluma,False,https://cdn.nba.com/headshots/nba/latest/1040x760/1824.png
1630631,Jose Alvarado,Jose,Alvarado,True,https://cdn.nba.com/headshots/nba/latest/1040x760/1630631.png
680,John Amaechi,John,Amaechi,False,https://cdn.nba.com/headshots/nba/latest/1040x760/680.png
732,Ashraf Amaya,Ashraf,Amaya,False,https://cdn.nba.com/headshots/nba/latest/1040x760/732.png
202329,Al-Farouq Aminu,Al-Farouq,Aminu,False,https://cdn.nba.com/headshots/nba/latest/1040x760/202329.png
200811,Lou Amundson,Lou,Amundson,False,https://cdn.nba.com/headshots/nba/latest/1040x760/200811.png
76034,Bob Anderegg,Bob,Anderegg,False,https://cdn.nba.com/headshots/nba/latest/1040x760/76034.png
2365,Chris Andersen,Chris,Andersen,False,https://cdn.nba.com/headshots/nba/latest/1040x760/2365.png
2431,David Andersen,David,Andersen,False,https://cdn.nba.com/headshots/nba/latest/1040x760/2431.png
101187,Alan Anderson,Alan,Anderson,False,https://cdn.nba.com/headshots/nba/latest/1040x760/101187.png
202079,Antonio Anderson,Antonio,Anderson,False,https://cdn.nba.com/headshots/nba/latest/1040x760/202079.png
76035,Cliff Anderson,Cliff,Anderson,False,https://cdn.nba.com/headshots/nba/latest/1040x760/76035.png
76036,Daniel Anderson,Daniel,Anderson,False,https://cdn.nba.com/headshots/nba/latest/1040x760/76036.png
1507,Derek Anderson,Derek,Anderson,False,https://cdn.nba.com/headshots/nba/latest/1040x760/1507.png
76037,Dwight Anderson,Dwight,Anderson,False,https://cdn.nba.com/headshots/nba/latest/1040x760/76037.png
944,Eric Anderson,Eric,Anderson,False,https://cdn.nba.com/headshots/nba/latest/1040x760/944.png
246,Greg Anderson,Greg,Anderson,False,https://cdn.nba.com/headshots/nba/latest/1040x760/246.png
202341,James Anderson,James,Anderson,False,https://cdn.nba.com/headshots/nba/latest/1040x760/202341.png
76040,Jerome Anderson,Jerome,Anderson,False,https://cdn.nba.com/headshots/nba/latest/1040x760/76040.png
1626147,Justin Anderson,Justin,Anderson,False,https://cdn.nba.com/headshots/nba/latest/1040x760/1626147.png
72,Kenny Anderson,Kenny,Anderson,False,https://cdn.nba.com/headshots/nba/latest/1040x760/72.png
76041,Kim Anderson,Kim,Anderson,False,https://cdn.nba.com/headshots/nba/latest/1040x760/76041.png
203937,Kyle Anderson,Kyle,Anderson,True,https://cdn.nba.com/headshots/nba/latest/1040x760/203937.png
76042,Michael Anderson,Michael,Anderson,False,https://cdn.nba.com/headshots/nba/latest/1040x760/76042.png
76043,Mitchell Anderson,Mitchell,Anderson,False,https://cdn.nba.com/headshots/nba/latest/1040x760/76043.png
98,Nick Anderson,Nick,Anderson,False,https://cdn.nba.com/headshots/nba/latest/1040x760/98.png
76045,Richard Anderson,Richard,Anderson,False,https://cdn.nba.com/headshots/nba/latest/1040x760/76045.png
76046,Ron Anderson,Ron,Anderson,False,https://cdn.nba.com/headshots/nba/latest/1040x760/76046.png
201583,Ryan Anderson,Ryan,Anderson,False,https://cdn.nba.com/headshots/nba/latest/1040x760/201583.png
1000,Shandon Anderson,Shandon,Anderson,False,https://cdn.nba.com/headshots/nba/latest/1040x760/1000.png
335,Willie Anderson,Willie,Anderson,False,https://cdn.nba.com/headshots/nba/latest/1040x760/335.png
76048,Wally Anderzunas,Wally,Anderzunas,False,https://cdn.nba.com/headshots/nba/latest/1040x760/76048.png
101149,Martynas Andriuskevicius,Martynas,Andriuskevicius,False,https://cdn.nba.com/headshots/nba/latest/1040x760/101149.png
76049,Don Anielak,Don,Anielak,False,https://cdn.nba.com/headshots/nba/latest/1040x760/76049.png
1628387,Ike Anigbogu,Ike,Anigbogu,False,https://cdn.nba.com/headshots/nba/latest/1040x760/1628387.png
76050,Michael Ansley,Michael,Ansley,False,https://cdn.nba.com/headshots/nba/latest/1040x760/76050.png
1512,Chris Anstey,Chris,Anstey,False,https://cdn.nba.com/headshots/nba/latest/1040x760/1512.png
203507,Giannis Antetokounmpo,Giannis,Antetokounmpo,True,https://cdn.nba.com/headshots/nba/latest/1040x760/203507.png
1628961,Kostas Antetokounmpo,Kostas,Antetokounmpo,False,https://cdn.nba.com/headshots/nba/latest/1040x760/1628961.png
203648,Thanasis Antetokounmpo,Thanasis,Antetokounmpo,False,https://cdn.nba.com/headshots/nba/latest/1040x760/203648.png
2546,Carmelo Anthony,Carmelo,Anthony,False,https://cdn.nba.com/headshots/nba/latest/1040x760/2546.png
1630175,Cole Anthony,Cole,Anthony,True,https://cdn.nba.com/headshots/nba/latest/1040x760/1630175.png
21,Greg Anthony,Greg,Anthony,False,https://cdn.nba.com/headshots/nba/latest/1040x760/21.png
201202,Joel Anthony,Joel,Anthony,False,https://cdn.nba.com/headshots/nba/latest/1040x760/201202.png
203544,Pero Antic,Pero,Antic,False,https://cdn.nba.com/headshots/nba/latest/1040x760/203544.png
1628384,OG Anunoby,OG,Anunoby,True,https://cdn.nba.com/headshots/nba/latest/1040x760/1628384.png
203951,Keith Appling,Keith,Appling,False,https://cdn.nba.com/headshots/nba/latest/1040x760/203951.png
2737,Rafael Araujo,Rafael,Araujo,False,https://cdn.nba.com/headshots/nba/latest/1040x760/2737.png
76053,Stacey Arceneaux,Stacey,Arceneaux,False,https://cdn.nba.com/headshots/nba/latest/1040x760/76053.png
76054,Nate Archibald,Nate,Archibald,False,https://cdn.nba.com/headshots/nba/latest/1040x760/76054.png
2425,Robert Archibald,Robert,Archibald,False,https://cdn.nba.com/headshots/nba/latest/1040x760/2425.png
1627853,Ryan Arcidiacono,Ryan,Arcidiacono,False,https://cdn.nba.com/headshots/nba/latest/1040x760/1627853.png
76055,Jim Ard,Jim,Ard,False,https://cdn.nba.com/headshots/nba/latest/1040x760/76055.png
2240,Gilbert Arenas,Gilbert,Arenas,False,https://cdn.nba.com/headshots/nba/latest/1040x760/2240.png
2772,Trevor Ariza,Trevor,Ariza,False,https://cdn.nba.com/headshots/nba/latest/1040x760/2772.png
76056,Paul Arizin,Paul,Arizin,False,https://cdn.nba.com/headshots/nba/latest/1040x760/76056.png
76057,Joe Arlauckas,Joe,Arlauckas,False,https://cdn.nba.com/headshots/nba/latest/1040x760/76057.png
769,B.J. Armstrong,B.J.,Armstrong,False,https://cdn.nba.com/headshots/nba/latest/1040x760/769.png
76061,Bob Armstrong,Bob,Armstrong,False,https://cdn.nba.com/headshots/nba/latest/1040x760/76061.png
2220,Brandon Armstrong,Brandon,Armstrong,False,https://cdn.nba.com/headshots/nba/latest/1040x760/2220.png
353,Darrell Armstrong,Darrell,Armstrong,False,https://cdn.nba.com/headshots/nba/latest/1040x760/353.png
200756,Hilton Armstrong,Hilton,Armstrong,False,https://cdn.nba.com/headshots/nba/latest/1040x760/200756.png
76060,Paul Armstrong,Paul,Armstrong,False,https://cdn.nba.com/headshots/nba/latest/1040x760/76060.png
1642379,Taran Armstrong,Taran,Armstrong,True,https://cdn.nba.com/headshots/nba/latest/1040x760/1642379.png
76059,Tate Armstrong,Tate,Armstrong,False,https://cdn.nba.com/headshots/nba/latest/1040x760/76059.png
76062,Jesse Arnelle,Jesse,Arnelle,False,https://cdn.nba.com/headshots/nba/latest/1040x760/76062.png
76063,Jay Arnette,Jay,Arnette,False,https://cdn.nba.com/headshots/nba/latest/1040x760/76063.png
76064,Bob Arnzen,Bob,Arnzen,False,https://cdn.nba.com/headshots/nba/latest/1040x760/76064.png
2306,Carlos Arroyo,Carlos,Arroyo,False,https://cdn.nba.com/headshots/nba/latest/1040x760/2306.png
201589,Darrell Arthur,Darrell,Arthur,False,https://cdn.nba.com/headshots/nba/latest/1040x760/201589.png
76065,John Arthurs,John,Arthurs,False,https://cdn.nba.com/headshots/nba/latest/1040x760/76065.png
1628503,Jamel Artis,Jamel,Artis,False,https://cdn.nba.com/headshots/nba/latest/1040x760/1628503.png
201600,Omer Asik,Omer,Asik,False,https://cdn.nba.com/headshots/nba/latest/1040x760/201600.png
355,Vincent Askew,Vincent,Askew,False,https://cdn.nba.com/headshots/nba/latest/1040x760/355.png
173,Keith Askins,Keith,Askins,False,https://cdn.nba.com/headshots/nba/latest/1040x760/173.png
76068,Don Asmonga,Don,Asmonga,False,https://cdn.nba.com/headshots/nba/latest/1040x760/76068.png
76069,Richard Atha,Richard,Atha,False,https://cdn.nba.com/headshots/nba/latest/1040x760/76069.png
1088,Chucky Atkins,Chucky,Atkins,False,https://cdn.nba.com/headshots/nba/latest/1040x760/1088.png
76070,Alvin Attles,Alvin,Attles,False,https://cdn.nba.com/headshots/nba/latest/1040x760/76070.png
76071,Chet Aubuchon,Chet,Aubuchon,False,https://cdn.nba.com/headshots/nba/latest/1040x760/76071.png
278,Stacey Augmon,Stacey,Augmon,False,https://cdn.nba.com/headshots/nba/latest/1040x760/278.png
201571,D.J. Augustin,D.J.,Augustin,False,https://cdn.nba.com/headshots/nba/latest/1040x760/201571.png
200788,James Augustine,James,Augustine,False,https://cdn.nba.com/headshots/nba/latest/1040x760/200788.png
1134,Ike Austin,Ike,Austin,False,https://cdn.nba.com/headshots/nba/latest/1040x760/1134.png
76073,John Austin,John,Austin,False,https://cdn.nba.com/headshots/nba/latest/1040x760/76073.png
76074,Ken Austin,Ken,Austin,False,https://cdn.nba.com/headshots/nba/latest/1040x760/76074.png
1630166,Deni Avdija,Deni,Avdija,True,https://cdn.nba.com/headshots/nba/latest/1040x760/1630166.png
138,Anthony Avent,Anthony,Avent,False,https://cdn.nba.com/headshots/nba/latest/1040x760/138.png
76076,William Averitt,William,Averitt,False,https://cdn.nba.com/headshots/nba/latest/1040x760/76076.png
1895,William Avery,William,Avery,False,https://cdn.nba.com/headshots/nba/latest/1040x760/1895.png
76078,Dennis Awtrey,Dennis,Awtrey,False,https://cdn.nba.com/headshots/nba/latest/1040x760/76078.png
1630555,Joel Ayayi,Joel,Ayayi,False,https://cdn.nba.com/headshots/nba/latest/1040x760/1630555.png
202970,Gustavo Ayon,Gustavo,Ayon,False,https://cdn.nba.com/headshots/nba/latest/1040x760/202970.png
201965,Jeff Ayres,Jeff,Ayres,False,https://cdn.nba.com/headshots/nba/latest/1040x760/201965.png
1629028,Deandre Ayton,Deandre,Ayton,True,https://cdn.nba.com/headshots/nba/latest/1040x760/1629028.png
101235,Kelenna Azubuike,Kelenna,Azubuike,False,https://cdn.nba.com/headshots/nba/latest/1040x760/101235.png
1628962,Udoka Azubuike,Udoka,Azubuike,False,https://cdn.nba.com/headshots/nba/latest/1040x760/1628962.png
203569,Chris Babb,Chris,Babb,False,https://cdn.nba.com/headshots/nba/latest/1040x760/203569.png
202337,Luke Babbitt,Luke,Babbitt,False,https://cdn.nba.com/headshots/nba/latest/1040x760/202337.png
76079,Milos Babic,Milos,Babic,False,https://cdn.nba.com/headshots/nba/latest/1040x760/76079.png
76080,Johnny Bach,Johnny,Bach,False,https://cdn.nba.com/headshots/nba/latest/1040x760/76080.png
1628407,Dwayne Bacon,Dwayne,Bacon,False,https://cdn.nba.com/headshots/nba/latest/1040x760/1628407.png
1630641,Ibou Badji,Ibou,Badji,False,https://cdn.nba.com/headshots/nba/latest/1040x760/1630641.png
76081,Jim Baechtold,Jim,Baechtold,False,https://cdn.nba.com/headshots/nba/latest/1040x760/76081.png
2053,Dalibor Bagaric,Dalibor,Bagaric,False,https://cdn.nba.com/headshots/nba/latest/1040x760/2053.png
76082,John Bagley,John,Bagley,False,https://cdn.nba.com/headshots/nba/latest/1040x760/76082.png
1630542,Marcus Bagley,Marcus,Bagley,True,https://cdn.nba.com/headshots/nba/latest/1040x760/1630542.png
1628963,Marvin Bagley III,Marvin,Bagley III,True,https://cdn.nba.com/headshots/nba/latest/1040x760/1628963.png
1641735,Amari Bailey,Amari,Bailey,False,https://cdn.nba.com/headshots/nba/latest/1040x760/1641735.png
76084,Carl Bailey,Carl,Bailey,False,https://cdn.nba.com/headshots/nba/latest/1040x760/76084.png
76083,Gus Bailey,Gus,Bailey,False,https://cdn.nba.com/headshots/nba/latest/1040x760/76083.png
76085,James Bailey,James,Bailey,False,https://cdn.nba.com/headshots/nba/latest/1040x760/76085.png
1847,Thurl Bailey,Thurl,Bailey,False,https://cdn.nba.com/headshots/nba/latest/1040x760/1847.png
1753,Toby Bailey,Toby,Bailey,False,https://cdn.nba.com/headshots/nba/latest/1040x760/1753.png
203946,Cameron Bairstow,Cameron,Bairstow,False,https://cdn.nba.com/headshots/nba/latest/1040x760/203946.png
1858,Mark Baker,Mark,Baker,False,https://cdn.nba.com/headshots/nba/latest/1040x760/1858.png
2486,Maurice Baker,Maurice,Baker,False,https://cdn.nba.com/headshots/nba/latest/1040x760/2486.png
76089,Norm Baker,Norm,Baker,False,https://cdn.nba.com/headshots/nba/latest/1040x760/76089.png
1627758,Ron Baker,Ron,Baker,False,https://cdn.nba.com/headshots/nba/latest/1040x760/1627758.png
452,Vin Baker,Vin,Baker,False,https://cdn.nba.com/headshots/nba/latest/1040x760/452.png
1627735,Wade Baldwin IV,Wade,Baldwin IV,False,https://cdn.nba.com/headshots/nba/latest/1040x760/1627735.png
1631116,Patrick Baldwin Jr.,Patrick,Baldwin Jr.,True,https://cdn.nba.com/headshots/nba/latest/1040x760/1631116.png
200764,Renaldo Balkman,Renaldo,Balkman,False,https://cdn.nba.com/headshots/nba/latest/1040x760/200764.png
76090,Cedric Ball,Cedric,Ball,False,https://cdn.nba.com/headshots/nba/latest/1040x760/76090.png
1630163,LaMelo Ball,LaMelo,Ball,True,https://cdn.nba.com/headshots/nba/latest/1040x760/1630163.png
1628366,Lonzo Ball,Lonzo,Ball,True,https://cdn.nba.com/headshots/nba/latest/1040x760/1628366.png
76091,Greg Ballard,Greg,Ballard,False,https://cdn.nba.com/headshots/nba/latest/1040x760/76091.png
76092,Herschel Baltimore,Herschel,Baltimore,False,https://cdn.nba.com/headshots/nba/latest/1040x760/76092.png
1628964,Mo Bamba,Mo,Bamba,True,https://cdn.nba.com/headshots/nba/latest/1040x760/1628964.png
1631094,Paolo Banchero,Paolo,Banchero,True,https://cdn.nba.com/headshots/nba/latest/1040x760/1631094.png
1630217,Desmond Bane,Desmond,Bane,True,https://cdn.nba.com/headshots/nba/latest/1040x760/1630217.png
76093,Gene Banks,Gene,Banks,False,https://cdn.nba.com/headshots/nba/latest/1040x760/76093.png
2556,Marcus Banks,Marcus,Banks,False,https://cdn.nba.com/headshots/nba/latest/1040x760/2556.png
76094,Ken Bannister,Ken,Bannister,False,https://cdn.nba.com/headshots/nba/latest/1040x760/76094.png
76095,Mike Bantom,Mike,Bantom,False,https://cdn.nba.com/headshots/nba/latest/1040x760/76095.png
1630625,Dalano Banton,Dalano,Banton,True,https://cdn.nba.com/headshots/nba/latest/1040x760/1630625.png
1627760,Cat Barber,Cat,Barber,False,https://cdn.nba.com/headshots/nba/latest/1040x760/1627760.png
76096,John Barber,John,Barber,False,https://cdn.nba.com/headshots/nba/latest/1040x760/76096.png
2571,Leandro Barbosa,Leandro,Barbosa,False,https://cdn.nba.com/headshots/nba/latest/1040x760/2571.png
76097,Stephen Bardo,Stephen,Bardo,False,https://cdn.nba.com/headshots/nba/latest/1040x760/76097.png
200826,J.J. Barea,J.J.,Barea,False,https://cdn.nba.com/headshots/nba/latest/1040x760/200826.png
200745,Andrea Bargnani,Andrea,Bargnani,False,https://cdn.nba.com/headshots/nba/latest/1040x760/200745.png
76098,Cliff Barker,Cliff,Barker,False,https://cdn.nba.com/headshots/nba/latest/1040x760/76098.png
76099,Tom Barker,Tom,Barker,False,https://cdn.nba.com/headshots/nba/latest/1040x760/76099.png
787,Charles Barkley,Charles,Barkley,False,https://cdn.nba.com/headshots/nba/latest/1040x760/787.png
2057,Erick Barkley,Erick,Barkley,False,https://cdn.nba.com/headshots/nba/latest/1040x760/2057.png
76102,Don Barksdale,Don,Barksdale,False,https://cdn.nba.com/headshots/nba/latest/1040x760/76102.png
1631230,Dominick Barlow,Dominick,Barlow,True,https://cdn.nba.com/headshots/nba/latest/1040x760/1631230.png
203084,Harrison Barnes,Harrison,Barnes,True,https://cdn.nba.com/headshots/nba/latest/1040x760/203084.png
76103,Harry Barnes,Harry,Barnes,False,https://cdn.nba.com/headshots/nba/latest/1040x760/76103.png
76105,Jim Barnes,Jim,Barnes,False,https://cdn.nba.com/headshots/nba/latest/1040x760/76105.png
76104,Marvin Barnes,Marvin,Barnes,False,https://cdn.nba.com/headshots/nba/latest/1040x760/76104.png
2440,Matt Barnes,Matt,Barnes,False,https://cdn.nba.com/headshots/nba/latest/1040x760/2440.png
1630567,Scottie Barnes,Scottie,Barnes,True,https://cdn.nba.com/headshots/nba/latest/1040x760/1630567.png
76107,Dick Barnett,Dick,Barnett,False,https://cdn.nba.com/headshots/nba/latest/1040x760/76107.png
76106,Jim Barnett,Jim,Barnett,False,https://cdn.nba.com/headshots/nba/latest/1040x760/76106.png
76108,John Barnhill,John,Barnhill,False,https://cdn.nba.com/headshots/nba/latest/1040x760/76108.png
76109,Norton Barnhill,Norton,Barnhill,False,https://cdn.nba.com/headshots/nba/latest/1040x760/76109.png
76110,Leo Barnhorst,Leo,Barnhorst,False,https://cdn.nba.com/headshots/nba/latest/1040x760/76110.png
76111,John Barr,John,Barr,False,https://cdn.nba.com/headshots/nba/latest/1040x760/76111.png
76112,Mike Barr,Mike,Barr,False,https://cdn.nba.com/headshots/nba/latest/1040x760/76112.png
76113,Thomas Barr,Thomas,Barr,False,https://cdn.nba.com/headshots/nba/latest/1040x760/76113.png
2857,Andre Barrett,Andre,Barrett,False,https://cdn.nba.com/headshots/nba/latest/1040x760/2857.png
76114,Ernie Barrett,Ernie,Barrett,False,https://cdn.nba.com/headshots/nba/latest/1040x760/76114.png
1629628,RJ Barrett,RJ,Barrett,True,https://cdn.nba.com/headshots/nba/latest/1040x760/1629628.png
2853,Earl Barron,Earl,Barron,False,https://cdn.nba.com/headshots/nba/latest/1040x760/2853.png
344,Dana Barros,Dana,Barros,False,https://cdn.nba.com/headshots/nba/latest/1040x760/344.png
699,Brent Barry,Brent,Barry,False,https://cdn.nba.com/headshots/nba/latest/1040x760/699.png
1003,Drew Barry,Drew,Barry,False,https://cdn.nba.com/headshots/nba/latest/1040x760/1003.png
468,Jon Barry,Jon,Barry,False,https://cdn.nba.com/headshots/nba/latest/1040x760/468.png
600013,Rick Barry,Rick,Barry,False,https://cdn.nba.com/headshots/nba/latest/1040x760/600013.png
76117,Ed Bartels,Ed,Bartels,False,https://cdn.nba.com/headshots/nba/latest/1040x760/76117.png
76118,Vic Bartolome,Vic,Bartolome,False,https://cdn.nba.com/headshots/nba/latest/1040x760/76118.png
203115,Will Barton,Will,Barton,False,https://cdn.nba.com/headshots/nba/latest/1040x760/203115.png
101188,Eddie Basden,Eddie,Basden,False,https://cdn.nba.com/headshots/nba/latest/1040x760/101188.png
76119,Jerry Baskerville,Jerry,Baskerville,False,https://cdn.nba.com/headshots/nba/latest/1040x760/76119.png
101138,Brandon Bass,Brandon,Bass,False,https://cdn.nba.com/headshots/nba/latest/1040x760/101138.png
1628238,Paris Bass,Paris,Bass,False,https://cdn.nba.com/headshots/nba/latest/1040x760/1628238.png
76120,Tim Bassett,Tim,Bassett,False,https://cdn.nba.com/headshots/nba/latest/1040x760/76120.png
1629646,Charles Bassey,Charles,Bassey,True,https://cdn.nba.com/headshots/nba/latest/1040x760/1629646.png
1766,Maceo Baston,Maceo,Baston,False,https://cdn.nba.com/headshots/nba/latest/1040x760/1766.png
2370,Mengke Bateer,Mengke,Bateer,False,https://cdn.nba.com/headshots/nba/latest/1040x760/2370.png
76121,Billyray Bates,Billyray,Bates,False,https://cdn.nba.com/headshots/nba/latest/1040x760/76121.png
1641734,Emoni Bates,Emoni,Bates,True,https://cdn.nba.com/headshots/nba/latest/1040x760/1641734.png
1628966,Keita Bates-Diop,Keita,Bates-Diop,False,https://cdn.nba.com/headshots/nba/latest/1040x760/1628966.png
101212,Esteban Batista,Esteban,Batista,False,https://cdn.nba.com/headshots/nba/latest/1040x760/101212.png
2471,Mike Batiste,Mike,Batiste,False,https://cdn.nba.com/headshots/nba/latest/1040x760/2471.png
1499,Tony Battie,Tony,Battie,False,https://cdn.nba.com/headshots/nba/latest/1040x760/1499.png
2203,Shane Battier,Shane,Battier,False,https://cdn.nba.com/headshots/nba/latest/1040x760/2203.png
1642419,Jamison Battle,Jamison,Battle,True,https://cdn.nba.com/headshots/nba/latest/1040x760/1642419.png
174,John Battle,John,Battle,False,https://cdn.nba.com/headshots/nba/latest/1040x760/174.png
76123,Kenny Battle,Kenny,Battle,False,https://cdn.nba.com/headshots/nba/latest/1040x760/76123.png
76124,Dave Batton,Dave,Batton,False,https://cdn.nba.com/headshots/nba/latest/1040x760/76124.png
201587,Nicolas Batum,Nicolas,Batum,True,https://cdn.nba.com/headshots/nba/latest/1040x760/201587.png
1641878,Damion Baugh,Damion,Baugh,True,https://cdn.nba.com/headshots/nba/latest/1040x760/1641878.png
76125,Johnny Baum,Johnny,Baum,False,https://cdn.nba.com/headshots/nba/latest/1040x760/76125.png
76126,Frankie Baumholtz,Frankie,Baumholtz,False,https://cdn.nba.com/headshots/nba/latest/1040x760/76126.png
2437,Lonny Baxter,Lonny,Baxter,False,https://cdn.nba.com/headshots/nba/latest/1040x760/2437.png
201573,Jerryd Bayless,Jerryd,Bayless,False,https://cdn.nba.com/headshots/nba/latest/1040x760/201573.png
76127,Elgin Baylor,Elgin,Baylor,False,https://cdn.nba.com/headshots/nba/latest/1040x760/76127.png
203382,Aron Baynes,Aron,Baynes,False,https://cdn.nba.com/headshots/nba/latest/1040x760/203382.png
76128,Sergei Bazarevich,Sergei,Bazarevich,False,https://cdn.nba.com/headshots/nba/latest/1040x760/76128.png
203145,Kent Bazemore,Kent,Bazemore,False,https://cdn.nba.com/headshots/nba/latest/1040x760/203145.png
1629647,Darius Bazley,Darius,Bazley,False,https://cdn.nba.com/headshots/nba/latest/1040x760/1629647.png
76129,Ed Beach,Ed,Beach,False,https://cdn.nba.com/headshots/nba/latest/1040x760/76129.png
203078,Bradley Beal,Bradley,Beal,True,https://cdn.nba.com/headshots/nba/latest/1040x760/203078.png
76130,Butch Beard,Butch,Beard,False,https://cdn.nba.com/headshots/nba/latest/1040x760/76130.png
76131,Ralph Beard,Ralph,Beard,False,https://cdn.nba.com/headshots/nba/latest/1040x760/76131.png
2602,Jerome Beasley,Jerome,Beasley,False,https://cdn.nba.com/headshots/nba/latest/1040x760/2602.png
1627736,Malik Beasley,Malik,Beasley,True,https://cdn.nba.com/headshots/nba/latest/1040x760/1627736.png
201563,Michael Beasley,Michael,Beasley,False,https://cdn.nba.com/headshots/nba/latest/1040x760/201563.png
76133,Zelmo Beaty,Zelmo,Beaty,False,https://cdn.nba.com/headshots/nba/latest/1040x760/76133.png
201958,Rodrigue Beaubois,Rodrigue,Beaubois,False,https://cdn.nba.com/headshots/nba/latest/1040x760/201958.png
1630699,MarJon Beauchamp,MarJon,Beauchamp,True,https://cdn.nba.com/headshots/nba/latest/1040x760/1630699.png
76134,Byron Beck,Byron,Beck,False,https://cdn.nba.com/headshots/nba/latest/1040x760/76134.png
1133,Corey Beck,Corey,Beck,False,https://cdn.nba.com/headshots/nba/latest/1040x760/1133.png
76136,Ernie Beck,Ernie,Beck,False,https://cdn.nba.com/headshots/nba/latest/1040x760/76136.png
76137,Moe Becker,Moe,Becker,False,https://cdn.nba.com/headshots/nba/latest/1040x760/76137.png
76138,William Bedford,William,Bedford,False,https://cdn.nba.com/headshots/nba/latest/1040x760/76138.png
1641736,Reece Beekman,Reece,Beekman,True,https://cdn.nba.com/headshots/nba/latest/1040x760/1641736.png
76139,Hank Beenders,Hank,Beenders,False,https://cdn.nba.com/headshots/nba/latest/1040x760/76139.png
76140,Ron Behagen,Ron,Behagen,False,https://cdn.nba.com/headshots/nba/latest/1040x760/76140.png
76141,Elmer Behnke,Elmer,Behnke,False,https://cdn.nba.com/headshots/nba/latest/1040x760/76141.png
201158,Marco Belinelli,Marco,Belinelli,False,https://cdn.nba.com/headshots/nba/latest/1040x760/201158.png
2294,Charlie Bell,Charlie,Bell,False,https://cdn.nba.com/headshots/nba/latest/1040x760/2294.png
76142,Dennis Bell,Dennis,Bell,False,https://cdn.nba.com/headshots/nba/latest/1040x760/76142.png
1628395,Jordan Bell,Jordan,Bell,False,https://cdn.nba.com/headshots/nba/latest/1040x760/1628395.png
1952,Raja Bell,Raja,Bell,False,https://cdn.nba.com/headshots/nba/latest/1040x760/1952.png
2559,Troy Bell,Troy,Bell,False,https://cdn.nba.com/headshots/nba/latest/1040x760/2559.png
76143,William Bell,William,Bell,False,https://cdn.nba.com/headshots/nba/latest/1040x760/76143.png
76144,Walt Bellamy,Walt,Bellamy,False,https://cdn.nba.com/headshots/nba/latest/1040x760/76144.png
1627761,DeAndre' Bembry,DeAndre',Bembry,False,https://cdn.nba.com/headshots/nba/latest/1040x760/1627761.png
76145,Irv Bemoras,Irv,Bemoras,False,https://cdn.nba.com/headshots/nba/latest/1040x760/76145.png
76146,Leon Benbow,Leon,Benbow,False,https://cdn.nba.com/headshots/nba/latest/1040x760/76146.png
1627733,Dragan Bender,Dragan,Bender,False,https://cdn.nba.com/headshots/nba/latest/1040x760/1627733.png
1886,Jonathan Bender,Jonathan,Bender,False,https://cdn.nba.com/headshots/nba/latest/1040x760/1886.png
203968,Jerrelle Benimon,Jerrelle,Benimon,False,https://cdn.nba.com/headshots/nba/latest/1040x760/203968.png
104,Benoit Benjamin,Benoit,Benjamin,False,https://cdn.nba.com/headshots/nba/latest/1040x760/104.png
1736,Corey Benjamin,Corey,Benjamin,False,https://cdn.nba.com/headshots/nba/latest/1040x760/1736.png
203461,Anthony Bennett,Anthony,Bennett,False,https://cdn.nba.com/headshots/nba/latest/1040x760/203461.png
1120,Elmer Bennett,Elmer,Bennett,False,https://cdn.nba.com/headshots/nba/latest/1040x760/1120.png
712,Mario Bennett,Mario,Bennett,False,https://cdn.nba.com/headshots/nba/latest/1040x760/712.png
76151,Mel Bennett,Mel,Bennett,False,https://cdn.nba.com/headshots/nba/latest/1040x760/76151.png
76148,Tony Bennett,Tony,Bennett,False,https://cdn.nba.com/headshots/nba/latest/1040x760/76148.png
76152,Winston Bennett,Winston,Bennett,False,https://cdn.nba.com/headshots/nba/latest/1040x760/76152.png
128,David Benoit,David,Benoit,False,https://cdn.nba.com/headshots/nba/latest/1040x760/128.png
202728,Keith Benson,Keith,Benson,False,https://cdn.nba.com/headshots/nba/latest/1040x760/202728.png
76154,Kent Benson,Kent,Benson,False,https://cdn.nba.com/headshots/nba/latest/1040x760/76154.png
1627791,Ben Bentil,Ben,Bentil,False,https://cdn.nba.com/headshots/nba/latest/1040x760/1627791.png
76155,Gene Berce,Gene,Berce,False,https://cdn.nba.com/headshots/nba/latest/1040x760/76155.png
76156,Gary Bergen,Gary,Bergen,False,https://cdn.nba.com/headshots/nba/latest/1040x760/76156.png
1631262,Jules Bernard,Jules,Bernard,False,https://cdn.nba.com/headshots/nba/latest/1040x760/1631262.png
76157,Ricky Berry,Ricky,Berry,False,https://cdn.nba.com/headshots/nba/latest/1040x760/76157.png
76158,Walter Berry,Walter,Berry,False,https://cdn.nba.com/headshots/nba/latest/1040x760/76158.png
1629541,Dairis Bertans,Dairis,Bertans,False,https://cdn.nba.com/headshots/nba/latest/1040x760/1629541.png
202722,Dāvis Bertāns,Dāvis,Bertāns,False,https://cdn.nba.com/headshots/nba/latest/1040x760/202722.png
76159,Del Beshore,Del,Beshore,False,https://cdn.nba.com/headshots/nba/latest/1040x760/76159.png
696,Travis Best,Travis,Best,False,https://cdn.nba.com/headshots/nba/latest/1040x760/696.png
201976,Patrick Beverley,Patrick,Beverley,False,https://cdn.nba.com/headshots/nba/latest/1040x760/201976.png
1630180,Saddiq Bey,Saddiq,Bey,True,https://cdn.nba.com/headshots/nba/latest/1040x760/1630180.png
1630189,Tyler Bey,Tyler,Bey,False,https://cdn.nba.com/headshots/nba/latest/1040x760/1630189.png
204021,Sim Bhullar,Sim,Bhullar,False,https://cdn.nba.com/headshots/nba/latest/1040x760/204021.png
76160,Al Bianchi,Al,Bianchi,False,https://cdn.nba.com/headshots/nba/latest/1040x760/76160.png
76161,Hank Biasatti,Hank,Biasatti,False,https://cdn.nba.com/headshots/nba/latest/1040x760/76161.png
76162,Henry Bibby,Henry,Bibby,False,https://cdn.nba.com/headshots/nba/latest/1040x760/76162.png
1710,Mike Bibby,Mike,Bibby,False,https://cdn.nba.com/headshots/nba/latest/1040x760/1710.png
76163,Ed Biedenbach,Ed,Biedenbach,False,https://cdn.nba.com/headshots/nba/latest/1040x760/76163.png
2740,Andris Biedrins,Andris,Biedrins,False,https://cdn.nba.com/headshots/nba/latest/1040x760/2740.png
76164,Don Bielke,Don,Bielke,False,https://cdn.nba.com/headshots/nba/latest/1040x760/76164.png
76165,Bob Bigelow,Bob,Bigelow,False,https://cdn.nba.com/headshots/nba/latest/1040x760/76165.png
1497,Chauncey Billups,Chauncey,Billups,False,https://cdn.nba.com/headshots/nba/latest/1040x760/1497.png
76166,Dave Bing,Dave,Bing,False,https://cdn.nba.com/headshots/nba/latest/1040x760/76166.png
76167,Joe Binion,Joe,Binion,False,https://cdn.nba.com/headshots/nba/latest/1040x760/76167.png
203920,Khem Birch,Khem,Birch,False,https://cdn.nba.com/headshots/nba/latest/1040x760/203920.png
1628444,Jabari Bird,Jabari,Bird,False,https://cdn.nba.com/headshots/nba/latest/1040x760/1628444.png
76168,Jerry Bird,Jerry,Bird,False,https://cdn.nba.com/headshots/nba/latest/1040x760/76168.png
1449,Larry Bird,Larry,Bird,False,https://cdn.nba.com/headshots/nba/latest/1040x760/1449.png
76170,Otis Birdsong,Otis,Birdsong,False,https://cdn.nba.com/headshots/nba/latest/1040x760/76170.png
76171,Gale Bishop,Gale,Bishop,False,https://cdn.nba.com/headshots/nba/latest/1040x760/76171.png
1629048,Goga Bitadze,Goga,Bitadze,True,https://cdn.nba.com/headshots/nba/latest/1040x760/1629048.png
1641931,Onuralp Bitim,Onuralp,Bitim,False,https://cdn.nba.com/headshots/nba/latest/1040x760/1641931.png
202687,Bismack Biyombo,Bismack,Biyombo,True,https://cdn.nba.com/headshots/nba/latest/1040x760/202687.png
202357,Nemanja Bjelica,Nemanja,Bjelica,False,https://cdn.nba.com/headshots/nba/latest/1040x760/202357.png
76172,Uwe Blab,Uwe,Blab,False,https://cdn.nba.com/headshots/nba/latest/1040x760/76172.png
1641710,Anthony Black,Anthony,Black,True,https://cdn.nba.com/headshots/nba/latest/1040x760/1641710.png
76173,Charlie Black,Charlie,Black,False,https://cdn.nba.com/headshots/nba/latest/1040x760/76173.png
1641778,Leaky Black,Leaky,Black,False,https://cdn.nba.com/headshots/nba/latest/1040x760/1641778.png
76174,Norman Black,Norman,Black,False,https://cdn.nba.com/headshots/nba/latest/1040x760/76174.png
204028,Tarik Black,Tarik,Black,False,https://cdn.nba.com/headshots/nba/latest/1040x760/204028.png
76175,Tom Black,Tom,Black,False,https://cdn.nba.com/headshots/nba/latest/1040x760/76175.png
76176,Rolando Blackman,Rolando,Blackman,False,https://cdn.nba.com/headshots/nba/latest/1040x760/76176.png
76180,Alex Blackwell,Alex,Blackwell,False,https://cdn.nba.com/headshots/nba/latest/1040x760/76180.png
76177,Cory Blackwell,Cory,Blackwell,False,https://cdn.nba.com/headshots/nba/latest/1040x760/76177.png
1806,James Blackwell,James,Blackwell,False,https://cdn.nba.com/headshots/nba/latest/1040x760/1806.png
76179,Nate Blackwell,Nate,Blackwell,False,https://cdn.nba.com/headshots/nba/latest/1040x760/76179.png
201971,DeJuan Blair,DeJuan,Blair,False,https://cdn.nba.com/headshots/nba/latest/1040x760/201971.png
2581,Steve Blake,Steve,Blake,False,https://cdn.nba.com/headshots/nba/latest/1040x760/2581.png
202392,Marqus Blakely,Marqus,Blakely,False,https://cdn.nba.com/headshots/nba/latest/1040x760/202392.png
1628469,Antonio Blakeney,Antonio,Blakeney,False,https://cdn.nba.com/headshots/nba/latest/1040x760/1628469.png
200807,Will Blalock,Will,Blalock,False,https://cdn.nba.com/headshots/nba/latest/1040x760/200807.png
76182,George Blaney,George,Blaney,False,https://cdn.nba.com/headshots/nba/latest/1040x760/76182.png
76183,Lance Blanks,Lance,Blanks,False,https://cdn.nba.com/headshots/nba/latest/1040x760/76183.png
76184,Ricky Blanton,Ricky,Blanton,False,https://cdn.nba.com/headshots/nba/latest/1040x760/76184.png
101154,Andray Blatche,Andray,Blatche,False,https://cdn.nba.com/headshots/nba/latest/1040x760/101154.png
302,Mookie Blaylock,Mookie,Blaylock,False,https://cdn.nba.com/headshots/nba/latest/1040x760/302.png
202339,Eric Bledsoe,Eric,Bledsoe,False,https://cdn.nba.com/headshots/nba/latest/1040x760/202339.png
1629833,Keljin Blevins,Keljin,Blevins,False,https://cdn.nba.com/headshots/nba/latest/1040x760/1629833.png
76186,Leon Blevins,Leon,Blevins,False,https://cdn.nba.com/headshots/nba/latest/1040x760/76186.png
76187,John Block,John,Block,False,https://cdn.nba.com/headshots/nba/latest/1040x760/76187.png
76188,Mike Bloom,Mike,Bloom,False,https://cdn.nba.com/headshots/nba/latest/1040x760/76188.png
1628417,Jaron Blossomgame,Jaron,Blossomgame,False,https://cdn.nba.com/headshots/nba/latest/1040x760/1628417.png
916,Corie Blount,Corie,Blount,False,https://cdn.nba.com/headshots/nba/latest/1040x760/916.png
1548,Mark Blount,Mark,Blount,False,https://cdn.nba.com/headshots/nba/latest/1040x760/1548.png
203505,Vander Blue,Vander,Blue,False,https://cdn.nba.com/headshots/nba/latest/1040x760/203505.png
1629129,Trevon Bluiett,Trevon,Bluiett,False,https://cdn.nba.com/headshots/nba/latest/1040x760/1629129.png
76189,Ray Blume,Ray,Blume,False,https://cdn.nba.com/headshots/nba/latest/1040x760/76189.png
76190,Nelson Bobb,Nelson,Bobb,False,https://cdn.nba.com/headshots/nba/latest/1040x760/76190.png
2800,Tony Bobbitt,Tony,Bobbitt,False,https://cdn.nba.com/headshots/nba/latest/1040x760/2800.png
76191,Arlen Bockhorn,Arlen,Bockhorn,False,https://cdn.nba.com/headshots/nba/latest/1040x760/76191.png
1631205,Buddy Boeheim,Buddy,Boeheim,False,https://cdn.nba.com/headshots/nba/latest/1040x760/1631205.png
76192,Tom Boerwinkle,Tom,Boerwinkle,False,https://cdn.nba.com/headshots/nba/latest/1040x760/76192.png
2586,Keith Bogans,Keith,Bogans,False,https://cdn.nba.com/headshots/nba/latest/1040x760/2586.png
203992,Bogdan Bogdanović,Bogdan,Bogdanović,True,https://cdn.nba.com/headshots/nba/latest/1040x760/203992.png
202711,Bojan Bogdanović,Bojan,Bogdanović,False,https://cdn.nba.com/headshots/nba/latest/1040x760/202711.png
177,Muggsy Bogues,Muggsy,Bogues,False,https://cdn.nba.com/headshots/nba/latest/1040x760/177.png
101106,Andrew Bogut,Andrew,Bogut,False,https://cdn.nba.com/headshots/nba/latest/1040x760/101106.png
1564,Etdrick Bohannon,Etdrick,Bohannon,False,https://cdn.nba.com/headshots/nba/latest/1040x760/1564.png
1629626,Bol Bol,Bol,Bol,True,https://cdn.nba.com/headshots/nba/latest/1040x760/1629626.png
76195,Manute Bol,Manute,Bol,False,https://cdn.nba.com/headshots/nba/latest/1040x760/76195.png
1628413,Jonah Bolden,Jonah,Bolden,False,https://cdn.nba.com/headshots/nba/latest/1040x760/1628413.png
1629716,Marques Bolden,Marques,Bolden,False,https://cdn.nba.com/headshots/nba/latest/1040x760/1629716.png
76196,Bill Bolger,Bill,Bolger,False,https://cdn.nba.com/headshots/nba/latest/1040x760/76196.png
1630195,Leandro Bolmaro,Leandro,Bolmaro,False,https://cdn.nba.com/headshots/nba/latest/1040x760/1630195.png
1627762,Joel Bolomboy,Joel,Bolomboy,False,https://cdn.nba.com/headshots/nba/latest/1040x760/1627762.png
76197,Doug Bolstorff,Doug,Bolstorff,False,https://cdn.nba.com/headshots/nba/latest/1040x760/76197.png
76203,George H. Bon Salle,George H.,Bon Salle,False,https://cdn.nba.com/headshots/nba/latest/1040x760/76203.png
1641737,Adem Bona,Adem,Bona,True,https://cdn.nba.com/headshots/nba/latest/1040x760/1641737.png
76198,Phil Bond,Phil,Bond,False,https://cdn.nba.com/headshots/nba/latest/1040x760/76198.png
1603,Walter Bond,Walter,Bond,False,https://cdn.nba.com/headshots/nba/latest/1040x760/1603.png
1629648,Jordan Bone,Jordan,Bone,False,https://cdn.nba.com/headshots/nba/latest/1040x760/1629648.png
1121,Dexter Boney,Dexter,Boney,False,https://cdn.nba.com/headshots/nba/latest/1040x760/1121.png
1629067,Isaac Bonga,Isaac,Bonga,False,https://cdn.nba.com/headshots/nba/latest/1040x760/1629067.png
76201,Ron Bonham,Ron,Bonham,False,https://cdn.nba.com/headshots/nba/latest/1040x760/76201.png
41,Anthony Bonner,Anthony,Bonner,False,https://cdn.nba.com/headshots/nba/latest/1040x760/41.png
2588,Matt Bonner,Matt,Bonner,False,https://cdn.nba.com/headshots/nba/latest/1040x760/2588.png
1626164,Devin Booker,Devin,Booker,True,https://cdn.nba.com/headshots/nba/latest/1040x760/1626164.png
511,Melvin Booker,Melvin,Booker,False,https://cdn.nba.com/headshots/nba/latest/1040x760/511.png
202344,Trevor Booker,Trevor,Booker,False,https://cdn.nba.com/headshots/nba/latest/1040x760/202344.png
200767,Josh Boone,Josh,Boone,False,https://cdn.nba.com/headshots/nba/latest/1040x760/200767.png
76204,Ron Boone,Ron,Boone,False,https://cdn.nba.com/headshots/nba/latest/1040x760/76204.png
1916,Calvin Booth,Calvin,Booth,False,https://cdn.nba.com/headshots/nba/latest/1040x760/1916.png
1522,Keith Booth,Keith,Booth,False,https://cdn.nba.com/headshots/nba/latest/1040x760/1522.png
76206,Bob Boozer,Bob,Boozer,False,https://cdn.nba.com/headshots/nba/latest/1040x760/76206.png
2430,Carlos Boozer,Carlos,Boozer,False,https://cdn.nba.com/headshots/nba/latest/1040x760/2430.png
2414,Curtis Borchardt,Curtis,Borchardt,False,https://cdn.nba.com/headshots/nba/latest/1040x760/2414.png
76207,Jake Bornheimer,Jake,Bornheimer,False,https://cdn.nba.com/headshots/nba/latest/1040x760/76207.png
1953,Lazaro Borrell,Lazaro,Borrell,False,https://cdn.nba.com/headshots/nba/latest/1040x760/1953.png
76209,Costic Borsavage,Costic,Borsavage,False,https://cdn.nba.com/headshots/nba/latest/1040x760/76209.png
76210,Vince Boryla,Vince,Boryla,False,https://cdn.nba.com/headshots/nba/latest/1040x760/76210.png
2547,Chris Bosh,Chris,Bosh,False,https://cdn.nba.com/headshots/nba/latest/1040x760/2547.png
76211,Jim Bostic,Jim,Bostic,False,https://cdn.nba.com/headshots/nba/latest/1040x760/76211.png
1630527,Brandon Boston,Brandon,Boston,True,https://cdn.nba.com/headshots/nba/latest/1040x760/1630527.png
76212,Lawrence Boston,Lawrence,Boston,False,https://cdn.nba.com/headshots/nba/latest/1040x760/76212.png
76213,Tom Boswell,Tom,Boswell,False,https://cdn.nba.com/headshots/nba/latest/1040x760/76213.png
1628449,Chris Boucher,Chris,Boucher,True,https://cdn.nba.com/headshots/nba/latest/1040x760/1628449.png
1630547,James Bouknight,James,Bouknight,False,https://cdn.nba.com/headshots/nba/latest/1040x760/1630547.png
2257,Ruben Boumtje-Boumtje,Ruben,Boumtje-Boumtje,False,https://cdn.nba.com/headshots/nba/latest/1040x760/2257.png
1631123,Jamaree Bouyea,Jamaree,Bouyea,True,https://cdn.nba.com/headshots/nba/latest/1040x760/1631123.png
76214,Don Boven,Don,Boven,False,https://cdn.nba.com/headshots/nba/latest/1040x760/76214.png
1898,Cal Bowdler,Cal,Bowdler,False,https://cdn.nba.com/headshots/nba/latest/1040x760/1898.png
1477,Bruce Bowen,Bruce,Bowen,False,https://cdn.nba.com/headshots/nba/latest/1040x760/1477.png
1763,Ryan Bowen,Ryan,Bowen,False,https://cdn.nba.com/headshots/nba/latest/1040x760/1763.png
1628968,Brian Bowen II,Brian,Bowen II,False,https://cdn.nba.com/headshots/nba/latest/1040x760/1628968.png
194,Anthony Bowie,Anthony,Bowie,False,https://cdn.nba.com/headshots/nba/latest/1040x760/194.png
76217,Sam Bowie,Sam,Bowie,False,https://cdn.nba.com/headshots/nba/latest/1040x760/76217.png
1085,Ira Bowman,Ira,Bowman,False,https://cdn.nba.com/headshots/nba/latest/1040x760/1085.png
1629065,Ky Bowman,Ky,Bowman,False,https://cdn.nba.com/headshots/nba/latest/1040x760/1629065.png
76219,Nate Bowman,Nate,Bowman,False,https://cdn.nba.com/headshots/nba/latest/1040x760/76219.png
671,Donnie Boyce,Donnie,Boyce,False,https://cdn.nba.com/headshots/nba/latest/1040x760/671.png
76221,Dennis Boyd,Dennis,Boyd,False,https://cdn.nba.com/headshots/nba/latest/1040x760/76221.png
76222,Fred Boyd,Fred,Boyd,False,https://cdn.nba.com/headshots/nba/latest/1040x760/76222.png
76223,Ken Boyd,Ken,Boyd,False,https://cdn.nba.com/headshots/nba/latest/1040x760/76223.png
1863,Earl Boykins,Earl,Boykins,False,https://cdn.nba.com/headshots/nba/latest/1040x760/1863.png
76224,Harry Boykoff,Harry,Boykoff,False,https://cdn.nba.com/headshots/nba/latest/1040x760/76224.png
76225,Winford Boynes,Winford,Boynes,False,https://cdn.nba.com/headshots/nba/latest/1040x760/76225.png
200841,Cedric Bozeman,Cedric,Bozeman,False,https://cdn.nba.com/headshots/nba/latest/1040x760/200841.png
76226,Steve Bracey,Steve,Bracey,False,https://cdn.nba.com/headshots/nba/latest/1040x760/76226.png
202342,Craig Brackins,Craig,Brackins,False,https://cdn.nba.com/headshots/nba/latest/1040x760/202342.png
76227,Gary Bradds,Gary,Bradds,False,https://cdn.nba.com/headshots/nba/latest/1040x760/76227.png
76228,Alex Bradley,Alex,Bradley,False,https://cdn.nba.com/headshots/nba/latest/1040x760/76228.png
76229,Alonzo Bradley,Alonzo,Bradley,False,https://cdn.nba.com/headshots/nba/latest/1040x760/76229.png
202340,Avery Bradley,Avery,Bradley,False,https://cdn.nba.com/headshots/nba/latest/1040x760/202340.png
76233,Bill Bradley,Bill,Bradley,False,https://cdn.nba.com/headshots/nba/latest/1040x760/76233.png
76230,Charles Bradley,Charles,Bradley,False,https://cdn.nba.com/headshots/nba/latest/1040x760/76230.png
76231,Dudley Bradley,Dudley,Bradley,False,https://cdn.nba.com/headshots/nba/latest/1040x760/76231.png
76232,Joe Bradley,Joe,Bradley,False,https://cdn.nba.com/headshots/nba/latest/1040x760/76232.png
2214,Michael Bradley,Michael,Bradley,False,https://cdn.nba.com/headshots/nba/latest/1040x760/2214.png
762,Shawn Bradley,Shawn,Bradley,False,https://cdn.nba.com/headshots/nba/latest/1040x760/762.png
1628396,Tony Bradley,Tony,Bradley,True,https://cdn.nba.com/headshots/nba/latest/1040x760/1628396.png
1361,Mark Bradtke,Mark,Bradtke,False,https://cdn.nba.com/headshots/nba/latest/1040x760/1361.png
66,Marques Bragg,Marques,Bragg,False,https://cdn.nba.com/headshots/nba/latest/1040x760/66.png
1765,Torraye Braggs,Torraye,Braggs,False,https://cdn.nba.com/headshots/nba/latest/1040x760/1765.png
1920,A.J. Bramlett,A.J.,Bramlett,False,https://cdn.nba.com/headshots/nba/latest/1040x760/1920.png
76237,Adrian Branch,Adrian,Branch,False,https://cdn.nba.com/headshots/nba/latest/1040x760/76237.png
1882,Elton Brand,Elton,Brand,False,https://cdn.nba.com/headshots/nba/latest/1040x760/1882.png
210,Terrell Brandon,Terrell,Brandon,False,https://cdn.nba.com/headshots/nba/latest/1040x760/210.png
1631103,Malaki Branham,Malaki,Branham,True,https://cdn.nba.com/headshots/nba/latest/1040x760/1631103.png
76238,Bob Brannum,Bob,Brannum,False,https://cdn.nba.com/headshots/nba/latest/1040x760/76238.png
76239,Brad Branson,Brad,Branson,False,https://cdn.nba.com/headshots/nba/latest/1040x760/76239.png
76240,Jesse Branson,Jesse,Branson,False,https://cdn.nba.com/headshots/nba/latest/1040x760/76240.png
1629714,Jarrell Brantley,Jarrell,Brantley,False,https://cdn.nba.com/headshots/nba/latest/1040x760/1629714.png
76241,Jim Brasco,Jim,Brasco,False,https://cdn.nba.com/headshots/nba/latest/1040x760/76241.png
76242,Mike Bratz,Mike,Bratz,False,https://cdn.nba.com/headshots/nba/latest/1040x760/76242.png
76243,Carl Braun,Carl,Braun,False,https://cdn.nba.com/headshots/nba/latest/1040x760/76243.png
1631128,Christian Braun,Christian,Braun,True,https://cdn.nba.com/headshots/nba/latest/1040x760/1631128.png
1629649,Ignas Brazdeikis,Ignas,Brazdeikis,False,https://cdn.nba.com/headshots/nba/latest/1040x760/1629649.png
160,Tim Breaux,Tim,Breaux,False,https://cdn.nba.com/headshots/nba/latest/1040x760/160.png
2452,J.R. Bremer,J.R.,Bremer,False,https://cdn.nba.com/headshots/nba/latest/1040x760/2452.png
76245,Pete Brennan,Pete,Brennan,False,https://cdn.nba.com/headshots/nba/latest/1040x760/76245.png
76246,Tom Brennan,Tom,Brennan,False,https://cdn.nba.com/headshots/nba/latest/1040x760/76246.png
76247,Randy Breuer,Randy,Breuer,False,https://cdn.nba.com/headshots/nba/latest/1040x760/76247.png
201147,Corey Brewer,Corey,Brewer,False,https://cdn.nba.com/headshots/nba/latest/1040x760/201147.png
2249,Jamison Brewer,Jamison,Brewer,False,https://cdn.nba.com/headshots/nba/latest/1040x760/2249.png
76248,Jim Brewer,Jim,Brewer,False,https://cdn.nba.com/headshots/nba/latest/1040x760/76248.png
76249,Ron Brewer,Ron,Brewer,False,https://cdn.nba.com/headshots/nba/latest/1040x760/76249.png
200758,Ronnie Brewer,Ronnie,Brewer,False,https://cdn.nba.com/headshots/nba/latest/1040x760/200758.png
2056,Primoz Brezec,Primoz,Brezec,False,https://cdn.nba.com/headshots/nba/latest/1040x760/2056.png
76250,Frank Brian,Frank,Brian,False,https://cdn.nba.com/headshots/nba/latest/1040x760/76250.png
783,Frank Brickowski,Frank,Brickowski,False,https://cdn.nba.com/headshots/nba/latest/1040x760/783.png
76252,Junior Bridgeman,Junior,Bridgeman,False,https://cdn.nba.com/headshots/nba/latest/1040x760/76252.png
76253,Bill Bridges,Bill,Bridges,False,https://cdn.nba.com/headshots/nba/latest/1040x760/76253.png
1641779,Jalen Bridges,Jalen,Bridges,True,https://cdn.nba.com/headshots/nba/latest/1040x760/1641779.png
1628969,Mikal Bridges,Mikal,Bridges,True,https://cdn.nba.com/headshots/nba/latest/1040x760/1628969.png
1628970,Miles Bridges,Miles,Bridges,True,https://cdn.nba.com/headshots/nba/latest/1040x760/1628970.png
76254,Al Brightman,Al,Brightman,False,https://cdn.nba.com/headshots/nba/latest/1040x760/76254.png
1628578,Amida Brimah,Amida,Brimah,False,https://cdn.nba.com/headshots/nba/latest/1040x760/1628578.png
76255,Audley Brindley,Audley,Brindley,False,https://cdn.nba.com/headshots/nba/latest/1040x760/76255.png
1628515,Isaiah Briscoe,Isaiah,Briscoe,False,https://cdn.nba.com/headshots/nba/latest/1040x760/1628515.png
76256,John Brisker,John,Brisker,False,https://cdn.nba.com/headshots/nba/latest/1040x760/76256.png
1629052,Oshae Brissett,Oshae,Brissett,True,https://cdn.nba.com/headshots/nba/latest/1040x760/1629052.png
76257,Allan Bristow,Allan,Bristow,False,https://cdn.nba.com/headshots/nba/latest/1040x760/76257.png
76258,Tyrone Britt,Tyrone,Britt,False,https://cdn.nba.com/headshots/nba/latest/1040x760/76258.png
76259,Wayman Britt,Wayman,Britt,False,https://cdn.nba.com/headshots/nba/latest/1040x760/76259.png
76260,Mike Brittain,Mike,Brittain,False,https://cdn.nba.com/headshots/nba/latest/1040x760/76260.png
76261,David Britton,David,Britton,False,https://cdn.nba.com/headshots/nba/latest/1040x760/76261.png
1631167,Izaiah Brockington,Izaiah,Brockington,False,https://cdn.nba.com/headshots/nba/latest/1040x760/1631167.png
201972,Jon Brockman,Jon,Brockman,False,https://cdn.nba.com/headshots/nba/latest/1040x760/201972.png
1629151,Ryan Broekhoff,Ryan,Broekhoff,False,https://cdn.nba.com/headshots/nba/latest/1040x760/1629151.png
76262,Jim Brogan,Jim,Brogan,False,https://cdn.nba.com/headshots/nba/latest/1040x760/76262.png
1627763,Malcolm Brogdon,Malcolm,Brogdon,True,https://cdn.nba.com/headshots/nba/latest/1040x760/1627763.png
76263,Gary Brokaw,Gary,Brokaw,False,https://cdn.nba.com/headshots/nba/latest/1040x760/76263.png
76264,Price Brookfield,Price,Brookfield,False,https://cdn.nba.com/headshots/nba/latest/1040x760/76264.png
201166,Aaron Brooks,Aaron,Brooks,False,https://cdn.nba.com/headshots/nba/latest/1040x760/201166.png
1629717,Armoni Brooks,Armoni,Brooks,False,https://cdn.nba.com/headshots/nba/latest/1040x760/1629717.png
1628415,Dillon Brooks,Dillon,Brooks,True,https://cdn.nba.com/headshots/nba/latest/1040x760/1628415.png
76265,Kevin Brooks,Kevin,Brooks,False,https://cdn.nba.com/headshots/nba/latest/1040x760/76265.png
202705,MarShon Brooks,MarShon,Brooks,False,https://cdn.nba.com/headshots/nba/latest/1040x760/202705.png
76266,Michael Brooks,Michael,Brooks,False,https://cdn.nba.com/headshots/nba/latest/1040x760/76266.png
418,Scott Brooks,Scott,Brooks,False,https://cdn.nba.com/headshots/nba/latest/1040x760/418.png
1631232,Keion Brooks Jr.,Keion,Brooks Jr.,True,https://cdn.nba.com/headshots/nba/latest/1040x760/1631232.png
2810,Andre Brown,Andre,Brown,False,https://cdn.nba.com/headshots/nba/latest/1040x760/2810.png
1626148,Anthony Brown,Anthony,Brown,False,https://cdn.nba.com/headshots/nba/latest/1040x760/1626148.png
76284,Bob Brown,Bob,Brown,False,https://cdn.nba.com/headshots/nba/latest/1040x760/76284.png
201628,Bobby Brown,Bobby,Brown,False,https://cdn.nba.com/headshots/nba/latest/1040x760/201628.png
1628971,Bruce Brown,Bruce,Brown,True,https://cdn.nba.com/headshots/nba/latest/1040x760/1628971.png
359,Chucky Brown,Chucky,Brown,False,https://cdn.nba.com/headshots/nba/latest/1040x760/359.png
2245,Damone Brown,Damone,Brown,False,https://cdn.nba.com/headshots/nba/latest/1040x760/2245.png
76270,Darrell Brown,Darrell,Brown,False,https://cdn.nba.com/headshots/nba/latest/1040x760/76270.png
244,Dee Brown,Dee,Brown,False,https://cdn.nba.com/headshots/nba/latest/1040x760/244.png
200793,Dee Brown,Dee,Brown,False,https://cdn.nba.com/headshots/nba/latest/1040x760/200793.png
201974,Derrick Brown,Derrick,Brown,False,https://cdn.nba.com/headshots/nba/latest/1040x760/201974.png
2484,Devin Brown,Devin,Brown,False,https://cdn.nba.com/headshots/nba/latest/1040x760/2484.png
2081,Ernest Brown,Ernest,Brown,False,https://cdn.nba.com/headshots/nba/latest/1040x760/2081.png
76272,Fred Brown,Fred,Brown,False,https://cdn.nba.com/headshots/nba/latest/1040x760/76272.png
76273,George Brown,George,Brown,False,https://cdn.nba.com/headshots/nba/latest/1040x760/76273.png
1871,Gerald Brown,Gerald,Brown,False,https://cdn.nba.com/headshots/nba/latest/1040x760/1871.png
76275,Harold Brown,Harold,Brown,False,https://cdn.nba.com/headshots/nba/latest/1040x760/76275.png
203913,Jabari Brown,Jabari,Brown,False,https://cdn.nba.com/headshots/nba/latest/1040x760/203913.png
1627759,Jaylen Brown,Jaylen,Brown,True,https://cdn.nba.com/headshots/nba/latest/1040x760/1627759.png
76276,John Brown,John,Brown,False,https://cdn.nba.com/headshots/nba/latest/1040x760/76276.png
2208,Kedrick Brown,Kedrick,Brown,False,https://cdn.nba.com/headshots/nba/latest/1040x760/2208.png
1631112,Kendall Brown,Kendall,Brown,False,https://cdn.nba.com/headshots/nba/latest/1040x760/1631112.png
1641738,Kobe Brown,Kobe,Brown,True,https://cdn.nba.com/headshots/nba/latest/1040x760/1641738.png
2198,Kwame Brown,Kwame,Brown,False,https://cdn.nba.com/headshots/nba/latest/1040x760/2198.png
76278,Leon Brown,Leon,Brown,False,https://cdn.nba.com/headshots/nba/latest/1040x760/76278.png
76279,Lewis Brown,Lewis,Brown,False,https://cdn.nba.com/headshots/nba/latest/1040x760/76279.png
203485,Lorenzo Brown,Lorenzo,Brown,False,https://cdn.nba.com/headshots/nba/latest/1040x760/203485.png
992,Marcus Brown,Marcus,Brown,False,https://cdn.nba.com/headshots/nba/latest/1040x760/992.png
203900,Markel Brown,Markel,Brown,False,https://cdn.nba.com/headshots/nba/latest/1040x760/203900.png
1479,Mike Brown,Mike,Brown,False,https://cdn.nba.com/headshots/nba/latest/1040x760/1479.png
1629650,Moses Brown,Moses,Brown,True,https://cdn.nba.com/headshots/nba/latest/1040x760/1629650.png
76277,Myron Brown,Myron,Brown,False,https://cdn.nba.com/headshots/nba/latest/1040x760/76277.png
136,P.J. Brown,P.J.,Brown,False,https://cdn.nba.com/headshots/nba/latest/1040x760/136.png
753,Randy Brown,Randy,Brown,False,https://cdn.nba.com/headshots/nba/latest/1040x760/753.png
76282,Raymond Brown,Raymond,Brown,False,https://cdn.nba.com/headshots/nba/latest/1040x760/76282.png
76283,Rickey Brown,Rickey,Brown,False,https://cdn.nba.com/headshots/nba/latest/1040x760/76283.png
76286,Roger Brown,Roger,Brown,False,https://cdn.nba.com/headshots/nba/latest/1040x760/76286.png
200769,Shannon Brown,Shannon,Brown,False,https://cdn.nba.com/headshots/nba/latest/1040x760/200769.png
76285,Stan Brown,Stan,Brown,False,https://cdn.nba.com/headshots/nba/latest/1040x760/76285.png
1628425,Sterling Brown,Sterling,Brown,False,https://cdn.nba.com/headshots/nba/latest/1040x760/1628425.png
2357,Tierre Brown,Tierre,Brown,False,https://cdn.nba.com/headshots/nba/latest/1040x760/2357.png
76268,Tony Brown,Tony,Brown,False,https://cdn.nba.com/headshots/nba/latest/1040x760/76268.png
1630535,Greg Brown III,Greg,Brown III,False,https://cdn.nba.com/headshots/nba/latest/1040x760/1630535.png
1629718,Charlie Brown Jr.,Charlie,Brown Jr.,False,https://cdn.nba.com/headshots/nba/latest/1040x760/1629718.png
1630602,Chaundee Brown Jr.,Chaundee,Brown Jr.,False,https://cdn.nba.com/headshots/nba/latest/1040x760/1630602.png
1628972,Troy Brown Jr.,Troy,Brown Jr.,False,https://cdn.nba.com/headshots/nba/latest/1040x760/1628972.png
76287,Jim Browne,Jim,Browne,False,https://cdn.nba.com/headshots/nba/latest/1040x760/76287.png
76288,Stanley Brundy,Stanley,Brundy,False,https://cdn.nba.com/headshots/nba/latest/1040x760/76288.png
1628973,Jalen Brunson,Jalen,Brunson,True,https://cdn.nba.com/headshots/nba/latest/1040x760/1628973.png
1594,Rick Brunson,Rick,Brunson,False,https://cdn.nba.com/headshots/nba/latest/1040x760/1594.png
1627852,Nicolas Brussino,Nicolas,Brussino,False,https://cdn.nba.com/headshots/nba/latest/1040x760/1627852.png
1629091,Elijah Bryant,Elijah,Bryant,False,https://cdn.nba.com/headshots/nba/latest/1040x760/1629091.png
76289,Emmette Bryant,Emmette,Bryant,False,https://cdn.nba.com/headshots/nba/latest/1040x760/76289.png
76290,Joe Bryant,Joe,Bryant,False,https://cdn.nba.com/headshots/nba/latest/1040x760/76290.png
977,Kobe Bryant,Kobe,Bryant,False,https://cdn.nba.com/headshots/nba/latest/1040x760/977.png
95,Mark Bryant,Mark,Bryant,False,https://cdn.nba.com/headshots/nba/latest/1040x760/95.png
1628418,Thomas Bryant,Thomas,Bryant,True,https://cdn.nba.com/headshots/nba/latest/1040x760/1628418.png
76291,Wallace Bryant,Wallace,Bryant,False,https://cdn.nba.com/headshots/nba/latest/1040x760/76291.png
76292,Torgeir Bryn,Torgeir,Bryn,False,https://cdn.nba.com/headshots/nba/latest/1040x760/76292.png
1629783,Shaq Buchanan,Shaq,Buchanan,False,https://cdn.nba.com/headshots/nba/latest/1040x760/1629783.png
76293,Joe Buckhalter,Joe,Buckhalter,False,https://cdn.nba.com/headshots/nba/latest/1040x760/76293.png
76294,Steve Bucknall,Steve,Bucknall,False,https://cdn.nba.com/headshots/nba/latest/1040x760/76294.png
76295,Cleveland Buckner,Cleveland,Buckner,False,https://cdn.nba.com/headshots/nba/latest/1040x760/76295.png
1761,Greg Buckner,Greg,Buckner,False,https://cdn.nba.com/headshots/nba/latest/1040x760/1761.png
76296,Quinn Buckner,Quinn,Buckner,False,https://cdn.nba.com/headshots/nba/latest/1040x760/76296.png
76297,Dave Budd,Dave,Budd,False,https://cdn.nba.com/headshots/nba/latest/1040x760/76297.png
201978,Chase Budinger,Chase,Budinger,False,https://cdn.nba.com/headshots/nba/latest/1040x760/201978.png
76298,Walter Budko,Walter,Budko,False,https://cdn.nba.com/headshots/nba/latest/1040x760/76298.png
146,Jud Buechler,Jud,Buechler,False,https://cdn.nba.com/headshots/nba/latest/1040x760/146.png
1641723,Kobe Bufkin,Kobe,Bufkin,True,https://cdn.nba.com/headshots/nba/latest/1040x760/1641723.png
1934,Rodney Buford,Rodney,Buford,False,https://cdn.nba.com/headshots/nba/latest/1040x760/1934.png
672,Matt Bullard,Matt,Bullard,False,https://cdn.nba.com/headshots/nba/latest/1040x760/672.png
203493,Reggie Bullock Jr.,Reggie,Bullock Jr.,False,https://cdn.nba.com/headshots/nba/latest/1040x760/203493.png
76300,Greg Bunch,Greg,Bunch,False,https://cdn.nba.com/headshots/nba/latest/1040x760/76300.png
76301,Dick Bunt,Dick,Bunt,False,https://cdn.nba.com/headshots/nba/latest/1040x760/76301.png
76302,Bill Buntin,Bill,Buntin,False,https://cdn.nba.com/headshots/nba/latest/1040x760/76302.png
76303,Luther Burden,Luther,Burden,False,https://cdn.nba.com/headshots/nba/latest/1040x760/76303.png
2469,Pat Burke,Pat,Burke,False,https://cdn.nba.com/headshots/nba/latest/1040x760/2469.png
203504,Trey Burke,Trey,Burke,False,https://cdn.nba.com/headshots/nba/latest/1040x760/203504.png
76304,Roger Burkman,Roger,Burkman,False,https://cdn.nba.com/headshots/nba/latest/1040x760/76304.png
202692,Alec Burks,Alec,Burks,True,https://cdn.nba.com/headshots/nba/latest/1040x760/202692.png
2766,Antonio Burks,Antonio,Burks,False,https://cdn.nba.com/headshots/nba/latest/1040x760/2766.png
101207,Kevin Burleson,Kevin,Burleson,False,https://cdn.nba.com/headshots/nba/latest/1040x760/101207.png
76305,Tom Burleson,Tom,Burleson,False,https://cdn.nba.com/headshots/nba/latest/1040x760/76305.png
76306,Jack Burmaster,Jack,Burmaster,False,https://cdn.nba.com/headshots/nba/latest/1040x760/76306.png
76307,David Burns,David,Burns,False,https://cdn.nba.com/headshots/nba/latest/1040x760/76307.png
76308,Evers Burns,Evers,Burns,False,https://cdn.nba.com/headshots/nba/latest/1040x760/76308.png
76309,Jim Burns,Jim,Burns,False,https://cdn.nba.com/headshots/nba/latest/1040x760/76309.png
197,Scott Burrell,Scott,Burrell,False,https://cdn.nba.com/headshots/nba/latest/1040x760/197.png
76311,Art Burris,Art,Burris,False,https://cdn.nba.com/headshots/nba/latest/1040x760/76311.png
675,Junior Burrough,Junior,Burrough,False,https://cdn.nba.com/headshots/nba/latest/1040x760/675.png
76313,Bob Burrow,Bob,Burrow,False,https://cdn.nba.com/headshots/nba/latest/1040x760/76313.png
1629126,Deonte Burton,Deonte,Burton,False,https://cdn.nba.com/headshots/nba/latest/1040x760/1629126.png
76314,Ed Burton,Ed,Burton,False,https://cdn.nba.com/headshots/nba/latest/1040x760/76314.png
416,Willie Burton,Willie,Burton,False,https://cdn.nba.com/headshots/nba/latest/1040x760/416.png
76316,Steve Burtt,Steve,Burtt,False,https://cdn.nba.com/headshots/nba/latest/1040x760/76316.png
76317,Don Buse,Don,Buse,False,https://cdn.nba.com/headshots/nba/latest/1040x760/76317.png
202221,Brian Butch,Brian,Butch,False,https://cdn.nba.com/headshots/nba/latest/1040x760/202221.png
76318,Donnie Butcher,Donnie,Butcher,False,https://cdn.nba.com/headshots/nba/latest/1040x760/76318.png
76319,Al Butler,Al,Butler,False,https://cdn.nba.com/headshots/nba/latest/1040x760/76319.png
2406,Caron Butler,Caron,Butler,False,https://cdn.nba.com/headshots/nba/latest/1040x760/2406.png
202364,Da'Sean Butler,Da'Sean,Butler,False,https://cdn.nba.com/headshots/nba/latest/1040x760/202364.png
76320,Greg Butler,Greg,Butler,False,https://cdn.nba.com/headshots/nba/latest/1040x760/76320.png
2866,Jackie Butler,Jackie,Butler,False,https://cdn.nba.com/headshots/nba/latest/1040x760/2866.png
1630215,Jared Butler,Jared,Butler,True,https://cdn.nba.com/headshots/nba/latest/1040x760/1630215.png
348,Mitchell Butler,Mitchell,Butler,False,https://cdn.nba.com/headshots/nba/latest/1040x760/348.png
2446,Rasual Butler,Rasual,Butler,False,https://cdn.nba.com/headshots/nba/latest/1040x760/2446.png
202710,Jimmy Butler III,Jimmy,Butler III,True,https://cdn.nba.com/headshots/nba/latest/1040x760/202710.png
1631219,John Butler Jr.,John,Butler Jr.,False,https://cdn.nba.com/headshots/nba/latest/1040x760/1631219.png
202779,Dwight Buycks,Dwight,Buycks,False,https://cdn.nba.com/headshots/nba/latest/1040x760/202779.png
1641824,Matas Buzelis,Matas,Buzelis,True,https://cdn.nba.com/headshots/nba/latest/1040x760/1641824.png
201182,Derrick Byars,Derrick,Byars,False,https://cdn.nba.com/headshots/nba/latest/1040x760/201182.png
101115,Andrew Bynum,Andrew,Bynum,False,https://cdn.nba.com/headshots/nba/latest/1040x760/101115.png
101198,Will Bynum,Will,Bynum,False,https://cdn.nba.com/headshots/nba/latest/1040x760/101198.png
76321,Marty Byrnes,Marty,Byrnes,False,https://cdn.nba.com/headshots/nba/latest/1040x760/76321.png
76322,Tommy Byrnes,Tommy,Byrnes,False,https://cdn.nba.com/headshots/nba/latest/1040x760/76322.png
76323,Mike Bytzura,Mike,Bytzura,False,https://cdn.nba.com/headshots/nba/latest/1040x760/76323.png
2560,Zarko Cabarkapa,Zarko,Cabarkapa,False,https://cdn.nba.com/headshots/nba/latest/1040x760/2560.png
76324,Barney Cable,Barney,Cable,False,https://cdn.nba.com/headshots/nba/latest/1040x760/76324.png
203998,Bruno Caboclo,Bruno,Caboclo,False,https://cdn.nba.com/headshots/nba/latest/1040x760/203998.png
1629719,Devontae Cacok,Devontae,Cacok,False,https://cdn.nba.com/headshots/nba/latest/1040x760/1629719.png
679,Jason Caffey,Jason,Caffey,False,https://cdn.nba.com/headshots/nba/latest/1040x760/679.png
262,Michael Cage,Michael,Cage,False,https://cdn.nba.com/headshots/nba/latest/1040x760/262.png
1631288,Jamal Cain,Jamal,Cain,True,https://cdn.nba.com/headshots/nba/latest/1040x760/1631288.png
76326,Gerry Calabrese,Gerry,Calabrese,False,https://cdn.nba.com/headshots/nba/latest/1040x760/76326.png
201979,Nick Calathes,Nick,Calathes,False,https://cdn.nba.com/headshots/nba/latest/1040x760/201979.png
101181,Jose Calderon,Jose,Calderon,False,https://cdn.nba.com/headshots/nba/latest/1040x760/101181.png
154,Adrian Caldwell,Adrian,Caldwell,False,https://cdn.nba.com/headshots/nba/latest/1040x760/154.png
76328,Jim Caldwell,Jim,Caldwell,False,https://cdn.nba.com/headshots/nba/latest/1040x760/76328.png
76329,Joe Caldwell,Joe,Caldwell,False,https://cdn.nba.com/headshots/nba/latest/1040x760/76329.png
203484,Kentavious Caldwell-Pope,Kentavious,Caldwell-Pope,True,https://cdn.nba.com/headshots/nba/latest/1040x760/203484.png
76331,Bill Calhoun,Bill,Calhoun,False,https://cdn.nba.com/headshots/nba/latest/1040x760/76331.png
76330,Corky Calhoun,Corky,Calhoun,False,https://cdn.nba.com/headshots/nba/latest/1040x760/76330.png
76332,Demetrius Calip,Demetrius,Calip,False,https://cdn.nba.com/headshots/nba/latest/1040x760/76332.png
76333,Tom Callahan,Tom,Callahan,False,https://cdn.nba.com/headshots/nba/latest/1040x760/76333.png
76334,Rick Calloway,Rick,Calloway,False,https://cdn.nba.com/headshots/nba/latest/1040x760/76334.png
76335,Ernie Calverley,Ernie,Calverley,False,https://cdn.nba.com/headshots/nba/latest/1040x760/76335.png
76336,Mack Calvin,Mack,Calvin,False,https://cdn.nba.com/headshots/nba/latest/1040x760/76336.png
1641739,Toumani Camara,Toumani,Camara,True,https://cdn.nba.com/headshots/nba/latest/1040x760/1641739.png
76337,Dexter Cambridge,Dexter,Cambridge,False,https://cdn.nba.com/headshots/nba/latest/1040x760/76337.png
948,Marcus Camby,Marcus,Camby,False,https://cdn.nba.com/headshots/nba/latest/1040x760/948.png
1630267,Facundo Campazzo,Facundo,Campazzo,False,https://cdn.nba.com/headshots/nba/latest/1040x760/1630267.png
922,Elden Campbell,Elden,Campbell,False,https://cdn.nba.com/headshots/nba/latest/1040x760/922.png
76338,Tony Campbell,Tony,Campbell,False,https://cdn.nba.com/headshots/nba/latest/1040x760/76338.png
203477,Isaiah Canaan,Isaiah,Canaan,False,https://cdn.nba.com/headshots/nba/latest/1040x760/203477.png
1629962,Devin Cannady,Devin,Cannady,False,https://cdn.nba.com/headshots/nba/latest/1040x760/1629962.png
76339,Larry Cannon,Larry,Cannon,False,https://cdn.nba.com/headshots/nba/latest/1040x760/76339.png
203991,Clint Capela,Clint,Capela,True,https://cdn.nba.com/headshots/nba/latest/1040x760/203991.png
202382,Derrick Caracter,Derrick,Caracter,False,https://cdn.nba.com/headshots/nba/latest/1040x760/202382.png
2073,Brian Cardinal,Brian,Cardinal,False,https://cdn.nba.com/headshots/nba/latest/1040x760/2073.png
1630176,Vernon Carey Jr.,Vernon,Carey Jr.,False,https://cdn.nba.com/headshots/nba/latest/1040x760/1630176.png
76340,Howie Carl,Howie,Carl,False,https://cdn.nba.com/headshots/nba/latest/1040x760/76340.png
76341,Chet Carlisle,Chet,Carlisle,False,https://cdn.nba.com/headshots/nba/latest/1040x760/76341.png
2367,Geno Carlisle,Geno,Carlisle,False,https://cdn.nba.com/headshots/nba/latest/1040x760/2367.png
76342,Rick Carlisle,Rick,Carlisle,False,https://cdn.nba.com/headshots/nba/latest/1040x760/76342.png
76343,Al Carlson,Al,Carlson,False,https://cdn.nba.com/headshots/nba/latest/1040x760/76343.png
1642382,Branden Carlson,Branden,Carlson,True,https://cdn.nba.com/headshots/nba/latest/1040x760/1642382.png
76344,Don Carlson,Don,Carlson,False,https://cdn.nba.com/headshots/nba/latest/1040x760/76344.png
76345,Bob Carney,Bob,Carney,False,https://cdn.nba.com/headshots/nba/latest/1040x760/76345.png
200760,Rodney Carney,Rodney,Carney,False,https://cdn.nba.com/headshots/nba/latest/1040x760/200760.png
76346,Bob Carpenter,Bob,Carpenter,False,https://cdn.nba.com/headshots/nba/latest/1040x760/76346.png
156,Antoine Carr,Antoine,Carr,False,https://cdn.nba.com/headshots/nba/latest/1040x760/156.png
76348,Austin Carr,Austin,Carr,False,https://cdn.nba.com/headshots/nba/latest/1040x760/76348.png
713,Chris Carr,Chris,Carr,False,https://cdn.nba.com/headshots/nba/latest/1040x760/713.png
1757,Cory Carr,Cory,Carr,False,https://cdn.nba.com/headshots/nba/latest/1040x760/1757.png
76350,Kenny Carr,Kenny,Carr,False,https://cdn.nba.com/headshots/nba/latest/1040x760/76350.png
76351,M.L. Carr,M.L.,Carr,False,https://cdn.nba.com/headshots/nba/latest/1040x760/76351.png
76352,Bob Carrington,Bob,Carrington,False,https://cdn.nba.com/headshots/nba/latest/1040x760/76352.png
1642267,Bub Carrington,Bub,Carrington,True,https://cdn.nba.com/headshots/nba/latest/1040x760/1642267.png
201960,DeMarre Carroll,DeMarre,Carroll,False,https://cdn.nba.com/headshots/nba/latest/1040x760/201960.png
76353,Joe Barry Carroll,Joe Barry,Carroll,False,https://cdn.nba.com/headshots/nba/latest/1040x760/76353.png
2679,Matt Carroll,Matt,Carroll,False,https://cdn.nba.com/headshots/nba/latest/1040x760/2679.png
1131,Jimmy Carruth,Jimmy,Carruth,False,https://cdn.nba.com/headshots/nba/latest/1040x760/1131.png
1853,Anthony Carter,Anthony,Carter,False,https://cdn.nba.com/headshots/nba/latest/1040x760/1853.png
76355,Butch Carter,Butch,Carter,False,https://cdn.nba.com/headshots/nba/latest/1040x760/76355.png
1642269,Devin Carter,Devin,Carter,True,https://cdn.nba.com/headshots/nba/latest/1040x760/1642269.png
76356,Fred Carter,Fred,Carter,False,https://cdn.nba.com/headshots/nba/latest/1040x760/76356.png
76357,George Carter,George,Carter,False,https://cdn.nba.com/headshots/nba/latest/1040x760/76357.png
76358,Howard Carter,Howard,Carter,False,https://cdn.nba.com/headshots/nba/latest/1040x760/76358.png
76359,Jake Carter,Jake,Carter,False,https://cdn.nba.com/headshots/nba/latest/1040x760/76359.png
1628975,Jevon Carter,Jevon,Carter,True,https://cdn.nba.com/headshots/nba/latest/1040x760/1628975.png
2466,Maurice Carter,Maurice,Carter,False,https://cdn.nba.com/headshots/nba/latest/1040x760/2466.png
76360,Reggie Carter,Reggie,Carter,False,https://cdn.nba.com/headshots/nba/latest/1040x760/76360.png
76361,Ron Carter,Ron,Carter,False,https://cdn.nba.com/headshots/nba/latest/1040x760/76361.png
1713,Vince Carter,Vince,Carter,False,https://cdn.nba.com/headshots/nba/latest/1040x760/1713.png
1628976,Wendell Carter Jr.,Wendell,Carter Jr.,True,https://cdn.nba.com/headshots/nba/latest/1040x760/1628976.png
203487,Michael Carter-Williams,Michael,Carter-Williams,False,https://cdn.nba.com/headshots/nba/latest/1040x760/203487.png
1630618,D.J. Carton,D.J.,Carton,True,https://cdn.nba.com/headshots/nba/latest/1040x760/1630618.png
76362,Bill Cartwright,Bill,Cartwright,False,https://cdn.nba.com/headshots/nba/latest/1040x760/76362.png
76363,Jay Carty,Jay,Carty,False,https://cdn.nba.com/headshots/nba/latest/1040x760/76363.png
1627936,Alex Caruso,Alex,Caruso,True,https://cdn.nba.com/headshots/nba/latest/1040x760/1627936.png
76364,Cornelius Cash,Cornelius,Cash,False,https://cdn.nba.com/headshots/nba/latest/1040x760/76364.png
208,Sam Cassell,Sam,Cassell,False,https://cdn.nba.com/headshots/nba/latest/1040x760/208.png
201956,Omri Casspi,Omri,Casspi,False,https://cdn.nba.com/headshots/nba/latest/1040x760/201956.png
1642264,Stephon Castle,Stephon,Castle,True,https://cdn.nba.com/headshots/nba/latest/1040x760/1642264.png
1630658,Colin Castleton,Colin,Castleton,True,https://cdn.nba.com/headshots/nba/latest/1040x760/1630658.png
76365,Harvey Catchings,Harvey,Catchings,False,https://cdn.nba.com/headshots/nba/latest/1040x760/76365.png
767,Terry Catledge,Terry,Catledge,False,https://cdn.nba.com/headshots/nba/latest/1040x760/767.png
76367,Sid Catlett,Sid,Catlett,False,https://cdn.nba.com/headshots/nba/latest/1040x760/76367.png
1509,Kelvin Cato,Kelvin,Cato,False,https://cdn.nba.com/headshots/nba/latest/1040x760/1509.png
76368,Bobby Cattage,Bobby,Cattage,False,https://cdn.nba.com/headshots/nba/latest/1040x760/76368.png
1626161,Willie Cauley-Stein,Willie,Cauley-Stein,False,https://cdn.nba.com/headshots/nba/latest/1040x760/1626161.png
1628505,Troy Caupain,Troy,Caupain,False,https://cdn.nba.com/headshots/nba/latest/1040x760/1628505.png
190,Duane Causwell,Duane,Causwell,False,https://cdn.nba.com/headshots/nba/latest/1040x760/190.png
1628463,Tyler Cavanaugh,Tyler,Cavanaugh,False,https://cdn.nba.com/headshots/nba/latest/1040x760/1628463.png
76370,Ron Cavenall,Ron,Cavenall,False,https://cdn.nba.com/headshots/nba/latest/1040x760/76370.png
1629958,Ahmad Caver,Ahmad,Caver,False,https://cdn.nba.com/headshots/nba/latest/1040x760/1629958.png
1630608,Malcolm Cazalon,Malcolm,Cazalon,False,https://cdn.nba.com/headshots/nba/latest/1040x760/1630608.png
76,Cedric Ceballos,Cedric,Ceballos,False,https://cdn.nba.com/headshots/nba/latest/1040x760/76.png
1911,John Celestand,John,Celestand,False,https://cdn.nba.com/headshots/nba/latest/1040x760/1911.png
76373,Al Cervi,Al,Cervi,False,https://cdn.nba.com/headshots/nba/latest/1040x760/76373.png
2763,Lionel Chalmers,Lionel,Chalmers,False,https://cdn.nba.com/headshots/nba/latest/1040x760/2763.png
201596,Mario Chalmers,Mario,Chalmers,False,https://cdn.nba.com/headshots/nba/latest/1040x760/201596.png
76374,Bill Chamberlain,Bill,Chamberlain,False,https://cdn.nba.com/headshots/nba/latest/1040x760/76374.png
76375,Wilt Chamberlain,Wilt,Chamberlain,False,https://cdn.nba.com/headshots/nba/latest/1040x760/76375.png
76376,Jerry Chambers,Jerry,Chambers,False,https://cdn.nba.com/headshots/nba/latest/1040x760/76376.png
1472,Tom Chambers,Tom,Chambers,False,https://cdn.nba.com/headshots/nba/latest/1040x760/1472.png
1630577,Julian Champagnie,Julian,Champagnie,True,https://cdn.nba.com/headshots/nba/latest/1040x760/1630577.png
1630551,Justin Champagnie,Justin,Champagnie,True,https://cdn.nba.com/headshots/nba/latest/1040x760/1630551.png
76378,Mike Champion,Mike,Champion,False,https://cdn.nba.com/headshots/nba/latest/1040x760/76378.png
1631113,Kennedy Chandler,Kennedy,Chandler,False,https://cdn.nba.com/headshots/nba/latest/1040x760/1631113.png
2199,Tyson Chandler,Tyson,Chandler,False,https://cdn.nba.com/headshots/nba/latest/1040x760/2199.png
201163,Wilson Chandler,Wilson,Chandler,False,https://cdn.nba.com/headshots/nba/latest/1040x760/201163.png
76379,Don Chaney,Don,Chaney,False,https://cdn.nba.com/headshots/nba/latest/1040x760/76379.png
76380,John Chaney,John,Chaney,False,https://cdn.nba.com/headshots/nba/latest/1040x760/76380.png
364,Rex Chapman,Rex,Chapman,False,https://cdn.nba.com/headshots/nba/latest/1040x760/364.png
76382,Len Chappell,Len,Chappell,False,https://cdn.nba.com/headshots/nba/latest/1040x760/76382.png
76383,Ken Charles,Ken,Charles,False,https://cdn.nba.com/headshots/nba/latest/1040x760/76383.png
76384,Lorenzo Charles,Lorenzo,Charles,False,https://cdn.nba.com/headshots/nba/latest/1040x760/76384.png
1629147,Joe Chealey,Joe,Chealey,False,https://cdn.nba.com/headshots/nba/latest/1040x760/1629147.png
384,Calbert Cheaney,Calbert,Cheaney,False,https://cdn.nba.com/headshots/nba/latest/1040x760/384.png
1629597,Zylan Cheatham,Zylan,Cheatham,False,https://cdn.nba.com/headshots/nba/latest/1040x760/1629597.png
76385,Maurice Cheeks,Maurice,Cheeks,False,https://cdn.nba.com/headshots/nba/latest/1040x760/76385.png
76386,Phil Chenier,Phil,Chenier,False,https://cdn.nba.com/headshots/nba/latest/1040x760/76386.png
203805,Will Cherry,Will,Cherry,False,https://cdn.nba.com/headshots/nba/latest/1040x760/203805.png
76387,Derrick Chievous,Derrick,Chievous,False,https://cdn.nba.com/headshots/nba/latest/1040x760/76387.png
432,Pete Chilcutt,Pete,Chilcutt,False,https://cdn.nba.com/headshots/nba/latest/1040x760/432.png
2735,Josh Childress,Josh,Childress,False,https://cdn.nba.com/headshots/nba/latest/1040x760/2735.png
719,Randolph Childress,Randolph,Childress,False,https://cdn.nba.com/headshots/nba/latest/1040x760/719.png
164,Chris Childs,Chris,Childs,False,https://cdn.nba.com/headshots/nba/latest/1040x760/164.png
1629185,Chris Chiozza,Chris,Chiozza,False,https://cdn.nba.com/headshots/nba/latest/1040x760/1629185.png
76391,Leroy Chollet,Leroy,Chollet,False,https://cdn.nba.com/headshots/nba/latest/1040x760/76391.png
1642279,Ulrich Chomche,Ulrich,Chomche,True,https://cdn.nba.com/headshots/nba/latest/1040x760/1642279.png
76392,Jim Chones,Jim,Chones,False,https://cdn.nba.com/headshots/nba/latest/1040x760/76392.png
1627737,Marquese Chriss,Marquese,Chriss,False,https://cdn.nba.com/headshots/nba/latest/1040x760/1627737.png
76393,Fred Christ,Fred,Christ,False,https://cdn.nba.com/headshots/nba/latest/1040x760/76393.png
76394,Cal Christensen,Cal,Christensen,False,https://cdn.nba.com/headshots/nba/latest/1040x760/76394.png
76395,Bob Christian,Bob,Christian,False,https://cdn.nba.com/headshots/nba/latest/1040x760/76395.png
1642353,Cam Christie,Cam,Christie,True,https://cdn.nba.com/headshots/nba/latest/1040x760/1642353.png
57,Doug Christie,Doug,Christie,False,https://cdn.nba.com/headshots/nba/latest/1040x760/57.png
1631108,Max Christie,Max,Christie,True,https://cdn.nba.com/headshots/nba/latest/1040x760/1631108.png
202091,Dionte Christmas,Dionte,Christmas,False,https://cdn.nba.com/headshots/nba/latest/1040x760/202091.png
1626176,Rakeem Christmas,Rakeem,Christmas,False,https://cdn.nba.com/headshots/nba/latest/1040x760/1626176.png
203902,Semaj Christon,Semaj,Christon,False,https://cdn.nba.com/headshots/nba/latest/1040x760/203902.png
1630528,Josh Christopher,Josh,Christopher,True,https://cdn.nba.com/headshots/nba/latest/1040x760/1630528.png
203565,Patrick Christopher,Patrick,Christopher,False,https://cdn.nba.com/headshots/nba/latest/1040x760/203565.png
928,Robert Churchwell,Robert,Churchwell,False,https://cdn.nba.com/headshots/nba/latest/1040x760/928.png
1631321,Sidy Cissoko,Sidy,Cissoko,True,https://cdn.nba.com/headshots/nba/latest/1040x760/1631321.png
76397,Archie Clark,Archie,Clark,False,https://cdn.nba.com/headshots/nba/latest/1040x760/76397.png
76398,Carlos Clark,Carlos,Clark,False,https://cdn.nba.com/headshots/nba/latest/1040x760/76398.png
201947,Earl Clark,Earl,Clark,False,https://cdn.nba.com/headshots/nba/latest/1040x760/201947.png
1629109,Gary Clark,Gary,Clark,False,https://cdn.nba.com/headshots/nba/latest/1040x760/1629109.png
203546,Ian Clark,Ian,Clark,False,https://cdn.nba.com/headshots/nba/latest/1040x760/203546.png
1641740,Jaylen Clark,Jaylen,Clark,True,https://cdn.nba.com/headshots/nba/latest/1040x760/1641740.png
1721,Keon Clark,Keon,Clark,False,https://cdn.nba.com/headshots/nba/latest/1040x760/1721.png
1629634,Brandon Clarke,Brandon,Clarke,True,https://cdn.nba.com/headshots/nba/latest/1040x760/1629634.png
1626262,Coty Clarke,Coty,Clarke,False,https://cdn.nba.com/headshots/nba/latest/1040x760/1626262.png
203903,Jordan Clarkson,Jordan,Clarkson,True,https://cdn.nba.com/headshots/nba/latest/1040x760/203903.png
1628492,Gian Clavell,Gian,Clavell,False,https://cdn.nba.com/headshots/nba/latest/1040x760/1628492.png
201964,Victor Claver,Victor,Claver,False,https://cdn.nba.com/headshots/nba/latest/1040x760/201964.png
1127,Charles Claxton,Charles,Claxton,False,https://cdn.nba.com/headshots/nba/latest/1040x760/1127.png
1629651,Nic Claxton,Nic,Claxton,True,https://cdn.nba.com/headshots/nba/latest/1040x760/1629651.png
2049,Speedy Claxton,Speedy,Claxton,False,https://cdn.nba.com/headshots/nba/latest/1040x760/2049.png
76402,Jim Cleamons,Jim,Cleamons,False,https://cdn.nba.com/headshots/nba/latest/1040x760/76402.png
2043,Mateen Cleaves,Mateen,Cleaves,False,https://cdn.nba.com/headshots/nba/latest/1040x760/2043.png
76403,John Clemens,John,Clemens,False,https://cdn.nba.com/headshots/nba/latest/1040x760/76403.png
1629598,Chris Clemons,Chris,Clemons,False,https://cdn.nba.com/headshots/nba/latest/1040x760/1629598.png
1628499,Antonius Cleveland,Antonius,Cleveland,False,https://cdn.nba.com/headshots/nba/latest/1040x760/1628499.png
76404,Nat Clifton,Nat,Clifton,False,https://cdn.nba.com/headshots/nba/latest/1040x760/76404.png
1642270,Donovan Clingan,Donovan,Clingan,True,https://cdn.nba.com/headshots/nba/latest/1040x760/1642270.png
76406,Bill Closs,Bill,Closs,False,https://cdn.nba.com/headshots/nba/latest/1040x760/76406.png
1569,Keith Closs,Keith,Closs,False,https://cdn.nba.com/headshots/nba/latest/1040x760/1569.png
1641730,Noah Clowney,Noah,Clowney,True,https://cdn.nba.com/headshots/nba/latest/1040x760/1641730.png
76407,Paul Cloyd,Paul,Cloyd,False,https://cdn.nba.com/headshots/nba/latest/1040x760/76407.png
76408,Marion Cluggish,Marion,Cluggish,False,https://cdn.nba.com/headshots/nba/latest/1040x760/76408.png
76409,Ben Clyde,Ben,Clyde,False,https://cdn.nba.com/headshots/nba/latest/1040x760/76409.png
1629599,Amir Coffey,Amir,Coffey,True,https://cdn.nba.com/headshots/nba/latest/1040x760/1629599.png
76410,Richard Coffey,Richard,Coffey,False,https://cdn.nba.com/headshots/nba/latest/1040x760/76410.png
76411,Fred Cofield,Fred,Cofield,False,https://cdn.nba.com/headshots/nba/latest/1040x760/76411.png
715,John Coker,John,Coker,False,https://cdn.nba.com/headshots/nba/latest/1040x760/715.png
202708,Norris Cole,Norris,Cole,False,https://cdn.nba.com/headshots/nba/latest/1040x760/202708.png
76412,Ben Coleman,Ben,Coleman,False,https://cdn.nba.com/headshots/nba/latest/1040x760/76412.png
934,Derrick Coleman,Derrick,Coleman,False,https://cdn.nba.com/headshots/nba/latest/1040x760/934.png
76413,E.C. Coleman,E.C.,Coleman,False,https://cdn.nba.com/headshots/nba/latest/1040x760/76413.png
76414,Jack Coleman,Jack,Coleman,False,https://cdn.nba.com/headshots/nba/latest/1040x760/76414.png
76415,Norris Coleman,Norris,Coleman,False,https://cdn.nba.com/headshots/nba/latest/1040x760/76415.png
902,Bimbo Coles,Bimbo,Coles,False,https://cdn.nba.com/headshots/nba/latest/1040x760/902.png
1642268,Isaiah Collier,Isaiah,Collier,True,https://cdn.nba.com/headshots/nba/latest/1040x760/1642268.png
2044,Jason Collier,Jason,Collier,False,https://cdn.nba.com/headshots/nba/latest/1040x760/2044.png
76416,Art Collins,Art,Collins,False,https://cdn.nba.com/headshots/nba/latest/1040x760/76416.png
76418,Don Collins,Don,Collins,False,https://cdn.nba.com/headshots/nba/latest/1040x760/76418.png
76421,Doug Collins,Doug,Collins,False,https://cdn.nba.com/headshots/nba/latest/1040x760/76421.png
1530,James Collins,James,Collins,False,https://cdn.nba.com/headshots/nba/latest/1040x760/1530.png
2260,Jarron Collins,Jarron,Collins,False,https://cdn.nba.com/headshots/nba/latest/1040x760/2260.png
2215,Jason Collins,Jason,Collins,False,https://cdn.nba.com/headshots/nba/latest/1040x760/2215.png
76419,Jimmy Collins,Jimmy,Collins,False,https://cdn.nba.com/headshots/nba/latest/1040x760/76419.png
1628381,John Collins,John,Collins,True,https://cdn.nba.com/headshots/nba/latest/1040x760/1628381.png
200776,Mardy Collins,Mardy,Collins,False,https://cdn.nba.com/headshots/nba/latest/1040x760/200776.png
202395,Sherron Collins,Sherron,Collins,False,https://cdn.nba.com/headshots/nba/latest/1040x760/202395.png
1641879,Yuri Collins,Yuri,Collins,True,https://cdn.nba.com/headshots/nba/latest/1040x760/1641879.png
1628380,Zach Collins,Zach,Collins,True,https://cdn.nba.com/headshots/nba/latest/1040x760/1628380.png
1627858,Kyle Collinsworth,Kyle,Collinsworth,False,https://cdn.nba.com/headshots/nba/latest/1040x760/1627858.png
201954,Darren Collison,Darren,Collison,False,https://cdn.nba.com/headshots/nba/latest/1040x760/201954.png
2555,Nick Collison,Nick,Collison,False,https://cdn.nba.com/headshots/nba/latest/1040x760/2555.png
76422,Joe Colone,Joe,Colone,False,https://cdn.nba.com/headshots/nba/latest/1040x760/76422.png
1629045,Bonzie Colson,Bonzie,Colson,False,https://cdn.nba.com/headshots/nba/latest/1040x760/1629045.png
2173,Sean Colson,Sean,Colson,False,https://cdn.nba.com/headshots/nba/latest/1040x760/2173.png
306,Steve Colter,Steve,Colter,False,https://cdn.nba.com/headshots/nba/latest/1040x760/306.png
1628435,Chance Comanche,Chance,Comanche,False,https://cdn.nba.com/headshots/nba/latest/1040x760/1628435.png
76425,Leroy Combs,Leroy,Combs,False,https://cdn.nba.com/headshots/nba/latest/1040x760/76425.png
76426,Dallas Comegys,Dallas,Comegys,False,https://cdn.nba.com/headshots/nba/latest/1040x760/76426.png
76427,Larry Comley,Larry,Comley,False,https://cdn.nba.com/headshots/nba/latest/1040x760/76427.png
76428,Gene Conley,Gene,Conley,False,https://cdn.nba.com/headshots/nba/latest/1040x760/76428.png
201144,Mike Conley,Mike,Conley,True,https://cdn.nba.com/headshots/nba/latest/1040x760/201144.png
76429,Ed Conlin,Ed,Conlin,False,https://cdn.nba.com/headshots/nba/latest/1040x760/76429.png
55,Marty Conlon,Marty,Conlon,False,https://cdn.nba.com/headshots/nba/latest/1040x760/55.png
1626192,Pat Connaughton,Pat,Connaughton,True,https://cdn.nba.com/headshots/nba/latest/1040x760/1626192.png
76431,Lester Conner,Lester,Conner,False,https://cdn.nba.com/headshots/nba/latest/1040x760/76431.png
76432,Chuck Connors,Chuck,Connors,False,https://cdn.nba.com/headshots/nba/latest/1040x760/76432.png
101215,Will Conroy,Will,Conroy,False,https://cdn.nba.com/headshots/nba/latest/1040x760/101215.png
76433,Anthony Cook,Anthony,Cook,False,https://cdn.nba.com/headshots/nba/latest/1040x760/76433.png
76434,Bert Cook,Bert,Cook,False,https://cdn.nba.com/headshots/nba/latest/1040x760/76434.png
76438,Bobby Cook,Bobby,Cook,False,https://cdn.nba.com/headshots/nba/latest/1040x760/76438.png
2567,Brian Cook,Brian,Cook,False,https://cdn.nba.com/headshots/nba/latest/1040x760/2567.png
201161,Daequan Cook,Daequan,Cook,False,https://cdn.nba.com/headshots/nba/latest/1040x760/201161.png
76435,Darwin Cook,Darwin,Cook,False,https://cdn.nba.com/headshots/nba/latest/1040x760/76435.png
76436,Jeff Cook,Jeff,Cook,False,https://cdn.nba.com/headshots/nba/latest/1040x760/76436.png
76437,Norm Cook,Norm,Cook,False,https://cdn.nba.com/headshots/nba/latest/1040x760/76437.png
2241,Omar Cook,Omar,Cook,False,https://cdn.nba.com/headshots/nba/latest/1040x760/2241.png
1626188,Quinn Cook,Quinn,Cook,False,https://cdn.nba.com/headshots/nba/latest/1040x760/1626188.png
1629076,Tyler Cook,Tyler,Cook,False,https://cdn.nba.com/headshots/nba/latest/1040x760/1629076.png
1628429,Charles Cooke,Charles,Cooke,False,https://cdn.nba.com/headshots/nba/latest/1040x760/1628429.png
76439,David Cooke,David,Cooke,False,https://cdn.nba.com/headshots/nba/latest/1040x760/76439.png
76440,Joe Cooke,Joe,Cooke,False,https://cdn.nba.com/headshots/nba/latest/1040x760/76440.png
1641645,Xavier Cooks,Xavier,Cooks,False,https://cdn.nba.com/headshots/nba/latest/1040x760/1641645.png
204022,Jack Cooley,Jack,Cooley,False,https://cdn.nba.com/headshots/nba/latest/1040x760/204022.png
76442,Chuck Cooper,Chuck,Cooper,False,https://cdn.nba.com/headshots/nba/latest/1040x760/76442.png
1030,Duane Cooper,Duane,Cooper,False,https://cdn.nba.com/headshots/nba/latest/1040x760/1030.png
76443,Joe Cooper,Joe,Cooper,False,https://cdn.nba.com/headshots/nba/latest/1040x760/76443.png
76444,Michael Cooper,Michael,Cooper,False,https://cdn.nba.com/headshots/nba/latest/1040x760/76444.png
1630536,Sharife Cooper,Sharife,Cooper,False,https://cdn.nba.com/headshots/nba/latest/1040x760/1630536.png
76441,Wayne Cooper,Wayne,Cooper,False,https://cdn.nba.com/headshots/nba/latest/1040x760/76441.png
76446,Tom Copa,Tom,Copa,False,https://cdn.nba.com/headshots/nba/latest/1040x760/76446.png
203142,Chris Copeland,Chris,Copeland,False,https://cdn.nba.com/headshots/nba/latest/1040x760/203142.png
76447,Hollis Copeland,Hollis,Copeland,False,https://cdn.nba.com/headshots/nba/latest/1040x760/76447.png
76448,Lanard Copeland,Lanard,Copeland,False,https://cdn.nba.com/headshots/nba/latest/1040x760/76448.png
895,Tyrone Corbin,Tyrone,Corbin,False,https://cdn.nba.com/headshots/nba/latest/1040x760/895.png
76450,Chris Corchiani,Chris,Corchiani,False,https://cdn.nba.com/headshots/nba/latest/1040x760/76450.png
76451,Ken Corley,Ken,Corley,False,https://cdn.nba.com/headshots/nba/latest/1040x760/76451.png
76452,Ray Corley,Ray,Corley,False,https://cdn.nba.com/headshots/nba/latest/1040x760/76452.png
1627822,Petr Cornelie,Petr,Cornelie,False,https://cdn.nba.com/headshots/nba/latest/1040x760/1627822.png
76453,Dave Corzine,Dave,Corzine,False,https://cdn.nba.com/headshots/nba/latest/1040x760/76453.png
76454,Larry Costello,Larry,Costello,False,https://cdn.nba.com/headshots/nba/latest/1040x760/76454.png
1627856,Matt Costello,Matt,Costello,False,https://cdn.nba.com/headshots/nba/latest/1040x760/1627856.png
203955,Bryce Cotton,Bryce,Cotton,False,https://cdn.nba.com/headshots/nba/latest/1040x760/203955.png
76456,Jack Cotton,Jack,Cotton,False,https://cdn.nba.com/headshots/nba/latest/1040x760/76456.png
1526,James Cotton,James,Cotton,False,https://cdn.nba.com/headshots/nba/latest/1040x760/1526.png
76457,John Coughran,John,Coughran,False,https://cdn.nba.com/headshots/nba/latest/1040x760/76457.png
1641731,Bilal Coulibaly,Bilal,Coulibaly,True,https://cdn.nba.com/headshots/nba/latest/1040x760/1641731.png
1641741,Ricky Council IV,Ricky,Council IV,True,https://cdn.nba.com/headshots/nba/latest/1040x760/1641741.png
76458,Mel Counts,Mel,Counts,False,https://cdn.nba.com/headshots/nba/latest/1040x760/76458.png
76459,Steve Courtin,Steve,Courtin,False,https://cdn.nba.com/headshots/nba/latest/1040x760/76459.png
1432,Joe Courtney,Joe,Courtney,False,https://cdn.nba.com/headshots/nba/latest/1040x760/1432.png
202408,Marcus Cousin,Marcus,Cousin,False,https://cdn.nba.com/headshots/nba/latest/1040x760/202408.png
202326,DeMarcus Cousins,DeMarcus,Cousins,False,https://cdn.nba.com/headshots/nba/latest/1040x760/202326.png
600003,Bob Cousy,Bob,Cousy,False,https://cdn.nba.com/headshots/nba/latest/1040x760/600003.png
203496,Robert Covington,Robert,Covington,False,https://cdn.nba.com/headshots/nba/latest/1040x760/203496.png
76462,Dave Cowens,Dave,Cowens,False,https://cdn.nba.com/headshots/nba/latest/1040x760/76462.png
76463,John Cox,John,Cox,False,https://cdn.nba.com/headshots/nba/latest/1040x760/76463.png
76464,Johnny Cox,Johnny,Cox,False,https://cdn.nba.com/headshots/nba/latest/1040x760/76464.png
76465,Wesley Cox,Wesley,Cox,False,https://cdn.nba.com/headshots/nba/latest/1040x760/76465.png
203459,Allen Crabbe,Allen,Crabbe,False,https://cdn.nba.com/headshots/nba/latest/1040x760/203459.png
1628470,Torrey Craig,Torrey,Craig,True,https://cdn.nba.com/headshots/nba/latest/1040x760/1628470.png
1544,Chris Crawford,Chris,Crawford,False,https://cdn.nba.com/headshots/nba/latest/1040x760/1544.png
76466,Freddie Crawford,Freddie,Crawford,False,https://cdn.nba.com/headshots/nba/latest/1040x760/76466.png
1642384,Isaiah Crawford,Isaiah,Crawford,True,https://cdn.nba.com/headshots/nba/latest/1040x760/1642384.png
2037,Jamal Crawford,Jamal,Crawford,False,https://cdn.nba.com/headshots/nba/latest/1040x760/2037.png
201621,Joe Crawford,Joe,Crawford,False,https://cdn.nba.com/headshots/nba/latest/1040x760/201621.png
202348,Jordan Crawford,Jordan,Crawford,False,https://cdn.nba.com/headshots/nba/latest/1040x760/202348.png
1628249,Mitchell Creek,Mitchell,Creek,False,https://cdn.nba.com/headshots/nba/latest/1040x760/1628249.png
76468,Jim Creighton,Jim,Creighton,False,https://cdn.nba.com/headshots/nba/latest/1040x760/76468.png
76469,Ron Crevier,Ron,Crevier,False,https://cdn.nba.com/headshots/nba/latest/1040x760/76469.png
76470,Hal Crisler,Hal,Crisler,False,https://cdn.nba.com/headshots/nba/latest/1040x760/76470.png
2343,Joe Crispin,Joe,Crispin,False,https://cdn.nba.com/headshots/nba/latest/1040x760/2343.png
76471,Charlie Criss,Charlie,Criss,False,https://cdn.nba.com/headshots/nba/latest/1040x760/76471.png
76472,Winston Crite,Winston,Crite,False,https://cdn.nba.com/headshots/nba/latest/1040x760/76472.png
201159,Javaris Crittenton,Javaris,Crittenton,False,https://cdn.nba.com/headshots/nba/latest/1040x760/201159.png
76473,Dillard Crocker,Dillard,Crocker,False,https://cdn.nba.com/headshots/nba/latest/1040x760/76473.png
76474,Jeffrey Crompton,Jeffrey,Crompton,False,https://cdn.nba.com/headshots/nba/latest/1040x760/76474.png
76475,Terry Crosby,Terry,Crosby,False,https://cdn.nba.com/headshots/nba/latest/1040x760/76475.png
1506,Austin Croshere,Austin,Croshere,False,https://cdn.nba.com/headshots/nba/latest/1040x760/1506.png
76476,Jeff Cross,Jeff,Cross,False,https://cdn.nba.com/headshots/nba/latest/1040x760/76476.png
76477,Pete Cross,Pete,Cross,False,https://cdn.nba.com/headshots/nba/latest/1040x760/76477.png
76478,Russell Cross,Russell,Cross,False,https://cdn.nba.com/headshots/nba/latest/1040x760/76478.png
76479,Francis Crossin,Francis,Crossin,False,https://cdn.nba.com/headshots/nba/latest/1040x760/76479.png
180,John Crotty,John,Crotty,False,https://cdn.nba.com/headshots/nba/latest/1040x760/180.png
76481,Mark Crow,Mark,Crow,False,https://cdn.nba.com/headshots/nba/latest/1040x760/76481.png
76482,Corey Crowder,Corey,Crowder,False,https://cdn.nba.com/headshots/nba/latest/1040x760/76482.png
203109,Jae Crowder,Jae,Crowder,True,https://cdn.nba.com/headshots/nba/latest/1040x760/203109.png
1630622,Jalen Crutcher,Jalen,Crutcher,False,https://cdn.nba.com/headshots/nba/latest/1040x760/1630622.png
1629633,Jarrett Culver,Jarrett,Culver,False,https://cdn.nba.com/headshots/nba/latest/1040x760/1629633.png
1629600,Jarron Cumberland,Jarron,Cumberland,False,https://cdn.nba.com/headshots/nba/latest/1040x760/1629600.png
76483,Pat Cummings,Pat,Cummings,False,https://cdn.nba.com/headshots/nba/latest/1040x760/76483.png
187,Terry Cummings,Terry,Cummings,False,https://cdn.nba.com/headshots/nba/latest/1040x760/187.png
1907,Vonteego Cummings,Vonteego,Cummings,False,https://cdn.nba.com/headshots/nba/latest/1040x760/1907.png
76487,Billy Cunningham,Billy,Cunningham,False,https://cdn.nba.com/headshots/nba/latest/1040x760/76487.png
1630595,Cade Cunningham,Cade,Cunningham,True,https://cdn.nba.com/headshots/nba/latest/1040x760/1630595.png
201967,Dante Cunningham,Dante,Cunningham,False,https://cdn.nba.com/headshots/nba/latest/1040x760/201967.png
76485,Dick Cunningham,Dick,Cunningham,False,https://cdn.nba.com/headshots/nba/latest/1040x760/76485.png
203099,Jared Cunningham,Jared,Cunningham,False,https://cdn.nba.com/headshots/nba/latest/1040x760/203099.png
1061,William Cunningham,William,Cunningham,False,https://cdn.nba.com/headshots/nba/latest/1040x760/1061.png
76488,Radisav Curcic,Radisav,Curcic,False,https://cdn.nba.com/headshots/nba/latest/1040x760/76488.png
76489,Armand Cure,Armand,Cure,False,https://cdn.nba.com/headshots/nba/latest/1040x760/76489.png
940,Earl Cureton,Earl,Cureton,False,https://cdn.nba.com/headshots/nba/latest/1040x760/940.png
223,Bill Curley,Bill,Curley,False,https://cdn.nba.com/headshots/nba/latest/1040x760/223.png
76492,Fran Curran,Fran,Curran,False,https://cdn.nba.com/headshots/nba/latest/1040x760/76492.png
209,Dell Curry,Dell,Curry,False,https://cdn.nba.com/headshots/nba/latest/1040x760/209.png
2201,Eddy Curry,Eddy,Curry,False,https://cdn.nba.com/headshots/nba/latest/1040x760/2201.png
201191,JamesOn Curry,JamesOn,Curry,False,https://cdn.nba.com/headshots/nba/latest/1040x760/201191.png
688,Michael Curry,Michael,Curry,False,https://cdn.nba.com/headshots/nba/latest/1040x760/688.png
203552,Seth Curry,Seth,Curry,True,https://cdn.nba.com/headshots/nba/latest/1040x760/203552.png
201939,Stephen Curry,Stephen,Curry,True,https://cdn.nba.com/headshots/nba/latest/1040x760/201939.png
687,Rastko Cvetkovic,Rastko,Cvetkovic,False,https://cdn.nba.com/headshots/nba/latest/1040x760/687.png
76505,Mike D'Antoni,Mike,D'Antoni,False,https://cdn.nba.com/headshots/nba/latest/1040x760/76505.png
1642359,Pacome Dadiet,Pacome,Dadiet,True,https://cdn.nba.com/headshots/nba/latest/1040x760/1642359.png
76496,Ed Dahler,Ed,Dahler,False,https://cdn.nba.com/headshots/nba/latest/1040x760/76496.png
76497,Quintin Dailey,Quintin,Dailey,False,https://cdn.nba.com/headshots/nba/latest/1040x760/76497.png
2223,Samuel Dalembert,Samuel,Dalembert,False,https://cdn.nba.com/headshots/nba/latest/1040x760/2223.png
76498,Howie Dallmar,Howie,Dallmar,False,https://cdn.nba.com/headshots/nba/latest/1040x760/76498.png
956,Erick Dampier,Erick,Dampier,False,https://cdn.nba.com/headshots/nba/latest/1040x760/956.png
76499,Lou Dampier,Lou,Dampier,False,https://cdn.nba.com/headshots/nba/latest/1040x760/76499.png
76500,Bob Dandridge,Bob,Dandridge,False,https://cdn.nba.com/headshots/nba/latest/1040x760/76500.png
1498,Antonio Daniels,Antonio,Daniels,False,https://cdn.nba.com/headshots/nba/latest/1040x760/1498.png
1630700,Dyson Daniels,Dyson,Daniels,True,https://cdn.nba.com/headshots/nba/latest/1040x760/1630700.png
2845,Erik Daniels,Erik,Daniels,False,https://cdn.nba.com/headshots/nba/latest/1040x760/2845.png
1380,Lloyd Daniels,Lloyd,Daniels,False,https://cdn.nba.com/headshots/nba/latest/1040x760/1380.png
2605,Marquis Daniels,Marquis,Daniels,False,https://cdn.nba.com/headshots/nba/latest/1040x760/2605.png
76502,Mel Daniels,Mel,Daniels,False,https://cdn.nba.com/headshots/nba/latest/1040x760/76502.png
203584,Troy Daniels,Troy,Daniels,False,https://cdn.nba.com/headshots/nba/latest/1040x760/203584.png
390,Sasha Danilovic,Sasha,Danilovic,False,https://cdn.nba.com/headshots/nba/latest/1040x760/390.png
1642368,N'Faly Dante,N'Faly,Dante,True,https://cdn.nba.com/headshots/nba/latest/1040x760/1642368.png
76504,Adrian Dantley,Adrian,Dantley,False,https://cdn.nba.com/headshots/nba/latest/1040x760/76504.png
76506,Henry Darcey,Henry,Darcey,False,https://cdn.nba.com/headshots/nba/latest/1040x760/76506.png
76507,Jimmy Darden,Jimmy,Darden,False,https://cdn.nba.com/headshots/nba/latest/1040x760/76507.png
212,Yinka Dare,Yinka,Dare,False,https://cdn.nba.com/headshots/nba/latest/1040x760/212.png
76509,Jesse Dark,Jesse,Dark,False,https://cdn.nba.com/headshots/nba/latest/1040x760/76509.png
1630268,Nate Darling,Nate,Darling,False,https://cdn.nba.com/headshots/nba/latest/1040x760/1630268.png
76511,Jimmy Darrow,Jimmy,Darrow,False,https://cdn.nba.com/headshots/nba/latest/1040x760/76511.png
203540,Gigi Datome,Gigi,Datome,False,https://cdn.nba.com/headshots/nba/latest/1040x760/203540.png
921,Brad Daugherty,Brad,Daugherty,False,https://cdn.nba.com/headshots/nba/latest/1040x760/921.png
1600,Kornel David,Kornel,David,False,https://cdn.nba.com/headshots/nba/latest/1040x760/1600.png
201176,Jermareo Davidson,Jermareo,Davidson,False,https://cdn.nba.com/headshots/nba/latest/1040x760/201176.png
76514,Bob Davies,Bob,Davies,False,https://cdn.nba.com/headshots/nba/latest/1040x760/76514.png
203561,Brandon Davies,Brandon,Davies,False,https://cdn.nba.com/headshots/nba/latest/1040x760/203561.png
203076,Anthony Davis,Anthony,Davis,True,https://cdn.nba.com/headshots/nba/latest/1040x760/203076.png
213,Antonio Davis,Antonio,Davis,False,https://cdn.nba.com/headshots/nba/latest/1040x760/213.png
76515,Aubrey Davis,Aubrey,Davis,False,https://cdn.nba.com/headshots/nba/latest/1040x760/76515.png
1884,Baron Davis,Baron,Davis,False,https://cdn.nba.com/headshots/nba/latest/1040x760/1884.png
989,Ben Davis,Ben,Davis,False,https://cdn.nba.com/headshots/nba/latest/1040x760/989.png
76538,Bill Davis,Bill,Davis,False,https://cdn.nba.com/headshots/nba/latest/1040x760/76538.png
76533,Bob Davis,Bob,Davis,False,https://cdn.nba.com/headshots/nba/latest/1040x760/76533.png
76516,Brad Davis,Brad,Davis,False,https://cdn.nba.com/headshots/nba/latest/1040x760/76516.png
76517,Brian Davis,Brian,Davis,False,https://cdn.nba.com/headshots/nba/latest/1040x760/76517.png
76518,Charlie Davis,Charlie,Davis,False,https://cdn.nba.com/headshots/nba/latest/1040x760/76518.png
76519,Charlie Davis,Charlie,Davis,False,https://cdn.nba.com/headshots/nba/latest/1040x760/76519.png
905,Dale Davis,Dale,Davis,False,https://cdn.nba.com/headshots/nba/latest/1040x760/905.png
1627738,Deyonta Davis,Deyonta,Davis,False,https://cdn.nba.com/headshots/nba/latest/1040x760/1627738.png
76521,Double D Davis,Double D,Davis,False,https://cdn.nba.com/headshots/nba/latest/1040x760/76521.png
202334,Ed Davis,Ed,Davis,False,https://cdn.nba.com/headshots/nba/latest/1040x760/202334.png
76522,Edward Davis,Edward,Davis,False,https://cdn.nba.com/headshots/nba/latest/1040x760/76522.png
1023,Emanual Davis,Emanual,Davis,False,https://cdn.nba.com/headshots/nba/latest/1040x760/1023.png
201175,Glen Davis,Glen,Davis,False,https://cdn.nba.com/headshots/nba/latest/1040x760/201175.png
76523,Harry Davis,Harry,Davis,False,https://cdn.nba.com/headshots/nba/latest/1040x760/76523.png
93,Hubert Davis,Hubert,Davis,False,https://cdn.nba.com/headshots/nba/latest/1040x760/93.png
76524,James Davis,James,Davis,False,https://cdn.nba.com/headshots/nba/latest/1040x760/76524.png
76525,Jim Davis,Jim,Davis,False,https://cdn.nba.com/headshots/nba/latest/1040x760/76525.png
76526,Johnny Davis,Johnny,Davis,False,https://cdn.nba.com/headshots/nba/latest/1040x760/76526.png
1631098,Johnny Davis,Johnny,Davis,True,https://cdn.nba.com/headshots/nba/latest/1040x760/1631098.png
2668,Josh Davis,Josh,Davis,False,https://cdn.nba.com/headshots/nba/latest/1040x760/2668.png
707,Mark Davis,Mark,Davis,False,https://cdn.nba.com/headshots/nba/latest/1040x760/707.png
76528,Mark Davis,Mark,Davis,False,https://cdn.nba.com/headshots/nba/latest/1040x760/76528.png
76529,Mel Davis,Mel,Davis,False,https://cdn.nba.com/headshots/nba/latest/1040x760/76529.png
76530,Michael Davis,Michael,Davis,False,https://cdn.nba.com/headshots/nba/latest/1040x760/76530.png
76531,Mike Davis,Mike,Davis,False,https://cdn.nba.com/headshots/nba/latest/1040x760/76531.png
76520,Monti Davis,Monti,Davis,False,https://cdn.nba.com/headshots/nba/latest/1040x760/76520.png
200781,Paul Davis,Paul,Davis,False,https://cdn.nba.com/headshots/nba/latest/1040x760/200781.png
76532,Ralph Davis,Ralph,Davis,False,https://cdn.nba.com/headshots/nba/latest/1040x760/76532.png
1729,Ricky Davis,Ricky,Davis,False,https://cdn.nba.com/headshots/nba/latest/1040x760/1729.png
76534,Ron Davis,Ron,Davis,False,https://cdn.nba.com/headshots/nba/latest/1040x760/76534.png
1629056,Terence Davis,Terence,Davis,False,https://cdn.nba.com/headshots/nba/latest/1040x760/1629056.png
426,Terry Davis,Terry,Davis,False,https://cdn.nba.com/headshots/nba/latest/1040x760/426.png
1629093,Tyler Davis,Tyler,Davis,False,https://cdn.nba.com/headshots/nba/latest/1040x760/1629093.png
76536,Walt Davis,Walt,Davis,False,https://cdn.nba.com/headshots/nba/latest/1040x760/76536.png
1453,Walter Davis,Walter,Davis,False,https://cdn.nba.com/headshots/nba/latest/1040x760/1453.png
1631120,JD Davison,JD,Davison,True,https://cdn.nba.com/headshots/nba/latest/1040x760/1631120.png
203958,Andre Dawkins,Andre,Dawkins,False,https://cdn.nba.com/headshots/nba/latest/1040x760/203958.png
76539,Darryl Dawkins,Darryl,Dawkins,False,https://cdn.nba.com/headshots/nba/latest/1040x760/76539.png
1008,Johnny Dawkins,Johnny,Dawkins,False,https://cdn.nba.com/headshots/nba/latest/1040x760/1008.png
76541,Paul Dawkins,Paul,Dawkins,False,https://cdn.nba.com/headshots/nba/latest/1040x760/76541.png
1626183,Branden Dawson,Branden,Dawson,False,https://cdn.nba.com/headshots/nba/latest/1040x760/1626183.png
201286,Eric Dawson,Eric,Dawson,False,https://cdn.nba.com/headshots/nba/latest/1040x760/201286.png
76542,Tony Dawson,Tony,Dawson,False,https://cdn.nba.com/headshots/nba/latest/1040x760/76542.png
103,Todd Day,Todd,Day,False,https://cdn.nba.com/headshots/nba/latest/1040x760/103.png
201948,Austin Daye,Austin,Daye,False,https://cdn.nba.com/headshots/nba/latest/1040x760/201948.png
76543,Darren Daye,Darren,Daye,False,https://cdn.nba.com/headshots/nba/latest/1040x760/76543.png
1630620,Darius Days,Darius,Days,False,https://cdn.nba.com/headshots/nba/latest/1040x760/1630620.png
201986,Nando De Colo,Nando,De Colo,False,https://cdn.nba.com/headshots/nba/latest/1040x760/201986.png
76545,Dave DeBusschere,Dave,DeBusschere,False,https://cdn.nba.com/headshots/nba/latest/1040x760/76545.png
692,Andrew DeClercq,Andrew,DeClercq,False,https://cdn.nba.com/headshots/nba/latest/1040x760/692.png
1629602,Javin DeLaurier,Javin,DeLaurier,False,https://cdn.nba.com/headshots/nba/latest/1040x760/1629602.png
76551,Nate DeLong,Nate,DeLong,False,https://cdn.nba.com/headshots/nba/latest/1040x760/76551.png
201942,DeMar DeRozan,DeMar,DeRozan,True,https://cdn.nba.com/headshots/nba/latest/1040x760/201942.png
76562,Hank DeZonie,Hank,DeZonie,False,https://cdn.nba.com/headshots/nba/latest/1040x760/76562.png
76544,Greg Deane,Greg,Deane,False,https://cdn.nba.com/headshots/nba/latest/1040x760/76544.png
1630466,Gabriel Deck,Gabriel,Deck,False,https://cdn.nba.com/headshots/nba/latest/1040x760/1630466.png
203473,Dewayne Dedmon,Dewayne,Dedmon,False,https://cdn.nba.com/headshots/nba/latest/1040x760/203473.png
76546,Archie Dees,Archie,Dees,False,https://cdn.nba.com/headshots/nba/latest/1040x760/76546.png
143,Terry Dehere,Terry,Dehere,False,https://cdn.nba.com/headshots/nba/latest/1040x760/143.png
76548,Red Dehnert,Red,Dehnert,False,https://cdn.nba.com/headshots/nba/latest/1040x760/76548.png
1626214,Bryce Dejean-Jones,Bryce,Dejean-Jones,False,https://cdn.nba.com/headshots/nba/latest/1040x760/1626214.png
1626155,Sam Dekker,Sam,Dekker,False,https://cdn.nba.com/headshots/nba/latest/1040x760/1626155.png
219,Vinny Del Negro,Vinny,Del Negro,False,https://cdn.nba.com/headshots/nba/latest/1040x760/219.png
1627098,Malcolm Delaney,Malcolm,Delaney,False,https://cdn.nba.com/headshots/nba/latest/1040x760/1627098.png
183,Bison Dele,Bison,Dele,False,https://cdn.nba.com/headshots/nba/latest/1040x760/183.png
2568,Carlos Delfino,Carlos,Delfino,False,https://cdn.nba.com/headshots/nba/latest/1040x760/2568.png
1629116,Angel Delgado,Angel,Delgado,False,https://cdn.nba.com/headshots/nba/latest/1040x760/1629116.png
960,Tony Delk,Tony,Delk,False,https://cdn.nba.com/headshots/nba/latest/1040x760/960.png
203521,Matthew Dellavedova,Matthew,Dellavedova,False,https://cdn.nba.com/headshots/nba/latest/1040x760/203521.png
76552,Fennis Dembo,Fennis,Dembo,False,https://cdn.nba.com/headshots/nba/latest/1040x760/76552.png
76553,Larry Demic,Larry,Demic,False,https://cdn.nba.com/headshots/nba/latest/1040x760/76553.png
725,Dell Demps,Dell,Demps,False,https://cdn.nba.com/headshots/nba/latest/1040x760/725.png
76555,George Dempsey,George,Dempsey,False,https://cdn.nba.com/headshots/nba/latest/1040x760/76555.png
2736,Luol Deng,Luol,Deng,False,https://cdn.nba.com/headshots/nba/latest/1040x760/2736.png
76556,Kenny Dennard,Kenny,Dennard,False,https://cdn.nba.com/headshots/nba/latest/1040x760/76556.png
76557,Blaine Denning,Blaine,Denning,False,https://cdn.nba.com/headshots/nba/latest/1040x760/76557.png
1641926,Dexter Dennis,Dexter,Dennis,False,https://cdn.nba.com/headshots/nba/latest/1040x760/1641926.png
1642484,RayJ Dennis,RayJ,Dennis,True,https://cdn.nba.com/headshots/nba/latest/1040x760/1642484.png
202458,Justin Dentmon,Justin,Dentmon,False,https://cdn.nba.com/headshots/nba/latest/1040x760/202458.png
76558,Randy Denton,Randy,Denton,False,https://cdn.nba.com/headshots/nba/latest/1040x760/76558.png
76559,Rod Derline,Rod,Derline,False,https://cdn.nba.com/headshots/nba/latest/1040x760/76559.png
1629094,Marcus Derrickson,Marcus,Derrickson,False,https://cdn.nba.com/headshots/nba/latest/1040x760/1629094.png
76560,Dave Deutsch,Dave,Deutsch,False,https://cdn.nba.com/headshots/nba/latest/1040x760/76560.png
76561,Walter Devlin,Walter,Devlin,False,https://cdn.nba.com/headshots/nba/latest/1040x760/76561.png
76568,Ernie DiGregorio,Ernie,DiGregorio,False,https://cdn.nba.com/headshots/nba/latest/1040x760/76568.png
1628978,Donte DiVincenzo,Donte,DiVincenzo,True,https://cdn.nba.com/headshots/nba/latest/1040x760/1628978.png
1631217,Moussa Diabaté,Moussa,Diabaté,True,https://cdn.nba.com/headshots/nba/latest/1040x760/1631217.png
1629603,Mamadi Diakite,Mamadi,Diakite,False,https://cdn.nba.com/headshots/nba/latest/1040x760/1629603.png
1760,Derrick Dial,Derrick,Dial,False,https://cdn.nba.com/headshots/nba/latest/1040x760/1760.png
1627767,Cheick Diallo,Cheick,Diallo,False,https://cdn.nba.com/headshots/nba/latest/1040x760/1627767.png
1628977,Hamidou Diallo,Hamidou,Diallo,False,https://cdn.nba.com/headshots/nba/latest/1040x760/1628977.png
2564,Boris Diaw,Boris,Diaw,False,https://cdn.nba.com/headshots/nba/latest/1040x760/2564.png
200821,Yakhouba Diawara,Yakhouba,Diawara,False,https://cdn.nba.com/headshots/nba/latest/1040x760/200821.png
200799,Guillermo Diaz,Guillermo,Diaz,False,https://cdn.nba.com/headshots/nba/latest/1040x760/200799.png
1641711,Gradey Dick,Gradey,Dick,True,https://cdn.nba.com/headshots/nba/latest/1040x760/1641711.png
2424,Dan Dickau,Dan,Dickau,False,https://cdn.nba.com/headshots/nba/latest/1040x760/2424.png
2079,Kaniel Dickens,Kaniel,Dickens,False,https://cdn.nba.com/headshots/nba/latest/1040x760/2079.png
76563,Henry Dickerson,Henry,Dickerson,False,https://cdn.nba.com/headshots/nba/latest/1040x760/76563.png
1722,Michael Dickerson,Michael,Dickerson,False,https://cdn.nba.com/headshots/nba/latest/1040x760/1722.png
76564,Derrek Dickey,Derrek,Dickey,False,https://cdn.nba.com/headshots/nba/latest/1040x760/76564.png
76565,Dick Dickey,Dick,Dickey,False,https://cdn.nba.com/headshots/nba/latest/1040x760/76565.png
101143,Travis Diener,Travis,Diener,False,https://cdn.nba.com/headshots/nba/latest/1040x760/101143.png
203476,Gorgui Dieng,Gorgui,Dieng,False,https://cdn.nba.com/headshots/nba/latest/1040x760/203476.png
1631172,Ousmane Dieng,Ousmane,Dieng,True,https://cdn.nba.com/headshots/nba/latest/1040x760/1631172.png
76566,Connie Dierking,Connie,Dierking,False,https://cdn.nba.com/headshots/nba/latest/1040x760/76566.png
76567,Coby Dietrick,Coby,Dietrick,False,https://cdn.nba.com/headshots/nba/latest/1040x760/76567.png
76569,Mickey Dillard,Mickey,Dillard,False,https://cdn.nba.com/headshots/nba/latest/1040x760/76569.png
76570,Bob Dille,Bob,Dille,False,https://cdn.nba.com/headshots/nba/latest/1040x760/76570.png
1642265,Rob Dillingham,Rob,Dillingham,True,https://cdn.nba.com/headshots/nba/latest/1040x760/1642265.png
76571,John Dillon,John,Dillon,False,https://cdn.nba.com/headshots/nba/latest/1040x760/76571.png
76574,Byron Dinkins,Byron,Dinkins,False,https://cdn.nba.com/headshots/nba/latest/1040x760/76574.png
76575,Jackie Dinkins,Jackie,Dinkins,False,https://cdn.nba.com/headshots/nba/latest/1040x760/76575.png
76576,Bill Dinwiddie,Bill,Dinwiddie,False,https://cdn.nba.com/headshots/nba/latest/1040x760/76576.png
203915,Spencer Dinwiddie,Spencer,Dinwiddie,True,https://cdn.nba.com/headshots/nba/latest/1040x760/203915.png
101113,Ike Diogu,Ike,Diogu,False,https://cdn.nba.com/headshots/nba/latest/1040x760/101113.png
2205,DeSagana Diop,DeSagana,Diop,False,https://cdn.nba.com/headshots/nba/latest/1040x760/2205.png
76577,Terry Dischinger,Terry,Dischinger,False,https://cdn.nba.com/headshots/nba/latest/1040x760/76577.png
76578,Fred Diute,Fred,Diute,False,https://cdn.nba.com/headshots/nba/latest/1040x760/76578.png
124,Vlade Divac,Vlade,Divac,False,https://cdn.nba.com/headshots/nba/latest/1040x760/124.png
2413,Juan Dixon,Juan,Dixon,False,https://cdn.nba.com/headshots/nba/latest/1040x760/2413.png
1059,Aleksandar Djordjevic,Aleksandar,Djordjevic,False,https://cdn.nba.com/headshots/nba/latest/1040x760/1059.png
76580,Earl Dodd,Earl,Dodd,False,https://cdn.nba.com/headshots/nba/latest/1040x760/76580.png
1720,Michael Doleac,Michael,Doleac,False,https://cdn.nba.com/headshots/nba/latest/1040x760/1720.png
76581,Joe Dolhon,Joe,Dolhon,False,https://cdn.nba.com/headshots/nba/latest/1040x760/76581.png
76582,Bob Doll,Bob,Doll,False,https://cdn.nba.com/headshots/nba/latest/1040x760/76582.png
76583,James Donaldson,James,Donaldson,False,https://cdn.nba.com/headshots/nba/latest/1040x760/76583.png
76584,Bob Donham,Bob,Donham,False,https://cdn.nba.com/headshots/nba/latest/1040x760/76584.png
76586,Billy Donovan,Billy,Donovan,False,https://cdn.nba.com/headshots/nba/latest/1040x760/76586.png
76585,Harry Donovan,Harry,Donovan,False,https://cdn.nba.com/headshots/nba/latest/1040x760/76585.png
1629029,Luka Dončić,Luka,Dončić,True,https://cdn.nba.com/headshots/nba/latest/1040x760/1629029.png
2039,Keyon Dooling,Keyon,Dooling,False,https://cdn.nba.com/headshots/nba/latest/1040x760/2039.png
76587,Jacky Dorsey,Jacky,Dorsey,False,https://cdn.nba.com/headshots/nba/latest/1040x760/76587.png
201595,Joey Dorsey,Joey,Dorsey,False,https://cdn.nba.com/headshots/nba/latest/1040x760/201595.png
1628416,Tyler Dorsey,Tyler,Dorsey,False,https://cdn.nba.com/headshots/nba/latest/1040x760/1628416.png
1629652,Luguentz Dort,Luguentz,Dort,True,https://cdn.nba.com/headshots/nba/latest/1040x760/1629652.png
1630245,Ayo Dosunmu,Ayo,Dosunmu,True,https://cdn.nba.com/headshots/nba/latest/1040x760/1630245.png
1628422,Damyean Dotson,Damyean,Dotson,False,https://cdn.nba.com/headshots/nba/latest/1040x760/1628422.png
1629653,Devon Dotson,Devon,Dotson,False,https://cdn.nba.com/headshots/nba/latest/1040x760/1629653.png
200763,Quincy Douby,Quincy,Douby,False,https://cdn.nba.com/headshots/nba/latest/1040x760/200763.png
76588,Bruce Douglas,Bruce,Douglas,False,https://cdn.nba.com/headshots/nba/latest/1040x760/76588.png
76589,John Douglas,John,Douglas,False,https://cdn.nba.com/headshots/nba/latest/1040x760/76589.png
76590,Leon Douglas,Leon,Douglas,False,https://cdn.nba.com/headshots/nba/latest/1040x760/76590.png
428,Sherman Douglas,Sherman,Douglas,False,https://cdn.nba.com/headshots/nba/latest/1040x760/428.png
201962,Toney Douglas,Toney,Douglas,False,https://cdn.nba.com/headshots/nba/latest/1040x760/201962.png
201604,Chris Douglas-Roberts,Chris,Douglas-Roberts,False,https://cdn.nba.com/headshots/nba/latest/1040x760/201604.png
1629635,Sekou Doumbouya,Sekou,Doumbouya,False,https://cdn.nba.com/headshots/nba/latest/1040x760/1629635.png
76592,Lloyd Dove,Lloyd,Dove,False,https://cdn.nba.com/headshots/nba/latest/1040x760/76592.png
202220,Zabian Dowdell,Zabian,Dowdell,False,https://cdn.nba.com/headshots/nba/latest/1040x760/202220.png
76593,Bill Downey,Bill,Downey,False,https://cdn.nba.com/headshots/nba/latest/1040x760/76593.png
76594,Steve Downing,Steve,Downing,False,https://cdn.nba.com/headshots/nba/latest/1040x760/76594.png
1630288,Jeff Dowtin Jr.,Jeff,Dowtin Jr.,True,https://cdn.nba.com/headshots/nba/latest/1040x760/1630288.png
76595,Danny Doyle,Danny,Doyle,False,https://cdn.nba.com/headshots/nba/latest/1040x760/76595.png
1628495,Milton Doyle,Milton,Doyle,False,https://cdn.nba.com/headshots/nba/latest/1040x760/1628495.png
1628408,PJ Dozier,PJ,Dozier,True,https://cdn.nba.com/headshots/nba/latest/1040x760/1628408.png
76596,Terry Dozier,Terry,Dozier,False,https://cdn.nba.com/headshots/nba/latest/1040x760/76596.png
201609,Goran Dragic,Goran,Dragic,False,https://cdn.nba.com/headshots/nba/latest/1040x760/201609.png
204054,Zoran Dragic,Zoran,Dragic,False,https://cdn.nba.com/headshots/nba/latest/1040x760/204054.png
1068,Greg Dreiling,Greg,Dreiling,False,https://cdn.nba.com/headshots/nba/latest/1040x760/1068.png
1630929,Henri Drell,Henri,Drell,False,https://cdn.nba.com/headshots/nba/latest/1040x760/1630929.png
1724,Bryce Drew,Bryce,Drew,False,https://cdn.nba.com/headshots/nba/latest/1040x760/1724.png
76598,John Drew,John,Drew,False,https://cdn.nba.com/headshots/nba/latest/1040x760/76598.png
76599,Larry Drew,Larry,Drew,False,https://cdn.nba.com/headshots/nba/latest/1040x760/76599.png
203580,Larry Drew II,Larry,Drew II,False,https://cdn.nba.com/headshots/nba/latest/1040x760/203580.png
17,Clyde Drexler,Clyde,Drexler,False,https://cdn.nba.com/headshots/nba/latest/1040x760/17.png
1041,Nate Driggers,Nate,Driggers,False,https://cdn.nba.com/headshots/nba/latest/1040x760/1041.png
76603,Terry Driscoll,Terry,Driscoll,False,https://cdn.nba.com/headshots/nba/latest/1040x760/76603.png
1542,Predrag Drobnjak,Predrag,Drobnjak,False,https://cdn.nba.com/headshots/nba/latest/1040x760/1542.png
76604,Ralph Drollinger,Ralph,Drollinger,False,https://cdn.nba.com/headshots/nba/latest/1040x760/76604.png
203083,Andre Drummond,Andre,Drummond,True,https://cdn.nba.com/headshots/nba/latest/1040x760/203083.png
76623,Dennis DuVal,Dennis,DuVal,False,https://cdn.nba.com/headshots/nba/latest/1040x760/76623.png
1630537,Chris Duarte,Chris,Duarte,True,https://cdn.nba.com/headshots/nba/latest/1040x760/1630537.png
1642505,Alex Ducas,Alex,Ducas,True,https://cdn.nba.com/headshots/nba/latest/1040x760/1642505.png
76605,Dick Duckett,Dick,Duckett,False,https://cdn.nba.com/headshots/nba/latest/1040x760/76605.png
404,Kevin Duckworth,Kevin,Duckworth,False,https://cdn.nba.com/headshots/nba/latest/1040x760/404.png
76607,Charles Dudley,Charles,Dudley,False,https://cdn.nba.com/headshots/nba/latest/1040x760/76607.png
201,Chris Dudley,Chris,Dudley,False,https://cdn.nba.com/headshots/nba/latest/1040x760/201.png
201162,Jared Dudley,Jared,Dudley,False,https://cdn.nba.com/headshots/nba/latest/1040x760/201162.png
76608,Terry Duerod,Terry,Duerod,False,https://cdn.nba.com/headshots/nba/latest/1040x760/76608.png
76609,Bob Duffy,Bob,Duffy,False,https://cdn.nba.com/headshots/nba/latest/1040x760/76609.png
76610,Bob Duffy,Bob,Duffy,False,https://cdn.nba.com/headshots/nba/latest/1040x760/76610.png
2768,Chris Duhon,Chris,Duhon,False,https://cdn.nba.com/headshots/nba/latest/1040x760/2768.png
1626251,Duje Dukan,Duje,Dukan,False,https://cdn.nba.com/headshots/nba/latest/1040x760/1626251.png
1630561,David Duke Jr.,David,Duke Jr.,True,https://cdn.nba.com/headshots/nba/latest/1040x760/1630561.png
76611,Walter Dukes,Walter,Dukes,False,https://cdn.nba.com/headshots/nba/latest/1040x760/76611.png
247,Joe Dumars,Joe,Dumars,False,https://cdn.nba.com/headshots/nba/latest/1040x760/247.png
30,Richard Dumas,Richard,Dumas,False,https://cdn.nba.com/headshots/nba/latest/1040x760/30.png
434,Tony Dumas,Tony,Dumas,False,https://cdn.nba.com/headshots/nba/latest/1040x760/434.png
76615,Andy Duncan,Andy,Duncan,False,https://cdn.nba.com/headshots/nba/latest/1040x760/76615.png
1495,Tim Duncan,Tim,Duncan,False,https://cdn.nba.com/headshots/nba/latest/1040x760/1495.png
2399,Mike Dunleavy,Mike,Dunleavy,False,https://cdn.nba.com/headshots/nba/latest/1040x760/2399.png
76616,Mike Dunleavy,Mike,Dunleavy,False,https://cdn.nba.com/headshots/nba/latest/1040x760/76616.png
1627739,Kris Dunn,Kris,Dunn,True,https://cdn.nba.com/headshots/nba/latest/1040x760/1627739.png
76617,Pat Dunn,Pat,Dunn,False,https://cdn.nba.com/headshots/nba/latest/1040x760/76617.png
1642346,Ryan Dunn,Ryan,Dunn,True,https://cdn.nba.com/headshots/nba/latest/1040x760/1642346.png
76618,T.R. Dunn,T.R.,Dunn,False,https://cdn.nba.com/headshots/nba/latest/1040x760/76618.png
2648,Ronald Dupree,Ronald,Dupree,False,https://cdn.nba.com/headshots/nba/latest/1040x760/2648.png
201142,Kevin Durant,Kevin,Durant,True,https://cdn.nba.com/headshots/nba/latest/1040x760/201142.png
1631105,Jalen Duren,Jalen,Duren,True,https://cdn.nba.com/headshots/nba/latest/1040x760/1631105.png
76619,John Duren,John,Duren,False,https://cdn.nba.com/headshots/nba/latest/1040x760/76619.png
1090,Pat Durham,Pat,Durham,False,https://cdn.nba.com/headshots/nba/latest/1040x760/1090.png
76621,Devin Durrant,Devin,Durrant,False,https://cdn.nba.com/headshots/nba/latest/1040x760/76621.png
76622,Ken Durrett,Ken,Durrett,False,https://cdn.nba.com/headshots/nba/latest/1040x760/76622.png
1628979,Trevon Duval,Trevon,Duval,False,https://cdn.nba.com/headshots/nba/latest/1040x760/1628979.png
76624,Jack Dwan,Jack,Dwan,False,https://cdn.nba.com/headshots/nba/latest/1040x760/76624.png
76625,Craig Dykema,Craig,Dykema,False,https://cdn.nba.com/headshots/nba/latest/1040x760/76625.png
76626,Gene Dyker,Gene,Dyker,False,https://cdn.nba.com/headshots/nba/latest/1040x760/76626.png
202406,Jerome Dyson,Jerome,Dyson,False,https://cdn.nba.com/headshots/nba/latest/1040x760/202406.png
289,Ledell Eackles,Ledell,Eackles,False,https://cdn.nba.com/headshots/nba/latest/1040x760/289.png
76628,Jim Eakins,Jim,Eakins,False,https://cdn.nba.com/headshots/nba/latest/1040x760/76628.png
768,Acie Earl,Acie,Earl,False,https://cdn.nba.com/headshots/nba/latest/1040x760/768.png
76630,Ed Earle,Ed,Earle,False,https://cdn.nba.com/headshots/nba/latest/1040x760/76630.png
203921,Cleanthony Early,Cleanthony,Early,False,https://cdn.nba.com/headshots/nba/latest/1040x760/203921.png
1631106,Tari Eason,Tari,Eason,True,https://cdn.nba.com/headshots/nba/latest/1040x760/1631106.png
76631,Mark Eaton,Mark,Eaton,False,https://cdn.nba.com/headshots/nba/latest/1040x760/76631.png
76632,Jerry Eaves,Jerry,Eaves,False,https://cdn.nba.com/headshots/nba/latest/1040x760/76632.png
202365,Devin Ebanks,Devin,Ebanks,False,https://cdn.nba.com/headshots/nba/latest/1040x760/202365.png
76633,Bill Ebben,Bill,Ebben,False,https://cdn.nba.com/headshots/nba/latest/1040x760/76633.png
76634,Al Eberhard,Al,Eberhard,False,https://cdn.nba.com/headshots/nba/latest/1040x760/76634.png
2569,Ndudi Ebi,Ndudi,Ebi,False,https://cdn.nba.com/headshots/nba/latest/1040x760/2569.png
1630693,Jaime Echenique,Jaime,Echenique,False,https://cdn.nba.com/headshots/nba/latest/1040x760/1630693.png
204067,Jarell Eddie,Jarell,Eddie,False,https://cdn.nba.com/headshots/nba/latest/1040x760/204067.png
76635,Patrick Eddie,Patrick,Eddie,False,https://cdn.nba.com/headshots/nba/latest/1040x760/76635.png
76636,Thomas Eddleman,Thomas,Eddleman,False,https://cdn.nba.com/headshots/nba/latest/1040x760/76636.png
76637,Kent Edelin,Kent,Edelin,False,https://cdn.nba.com/headshots/nba/latest/1040x760/76637.png
1641744,Zach Edey,Zach,Edey,True,https://cdn.nba.com/headshots/nba/latest/1040x760/1641744.png
76638,Keith Edmonson,Keith,Edmonson,False,https://cdn.nba.com/headshots/nba/latest/1040x760/76638.png
721,Tyus Edney,Tyus,Edney,False,https://cdn.nba.com/headshots/nba/latest/1040x760/721.png
1630162,Anthony Edwards,Anthony,Edwards,True,https://cdn.nba.com/headshots/nba/latest/1040x760/1630162.png
76646,Bill Edwards,Bill,Edwards,False,https://cdn.nba.com/headshots/nba/latest/1040x760/76646.png
898,Blue Edwards,Blue,Edwards,False,https://cdn.nba.com/headshots/nba/latest/1040x760/898.png
1629035,Carsen Edwards,Carsen,Edwards,False,https://cdn.nba.com/headshots/nba/latest/1040x760/1629035.png
2451,Corsley Edwards,Corsley,Edwards,False,https://cdn.nba.com/headshots/nba/latest/1040x760/2451.png
346,Doug Edwards,Doug,Edwards,False,https://cdn.nba.com/headshots/nba/latest/1040x760/346.png
76641,Franklin Edwards,Franklin,Edwards,False,https://cdn.nba.com/headshots/nba/latest/1040x760/76641.png
229,James Edwards,James,Edwards,False,https://cdn.nba.com/headshots/nba/latest/1040x760/229.png
76643,Jay Edwards,Jay,Edwards,False,https://cdn.nba.com/headshots/nba/latest/1040x760/76643.png
1642399,Jesse Edwards,Jesse,Edwards,True,https://cdn.nba.com/headshots/nba/latest/1040x760/1642399.png
2823,John Edwards,John,Edwards,False,https://cdn.nba.com/headshots/nba/latest/1040x760/2823.png
1642348,Justin Edwards,Justin,Edwards,True,https://cdn.nba.com/headshots/nba/latest/1040x760/1642348.png
1630556,Kessler Edwards,Kessler,Edwards,True,https://cdn.nba.com/headshots/nba/latest/1040x760/1630556.png
236,Kevin Edwards,Kevin,Edwards,False,https://cdn.nba.com/headshots/nba/latest/1040x760/236.png
1630306,Rob Edwards,Rob,Edwards,False,https://cdn.nba.com/headshots/nba/latest/1040x760/1630306.png
202197,Shane Edwards,Shane,Edwards,False,https://cdn.nba.com/headshots/nba/latest/1040x760/202197.png
1629053,Vincent Edwards,Vincent,Edwards,False,https://cdn.nba.com/headshots/nba/latest/1040x760/1629053.png
76647,Johnny Egan,Johnny,Egan,False,https://cdn.nba.com/headshots/nba/latest/1040x760/76647.png
76648,Lonnie Eggleston,Lonnie,Eggleston,False,https://cdn.nba.com/headshots/nba/latest/1040x760/76648.png
76649,Eddie Ehlers,Eddie,Ehlers,False,https://cdn.nba.com/headshots/nba/latest/1040x760/76649.png
378,Craig Ehlo,Craig,Ehlo,False,https://cdn.nba.com/headshots/nba/latest/1040x760/378.png
76651,Dick Eichhorst,Dick,Eichhorst,False,https://cdn.nba.com/headshots/nba/latest/1040x760/76651.png
458,Howard Eisley,Howard,Eisley,False,https://cdn.nba.com/headshots/nba/latest/1040x760/458.png
1918,Obinna Ekezie,Obinna,Ekezie,False,https://cdn.nba.com/headshots/nba/latest/1040x760/1918.png
2064,Khalid El-Amin,Khalid,El-Amin,False,https://cdn.nba.com/headshots/nba/latest/1040x760/2064.png
76653,Don Eliason,Don,Eliason,False,https://cdn.nba.com/headshots/nba/latest/1040x760/76653.png
53,Mario Elie,Mario,Elie,False,https://cdn.nba.com/headshots/nba/latest/1040x760/53.png
1629604,CJ Elleby,CJ,Elleby,False,https://cdn.nba.com/headshots/nba/latest/1040x760/1629604.png
76655,Ray Ellefson,Ray,Ellefson,False,https://cdn.nba.com/headshots/nba/latest/1040x760/76655.png
1627740,Henry Ellenson,Henry,Ellenson,False,https://cdn.nba.com/headshots/nba/latest/1040x760/1627740.png
201961,Wayne Ellington,Wayne,Ellington,False,https://cdn.nba.com/headshots/nba/latest/1040x760/201961.png
76656,Bob Elliott,Bob,Elliott,False,https://cdn.nba.com/headshots/nba/latest/1040x760/76656.png
251,Sean Elliott,Sean,Elliott,False,https://cdn.nba.com/headshots/nba/latest/1040x760/251.png
76658,Alexander Ellis,Alexander,Ellis,False,https://cdn.nba.com/headshots/nba/latest/1040x760/76658.png
76664,Bo Ellis,Bo,Ellis,False,https://cdn.nba.com/headshots/nba/latest/1040x760/76664.png
107,Dale Ellis,Dale,Ellis,False,https://cdn.nba.com/headshots/nba/latest/1040x760/107.png
1677,Harold Ellis,Harold,Ellis,False,https://cdn.nba.com/headshots/nba/latest/1040x760/1677.png
76661,Joe Ellis,Joe,Ellis,False,https://cdn.nba.com/headshots/nba/latest/1040x760/76661.png
1631165,Keon Ellis,Keon,Ellis,True,https://cdn.nba.com/headshots/nba/latest/1040x760/1631165.png
111,LaPhonso Ellis,LaPhonso,Ellis,False,https://cdn.nba.com/headshots/nba/latest/1040x760/111.png
1034,LeRon Ellis,LeRon,Ellis,False,https://cdn.nba.com/headshots/nba/latest/1040x760/1034.png
76663,Leroy Ellis,Leroy,Ellis,False,https://cdn.nba.com/headshots/nba/latest/1040x760/76663.png
101145,Monta Ellis,Monta,Ellis,False,https://cdn.nba.com/headshots/nba/latest/1040x760/101145.png
442,Pervis Ellison,Pervis,Ellison,False,https://cdn.nba.com/headshots/nba/latest/1040x760/442.png
600010,Len Elmore,Len,Elmore,False,https://cdn.nba.com/headshots/nba/latest/1040x760/600010.png
1922,Francisco Elson,Francisco,Elson,False,https://cdn.nba.com/headshots/nba/latest/1040x760/1922.png
76667,Darrell Elston,Darrell,Elston,False,https://cdn.nba.com/headshots/nba/latest/1040x760/76667.png
2408,Melvin Ely,Melvin,Ely,False,https://cdn.nba.com/headshots/nba/latest/1040x760/2408.png
203954,Joel Embiid,Joel,Embiid,True,https://cdn.nba.com/headshots/nba/latest/1040x760/203954.png
76668,Wayne Embry,Wayne,Embry,False,https://cdn.nba.com/headshots/nba/latest/1040x760/76668.png
2765,Andre Emmett,Andre,Emmett,False,https://cdn.nba.com/headshots/nba/latest/1040x760/2765.png
76669,Ned Endress,Ned,Endress,False,https://cdn.nba.com/headshots/nba/latest/1040x760/76669.png
76670,Chris Engler,Chris,Engler,False,https://cdn.nba.com/headshots/nba/latest/1040x760/76670.png
76671,Wayne Englestad,Wayne,Englestad,False,https://cdn.nba.com/headshots/nba/latest/1040x760/76671.png
76672,A.J. English,A.J.,English,False,https://cdn.nba.com/headshots/nba/latest/1040x760/76672.png
76673,Alex English,Alex,English,False,https://cdn.nba.com/headshots/nba/latest/1040x760/76673.png
76674,Claude English,Claude,English,False,https://cdn.nba.com/headshots/nba/latest/1040x760/76674.png
76676,Jojo English,Jojo,English,False,https://cdn.nba.com/headshots/nba/latest/1040x760/76676.png
203119,Kim English,Kim,English,False,https://cdn.nba.com/headshots/nba/latest/1040x760/203119.png
76675,Scott English,Scott,English,False,https://cdn.nba.com/headshots/nba/latest/1040x760/76675.png
76677,Gene Englund,Gene,Englund,False,https://cdn.nba.com/headshots/nba/latest/1040x760/76677.png
203898,Tyler Ennis,Tyler,Ennis,False,https://cdn.nba.com/headshots/nba/latest/1040x760/203898.png
203516,James Ennis III,James,Ennis III,False,https://cdn.nba.com/headshots/nba/latest/1040x760/203516.png
76678,Ray Epps,Ray,Epps,False,https://cdn.nba.com/headshots/nba/latest/1040x760/76678.png
201623,Semih Erden,Semih,Erden,False,https://cdn.nba.com/headshots/nba/latest/1040x760/201623.png
76679,Bo Erias,Bo,Erias,False,https://cdn.nba.com/headshots/nba/latest/1040x760/76679.png
76680,Keith Erickson,Keith,Erickson,False,https://cdn.nba.com/headshots/nba/latest/1040x760/76680.png
76681,Julius Erving,Julius,Erving,False,https://cdn.nba.com/headshots/nba/latest/1040x760/76681.png
1915,Evan Eschmeyer,Evan,Eschmeyer,False,https://cdn.nba.com/headshots/nba/latest/1040x760/1915.png
76682,Jack Eskridge,Jack,Eskridge,False,https://cdn.nba.com/headshots/nba/latest/1040x760/76682.png
76683,Vincenzo Esposito,Vincenzo,Esposito,False,https://cdn.nba.com/headshots/nba/latest/1040x760/76683.png
1630623,Tyson Etienne,Tyson,Etienne,True,https://cdn.nba.com/headshots/nba/latest/1040x760/1630623.png
1629234,Drew Eubanks,Drew,Eubanks,True,https://cdn.nba.com/headshots/nba/latest/1040x760/1629234.png
76687,Bob Evans,Bob,Evans,False,https://cdn.nba.com/headshots/nba/latest/1040x760/76687.png
967,Brian Evans,Brian,Evans,False,https://cdn.nba.com/headshots/nba/latest/1040x760/967.png
76685,Earl Evans,Earl,Evans,False,https://cdn.nba.com/headshots/nba/latest/1040x760/76685.png
1628980,Jacob Evans,Jacob,Evans,False,https://cdn.nba.com/headshots/nba/latest/1040x760/1628980.png
1628393,Jawun Evans,Jawun,Evans,False,https://cdn.nba.com/headshots/nba/latest/1040x760/1628393.png
202379,Jeremy Evans,Jeremy,Evans,False,https://cdn.nba.com/headshots/nba/latest/1040x760/202379.png
2230,Maurice Evans,Maurice,Evans,False,https://cdn.nba.com/headshots/nba/latest/1040x760/2230.png
76686,Mike Evans,Mike,Evans,False,https://cdn.nba.com/headshots/nba/latest/1040x760/76686.png
2501,Reggie Evans,Reggie,Evans,False,https://cdn.nba.com/headshots/nba/latest/1040x760/2501.png
201936,Tyreke Evans,Tyreke,Evans,False,https://cdn.nba.com/headshots/nba/latest/1040x760/201936.png
1641787,Tosan Evbuomwan,Tosan,Evbuomwan,True,https://cdn.nba.com/headshots/nba/latest/1040x760/1641787.png
101137,Daniel Ewing,Daniel,Ewing,False,https://cdn.nba.com/headshots/nba/latest/1040x760/101137.png
121,Patrick Ewing,Patrick,Ewing,False,https://cdn.nba.com/headshots/nba/latest/1040x760/121.png
201607,Patrick Ewing,Patrick,Ewing,False,https://cdn.nba.com/headshots/nba/latest/1040x760/201607.png
203957,Danté Exum,Danté,Exum,True,https://cdn.nba.com/headshots/nba/latest/1040x760/203957.png
201963,Christian Eyenga,Christian,Eyenga,False,https://cdn.nba.com/headshots/nba/latest/1040x760/201963.png
203105,Festus Ezeli,Festus,Ezeli,False,https://cdn.nba.com/headshots/nba/latest/1040x760/203105.png
76689,Johnny Ezersky,Johnny,Ezersky,False,https://cdn.nba.com/headshots/nba/latest/1040x760/76689.png
76690,Joe Fabel,Joe,Fabel,False,https://cdn.nba.com/headshots/nba/latest/1040x760/76690.png
76691,John Fairchild,John,Fairchild,False,https://cdn.nba.com/headshots/nba/latest/1040x760/76691.png
1629605,Tacko Fall,Tacko,Fall,False,https://cdn.nba.com/headshots/nba/latest/1040x760/1629605.png
76692,Phil Farbman,Phil,Farbman,False,https://cdn.nba.com/headshots/nba/latest/1040x760/76692.png
202702,Kenneth Faried,Kenneth,Faried,False,https://cdn.nba.com/headshots/nba/latest/1040x760/202702.png
76693,Dick Farley,Dick,Farley,False,https://cdn.nba.com/headshots/nba/latest/1040x760/76693.png
200770,Jordan Farmar,Jordan,Farmar,False,https://cdn.nba.com/headshots/nba/latest/1040x760/200770.png
2824,Desmon Farmer,Desmon,Farmer,False,https://cdn.nba.com/headshots/nba/latest/1040x760/2824.png
76695,Jim Farmer,Jim,Farmer,False,https://cdn.nba.com/headshots/nba/latest/1040x760/76695.png
76694,Mike Farmer,Mike,Farmer,False,https://cdn.nba.com/headshots/nba/latest/1040x760/76694.png
1108,Tony Farmer,Tony,Farmer,False,https://cdn.nba.com/headshots/nba/latest/1040x760/1108.png
76696,Bob Faught,Bob,Faught,False,https://cdn.nba.com/headshots/nba/latest/1040x760/76696.png
203543,Vitor Faverani,Vitor,Faverani,False,https://cdn.nba.com/headshots/nba/latest/1040x760/203543.png
202324,Derrick Favors,Derrick,Favors,False,https://cdn.nba.com/headshots/nba/latest/1040x760/202324.png
201174,Nick Fazekas,Nick,Fazekas,False,https://cdn.nba.com/headshots/nba/latest/1040x760/201174.png
76697,Dave Fedor,Dave,Fedor,False,https://cdn.nba.com/headshots/nba/latest/1040x760/76697.png
76698,Bob Feerick,Bob,Feerick,False,https://cdn.nba.com/headshots/nba/latest/1040x760/76698.png
76699,Butch Feher,Butch,Feher,False,https://cdn.nba.com/headshots/nba/latest/1040x760/76699.png
994,Jamie Feick,Jamie,Feick,False,https://cdn.nba.com/headshots/nba/latest/1040x760/994.png
76701,Ron Feiereisel,Ron,Feiereisel,False,https://cdn.nba.com/headshots/nba/latest/1040x760/76701.png
76702,George Feigenbaum,George,Feigenbaum,False,https://cdn.nba.com/headshots/nba/latest/1040x760/76702.png
76703,Dave Feitl,Dave,Feitl,False,https://cdn.nba.com/headshots/nba/latest/1040x760/76703.png
1627770,Kay Felder,Kay,Felder,False,https://cdn.nba.com/headshots/nba/latest/1040x760/1627770.png
1626245,Cristiano Felicio,Cristiano,Felicio,False,https://cdn.nba.com/headshots/nba/latest/1040x760/1626245.png
203467,Carrick Felix,Carrick,Felix,False,https://cdn.nba.com/headshots/nba/latest/1040x760/203467.png
101230,Noel Felix,Noel,Felix,False,https://cdn.nba.com/headshots/nba/latest/1040x760/101230.png
76704,Ray Felix,Ray,Felix,False,https://cdn.nba.com/headshots/nba/latest/1040x760/76704.png
101109,Raymond Felton,Raymond,Felton,False,https://cdn.nba.com/headshots/nba/latest/1040x760/101109.png
76705,Jake Fendley,Jake,Fendley,False,https://cdn.nba.com/headshots/nba/latest/1040x760/76705.png
76706,Bill Fenley,Bill,Fenley,False,https://cdn.nba.com/headshots/nba/latest/1040x760/76706.png
2724,Desmond Ferguson,Desmond,Ferguson,False,https://cdn.nba.com/headshots/nba/latest/1040x760/2724.png
1628390,Terrance Ferguson,Terrance,Ferguson,False,https://cdn.nba.com/headshots/nba/latest/1040x760/1628390.png
201164,Rudy Fernandez,Rudy,Fernandez,False,https://cdn.nba.com/headshots/nba/latest/1040x760/201164.png
1628981,Bruno Fernando,Bruno,Fernando,True,https://cdn.nba.com/headshots/nba/latest/1040x760/1628981.png
76707,Eric Fernsten,Eric,Fernsten,False,https://cdn.nba.com/headshots/nba/latest/1040x760/76707.png
76708,Al Ferrari,Al,Ferrari,False,https://cdn.nba.com/headshots/nba/latest/1040x760/76708.png
76709,Rolando Ferreira,Rolando,Ferreira,False,https://cdn.nba.com/headshots/nba/latest/1040x760/76709.png
273,Duane Ferrell,Duane,Ferrell,False,https://cdn.nba.com/headshots/nba/latest/1040x760/273.png
1627812,Yogi Ferrell,Yogi,Ferrell,False,https://cdn.nba.com/headshots/nba/latest/1040x760/1627812.png
76711,Arnie Ferrin,Arnie,Ferrin,False,https://cdn.nba.com/headshots/nba/latest/1040x760/76711.png
76712,Bob Ferry,Bob,Ferry,False,https://cdn.nba.com/headshots/nba/latest/1040x760/76712.png
198,Danny Ferry,Danny,Ferry,False,https://cdn.nba.com/headshots/nba/latest/1040x760/198.png
201178,Kyrylo Fesenko,Kyrylo,Fesenko,False,https://cdn.nba.com/headshots/nba/latest/1040x760/201178.png
76713,Kenny Fields,Kenny,Fields,False,https://cdn.nba.com/headshots/nba/latest/1040x760/76713.png
202361,Landry Fields,Landry,Fields,False,https://cdn.nba.com/headshots/nba/latest/1040x760/202361.png
76714,Ron Filipek,Ron,Filipek,False,https://cdn.nba.com/headshots/nba/latest/1040x760/76714.png
1642271,Kyle Filipowski,Kyle,Filipowski,True,https://cdn.nba.com/headshots/nba/latest/1040x760/1642271.png
76715,Greg Fillmore,Greg,Fillmore,False,https://cdn.nba.com/headshots/nba/latest/1040x760/76715.png
76716,Hank Finkel,Hank,Finkel,False,https://cdn.nba.com/headshots/nba/latest/1040x760/76716.png
714,Michael Finley,Michael,Finley,False,https://cdn.nba.com/headshots/nba/latest/1040x760/714.png
76717,Danny Finn,Danny,Finn,False,https://cdn.nba.com/headshots/nba/latest/1040x760/76717.png
1627827,Dorian Finney-Smith,Dorian,Finney-Smith,True,https://cdn.nba.com/headshots/nba/latest/1040x760/1627827.png
900,Matt Fish,Matt,Fish,False,https://cdn.nba.com/headshots/nba/latest/1040x760/900.png
965,Derek Fisher,Derek,Fisher,False,https://cdn.nba.com/headshots/nba/latest/1040x760/965.png
2809,Gerald Fitch,Gerald,Fitch,False,https://cdn.nba.com/headshots/nba/latest/1040x760/2809.png
1630238,Malik Fitts,Malik,Fitts,False,https://cdn.nba.com/headshots/nba/latest/1040x760/1630238.png
76720,Bob Fitzgerald,Bob,Fitzgerald,False,https://cdn.nba.com/headshots/nba/latest/1040x760/76720.png
76719,Dick Fitzgerald,Dick,Fitzgerald,False,https://cdn.nba.com/headshots/nba/latest/1040x760/76719.png
2033,Marcus Fizer,Marcus,Fizer,False,https://cdn.nba.com/headshots/nba/latest/1040x760/2033.png
1641745,Adam Flagler,Adam,Flagler,True,https://cdn.nba.com/headshots/nba/latest/1040x760/1641745.png
76721,Jerry Fleishman,Jerry,Fleishman,False,https://cdn.nba.com/headshots/nba/latest/1040x760/76721.png
76722,Al Fleming,Al,Fleming,False,https://cdn.nba.com/headshots/nba/latest/1040x760/76722.png
76723,Ed Fleming,Ed,Fleming,False,https://cdn.nba.com/headshots/nba/latest/1040x760/76723.png
313,Vern Fleming,Vern,Fleming,False,https://cdn.nba.com/headshots/nba/latest/1040x760/313.png
2784,Luis Flores,Luis,Flores,False,https://cdn.nba.com/headshots/nba/latest/1040x760/2784.png
76725,Bruce Flowers,Bruce,Flowers,False,https://cdn.nba.com/headshots/nba/latest/1040x760/76725.png
1642280,Trentyn Flowers,Trentyn,Flowers,True,https://cdn.nba.com/headshots/nba/latest/1040x760/1642280.png
76726,Sleepy Floyd,Sleepy,Floyd,False,https://cdn.nba.com/headshots/nba/latest/1040x760/76726.png
201938,Jonny Flynn,Jonny,Flynn,False,https://cdn.nba.com/headshots/nba/latest/1040x760/201938.png
1630201,Malachi Flynn,Malachi,Flynn,True,https://cdn.nba.com/headshots/nba/latest/1040x760/1630201.png
76727,Mike Flynn,Mike,Flynn,False,https://cdn.nba.com/headshots/nba/latest/1040x760/76727.png
76728,Larry Fogle,Larry,Fogle,False,https://cdn.nba.com/headshots/nba/latest/1040x760/76728.png
76729,Jack Foley,Jack,Foley,False,https://cdn.nba.com/headshots/nba/latest/1040x760/76729.png
1829,Ike Fontaine,Ike,Fontaine,False,https://cdn.nba.com/headshots/nba/latest/1040x760/1829.png
76731,Levi Fontaine,Levi,Fontaine,False,https://cdn.nba.com/headshots/nba/latest/1040x760/76731.png
1631323,Simone Fontecchio,Simone,Fontecchio,True,https://cdn.nba.com/headshots/nba/latest/1040x760/1631323.png
202880,Jeff Foote,Jeff,Foote,False,https://cdn.nba.com/headshots/nba/latest/1040x760/202880.png
1627854,Bryn Forbes,Bryn,Forbes,False,https://cdn.nba.com/headshots/nba/latest/1040x760/1627854.png
201814,Gary Forbes,Gary,Forbes,False,https://cdn.nba.com/headshots/nba/latest/1040x760/201814.png
1630758,Aleem Ford,Aleem,Ford,False,https://cdn.nba.com/headshots/nba/latest/1040x760/1630758.png
76732,Alphonso Ford,Alphonso,Ford,False,https://cdn.nba.com/headshots/nba/latest/1040x760/76732.png
2228,Alton Ford,Alton,Ford,False,https://cdn.nba.com/headshots/nba/latest/1040x760/2228.png
76733,Chris Ford,Chris,Ford,False,https://cdn.nba.com/headshots/nba/latest/1040x760/76733.png
76734,Don Ford,Don,Ford,False,https://cdn.nba.com/headshots/nba/latest/1040x760/76734.png
76735,Jake Ford,Jake,Ford,False,https://cdn.nba.com/headshots/nba/latest/1040x760/76735.png
1630259,Jordan Ford,Jordan,Ford,False,https://cdn.nba.com/headshots/nba/latest/1040x760/1630259.png
76736,Phil Ford,Phil,Ford,False,https://cdn.nba.com/headshots/nba/latest/1040x760/76736.png
101213,Sharrod Ford,Sharrod,Ford,False,https://cdn.nba.com/headshots/nba/latest/1040x760/101213.png
726,Sherell Ford,Sherell,Ford,False,https://cdn.nba.com/headshots/nba/latest/1040x760/726.png
2551,T.J. Ford,T.J.,Ford,False,https://cdn.nba.com/headshots/nba/latest/1040x760/2551.png
76738,Donnie Forman,Donnie,Forman,False,https://cdn.nba.com/headshots/nba/latest/1040x760/76738.png
76739,Bayard Forrest,Bayard,Forrest,False,https://cdn.nba.com/headshots/nba/latest/1040x760/76739.png
1630235,Trent Forrest,Trent,Forrest,False,https://cdn.nba.com/headshots/nba/latest/1040x760/1630235.png
2218,Joseph Forte,Joseph,Forte,False,https://cdn.nba.com/headshots/nba/latest/1040x760/2218.png
202622,Courtney Fortson,Courtney,Fortson,False,https://cdn.nba.com/headshots/nba/latest/1040x760/202622.png
1504,Danny Fortson,Danny,Fortson,False,https://cdn.nba.com/headshots/nba/latest/1040x760/1504.png
76740,Fred Foster,Fred,Foster,False,https://cdn.nba.com/headshots/nba/latest/1040x760/76740.png
323,Greg Foster,Greg,Foster,False,https://cdn.nba.com/headshots/nba/latest/1040x760/323.png
1902,Jeff Foster,Jeff,Foster,False,https://cdn.nba.com/headshots/nba/latest/1040x760/1902.png
76742,Rod Foster,Rod,Foster,False,https://cdn.nba.com/headshots/nba/latest/1040x760/76742.png
1630701,Michael Foster Jr.,Michael,Foster Jr.,False,https://cdn.nba.com/headshots/nba/latest/1040x760/1630701.png
2238,Antonis Fotsis,Antonis,Fotsis,False,https://cdn.nba.com/headshots/nba/latest/1040x760/2238.png
203095,Evan Fournier,Evan,Fournier,False,https://cdn.nba.com/headshots/nba/latest/1040x760/203095.png
76744,Larry Foust,Larry,Foust,False,https://cdn.nba.com/headshots/nba/latest/1040x760/76744.png
76745,Jerry Fowler,Jerry,Fowler,False,https://cdn.nba.com/headshots/nba/latest/1040x760/76745.png
1762,Tremaine Fowlkes,Tremaine,Fowlkes,False,https://cdn.nba.com/headshots/nba/latest/1040x760/1762.png
1628368,De'Aaron Fox,De'Aaron,Fox,True,https://cdn.nba.com/headshots/nba/latest/1040x760/1628368.png
76746,Harold Fox,Harold,Fox,False,https://cdn.nba.com/headshots/nba/latest/1040x760/76746.png
76747,Jim Fox,Jim,Fox,False,https://cdn.nba.com/headshots/nba/latest/1040x760/76747.png
296,Rick Fox,Rick,Fox,False,https://cdn.nba.com/headshots/nba/latest/1040x760/296.png
200751,Randy Foye,Randy,Foye,False,https://cdn.nba.com/headshots/nba/latest/1040x760/200751.png
1502,Adonal Foyle,Adonal,Foyle,False,https://cdn.nba.com/headshots/nba/latest/1040x760/1502.png
2499,Richie Frahm,Richie,Frahm,False,https://cdn.nba.com/headshots/nba/latest/1040x760/2499.png
1883,Steve Francis,Steve,Francis,False,https://cdn.nba.com/headshots/nba/latest/1040x760/1883.png
76748,Tellis Frank,Tellis,Frank,False,https://cdn.nba.com/headshots/nba/latest/1040x760/76748.png
76749,Nat Frankel,Nat,Frankel,False,https://cdn.nba.com/headshots/nba/latest/1040x760/76749.png
203479,Jamaal Franklin,Jamaal,Franklin,False,https://cdn.nba.com/headshots/nba/latest/1040x760/203479.png
1629606,Robert Franks,Robert,Franks,False,https://cdn.nba.com/headshots/nba/latest/1040x760/1629606.png
204025,Tim Frazier,Tim,Frazier,False,https://cdn.nba.com/headshots/nba/latest/1040x760/204025.png
76750,Walt Frazier,Walt,Frazier,False,https://cdn.nba.com/headshots/nba/latest/1040x760/76750.png
76751,Will Frazier,Will,Frazier,False,https://cdn.nba.com/headshots/nba/latest/1040x760/76751.png
1626187,Michael Frazier II,Michael,Frazier II,False,https://cdn.nba.com/headshots/nba/latest/1040x760/1626187.png
1628982,Melvin Frazier Jr.,Melvin,Frazier Jr.,False,https://cdn.nba.com/headshots/nba/latest/1040x760/1628982.png
76752,Anthony Frederick,Anthony,Frederick,False,https://cdn.nba.com/headshots/nba/latest/1040x760/76752.png
202690,Jimmer Fredette,Jimmer,Fredette,False,https://cdn.nba.com/headshots/nba/latest/1040x760/202690.png
76753,World Free,World,Free,False,https://cdn.nba.com/headshots/nba/latest/1040x760/76753.png
202683,Enes Freedom,Enes,Freedom,False,https://cdn.nba.com/headshots/nba/latest/1040x760/202683.png
200777,Joel Freeland,Joel,Freeland,False,https://cdn.nba.com/headshots/nba/latest/1040x760/200777.png
76754,Donnie Freeman,Donnie,Freeman,False,https://cdn.nba.com/headshots/nba/latest/1040x760/76754.png
1642402,Enrique Freeman,Enrique,Freeman,True,https://cdn.nba.com/headshots/nba/latest/1040x760/1642402.png
76755,Gary Freeman,Gary,Freeman,False,https://cdn.nba.com/headshots/nba/latest/1040x760/76755.png
76756,Rod Freeman,Rod,Freeman,False,https://cdn.nba.com/headshots/nba/latest/1040x760/76756.png
1631241,Javon Freeman-Liberty,Javon,Freeman-Liberty,False,https://cdn.nba.com/headshots/nba/latest/1040x760/1631241.png
2782,Matt Freije,Matt,Freije,False,https://cdn.nba.com/headshots/nba/latest/1040x760/2782.png
76757,Frido Frey,Frido,Frey,False,https://cdn.nba.com/headshots/nba/latest/1040x760/76757.png
76758,Larry Friend,Larry,Friend,False,https://cdn.nba.com/headshots/nba/latest/1040x760/76758.png
76759,Pat Frink,Pat,Frink,False,https://cdn.nba.com/headshots/nba/latest/1040x760/76759.png
76760,Jim Fritsche,Jim,Fritsche,False,https://cdn.nba.com/headshots/nba/latest/1040x760/76760.png
101112,Channing Frye,Channing,Frye,False,https://cdn.nba.com/headshots/nba/latest/1040x760/101112.png
76761,Bernie Fryer,Bernie,Fryer,False,https://cdn.nba.com/headshots/nba/latest/1040x760/76761.png
76762,Frank Fucarino,Frank,Fucarino,False,https://cdn.nba.com/headshots/nba/latest/1040x760/76762.png
1641788,Alex Fudge,Alex,Fudge,False,https://cdn.nba.com/headshots/nba/latest/1040x760/1641788.png
76763,Herm Fuetsch,Herm,Fuetsch,False,https://cdn.nba.com/headshots/nba/latest/1040x760/76763.png
76764,Joe Fulks,Joe,Fulks,False,https://cdn.nba.com/headshots/nba/latest/1040x760/76764.png
2673,Hiram Fuller,Hiram,Fuller,False,https://cdn.nba.com/headshots/nba/latest/1040x760/2673.png
957,Todd Fuller,Todd,Fuller,False,https://cdn.nba.com/headshots/nba/latest/1040x760/957.png
76765,Tony Fuller,Tony,Fuller,False,https://cdn.nba.com/headshots/nba/latest/1040x760/76765.png
1628365,Markelle Fultz,Markelle,Fultz,True,https://cdn.nba.com/headshots/nba/latest/1040x760/1628365.png
1444,Lawrence Funderburke,Lawrence,Funderburke,False,https://cdn.nba.com/headshots/nba/latest/1040x760/1444.png
1641847,Andrew Funk,Andrew,Funk,False,https://cdn.nba.com/headshots/nba/latest/1040x760/1641847.png
76767,Terry Furlow,Terry,Furlow,False,https://cdn.nba.com/headshots/nba/latest/1040x760/76767.png
1642277,Johnny Furphy,Johnny,Furphy,True,https://cdn.nba.com/headshots/nba/latest/1040x760/1642277.png
76768,Billy Gabor,Billy,Gabor,False,https://cdn.nba.com/headshots/nba/latest/1040x760/76768.png
1629117,Wenyen Gabriel,Wenyen,Gabriel,False,https://cdn.nba.com/headshots/nba/latest/1040x760/1629117.png
2429,Dan Gadzuric,Dan,Gadzuric,False,https://cdn.nba.com/headshots/nba/latest/1040x760/2429.png
202070,Tony Gaffney,Tony,Gaffney,False,https://cdn.nba.com/headshots/nba/latest/1040x760/202070.png
1629655,Daniel Gafford,Daniel,Gafford,True,https://cdn.nba.com/headshots/nba/latest/1040x760/1629655.png
101184,Deng Gai,Deng,Gai,False,https://cdn.nba.com/headshots/nba/latest/1040x760/101184.png
76769,Elmer R. Gainer,Elmer R.,Gainer,False,https://cdn.nba.com/headshots/nba/latest/1040x760/76769.png
76770,Corey Gaines,Corey,Gaines,False,https://cdn.nba.com/headshots/nba/latest/1040x760/76770.png
2558,Reece Gaines,Reece,Gaines,False,https://cdn.nba.com/headshots/nba/latest/1040x760/2558.png
202178,Sundiata Gaines,Sundiata,Gaines,False,https://cdn.nba.com/headshots/nba/latest/1040x760/202178.png
76771,Mike Gale,Mike,Gale,False,https://cdn.nba.com/headshots/nba/latest/1040x760/76771.png
76772,Chad Gallagher,Chad,Gallagher,False,https://cdn.nba.com/headshots/nba/latest/1040x760/76772.png
76773,Harry Gallatin,Harry,Gallatin,False,https://cdn.nba.com/headshots/nba/latest/1040x760/76773.png
201568,Danilo Gallinari,Danilo,Gallinari,False,https://cdn.nba.com/headshots/nba/latest/1040x760/201568.png
1641945,Jaylin Galloway,Jaylin,Galloway,False,https://cdn.nba.com/headshots/nba/latest/1040x760/1641945.png
204038,Langston Galloway,Langston,Galloway,False,https://cdn.nba.com/headshots/nba/latest/1040x760/204038.png
76774,Dave Gambee,Dave,Gambee,False,https://cdn.nba.com/headshots/nba/latest/1040x760/76774.png
333,Kevin Gamble,Kevin,Gamble,False,https://cdn.nba.com/headshots/nba/latest/1040x760/333.png
76776,Bob Gantt,Bob,Gantt,False,https://cdn.nba.com/headshots/nba/latest/1040x760/76776.png
200816,Jorge Garbajosa,Jorge,Garbajosa,False,https://cdn.nba.com/headshots/nba/latest/1040x760/200816.png
2092,Ruben Garces,Ruben,Garces,False,https://cdn.nba.com/headshots/nba/latest/1040x760/2092.png
2682,Alex Garcia,Alex,Garcia,False,https://cdn.nba.com/headshots/nba/latest/1040x760/2682.png
101128,Francisco Garcia,Francisco,Garcia,False,https://cdn.nba.com/headshots/nba/latest/1040x760/101128.png
76778,Earl Gardner,Earl,Gardner,False,https://cdn.nba.com/headshots/nba/latest/1040x760/76778.png
201242,Thomas Gardner,Thomas,Gardner,False,https://cdn.nba.com/headshots/nba/latest/1040x760/201242.png
76779,Vern Gardner,Vern,Gardner,False,https://cdn.nba.com/headshots/nba/latest/1040x760/76779.png
76780,Jack Garfinkel,Jack,Garfinkel,False,https://cdn.nba.com/headshots/nba/latest/1040x760/76780.png
1627868,Patricio Garino,Patricio,Garino,False,https://cdn.nba.com/headshots/nba/latest/1040x760/1627868.png
1629636,Darius Garland,Darius,Garland,True,https://cdn.nba.com/headshots/nba/latest/1040x760/1629636.png
76781,Gary Garland,Gary,Garland,False,https://cdn.nba.com/headshots/nba/latest/1040x760/76781.png
76782,Winston Garland,Winston,Garland,False,https://cdn.nba.com/headshots/nba/latest/1040x760/76782.png
76783,Dick Garmaker,Dick,Garmaker,False,https://cdn.nba.com/headshots/nba/latest/1040x760/76783.png
1612,Chris Garner,Chris,Garner,False,https://cdn.nba.com/headshots/nba/latest/1040x760/1612.png
76785,Bill Garnett,Bill,Garnett,False,https://cdn.nba.com/headshots/nba/latest/1040x760/76785.png
708,Kevin Garnett,Kevin,Garnett,False,https://cdn.nba.com/headshots/nba/latest/1040x760/708.png
1831,Marlon Garnett,Marlon,Garnett,False,https://cdn.nba.com/headshots/nba/latest/1040x760/1831.png
1628656,Billy Garrett,Billy,Garrett,False,https://cdn.nba.com/headshots/nba/latest/1040x760/1628656.png
76786,Calvin Garrett,Calvin,Garrett,False,https://cdn.nba.com/headshots/nba/latest/1040x760/76786.png
1051,Dean Garrett,Dean,Garrett,False,https://cdn.nba.com/headshots/nba/latest/1040x760/1051.png
203197,Diante Garrett,Diante,Garrett,False,https://cdn.nba.com/headshots/nba/latest/1040x760/203197.png
76788,Eldo Garrett,Eldo,Garrett,False,https://cdn.nba.com/headshots/nba/latest/1040x760/76788.png
1630585,Marcus Garrett,Marcus,Garrett,True,https://cdn.nba.com/headshots/nba/latest/1040x760/1630585.png
76789,Rowland Garrett,Rowland,Garrett,False,https://cdn.nba.com/headshots/nba/latest/1040x760/76789.png
76790,Tom Garrick,Tom,Garrick,False,https://cdn.nba.com/headshots/nba/latest/1040x760/76790.png
76791,John Garris,John,Garris,False,https://cdn.nba.com/headshots/nba/latest/1040x760/76791.png
1619,Kiwane Garris,Kiwane,Garris,False,https://cdn.nba.com/headshots/nba/latest/1040x760/1619.png
1727,Pat Garrity,Pat,Garrity,False,https://cdn.nba.com/headshots/nba/latest/1040x760/1727.png
1630586,Usman Garuba,Usman,Garuba,False,https://cdn.nba.com/headshots/nba/latest/1040x760/1630586.png
76793,Jim Garvin,Jim,Garvin,False,https://cdn.nba.com/headshots/nba/latest/1040x760/76793.png
1630568,Luka Garza,Luka,Garza,True,https://cdn.nba.com/headshots/nba/latest/1040x760/1630568.png
201188,Marc Gasol,Marc,Gasol,False,https://cdn.nba.com/headshots/nba/latest/1040x760/201188.png
2200,Pau Gasol,Pau,Gasol,False,https://cdn.nba.com/headshots/nba/latest/1040x760/2200.png
76794,Frank Gates,Frank,Gates,False,https://cdn.nba.com/headshots/nba/latest/1040x760/76794.png
1629232,Kaiser Gates,Kaiser,Gates,False,https://cdn.nba.com/headshots/nba/latest/1040x760/1629232.png
423,Chris Gatling,Chris,Gatling,False,https://cdn.nba.com/headshots/nba/latest/1040x760/423.png
930,Kenny Gattison,Kenny,Gattison,False,https://cdn.nba.com/headshots/nba/latest/1040x760/930.png
200752,Rudy Gay,Rudy,Gay,False,https://cdn.nba.com/headshots/nba/latest/1040x760/200752.png
76797,Ed Gayda,Ed,Gayda,False,https://cdn.nba.com/headshots/nba/latest/1040x760/76797.png
1845,Andrew Gaze,Andrew,Gaze,False,https://cdn.nba.com/headshots/nba/latest/1040x760/1845.png
1627771,Michael Gbinije,Michael,Gbinije,False,https://cdn.nba.com/headshots/nba/latest/1040x760/1627771.png
1002,Reggie Geary,Reggie,Geary,False,https://cdn.nba.com/headshots/nba/latest/1040x760/1002.png
202087,Alonzo Gee,Alonzo,Gee,False,https://cdn.nba.com/headshots/nba/latest/1040x760/202087.png
761,Matt Geiger,Matt,Geiger,False,https://cdn.nba.com/headshots/nba/latest/1040x760/761.png
101153,Mickael Gelabale,Mickael,Gelabale,False,https://cdn.nba.com/headshots/nba/latest/1040x760/101153.png
1904,Devean George,Devean,George,False,https://cdn.nba.com/headshots/nba/latest/1040x760/1904.png
76800,Jack George,Jack,George,False,https://cdn.nba.com/headshots/nba/latest/1040x760/76800.png
1641718,Keyonte George,Keyonte,George,True,https://cdn.nba.com/headshots/nba/latest/1040x760/1641718.png
1642273,Kyshawn George,Kyshawn,George,True,https://cdn.nba.com/headshots/nba/latest/1040x760/1642273.png
202331,Paul George,Paul,George,True,https://cdn.nba.com/headshots/nba/latest/1040x760/202331.png
76801,Tate George,Tate,George,False,https://cdn.nba.com/headshots/nba/latest/1040x760/76801.png
1627875,Marcus Georges-Hunt,Marcus,Georges-Hunt,False,https://cdn.nba.com/headshots/nba/latest/1040x760/1627875.png
76802,Gus Gerard,Gus,Gerard,False,https://cdn.nba.com/headshots/nba/latest/1040x760/76802.png
76803,Derrick Gervin,Derrick,Gervin,False,https://cdn.nba.com/headshots/nba/latest/1040x760/76803.png
76804,George Gervin,George,Gervin,False,https://cdn.nba.com/headshots/nba/latest/1040x760/76804.png
76805,Gorham Getchell,Gorham,Getchell,False,https://cdn.nba.com/headshots/nba/latest/1040x760/76805.png
76806,John Gianelli,John,Gianelli,False,https://cdn.nba.com/headshots/nba/latest/1040x760/76806.png
76807,Dick Gibbs,Dick,Gibbs,False,https://cdn.nba.com/headshots/nba/latest/1040x760/76807.png
200789,Daniel Gibson,Daniel,Gibson,False,https://cdn.nba.com/headshots/nba/latest/1040x760/200789.png
76808,Dee Gibson,Dee,Gibson,False,https://cdn.nba.com/headshots/nba/latest/1040x760/76808.png
1626780,Jonathan Gibson,Jonathan,Gibson,False,https://cdn.nba.com/headshots/nba/latest/1040x760/1626780.png
76809,Mel Gibson,Mel,Gibson,False,https://cdn.nba.com/headshots/nba/latest/1040x760/76809.png
76810,Mike Gibson,Mike,Gibson,False,https://cdn.nba.com/headshots/nba/latest/1040x760/76810.png
201959,Taj Gibson,Taj,Gibson,True,https://cdn.nba.com/headshots/nba/latest/1040x760/201959.png
76811,Ward Gibson,Ward,Gibson,False,https://cdn.nba.com/headshots/nba/latest/1040x760/76811.png
201592,J.R. Giddens,J.R.,Giddens,False,https://cdn.nba.com/headshots/nba/latest/1040x760/201592.png
1630581,Josh Giddey,Josh,Giddey,True,https://cdn.nba.com/headshots/nba/latest/1040x760/1630581.png
201821,Trey Gilder,Trey,Gilder,False,https://cdn.nba.com/headshots/nba/latest/1040x760/201821.png
1628385,Harry Giles III,Harry,Giles III,False,https://cdn.nba.com/headshots/nba/latest/1040x760/1628385.png
1628983,Shai Gilgeous-Alexander,Shai,Gilgeous-Alexander,True,https://cdn.nba.com/headshots/nba/latest/1040x760/1628983.png
1630264,Anthony Gill,Anthony,Gill,True,https://cdn.nba.com/headshots/nba/latest/1040x760/1630264.png
2109,Eddie Gill,Eddie,Gill,False,https://cdn.nba.com/headshots/nba/latest/1040x760/2109.png
383,Kendall Gill,Kendall,Gill,False,https://cdn.nba.com/headshots/nba/latest/1040x760/383.png
76812,Ben Gillery,Ben,Gillery,False,https://cdn.nba.com/headshots/nba/latest/1040x760/76812.png
1631221,Collin Gillespie,Collin,Gillespie,True,https://cdn.nba.com/headshots/nba/latest/1040x760/1631221.png
1630273,Freddie Gillespie,Freddie,Gillespie,False,https://cdn.nba.com/headshots/nba/latest/1040x760/1630273.png
76813,Gene Gillette,Gene,Gillette,False,https://cdn.nba.com/headshots/nba/latest/1040x760/76813.png
288,Armen Gilliam,Armen,Gilliam,False,https://cdn.nba.com/headshots/nba/latest/1040x760/288.png
76815,Herm Gilliam,Herm,Gilliam,False,https://cdn.nba.com/headshots/nba/latest/1040x760/76815.png
600014,Artis Gilmore,Artis,Gilmore,False,https://cdn.nba.com/headshots/nba/latest/1040x760/600014.png
76817,Walt Gilmore,Walt,Gilmore,False,https://cdn.nba.com/headshots/nba/latest/1040x760/76817.png
76818,Chuck Gilmur,Chuck,Gilmur,False,https://cdn.nba.com/headshots/nba/latest/1040x760/76818.png
1631367,Jacob Gilyard,Jacob,Gilyard,False,https://cdn.nba.com/headshots/nba/latest/1040x760/1631367.png
1938,Manu Ginobili,Manu,Ginobili,False,https://cdn.nba.com/headshots/nba/latest/1040x760/1938.png
1921,Gordan Giricek,Gordan,Giricek,False,https://cdn.nba.com/headshots/nba/latest/1040x760/1921.png
76819,Jack Givens,Jack,Givens,False,https://cdn.nba.com/headshots/nba/latest/1040x760/76819.png
202148,Mickell Gladness,Mickell,Gladness,False,https://cdn.nba.com/headshots/nba/latest/1040x760/202148.png
76820,George Glamack,George,Glamack,False,https://cdn.nba.com/headshots/nba/latest/1040x760/76820.png
76821,Gerald Glass,Gerald,Glass,False,https://cdn.nba.com/headshots/nba/latest/1040x760/76821.png
76822,Mike Glenn,Mike,Glenn,False,https://cdn.nba.com/headshots/nba/latest/1040x760/76822.png
76823,Norman Glick,Norman,Glick,False,https://cdn.nba.com/headshots/nba/latest/1040x760/76823.png
76824,Georgi Glouchkov,Georgi,Glouchkov,False,https://cdn.nba.com/headshots/nba/latest/1040x760/76824.png
76825,Clarence Glover,Clarence,Glover,False,https://cdn.nba.com/headshots/nba/latest/1040x760/76825.png
1901,Dion Glover,Dion,Glover,False,https://cdn.nba.com/headshots/nba/latest/1040x760/1901.png
2601,Andreas Glyniadakis,Andreas,Glyniadakis,False,https://cdn.nba.com/headshots/nba/latest/1040x760/2601.png
76826,Mike Gminski,Mike,Gminski,False,https://cdn.nba.com/headshots/nba/latest/1040x760/76826.png
203497,Rudy Gobert,Rudy,Gobert,True,https://cdn.nba.com/headshots/nba/latest/1040x760/203497.png
76827,Dan Godfread,Dan,Godfread,False,https://cdn.nba.com/headshots/nba/latest/1040x760/76827.png
76828,Tom Gola,Tom,Gola,False,https://cdn.nba.com/headshots/nba/latest/1040x760/76828.png
76829,Ben Goldfaden,Ben,Goldfaden,False,https://cdn.nba.com/headshots/nba/latest/1040x760/76829.png
924,Anthony Goldwire,Anthony,Goldwire,False,https://cdn.nba.com/headshots/nba/latest/1040x760/924.png
101155,Ryan Gomes,Ryan,Gomes,False,https://cdn.nba.com/headshots/nba/latest/1040x760/101155.png
76830,Glen Gondrezick,Glen,Gondrezick,False,https://cdn.nba.com/headshots/nba/latest/1040x760/76830.png
76831,Grant Gondrezick,Grant,Gondrezick,False,https://cdn.nba.com/headshots/nba/latest/1040x760/76831.png
2400,Drew Gooden,Drew,Gooden,False,https://cdn.nba.com/headshots/nba/latest/1040x760/2400.png
76832,Gail Goodrich,Gail,Goodrich,False,https://cdn.nba.com/headshots/nba/latest/1040x760/76832.png
1864,Steve Goodrich,Steve,Goodrich,False,https://cdn.nba.com/headshots/nba/latest/1040x760/1864.png
203462,Archie Goodwin,Archie,Goodwin,False,https://cdn.nba.com/headshots/nba/latest/1040x760/203462.png
1629164,Brandon Goodwin,Brandon,Goodwin,False,https://cdn.nba.com/headshots/nba/latest/1040x760/1629164.png
1630692,Jordan Goodwin,Jordan,Goodwin,True,https://cdn.nba.com/headshots/nba/latest/1040x760/1630692.png
76833,Wilfred Goodwin,Wilfred,Goodwin,False,https://cdn.nba.com/headshots/nba/latest/1040x760/76833.png
203932,Aaron Gordon,Aaron,Gordon,True,https://cdn.nba.com/headshots/nba/latest/1040x760/203932.png
2732,Ben Gordon,Ben,Gordon,False,https://cdn.nba.com/headshots/nba/latest/1040x760/2732.png
204079,Drew Gordon,Drew,Gordon,False,https://cdn.nba.com/headshots/nba/latest/1040x760/204079.png
201569,Eric Gordon,Eric,Gordon,True,https://cdn.nba.com/headshots/nba/latest/1040x760/201569.png
76834,Lancaster Gordon,Lancaster,Gordon,False,https://cdn.nba.com/headshots/nba/latest/1040x760/76834.png
76835,Paul Gordon,Paul,Gordon,False,https://cdn.nba.com/headshots/nba/latest/1040x760/76835.png
101162,Marcin Gortat,Marcin,Gortat,False,https://cdn.nba.com/headshots/nba/latest/1040x760/101162.png
1641789,Jazian Gortman,Jazian,Gortman,True,https://cdn.nba.com/headshots/nba/latest/1040x760/1641789.png
76836,Leo Gottlieb,Leo,Gottlieb,False,https://cdn.nba.com/headshots/nba/latest/1040x760/76836.png
202726,Andrew Goudelock,Andrew,Goudelock,False,https://cdn.nba.com/headshots/nba/latest/1040x760/202726.png
76837,Bato Govedarica,Bato,Govedarica,False,https://cdn.nba.com/headshots/nba/latest/1040x760/76837.png
76838,Joe Graboski,Joe,Graboski,False,https://cdn.nba.com/headshots/nba/latest/1040x760/76838.png
76839,Ricky Grace,Ricky,Grace,False,https://cdn.nba.com/headshots/nba/latest/1040x760/76839.png
1628984,Devonte' Graham,Devonte',Graham,False,https://cdn.nba.com/headshots/nba/latest/1040x760/1628984.png
37,Greg Graham,Greg,Graham,False,https://cdn.nba.com/headshots/nba/latest/1040x760/37.png
101121,Joey Graham,Joey,Graham,False,https://cdn.nba.com/headshots/nba/latest/1040x760/101121.png
76843,Mal Graham,Mal,Graham,False,https://cdn.nba.com/headshots/nba/latest/1040x760/76843.png
76841,Orlando Graham,Orlando,Graham,False,https://cdn.nba.com/headshots/nba/latest/1040x760/76841.png
76842,Paul Graham,Paul,Graham,False,https://cdn.nba.com/headshots/nba/latest/1040x760/76842.png
101211,Stephen Graham,Stephen,Graham,False,https://cdn.nba.com/headshots/nba/latest/1040x760/101211.png
1626203,Treveon Graham,Treveon,Graham,False,https://cdn.nba.com/headshots/nba/latest/1040x760/1626203.png
76844,Jim Grandholm,Jim,Grandholm,False,https://cdn.nba.com/headshots/nba/latest/1040x760/76844.png
97,Ronnie Grandison,Ronnie,Grandison,False,https://cdn.nba.com/headshots/nba/latest/1040x760/97.png
101122,Danny Granger,Danny,Granger,False,https://cdn.nba.com/headshots/nba/latest/1040x760/101122.png
76847,Stewart Granger,Stewart,Granger,False,https://cdn.nba.com/headshots/nba/latest/1040x760/76847.png
258,Brian Grant,Brian,Grant,False,https://cdn.nba.com/headshots/nba/latest/1040x760/258.png
76850,Bud Grant,Bud,Grant,False,https://cdn.nba.com/headshots/nba/latest/1040x760/76850.png
202,Gary Grant,Gary,Grant,False,https://cdn.nba.com/headshots/nba/latest/1040x760/202.png
285,Greg Grant,Greg,Grant,False,https://cdn.nba.com/headshots/nba/latest/1040x760/285.png
265,Harvey Grant,Harvey,Grant,False,https://cdn.nba.com/headshots/nba/latest/1040x760/265.png
270,Horace Grant,Horace,Grant,False,https://cdn.nba.com/headshots/nba/latest/1040x760/270.png
203924,Jerami Grant,Jerami,Grant,True,https://cdn.nba.com/headshots/nba/latest/1040x760/203924.png
1626170,Jerian Grant,Jerian,Grant,False,https://cdn.nba.com/headshots/nba/latest/1040x760/1626170.png
76852,Josh Grant,Josh,Grant,False,https://cdn.nba.com/headshots/nba/latest/1040x760/76852.png
1514,Paul Grant,Paul,Grant,False,https://cdn.nba.com/headshots/nba/latest/1040x760/1514.png
76853,Travis Grant,Travis,Grant,False,https://cdn.nba.com/headshots/nba/latest/1040x760/76853.png
1629055,Donte Grantham,Donte,Grantham,False,https://cdn.nba.com/headshots/nba/latest/1040x760/1629055.png
76854,Don Grate,Don,Grate,False,https://cdn.nba.com/headshots/nba/latest/1040x760/76854.png
76855,Butch Graves,Butch,Graves,False,https://cdn.nba.com/headshots/nba/latest/1040x760/76855.png
1629755,Hassani Gravett,Hassani,Gravett,False,https://cdn.nba.com/headshots/nba/latest/1040x760/1629755.png
201189,Aaron Gray,Aaron,Gray,False,https://cdn.nba.com/headshots/nba/latest/1040x760/201189.png
1070,Devin Gray,Devin,Gray,False,https://cdn.nba.com/headshots/nba/latest/1040x760/1070.png
1516,Ed Gray,Ed,Gray,False,https://cdn.nba.com/headshots/nba/latest/1040x760/1516.png
1026,Evric Gray,Evric,Gray,False,https://cdn.nba.com/headshots/nba/latest/1040x760/1026.png
76859,Gary Gray,Gary,Gray,False,https://cdn.nba.com/headshots/nba/latest/1040x760/76859.png
1627982,Josh Gray,Josh,Gray,False,https://cdn.nba.com/headshots/nba/latest/1040x760/1627982.png
76860,Leonard Gray,Leonard,Gray,False,https://cdn.nba.com/headshots/nba/latest/1040x760/76860.png
1630564,RaiQuan Gray,RaiQuan,Gray,False,https://cdn.nba.com/headshots/nba/latest/1040x760/1630564.png
76861,Stuart Gray,Stuart,Gray,False,https://cdn.nba.com/headshots/nba/latest/1040x760/76861.png
76862,Sylvester Gray,Sylvester,Gray,False,https://cdn.nba.com/headshots/nba/latest/1040x760/76862.png
76863,Wyndol Gray,Wyndol,Gray,False,https://cdn.nba.com/headshots/nba/latest/1040x760/76863.png
81,Jeff Grayer,Jeff,Grayer,False,https://cdn.nba.com/headshots/nba/latest/1040x760/81.png
76865,Bob Greacen,Bob,Greacen,False,https://cdn.nba.com/headshots/nba/latest/1040x760/76865.png
920,A.C. Green,A.C.,Green,False,https://cdn.nba.com/headshots/nba/latest/1040x760/920.png
1631260,AJ Green,AJ,Green,True,https://cdn.nba.com/headshots/nba/latest/1040x760/1631260.png
201980,Danny Green,Danny,Green,False,https://cdn.nba.com/headshots/nba/latest/1040x760/201980.png
101209,Devin Green,Devin,Green,False,https://cdn.nba.com/headshots/nba/latest/1040x760/101209.png
203110,Draymond Green,Draymond,Green,True,https://cdn.nba.com/headshots/nba/latest/1040x760/203110.png
203475,Erick Green,Erick,Green,False,https://cdn.nba.com/headshots/nba/latest/1040x760/203475.png
101123,Gerald Green,Gerald,Green,False,https://cdn.nba.com/headshots/nba/latest/1040x760/101123.png
203210,JaMychal Green,JaMychal,Green,False,https://cdn.nba.com/headshots/nba/latest/1040x760/203210.png
1630224,Jalen Green,Jalen,Green,True,https://cdn.nba.com/headshots/nba/latest/1040x760/1630224.png
1629750,Javonte Green,Javonte,Green,True,https://cdn.nba.com/headshots/nba/latest/1040x760/1629750.png
201145,Jeff Green,Jeff,Green,True,https://cdn.nba.com/headshots/nba/latest/1040x760/201145.png
76867,Johnny Green,Johnny,Green,False,https://cdn.nba.com/headshots/nba/latest/1040x760/76867.png
1630182,Josh Green,Josh,Green,True,https://cdn.nba.com/headshots/nba/latest/1040x760/1630182.png
76868,Ken Green,Ken,Green,False,https://cdn.nba.com/headshots/nba/latest/1040x760/76868.png
76869,Kenny Green,Kenny,Green,False,https://cdn.nba.com/headshots/nba/latest/1040x760/76869.png
600011,Lamar Green,Lamar,Green,False,https://cdn.nba.com/headshots/nba/latest/1040x760/600011.png
1036,Litterial Green,Litterial,Green,False,https://cdn.nba.com/headshots/nba/latest/1040x760/1036.png
76872,Luther Green,Luther,Green,False,https://cdn.nba.com/headshots/nba/latest/1040x760/76872.png
76873,Mike Green,Mike,Green,False,https://cdn.nba.com/headshots/nba/latest/1040x760/76873.png
76874,Rickey Green,Rickey,Green,False,https://cdn.nba.com/headshots/nba/latest/1040x760/76874.png
76875,Sean Green,Sean,Green,False,https://cdn.nba.com/headshots/nba/latest/1040x760/76875.png
76877,Si Green,Si,Green,False,https://cdn.nba.com/headshots/nba/latest/1040x760/76877.png
76876,Sidney Green,Sidney,Green,False,https://cdn.nba.com/headshots/nba/latest/1040x760/76876.png
76878,Steve Green,Steve,Green,False,https://cdn.nba.com/headshots/nba/latest/1040x760/76878.png
201192,Taurean Green,Taurean,Green,False,https://cdn.nba.com/headshots/nba/latest/1040x760/201192.png
76879,Tommy Green,Tommy,Green,False,https://cdn.nba.com/headshots/nba/latest/1040x760/76879.png
2584,Willie Green,Willie,Green,False,https://cdn.nba.com/headshots/nba/latest/1040x760/2584.png
201590,Donte Greene,Donte,Greene,False,https://cdn.nba.com/headshots/nba/latest/1040x760/201590.png
101158,Orien Greene,Orien,Greene,False,https://cdn.nba.com/headshots/nba/latest/1040x760/101158.png
76880,Jerry Greenspan,Jerry,Greenspan,False,https://cdn.nba.com/headshots/nba/latest/1040x760/76880.png
76881,David Greenwood,David,Greenwood,False,https://cdn.nba.com/headshots/nba/latest/1040x760/76881.png
76882,Hal Greer,Hal,Greer,False,https://cdn.nba.com/headshots/nba/latest/1040x760/76882.png
2696,Lynn Greer,Lynn,Greer,False,https://cdn.nba.com/headshots/nba/latest/1040x760/2696.png
76883,Gary Gregor,Gary,Gregor,False,https://cdn.nba.com/headshots/nba/latest/1040x760/76883.png
76884,Claude Gregory,Claude,Gregory,False,https://cdn.nba.com/headshots/nba/latest/1040x760/76884.png
76885,John Greig,John,Greig,False,https://cdn.nba.com/headshots/nba/latest/1040x760/76885.png
76886,Norm Grekin,Norm,Grekin,False,https://cdn.nba.com/headshots/nba/latest/1040x760/76886.png
76887,Kevin Grevey,Kevin,Grevey,False,https://cdn.nba.com/headshots/nba/latest/1040x760/76887.png
1631100,AJ Griffin,AJ,Griffin,False,https://cdn.nba.com/headshots/nba/latest/1040x760/1631100.png
1559,Adrian Griffin,Adrian,Griffin,False,https://cdn.nba.com/headshots/nba/latest/1040x760/1559.png
201933,Blake Griffin,Blake,Griffin,False,https://cdn.nba.com/headshots/nba/latest/1040x760/201933.png
2204,Eddie Griffin,Eddie,Griffin,False,https://cdn.nba.com/headshots/nba/latest/1040x760/2204.png
76888,Greg Griffin,Greg,Griffin,False,https://cdn.nba.com/headshots/nba/latest/1040x760/76888.png
76889,Paul Griffin,Paul,Griffin,False,https://cdn.nba.com/headshots/nba/latest/1040x760/76889.png
201981,Taylor Griffin,Taylor,Griffin,False,https://cdn.nba.com/headshots/nba/latest/1040x760/201981.png
76890,Darrell Griffith,Darrell,Griffith,False,https://cdn.nba.com/headshots/nba/latest/1040x760/76890.png
76891,Chuck Grigsby,Chuck,Grigsby,False,https://cdn.nba.com/headshots/nba/latest/1040x760/76891.png
1629656,Quentin Grimes,Quentin,Grimes,True,https://cdn.nba.com/headshots/nba/latest/1040x760/1629656.png
1575,Derek Grimm,Derek,Grimm,False,https://cdn.nba.com/headshots/nba/latest/1040x760/1575.png
76893,George Grimshaw,George,Grimshaw,False,https://cdn.nba.com/headshots/nba/latest/1040x760/76893.png
76894,Dick Groat,Dick,Groat,False,https://cdn.nba.com/headshots/nba/latest/1040x760/76894.png
76895,Bob Gross,Bob,Gross,False,https://cdn.nba.com/headshots/nba/latest/1040x760/76895.png
76896,Jerry Grote,Jerry,Grote,False,https://cdn.nba.com/headshots/nba/latest/1040x760/76896.png
76897,Alex Groza,Alex,Groza,False,https://cdn.nba.com/headshots/nba/latest/1040x760/76897.png
101219,Anthony Grundy,Anthony,Grundy,False,https://cdn.nba.com/headshots/nba/latest/1040x760/101219.png
76899,Ernie Grunfeld,Ernie,Grunfeld,False,https://cdn.nba.com/headshots/nba/latest/1040x760/76899.png
76900,Gene Guarilia,Gene,Guarilia,False,https://cdn.nba.com/headshots/nba/latest/1040x760/76900.png
76901,Petur Gudmundsson,Petur,Gudmundsson,False,https://cdn.nba.com/headshots/nba/latest/1040x760/76901.png
1629741,Marko Guduric,Marko,Guduric,False,https://cdn.nba.com/headshots/nba/latest/1040x760/1629741.png
76902,Richie Guerin,Richie,Guerin,False,https://cdn.nba.com/headshots/nba/latest/1040x760/76902.png
1631338,Mouhamadou Gueye,Mouhamadou,Gueye,False,https://cdn.nba.com/headshots/nba/latest/1040x760/1631338.png
1631243,Mouhamed Gueye,Mouhamed,Gueye,True,https://cdn.nba.com/headshots/nba/latest/1040x760/1631243.png
339,Tom Gugliotta,Tom,Gugliotta,False,https://cdn.nba.com/headshots/nba/latest/1040x760/339.png
76903,Andres Guibert,Andres,Guibert,False,https://cdn.nba.com/headshots/nba/latest/1040x760/76903.png
76904,Jay Guidinger,Jay,Guidinger,False,https://cdn.nba.com/headshots/nba/latest/1040x760/76904.png
76905,Coulby Gunther,Coulby,Gunther,False,https://cdn.nba.com/headshots/nba/latest/1040x760/76905.png
76906,Dave Gunther,Dave,Gunther,False,https://cdn.nba.com/headshots/nba/latest/1040x760/76906.png
76907,Al Guokas,Al,Guokas,False,https://cdn.nba.com/headshots/nba/latest/1040x760/76907.png
76908,Matt Guokas,Matt,Guokas,False,https://cdn.nba.com/headshots/nba/latest/1040x760/76908.png
76909,Matt Guokas,Matt,Guokas,False,https://cdn.nba.com/headshots/nba/latest/1040x760/76909.png
203268,Jorge Gutierrez,Jorge,Gutierrez,False,https://cdn.nba.com/headshots/nba/latest/1040x760/203268.png
1629657,Kyle Guy,Kyle,Guy,False,https://cdn.nba.com/headshots/nba/latest/1040x760/1629657.png
2062,A.J. Guyton,A.J.,Guyton,False,https://cdn.nba.com/headshots/nba/latest/1040x760/2062.png
2775,Ha Seung-jin,,Ha Seung-jin,False,https://cdn.nba.com/headshots/nba/latest/1040x760/2775.png
1629060,Rui Hachimura,Rui,Hachimura,True,https://cdn.nba.com/headshots/nba/latest/1040x760/1629060.png
76910,Rudy Hackett,Rudy,Hackett,False,https://cdn.nba.com/headshots/nba/latest/1040x760/76910.png
201632,Hamed Haddadi,Hamed,Haddadi,False,https://cdn.nba.com/headshots/nba/latest/1040x760/201632.png
76911,Scott Haffner,Scott,Haffner,False,https://cdn.nba.com/headshots/nba/latest/1040x760/76911.png
76912,Cliff Hagan,Cliff,Hagan,False,https://cdn.nba.com/headshots/nba/latest/1040x760/76912.png
76913,Glenn Hagan,Glenn,Hagan,False,https://cdn.nba.com/headshots/nba/latest/1040x760/76913.png
1630204,Ashton Hagans,Ashton,Hagans,False,https://cdn.nba.com/headshots/nba/latest/1040x760/1630204.png
76914,Bob Hahn,Bob,Hahn,False,https://cdn.nba.com/headshots/nba/latest/1040x760/76914.png
76915,Al Hairston,Al,Hairston,False,https://cdn.nba.com/headshots/nba/latest/1040x760/76915.png
76916,Happy Hairston,Happy,Hairston,False,https://cdn.nba.com/headshots/nba/latest/1040x760/76916.png
76917,Lindsay Hairston,Lindsay,Hairston,False,https://cdn.nba.com/headshots/nba/latest/1040x760/76917.png
201612,Malik Hairston,Malik,Hairston,False,https://cdn.nba.com/headshots/nba/latest/1040x760/201612.png
203798,PJ Hairston,PJ,Hairston,False,https://cdn.nba.com/headshots/nba/latest/1040x760/203798.png
2409,Marcus Haislip,Marcus,Haislip,False,https://cdn.nba.com/headshots/nba/latest/1040x760/2409.png
76918,Chuck Halbert,Chuck,Halbert,False,https://cdn.nba.com/headshots/nba/latest/1040x760/76918.png
76919,Harvey Halbrook,Harvey,Halbrook,False,https://cdn.nba.com/headshots/nba/latest/1040x760/76919.png
76920,Bruce Hale,Bruce,Hale,False,https://cdn.nba.com/headshots/nba/latest/1040x760/76920.png
917,Jack Haley,Jack,Haley,False,https://cdn.nba.com/headshots/nba/latest/1040x760/917.png
1630169,Tyrese Haliburton,Tyrese,Haliburton,True,https://cdn.nba.com/headshots/nba/latest/1040x760/1630169.png
76922,Shaler Halimon,Shaler,Halimon,False,https://cdn.nba.com/headshots/nba/latest/1040x760/76922.png
1628985,Devon Hall,Devon,Hall,False,https://cdn.nba.com/headshots/nba/latest/1040x760/1628985.png
1629743,Donta Hall,Donta,Hall,False,https://cdn.nba.com/headshots/nba/latest/1040x760/1629743.png
1631160,Jordan Hall,Jordan,Hall,False,https://cdn.nba.com/headshots/nba/latest/1040x760/1631160.png
1630221,Josh Hall,Josh,Hall,False,https://cdn.nba.com/headshots/nba/latest/1040x760/1630221.png
200837,Mike Hall,Mike,Hall,False,https://cdn.nba.com/headshots/nba/latest/1040x760/200837.png
1641790,PJ Hall,PJ,Hall,True,https://cdn.nba.com/headshots/nba/latest/1040x760/1641790.png
1629788,Tyler Hall,Tyler,Hall,False,https://cdn.nba.com/headshots/nba/latest/1040x760/1629788.png
76923,Jeff Halliburton,Jeff,Halliburton,False,https://cdn.nba.com/headshots/nba/latest/1040x760/76923.png
1032,Darvin Ham,Darvin,Ham,False,https://cdn.nba.com/headshots/nba/latest/1040x760/1032.png
984,Steve Hamer,Steve,Hamer,False,https://cdn.nba.com/headshots/nba/latest/1040x760/984.png
76925,Dale Hamilton,Dale,Hamilton,False,https://cdn.nba.com/headshots/nba/latest/1040x760/76925.png
1627772,Daniel Hamilton,Daniel,Hamilton,False,https://cdn.nba.com/headshots/nba/latest/1040x760/1627772.png
76926,Dennis Hamilton,Dennis,Hamilton,False,https://cdn.nba.com/headshots/nba/latest/1040x760/76926.png
202706,Jordan Hamilton,Jordan,Hamilton,False,https://cdn.nba.com/headshots/nba/latest/1040x760/202706.png
203120,Justin Hamilton,Justin,Hamilton,False,https://cdn.nba.com/headshots/nba/latest/1040x760/203120.png
76927,Ralph Hamilton,Ralph,Hamilton,False,https://cdn.nba.com/headshots/nba/latest/1040x760/76927.png
1888,Richard Hamilton,Richard,Hamilton,False,https://cdn.nba.com/headshots/nba/latest/1040x760/1888.png
76928,Roylee Hamilton,Roylee,Hamilton,False,https://cdn.nba.com/headshots/nba/latest/1040x760/76928.png
76929,Steve Hamilton,Steve,Hamilton,False,https://cdn.nba.com/headshots/nba/latest/1040x760/76929.png
2347,Tang Hamilton,Tang,Hamilton,False,https://cdn.nba.com/headshots/nba/latest/1040x760/2347.png
676,Thomas Hamilton,Thomas,Hamilton,False,https://cdn.nba.com/headshots/nba/latest/1040x760/676.png
1985,Zendon Hamilton,Zendon,Hamilton,False,https://cdn.nba.com/headshots/nba/latest/1040x760/1985.png
903,Geert Hammink,Geert,Hammink,False,https://cdn.nba.com/headshots/nba/latest/1040x760/903.png
67,Tom Hammonds,Tom,Hammonds,False,https://cdn.nba.com/headshots/nba/latest/1040x760/67.png
1627773,AJ Hammons,AJ,Hammons,False,https://cdn.nba.com/headshots/nba/latest/1040x760/1627773.png
1630181,R.J. Hampton,R.J.,Hampton,False,https://cdn.nba.com/headshots/nba/latest/1040x760/1630181.png
241,Darrin Hancock,Darrin,Hancock,False,https://cdn.nba.com/headshots/nba/latest/1040x760/241.png
1052,Ben Handlogten,Ben,Handlogten,False,https://cdn.nba.com/headshots/nba/latest/1040x760/1052.png
76935,Cecil Hankins,Cecil,Hankins,False,https://cdn.nba.com/headshots/nba/latest/1040x760/76935.png
76936,Phil Hankinson,Phil,Hankinson,False,https://cdn.nba.com/headshots/nba/latest/1040x760/76936.png
1628605,Dusty Hannahs,Dusty,Hannahs,False,https://cdn.nba.com/headshots/nba/latest/1040x760/1628605.png
76937,Alex Hannum,Alex,Hannum,False,https://cdn.nba.com/headshots/nba/latest/1040x760/76937.png
76938,Don Hanrahan,Don,Hanrahan,False,https://cdn.nba.com/headshots/nba/latest/1040x760/76938.png
76939,Rollen Hans,Rollen,Hans,False,https://cdn.nba.com/headshots/nba/latest/1040x760/76939.png
203162,Ben Hansbrough,Ben,Hansbrough,False,https://cdn.nba.com/headshots/nba/latest/1040x760/203162.png
201946,Tyler Hansbrough,Tyler,Hansbrough,False,https://cdn.nba.com/headshots/nba/latest/1040x760/201946.png
76942,Bob Hansen,Bob,Hansen,False,https://cdn.nba.com/headshots/nba/latest/1040x760/76942.png
76940,Glenn Hansen,Glenn,Hansen,False,https://cdn.nba.com/headshots/nba/latest/1040x760/76940.png
76941,Lars Hansen,Lars,Hansen,False,https://cdn.nba.com/headshots/nba/latest/1040x760/76941.png
2580,Travis Hansen,Travis,Hansen,False,https://cdn.nba.com/headshots/nba/latest/1040x760/2580.png
1682,Reggie Hanson,Reggie,Hanson,False,https://cdn.nba.com/headshots/nba/latest/1040x760/1682.png
76944,Bill Hanzlik,Bill,Hanzlik,False,https://cdn.nba.com/headshots/nba/latest/1040x760/76944.png
202376,Luke Harangody,Luke,Harangody,False,https://cdn.nba.com/headshots/nba/latest/1040x760/202376.png
358,Anfernee Hardaway,Anfernee,Hardaway,False,https://cdn.nba.com/headshots/nba/latest/1040x760/358.png
896,Tim Hardaway,Tim,Hardaway,False,https://cdn.nba.com/headshots/nba/latest/1040x760/896.png
203501,Tim Hardaway Jr.,Tim,Hardaway Jr.,True,https://cdn.nba.com/headshots/nba/latest/1040x760/203501.png
201935,James Harden,James,Harden,True,https://cdn.nba.com/headshots/nba/latest/1040x760/201935.png
76945,Reggie Harding,Reggie,Harding,False,https://cdn.nba.com/headshots/nba/latest/1040x760/76945.png
76946,Charlie Hardnett,Charlie,Hardnett,False,https://cdn.nba.com/headshots/nba/latest/1040x760/76946.png
76947,Alan Hardy,Alan,Hardy,False,https://cdn.nba.com/headshots/nba/latest/1040x760/76947.png
1630702,Jaden Hardy,Jaden,Hardy,True,https://cdn.nba.com/headshots/nba/latest/1040x760/1630702.png
76948,James Hardy,James,Hardy,False,https://cdn.nba.com/headshots/nba/latest/1040x760/76948.png
76949,John Hargis,John,Hargis,False,https://cdn.nba.com/headshots/nba/latest/1040x760/76949.png
1641989,Elijah Harkless,Elijah,Harkless,True,https://cdn.nba.com/headshots/nba/latest/1040x760/1641989.png
203090,Maurice Harkless,Maurice,Harkless,False,https://cdn.nba.com/headshots/nba/latest/1040x760/203090.png
76950,Jerry Harkness,Jerry,Harkness,False,https://cdn.nba.com/headshots/nba/latest/1040x760/76950.png
76951,Skip Harlicka,Skip,Harlicka,False,https://cdn.nba.com/headshots/nba/latest/1040x760/76951.png
76952,Jerome Harmon,Jerome,Harmon,False,https://cdn.nba.com/headshots/nba/latest/1040x760/76952.png
157,Derek Harper,Derek,Harper,False,https://cdn.nba.com/headshots/nba/latest/1040x760/157.png
1629607,Jared Harper,Jared,Harper,False,https://cdn.nba.com/headshots/nba/latest/1040x760/1629607.png
202712,Justin Harper,Justin,Harper,False,https://cdn.nba.com/headshots/nba/latest/1040x760/202712.png
76954,Mike Harper,Mike,Harper,False,https://cdn.nba.com/headshots/nba/latest/1040x760/76954.png
166,Ron Harper,Ron,Harper,False,https://cdn.nba.com/headshots/nba/latest/1040x760/166.png
1631199,Ron Harper Jr.,Ron,Harper Jr.,True,https://cdn.nba.com/headshots/nba/latest/1040x760/1631199.png
1723,Matt Harpring,Matt,Harpring,False,https://cdn.nba.com/headshots/nba/latest/1040x760/1723.png
1626149,Montrezl Harrell,Montrezl,Harrell,False,https://cdn.nba.com/headshots/nba/latest/1040x760/1626149.png
202725,Josh Harrellson,Josh,Harrellson,False,https://cdn.nba.com/headshots/nba/latest/1040x760/202725.png
2492,Adam Harrington,Adam,Harrington,False,https://cdn.nba.com/headshots/nba/latest/1040x760/2492.png
1733,Al Harrington,Al,Harrington,False,https://cdn.nba.com/headshots/nba/latest/1040x760/1733.png
2454,Junior Harrington,Junior,Harrington,False,https://cdn.nba.com/headshots/nba/latest/1040x760/2454.png
970,Othella Harrington,Othella,Harrington,False,https://cdn.nba.com/headshots/nba/latest/1040x760/970.png
76956,Art Harris,Art,Harris,False,https://cdn.nba.com/headshots/nba/latest/1040x760/76956.png
76957,Bernie Harris,Bernie,Harris,False,https://cdn.nba.com/headshots/nba/latest/1040x760/76957.png
76959,Bob Harris,Bob,Harris,False,https://cdn.nba.com/headshots/nba/latest/1040x760/76959.png
76958,Chris Harris,Chris,Harris,False,https://cdn.nba.com/headshots/nba/latest/1040x760/76958.png
2734,Devin Harris,Devin,Harris,False,https://cdn.nba.com/headshots/nba/latest/1040x760/2734.png
203548,Elias Harris,Elias,Harris,False,https://cdn.nba.com/headshots/nba/latest/1040x760/203548.png
203914,Gary Harris,Gary,Harris,True,https://cdn.nba.com/headshots/nba/latest/1040x760/203914.png
1630223,Jalen Harris,Jalen,Harris,False,https://cdn.nba.com/headshots/nba/latest/1040x760/1630223.png
203925,Joe Harris,Joe,Harris,False,https://cdn.nba.com/headshots/nba/latest/1040x760/203925.png
1630284,Kevon Harris,Kevon,Harris,False,https://cdn.nba.com/headshots/nba/latest/1040x760/1630284.png
446,Lucious Harris,Lucious,Harris,False,https://cdn.nba.com/headshots/nba/latest/1040x760/446.png
202412,Manny Harris,Manny,Harris,False,https://cdn.nba.com/headshots/nba/latest/1040x760/202412.png
200839,Mike Harris,Mike,Harris,False,https://cdn.nba.com/headshots/nba/latest/1040x760/200839.png
76960,Steve Harris,Steve,Harris,False,https://cdn.nba.com/headshots/nba/latest/1040x760/76960.png
202227,Terrel Harris,Terrel,Harris,False,https://cdn.nba.com/headshots/nba/latest/1040x760/202227.png
202699,Tobias Harris,Tobias,Harris,True,https://cdn.nba.com/headshots/nba/latest/1040x760/202699.png
76961,Tony Harris,Tony,Harris,False,https://cdn.nba.com/headshots/nba/latest/1040x760/76961.png
1626151,Aaron Harrison,Aaron,Harrison,False,https://cdn.nba.com/headshots/nba/latest/1040x760/1626151.png
1626150,Andrew Harrison,Andrew,Harrison,False,https://cdn.nba.com/headshots/nba/latest/1040x760/1626150.png
76962,Bob Harrison,Bob,Harrison,False,https://cdn.nba.com/headshots/nba/latest/1040x760/76962.png
2758,David Harrison,David,Harrison,False,https://cdn.nba.com/headshots/nba/latest/1040x760/2758.png
1627885,Shaquille Harrison,Shaquille,Harrison,False,https://cdn.nba.com/headshots/nba/latest/1040x760/1627885.png
2078,Jason Hart,Jason,Hart,False,https://cdn.nba.com/headshots/nba/latest/1040x760/2078.png
1628404,Josh Hart,Josh,Hart,True,https://cdn.nba.com/headshots/nba/latest/1040x760/1628404.png
1628392,Isaiah Hartenstein,Isaiah,Hartenstein,True,https://cdn.nba.com/headshots/nba/latest/1040x760/1628392.png
176,Antonio Harvey,Antonio,Harvey,False,https://cdn.nba.com/headshots/nba/latest/1040x760/176.png
2051,Donnell Harvey,Donnell,Harvey,False,https://cdn.nba.com/headshots/nba/latest/1040x760/2051.png
202238,Kenny Hasbrouck,Kenny,Hasbrouck,False,https://cdn.nba.com/headshots/nba/latest/1040x760/202238.png
321,Scott Haskin,Scott,Haskin,False,https://cdn.nba.com/headshots/nba/latest/1040x760/321.png
76965,Clem Haskins,Clem,Haskins,False,https://cdn.nba.com/headshots/nba/latest/1040x760/76965.png
2617,Udonis Haslem,Udonis,Haslem,False,https://cdn.nba.com/headshots/nba/latest/1040x760/2617.png
2239,Trenton Hassell,Trenton,Hassell,False,https://cdn.nba.com/headshots/nba/latest/1040x760/2239.png
76967,Billy Hassett,Billy,Hassett,False,https://cdn.nba.com/headshots/nba/latest/1040x760/76967.png
76966,Joey Hassett,Joey,Hassett,False,https://cdn.nba.com/headshots/nba/latest/1040x760/76966.png
76968,Scott Hastings,Scott,Hastings,False,https://cdn.nba.com/headshots/nba/latest/1040x760/76968.png
2213,Kirk Haston,Kirk,Haston,False,https://cdn.nba.com/headshots/nba/latest/1040x760/2213.png
76969,Vern Hatton,Vern,Hatton,False,https://cdn.nba.com/headshots/nba/latest/1040x760/76969.png
1630573,Sam Hauser,Sam,Hauser,True,https://cdn.nba.com/headshots/nba/latest/1040x760/1630573.png
76970,John Havlicek,John,Havlicek,False,https://cdn.nba.com/headshots/nba/latest/1040x760/76970.png
201150,Spencer Hawes,Spencer,Hawes,False,https://cdn.nba.com/headshots/nba/latest/1040x760/201150.png
76971,Steve Hawes,Steve,Hawes,False,https://cdn.nba.com/headshots/nba/latest/1040x760/76971.png
76972,Connie Hawkins,Connie,Hawkins,False,https://cdn.nba.com/headshots/nba/latest/1040x760/76972.png
765,Hersey Hawkins,Hersey,Hawkins,False,https://cdn.nba.com/headshots/nba/latest/1040x760/765.png
1641722,Jordan Hawkins,Jordan,Hawkins,True,https://cdn.nba.com/headshots/nba/latest/1040x760/1641722.png
1038,Juaquin Hawkins,Juaquin,Hawkins,False,https://cdn.nba.com/headshots/nba/latest/1040x760/1038.png
76974,Marshall Hawkins,Marshall,Hawkins,False,https://cdn.nba.com/headshots/nba/latest/1040x760/76974.png
1138,Michael Hawkins,Michael,Hawkins,False,https://cdn.nba.com/headshots/nba/latest/1040x760/1138.png
76975,Robert Hawkins,Robert,Hawkins,False,https://cdn.nba.com/headshots/nba/latest/1040x760/76975.png
76977,Tom Hawkins,Tom,Hawkins,False,https://cdn.nba.com/headshots/nba/latest/1040x760/76977.png
76978,Nate Hawthorne,Nate,Hawthorne,False,https://cdn.nba.com/headshots/nba/latest/1040x760/76978.png
101236,Chuck Hayes,Chuck,Hayes,False,https://cdn.nba.com/headshots/nba/latest/1040x760/101236.png
76979,Elvin Hayes,Elvin,Hayes,False,https://cdn.nba.com/headshots/nba/latest/1040x760/76979.png
2553,Jarvis Hayes,Jarvis,Hayes,False,https://cdn.nba.com/headshots/nba/latest/1040x760/2553.png
1629637,Jaxson Hayes,Jaxson,Hayes,True,https://cdn.nba.com/headshots/nba/latest/1040x760/1629637.png
1630165,Killian Hayes,Killian,Hayes,True,https://cdn.nba.com/headshots/nba/latest/1040x760/1630165.png
1628502,Nigel Hayes,Nigel,Hayes,False,https://cdn.nba.com/headshots/nba/latest/1040x760/1628502.png
76980,Steve Hayes,Steve,Hayes,False,https://cdn.nba.com/headshots/nba/latest/1040x760/76980.png
202330,Gordon Hayward,Gordon,Hayward,False,https://cdn.nba.com/headshots/nba/latest/1040x760/202330.png
202351,Lazar Hayward,Lazar,Hayward,False,https://cdn.nba.com/headshots/nba/latest/1040x760/202351.png
2217,Brendan Haywood,Brendan,Haywood,False,https://cdn.nba.com/headshots/nba/latest/1040x760/2217.png
76981,Spencer Haywood,Spencer,Haywood,False,https://cdn.nba.com/headshots/nba/latest/1040x760/76981.png
76982,John W. Hazen,John W.,Hazen,False,https://cdn.nba.com/headshots/nba/latest/1040x760/76982.png
76983,Walt Hazzard,Walt,Hazzard,False,https://cdn.nba.com/headshots/nba/latest/1040x760/76983.png
101129,Luther Head,Luther,Head,False,https://cdn.nba.com/headshots/nba/latest/1040x760/101129.png
1049,Shane Heal,Shane,Heal,False,https://cdn.nba.com/headshots/nba/latest/1040x760/1049.png
76984,Brian Heaney,Brian,Heaney,False,https://cdn.nba.com/headshots/nba/latest/1040x760/76984.png
76985,Garfield Heard,Garfield,Heard,False,https://cdn.nba.com/headshots/nba/latest/1040x760/76985.png
203687,Reggie Hearn,Reggie,Hearn,False,https://cdn.nba.com/headshots/nba/latest/1040x760/203687.png
76986,Herm Hedderick,Herm,Hedderick,False,https://cdn.nba.com/headshots/nba/latest/1040x760/76986.png
76987,Alvin Heggs,Alvin,Heggs,False,https://cdn.nba.com/headshots/nba/latest/1040x760/76987.png
76988,Tom Heinsohn,Tom,Heinsohn,False,https://cdn.nba.com/headshots/nba/latest/1040x760/76988.png
76989,Dick Hemric,Dick,Hemric,False,https://cdn.nba.com/headshots/nba/latest/1040x760/76989.png
673,Alan Henderson,Alan,Henderson,False,https://cdn.nba.com/headshots/nba/latest/1040x760/673.png
1538,Cedric Henderson,Cedric,Henderson,False,https://cdn.nba.com/headshots/nba/latest/1040x760/1538.png
76990,Cedric Henderson,Cedric,Henderson,False,https://cdn.nba.com/headshots/nba/latest/1040x760/76990.png
76991,Dave Henderson,Dave,Henderson,False,https://cdn.nba.com/headshots/nba/latest/1040x760/76991.png
76993,Gerald Henderson,Gerald,Henderson,False,https://cdn.nba.com/headshots/nba/latest/1040x760/76993.png
201945,Gerald Henderson,Gerald,Henderson,False,https://cdn.nba.com/headshots/nba/latest/1040x760/201945.png
1764,J.R. Henderson,J.R.,Henderson,False,https://cdn.nba.com/headshots/nba/latest/1040x760/1764.png
76992,Jerome Henderson,Jerome,Henderson,False,https://cdn.nba.com/headshots/nba/latest/1040x760/76992.png
76994,Kevin Henderson,Kevin,Henderson,False,https://cdn.nba.com/headshots/nba/latest/1040x760/76994.png
1630703,Scoot Henderson,Scoot,Henderson,True,https://cdn.nba.com/headshots/nba/latest/1040x760/1630703.png
76996,Tom Henderson,Tom,Henderson,False,https://cdn.nba.com/headshots/nba/latest/1040x760/76996.png
1641707,Taylor Hendricks,Taylor,Hendricks,True,https://cdn.nba.com/headshots/nba/latest/1040x760/1641707.png
971,Mark Hendrickson,Mark,Hendrickson,False,https://cdn.nba.com/headshots/nba/latest/1040x760/971.png
76998,Larry Hennessy,Larry,Hennessy,False,https://cdn.nba.com/headshots/nba/latest/1040x760/76998.png
76999,Don Henriksen,Don,Henriksen,False,https://cdn.nba.com/headshots/nba/latest/1040x760/76999.png
1630565,Aaron Henry,Aaron,Henry,False,https://cdn.nba.com/headshots/nba/latest/1040x760/1630565.png
77000,Al Henry,Al,Henry,False,https://cdn.nba.com/headshots/nba/latest/1040x760/77000.png
77004,Bill Henry,Bill,Henry,False,https://cdn.nba.com/headshots/nba/latest/1040x760/77004.png
77001,Carl Henry,Carl,Henry,False,https://cdn.nba.com/headshots/nba/latest/1040x760/77001.png
77002,Conner Henry,Conner,Henry,False,https://cdn.nba.com/headshots/nba/latest/1040x760/77002.png
1627988,Myke Henry,Myke,Henry,False,https://cdn.nba.com/headshots/nba/latest/1040x760/1627988.png
77003,Skeeter Henry,Skeeter,Henry,False,https://cdn.nba.com/headshots/nba/latest/1040x760/77003.png
202333,Xavier Henry,Xavier,Henry,False,https://cdn.nba.com/headshots/nba/latest/1040x760/202333.png
203089,John Henson,John,Henson,False,https://cdn.nba.com/headshots/nba/latest/1040x760/203089.png
1667,Steve Henson,Steve,Henson,False,https://cdn.nba.com/headshots/nba/latest/1040x760/1667.png
77006,Bill Herman,Bill,Herman,False,https://cdn.nba.com/headshots/nba/latest/1040x760/77006.png
77007,Clarence Hermsen,Clarence,Hermsen,False,https://cdn.nba.com/headshots/nba/latest/1040x760/77007.png
1629608,Dewan Hernandez,Dewan,Hernandez,False,https://cdn.nba.com/headshots/nba/latest/1040x760/1629608.png
1627823,Juancho Hernangomez,Juancho,Hernangomez,False,https://cdn.nba.com/headshots/nba/latest/1040x760/1627823.png
1626195,Willy Hernangomez,Willy,Hernangomez,False,https://cdn.nba.com/headshots/nba/latest/1040x760/1626195.png
1914,Chris Herren,Chris,Herren,False,https://cdn.nba.com/headshots/nba/latest/1040x760/1914.png
61,Carl Herrera,Carl,Herrera,False,https://cdn.nba.com/headshots/nba/latest/1040x760/61.png
200835,Walter Herrmann,Walter,Herrmann,False,https://cdn.nba.com/headshots/nba/latest/1040x760/200835.png
1629639,Tyler Herro,Tyler,Herro,True,https://cdn.nba.com/headshots/nba/latest/1040x760/1629639.png
77010,Keith Herron,Keith,Herron,False,https://cdn.nba.com/headshots/nba/latest/1040x760/77010.png
77011,Sidney Hertzberg,Sidney,Hertzberg,False,https://cdn.nba.com/headshots/nba/latest/1040x760/77011.png
1628987,Kevin Hervey,Kevin,Hervey,False,https://cdn.nba.com/headshots/nba/latest/1040x760/1628987.png
77012,Fred Hetzel,Fred,Hetzel,False,https://cdn.nba.com/headshots/nba/latest/1040x760/77012.png
77013,Bill Hewitt,Bill,Hewitt,False,https://cdn.nba.com/headshots/nba/latest/1040x760/77013.png
77014,Jack Hewson,Jack,Hewson,False,https://cdn.nba.com/headshots/nba/latest/1040x760/77014.png
77015,Art Heyman,Art,Heyman,False,https://cdn.nba.com/headshots/nba/latest/1040x760/77015.png
1626209,Mario Hezonja,Mario,Hezonja,False,https://cdn.nba.com/headshots/nba/latest/1040x760/1626209.png
201579,Roy Hibbert,Roy,Hibbert,False,https://cdn.nba.com/headshots/nba/latest/1040x760/201579.png
77016,Matthew Hickey,Matthew,Hickey,False,https://cdn.nba.com/headshots/nba/latest/1040x760/77016.png
1628439,Isaiah Hicks,Isaiah,Hicks,False,https://cdn.nba.com/headshots/nba/latest/1040x760/1628439.png
77017,Phil Hicks,Phil,Hicks,False,https://cdn.nba.com/headshots/nba/latest/1040x760/77017.png
201581,JJ Hickson,JJ,Hickson,False,https://cdn.nba.com/headshots/nba/latest/1040x760/201581.png
1627741,Buddy Hield,Buddy,Hield,True,https://cdn.nba.com/headshots/nba/latest/1040x760/1627741.png
202809,Cory Higgins,Cory,Higgins,False,https://cdn.nba.com/headshots/nba/latest/1040x760/202809.png
1848,Mike Higgins,Mike,Higgins,False,https://cdn.nba.com/headshots/nba/latest/1040x760/1848.png
77019,Rod Higgins,Rod,Higgins,False,https://cdn.nba.com/headshots/nba/latest/1040x760/77019.png
925,Sean Higgins,Sean,Higgins,False,https://cdn.nba.com/headshots/nba/latest/1040x760/925.png
77021,Kenny Higgs,Kenny,Higgs,False,https://cdn.nba.com/headshots/nba/latest/1040x760/77021.png
77022,Johnny High,Johnny,High,False,https://cdn.nba.com/headshots/nba/latest/1040x760/77022.png
1629312,Haywood Highsmith,Haywood,Highsmith,True,https://cdn.nba.com/headshots/nba/latest/1040x760/1629312.png
77023,Wayne Hightower,Wayne,Hightower,False,https://cdn.nba.com/headshots/nba/latest/1040x760/77023.png
77024,Armond Hill,Armond,Hill,False,https://cdn.nba.com/headshots/nba/latest/1040x760/77024.png
77025,Cleo Hill,Cleo,Hill,False,https://cdn.nba.com/headshots/nba/latest/1040x760/77025.png
77026,Gary Hill,Gary,Hill,False,https://cdn.nba.com/headshots/nba/latest/1040x760/77026.png
201588,George Hill,George,Hill,False,https://cdn.nba.com/headshots/nba/latest/1040x760/201588.png
255,Grant Hill,Grant,Hill,False,https://cdn.nba.com/headshots/nba/latest/1040x760/255.png
201195,Herbert Hill,Herbert,Hill,False,https://cdn.nba.com/headshots/nba/latest/1040x760/201195.png
201941,Jordan Hill,Jordan,Hill,False,https://cdn.nba.com/headshots/nba/latest/1040x760/201941.png
1630792,Malcolm Hill,Malcolm,Hill,False,https://cdn.nba.com/headshots/nba/latest/1040x760/1630792.png
203524,Solomon Hill,Solomon,Hill,False,https://cdn.nba.com/headshots/nba/latest/1040x760/203524.png
201631,Steven Hill,Steven,Hill,False,https://cdn.nba.com/headshots/nba/latest/1040x760/201631.png
238,Tyrone Hill,Tyrone,Hill,False,https://cdn.nba.com/headshots/nba/latest/1040x760/238.png
77027,Art Hillhouse,Art,Hillhouse,False,https://cdn.nba.com/headshots/nba/latest/1040x760/77027.png
1626199,Darrun Hilliard,Darrun,Hilliard,False,https://cdn.nba.com/headshots/nba/latest/1040x760/1626199.png
77028,Darnell Hillman,Darnell,Hillman,False,https://cdn.nba.com/headshots/nba/latest/1040x760/77028.png
77029,Fred Hilton,Fred,Hilton,False,https://cdn.nba.com/headshots/nba/latest/1040x760/77029.png
2550,Kirk Hinrich,Kirk,Hinrich,False,https://cdn.nba.com/headshots/nba/latest/1040x760/2550.png
77030,Roy Hinson,Roy,Hinson,False,https://cdn.nba.com/headshots/nba/latest/1040x760/77030.png
1630207,Nate Hinton,Nate,Hinton,False,https://cdn.nba.com/headshots/nba/latest/1040x760/1630207.png
77031,Mel Hirsch,Mel,Hirsch,False,https://cdn.nba.com/headshots/nba/latest/1040x760/77031.png
77032,Lew Hitch,Lew,Hitch,False,https://cdn.nba.com/headshots/nba/latest/1040x760/77032.png
200823,Robert Hite,Robert,Hite,False,https://cdn.nba.com/headshots/nba/latest/1040x760/200823.png
1629658,Jaylen Hoard,Jaylen,Hoard,False,https://cdn.nba.com/headshots/nba/latest/1040x760/1629658.png
202359,Darington Hobson,Darington,Hobson,False,https://cdn.nba.com/headshots/nba/latest/1040x760/202359.png
1641793,D'Moi Hodge,D'Moi,Hodge,False,https://cdn.nba.com/headshots/nba/latest/1040x760/1641793.png
1106,Donald Hodge,Donald,Hodge,False,https://cdn.nba.com/headshots/nba/latest/1040x760/1106.png
101125,Julius Hodge,Julius,Hodge,False,https://cdn.nba.com/headshots/nba/latest/1040x760/101125.png
77034,Craig Hodges,Craig,Hodges,False,https://cdn.nba.com/headshots/nba/latest/1040x760/77034.png
77035,Adolph Hoefer,Adolph,Hoefer,False,https://cdn.nba.com/headshots/nba/latest/1040x760/77035.png
77036,Paul 'The Bear' Hoffman,Paul 'The Bear',Hoffman,False,https://cdn.nba.com/headshots/nba/latest/1040x760/77036.png
77037,Bob Hogsett,Bob,Hogsett,False,https://cdn.nba.com/headshots/nba/latest/1040x760/77037.png
77038,Paul Hogue,Paul,Hogue,False,https://cdn.nba.com/headshots/nba/latest/1040x760/77038.png
697,Fred Hoiberg,Fred,Hoiberg,False,https://cdn.nba.com/headshots/nba/latest/1040x760/697.png
77039,Doug Holcomb,Doug,Holcomb,False,https://cdn.nba.com/headshots/nba/latest/1040x760/77039.png
2450,Randy Holcomb,Randy,Holcomb,False,https://cdn.nba.com/headshots/nba/latest/1040x760/2450.png
1628988,Aaron Holiday,Aaron,Holiday,True,https://cdn.nba.com/headshots/nba/latest/1040x760/1628988.png
201950,Jrue Holiday,Jrue,Holiday,True,https://cdn.nba.com/headshots/nba/latest/1040x760/201950.png
203200,Justin Holiday,Justin,Holiday,False,https://cdn.nba.com/headshots/nba/latest/1040x760/203200.png
77040,Brad Holland,Brad,Holland,False,https://cdn.nba.com/headshots/nba/latest/1040x760/77040.png
77041,Joe Holland,Joe,Holland,False,https://cdn.nba.com/headshots/nba/latest/1040x760/77041.png
204066,John Holland,John,Holland,False,https://cdn.nba.com/headshots/nba/latest/1040x760/204066.png
77042,Wilbur Holland,Wilbur,Holland,False,https://cdn.nba.com/headshots/nba/latest/1040x760/77042.png
1641842,Ronald Holland II,Ronald,Holland II,True,https://cdn.nba.com/headshots/nba/latest/1040x760/1641842.png
77043,Lionel Hollins,Lionel,Hollins,False,https://cdn.nba.com/headshots/nba/latest/1040x760/77043.png
200797,Ryan Hollins,Ryan,Hollins,False,https://cdn.nba.com/headshots/nba/latest/1040x760/200797.png
77044,Essie Hollis,Essie,Hollis,False,https://cdn.nba.com/headshots/nba/latest/1040x760/77044.png
1626178,Rondae Hollis-Jefferson,Rondae,Hollis-Jefferson,False,https://cdn.nba.com/headshots/nba/latest/1040x760/1626178.png
1626158,Richaun Holmes,Richaun,Holmes,True,https://cdn.nba.com/headshots/nba/latest/1040x760/1626158.png
1641747,DaRon Holmes II,DaRon,Holmes II,True,https://cdn.nba.com/headshots/nba/latest/1040x760/1641747.png
1631096,Chet Holmgren,Chet,Holmgren,True,https://cdn.nba.com/headshots/nba/latest/1040x760/1631096.png
77045,Jim Holstein,Jim,Holstein,False,https://cdn.nba.com/headshots/nba/latest/1040x760/77045.png
77046,Alvin Holt,Alvin,Holt,False,https://cdn.nba.com/headshots/nba/latest/1040x760/77046.png
77047,Michael Holton,Michael,Holton,False,https://cdn.nba.com/headshots/nba/latest/1040x760/77047.png
77048,Dick Holub,Dick,Holub,False,https://cdn.nba.com/headshots/nba/latest/1040x760/77048.png
77049,Joe Holup,Joe,Holup,False,https://cdn.nba.com/headshots/nba/latest/1040x760/77049.png
77050,Red Holzman,Red,Holzman,False,https://cdn.nba.com/headshots/nba/latest/1040x760/77050.png
1630258,Caleb Homesley,Caleb,Homesley,False,https://cdn.nba.com/headshots/nba/latest/1040x760/1630258.png
1532,Jerald Honeycutt,Jerald,Honeycutt,False,https://cdn.nba.com/headshots/nba/latest/1040x760/1532.png
202715,Tyler Honeycutt,Tyler,Honeycutt,False,https://cdn.nba.com/headshots/nba/latest/1040x760/202715.png
1967,Derek Hood,Derek,Hood,False,https://cdn.nba.com/headshots/nba/latest/1040x760/1967.png
203918,Rodney Hood,Rodney,Hood,False,https://cdn.nba.com/headshots/nba/latest/1040x760/203918.png
1641720,Jalen Hood-Schifino,Jalen,Hood-Schifino,True,https://cdn.nba.com/headshots/nba/latest/1040x760/1641720.png
77051,Tom Hoover,Tom,Hoover,False,https://cdn.nba.com/headshots/nba/latest/1040x760/77051.png
77052,Bob Hopkins,Bob,Hopkins,False,https://cdn.nba.com/headshots/nba/latest/1040x760/77052.png
77053,Dave Hoppen,Dave,Hoppen,False,https://cdn.nba.com/headshots/nba/latest/1040x760/77053.png
77054,Dennis Hopson,Dennis,Hopson,False,https://cdn.nba.com/headshots/nba/latest/1040x760/77054.png
203816,Scotty Hopson,Scotty,Hopson,False,https://cdn.nba.com/headshots/nba/latest/1040x760/203816.png
77055,Johnny Horan,Johnny,Horan,False,https://cdn.nba.com/headshots/nba/latest/1040x760/77055.png
77056,Cedrick Hordges,Cedrick,Hordges,False,https://cdn.nba.com/headshots/nba/latest/1040x760/77056.png
201143,Al Horford,Al,Horford,True,https://cdn.nba.com/headshots/nba/latest/1040x760/201143.png
77057,Tito Horford,Tito,Horford,False,https://cdn.nba.com/headshots/nba/latest/1040x760/77057.png
77058,Ron Horn,Ron,Horn,False,https://cdn.nba.com/headshots/nba/latest/1040x760/77058.png
204,Jeff Hornacek,Jeff,Hornacek,False,https://cdn.nba.com/headshots/nba/latest/1040x760/204.png
202862,Dennis Horner,Dennis,Horner,False,https://cdn.nba.com/headshots/nba/latest/1040x760/202862.png
109,Robert Horry,Robert,Horry,False,https://cdn.nba.com/headshots/nba/latest/1040x760/109.png
77060,Ed Horton,Ed,Horton,False,https://cdn.nba.com/headshots/nba/latest/1040x760/77060.png
1629659,Talen Horton-Tucker,Talen,Horton-Tucker,True,https://cdn.nba.com/headshots/nba/latest/1040x760/1629659.png
77061,Wilmer Hosket,Wilmer,Hosket,False,https://cdn.nba.com/headshots/nba/latest/1040x760/77061.png
77062,Bob Houbregs,Bob,Houbregs,False,https://cdn.nba.com/headshots/nba/latest/1040x760/77062.png
2067,Eddie House,Eddie,House,False,https://cdn.nba.com/headshots/nba/latest/1040x760/2067.png
1627863,Danuel House Jr.,Danuel,House Jr.,False,https://cdn.nba.com/headshots/nba/latest/1040x760/1627863.png
1631216,Caleb Houstan,Caleb,Houstan,True,https://cdn.nba.com/headshots/nba/latest/1040x760/1631216.png
275,Allan Houston,Allan,Houston,False,https://cdn.nba.com/headshots/nba/latest/1040x760/275.png
780,Byron Houston,Byron,Houston,False,https://cdn.nba.com/headshots/nba/latest/1040x760/780.png
77064,Tom Hovasse,Tom,Hovasse,False,https://cdn.nba.com/headshots/nba/latest/1040x760/77064.png
77065,Brian Howard,Brian,Howard,False,https://cdn.nba.com/headshots/nba/latest/1040x760/77065.png
2730,Dwight Howard,Dwight,Howard,False,https://cdn.nba.com/headshots/nba/latest/1040x760/2730.png
77066,Greg Howard,Greg,Howard,False,https://cdn.nba.com/headshots/nba/latest/1040x760/77066.png
1641724,Jett Howard,Jett,Howard,True,https://cdn.nba.com/headshots/nba/latest/1040x760/1641724.png
2572,Josh Howard,Josh,Howard,False,https://cdn.nba.com/headshots/nba/latest/1040x760/2572.png
436,Juwan Howard,Juwan,Howard,False,https://cdn.nba.com/headshots/nba/latest/1040x760/436.png
1630210,Markus Howard,Markus,Howard,False,https://cdn.nba.com/headshots/nba/latest/1040x760/1630210.png
77067,Mo Howard,Mo,Howard,False,https://cdn.nba.com/headshots/nba/latest/1040x760/77067.png
77069,Otis Howard,Otis,Howard,False,https://cdn.nba.com/headshots/nba/latest/1040x760/77069.png
1128,Stephen Howard,Stephen,Howard,False,https://cdn.nba.com/headshots/nba/latest/1040x760/1128.png
1629739,William Howard,William,Howard,False,https://cdn.nba.com/headshots/nba/latest/1040x760/1629739.png
77070,Bailey Howell,Bailey,Howell,False,https://cdn.nba.com/headshots/nba/latest/1040x760/77070.png
77072,Bob Hubbard,Bob,Hubbard,False,https://cdn.nba.com/headshots/nba/latest/1040x760/77072.png
77071,Phil Hubbard,Phil,Hubbard,False,https://cdn.nba.com/headshots/nba/latest/1040x760/77071.png
1631309,Trevor Hudgins,Trevor,Hudgins,False,https://cdn.nba.com/headshots/nba/latest/1040x760/1631309.png
201991,Lester Hudson,Lester,Hudson,False,https://cdn.nba.com/headshots/nba/latest/1040x760/201991.png
77074,Lou Hudson,Lou,Hudson,False,https://cdn.nba.com/headshots/nba/latest/1040x760/77074.png
1607,Troy Hudson,Troy,Hudson,False,https://cdn.nba.com/headshots/nba/latest/1040x760/1607.png
1626273,Marcelo Huertas,Marcelo,Huertas,False,https://cdn.nba.com/headshots/nba/latest/1040x760/1626273.png
1628989,Kevin Huerter,Kevin,Huerter,True,https://cdn.nba.com/headshots/nba/latest/1040x760/1628989.png
203962,Josh Huestis,Josh,Huestis,False,https://cdn.nba.com/headshots/nba/latest/1040x760/203962.png
1630643,Jay Huff,Jay,Huff,True,https://cdn.nba.com/headshots/nba/latest/1040x760/1630643.png
1572,Nate Huffman,Nate,Huffman,False,https://cdn.nba.com/headshots/nba/latest/1040x760/1572.png
77076,Alfredrick Hughes,Alfredrick,Hughes,False,https://cdn.nba.com/headshots/nba/latest/1040x760/77076.png
77077,Eddie Hughes,Eddie,Hughes,False,https://cdn.nba.com/headshots/nba/latest/1040x760/77077.png
1630190,Elijah Hughes,Elijah,Hughes,False,https://cdn.nba.com/headshots/nba/latest/1040x760/1630190.png
77078,Kim Hughes,Kim,Hughes,False,https://cdn.nba.com/headshots/nba/latest/1040x760/77078.png
1716,Larry Hughes,Larry,Hughes,False,https://cdn.nba.com/headshots/nba/latest/1040x760/1716.png
1965,Rick Hughes,Rick,Hughes,False,https://cdn.nba.com/headshots/nba/latest/1040x760/1965.png
1630574,Ariel Hukporti,Ariel,Hukporti,True,https://cdn.nba.com/headshots/nba/latest/1040x760/1630574.png
203133,Robbie Hummel,Robbie,Hummel,False,https://cdn.nba.com/headshots/nba/latest/1040x760/203133.png
77080,John Hummer,John,Hummer,False,https://cdn.nba.com/headshots/nba/latest/1040x760/77080.png
2415,Ryan Humphrey,Ryan,Humphrey,False,https://cdn.nba.com/headshots/nba/latest/1040x760/2415.png
1629353,Isaac Humphries,Isaac,Humphries,False,https://cdn.nba.com/headshots/nba/latest/1040x760/1629353.png
77081,Jay Humphries,Jay,Humphries,False,https://cdn.nba.com/headshots/nba/latest/1040x760/77081.png
2743,Kris Humphries,Kris,Humphries,False,https://cdn.nba.com/headshots/nba/latest/1040x760/2743.png
77082,Rod Hundley,Rod,Hundley,False,https://cdn.nba.com/headshots/nba/latest/1040x760/77082.png
1630624,Feron Hunt,Feron,Hunt,False,https://cdn.nba.com/headshots/nba/latest/1040x760/1630624.png
2599,Brandon Hunter,Brandon,Hunter,False,https://cdn.nba.com/headshots/nba/latest/1040x760/2599.png
77083,Cedric Hunter,Cedric,Hunter,False,https://cdn.nba.com/headshots/nba/latest/1040x760/77083.png
201805,Chris Hunter,Chris,Hunter,False,https://cdn.nba.com/headshots/nba/latest/1040x760/201805.png
1629631,De'Andre Hunter,De'Andre,Hunter,True,https://cdn.nba.com/headshots/nba/latest/1040x760/1629631.png
77084,Les Hunter,Les,Hunter,False,https://cdn.nba.com/headshots/nba/latest/1040x760/77084.png
283,Lindsey Hunter,Lindsey,Hunter,False,https://cdn.nba.com/headshots/nba/latest/1040x760/283.png
201629,Othello Hunter,Othello,Hunter,False,https://cdn.nba.com/headshots/nba/latest/1040x760/201629.png
1626154,RJ Hunter,RJ,Hunter,False,https://cdn.nba.com/headshots/nba/latest/1040x760/1626154.png
2212,Steven Hunter,Steven,Hunter,False,https://cdn.nba.com/headshots/nba/latest/1040x760/2212.png
1626205,Vincent Hunter,Vincent,Hunter,False,https://cdn.nba.com/headshots/nba/latest/1040x760/1626205.png
310,Bobby Hurley,Bobby,Hurley,False,https://cdn.nba.com/headshots/nba/latest/1040x760/310.png
77086,Roy Hurley,Roy,Hurley,False,https://cdn.nba.com/headshots/nba/latest/1040x760/77086.png
1630562,Matt Hurt,Matt,Hurt,False,https://cdn.nba.com/headshots/nba/latest/1040x760/1630562.png
77087,Geoff Huston,Geoff,Huston,False,https://cdn.nba.com/headshots/nba/latest/1040x760/77087.png
77088,Paul Huston,Paul,Huston,False,https://cdn.nba.com/headshots/nba/latest/1040x760/77088.png
77089,Mel Hutchins,Mel,Hutchins,False,https://cdn.nba.com/headshots/nba/latest/1040x760/77089.png
1628990,Chandler Hutchison,Chandler,Hutchison,False,https://cdn.nba.com/headshots/nba/latest/1040x760/1628990.png
77090,Joe Hutton,Joe,Hutton,False,https://cdn.nba.com/headshots/nba/latest/1040x760/77090.png
77091,Greg Hyder,Greg,Hyder,False,https://cdn.nba.com/headshots/nba/latest/1040x760/77091.png
1630538,Bones Hyland,Bones,Hyland,True,https://cdn.nba.com/headshots/nba/latest/1040x760/1630538.png
77092,Marc Iavaroni,Marc,Iavaroni,False,https://cdn.nba.com/headshots/nba/latest/1040x760/77092.png
201586,Serge Ibaka,Serge,Ibaka,False,https://cdn.nba.com/headshots/nba/latest/1040x760/201586.png
1642345,Oso Ighodaro,Oso,Ighodaro,True,https://cdn.nba.com/headshots/nba/latest/1040x760/1642345.png
2738,Andre Iguodala,Andre,Iguodala,False,https://cdn.nba.com/headshots/nba/latest/1040x760/2738.png
980,Zydrunas Ilgauskas,Zydrunas,Ilgauskas,False,https://cdn.nba.com/headshots/nba/latest/1040x760/980.png
101148,Mile Ilic,Mile,Ilic,False,https://cdn.nba.com/headshots/nba/latest/1040x760/101148.png
101141,Ersan Ilyasova,Ersan,Ilyasova,False,https://cdn.nba.com/headshots/nba/latest/1040x760/101141.png
77093,Darrall Imhoff,Darrall,Imhoff,False,https://cdn.nba.com/headshots/nba/latest/1040x760/77093.png
77094,Tom Ingelsby,Tom,Ingelsby,False,https://cdn.nba.com/headshots/nba/latest/1040x760/77094.png
204060,Joe Ingles,Joe,Ingles,True,https://cdn.nba.com/headshots/nba/latest/1040x760/204060.png
203996,Damien Inglis,Damien,Inglis,False,https://cdn.nba.com/headshots/nba/latest/1040x760/203996.png
201281,Andre Ingram,Andre,Ingram,False,https://cdn.nba.com/headshots/nba/latest/1040x760/201281.png
1627742,Brandon Ingram,Brandon,Ingram,True,https://cdn.nba.com/headshots/nba/latest/1040x760/1627742.png
1631127,Harrison Ingram,Harrison,Ingram,True,https://cdn.nba.com/headshots/nba/latest/1040x760/1631127.png
77095,Joel Ingram,Joel,Ingram,False,https://cdn.nba.com/headshots/nba/latest/1040x760/77095.png
77096,Byron Irvin,Byron,Irvin,False,https://cdn.nba.com/headshots/nba/latest/1040x760/77096.png
202681,Kyrie Irving,Kyrie,Irving,True,https://cdn.nba.com/headshots/nba/latest/1040x760/202681.png
1628371,Jonathan Isaac,Jonathan,Isaac,True,https://cdn.nba.com/headshots/nba/latest/1040x760/1628371.png
77097,Dan Issel,Dan,Issel,False,https://cdn.nba.com/headshots/nba/latest/1040x760/77097.png
77098,Mike Iuzzolino,Mike,Iuzzolino,False,https://cdn.nba.com/headshots/nba/latest/1040x760/77098.png
947,Allen Iverson,Allen,Iverson,False,https://cdn.nba.com/headshots/nba/latest/1040x760/947.png
1631093,Jaden Ivey,Jaden,Ivey,True,https://cdn.nba.com/headshots/nba/latest/1040x760/1631093.png
2767,Royal Ivey,Royal,Ivey,False,https://cdn.nba.com/headshots/nba/latest/1040x760/2767.png
1628411,Wes Iwundu,Wes,Iwundu,False,https://cdn.nba.com/headshots/nba/latest/1040x760/1628411.png
101127,Jarrett Jack,Jarrett,Jack,False,https://cdn.nba.com/headshots/nba/latest/1040x760/101127.png
1628935,Aaron Jackson,Aaron,Jackson,False,https://cdn.nba.com/headshots/nba/latest/1040x760/1628935.png
77099,Al Jackson,Al,Jackson,False,https://cdn.nba.com/headshots/nba/latest/1040x760/77099.png
1517,Bobby Jackson,Bobby,Jackson,False,https://cdn.nba.com/headshots/nba/latest/1040x760/1517.png
202132,Cedric Jackson,Cedric,Jackson,False,https://cdn.nba.com/headshots/nba/latest/1040x760/202132.png
201616,Darnell Jackson,Darnell,Jackson,False,https://cdn.nba.com/headshots/nba/latest/1040x760/201616.png
1627743,Demetrius Jackson,Demetrius,Jackson,False,https://cdn.nba.com/headshots/nba/latest/1040x760/1627743.png
1628402,Frank Jackson,Frank,Jackson,False,https://cdn.nba.com/headshots/nba/latest/1040x760/1628402.png
1641713,GG Jackson,GG,Jackson,True,https://cdn.nba.com/headshots/nba/latest/1040x760/1641713.png
77101,Greg Jackson,Greg,Jackson,False,https://cdn.nba.com/headshots/nba/latest/1040x760/77101.png
1630543,Isaiah Jackson,Isaiah,Jackson,True,https://cdn.nba.com/headshots/nba/latest/1040x760/1630543.png
1114,Jaren Jackson,Jaren,Jackson,False,https://cdn.nba.com/headshots/nba/latest/1040x760/1114.png
1983,Jermaine Jackson,Jermaine,Jackson,False,https://cdn.nba.com/headshots/nba/latest/1040x760/1983.png
754,Jim Jackson,Jim,Jackson,False,https://cdn.nba.com/headshots/nba/latest/1040x760/754.png
1628367,Josh Jackson,Josh,Jackson,False,https://cdn.nba.com/headshots/nba/latest/1040x760/1628367.png
1628382,Justin Jackson,Justin,Jackson,False,https://cdn.nba.com/headshots/nba/latest/1040x760/1628382.png
77103,Lucious Jackson,Lucious,Jackson,False,https://cdn.nba.com/headshots/nba/latest/1040x760/77103.png
2739,Luke Jackson,Luke,Jackson,False,https://cdn.nba.com/headshots/nba/latest/1040x760/2739.png
1531,Marc Jackson,Marc,Jackson,False,https://cdn.nba.com/headshots/nba/latest/1040x760/1531.png
349,Mark Jackson,Mark,Jackson,False,https://cdn.nba.com/headshots/nba/latest/1040x760/349.png
77104,Michael Jackson,Michael,Jackson,False,https://cdn.nba.com/headshots/nba/latest/1040x760/77104.png
77105,Myron Jackson,Myron,Jackson,False,https://cdn.nba.com/headshots/nba/latest/1040x760/77105.png
77106,Phil Jackson,Phil,Jackson,False,https://cdn.nba.com/headshots/nba/latest/1040x760/77106.png
203510,Pierre Jackson,Pierre,Jackson,False,https://cdn.nba.com/headshots/nba/latest/1040x760/203510.png
1631245,Quenton Jackson,Quenton,Jackson,True,https://cdn.nba.com/headshots/nba/latest/1040x760/1631245.png
77107,Ralph Jackson,Ralph,Jackson,False,https://cdn.nba.com/headshots/nba/latest/1040x760/77107.png
1872,Randell Jackson,Randell,Jackson,False,https://cdn.nba.com/headshots/nba/latest/1040x760/1872.png
202704,Reggie Jackson,Reggie,Jackson,True,https://cdn.nba.com/headshots/nba/latest/1040x760/202704.png
77109,Stanley Jackson,Stanley,Jackson,False,https://cdn.nba.com/headshots/nba/latest/1040x760/77109.png
1536,Stephen Jackson,Stephen,Jackson,False,https://cdn.nba.com/headshots/nba/latest/1040x760/1536.png
77100,Tony Jackson,Tony,Jackson,False,https://cdn.nba.com/headshots/nba/latest/1040x760/77100.png
77110,Tracy Jackson,Tracy,Jackson,False,https://cdn.nba.com/headshots/nba/latest/1040x760/77110.png
77111,Wardell Jackson,Wardell,Jackson,False,https://cdn.nba.com/headshots/nba/latest/1040x760/77111.png
1641748,Andre Jackson Jr.,Andre,Jackson Jr.,True,https://cdn.nba.com/headshots/nba/latest/1040x760/1641748.png
1628991,Jaren Jackson Jr.,Jaren,Jackson Jr.,True,https://cdn.nba.com/headshots/nba/latest/1040x760/1628991.png
1631218,Trayce Jackson-Davis,Trayce,Jackson-Davis,True,https://cdn.nba.com/headshots/nba/latest/1040x760/1631218.png
77112,Winfred Jacobs,Winfred,Jacobs,False,https://cdn.nba.com/headshots/nba/latest/1040x760/77112.png
2418,Casey Jacobsen,Casey,Jacobsen,False,https://cdn.nba.com/headshots/nba/latest/1040x760/2418.png
1734,Sam Jacobson,Sam,Jacobson,False,https://cdn.nba.com/headshots/nba/latest/1040x760/1734.png
77114,Dave Jamerson,Dave,Jamerson,False,https://cdn.nba.com/headshots/nba/latest/1040x760/77114.png
77115,Aaron James,Aaron,James,False,https://cdn.nba.com/headshots/nba/latest/1040x760/77115.png
203108,Bernard James,Bernard,James,False,https://cdn.nba.com/headshots/nba/latest/1040x760/203108.png
1642355,Bronny James,Bronny,James,True,https://cdn.nba.com/headshots/nba/latest/1040x760/1642355.png
202345,Damion James,Damion,James,False,https://cdn.nba.com/headshots/nba/latest/1040x760/202345.png
77116,Gene James,Gene,James,False,https://cdn.nba.com/headshots/nba/latest/1040x760/77116.png
1080,Henry James,Henry,James,False,https://cdn.nba.com/headshots/nba/latest/1040x760/1080.png
1744,Jerome James,Jerome,James,False,https://cdn.nba.com/headshots/nba/latest/1040x760/1744.png
1629713,Justin James,Justin,James,False,https://cdn.nba.com/headshots/nba/latest/1040x760/1629713.png
2544,LeBron James,LeBron,James,True,https://cdn.nba.com/headshots/nba/latest/1040x760/2544.png
2229,Mike James,Mike,James,False,https://cdn.nba.com/headshots/nba/latest/1040x760/2229.png
1628455,Mike James,Mike,James,False,https://cdn.nba.com/headshots/nba/latest/1040x760/1628455.png
1906,Tim James,Tim,James,False,https://cdn.nba.com/headshots/nba/latest/1040x760/1906.png
1712,Antawn Jamison,Antawn,Jamison,False,https://cdn.nba.com/headshots/nba/latest/1040x760/1712.png
1942,Harold Jamison,Harold,Jamison,False,https://cdn.nba.com/headshots/nba/latest/1040x760/1942.png
77120,John Janisch,John,Janisch,False,https://cdn.nba.com/headshots/nba/latest/1040x760/77120.png
77122,Howie Janotta,Howie,Janotta,False,https://cdn.nba.com/headshots/nba/latest/1040x760/77122.png
1631170,Jaime Jaquez Jr.,Jaime,Jaquez Jr.,True,https://cdn.nba.com/headshots/nba/latest/1040x760/1631170.png
2060,Marko Jaric,Marko,Jaric,False,https://cdn.nba.com/headshots/nba/latest/1040x760/2060.png
77123,Tony Jaros,Tony,Jaros,False,https://cdn.nba.com/headshots/nba/latest/1040x760/77123.png
1630610,DeJon Jarreau,DeJon,Jarreau,False,https://cdn.nba.com/headshots/nba/latest/1040x760/1630610.png
101180,Sarunas Jasikevicius,Sarunas,Jasikevicius,False,https://cdn.nba.com/headshots/nba/latest/1040x760/101180.png
201605,Nathan Jawai,Nathan,Jawai,False,https://cdn.nba.com/headshots/nba/latest/1040x760/201605.png
77125,Buddy Jeannette,Buddy,Jeannette,False,https://cdn.nba.com/headshots/nba/latest/1040x760/77125.png
77126,Abdul Jeelani,Abdul,Jeelani,False,https://cdn.nba.com/headshots/nba/latest/1040x760/77126.png
2423,Chris Jefferies,Chris,Jefferies,False,https://cdn.nba.com/headshots/nba/latest/1040x760/2423.png
201785,Othyus Jeffers,Othyus,Jeffers,False,https://cdn.nba.com/headshots/nba/latest/1040x760/201785.png
2744,Al Jefferson,Al,Jefferson,False,https://cdn.nba.com/headshots/nba/latest/1040x760/2744.png
1628518,Amile Jefferson,Amile,Jefferson,False,https://cdn.nba.com/headshots/nba/latest/1040x760/1628518.png
203928,Cory Jefferson,Cory,Jefferson,False,https://cdn.nba.com/headshots/nba/latest/1040x760/203928.png
200971,Dontell Jefferson,Dontell,Jefferson,False,https://cdn.nba.com/headshots/nba/latest/1040x760/200971.png
2210,Richard Jefferson,Richard,Jefferson,False,https://cdn.nba.com/headshots/nba/latest/1040x760/2210.png
1629610,DaQuan Jeffries,DaQuan,Jeffries,True,https://cdn.nba.com/headshots/nba/latest/1040x760/1629610.png
2407,Jared Jeffries,Jared,Jeffries,False,https://cdn.nba.com/headshots/nba/latest/1040x760/2407.png
1641998,Trey Jemison III,Trey,Jemison III,True,https://cdn.nba.com/headshots/nba/latest/1040x760/1641998.png
202724,Charles Jenkins,Charles,Jenkins,False,https://cdn.nba.com/headshots/nba/latest/1040x760/202724.png
1642450,Daniss Jenkins,Daniss,Jenkins,True,https://cdn.nba.com/headshots/nba/latest/1040x760/1642450.png
2798,Horace Jenkins,Horace,Jenkins,False,https://cdn.nba.com/headshots/nba/latest/1040x760/2798.png
203098,John Jenkins,John,Jenkins,False,https://cdn.nba.com/headshots/nba/latest/1040x760/203098.png
201943,Brandon Jennings,Brandon,Jennings,False,https://cdn.nba.com/headshots/nba/latest/1040x760/201943.png
24,Keith Jennings,Keith,Jennings,False,https://cdn.nba.com/headshots/nba/latest/1040x760/24.png
1137,Chris Jent,Chris,Jent,False,https://cdn.nba.com/headshots/nba/latest/1040x760/1137.png
77129,Les Jepsen,Les,Jepsen,False,https://cdn.nba.com/headshots/nba/latest/1040x760/77129.png
201973,Jonas Jerebko,Jonas,Jerebko,False,https://cdn.nba.com/headshots/nba/latest/1040x760/201973.png
1629660,Ty Jerome,Ty,Jerome,True,https://cdn.nba.com/headshots/nba/latest/1040x760/1629660.png
201998,Curtis Jerrells,Curtis,Jerrells,False,https://cdn.nba.com/headshots/nba/latest/1040x760/201998.png
203511,Grant Jerrett,Grant,Jerrett,False,https://cdn.nba.com/headshots/nba/latest/1040x760/203511.png
200817,Pooh Jeter,Pooh,Jeter,False,https://cdn.nba.com/headshots/nba/latest/1040x760/200817.png
1630198,Isaiah Joe,Isaiah,Joe,True,https://cdn.nba.com/headshots/nba/latest/1040x760/1630198.png
2639,Britton Johnsen,Britton,Johnsen,False,https://cdn.nba.com/headshots/nba/latest/1040x760/2639.png
1642358,AJ Johnson,AJ,Johnson,True,https://cdn.nba.com/headshots/nba/latest/1040x760/1642358.png
200792,Alexander Johnson,Alexander,Johnson,False,https://cdn.nba.com/headshots/nba/latest/1040x760/200792.png
1628993,Alize Johnson,Alize,Johnson,False,https://cdn.nba.com/headshots/nba/latest/1040x760/1628993.png
101161,Amir Johnson,Amir,Johnson,False,https://cdn.nba.com/headshots/nba/latest/1040x760/101161.png
77131,Andy Johnson,Andy,Johnson,False,https://cdn.nba.com/headshots/nba/latest/1040x760/77131.png
1533,Anthony Johnson,Anthony,Johnson,False,https://cdn.nba.com/headshots/nba/latest/1040x760/1533.png
202356,Armon Johnson,Armon,Johnson,False,https://cdn.nba.com/headshots/nba/latest/1040x760/202356.png
77132,Arnie Johnson,Arnie,Johnson,False,https://cdn.nba.com/headshots/nba/latest/1040x760/77132.png
422,Avery Johnson,Avery,Johnson,False,https://cdn.nba.com/headshots/nba/latest/1040x760/422.png
1629168,BJ Johnson,BJ,Johnson,False,https://cdn.nba.com/headshots/nba/latest/1040x760/1629168.png
1627744,Brice Johnson,Brice,Johnson,False,https://cdn.nba.com/headshots/nba/latest/1040x760/1627744.png
77130,Buck Johnson,Buck,Johnson,False,https://cdn.nba.com/headshots/nba/latest/1040x760/77130.png
1629661,Cameron Johnson,Cameron,Johnson,True,https://cdn.nba.com/headshots/nba/latest/1040x760/1629661.png
201291,Carldell Johnson,Carldell,Johnson,False,https://cdn.nba.com/headshots/nba/latest/1040x760/201291.png
77133,Charlie Johnson,Charlie,Johnson,False,https://cdn.nba.com/headshots/nba/latest/1040x760/77133.png
202419,Chris Johnson,Chris,Johnson,False,https://cdn.nba.com/headshots/nba/latest/1040x760/202419.png
203187,Chris Johnson,Chris,Johnson,False,https://cdn.nba.com/headshots/nba/latest/1040x760/203187.png
77135,Clay Johnson,Clay,Johnson,False,https://cdn.nba.com/headshots/nba/latest/1040x760/77135.png
77136,Clemon Johnson,Clemon,Johnson,False,https://cdn.nba.com/headshots/nba/latest/1040x760/77136.png
1626177,Dakari Johnson,Dakari,Johnson,False,https://cdn.nba.com/headshots/nba/latest/1040x760/1626177.png
683,Darryl Johnson,Darryl,Johnson,False,https://cdn.nba.com/headshots/nba/latest/1040x760/683.png
77138,Dave Johnson,Dave,Johnson,False,https://cdn.nba.com/headshots/nba/latest/1040x760/77138.png
77139,David Johnson,David,Johnson,False,https://cdn.nba.com/headshots/nba/latest/1040x760/77139.png
1630525,David Johnson,David,Johnson,False,https://cdn.nba.com/headshots/nba/latest/1040x760/1630525.png
1746,DeMarco Johnson,DeMarco,Johnson,False,https://cdn.nba.com/headshots/nba/latest/1040x760/1746.png
77141,Dennis Johnson,Dennis,Johnson,False,https://cdn.nba.com/headshots/nba/latest/1040x760/77141.png
2035,DerMarr Johnson,DerMarr,Johnson,False,https://cdn.nba.com/headshots/nba/latest/1040x760/2035.png
698,Eddie Johnson,Eddie,Johnson,False,https://cdn.nba.com/headshots/nba/latest/1040x760/698.png
77144,Eddie Johnson,Eddie,Johnson,False,https://cdn.nba.com/headshots/nba/latest/1040x760/77144.png
77145,Eric Johnson,Eric,Johnson,False,https://cdn.nba.com/headshots/nba/latest/1040x760/77145.png
911,Ervin Johnson,Ervin,Johnson,False,https://cdn.nba.com/headshots/nba/latest/1040x760/911.png
77146,Frank Johnson,Frank,Johnson,False,https://cdn.nba.com/headshots/nba/latest/1040x760/77146.png
77147,George Johnson,George,Johnson,False,https://cdn.nba.com/headshots/nba/latest/1040x760/77147.png
77148,George Johnson,George,Johnson,False,https://cdn.nba.com/headshots/nba/latest/1040x760/77148.png
77149,George Johnson,George,Johnson,False,https://cdn.nba.com/headshots/nba/latest/1040x760/77149.png
77150,Gus Johnson,Gus,Johnson,False,https://cdn.nba.com/headshots/nba/latest/1040x760/77150.png
77151,Harold Johnson,Harold,Johnson,False,https://cdn.nba.com/headshots/nba/latest/1040x760/77151.png
201274,Ivan Johnson,Ivan,Johnson,False,https://cdn.nba.com/headshots/nba/latest/1040x760/201274.png
202707,JaJuan Johnson,JaJuan,Johnson,False,https://cdn.nba.com/headshots/nba/latest/1040x760/202707.png
1630552,Jalen Johnson,Jalen,Johnson,True,https://cdn.nba.com/headshots/nba/latest/1040x760/1630552.png
201949,James Johnson,James,Johnson,True,https://cdn.nba.com/headshots/nba/latest/1040x760/201949.png
2207,Joe Johnson,Joe,Johnson,False,https://cdn.nba.com/headshots/nba/latest/1040x760/2207.png
77152,John Johnson,John,Johnson,False,https://cdn.nba.com/headshots/nba/latest/1040x760/77152.png
77153,Kannard Johnson,Kannard,Johnson,False,https://cdn.nba.com/headshots/nba/latest/1040x760/77153.png
1629640,Keldon Johnson,Keldon,Johnson,True,https://cdn.nba.com/headshots/nba/latest/1040x760/1629640.png
2256,Ken Johnson,Ken,Johnson,False,https://cdn.nba.com/headshots/nba/latest/1040x760/2256.png
77154,Ken Johnson,Ken,Johnson,False,https://cdn.nba.com/headshots/nba/latest/1040x760/77154.png
1630553,Keon Johnson,Keon,Johnson,True,https://cdn.nba.com/headshots/nba/latest/1040x760/1630553.png
1642352,Keshad Johnson,Keshad,Johnson,True,https://cdn.nba.com/headshots/nba/latest/1040x760/1642352.png
134,Kevin Johnson,Kevin,Johnson,False,https://cdn.nba.com/headshots/nba/latest/1040x760/134.png
1641749,Keyontae Johnson,Keyontae,Johnson,False,https://cdn.nba.com/headshots/nba/latest/1040x760/1641749.png
913,Larry Johnson,Larry,Johnson,False,https://cdn.nba.com/headshots/nba/latest/1040x760/913.png
77156,Larry Johnson,Larry,Johnson,False,https://cdn.nba.com/headshots/nba/latest/1040x760/77156.png
77158,Lee Johnson,Lee,Johnson,False,https://cdn.nba.com/headshots/nba/latest/1040x760/77158.png
2669,Linton Johnson,Linton,Johnson,False,https://cdn.nba.com/headshots/nba/latest/1040x760/2669.png
77159,Lynbert Johnson,Lynbert,Johnson,False,https://cdn.nba.com/headshots/nba/latest/1040x760/77159.png
77142,Magic Johnson,Magic,Johnson,False,https://cdn.nba.com/headshots/nba/latest/1040x760/77142.png
77160,Marques Johnson,Marques,Johnson,False,https://cdn.nba.com/headshots/nba/latest/1040x760/77160.png
77168,Mickey Johnson,Mickey,Johnson,False,https://cdn.nba.com/headshots/nba/latest/1040x760/77168.png
77161,Neil Johnson,Neil,Johnson,False,https://cdn.nba.com/headshots/nba/latest/1040x760/77161.png
203910,Nick Johnson,Nick,Johnson,False,https://cdn.nba.com/headshots/nba/latest/1040x760/203910.png
77162,Ollie Johnson,Ollie,Johnson,False,https://cdn.nba.com/headshots/nba/latest/1040x760/77162.png
204179,Omari Johnson,Omari,Johnson,False,https://cdn.nba.com/headshots/nba/latest/1040x760/204179.png
203111,Orlando Johnson,Orlando,Johnson,False,https://cdn.nba.com/headshots/nba/latest/1040x760/203111.png
77163,Reggie Johnson,Reggie,Johnson,False,https://cdn.nba.com/headshots/nba/latest/1040x760/77163.png
77164,Rich Johnson,Rich,Johnson,False,https://cdn.nba.com/headshots/nba/latest/1040x760/77164.png
77165,Ron Johnson,Ron,Johnson,False,https://cdn.nba.com/headshots/nba/latest/1040x760/77165.png
1626169,Stanley Johnson,Stanley,Johnson,False,https://cdn.nba.com/headshots/nba/latest/1040x760/1626169.png
77166,Steffond Johnson,Steffond,Johnson,False,https://cdn.nba.com/headshots/nba/latest/1040x760/77166.png
77134,Steve Johnson,Steve,Johnson,False,https://cdn.nba.com/headshots/nba/latest/1040x760/77134.png
201234,Trey Johnson,Trey,Johnson,False,https://cdn.nba.com/headshots/nba/latest/1040x760/201234.png
204020,Tyler Johnson,Tyler,Johnson,False,https://cdn.nba.com/headshots/nba/latest/1040x760/204020.png
77167,Vinnie Johnson,Vinnie,Johnson,False,https://cdn.nba.com/headshots/nba/latest/1040x760/77167.png
202325,Wesley Johnson,Wesley,Johnson,False,https://cdn.nba.com/headshots/nba/latest/1040x760/202325.png
203130,Darius Johnson-Odom,Darius,Johnson-Odom,False,https://cdn.nba.com/headshots/nba/latest/1040x760/203130.png
77170,Nate Johnston,Nate,Johnston,False,https://cdn.nba.com/headshots/nba/latest/1040x760/77170.png
77169,Neil Johnston,Neil,Johnston,False,https://cdn.nba.com/headshots/nba/latest/1040x760/77169.png
77171,Jim Johnstone,Jim,Johnstone,False,https://cdn.nba.com/headshots/nba/latest/1040x760/77171.png
203999,Nikola Jokić,Nikola,Jokić,True,https://cdn.nba.com/headshots/nba/latest/1040x760/203999.png
77172,Howie Jolliff,Howie,Jolliff,False,https://cdn.nba.com/headshots/nba/latest/1040x760/77172.png
2264,Alvin Jones,Alvin,Jones,False,https://cdn.nba.com/headshots/nba/latest/1040x760/2264.png
77173,Anthony Jones,Anthony,Jones,False,https://cdn.nba.com/headshots/nba/latest/1040x760/77173.png
77174,Askia Jones,Askia,Jones,False,https://cdn.nba.com/headshots/nba/latest/1040x760/77174.png
77180,Bill Jones,Bill,Jones,False,https://cdn.nba.com/headshots/nba/latest/1040x760/77180.png
77193,Bobby Jones,Bobby,Jones,False,https://cdn.nba.com/headshots/nba/latest/1040x760/77193.png
200784,Bobby Jones,Bobby,Jones,False,https://cdn.nba.com/headshots/nba/latest/1040x760/200784.png
77175,Caldwell Jones,Caldwell,Jones,False,https://cdn.nba.com/headshots/nba/latest/1040x760/77175.png
1630637,Carlik Jones,Carlik,Jones,False,https://cdn.nba.com/headshots/nba/latest/1040x760/1630637.png
279,Charles Jones,Charles,Jones,False,https://cdn.nba.com/headshots/nba/latest/1040x760/279.png
77178,Charles Jones,Charles,Jones,False,https://cdn.nba.com/headshots/nba/latest/1040x760/77178.png
1869,Charles R. Jones,Charles R.,Jones,False,https://cdn.nba.com/headshots/nba/latest/1040x760/1869.png
1641732,Colby Jones,Colby,Jones,True,https://cdn.nba.com/headshots/nba/latest/1040x760/1641732.png
2563,Dahntay Jones,Dahntay,Jones,False,https://cdn.nba.com/headshots/nba/latest/1040x760/2563.png
1627745,Damian Jones,Damian,Jones,False,https://cdn.nba.com/headshots/nba/latest/1040x760/1627745.png
1800,Damon Jones,Damon,Jones,False,https://cdn.nba.com/headshots/nba/latest/1040x760/1800.png
203199,DeQuan Jones,DeQuan,Jones,False,https://cdn.nba.com/headshots/nba/latest/1040x760/203199.png
1641794,Dillon Jones,Dillon,Jones,True,https://cdn.nba.com/headshots/nba/latest/1040x760/1641794.png
202346,Dominique Jones,Dominique,Jones,False,https://cdn.nba.com/headshots/nba/latest/1040x760/202346.png
963,Dontae' Jones,Dontae',Jones,False,https://cdn.nba.com/headshots/nba/latest/1040x760/963.png
101204,Dwayne Jones,Dwayne,Jones,False,https://cdn.nba.com/headshots/nba/latest/1040x760/101204.png
77182,Dwight Jones,Dwight,Jones,False,https://cdn.nba.com/headshots/nba/latest/1040x760/77182.png
77183,Earl Jones,Earl,Jones,False,https://cdn.nba.com/headshots/nba/latest/1040x760/77183.png
224,Eddie Jones,Eddie,Jones,False,https://cdn.nba.com/headshots/nba/latest/1040x760/224.png
77184,Edgar Jones,Edgar,Jones,False,https://cdn.nba.com/headshots/nba/latest/1040x760/77184.png
2410,Fred Jones,Fred,Jones,False,https://cdn.nba.com/headshots/nba/latest/1040x760/2410.png
1630529,Herbert Jones,Herbert,Jones,True,https://cdn.nba.com/headshots/nba/latest/1040x760/1630529.png
1642403,Isaac Jones,Isaac,Jones,True,https://cdn.nba.com/headshots/nba/latest/1040x760/1642403.png
77185,Jake Jones,Jake,Jones,False,https://cdn.nba.com/headshots/nba/latest/1040x760/77185.png
1627883,Jalen Jones,Jalen,Jones,False,https://cdn.nba.com/headshots/nba/latest/1040x760/1627883.png
2592,James Jones,James,Jones,False,https://cdn.nba.com/headshots/nba/latest/1040x760/2592.png
1629203,Jemerrio Jones,Jemerrio,Jones,False,https://cdn.nba.com/headshots/nba/latest/1040x760/1629203.png
77186,Jimmy Jones,Jimmy,Jones,False,https://cdn.nba.com/headshots/nba/latest/1040x760/77186.png
77187,Johnny Jones,Johnny,Jones,False,https://cdn.nba.com/headshots/nba/latest/1040x760/77187.png
1908,Jumaine Jones,Jumaine,Jones,False,https://cdn.nba.com/headshots/nba/latest/1040x760/1908.png
77188,K.C. Jones,K.C.,Jones,False,https://cdn.nba.com/headshots/nba/latest/1040x760/77188.png
1630539,Kai Jones,Kai,Jones,True,https://cdn.nba.com/headshots/nba/latest/1040x760/1630539.png
203158,Kevin Jones,Kevin,Jones,False,https://cdn.nba.com/headshots/nba/latest/1040x760/203158.png
77200,Larry Jones,Larry,Jones,False,https://cdn.nba.com/headshots/nba/latest/1040x760/77200.png
77189,Major Jones,Major,Jones,False,https://cdn.nba.com/headshots/nba/latest/1040x760/77189.png
2891,Mark Jones,Mark,Jones,False,https://cdn.nba.com/headshots/nba/latest/1040x760/2891.png
90000,Mark Jones,Mark,Jones,False,https://cdn.nba.com/headshots/nba/latest/1040x760/90000.png
1630222,Mason Jones,Mason,Jones,True,https://cdn.nba.com/headshots/nba/latest/1040x760/1630222.png
77195,Nick Jones,Nick,Jones,False,https://cdn.nba.com/headshots/nba/latest/1040x760/77195.png
77191,Ozell Jones,Ozell,Jones,False,https://cdn.nba.com/headshots/nba/latest/1040x760/77191.png
461,Popeye Jones,Popeye,Jones,False,https://cdn.nba.com/headshots/nba/latest/1040x760/461.png
77192,Rich Jones,Rich,Jones,False,https://cdn.nba.com/headshots/nba/latest/1040x760/77192.png
77194,Robin Jones,Robin,Jones,False,https://cdn.nba.com/headshots/nba/latest/1040x760/77194.png
77196,Sam Jones,Sam,Jones,False,https://cdn.nba.com/headshots/nba/latest/1040x760/77196.png
2652,Shelton Jones,Shelton,Jones,False,https://cdn.nba.com/headshots/nba/latest/1040x760/2652.png
200780,Solomon Jones,Solomon,Jones,False,https://cdn.nba.com/headshots/nba/latest/1040x760/200780.png
1642461,Spencer Jones,Spencer,Jones,True,https://cdn.nba.com/headshots/nba/latest/1040x760/1642461.png
77197,Steve Jones,Steve,Jones,False,https://cdn.nba.com/headshots/nba/latest/1040x760/77197.png
203093,Terrence Jones,Terrence,Jones,False,https://cdn.nba.com/headshots/nba/latest/1040x760/203093.png
1630200,Tre Jones,Tre,Jones,True,https://cdn.nba.com/headshots/nba/latest/1040x760/1630200.png
1626145,Tyus Jones,Tyus,Jones,True,https://cdn.nba.com/headshots/nba/latest/1040x760/1626145.png
77198,Wali Jones,Wali,Jones,False,https://cdn.nba.com/headshots/nba/latest/1040x760/77198.png
77199,Wallace Jones,Wallace,Jones,False,https://cdn.nba.com/headshots/nba/latest/1040x760/77199.png
77201,Wil Jones,Wil,Jones,False,https://cdn.nba.com/headshots/nba/latest/1040x760/77201.png
77202,Willie Jones,Willie,Jones,False,https://cdn.nba.com/headshots/nba/latest/1040x760/77202.png
77203,Willie Jones,Willie,Jones,False,https://cdn.nba.com/headshots/nba/latest/1040x760/77203.png
203103,Perry Jones III,Perry,Jones III,False,https://cdn.nba.com/headshots/nba/latest/1040x760/203103.png
1627884,Derrick Jones Jr.,Derrick,Jones Jr.,True,https://cdn.nba.com/headshots/nba/latest/1040x760/1627884.png
1817,Adonis Jordan,Adonis,Jordan,False,https://cdn.nba.com/headshots/nba/latest/1040x760/1817.png
201599,DeAndre Jordan,DeAndre,Jordan,True,https://cdn.nba.com/headshots/nba/latest/1040x760/201599.png
77205,Eddie Jordan,Eddie,Jordan,False,https://cdn.nba.com/headshots/nba/latest/1040x760/77205.png
202366,Jerome Jordan,Jerome,Jordan,False,https://cdn.nba.com/headshots/nba/latest/1040x760/202366.png
893,Michael Jordan,Michael,Jordan,False,https://cdn.nba.com/headshots/nba/latest/1040x760/893.png
674,Reggie Jordan,Reggie,Jordan,False,https://cdn.nba.com/headshots/nba/latest/1040x760/674.png
77208,Thomas Jordan,Thomas,Jordan,False,https://cdn.nba.com/headshots/nba/latest/1040x760/77208.png
77209,Walter Jordan,Walter,Jordan,False,https://cdn.nba.com/headshots/nba/latest/1040x760/77209.png
77210,Phil Jordon,Phil,Jordon,False,https://cdn.nba.com/headshots/nba/latest/1040x760/77210.png
77211,Johnny Jorgensen,Johnny,Jorgensen,False,https://cdn.nba.com/headshots/nba/latest/1040x760/77211.png
77212,Noble Jorgensen,Noble,Jorgensen,False,https://cdn.nba.com/headshots/nba/latest/1040x760/77212.png
77213,Roger Jorgensen,Roger,Jorgensen,False,https://cdn.nba.com/headshots/nba/latest/1040x760/77213.png
202709,Cory Joseph,Cory,Joseph,True,https://cdn.nba.com/headshots/nba/latest/1040x760/202709.png
2123,Garth Joseph,Garth,Joseph,False,https://cdn.nba.com/headshots/nba/latest/1040x760/2123.png
203126,Kris Joseph,Kris,Joseph,False,https://cdn.nba.com/headshots/nba/latest/1040x760/203126.png
77214,Yvon Joseph,Yvon,Joseph,False,https://cdn.nba.com/headshots/nba/latest/1040x760/77214.png
1631107,Nikola Jović,Nikola,Jović,True,https://cdn.nba.com/headshots/nba/latest/1040x760/1631107.png
77215,Jeff Judkins,Jeff,Judkins,False,https://cdn.nba.com/headshots/nba/latest/1040x760/77215.png
1630548,Johnny Juzang,Johnny,Juzang,True,https://cdn.nba.com/headshots/nba/latest/1040x760/1630548.png
1629662,Mfiondu Kabengele,Mfiondu,Kabengele,False,https://cdn.nba.com/headshots/nba/latest/1040x760/1629662.png
77217,Edwin Kachan,Edwin,Kachan,False,https://cdn.nba.com/headshots/nba/latest/1040x760/77217.png
77218,George Kaftan,George,Kaftan,False,https://cdn.nba.com/headshots/nba/latest/1040x760/77218.png
77219,Ed Kalafat,Ed,Kalafat,False,https://cdn.nba.com/headshots/nba/latest/1040x760/77219.png
1630686,Georgios Kalaitzakis,Georgios,Kalaitzakis,False,https://cdn.nba.com/headshots/nba/latest/1040x760/1630686.png
2549,Chris Kaman,Chris,Kaman,False,https://cdn.nba.com/headshots/nba/latest/1040x760/2549.png
1626163,Frank Kaminsky,Frank,Kaminsky,False,https://cdn.nba.com/headshots/nba/latest/1040x760/1626163.png
77221,Ralph Kaplowitz,Ralph,Kaplowitz,False,https://cdn.nba.com/headshots/nba/latest/1040x760/77221.png
2574,Jason Kapono,Jason,Kapono,False,https://cdn.nba.com/headshots/nba/latest/1040x760/2574.png
77222,Tony Kappen,Tony,Kappen,False,https://cdn.nba.com/headshots/nba/latest/1040x760/77222.png
203508,Sergey Karasev,Sergey,Karasev,False,https://cdn.nba.com/headshots/nba/latest/1040x760/203508.png
201207,Coby Karl,Coby,Karl,False,https://cdn.nba.com/headshots/nba/latest/1040x760/201207.png
77223,George Karl,George,Karl,False,https://cdn.nba.com/headshots/nba/latest/1040x760/77223.png
77225,Ed Kasid,Ed,Kasid,False,https://cdn.nba.com/headshots/nba/latest/1040x760/77225.png
2435,Mario Kasun,Mario,Kasun,False,https://cdn.nba.com/headshots/nba/latest/1040x760/2435.png
77226,Leo Katkaveck,Leo,Katkaveck,False,https://cdn.nba.com/headshots/nba/latest/1040x760/77226.png
77227,Bob Kauffman,Bob,Kauffman,False,https://cdn.nba.com/headshots/nba/latest/1040x760/77227.png
201619,Sasha Kaun,Sasha,Kaun,False,https://cdn.nba.com/headshots/nba/latest/1040x760/201619.png
77228,Wilbert Kautz,Wilbert,Kautz,False,https://cdn.nba.com/headshots/nba/latest/1040x760/77228.png
1642530,Yuki Kawamura,Yuki,Kawamura,True,https://cdn.nba.com/headshots/nba/latest/1040x760/1642530.png
77229,Clarence Kea,Clarence,Kea,False,https://cdn.nba.com/headshots/nba/latest/1040x760/77229.png
77230,Michael Kearns,Michael,Kearns,False,https://cdn.nba.com/headshots/nba/latest/1040x760/77230.png
77231,Tommy Kearns,Tommy,Kearns,False,https://cdn.nba.com/headshots/nba/latest/1040x760/77231.png
228,Adam Keefe,Adam,Keefe,False,https://cdn.nba.com/headshots/nba/latest/1040x760/228.png
77233,Harold Keeling,Harold,Keeling,False,https://cdn.nba.com/headshots/nba/latest/1040x760/77233.png
1631211,Trevor Keels,Trevor,Keels,False,https://cdn.nba.com/headshots/nba/latest/1040x760/1631211.png
77234,Ken Keller,Ken,Keller,False,https://cdn.nba.com/headshots/nba/latest/1040x760/77234.png
1630283,Kylor Kelley,Kylor,Kelley,True,https://cdn.nba.com/headshots/nba/latest/1040x760/1630283.png
77235,Rich Kelley,Rich,Kelley,False,https://cdn.nba.com/headshots/nba/latest/1040x760/77235.png
77236,Clark Kellogg,Clark,Kellogg,False,https://cdn.nba.com/headshots/nba/latest/1040x760/77236.png
77237,Gerard Kelly,Gerard,Kelly,False,https://cdn.nba.com/headshots/nba/latest/1040x760/77237.png
203527,Ryan Kelly,Ryan,Kelly,False,https://cdn.nba.com/headshots/nba/latest/1040x760/203527.png
77238,Tom Kelly,Tom,Kelly,False,https://cdn.nba.com/headshots/nba/latest/1040x760/77238.png
77239,Greg Kelser,Greg,Kelser,False,https://cdn.nba.com/headshots/nba/latest/1040x760/77239.png
77240,Ben Kelso,Ben,Kelso,False,https://cdn.nba.com/headshots/nba/latest/1040x760/77240.png
431,Shawn Kemp,Shawn,Kemp,False,https://cdn.nba.com/headshots/nba/latest/1040x760/431.png
1118,Tim Kempton,Tim,Kempton,False,https://cdn.nba.com/headshots/nba/latest/1040x760/1118.png
77242,Frank Kendrick,Frank,Kendrick,False,https://cdn.nba.com/headshots/nba/latest/1040x760/77242.png
1628379,Luke Kennard,Luke,Kennard,True,https://cdn.nba.com/headshots/nba/latest/1040x760/1628379.png
202810,D.J. Kennedy,D.J.,Kennedy,False,https://cdn.nba.com/headshots/nba/latest/1040x760/202810.png
77243,Eugene Kennedy,Eugene,Kennedy,False,https://cdn.nba.com/headshots/nba/latest/1040x760/77243.png
77244,Joe Kennedy,Joe,Kennedy,False,https://cdn.nba.com/headshots/nba/latest/1040x760/77244.png
77245,William Kennedy,William,Kennedy,False,https://cdn.nba.com/headshots/nba/latest/1040x760/77245.png
77246,Larry Kenon,Larry,Kenon,False,https://cdn.nba.com/headshots/nba/latest/1040x760/77246.png
77247,Bill Kenville,Bill,Kenville,False,https://cdn.nba.com/headshots/nba/latest/1040x760/77247.png
1801,Jonathan Kerner,Jonathan,Kerner,False,https://cdn.nba.com/headshots/nba/latest/1040x760/1801.png
77248,Johnny Kerr,Johnny,Kerr,False,https://cdn.nba.com/headshots/nba/latest/1040x760/77248.png
70,Steve Kerr,Steve,Kerr,False,https://cdn.nba.com/headshots/nba/latest/1040x760/70.png
77249,Jack Kerris,Jack,Kerris,False,https://cdn.nba.com/headshots/nba/latest/1040x760/77249.png
760,Jerome Kersey,Jerome,Kersey,False,https://cdn.nba.com/headshots/nba/latest/1040x760/760.png
77251,Alec Kessler,Alec,Kessler,False,https://cdn.nba.com/headshots/nba/latest/1040x760/77251.png
1631117,Walker Kessler,Walker,Kessler,True,https://cdn.nba.com/headshots/nba/latest/1040x760/1631117.png
1930,Lari Ketner,Lari,Ketner,False,https://cdn.nba.com/headshots/nba/latest/1040x760/1930.png
1630296,Braxton Key,Braxton,Key,True,https://cdn.nba.com/headshots/nba/latest/1040x760/1630296.png
705,Randolph Keys,Randolph,Keys,False,https://cdn.nba.com/headshots/nba/latest/1040x760/705.png
2751,Viktor Khryapa,Viktor,Khryapa,False,https://cdn.nba.com/headshots/nba/latest/1040x760/2751.png
467,Jason Kidd,Jason,Kidd,False,https://cdn.nba.com/headshots/nba/latest/1040x760/467.png
1629742,Stanton Kidd,Stanton,Kidd,False,https://cdn.nba.com/headshots/nba/latest/1040x760/1629742.png
77254,Warren Kidd,Warren,Kidd,False,https://cdn.nba.com/headshots/nba/latest/1040x760/77254.png
203077,Michael Kidd-Gilchrist,Michael,Kidd-Gilchrist,False,https://cdn.nba.com/headshots/nba/latest/1040x760/203077.png
77255,Irv Kiffin,Irv,Kiffin,False,https://cdn.nba.com/headshots/nba/latest/1040x760/77255.png
77256,Jack Kiley,Jack,Kiley,False,https://cdn.nba.com/headshots/nba/latest/1040x760/77256.png
77257,Ernie Killum,Ernie,Killum,False,https://cdn.nba.com/headshots/nba/latest/1040x760/77257.png
77258,Carl Kilpatrick,Carl,Kilpatrick,False,https://cdn.nba.com/headshots/nba/latest/1040x760/77258.png
203930,Sean Kilpatrick,Sean,Kilpatrick,False,https://cdn.nba.com/headshots/nba/latest/1040x760/203930.png
77259,Toby Kimball,Toby,Kimball,False,https://cdn.nba.com/headshots/nba/latest/1040x760/77259.png
77260,Bo Kimble,Bo,Kimble,False,https://cdn.nba.com/headshots/nba/latest/1040x760/77260.png
77261,Stan Kimbrough,Stan,Kimbrough,False,https://cdn.nba.com/headshots/nba/latest/1040x760/77261.png
77262,Chad Kinch,Chad,Kinch,False,https://cdn.nba.com/headshots/nba/latest/1040x760/77262.png
77263,Albert King,Albert,King,False,https://cdn.nba.com/headshots/nba/latest/1040x760/77263.png
77264,Bernard King,Bernard,King,False,https://cdn.nba.com/headshots/nba/latest/1040x760/77264.png
12,Chris King,Chris,King,False,https://cdn.nba.com/headshots/nba/latest/1040x760/12.png
77266,Dan King,Dan,King,False,https://cdn.nba.com/headshots/nba/latest/1040x760/77266.png
701,Frankie King,Frankie,King,False,https://cdn.nba.com/headshots/nba/latest/1040x760/701.png
77268,George King,George,King,False,https://cdn.nba.com/headshots/nba/latest/1040x760/77268.png
1628994,George King,George,King,False,https://cdn.nba.com/headshots/nba/latest/1040x760/1628994.png
1562,Gerard King,Gerard,King,False,https://cdn.nba.com/headshots/nba/latest/1040x760/1562.png
77270,Jim King,Jim,King,False,https://cdn.nba.com/headshots/nba/latest/1040x760/77270.png
728,Jimmy King,Jimmy,King,False,https://cdn.nba.com/headshots/nba/latest/1040x760/728.png
1629663,Louis King,Louis,King,False,https://cdn.nba.com/headshots/nba/latest/1040x760/1629663.png
77272,Maury King,Maury,King,False,https://cdn.nba.com/headshots/nba/latest/1040x760/77272.png
77273,Reggie King,Reggie,King,False,https://cdn.nba.com/headshots/nba/latest/1040x760/77273.png
1101,Rich King,Rich,King,False,https://cdn.nba.com/headshots/nba/latest/1040x760/1101.png
351,Stacey King,Stacey,King,False,https://cdn.nba.com/headshots/nba/latest/1040x760/351.png
77276,Tom King,Tom,King,False,https://cdn.nba.com/headshots/nba/latest/1040x760/77276.png
77277,Bob Kinney,Bob,Kinney,False,https://cdn.nba.com/headshots/nba/latest/1040x760/77277.png
200814,Tarence Kinsey,Tarence,Kinsey,False,https://cdn.nba.com/headshots/nba/latest/1040x760/200814.png
1905,Andrei Kirilenko,Andrei,Kirilenko,False,https://cdn.nba.com/headshots/nba/latest/1040x760/1905.png
203945,Alex Kirk,Alex,Kirk,False,https://cdn.nba.com/headshots/nba/latest/1040x760/203945.png
77278,Walt Kirk,Walt,Kirk,False,https://cdn.nba.com/headshots/nba/latest/1040x760/77278.png
1630557,Corey Kispert,Corey,Kispert,True,https://cdn.nba.com/headshots/nba/latest/1040x760/1630557.png
77279,Doug Kistler,Doug,Kistler,False,https://cdn.nba.com/headshots/nba/latest/1040x760/77279.png
77280,Curtis Kitchen,Curtis,Kitchen,False,https://cdn.nba.com/headshots/nba/latest/1040x760/77280.png
1123,Greg Kite,Greg,Kite,False,https://cdn.nba.com/headshots/nba/latest/1040x760/1123.png
954,Kerry Kittles,Kerry,Kittles,False,https://cdn.nba.com/headshots/nba/latest/1040x760/954.png
1628467,Maxi Kleber,Maxi,Kleber,True,https://cdn.nba.com/headshots/nba/latest/1040x760/1628467.png
170,Joe Kleine,Joe,Kleine,False,https://cdn.nba.com/headshots/nba/latest/1040x760/170.png
101132,Linas Kleiza,Linas,Kleiza,False,https://cdn.nba.com/headshots/nba/latest/1040x760/101132.png
77283,Leo Klier,Leo,Klier,False,https://cdn.nba.com/headshots/nba/latest/1040x760/77283.png
1641752,Bobi Klintman,Bobi,Klintman,True,https://cdn.nba.com/headshots/nba/latest/1040x760/1641752.png
77284,Herm Klotz,Herm,Klotz,False,https://cdn.nba.com/headshots/nba/latest/1040x760/77284.png
77285,Duane Klueh,Duane,Klueh,False,https://cdn.nba.com/headshots/nba/latest/1040x760/77285.png
1642261,Dalton Knecht,Dalton,Knecht,True,https://cdn.nba.com/headshots/nba/latest/1040x760/1642261.png
77290,Billy Knight,Billy,Knight,False,https://cdn.nba.com/headshots/nba/latest/1040x760/77290.png
77287,Bob Knight,Bob,Knight,False,https://cdn.nba.com/headshots/nba/latest/1040x760/77287.png
2688,Brandin Knight,Brandin,Knight,False,https://cdn.nba.com/headshots/nba/latest/1040x760/2688.png
202688,Brandon Knight,Brandon,Knight,False,https://cdn.nba.com/headshots/nba/latest/1040x760/202688.png
1510,Brevin Knight,Brevin,Knight,False,https://cdn.nba.com/headshots/nba/latest/1040x760/1510.png
1630233,Nathan Knight,Nathan,Knight,False,https://cdn.nba.com/headshots/nba/latest/1040x760/1630233.png
1861,Negele Knight,Negele,Knight,False,https://cdn.nba.com/headshots/nba/latest/1040x760/1861.png
77288,Ron Knight,Ron,Knight,False,https://cdn.nba.com/headshots/nba/latest/1040x760/77288.png
77289,Toby Knight,Toby,Knight,False,https://cdn.nba.com/headshots/nba/latest/1040x760/77289.png
969,Travis Knight,Travis,Knight,False,https://cdn.nba.com/headshots/nba/latest/1040x760/969.png
77291,Lee Knorek,Lee,Knorek,False,https://cdn.nba.com/headshots/nba/latest/1040x760/77291.png
77292,Dick Knostman,Dick,Knostman,False,https://cdn.nba.com/headshots/nba/latest/1040x760/77292.png
77293,Rod Knowles,Rod,Knowles,False,https://cdn.nba.com/headshots/nba/latest/1040x760/77293.png
1628995,Kevin Knox II,Kevin,Knox II,True,https://cdn.nba.com/headshots/nba/latest/1040x760/1628995.png
77294,Bart Kofoed,Bart,Kofoed,False,https://cdn.nba.com/headshots/nba/latest/1040x760/77294.png
77295,Don Kojis,Don,Kojis,False,https://cdn.nba.com/headshots/nba/latest/1040x760/77295.png
1642278,Tyler Kolek,Tyler,Kolek,True,https://cdn.nba.com/headshots/nba/latest/1040x760/1642278.png
1631132,Christian Koloko,Christian,Koloko,True,https://cdn.nba.com/headshots/nba/latest/1040x760/1631132.png
77296,Milo Komenich,Milo,Komenich,False,https://cdn.nba.com/headshots/nba/latest/1040x760/77296.png
77297,Howard Komives,Howard,Komives,False,https://cdn.nba.com/headshots/nba/latest/1040x760/77297.png
402,Jon Koncak,Jon,Koncak,False,https://cdn.nba.com/headshots/nba/latest/1040x760/402.png
1629723,John Konchar,John,Konchar,True,https://cdn.nba.com/headshots/nba/latest/1040x760/1629723.png
77299,Bud Koper,Bud,Koper,False,https://cdn.nba.com/headshots/nba/latest/1040x760/77299.png
77300,Joe Kopicki,Joe,Kopicki,False,https://cdn.nba.com/headshots/nba/latest/1040x760/77300.png
1627788,Furkan Korkmaz,Furkan,Korkmaz,False,https://cdn.nba.com/headshots/nba/latest/1040x760/1627788.png
77301,Frank Kornet,Frank,Kornet,False,https://cdn.nba.com/headshots/nba/latest/1040x760/77301.png
1628436,Luke Kornet,Luke,Kornet,True,https://cdn.nba.com/headshots/nba/latest/1040x760/1628436.png
101117,Yaroslav Korolev,Yaroslav,Korolev,False,https://cdn.nba.com/headshots/nba/latest/1040x760/101117.png
2594,Kyle Korver,Kyle,Korver,False,https://cdn.nba.com/headshots/nba/latest/1040x760/2594.png
77302,Len Kosmalski,Len,Kosmalski,False,https://cdn.nba.com/headshots/nba/latest/1040x760/77302.png
77303,Andy Kostecka,Andy,Kostecka,False,https://cdn.nba.com/headshots/nba/latest/1040x760/77303.png
77304,Harold Kottman,Harold,Kottman,False,https://cdn.nba.com/headshots/nba/latest/1040x760/77304.png
201585,Kosta Koufos,Kosta,Koufos,False,https://cdn.nba.com/headshots/nba/latest/1040x760/201585.png
77305,Tom Kozelko,Tom,Kozelko,False,https://cdn.nba.com/headshots/nba/latest/1040x760/77305.png
77306,Arvid Kramer,Arvid,Kramer,False,https://cdn.nba.com/headshots/nba/latest/1040x760/77306.png
77307,Barry Kramer,Barry,Kramer,False,https://cdn.nba.com/headshots/nba/latest/1040x760/77307.png
77308,Joel Kramer,Joel,Kramer,False,https://cdn.nba.com/headshots/nba/latest/1040x760/77308.png
77309,Dan Kraus,Dan,Kraus,False,https://cdn.nba.com/headshots/nba/latest/1040x760/77309.png
77310,Herb Krautblatt,Herb,Krautblatt,False,https://cdn.nba.com/headshots/nba/latest/1040x760/77310.png
203139,Viacheslav Kravtsov,Viacheslav,Kravtsov,False,https://cdn.nba.com/headshots/nba/latest/1040x760/203139.png
77311,Jim Krebs,Jim,Krebs,False,https://cdn.nba.com/headshots/nba/latest/1040x760/77311.png
1630249,Vít Krejčí,Vít,Krejčí,True,https://cdn.nba.com/headshots/nba/latest/1040x760/1630249.png
77312,Wayne Kreklow,Wayne,Kreklow,False,https://cdn.nba.com/headshots/nba/latest/1040x760/77312.png
77313,Tom Kron,Tom,Kron,False,https://cdn.nba.com/headshots/nba/latest/1040x760/77313.png
77314,Tom Kropp,Tom,Kropp,False,https://cdn.nba.com/headshots/nba/latest/1040x760/77314.png
2420,Nenad Krstic,Nenad,Krstic,False,https://cdn.nba.com/headshots/nba/latest/1040x760/2420.png
1474,Larry Krystkowiak,Larry,Krystkowiak,False,https://cdn.nba.com/headshots/nba/latest/1040x760/1474.png
77316,Steve Kuberski,Steve,Kuberski,False,https://cdn.nba.com/headshots/nba/latest/1040x760/77316.png
77317,Leo Kubiak,Leo,Kubiak,False,https://cdn.nba.com/headshots/nba/latest/1040x760/77317.png
77318,Bruce Kuczenski,Bruce,Kuczenski,False,https://cdn.nba.com/headshots/nba/latest/1040x760/77318.png
77319,Frank Kudelka,Frank,Kudelka,False,https://cdn.nba.com/headshots/nba/latest/1040x760/77319.png
77320,John Kuester,John,Kuester,False,https://cdn.nba.com/headshots/nba/latest/1040x760/77320.png
77322,Ray Kuka,Ray,Kuka,False,https://cdn.nba.com/headshots/nba/latest/1040x760/77322.png
389,Toni Kukoc,Toni,Kukoc,False,https://cdn.nba.com/headshots/nba/latest/1040x760/389.png
1629083,Arnoldas Kulboka,Arnoldas,Kulboka,False,https://cdn.nba.com/headshots/nba/latest/1040x760/1629083.png
1630228,Jonathan Kuminga,Jonathan,Kuminga,True,https://cdn.nba.com/headshots/nba/latest/1040x760/1630228.png
77323,Kevin Kunnert,Kevin,Kunnert,False,https://cdn.nba.com/headshots/nba/latest/1040x760/77323.png
77324,Mitch Kupchak,Mitch,Kupchak,False,https://cdn.nba.com/headshots/nba/latest/1040x760/77324.png
77325,Charles Kupec,Charles,Kupec,False,https://cdn.nba.com/headshots/nba/latest/1040x760/77325.png
1629066,Rodions Kurucs,Rodions,Kurucs,False,https://cdn.nba.com/headshots/nba/latest/1040x760/1629066.png
201633,Rob Kurz,Rob,Kurz,False,https://cdn.nba.com/headshots/nba/latest/1040x760/201633.png
2825,Ibrahim Kutluay,Ibrahim,Kutluay,False,https://cdn.nba.com/headshots/nba/latest/1040x760/2825.png
1628398,Kyle Kuzma,Kyle,Kuzma,True,https://cdn.nba.com/headshots/nba/latest/1040x760/1628398.png
203136,Ognjen Kuzmic,Ognjen,Kuzmic,False,https://cdn.nba.com/headshots/nba/latest/1040x760/203136.png
1627851,Mindaugas Kuzminskas,Mindaugas,Kuzminskas,False,https://cdn.nba.com/headshots/nba/latest/1040x760/1627851.png
77327,Fred LaCour,Fred,LaCour,False,https://cdn.nba.com/headshots/nba/latest/1040x760/77327.png
1711,Raef LaFrentz,Raef,LaFrentz,False,https://cdn.nba.com/headshots/nba/latest/1040x760/1711.png
77328,Tom LaGarde,Tom,LaGarde,False,https://cdn.nba.com/headshots/nba/latest/1040x760/77328.png
1631222,Jake LaRavia,Jake,LaRavia,True,https://cdn.nba.com/headshots/nba/latest/1040x760/1631222.png
1601,Rusty LaRue,Rusty,LaRue,False,https://cdn.nba.com/headshots/nba/latest/1040x760/1601.png
77340,Rudy LaRusso,Rudy,LaRusso,False,https://cdn.nba.com/headshots/nba/latest/1040x760/77340.png
203897,Zach LaVine,Zach,LaVine,True,https://cdn.nba.com/headshots/nba/latest/1040x760/203897.png
1627746,Skal Labissiere,Skal,Labissiere,True,https://cdn.nba.com/headshots/nba/latest/1040x760/1627746.png
77326,Sam Lacey,Sam,Lacey,False,https://cdn.nba.com/headshots/nba/latest/1040x760/77326.png
363,Christian Laettner,Christian,Laettner,False,https://cdn.nba.com/headshots/nba/latest/1040x760/363.png
201802,Oliver Lafayette,Oliver,Lafayette,False,https://cdn.nba.com/headshots/nba/latest/1040x760/201802.png
100263,Bill Laimbeer,Bill,Laimbeer,False,https://cdn.nba.com/headshots/nba/latest/1040x760/100263.png
77329,Pete Lalich,Pete,Lalich,False,https://cdn.nba.com/headshots/nba/latest/1040x760/77329.png
77330,Bo Lamar,Bo,Lamar,False,https://cdn.nba.com/headshots/nba/latest/1040x760/77330.png
1630237,Anthony Lamb,Anthony,Lamb,False,https://cdn.nba.com/headshots/nba/latest/1040x760/1630237.png
203117,Doron Lamb,Doron,Lamb,False,https://cdn.nba.com/headshots/nba/latest/1040x760/203117.png
203087,Jeremy Lamb,Jeremy,Lamb,False,https://cdn.nba.com/headshots/nba/latest/1040x760/203087.png
77331,John Lambert,John,Lambert,False,https://cdn.nba.com/headshots/nba/latest/1040x760/77331.png
77332,Jeff Lamp,Jeff,Lamp,False,https://cdn.nba.com/headshots/nba/latest/1040x760/77332.png
2573,Maciej Lampe,Maciej,Lampe,False,https://cdn.nba.com/headshots/nba/latest/1040x760/2573.png
77333,Jim Lampley,Jim,Lampley,False,https://cdn.nba.com/headshots/nba/latest/1040x760/77333.png
2253,Sean Lampley,Sean,Lampley,False,https://cdn.nba.com/headshots/nba/latest/1040x760/2253.png
1629111,Jock Landale,Jock,Landale,True,https://cdn.nba.com/headshots/nba/latest/1040x760/1629111.png
201171,Carl Landry,Carl,Landry,False,https://cdn.nba.com/headshots/nba/latest/1040x760/201171.png
202068,Marcus Landry,Marcus,Landry,False,https://cdn.nba.com/headshots/nba/latest/1040x760/202068.png
77334,Mark Landsberger,Mark,Landsberger,False,https://cdn.nba.com/headshots/nba/latest/1040x760/77334.png
77335,Jerome Lane,Jerome,Lane,False,https://cdn.nba.com/headshots/nba/latest/1040x760/77335.png
457,Andrew Lang,Andrew,Lang,False,https://cdn.nba.com/headshots/nba/latest/1040x760/457.png
226,Antonio Lang,Antonio,Lang,False,https://cdn.nba.com/headshots/nba/latest/1040x760/226.png
2591,James Lang,James,Lang,False,https://cdn.nba.com/headshots/nba/latest/1040x760/2591.png
1892,Trajan Langdon,Trajan,Langdon,False,https://cdn.nba.com/headshots/nba/latest/1040x760/1892.png
101247,Keith Langford,Keith,Langford,False,https://cdn.nba.com/headshots/nba/latest/1040x760/101247.png
1629641,Romeo Langford,Romeo,Langford,False,https://cdn.nba.com/headshots/nba/latest/1040x760/1629641.png
2061,Dan Langhi,Dan,Langhi,False,https://cdn.nba.com/headshots/nba/latest/1040x760/2061.png
600005,Bob Lanier,Bob,Lanier,False,https://cdn.nba.com/headshots/nba/latest/1040x760/600005.png
77338,Stu Lantz,Stu,Lantz,False,https://cdn.nba.com/headshots/nba/latest/1040x760/77338.png
1627879,Nicolas Laprovittola,Nicolas,Laprovittola,False,https://cdn.nba.com/headshots/nba/latest/1040x760/1627879.png
77339,York Larese,York,Larese,False,https://cdn.nba.com/headshots/nba/latest/1040x760/77339.png
203499,Shane Larkin,Shane,Larkin,False,https://cdn.nba.com/headshots/nba/latest/1040x760/203499.png
1641796,Pelle Larsson,Pelle,Larsson,True,https://cdn.nba.com/headshots/nba/latest/1040x760/1641796.png
77341,John Laskowski,John,Laskowski,False,https://cdn.nba.com/headshots/nba/latest/1040x760/77341.png
201186,Stephane Lasme,Stephane,Lasme,False,https://cdn.nba.com/headshots/nba/latest/1040x760/201186.png
77342,Dave Lattin,Dave,Lattin,False,https://cdn.nba.com/headshots/nba/latest/1040x760/77342.png
968,Priest Lauderdale,Priest,Lauderdale,False,https://cdn.nba.com/headshots/nba/latest/1040x760/968.png
77344,Rich Laurel,Rich,Laurel,False,https://cdn.nba.com/headshots/nba/latest/1040x760/77344.png
77345,Walt Lautenbach,Walt,Lautenbach,False,https://cdn.nba.com/headshots/nba/latest/1040x760/77345.png
203530,Joffrey Lauvergne,Joffrey,Lauvergne,False,https://cdn.nba.com/headshots/nba/latest/1040x760/203530.png
77346,Tony Lavelli,Tony,Lavelli,False,https://cdn.nba.com/headshots/nba/latest/1040x760/77346.png
77347,Bob Lavoy,Bob,Lavoy,False,https://cdn.nba.com/headshots/nba/latest/1040x760/77347.png
201151,Acie Law,Acie,Law,False,https://cdn.nba.com/headshots/nba/latest/1040x760/201151.png
1629724,Vic Law,Vic,Law,False,https://cdn.nba.com/headshots/nba/latest/1040x760/1629724.png
202371,Gani Lawal,Gani,Lawal,False,https://cdn.nba.com/headshots/nba/latest/1040x760/202371.png
77348,Ed Lawrence,Ed,Lawrence,False,https://cdn.nba.com/headshots/nba/latest/1040x760/77348.png
1630639,A.J. Lawson,A.J.,Lawson,True,https://cdn.nba.com/headshots/nba/latest/1040x760/1630639.png
1535,Jason Lawson,Jason,Lawson,False,https://cdn.nba.com/headshots/nba/latest/1040x760/1535.png
201951,Ty Lawson,Ty,Lawson,False,https://cdn.nba.com/headshots/nba/latest/1040x760/201951.png
1627774,Jake Layman,Jake,Layman,False,https://cdn.nba.com/headshots/nba/latest/1040x760/1627774.png
77350,Dennis Layton,Dennis,Layton,False,https://cdn.nba.com/headshots/nba/latest/1040x760/77350.png
1627747,Caris LeVert,Caris,LeVert,True,https://cdn.nba.com/headshots/nba/latest/1040x760/1627747.png
1628388,T.J. Leaf,T.J.,Leaf,False,https://cdn.nba.com/headshots/nba/latest/1040x760/1628388.png
77351,Emanuel Leaks,Emanuel,Leaks,False,https://cdn.nba.com/headshots/nba/latest/1040x760/77351.png
77352,Hal Lear,Hal,Lear,False,https://cdn.nba.com/headshots/nba/latest/1040x760/77352.png
77353,Allen Leavell,Allen,Leavell,False,https://cdn.nba.com/headshots/nba/latest/1040x760/77353.png
77354,Jeff Lebo,Jeff,Lebo,False,https://cdn.nba.com/headshots/nba/latest/1040x760/77354.png
287,Eric Leckner,Eric,Leckner,False,https://cdn.nba.com/headshots/nba/latest/1040x760/287.png
1629665,Jalen Lecque,Jalen,Lecque,False,https://cdn.nba.com/headshots/nba/latest/1040x760/1629665.png
203495,Ricky Ledo,Ricky,Ledo,False,https://cdn.nba.com/headshots/nba/latest/1040x760/203495.png
77356,Butch Lee,Butch,Lee,False,https://cdn.nba.com/headshots/nba/latest/1040x760/77356.png
77357,Clyde Lee,Clyde,Lee,False,https://cdn.nba.com/headshots/nba/latest/1040x760/77357.png
201584,Courtney Lee,Courtney,Lee,False,https://cdn.nba.com/headshots/nba/latest/1040x760/201584.png
1627814,Damion Lee,Damion,Lee,True,https://cdn.nba.com/headshots/nba/latest/1040x760/1627814.png
101135,David Lee,David,Lee,False,https://cdn.nba.com/headshots/nba/latest/1040x760/101135.png
77358,Doug Lee,Doug,Lee,False,https://cdn.nba.com/headshots/nba/latest/1040x760/77358.png
77359,George Lee,George,Lee,False,https://cdn.nba.com/headshots/nba/latest/1040x760/77359.png
77360,Greg Lee,Greg,Lee,False,https://cdn.nba.com/headshots/nba/latest/1040x760/77360.png
77361,Keith Lee,Keith,Lee,False,https://cdn.nba.com/headshots/nba/latest/1040x760/77361.png
77362,Kurk Lee,Kurk,Lee,False,https://cdn.nba.com/headshots/nba/latest/1040x760/77362.png
202723,Malcolm Lee,Malcolm,Lee,False,https://cdn.nba.com/headshots/nba/latest/1040x760/202723.png
77363,Rock Lee,Rock,Lee,False,https://cdn.nba.com/headshots/nba/latest/1040x760/77363.png
77364,Ron Lee,Ron,Lee,False,https://cdn.nba.com/headshots/nba/latest/1040x760/77364.png
77365,Russell Lee,Russell,Lee,False,https://cdn.nba.com/headshots/nba/latest/1040x760/77365.png
1630240,Saben Lee,Saben,Lee,False,https://cdn.nba.com/headshots/nba/latest/1040x760/1630240.png
77366,Ed Leede,Ed,Leede,False,https://cdn.nba.com/headshots/nba/latest/1040x760/77366.png
77367,Hank Lefkowitz,Hank,Lefkowitz,False,https://cdn.nba.com/headshots/nba/latest/1040x760/77367.png
100,Tim Legler,Tim,Legler,False,https://cdn.nba.com/headshots/nba/latest/1040x760/100.png
77369,George Lehmann,George,Lehmann,False,https://cdn.nba.com/headshots/nba/latest/1040x760/77369.png
1627215,Walt Lemon Jr.,Walt,Lemon Jr.,False,https://cdn.nba.com/headshots/nba/latest/1040x760/1627215.png
203458,Alex Len,Alex,Len,True,https://cdn.nba.com/headshots/nba/latest/1040x760/203458.png
702,Voshon Lenard,Voshon,Lenard,False,https://cdn.nba.com/headshots/nba/latest/1040x760/702.png
77371,Bob Leonard,Bob,Leonard,False,https://cdn.nba.com/headshots/nba/latest/1040x760/77371.png
77370,Gary Leonard,Gary,Leonard,False,https://cdn.nba.com/headshots/nba/latest/1040x760/77370.png
202695,Kawhi Leonard,Kawhi,Leonard,True,https://cdn.nba.com/headshots/nba/latest/1040x760/202695.png
203086,Meyers Leonard,Meyers,Leonard,False,https://cdn.nba.com/headshots/nba/latest/1040x760/203086.png
1642502,Malevy Leons,Malevy,Leons,True,https://cdn.nba.com/headshots/nba/latest/1040x760/1642502.png
77372,Jim Les,Jim,Les,False,https://cdn.nba.com/headshots/nba/latest/1040x760/77372.png
202727,Travis Leslie,Travis,Leslie,False,https://cdn.nba.com/headshots/nba/latest/1040x760/202727.png
77373,Ronnie Lester,Ronnie,Lester,False,https://cdn.nba.com/headshots/nba/latest/1040x760/77373.png
77374,Clifford Lett,Clifford,Lett,False,https://cdn.nba.com/headshots/nba/latest/1040x760/77374.png
202720,Jon Leuer,Jon,Leuer,False,https://cdn.nba.com/headshots/nba/latest/1040x760/202720.png
77375,Andrew Levane,Andrew,Levane,False,https://cdn.nba.com/headshots/nba/latest/1040x760/77375.png
77376,Lafayette Lever,Lafayette,Lever,False,https://cdn.nba.com/headshots/nba/latest/1040x760/77376.png
77377,Cliff Levingston,Cliff,Levingston,False,https://cdn.nba.com/headshots/nba/latest/1040x760/77377.png
77385,Bobby Lewis,Bobby,Lewis,False,https://cdn.nba.com/headshots/nba/latest/1040x760/77385.png
736,Cedric Lewis,Cedric,Lewis,False,https://cdn.nba.com/headshots/nba/latest/1040x760/736.png
77379,Fred Lewis,Fred,Lewis,False,https://cdn.nba.com/headshots/nba/latest/1040x760/77379.png
77380,Freddie Lewis,Freddie,Lewis,False,https://cdn.nba.com/headshots/nba/latest/1040x760/77380.png
77381,Grady Lewis,Grady,Lewis,False,https://cdn.nba.com/headshots/nba/latest/1040x760/77381.png
1631171,Justin Lewis,Justin,Lewis,False,https://cdn.nba.com/headshots/nba/latest/1040x760/1631171.png
729,Martin Lewis,Martin,Lewis,False,https://cdn.nba.com/headshots/nba/latest/1040x760/729.png
1641721,Maxwell Lewis,Maxwell,Lewis,True,https://cdn.nba.com/headshots/nba/latest/1040x760/1641721.png
1900,Quincy Lewis,Quincy,Lewis,False,https://cdn.nba.com/headshots/nba/latest/1040x760/1900.png
77383,Ralph Lewis,Ralph,Lewis,False,https://cdn.nba.com/headshots/nba/latest/1040x760/77383.png
1740,Rashard Lewis,Rashard,Lewis,False,https://cdn.nba.com/headshots/nba/latest/1040x760/1740.png
77384,Reggie Lewis,Reggie,Lewis,False,https://cdn.nba.com/headshots/nba/latest/1040x760/77384.png
1630575,Scottie Lewis,Scottie,Lewis,False,https://cdn.nba.com/headshots/nba/latest/1040x760/1630575.png
1630184,Kira Lewis Jr.,Kira,Lewis Jr.,False,https://cdn.nba.com/headshots/nba/latest/1040x760/1630184.png
77386,Marcus Liberty,Marcus,Liberty,False,https://cdn.nba.com/headshots/nba/latest/1040x760/77386.png
77387,Todd Lichti,Todd,Lichti,False,https://cdn.nba.com/headshots/nba/latest/1040x760/77387.png
1630604,E.J. Liddell,E.J.,Liddell,True,https://cdn.nba.com/headshots/nba/latest/1040x760/1630604.png
202732,DeAndre Liggins,DeAndre,Liggins,False,https://cdn.nba.com/headshots/nba/latest/1040x760/202732.png
77388,Bill Ligon,Bill,Ligon,False,https://cdn.nba.com/headshots/nba/latest/1040x760/77388.png
203081,Damian Lillard,Damian,Lillard,True,https://cdn.nba.com/headshots/nba/latest/1040x760/203081.png
202391,Jeremy Lin,Jeremy,Lin,False,https://cdn.nba.com/headshots/nba/latest/1040x760/202391.png
77389,Steve Lingenfelter,Steve,Lingenfelter,False,https://cdn.nba.com/headshots/nba/latest/1040x760/77389.png
175,Alton Lister,Alton,Lister,False,https://cdn.nba.com/headshots/nba/latest/1040x760/175.png
1629642,Nassir Little,Nassir,Little,False,https://cdn.nba.com/headshots/nba/latest/1040x760/1629642.png
1641726,Dereck Lively II,Dereck,Lively II,True,https://cdn.nba.com/headshots/nba/latest/1040x760/1641726.png
1630587,Isaiah Livers,Isaiah,Livers,False,https://cdn.nba.com/headshots/nba/latest/1040x760/1630587.png
1641753,Chris Livingston,Chris,Livingston,True,https://cdn.nba.com/headshots/nba/latest/1040x760/1641753.png
988,Randy Livingston,Randy,Livingston,False,https://cdn.nba.com/headshots/nba/latest/1040x760/988.png
2733,Shaun Livingston,Shaun,Livingston,False,https://cdn.nba.com/headshots/nba/latest/1040x760/2733.png
77392,Ron Livingstone,Ron,Livingstone,False,https://cdn.nba.com/headshots/nba/latest/1040x760/77392.png
1024,Horacio Llamas,Horacio,Llamas,False,https://cdn.nba.com/headshots/nba/latest/1040x760/1024.png
77394,Earl Lloyd,Earl,Lloyd,False,https://cdn.nba.com/headshots/nba/latest/1040x760/77394.png
77395,Lewis Lloyd,Lewis,Lloyd,False,https://cdn.nba.com/headshots/nba/latest/1040x760/77395.png
77396,Scott Lloyd,Scott,Lloyd,False,https://cdn.nba.com/headshots/nba/latest/1040x760/77396.png
77397,Bob Lochmueller,Bob,Lochmueller,False,https://cdn.nba.com/headshots/nba/latest/1040x760/77397.png
77398,Robert Lock,Robert,Lock,False,https://cdn.nba.com/headshots/nba/latest/1040x760/77398.png
77399,Darrell Lockhart,Darrell,Lockhart,False,https://cdn.nba.com/headshots/nba/latest/1040x760/77399.png
1100,Ian Lockhart,Ian,Lockhart,False,https://cdn.nba.com/headshots/nba/latest/1040x760/1100.png
77401,Kevin Loder,Kevin,Loder,False,https://cdn.nba.com/headshots/nba/latest/1040x760/77401.png
77402,Don Lofgran,Don,Lofgran,False,https://cdn.nba.com/headshots/nba/latest/1040x760/77402.png
1629155,Zach Lofton,Zach,Lofton,False,https://cdn.nba.com/headshots/nba/latest/1040x760/1629155.png
1631254,Kenneth Lofton Jr.,Kenneth,Lofton Jr.,False,https://cdn.nba.com/headshots/nba/latest/1040x760/1631254.png
77403,Johnny Logan,Johnny,Logan,False,https://cdn.nba.com/headshots/nba/latest/1040x760/77403.png
38,Brad Lohaus,Brad,Lohaus,False,https://cdn.nba.com/headshots/nba/latest/1040x760/38.png
1609,Art Long,Art,Long,False,https://cdn.nba.com/headshots/nba/latest/1040x760/1609.png
3,Grant Long,Grant,Long,False,https://cdn.nba.com/headshots/nba/latest/1040x760/3.png
1381,John Long,John,Long,False,https://cdn.nba.com/headshots/nba/latest/1040x760/1381.png
77406,Paul Long,Paul,Long,False,https://cdn.nba.com/headshots/nba/latest/1040x760/77406.png
1627848,Shawn Long,Shawn,Long,False,https://cdn.nba.com/headshots/nba/latest/1040x760/1627848.png
26,Luc Longley,Luc,Longley,False,https://cdn.nba.com/headshots/nba/latest/1040x760/26.png
1626172,Kevon Looney,Kevon,Looney,True,https://cdn.nba.com/headshots/nba/latest/1040x760/1626172.png
201572,Brook Lopez,Brook,Lopez,True,https://cdn.nba.com/headshots/nba/latest/1040x760/201572.png
1732,Felipe Lopez,Felipe,Lopez,False,https://cdn.nba.com/headshots/nba/latest/1040x760/1732.png
2221,Raul Lopez,Raul,Lopez,False,https://cdn.nba.com/headshots/nba/latest/1040x760/2221.png
201577,Robin Lopez,Robin,Lopez,False,https://cdn.nba.com/headshots/nba/latest/1040x760/201577.png
943,Ryan Lorthridge,Ryan,Lorthridge,False,https://cdn.nba.com/headshots/nba/latest/1040x760/943.png
77409,Jim Loscutoff,Jim,Loscutoff,False,https://cdn.nba.com/headshots/nba/latest/1040x760/77409.png
77410,Plummer Lott,Plummer,Lott,False,https://cdn.nba.com/headshots/nba/latest/1040x760/77410.png
77411,Kevin Loughery,Kevin,Loughery,False,https://cdn.nba.com/headshots/nba/latest/1040x760/77411.png
1629712,Didi Louzada,Didi,Louzada,False,https://cdn.nba.com/headshots/nba/latest/1040x760/1629712.png
77412,Bob Love,Bob,Love,False,https://cdn.nba.com/headshots/nba/latest/1040x760/77412.png
201567,Kevin Love,Kevin,Love,True,https://cdn.nba.com/headshots/nba/latest/1040x760/201567.png
77413,Stan Love,Stan,Love,False,https://cdn.nba.com/headshots/nba/latest/1040x760/77413.png
77414,Clyde Lovellette,Clyde,Lovellette,False,https://cdn.nba.com/headshots/nba/latest/1040x760/77414.png
77415,Sidney Lowe,Sidney,Lowe,False,https://cdn.nba.com/headshots/nba/latest/1040x760/77415.png
77416,Chuck Lowery,Chuck,Lowery,False,https://cdn.nba.com/headshots/nba/latest/1040x760/77416.png
200768,Kyle Lowry,Kyle,Lowry,True,https://cdn.nba.com/headshots/nba/latest/1040x760/200768.png
1628070,Jordan Loyd,Jordan,Loyd,False,https://cdn.nba.com/headshots/nba/latest/1040x760/1628070.png
77417,Al Lucas,Al,Lucas,False,https://cdn.nba.com/headshots/nba/latest/1040x760/77417.png
77418,Jerry Lucas,Jerry,Lucas,False,https://cdn.nba.com/headshots/nba/latest/1040x760/77418.png
77419,John Lucas,John,Lucas,False,https://cdn.nba.com/headshots/nba/latest/1040x760/77419.png
203564,Kalin Lucas,Kalin,Lucas,False,https://cdn.nba.com/headshots/nba/latest/1040x760/203564.png
77420,Maurice Lucas,Maurice,Lucas,False,https://cdn.nba.com/headshots/nba/latest/1040x760/77420.png
101249,John Lucas III,John,Lucas III,False,https://cdn.nba.com/headshots/nba/latest/1040x760/101249.png
77421,Ted Luckenbill,Ted,Luckenbill,False,https://cdn.nba.com/headshots/nba/latest/1040x760/77421.png
1731,Tyronn Lue,Tyronn,Lue,False,https://cdn.nba.com/headshots/nba/latest/1040x760/1731.png
77422,Jim Luisi,Jim,Luisi,False,https://cdn.nba.com/headshots/nba/latest/1040x760/77422.png
77423,Al Lujack,Al,Lujack,False,https://cdn.nba.com/headshots/nba/latest/1040x760/77423.png
77424,Phil Lumpkin,Phil,Lumpkin,False,https://cdn.nba.com/headshots/nba/latest/1040x760/77424.png
77425,Ray Lumpp,Ray,Lumpp,False,https://cdn.nba.com/headshots/nba/latest/1040x760/77425.png
1630994,Gabriel Lundberg,Gabriel,Lundberg,False,https://cdn.nba.com/headshots/nba/latest/1040x760/1630994.png
1641754,Seth Lundy,Seth,Lundy,True,https://cdn.nba.com/headshots/nba/latest/1040x760/1641754.png
1627789,Timothe Luwawu-Cabarrot,Timothe,Luwawu-Cabarrot,False,https://cdn.nba.com/headshots/nba/latest/1040x760/1627789.png
1628399,Tyler Lydon,Tyler,Lydon,False,https://cdn.nba.com/headshots/nba/latest/1040x760/1628399.png
1626168,Trey Lyles,Trey,Lyles,True,https://cdn.nba.com/headshots/nba/latest/1040x760/1626168.png
248,George Lynch,George,Lynch,False,https://cdn.nba.com/headshots/nba/latest/1040x760/248.png
77426,Kevin Lynch,Kevin,Lynch,False,https://cdn.nba.com/headshots/nba/latest/1040x760/77426.png
77427,Mike Lynn,Mike,Lynn,False,https://cdn.nba.com/headshots/nba/latest/1040x760/77427.png
1627815,Sheldon Mac,Sheldon,Mac,False,https://cdn.nba.com/headshots/nba/latest/1040x760/1627815.png
1928,Todd MacCulloch,Todd,MacCulloch,False,https://cdn.nba.com/headshots/nba/latest/1040x760/1928.png
77430,Ronnie MacGilvray,Ronnie,MacGilvray,False,https://cdn.nba.com/headshots/nba/latest/1040x760/77430.png
931,Don MacLean,Don,MacLean,False,https://cdn.nba.com/headshots/nba/latest/1040x760/931.png
77428,Mike Macaluso,Mike,Macaluso,False,https://cdn.nba.com/headshots/nba/latest/1040x760/77428.png
77429,Ed Macauley,Ed,Macauley,False,https://cdn.nba.com/headshots/nba/latest/1040x760/77429.png
203159,Scott Machado,Scott,Machado,False,https://cdn.nba.com/headshots/nba/latest/1040x760/203159.png
101178,Arvydas Macijauskas,Arvydas,Macijauskas,False,https://cdn.nba.com/headshots/nba/latest/1040x760/101178.png
77432,Ollie Mack,Ollie,Mack,False,https://cdn.nba.com/headshots/nba/latest/1040x760/77432.png
694,Sam Mack,Sam,Mack,False,https://cdn.nba.com/headshots/nba/latest/1040x760/694.png
202714,Shelvin Mack,Shelvin,Mack,False,https://cdn.nba.com/headshots/nba/latest/1040x760/202714.png
1635,Malcolm Mackey,Malcolm,Mackey,False,https://cdn.nba.com/headshots/nba/latest/1040x760/1635.png
77435,Rudy Macklin,Rudy,Macklin,False,https://cdn.nba.com/headshots/nba/latest/1040x760/77435.png
202731,Vernon Macklin,Vernon,Macklin,False,https://cdn.nba.com/headshots/nba/latest/1040x760/202731.png
77436,Johnny Macknowski,Johnny,Macknowski,False,https://cdn.nba.com/headshots/nba/latest/1040x760/77436.png
1629133,Daryl Macon,Daryl,Macon,False,https://cdn.nba.com/headshots/nba/latest/1040x760/1629133.png
1855,Mark Macon,Mark,Macon,False,https://cdn.nba.com/headshots/nba/latest/1040x760/1855.png
1629122,J.P. Macura,J.P.,Macura,False,https://cdn.nba.com/headshots/nba/latest/1040x760/1629122.png
77438,Kyle Macy,Kyle,Macy,False,https://cdn.nba.com/headshots/nba/latest/1040x760/77438.png
77439,Jack Maddox,Jack,Maddox,False,https://cdn.nba.com/headshots/nba/latest/1040x760/77439.png
2432,Tito Maddox,Tito,Maddox,False,https://cdn.nba.com/headshots/nba/latest/1040x760/2432.png
1666,Gerald Madkins,Gerald,Madkins,False,https://cdn.nba.com/headshots/nba/latest/1040x760/1666.png
2058,Mark Madsen,Mark,Madsen,False,https://cdn.nba.com/headshots/nba/latest/1040x760/2058.png
77441,Norm Mager,Norm,Mager,False,https://cdn.nba.com/headshots/nba/latest/1040x760/77441.png
203705,Josh Magette,Josh,Magette,False,https://cdn.nba.com/headshots/nba/latest/1040x760/203705.png
1894,Corey Maggette,Corey,Maggette,False,https://cdn.nba.com/headshots/nba/latest/1040x760/1894.png
77442,Dave Magley,Dave,Magley,False,https://cdn.nba.com/headshots/nba/latest/1040x760/77442.png
2048,Jamaal Magloire,Jamaal,Magloire,False,https://cdn.nba.com/headshots/nba/latest/1040x760/2048.png
1630266,Will Magnay,Will,Magnay,False,https://cdn.nba.com/headshots/nba/latest/1040x760/1630266.png
101133,Ian Mahinmi,Ian,Mahinmi,False,https://cdn.nba.com/headshots/nba/latest/1040x760/101133.png
77443,John Mahnken,John,Mahnken,False,https://cdn.nba.com/headshots/nba/latest/1040x760/77443.png
77444,Francis Mahoney,Francis,Mahoney,False,https://cdn.nba.com/headshots/nba/latest/1040x760/77444.png
328,Rick Mahorn,Rick,Mahorn,False,https://cdn.nba.com/headshots/nba/latest/1040x760/328.png
105,Dan Majerle,Dan,Majerle,False,https://cdn.nba.com/headshots/nba/latest/1040x760/105.png
200970,Renaldo Major,Renaldo,Major,False,https://cdn.nba.com/headshots/nba/latest/1040x760/200970.png
1627748,Thon Maker,Thon,Maker,False,https://cdn.nba.com/headshots/nba/latest/1040x760/1627748.png
77447,Lionel Malamed,Lionel,Malamed,False,https://cdn.nba.com/headshots/nba/latest/1040x760/77447.png
1630177,Theo Maledon,Theo,Maledon,False,https://cdn.nba.com/headshots/nba/latest/1040x760/1630177.png
117,Jeff Malone,Jeff,Malone,False,https://cdn.nba.com/headshots/nba/latest/1040x760/117.png
252,Karl Malone,Karl,Malone,False,https://cdn.nba.com/headshots/nba/latest/1040x760/252.png
77449,Moses Malone,Moses,Malone,False,https://cdn.nba.com/headshots/nba/latest/1040x760/77449.png
1074,Matt Maloney,Matt,Maloney,False,https://cdn.nba.com/headshots/nba/latest/1040x760/1074.png
77450,Steve Malovic,Steve,Malovic,False,https://cdn.nba.com/headshots/nba/latest/1040x760/77450.png
1630572,Sandro Mamukelashvili,Sandro,Mamukelashvili,True,https://cdn.nba.com/headshots/nba/latest/1040x760/1630572.png
77451,Ted Manakas,Ted,Manakas,False,https://cdn.nba.com/headshots/nba/latest/1040x760/77451.png
77452,John Mandic,John,Mandic,False,https://cdn.nba.com/headshots/nba/latest/1040x760/77452.png
1630211,Karim Mane,Karim,Mane,False,https://cdn.nba.com/headshots/nba/latest/1040x760/1630211.png
77453,Frank Mangiapane,Frank,Mangiapane,False,https://cdn.nba.com/headshots/nba/latest/1040x760/77453.png
986,Marcus Mann,Marcus,Mann,False,https://cdn.nba.com/headshots/nba/latest/1040x760/986.png
1629611,Terance Mann,Terance,Mann,True,https://cdn.nba.com/headshots/nba/latest/1040x760/1629611.png
1630544,Tre Mann,Tre,Mann,True,https://cdn.nba.com/headshots/nba/latest/1040x760/1630544.png
330,Danny Manning,Danny,Manning,False,https://cdn.nba.com/headshots/nba/latest/1040x760/330.png
77454,Ed Manning,Ed,Manning,False,https://cdn.nba.com/headshots/nba/latest/1040x760/77454.png
316,Richard Manning,Richard,Manning,False,https://cdn.nba.com/headshots/nba/latest/1040x760/316.png
1630185,Nico Mannion,Nico,Mannion,False,https://cdn.nba.com/headshots/nba/latest/1040x760/1630185.png
77456,Pace Mannion,Pace,Mannion,False,https://cdn.nba.com/headshots/nba/latest/1040x760/77456.png
77457,Nick Mantis,Nick,Mantis,False,https://cdn.nba.com/headshots/nba/latest/1040x760/77457.png
77459,Pete Maravich,Pete,Maravich,False,https://cdn.nba.com/headshots/nba/latest/1040x760/77459.png
77458,Peter Maravich,Peter,Maravich,False,https://cdn.nba.com/headshots/nba/latest/1040x760/77458.png
203906,Devyn Marble,Devyn,Marble,False,https://cdn.nba.com/headshots/nba/latest/1040x760/203906.png
77460,Roy Marble,Roy,Marble,False,https://cdn.nba.com/headshots/nba/latest/1040x760/77460.png
950,Stephon Marbury,Stephon,Marbury,False,https://cdn.nba.com/headshots/nba/latest/1040x760/950.png
36,Sarunas Marciulionis,Sarunas,Marciulionis,False,https://cdn.nba.com/headshots/nba/latest/1040x760/36.png
77462,Saul Mariaschin,Saul,Mariaschin,False,https://cdn.nba.com/headshots/nba/latest/1040x760/77462.png
77463,Jack Marin,Jack,Marin,False,https://cdn.nba.com/headshots/nba/latest/1040x760/77463.png
1890,Shawn Marion,Shawn,Marion,False,https://cdn.nba.com/headshots/nba/latest/1040x760/1890.png
1626246,Boban Marjanović,Boban,Marjanović,False,https://cdn.nba.com/headshots/nba/latest/1040x760/1626246.png
1628374,Lauri Markkanen,Lauri,Markkanen,True,https://cdn.nba.com/headshots/nba/latest/1040x760/1628374.png
200806,Damir Markota,Damir,Markota,False,https://cdn.nba.com/headshots/nba/latest/1040x760/200806.png
1752,Sean Marks,Sean,Marks,False,https://cdn.nba.com/headshots/nba/latest/1040x760/1752.png
77464,Harvey Marlatt,Harvey,Marlatt,False,https://cdn.nba.com/headshots/nba/latest/1040x760/77464.png
77465,Eric Marsh,Eric,Marsh,False,https://cdn.nba.com/headshots/nba/latest/1040x760/77465.png
77466,Jim Marsh,Jim,Marsh,False,https://cdn.nba.com/headshots/nba/latest/1040x760/77466.png
681,Donny Marshall,Donny,Marshall,False,https://cdn.nba.com/headshots/nba/latest/1040x760/681.png
923,Donyell Marshall,Donyell,Marshall,False,https://cdn.nba.com/headshots/nba/latest/1040x760/923.png
203088,Kendall Marshall,Kendall,Marshall,False,https://cdn.nba.com/headshots/nba/latest/1040x760/203088.png
1630230,Naji Marshall,Naji,Marshall,True,https://cdn.nba.com/headshots/nba/latest/1040x760/1630230.png
101185,Rawle Marshall,Rawle,Marshall,False,https://cdn.nba.com/headshots/nba/latest/1040x760/101185.png
77467,Tom Marshall,Tom,Marshall,False,https://cdn.nba.com/headshots/nba/latest/1040x760/77467.png
77468,Vester Marshall,Vester,Marshall,False,https://cdn.nba.com/headshots/nba/latest/1040x760/77468.png
77481,Bill Martin,Bill,Martin,False,https://cdn.nba.com/headshots/nba/latest/1040x760/77481.png
77478,Bob Martin,Bob,Martin,False,https://cdn.nba.com/headshots/nba/latest/1040x760/77478.png
77469,Brian Martin,Brian,Martin,False,https://cdn.nba.com/headshots/nba/latest/1040x760/77469.png
1628997,Caleb Martin,Caleb,Martin,True,https://cdn.nba.com/headshots/nba/latest/1040x760/1628997.png
201858,Cartier Martin,Cartier,Martin,False,https://cdn.nba.com/headshots/nba/latest/1040x760/201858.png
1628998,Cody Martin,Cody,Martin,True,https://cdn.nba.com/headshots/nba/latest/1040x760/1628998.png
733,Cuonzo Martin,Cuonzo,Martin,False,https://cdn.nba.com/headshots/nba/latest/1040x760/733.png
239,Darrick Martin,Darrick,Martin,False,https://cdn.nba.com/headshots/nba/latest/1040x760/239.png
77473,Don Martin,Don,Martin,False,https://cdn.nba.com/headshots/nba/latest/1040x760/77473.png
77471,Donald Martin,Donald,Martin,False,https://cdn.nba.com/headshots/nba/latest/1040x760/77471.png
77472,Fernando Martin,Fernando,Martin,False,https://cdn.nba.com/headshots/nba/latest/1040x760/77472.png
1626185,Jarell Martin,Jarell,Martin,False,https://cdn.nba.com/headshots/nba/latest/1040x760/1626185.png
1641798,Jaylen Martin,Jaylen,Martin,True,https://cdn.nba.com/headshots/nba/latest/1040x760/1641798.png
77474,Jeff Martin,Jeff,Martin,False,https://cdn.nba.com/headshots/nba/latest/1040x760/77474.png
1629725,Jeremiah Martin,Jeremiah,Martin,False,https://cdn.nba.com/headshots/nba/latest/1040x760/1629725.png
1630231,KJ Martin,KJ,Martin,True,https://cdn.nba.com/headshots/nba/latest/1040x760/1630231.png
1629103,Kelan Martin,Kelan,Martin,False,https://cdn.nba.com/headshots/nba/latest/1040x760/1629103.png
2030,Kenyon Martin,Kenyon,Martin,False,https://cdn.nba.com/headshots/nba/latest/1040x760/2030.png
2755,Kevin Martin,Kevin,Martin,False,https://cdn.nba.com/headshots/nba/latest/1040x760/2755.png
77475,Larue Martin,Larue,Martin,False,https://cdn.nba.com/headshots/nba/latest/1040x760/77475.png
77476,Mo Martin,Mo,Martin,False,https://cdn.nba.com/headshots/nba/latest/1040x760/77476.png
77477,Phil Martin,Phil,Martin,False,https://cdn.nba.com/headshots/nba/latest/1040x760/77477.png
77479,Ronald Martin,Ronald,Martin,False,https://cdn.nba.com/headshots/nba/latest/1040x760/77479.png
77480,Slater Martin,Slater,Martin,False,https://cdn.nba.com/headshots/nba/latest/1040x760/77480.png
1631213,Tyrese Martin,Tyrese,Martin,True,https://cdn.nba.com/headshots/nba/latest/1040x760/1631213.png
469,Jamal Mashburn,Jamal,Mashburn,False,https://cdn.nba.com/headshots/nba/latest/1040x760/469.png
77482,Al Masino,Al,Masino,False,https://cdn.nba.com/headshots/nba/latest/1040x760/77482.png
193,Anthony Mason,Anthony,Mason,False,https://cdn.nba.com/headshots/nba/latest/1040x760/193.png
2046,Desmond Mason,Desmond,Mason,False,https://cdn.nba.com/headshots/nba/latest/1040x760/2046.png
1628412,Frank Mason III,Frank,Mason III,False,https://cdn.nba.com/headshots/nba/latest/1040x760/1628412.png
2427,Roger Mason Jr.,Roger,Mason Jr.,False,https://cdn.nba.com/headshots/nba/latest/1040x760/2427.png
763,Tony Massenburg,Tony,Massenburg,False,https://cdn.nba.com/headshots/nba/latest/1040x760/763.png
77483,Eddie Mast,Eddie,Mast,False,https://cdn.nba.com/headshots/nba/latest/1040x760/77483.png
1628999,Yante Maten,Yante,Maten,False,https://cdn.nba.com/headshots/nba/latest/1040x760/1628999.png
1629726,Garrison Mathews,Garrison,Mathews,True,https://cdn.nba.com/headshots/nba/latest/1040x760/1629726.png
1628493,Mangok Mathiang,Mangok,Mathiang,False,https://cdn.nba.com/headshots/nba/latest/1040x760/1628493.png
1629751,Dakota Mathias,Dakota,Mathias,False,https://cdn.nba.com/headshots/nba/latest/1040x760/1629751.png
1631097,Bennedict Mathurin,Bennedict,Mathurin,True,https://cdn.nba.com/headshots/nba/latest/1040x760/1631097.png
1631255,Karlo Matković,Karlo,Matković,True,https://cdn.nba.com/headshots/nba/latest/1040x760/1631255.png
77484,Wes Matthews,Wes,Matthews,False,https://cdn.nba.com/headshots/nba/latest/1040x760/77484.png
202083,Wesley Matthews,Wesley,Matthews,False,https://cdn.nba.com/headshots/nba/latest/1040x760/202083.png
77485,Ariel Maughan,Ariel,Maughan,False,https://cdn.nba.com/headshots/nba/latest/1040x760/77485.png
77486,Marlon Maxey,Marlon,Maxey,False,https://cdn.nba.com/headshots/nba/latest/1040x760/77486.png
1630178,Tyrese Maxey,Tyrese,Maxey,True,https://cdn.nba.com/headshots/nba/latest/1040x760/1630178.png
101131,Jason Maxiell,Jason,Maxiell,False,https://cdn.nba.com/headshots/nba/latest/1040x760/101131.png
77487,Cedric Maxwell,Cedric,Maxwell,False,https://cdn.nba.com/headshots/nba/latest/1040x760/77487.png
137,Vernon Maxwell,Vernon,Maxwell,False,https://cdn.nba.com/headshots/nba/latest/1040x760/137.png
77489,Don May,Don,May,False,https://cdn.nba.com/headshots/nba/latest/1040x760/77489.png
77490,Scott May,Scott,May,False,https://cdn.nba.com/headshots/nba/latest/1040x760/77490.png
101118,Sean May,Sean,May,False,https://cdn.nba.com/headshots/nba/latest/1040x760/101118.png
195,Lee Mayberry,Lee,Mayberry,False,https://cdn.nba.com/headshots/nba/latest/1040x760/195.png
77492,Clyde Mayes,Clyde,Mayes,False,https://cdn.nba.com/headshots/nba/latest/1040x760/77492.png
77493,Tharon Mayes,Tharon,Mayes,False,https://cdn.nba.com/headshots/nba/latest/1040x760/77493.png
77495,Bill Mayfield,Bill,Mayfield,False,https://cdn.nba.com/headshots/nba/latest/1040x760/77495.png
77494,Ken Mayfield,Ken,Mayfield,False,https://cdn.nba.com/headshots/nba/latest/1040x760/77494.png
201953,Eric Maynor,Eric,Maynor,False,https://cdn.nba.com/headshots/nba/latest/1040x760/201953.png
201564,O.J. Mayo,O.J.,Mayo,False,https://cdn.nba.com/headshots/nba/latest/1040x760/201564.png
1630219,Skylar Mays,Skylar,Mays,False,https://cdn.nba.com/headshots/nba/latest/1040x760/1630219.png
77496,Travis Mays,Travis,Mays,False,https://cdn.nba.com/headshots/nba/latest/1040x760/77496.png
77497,Matt Mazza,Matt,Mazza,False,https://cdn.nba.com/headshots/nba/latest/1040x760/77497.png
201601,Luc Mbah a Moute,Luc,Mbah a Moute,False,https://cdn.nba.com/headshots/nba/latest/1040x760/201601.png
2788,DJ Mbenga,DJ,Mbenga,False,https://cdn.nba.com/headshots/nba/latest/1040x760/2788.png
77498,Bob McAdoo,Bob,McAdoo,False,https://cdn.nba.com/headshots/nba/latest/1040x760/77498.png
203949,James Michael McAdoo,James Michael,McAdoo,False,https://cdn.nba.com/headshots/nba/latest/1040x760/203949.png
77499,Ken McBride,Ken,McBride,False,https://cdn.nba.com/headshots/nba/latest/1040x760/77499.png
1630540,Miles McBride,Miles,McBride,True,https://cdn.nba.com/headshots/nba/latest/1040x760/1630540.png
1642272,Jared McCain,Jared,McCain,True,https://cdn.nba.com/headshots/nba/latest/1040x760/1642272.png
1628769,Tahjere McCall,Tahjere,McCall,False,https://cdn.nba.com/headshots/nba/latest/1040x760/1628769.png
203492,Ray McCallum,Ray,McCallum,False,https://cdn.nba.com/headshots/nba/latest/1040x760/203492.png
737,Bob McCann,Bob,McCann,False,https://cdn.nba.com/headshots/nba/latest/1040x760/737.png
77500,Brendan McCann,Brendan,McCann,False,https://cdn.nba.com/headshots/nba/latest/1040x760/77500.png
77502,Mel McCants,Mel,McCants,False,https://cdn.nba.com/headshots/nba/latest/1040x760/77502.png
101119,Rashad McCants,Rashad,McCants,False,https://cdn.nba.com/headshots/nba/latest/1040x760/101119.png
77503,Mike McCarron,Mike,McCarron,False,https://cdn.nba.com/headshots/nba/latest/1040x760/77503.png
77504,Andre McCarter,Andre,McCarter,False,https://cdn.nba.com/headshots/nba/latest/1040x760/77504.png
77505,Willie McCarter,Willie,McCarter,False,https://cdn.nba.com/headshots/nba/latest/1040x760/77505.png
77506,Johnny McCarthy,Johnny,McCarthy,False,https://cdn.nba.com/headshots/nba/latest/1040x760/77506.png
77507,Howie McCarty,Howie,McCarty,False,https://cdn.nba.com/headshots/nba/latest/1040x760/77507.png
1820,Kelly McCarty,Kelly,McCarty,False,https://cdn.nba.com/headshots/nba/latest/1040x760/1820.png
962,Walter McCarty,Walter,McCarty,False,https://cdn.nba.com/headshots/nba/latest/1040x760/962.png
1043,Amal McCaskill,Amal,McCaskill,False,https://cdn.nba.com/headshots/nba/latest/1040x760/1043.png
1627775,Patrick McCaw,Patrick,McCaw,False,https://cdn.nba.com/headshots/nba/latest/1040x760/1627775.png
77509,Dwayne McClain,Dwayne,McClain,False,https://cdn.nba.com/headshots/nba/latest/1040x760/77509.png
77510,Ted 'Hound Dog' McClain,Ted 'Hound Dog',McClain,False,https://cdn.nba.com/headshots/nba/latest/1040x760/77510.png
2082,Dan McClintock,Dan,McClintock,False,https://cdn.nba.com/headshots/nba/latest/1040x760/2082.png
77512,Jack McCloskey,Jack,McCloskey,False,https://cdn.nba.com/headshots/nba/latest/1040x760/77512.png
45,George McCloud,George,McCloud,False,https://cdn.nba.com/headshots/nba/latest/1040x760/45.png
1630644,Mac McClung,Mac,McClung,True,https://cdn.nba.com/headshots/nba/latest/1040x760/1630644.png
203468,CJ McCollum,CJ,McCollum,True,https://cdn.nba.com/headshots/nba/latest/1040x760/203468.png
77513,John McConathy,John,McConathy,False,https://cdn.nba.com/headshots/nba/latest/1040x760/77513.png
77514,Paul McConnell,Paul,McConnell,False,https://cdn.nba.com/headshots/nba/latest/1040x760/77514.png
204456,T.J. McConnell,T.J.,McConnell,True,https://cdn.nba.com/headshots/nba/latest/1040x760/204456.png
77515,Keith McCord,Keith,McCord,False,https://cdn.nba.com/headshots/nba/latest/1040x760/77515.png
77516,Tim McCormick,Tim,McCormick,False,https://cdn.nba.com/headshots/nba/latest/1040x760/77516.png
1741,Jelani McCoy,Jelani,McCoy,False,https://cdn.nba.com/headshots/nba/latest/1040x760/1741.png
77517,Paul McCracken,Paul,McCracken,False,https://cdn.nba.com/headshots/nba/latest/1040x760/77517.png
200840,Chris McCray,Chris,McCray,False,https://cdn.nba.com/headshots/nba/latest/1040x760/200840.png
1622,Rodney McCray,Rodney,McCray,False,https://cdn.nba.com/headshots/nba/latest/1040x760/1622.png
77518,Scooter McCray,Scooter,McCray,False,https://cdn.nba.com/headshots/nba/latest/1040x760/77518.png
1628571,Erik McCree,Erik,McCree,False,https://cdn.nba.com/headshots/nba/latest/1040x760/1628571.png
1641755,Kevin McCullar Jr.,Kevin,McCullar Jr.,True,https://cdn.nba.com/headshots/nba/latest/1040x760/1641755.png
1626191,Chris McCullough,Chris,McCullough,False,https://cdn.nba.com/headshots/nba/latest/1040x760/1626191.png
77520,John McCullough,John,McCullough,False,https://cdn.nba.com/headshots/nba/latest/1040x760/77520.png
723,Clint McDaniel,Clint,McDaniel,False,https://cdn.nba.com/headshots/nba/latest/1040x760/723.png
1365,Xavier McDaniel,Xavier,McDaniel,False,https://cdn.nba.com/headshots/nba/latest/1040x760/1365.png
1630183,Jaden McDaniels,Jaden,McDaniels,True,https://cdn.nba.com/headshots/nba/latest/1040x760/1630183.png
1629667,Jalen McDaniels,Jalen,McDaniels,True,https://cdn.nba.com/headshots/nba/latest/1040x760/1629667.png
77523,Jim McDaniels,Jim,McDaniels,False,https://cdn.nba.com/headshots/nba/latest/1040x760/77523.png
203909,KJ McDaniels,KJ,McDaniels,False,https://cdn.nba.com/headshots/nba/latest/1040x760/203909.png
203926,Doug McDermott,Doug,McDermott,True,https://cdn.nba.com/headshots/nba/latest/1040x760/203926.png
1630253,Sean McDermott,Sean,McDermott,False,https://cdn.nba.com/headshots/nba/latest/1040x760/1630253.png
77524,Ben McDonald,Ben,McDonald,False,https://cdn.nba.com/headshots/nba/latest/1040x760/77524.png
77525,Glenn McDonald,Glenn,McDonald,False,https://cdn.nba.com/headshots/nba/latest/1040x760/77525.png
1075,Michael McDonald,Michael,McDonald,False,https://cdn.nba.com/headshots/nba/latest/1040x760/1075.png
77527,Hank McDowell,Hank,McDowell,False,https://cdn.nba.com/headshots/nba/latest/1040x760/77527.png
686,Antonio McDyess,Antonio,McDyess,False,https://cdn.nba.com/headshots/nba/latest/1040x760/686.png
77528,Jim McElroy,Jim,McElroy,False,https://cdn.nba.com/headshots/nba/latest/1040x760/77528.png
200829,Ivan McFarlin,Ivan,McFarlin,False,https://cdn.nba.com/headshots/nba/latest/1040x760/200829.png
77529,Mel McGaha,Mel,McGaha,False,https://cdn.nba.com/headshots/nba/latest/1040x760/77529.png
203956,Mitch McGary,Mitch,McGary,False,https://cdn.nba.com/headshots/nba/latest/1040x760/203956.png
201580,JaVale McGee,JaVale,McGee,False,https://cdn.nba.com/headshots/nba/latest/1040x760/201580.png
77530,Mike McGee,Mike,McGee,False,https://cdn.nba.com/headshots/nba/latest/1040x760/77530.png
77531,Bill McGill,Bill,McGill,False,https://cdn.nba.com/headshots/nba/latest/1040x760/77531.png
77532,George McGinnis,George,McGinnis,False,https://cdn.nba.com/headshots/nba/latest/1040x760/77532.png
77533,Jon McGlocklin,Jon,McGlocklin,False,https://cdn.nba.com/headshots/nba/latest/1040x760/77533.png
1631121,Bryce McGowens,Bryce,McGowens,True,https://cdn.nba.com/headshots/nba/latest/1040x760/1631121.png
1503,Tracy McGrady,Tracy,McGrady,False,https://cdn.nba.com/headshots/nba/latest/1040x760/1503.png
77534,Gil McGregor,Gil,McGregor,False,https://cdn.nba.com/headshots/nba/latest/1040x760/77534.png
1630787,Cameron McGriff,Cameron,McGriff,False,https://cdn.nba.com/headshots/nba/latest/1040x760/1630787.png
203585,Rodney McGruder,Rodney,McGruder,False,https://cdn.nba.com/headshots/nba/latest/1040x760/203585.png
77536,Al McGuire,Al,McGuire,False,https://cdn.nba.com/headshots/nba/latest/1040x760/77536.png
77535,Allie McGuire,Allie,McGuire,False,https://cdn.nba.com/headshots/nba/latest/1040x760/77535.png
77537,Dick McGuire,Dick,McGuire,False,https://cdn.nba.com/headshots/nba/latest/1040x760/77537.png
201187,Dominic McGuire,Dominic,McGuire,False,https://cdn.nba.com/headshots/nba/latest/1040x760/201187.png
1450,Kevin McHale,Kevin,McHale,False,https://cdn.nba.com/headshots/nba/latest/1040x760/1450.png
29,Jim McIlvaine,Jim,McIlvaine,False,https://cdn.nba.com/headshots/nba/latest/1040x760/29.png
976,Jeff McInnis,Jeff,McInnis,False,https://cdn.nba.com/headshots/nba/latest/1040x760/976.png
77540,Kenny McIntosh,Kenny,McIntosh,False,https://cdn.nba.com/headshots/nba/latest/1040x760/77540.png
77541,Kevin McKenna,Kevin,McKenna,False,https://cdn.nba.com/headshots/nba/latest/1040x760/77541.png
77542,Forrest McKenzie,Forrest,McKenzie,False,https://cdn.nba.com/headshots/nba/latest/1040x760/77542.png
77543,Stan McKenzie,Stan,McKenzie,False,https://cdn.nba.com/headshots/nba/latest/1040x760/77543.png
365,Derrick McKey,Derrick,McKey,False,https://cdn.nba.com/headshots/nba/latest/1040x760/365.png
243,Aaron McKie,Aaron,McKie,False,https://cdn.nba.com/headshots/nba/latest/1040x760/243.png
77547,Billy McKinney,Billy,McKinney,False,https://cdn.nba.com/headshots/nba/latest/1040x760/77547.png
77545,Carlton McKinney,Carlton,McKinney,False,https://cdn.nba.com/headshots/nba/latest/1040x760/77545.png
77546,Horace McKinney,Horace,McKinney,False,https://cdn.nba.com/headshots/nba/latest/1040x760/77546.png
203590,Trey McKinney-Jones,Trey,McKinney-Jones,False,https://cdn.nba.com/headshots/nba/latest/1040x760/203590.png
1628035,Alfonzo McKinnie,Alfonzo,McKinnie,False,https://cdn.nba.com/headshots/nba/latest/1040x760/1628035.png
1630605,JaQuori McLaughlin,JaQuori,McLaughlin,False,https://cdn.nba.com/headshots/nba/latest/1040x760/1630605.png
1629162,Jordan McLaughlin,Jordan,McLaughlin,True,https://cdn.nba.com/headshots/nba/latest/1040x760/1629162.png
203463,Ben McLemore,Ben,McLemore,False,https://cdn.nba.com/headshots/nba/latest/1040x760/203463.png
77548,Mccoy McLemore,Mccoy,McLemore,False,https://cdn.nba.com/headshots/nba/latest/1040x760/77548.png
77549,George McLeod,George,McLeod,False,https://cdn.nba.com/headshots/nba/latest/1040x760/77549.png
2693,Keith McLeod,Keith,McLeod,False,https://cdn.nba.com/headshots/nba/latest/1040x760/2693.png
1728,Roshown McLeod,Roshown,McLeod,False,https://cdn.nba.com/headshots/nba/latest/1040x760/1728.png
77551,Jack McMahon,Jack,McMahon,False,https://cdn.nba.com/headshots/nba/latest/1040x760/77551.png
203,Nate McMillan,Nate,McMillan,False,https://cdn.nba.com/headshots/nba/latest/1040x760/203.png
77553,Tom McMillen,Tom,McMillen,False,https://cdn.nba.com/headshots/nba/latest/1040x760/77553.png
77554,Jim McMillian,Jim,McMillian,False,https://cdn.nba.com/headshots/nba/latest/1040x760/77554.png
77555,Shellie McMillon,Shellie,McMillon,False,https://cdn.nba.com/headshots/nba/latest/1040x760/77555.png
77556,Mal McMullan,Mal,McMullan,False,https://cdn.nba.com/headshots/nba/latest/1040x760/77556.png
77557,Chet McNabb,Chet,McNabb,False,https://cdn.nba.com/headshots/nba/latest/1040x760/77557.png
77558,Mark McNamara,Mark,McNamara,False,https://cdn.nba.com/headshots/nba/latest/1040x760/77558.png
77559,Joe McNamee,Joe,McNamee,False,https://cdn.nba.com/headshots/nba/latest/1040x760/77559.png
202077,Jerel McNeal,Jerel,McNeal,False,https://cdn.nba.com/headshots/nba/latest/1040x760/202077.png
77560,Chris McNealy,Chris,McNealy,False,https://cdn.nba.com/headshots/nba/latest/1040x760/77560.png
77562,Bob McNeill,Bob,McNeill,False,https://cdn.nba.com/headshots/nba/latest/1040x760/77562.png
77561,Larry McNeill,Larry,McNeill,False,https://cdn.nba.com/headshots/nba/latest/1040x760/77561.png
77563,Carl McNulty,Carl,McNulty,False,https://cdn.nba.com/headshots/nba/latest/1040x760/77563.png
2101,Paul McPherson,Paul,McPherson,False,https://cdn.nba.com/headshots/nba/latest/1040x760/2101.png
77565,Cozell McQueen,Cozell,McQueen,False,https://cdn.nba.com/headshots/nba/latest/1040x760/77565.png
203895,Jordan McRae,Jordan,McRae,False,https://cdn.nba.com/headshots/nba/latest/1040x760/203895.png
77566,Thales McReynolds,Thales,McReynolds,False,https://cdn.nba.com/headshots/nba/latest/1040x760/77566.png
201177,Josh McRoberts,Josh,McRoberts,False,https://cdn.nba.com/headshots/nba/latest/1040x760/201177.png
1629098,Jack McVeigh,Jack,McVeigh,True,https://cdn.nba.com/headshots/nba/latest/1040x760/1629098.png
77567,Eric McWilliams,Eric,McWilliams,False,https://cdn.nba.com/headshots/nba/latest/1040x760/77567.png
77568,George Mearns,George,Mearns,False,https://cdn.nba.com/headshots/nba/latest/1040x760/77568.png
2098,Slava Medvedenko,Slava,Medvedenko,False,https://cdn.nba.com/headshots/nba/latest/1040x760/2098.png
1577,Darnell Mee,Darnell,Mee,False,https://cdn.nba.com/headshots/nba/latest/1040x760/1577.png
201975,Jodie Meeks,Jodie,Meeks,False,https://cdn.nba.com/headshots/nba/latest/1040x760/201975.png
77570,Cliff Meely,Cliff,Meely,False,https://cdn.nba.com/headshots/nba/latest/1040x760/77570.png
77571,Scott Meents,Scott,Meents,False,https://cdn.nba.com/headshots/nba/latest/1040x760/77571.png
77572,Dick Mehen,Dick,Mehen,False,https://cdn.nba.com/headshots/nba/latest/1040x760/77572.png
77573,Don Meineke,Don,Meineke,False,https://cdn.nba.com/headshots/nba/latest/1040x760/77573.png
77574,Carl Meinhold,Carl,Meinhold,False,https://cdn.nba.com/headshots/nba/latest/1040x760/77574.png
1626257,Salah Mejri,Salah,Mejri,False,https://cdn.nba.com/headshots/nba/latest/1040x760/1626257.png
203539,Gal Mekel,Gal,Mekel,False,https://cdn.nba.com/headshots/nba/latest/1040x760/203539.png
77576,Bill Melchionni,Bill,Melchionni,False,https://cdn.nba.com/headshots/nba/latest/1040x760/77576.png
77575,Gary Melchionni,Gary,Melchionni,False,https://cdn.nba.com/headshots/nba/latest/1040x760/77575.png
1629740,Nicolo Melli,Nicolo,Melli,False,https://cdn.nba.com/headshots/nba/latest/1040x760/1629740.png
203097,Fab Melo,Fab,Melo,False,https://cdn.nba.com/headshots/nba/latest/1040x760/203097.png
1629001,De'Anthony Melton,De'Anthony,Melton,True,https://cdn.nba.com/headshots/nba/latest/1040x760/1629001.png
77577,Ed Melvin,Ed,Melvin,False,https://cdn.nba.com/headshots/nba/latest/1040x760/77577.png
77578,Dean Meminger,Dean,Meminger,False,https://cdn.nba.com/headshots/nba/latest/1040x760/77578.png
77579,Chuck Mencel,Chuck,Mencel,False,https://cdn.nba.com/headshots/nba/latest/1040x760/77579.png
77580,John Mengelt,John,Mengelt,False,https://cdn.nba.com/headshots/nba/latest/1040x760/77580.png
77581,Ken Menke,Ken,Menke,False,https://cdn.nba.com/headshots/nba/latest/1040x760/77581.png
1641877,Nathan Mensah,Nathan,Mensah,False,https://cdn.nba.com/headshots/nba/latest/1040x760/1641877.png
200822,Pops Mensah-Bonsu,Pops,Mensah-Bonsu,False,https://cdn.nba.com/headshots/nba/latest/1040x760/200822.png
1500,Ron Mercer,Ron,Mercer,False,https://cdn.nba.com/headshots/nba/latest/1040x760/1500.png
77582,Joe Meriweather,Joe,Meriweather,False,https://cdn.nba.com/headshots/nba/latest/1040x760/77582.png
77583,Porter Meriwether,Porter,Meriwether,False,https://cdn.nba.com/headshots/nba/latest/1040x760/77583.png
1630241,Sam Merrill,Sam,Merrill,True,https://cdn.nba.com/headshots/nba/latest/1040x760/1630241.png
77584,Tom Meschery,Tom,Meschery,False,https://cdn.nba.com/headshots/nba/latest/1040x760/77584.png
1629002,Chimezie Metu,Chimezie,Metu,False,https://cdn.nba.com/headshots/nba/latest/1040x760/1629002.png
684,Loren Meyer,Loren,Meyer,False,https://cdn.nba.com/headshots/nba/latest/1040x760/684.png
77586,Dave Meyers,Dave,Meyers,False,https://cdn.nba.com/headshots/nba/latest/1040x760/77586.png
77587,Stan Miasek,Stan,Miasek,False,https://cdn.nba.com/headshots/nba/latest/1040x760/77587.png
77588,Larry Micheaux,Larry,Micheaux,False,https://cdn.nba.com/headshots/nba/latest/1040x760/77588.png
203995,Vasilije Micić,Vasilije,Micić,True,https://cdn.nba.com/headshots/nba/latest/1040x760/203995.png
1626175,Jordan Mickey,Jordan,Mickey,False,https://cdn.nba.com/headshots/nba/latest/1040x760/1626175.png
203114,Khris Middleton,Khris,Middleton,True,https://cdn.nba.com/headshots/nba/latest/1040x760/203114.png
77589,Zigmund Mihalik,Zigmund,Mihalik,False,https://cdn.nba.com/headshots/nba/latest/1040x760/77589.png
2036,Chris Mihm,Chris,Mihm,False,https://cdn.nba.com/headshots/nba/latest/1040x760/2036.png
1628450,Eric Mika,Eric,Mika,False,https://cdn.nba.com/headshots/nba/latest/1040x760/1628450.png
77590,Ed Mikan,Ed,Mikan,False,https://cdn.nba.com/headshots/nba/latest/1040x760/77590.png
600012,George Mikan,George,Mikan,False,https://cdn.nba.com/headshots/nba/latest/1040x760/600012.png
77591,Larry Mikan,Larry,Mikan,False,https://cdn.nba.com/headshots/nba/latest/1040x760/77591.png
77593,Vern Mikkelsen,Vern,Mikkelsen,False,https://cdn.nba.com/headshots/nba/latest/1040x760/77593.png
77594,Al Miksis,Al,Miksis,False,https://cdn.nba.com/headshots/nba/latest/1040x760/77594.png
101223,Aaron Miles,Aaron,Miles,False,https://cdn.nba.com/headshots/nba/latest/1040x760/101223.png
101139,CJ Miles,CJ,Miles,False,https://cdn.nba.com/headshots/nba/latest/1040x760/101139.png
2032,Darius Miles,Darius,Miles,False,https://cdn.nba.com/headshots/nba/latest/1040x760/2032.png
77596,Eddie Miles,Eddie,Miles,False,https://cdn.nba.com/headshots/nba/latest/1040x760/77596.png
1527,Marko Milic,Marko,Milic,False,https://cdn.nba.com/headshots/nba/latest/1040x760/1527.png
2545,Darko Milicic,Darko,Milicic,False,https://cdn.nba.com/headshots/nba/latest/1040x760/2545.png
77598,Nat Militzok,Nat,Militzok,False,https://cdn.nba.com/headshots/nba/latest/1040x760/77598.png
1889,Andre Miller,Andre,Miller,False,https://cdn.nba.com/headshots/nba/latest/1040x760/1889.png
292,Anthony Miller,Anthony,Miller,False,https://cdn.nba.com/headshots/nba/latest/1040x760/292.png
77605,Bill Miller,Bill,Miller,False,https://cdn.nba.com/headshots/nba/latest/1040x760/77605.png
77603,Bob Miller,Bob,Miller,False,https://cdn.nba.com/headshots/nba/latest/1040x760/77603.png
1802,Brad Miller,Brad,Miller,False,https://cdn.nba.com/headshots/nba/latest/1040x760/1802.png
1641706,Brandon Miller,Brandon,Miller,True,https://cdn.nba.com/headshots/nba/latest/1040x760/1641706.png
203121,Darius Miller,Darius,Miller,False,https://cdn.nba.com/headshots/nba/latest/1040x760/203121.png
77602,Dick Miller,Dick,Miller,False,https://cdn.nba.com/headshots/nba/latest/1040x760/77602.png
77599,Eddie Miller,Eddie,Miller,False,https://cdn.nba.com/headshots/nba/latest/1040x760/77599.png
1641801,Emanuel Miller,Emanuel,Miller,True,https://cdn.nba.com/headshots/nba/latest/1040x760/1641801.png
77600,Harry Miller,Harry,Miller,False,https://cdn.nba.com/headshots/nba/latest/1040x760/77600.png
77601,Jay Miller,Jay,Miller,False,https://cdn.nba.com/headshots/nba/latest/1040x760/77601.png
1641757,Jordan Miller,Jordan,Miller,True,https://cdn.nba.com/headshots/nba/latest/1040x760/1641757.png
1631159,Leonard Miller,Leonard,Miller,True,https://cdn.nba.com/headshots/nba/latest/1040x760/1631159.png
1626259,Malcolm Miller,Malcolm,Miller,False,https://cdn.nba.com/headshots/nba/latest/1040x760/1626259.png
2034,Mike Miller,Mike,Miller,False,https://cdn.nba.com/headshots/nba/latest/1040x760/2034.png
932,Oliver Miller,Oliver,Miller,False,https://cdn.nba.com/headshots/nba/latest/1040x760/932.png
203113,Quincy Miller,Quincy,Miller,False,https://cdn.nba.com/headshots/nba/latest/1040x760/203113.png
397,Reggie Miller,Reggie,Miller,False,https://cdn.nba.com/headshots/nba/latest/1040x760/397.png
77604,Walt Miller,Walt,Miller,False,https://cdn.nba.com/headshots/nba/latest/1040x760/77604.png
168,Chris Mills,Chris,Mills,False,https://cdn.nba.com/headshots/nba/latest/1040x760/168.png
77606,John Mills,John,Mills,False,https://cdn.nba.com/headshots/nba/latest/1040x760/77606.png
201988,Patty Mills,Patty,Mills,True,https://cdn.nba.com/headshots/nba/latest/1040x760/201988.png
371,Terry Mills,Terry,Mills,False,https://cdn.nba.com/headshots/nba/latest/1040x760/371.png
202407,Elijah Millsap,Elijah,Millsap,False,https://cdn.nba.com/headshots/nba/latest/1040x760/202407.png
200794,Paul Millsap,Paul,Millsap,False,https://cdn.nba.com/headshots/nba/latest/1040x760/200794.png
1629003,Shake Milton,Shake,Milton,True,https://cdn.nba.com/headshots/nba/latest/1040x760/1629003.png
1631303,Justin Minaya,Justin,Minaya,True,https://cdn.nba.com/headshots/nba/latest/1040x760/1631303.png
114,Harold Miner,Harold,Miner,False,https://cdn.nba.com/headshots/nba/latest/1040x760/114.png
1642434,Riley Minix,Riley,Minix,True,https://cdn.nba.com/headshots/nba/latest/1040x760/1642434.png
77609,Dirk Minniefield,Dirk,Minniefield,False,https://cdn.nba.com/headshots/nba/latest/1040x760/77609.png
77610,Dave Minor,Dave,Minor,False,https://cdn.nba.com/headshots/nba/latest/1040x760/77610.png
65,Greg Minor,Greg,Minor,False,https://cdn.nba.com/headshots/nba/latest/1040x760/65.png
77612,Mark Minor,Mark,Minor,False,https://cdn.nba.com/headshots/nba/latest/1040x760/77612.png
1631169,Josh Minott,Josh,Minott,True,https://cdn.nba.com/headshots/nba/latest/1040x760/1631169.png
202703,Nikola Mirotic,Nikola,Mirotic,False,https://cdn.nba.com/headshots/nba/latest/1040x760/202703.png
77613,Wat Misaka,Wat,Misaka,False,https://cdn.nba.com/headshots/nba/latest/1040x760/77613.png
1954,Jason Miskiri,Jason,Miskiri,False,https://cdn.nba.com/headshots/nba/latest/1040x760/1954.png
1642274,Yves Missi,Yves,Missi,True,https://cdn.nba.com/headshots/nba/latest/1040x760/1642274.png
1642349,Ajay Mitchell,Ajay,Mitchell,True,https://cdn.nba.com/headshots/nba/latest/1040x760/1642349.png
1630558,Davion Mitchell,Davion,Mitchell,True,https://cdn.nba.com/headshots/nba/latest/1040x760/1630558.png
1628378,Donovan Mitchell,Donovan,Mitchell,True,https://cdn.nba.com/headshots/nba/latest/1040x760/1628378.png
77615,Mike Mitchell,Mike,Mitchell,False,https://cdn.nba.com/headshots/nba/latest/1040x760/77615.png
77616,Murray Mitchell,Murray,Mitchell,False,https://cdn.nba.com/headshots/nba/latest/1040x760/77616.png
417,Sam Mitchell,Sam,Mitchell,False,https://cdn.nba.com/headshots/nba/latest/1040x760/417.png
77614,Todd Mitchell,Todd,Mitchell,False,https://cdn.nba.com/headshots/nba/latest/1040x760/77614.png
203183,Tony Mitchell,Tony,Mitchell,False,https://cdn.nba.com/headshots/nba/latest/1040x760/203183.png
203502,Tony Mitchell,Tony,Mitchell,False,https://cdn.nba.com/headshots/nba/latest/1040x760/203502.png
1628513,Naz Mitrou-Long,Naz,Mitrou-Long,False,https://cdn.nba.com/headshots/nba/latest/1040x760/1628513.png
77618,Steve Mix,Steve,Mix,False,https://cdn.nba.com/headshots/nba/latest/1040x760/77618.png
77619,Bill Mlkvy,Bill,Mlkvy,False,https://cdn.nba.com/headshots/nba/latest/1040x760/77619.png
1749,Cuttino Mobley,Cuttino,Mobley,False,https://cdn.nba.com/headshots/nba/latest/1040x760/1749.png
211,Eric Mobley,Eric,Mobley,False,https://cdn.nba.com/headshots/nba/latest/1040x760/211.png
1630596,Evan Mobley,Evan,Mobley,True,https://cdn.nba.com/headshots/nba/latest/1040x760/1630596.png
1630600,Isaiah Mobley,Isaiah,Mobley,False,https://cdn.nba.com/headshots/nba/latest/1040x760/1630600.png
77621,Larry Moffett,Larry,Moffett,False,https://cdn.nba.com/headshots/nba/latest/1040x760/77621.png
1642367,Jonathan Mogbo,Jonathan,Mogbo,True,https://cdn.nba.com/headshots/nba/latest/1040x760/1642367.png
77622,Leo Mogus,Leo,Mogus,False,https://cdn.nba.com/headshots/nba/latest/1040x760/77622.png
1737,Nazr Mohammed,Nazr,Mohammed,False,https://cdn.nba.com/headshots/nba/latest/1040x760/1737.png
2040,Jerome Moiso,Jerome,Moiso,False,https://cdn.nba.com/headshots/nba/latest/1040x760/2040.png
77623,Paul Mokeski,Paul,Mokeski,False,https://cdn.nba.com/headshots/nba/latest/1040x760/77623.png
1629690,Adam Mokoka,Adam,Mokoka,False,https://cdn.nba.com/headshots/nba/latest/1040x760/1629690.png
77624,Jack Molinas,Jack,Molinas,False,https://cdn.nba.com/headshots/nba/latest/1040x760/77624.png
77625,Wayne Molis,Wayne,Molis,False,https://cdn.nba.com/headshots/nba/latest/1040x760/77625.png
77626,Sidney Moncrief,Sidney,Moncrief,False,https://cdn.nba.com/headshots/nba/latest/1040x760/77626.png
1631320,Chima Moneke,Chima,Moneke,False,https://cdn.nba.com/headshots/nba/latest/1040x760/1631320.png
77627,Eric Money,Eric,Money,False,https://cdn.nba.com/headshots/nba/latest/1040x760/77627.png
2752,Sergei Monia,Sergei,Monia,False,https://cdn.nba.com/headshots/nba/latest/1040x760/2752.png
1628370,Malik Monk,Malik,Monk,True,https://cdn.nba.com/headshots/nba/latest/1040x760/1628370.png
600006,Earl Monroe,Earl,Monroe,False,https://cdn.nba.com/headshots/nba/latest/1040x760/600006.png
202328,Greg Monroe,Greg,Monroe,False,https://cdn.nba.com/headshots/nba/latest/1040x760/202328.png
77628,Rodney Monroe,Rodney,Monroe,False,https://cdn.nba.com/headshots/nba/latest/1040x760/77628.png
1626242,Luis Montero,Luis,Montero,False,https://cdn.nba.com/headshots/nba/latest/1040x760/1626242.png
77630,Howie Montgomery,Howie,Montgomery,False,https://cdn.nba.com/headshots/nba/latest/1040x760/77630.png
376,Eric Montross,Eric,Montross,False,https://cdn.nba.com/headshots/nba/latest/1040x760/376.png
1630541,Moses Moody,Moses,Moody,True,https://cdn.nba.com/headshots/nba/latest/1040x760/1630541.png
200081,Jamario Moon,Jamario,Moon,False,https://cdn.nba.com/headshots/nba/latest/1040x760/200081.png
1629875,Xavier Moon,Xavier,Moon,False,https://cdn.nba.com/headshots/nba/latest/1040x760/1629875.png
77631,Jim Mooney,Jim,Mooney,False,https://cdn.nba.com/headshots/nba/latest/1040x760/77631.png
1629760,Matt Mooney,Matt,Mooney,False,https://cdn.nba.com/headshots/nba/latest/1040x760/1629760.png
77632,Andre Moore,Andre,Moore,False,https://cdn.nba.com/headshots/nba/latest/1040x760/77632.png
1628500,Ben Moore,Ben,Moore,False,https://cdn.nba.com/headshots/nba/latest/1040x760/1628500.png
202734,E'Twaun Moore,E'Twaun,Moore,False,https://cdn.nba.com/headshots/nba/latest/1040x760/202734.png
77634,Jackie Moore,Jackie,Moore,False,https://cdn.nba.com/headshots/nba/latest/1040x760/77634.png
77633,Johnny Moore,Johnny,Moore,False,https://cdn.nba.com/headshots/nba/latest/1040x760/77633.png
77635,Lowes Moore,Lowes,Moore,False,https://cdn.nba.com/headshots/nba/latest/1040x760/77635.png
1630,Mikki Moore,Mikki,Moore,False,https://cdn.nba.com/headshots/nba/latest/1040x760/1630.png
77636,Otto Moore,Otto,Moore,False,https://cdn.nba.com/headshots/nba/latest/1040x760/77636.png
77637,Ron Moore,Ron,Moore,False,https://cdn.nba.com/headshots/nba/latest/1040x760/77637.png
1631386,Tazé Moore,Tazé,Moore,True,https://cdn.nba.com/headshots/nba/latest/1040x760/1631386.png
929,Tracy Moore,Tracy,Moore,False,https://cdn.nba.com/headshots/nba/latest/1040x760/929.png
1631111,Wendell Moore Jr.,Wendell,Moore Jr.,True,https://cdn.nba.com/headshots/nba/latest/1040x760/1631111.png
1629630,Ja Morant,Ja,Morant,True,https://cdn.nba.com/headshots/nba/latest/1040x760/1629630.png
203961,Eric Moreland,Eric,Moreland,False,https://cdn.nba.com/headshots/nba/latest/1040x760/203961.png
77639,Jackie Moreland,Jackie,Moreland,False,https://cdn.nba.com/headshots/nba/latest/1040x760/77639.png
77640,Guy Morgan,Guy,Morgan,False,https://cdn.nba.com/headshots/nba/latest/1040x760/77640.png
1629752,Juwan Morgan,Juwan,Morgan,False,https://cdn.nba.com/headshots/nba/latest/1040x760/1629752.png
77641,Rex Morgan,Rex,Morgan,False,https://cdn.nba.com/headshots/nba/latest/1040x760/77641.png
77642,Elmo Morgenthaler,Elmo,Morgenthaler,False,https://cdn.nba.com/headshots/nba/latest/1040x760/77642.png
77644,Darren Morningstar,Darren,Morningstar,False,https://cdn.nba.com/headshots/nba/latest/1040x760/77644.png
356,Chris Morris,Chris,Morris,False,https://cdn.nba.com/headshots/nba/latest/1040x760/356.png
202721,Darius Morris,Darius,Morris,False,https://cdn.nba.com/headshots/nba/latest/1040x760/202721.png
77647,Isaiah Morris,Isaiah,Morris,False,https://cdn.nba.com/headshots/nba/latest/1040x760/77647.png
1628537,Jaylen Morris,Jaylen,Morris,False,https://cdn.nba.com/headshots/nba/latest/1040x760/1628537.png
202693,Markieff Morris,Markieff,Morris,True,https://cdn.nba.com/headshots/nba/latest/1040x760/202693.png
77646,Max Morris,Max,Morris,False,https://cdn.nba.com/headshots/nba/latest/1040x760/77646.png
1628420,Monté Morris,Monté,Morris,True,https://cdn.nba.com/headshots/nba/latest/1040x760/1628420.png
201043,Randolph Morris,Randolph,Morris,False,https://cdn.nba.com/headshots/nba/latest/1040x760/201043.png
2242,Terence Morris,Terence,Morris,False,https://cdn.nba.com/headshots/nba/latest/1040x760/2242.png
202694,Marcus Morris Sr.,Marcus,Morris Sr.,False,https://cdn.nba.com/headshots/nba/latest/1040x760/202694.png
200747,Adam Morrison,Adam,Morrison,False,https://cdn.nba.com/headshots/nba/latest/1040x760/200747.png
77648,Dwight Morrison,Dwight,Morrison,False,https://cdn.nba.com/headshots/nba/latest/1040x760/77648.png
77649,Mike Morrison,Mike,Morrison,False,https://cdn.nba.com/headshots/nba/latest/1040x760/77649.png
201627,Anthony Morrow,Anthony,Morrow,False,https://cdn.nba.com/headshots/nba/latest/1040x760/201627.png
132,Dwayne Morton,Dwayne,Morton,False,https://cdn.nba.com/headshots/nba/latest/1040x760/132.png
1972,John Morton,John,Morton,False,https://cdn.nba.com/headshots/nba/latest/1040x760/1972.png
77652,Richard Morton,Richard,Morton,False,https://cdn.nba.com/headshots/nba/latest/1040x760/77652.png
77653,Glenn Mosley,Glenn,Mosley,False,https://cdn.nba.com/headshots/nba/latest/1040x760/77653.png
77654,Perry Moss,Perry,Moss,False,https://cdn.nba.com/headshots/nba/latest/1040x760/77654.png
734,Lawrence Moten,Lawrence,Moten,False,https://cdn.nba.com/headshots/nba/latest/1040x760/734.png
202700,Donatas Motiejunas,Donatas,Motiejunas,False,https://cdn.nba.com/headshots/nba/latest/1040x760/202700.png
1628405,Johnathan Motley,Johnathan,Motley,False,https://cdn.nba.com/headshots/nba/latest/1040x760/1628405.png
2069,Hanno Mottola,Hanno,Mottola,False,https://cdn.nba.com/headshots/nba/latest/1040x760/2069.png
203102,Arnett Moultrie,Arnett,Moultrie,False,https://cdn.nba.com/headshots/nba/latest/1040x760/203102.png
297,Alonzo Mourning,Alonzo,Mourning,False,https://cdn.nba.com/headshots/nba/latest/1040x760/297.png
202389,Timofey Mozgov,Timofey,Mozgov,False,https://cdn.nba.com/headshots/nba/latest/1040x760/202389.png
77657,Chuck Mrazovich,Chuck,Mrazovich,False,https://cdn.nba.com/headshots/nba/latest/1040x760/77657.png
1626144,Emmanuel Mudiay,Emmanuel,Mudiay,False,https://cdn.nba.com/headshots/nba/latest/1040x760/1626144.png
77658,Erwin Mueller,Erwin,Mueller,False,https://cdn.nba.com/headshots/nba/latest/1040x760/77658.png
203498,Shabazz Muhammad,Shabazz,Muhammad,False,https://cdn.nba.com/headshots/nba/latest/1040x760/203498.png
1628539,Mychal Mulder,Mychal,Mulder,False,https://cdn.nba.com/headshots/nba/latest/1040x760/1628539.png
77659,Joe Mullaney,Joe,Mullaney,False,https://cdn.nba.com/headshots/nba/latest/1040x760/77659.png
77660,Bob Mullens,Bob,Mullens,False,https://cdn.nba.com/headshots/nba/latest/1040x760/77660.png
201957,Byron Mullens,Byron,Mullens,False,https://cdn.nba.com/headshots/nba/latest/1040x760/201957.png
904,Chris Mullin,Chris,Mullin,False,https://cdn.nba.com/headshots/nba/latest/1040x760/904.png
77662,Jeff Mullins,Jeff,Mullins,False,https://cdn.nba.com/headshots/nba/latest/1040x760/77662.png
942,Todd Mundt,Todd,Mundt,False,https://cdn.nba.com/headshots/nba/latest/1040x760/942.png
204098,Xavier Munford,Xavier,Munford,False,https://cdn.nba.com/headshots/nba/latest/1040x760/204098.png
77664,Chris Munk,Chris,Munk,False,https://cdn.nba.com/headshots/nba/latest/1040x760/77664.png
77665,George Munroe,George,Munroe,False,https://cdn.nba.com/headshots/nba/latest/1040x760/77665.png
785,Eric Murdock,Eric,Murdock,False,https://cdn.nba.com/headshots/nba/latest/1040x760/785.png
49,Gheorghe Muresan,Gheorghe,Muresan,False,https://cdn.nba.com/headshots/nba/latest/1040x760/49.png
1630278,Ade Murkey,Ade,Murkey,False,https://cdn.nba.com/headshots/nba/latest/1040x760/1630278.png
77668,Allen Murphy,Allen,Murphy,False,https://cdn.nba.com/headshots/nba/latest/1040x760/77668.png
77669,Calvin Murphy,Calvin,Murphy,False,https://cdn.nba.com/headshots/nba/latest/1040x760/77669.png
77672,Dick Murphy,Dick,Murphy,False,https://cdn.nba.com/headshots/nba/latest/1040x760/77672.png
203513,Erik Murphy,Erik,Murphy,False,https://cdn.nba.com/headshots/nba/latest/1040x760/203513.png
77670,Jay Murphy,Jay,Murphy,False,https://cdn.nba.com/headshots/nba/latest/1040x760/77670.png
77671,John Murphy,John,Murphy,False,https://cdn.nba.com/headshots/nba/latest/1040x760/77671.png
203122,Kevin Murphy,Kevin,Murphy,False,https://cdn.nba.com/headshots/nba/latest/1040x760/203122.png
77673,Ronnie Murphy,Ronnie,Murphy,False,https://cdn.nba.com/headshots/nba/latest/1040x760/77673.png
77674,Tod Murphy,Tod,Murphy,False,https://cdn.nba.com/headshots/nba/latest/1040x760/77674.png
2211,Troy Murphy,Troy,Murphy,False,https://cdn.nba.com/headshots/nba/latest/1040x760/2211.png
1630530,Trey Murphy III,Trey,Murphy III,True,https://cdn.nba.com/headshots/nba/latest/1040x760/1630530.png
1627749,Dejounte Murray,Dejounte,Murray,True,https://cdn.nba.com/headshots/nba/latest/1040x760/1627749.png
2436,Flip Murray,Flip,Murray,False,https://cdn.nba.com/headshots/nba/latest/1040x760/2436.png
1627750,Jamal Murray,Jamal,Murray,True,https://cdn.nba.com/headshots/nba/latest/1040x760/1627750.png
1631099,Keegan Murray,Keegan,Murray,True,https://cdn.nba.com/headshots/nba/latest/1040x760/1631099.png
77675,Ken Murray,Ken,Murray,False,https://cdn.nba.com/headshots/nba/latest/1040x760/77675.png
1631200,Kris Murray,Kris,Murray,True,https://cdn.nba.com/headshots/nba/latest/1040x760/1631200.png
441,Lamond Murray,Lamond,Murray,False,https://cdn.nba.com/headshots/nba/latest/1040x760/441.png
145,Tracy Murray,Tracy,Murray,False,https://cdn.nba.com/headshots/nba/latest/1040x760/145.png
77676,Dorie Murrey,Dorie,Murrey,False,https://cdn.nba.com/headshots/nba/latest/1040x760/77676.png
203315,Toure' Murry,Toure',Murry,False,https://cdn.nba.com/headshots/nba/latest/1040x760/203315.png
1629058,Dzanan Musa,Dzanan,Musa,False,https://cdn.nba.com/headshots/nba/latest/1040x760/1629058.png
203488,Mike Muscala,Mike,Muscala,False,https://cdn.nba.com/headshots/nba/latest/1040x760/203488.png
77677,Angelo Musi,Angelo,Musi,False,https://cdn.nba.com/headshots/nba/latest/1040x760/77677.png
1054,Jerrod Mustaf,Jerrod,Mustaf,False,https://cdn.nba.com/headshots/nba/latest/1040x760/1054.png
87,Dikembe Mutombo,Dikembe,Mutombo,False,https://cdn.nba.com/headshots/nba/latest/1040x760/87.png
982,Martin Muursepp,Martin,Muursepp,False,https://cdn.nba.com/headshots/nba/latest/1040x760/982.png
939,Pete Myers,Pete,Myers,False,https://cdn.nba.com/headshots/nba/latest/1040x760/939.png
1629004,Svi Mykhailiuk,Svi,Mykhailiuk,True,https://cdn.nba.com/headshots/nba/latest/1040x760/1629004.png
1823,Makhtar N'diaye,Makhtar,N'diaye,False,https://cdn.nba.com/headshots/nba/latest/1040x760/1823.png
2055,Mamadou N'diaye,Mamadou,N'diaye,False,https://cdn.nba.com/headshots/nba/latest/1040x760/2055.png
77681,Bob Naber,Bob,Naber,False,https://cdn.nba.com/headshots/nba/latest/1040x760/77681.png
77682,Boris Nachamkin,Boris,Nachamkin,False,https://cdn.nba.com/headshots/nba/latest/1040x760/77682.png
2411,Bostjan Nachbar,Bostjan,Nachbar,False,https://cdn.nba.com/headshots/nba/latest/1040x760/2411.png
1627846,Abdel Nader,Abdel,Nader,False,https://cdn.nba.com/headshots/nba/latest/1040x760/1627846.png
77683,Jerry Nagel,Jerry,Nagel,False,https://cdn.nba.com/headshots/nba/latest/1040x760/77683.png
77684,Fred Nagy,Fred,Nagy,False,https://cdn.nba.com/headshots/nba/latest/1040x760/77684.png
1924,Lee Nailon,Lee,Nailon,False,https://cdn.nba.com/headshots/nba/latest/1040x760/1924.png
2059,Eduardo Najera,Eduardo,Najera,False,https://cdn.nba.com/headshots/nba/latest/1040x760/2059.png
77685,Larry Nance,Larry,Nance,False,https://cdn.nba.com/headshots/nba/latest/1040x760/77685.png
1631250,Pete Nance,Pete,Nance,True,https://cdn.nba.com/headshots/nba/latest/1040x760/1631250.png
1626204,Larry Nance Jr.,Larry,Nance Jr.,True,https://cdn.nba.com/headshots/nba/latest/1040x760/1626204.png
203894,Shabazz Napier,Shabazz,Napier,False,https://cdn.nba.com/headshots/nba/latest/1040x760/203894.png
77686,Paul Napolitano,Paul,Napolitano,False,https://cdn.nba.com/headshots/nba/latest/1040x760/77686.png
77688,Bob Nash,Bob,Nash,False,https://cdn.nba.com/headshots/nba/latest/1040x760/77688.png
77687,Charles Nash,Charles,Nash,False,https://cdn.nba.com/headshots/nba/latest/1040x760/77687.png
959,Steve Nash,Steve,Nash,False,https://cdn.nba.com/headshots/nba/latest/1040x760/959.png
77689,Swen Nater,Swen,Nater,False,https://cdn.nba.com/headshots/nba/latest/1040x760/77689.png
77690,Howard Nathan,Howard,Nathan,False,https://cdn.nba.com/headshots/nba/latest/1040x760/77690.png
77691,Calvin Natt,Calvin,Natt,False,https://cdn.nba.com/headshots/nba/latest/1040x760/77691.png
77692,Kenny Natt,Kenny,Natt,False,https://cdn.nba.com/headshots/nba/latest/1040x760/77692.png
77693,Willie Naulls,Willie,Naulls,False,https://cdn.nba.com/headshots/nba/latest/1040x760/77693.png
2434,Juan Carlos Navarro,Juan Carlos,Navarro,False,https://cdn.nba.com/headshots/nba/latest/1040x760/2434.png
202380,Hamady Ndiaye,Hamady,Ndiaye,False,https://cdn.nba.com/headshots/nba/latest/1040x760/202380.png
101238,Boniface Ndong,Boniface,Ndong,False,https://cdn.nba.com/headshots/nba/latest/1040x760/101238.png
1626254,Maurice Ndour,Maurice,Ndour,False,https://cdn.nba.com/headshots/nba/latest/1040x760/1626254.png
77694,Craig Neal,Craig,Neal,False,https://cdn.nba.com/headshots/nba/latest/1040x760/77694.png
202390,Gary Neal,Gary,Neal,False,https://cdn.nba.com/headshots/nba/latest/1040x760/202390.png
77695,Jim Neal,Jim,Neal,False,https://cdn.nba.com/headshots/nba/latest/1040x760/77695.png
77696,Lloyd Neal,Lloyd,Neal,False,https://cdn.nba.com/headshots/nba/latest/1040x760/77696.png
77697,Ed Nealy,Ed,Nealy,False,https://cdn.nba.com/headshots/nba/latest/1040x760/77697.png
203517,Nemanja Nedovic,Nemanja,Nedovic,False,https://cdn.nba.com/headshots/nba/latest/1040x760/203517.png
77698,Al Negratti,Al,Negratti,False,https://cdn.nba.com/headshots/nba/latest/1040x760/77698.png
77699,Barry Nelson,Barry,Nelson,False,https://cdn.nba.com/headshots/nba/latest/1040x760/77699.png
201634,DeMarcus Nelson,DeMarcus,Nelson,False,https://cdn.nba.com/headshots/nba/latest/1040x760/201634.png
77700,Don Nelson,Don,Nelson,False,https://cdn.nba.com/headshots/nba/latest/1040x760/77700.png
2749,Jameer Nelson,Jameer,Nelson,False,https://cdn.nba.com/headshots/nba/latest/1040x760/2749.png
77701,Louie Nelson,Louie,Nelson,False,https://cdn.nba.com/headshots/nba/latest/1040x760/77701.png
1629614,Andrew Nembhard,Andrew,Nembhard,True,https://cdn.nba.com/headshots/nba/latest/1040x760/1629614.png
1129,Ruben Nembhard,Ruben,Nembhard,False,https://cdn.nba.com/headshots/nba/latest/1040x760/1129.png
1630612,Ruben Nembhard Jr.,Ruben,Nembhard Jr.,False,https://cdn.nba.com/headshots/nba/latest/1040x760/1630612.png
2403,Nene,,Nene,False,https://cdn.nba.com/headshots/nba/latest/1040x760/2403.png
1838,Tyrone Nesby,Tyrone,Nesby,False,https://cdn.nba.com/headshots/nba/latest/1040x760/1838.png
1630174,Aaron Nesmith,Aaron,Nesmith,True,https://cdn.nba.com/headshots/nba/latest/1040x760/1630174.png
77704,Martin Nessley,Martin,Nessley,False,https://cdn.nba.com/headshots/nba/latest/1040x760/77704.png
1725,Rasho Nesterovic,Rasho,Nesterovic,False,https://cdn.nba.com/headshots/nba/latest/1040x760/1725.png
203526,Raul Neto,Raul,Neto,False,https://cdn.nba.com/headshots/nba/latest/1040x760/203526.png
77705,Johnny Neumann,Johnny,Neumann,False,https://cdn.nba.com/headshots/nba/latest/1040x760/77705.png
77706,Paul Neumann,Paul,Neumann,False,https://cdn.nba.com/headshots/nba/latest/1040x760/77706.png
77707,Chuck Nevitt,Chuck,Nevitt,False,https://cdn.nba.com/headshots/nba/latest/1040x760/77707.png
1116,Melvin Newbern,Melvin,Newbern,False,https://cdn.nba.com/headshots/nba/latest/1040x760/1116.png
1096,Ivano Newbill,Ivano,Newbill,False,https://cdn.nba.com/headshots/nba/latest/1040x760/1096.png
1956,Ira Newble,Ira,Newble,False,https://cdn.nba.com/headshots/nba/latest/1040x760/1956.png
77710,Mike Newlin,Mike,Newlin,False,https://cdn.nba.com/headshots/nba/latest/1040x760/77710.png
271,Johnny Newman,Johnny,Newman,False,https://cdn.nba.com/headshots/nba/latest/1040x760/271.png
1629005,Malik Newman,Malik,Newman,False,https://cdn.nba.com/headshots/nba/latest/1040x760/1629005.png
77712,Dave Newmark,Dave,Newmark,False,https://cdn.nba.com/headshots/nba/latest/1040x760/77712.png
1641803,Tristen Newton,Tristen,Newton,True,https://cdn.nba.com/headshots/nba/latest/1040x760/1641803.png
1627777,Georges Niang,Georges,Niang,True,https://cdn.nba.com/headshots/nba/latest/1040x760/1627777.png
201193,Demetris Nichols,Demetris,Nichols,False,https://cdn.nba.com/headshots/nba/latest/1040x760/201193.png
77713,Jack Nichols,Jack,Nichols,False,https://cdn.nba.com/headshots/nba/latest/1040x760/77713.png
203094,Andrew Nicholson,Andrew,Nicholson,False,https://cdn.nba.com/headshots/nba/latest/1040x760/203094.png
1093,Gaylon Nickerson,Gaylon,Nickerson,False,https://cdn.nba.com/headshots/nba/latest/1040x760/1093.png
77715,Carl Nicks,Carl,Nicks,False,https://cdn.nba.com/headshots/nba/latest/1040x760/77715.png
77716,Rich Niemann,Rich,Niemann,False,https://cdn.nba.com/headshots/nba/latest/1040x760/77716.png
77717,John Niemiera,John,Niemiera,False,https://cdn.nba.com/headshots/nba/latest/1040x760/77717.png
77718,Mike Niles,Mike,Niles,False,https://cdn.nba.com/headshots/nba/latest/1040x760/77718.png
77719,Kurt Nimphius,Kurt,Nimphius,False,https://cdn.nba.com/headshots/nba/latest/1040x760/77719.png
1630227,Daishen Nix,Daishen,Nix,True,https://cdn.nba.com/headshots/nba/latest/1040x760/1630227.png
77720,Dyron Nix,Dyron,Nix,False,https://cdn.nba.com/headshots/nba/latest/1040x760/77720.png
77721,Norm Nixon,Norm,Nixon,False,https://cdn.nba.com/headshots/nba/latest/1040x760/77721.png
1630192,Zeke Nnaji,Zeke,Nnaji,True,https://cdn.nba.com/headshots/nba/latest/1040x760/1630192.png
201149,Joakim Noah,Joakim,Noah,False,https://cdn.nba.com/headshots/nba/latest/1040x760/201149.png
77722,Chuck Noble,Chuck,Noble,False,https://cdn.nba.com/headshots/nba/latest/1040x760/77722.png
2804,Andres Nocioni,Andres,Nocioni,False,https://cdn.nba.com/headshots/nba/latest/1040x760/2804.png
200786,David Noel,David,Noel,False,https://cdn.nba.com/headshots/nba/latest/1040x760/200786.png
203457,Nerlens Noel,Nerlens,Noel,False,https://cdn.nba.com/headshots/nba/latest/1040x760/203457.png
77723,Paul Noel,Paul,Noel,False,https://cdn.nba.com/headshots/nba/latest/1040x760/77723.png
203512,Lucas Nogueira,Lucas,Nogueira,False,https://cdn.nba.com/headshots/nba/latest/1040x760/203512.png
77724,Jim Nolan,Jim,Nolan,False,https://cdn.nba.com/headshots/nba/latest/1040x760/77724.png
77725,Paul Nolen,Paul,Nolen,False,https://cdn.nba.com/headshots/nba/latest/1040x760/77725.png
999,Jeff Nordgaard,Jeff,Nordgaard,False,https://cdn.nba.com/headshots/nba/latest/1040x760/999.png
77727,Robert Nordmann,Robert,Nordmann,False,https://cdn.nba.com/headshots/nba/latest/1040x760/77727.png
77728,Johnny Norlander,Johnny,Norlander,False,https://cdn.nba.com/headshots/nba/latest/1040x760/77728.png
77729,Connie Norman,Connie,Norman,False,https://cdn.nba.com/headshots/nba/latest/1040x760/77729.png
80,Ken Norman,Ken,Norman,False,https://cdn.nba.com/headshots/nba/latest/1040x760/80.png
77731,Audie Norris,Audie,Norris,False,https://cdn.nba.com/headshots/nba/latest/1040x760/77731.png
1641936,Miles Norris,Miles,Norris,True,https://cdn.nba.com/headshots/nba/latest/1040x760/1641936.png
983,Moochie Norris,Moochie,Norris,False,https://cdn.nba.com/headshots/nba/latest/1040x760/983.png
77732,Sylvester Norris,Sylvester,Norris,False,https://cdn.nba.com/headshots/nba/latest/1040x760/77732.png
1629668,Zach Norvell Jr.,Zach,Norvell Jr.,False,https://cdn.nba.com/headshots/nba/latest/1040x760/1629668.png
77733,Willie Norwood,Willie,Norwood,False,https://cdn.nba.com/headshots/nba/latest/1040x760/77733.png
77734,George Nostrand,George,Nostrand,False,https://cdn.nba.com/headshots/nba/latest/1040x760/77734.png
77735,Stan Noszka,Stan,Noszka,False,https://cdn.nba.com/headshots/nba/latest/1040x760/77735.png
77736,Mike Novak,Mike,Novak,False,https://cdn.nba.com/headshots/nba/latest/1040x760/77736.png
200779,Steve Novak,Steve,Novak,False,https://cdn.nba.com/headshots/nba/latest/1040x760/200779.png
1629669,Jaylen Nowell,Jaylen,Nowell,True,https://cdn.nba.com/headshots/nba/latest/1040x760/1629669.png
1641806,Markquis Nowell,Markquis,Nowell,False,https://cdn.nba.com/headshots/nba/latest/1040x760/1641806.png
77737,Mel Nowell,Mel,Nowell,False,https://cdn.nba.com/headshots/nba/latest/1040x760/77737.png
1717,Dirk Nowitzki,Dirk,Nowitzki,False,https://cdn.nba.com/headshots/nba/latest/1040x760/1717.png
1628373,Frank Ntilikina,Frank,Ntilikina,False,https://cdn.nba.com/headshots/nba/latest/1040x760/1628373.png
1629134,Kendrick Nunn,Kendrick,Nunn,False,https://cdn.nba.com/headshots/nba/latest/1040x760/1629134.png
203263,James Nunnally,James,Nunnally,False,https://cdn.nba.com/headshots/nba/latest/1040x760/203263.png
203994,Jusuf Nurkić,Jusuf,Nurkić,True,https://cdn.nba.com/headshots/nba/latest/1040x760/203994.png
77738,Dennis Nutt,Dennis,Nutt,False,https://cdn.nba.com/headshots/nba/latest/1040x760/77738.png
1628021,David Nwaba,David,Nwaba,False,https://cdn.nba.com/headshots/nba/latest/1040x760/1628021.png
1629670,Jordan Nwora,Jordan,Nwora,False,https://cdn.nba.com/headshots/nba/latest/1040x760/1629670.png
1022,Julius Nwosu,Julius,Nwosu,False,https://cdn.nba.com/headshots/nba/latest/1040x760/1022.png
1525,Charles O'Bannon,Charles,O'Bannon,False,https://cdn.nba.com/headshots/nba/latest/1040x760/1525.png
709,Ed O'Bannon,Ed,O'Bannon,False,https://cdn.nba.com/headshots/nba/latest/1040x760/709.png
77742,John O'Boyle,John,O'Boyle,False,https://cdn.nba.com/headshots/nba/latest/1040x760/77742.png
77744,Bob O'Brien,Bob,O'Brien,False,https://cdn.nba.com/headshots/nba/latest/1040x760/77744.png
77743,Buckshot O'Brien,Buckshot,O'Brien,False,https://cdn.nba.com/headshots/nba/latest/1040x760/77743.png
1626266,JJ O'Brien,JJ,O'Brien,False,https://cdn.nba.com/headshots/nba/latest/1040x760/1626266.png
200753,Patrick O'Bryant,Patrick,O'Bryant,False,https://cdn.nba.com/headshots/nba/latest/1040x760/200753.png
203948,Johnny O'Bryant III,Johnny,O'Bryant III,False,https://cdn.nba.com/headshots/nba/latest/1040x760/203948.png
77745,Dermie O'Connell,Dermie,O'Connell,False,https://cdn.nba.com/headshots/nba/latest/1040x760/77745.png
77746,Andy O'Donnell,Andy,O'Donnell,False,https://cdn.nba.com/headshots/nba/latest/1040x760/77746.png
77750,Francis O'Grady,Francis,O'Grady,False,https://cdn.nba.com/headshots/nba/latest/1040x760/77750.png
77752,Dick O'Keefe,Dick,O'Keefe,False,https://cdn.nba.com/headshots/nba/latest/1040x760/77752.png
77753,Tommy O'Keefe,Tommy,O'Keefe,False,https://cdn.nba.com/headshots/nba/latest/1040x760/77753.png
77754,Mike O'Koren,Mike,O'Koren,False,https://cdn.nba.com/headshots/nba/latest/1040x760/77754.png
77766,Grady O'Malley,Grady,O'Malley,False,https://cdn.nba.com/headshots/nba/latest/1040x760/77766.png
979,Jermaine O'Neal,Jermaine,O'Neal,False,https://cdn.nba.com/headshots/nba/latest/1040x760/979.png
406,Shaquille O'Neal,Shaquille,O'Neal,False,https://cdn.nba.com/headshots/nba/latest/1040x760/406.png
1626220,Royce O'Neale,Royce,O'Neale,True,https://cdn.nba.com/headshots/nba/latest/1040x760/1626220.png
77767,Mike O'Neill,Mike,O'Neill,False,https://cdn.nba.com/headshots/nba/latest/1040x760/77767.png
203124,Kyle O'Quinn,Kyle,O'Quinn,False,https://cdn.nba.com/headshots/nba/latest/1040x760/203124.png
77773,Kevin O'Shea,Kevin,O'Shea,False,https://cdn.nba.com/headshots/nba/latest/1040x760/77773.png
77774,Garland O'Shields,Garland,O'Shields,False,https://cdn.nba.com/headshots/nba/latest/1040x760/77774.png
77776,Dan O'Sullivan,Dan,O'Sullivan,False,https://cdn.nba.com/headshots/nba/latest/1040x760/77776.png
891,Charles Oakley,Charles,Oakley,False,https://cdn.nba.com/headshots/nba/latest/1040x760/891.png
101177,Fabricio Oberto,Fabricio,Oberto,False,https://cdn.nba.com/headshots/nba/latest/1040x760/101177.png
1627849,Daniel Ochefu,Daniel,Ochefu,False,https://cdn.nba.com/headshots/nba/latest/1040x760/1627849.png
201141,Greg Oden,Greg,Oden,False,https://cdn.nba.com/headshots/nba/latest/1040x760/201141.png
1885,Lamar Odom,Lamar,Odom,False,https://cdn.nba.com/headshots/nba/latest/1040x760/1885.png
77747,Carlos Ogden,Carlos,Ogden,False,https://cdn.nba.com/headshots/nba/latest/1040x760/77747.png
77748,Ralph Ogden,Ralph,Ogden,False,https://cdn.nba.com/headshots/nba/latest/1040x760/77748.png
1628,Alan Ogg,Alan,Ogg,False,https://cdn.nba.com/headshots/nba/latest/1040x760/1628.png
77751,Don Ohl,Don,Ohl,False,https://cdn.nba.com/headshots/nba/latest/1040x760/77751.png
203317,Tim Ohlbrecht,Tim,Ohlbrecht,False,https://cdn.nba.com/headshots/nba/latest/1040x760/203317.png
1628400,Semi Ojeleye,Semi,Ojeleye,False,https://cdn.nba.com/headshots/nba/latest/1040x760/1628400.png
2731,Emeka Okafor,Emeka,Okafor,False,https://cdn.nba.com/headshots/nba/latest/1040x760/2731.png
1626143,Jahlil Okafor,Jahlil,Okafor,True,https://cdn.nba.com/headshots/nba/latest/1040x760/1626143.png
1629643,Chuma Okeke,Chuma,Okeke,True,https://cdn.nba.com/headshots/nba/latest/1040x760/1629643.png
1629059,Elie Okobo,Elie,Okobo,False,https://cdn.nba.com/headshots/nba/latest/1040x760/1629059.png
1629006,Josh Okogie,Josh,Okogie,True,https://cdn.nba.com/headshots/nba/latest/1040x760/1629006.png
1630168,Onyeka Okongwu,Onyeka,Okongwu,True,https://cdn.nba.com/headshots/nba/latest/1040x760/1630168.png
1630171,Isaac Okoro,Isaac,Okoro,True,https://cdn.nba.com/headshots/nba/latest/1040x760/1630171.png
1629644,KZ Okpala,KZ,Okpala,False,https://cdn.nba.com/headshots/nba/latest/1040x760/1629644.png
2246,Mehmet Okur,Mehmet,Okur,False,https://cdn.nba.com/headshots/nba/latest/1040x760/2246.png
203506,Victor Oladipo,Victor,Oladipo,False,https://cdn.nba.com/headshots/nba/latest/1040x760/203506.png
165,Hakeem Olajuwon,Hakeem,Olajuwon,False,https://cdn.nba.com/headshots/nba/latest/1040x760/165.png
77756,Mark Olberding,Mark,Olberding,False,https://cdn.nba.com/headshots/nba/latest/1040x760/77756.png
77757,Jawann Oldham,Jawann,Oldham,False,https://cdn.nba.com/headshots/nba/latest/1040x760/77757.png
77758,Johnny Oldham,Johnny,Oldham,False,https://cdn.nba.com/headshots/nba/latest/1040x760/77758.png
77759,Frank Oleynick,Frank,Oleynick,False,https://cdn.nba.com/headshots/nba/latest/1040x760/77759.png
1642439,Quincy Olivari,Quincy,Olivari,True,https://cdn.nba.com/headshots/nba/latest/1040x760/1642439.png
77760,John Olive,John,Olive,False,https://cdn.nba.com/headshots/nba/latest/1040x760/77760.png
1680,Brian Oliver,Brian,Oliver,False,https://cdn.nba.com/headshots/nba/latest/1040x760/1680.png
1628419,Cameron Oliver,Cameron,Oliver,False,https://cdn.nba.com/headshots/nba/latest/1040x760/1628419.png
2352,Dean Oliver,Dean,Oliver,False,https://cdn.nba.com/headshots/nba/latest/1040x760/2352.png
1429,Jimmy Oliver,Jimmy,Oliver,False,https://cdn.nba.com/headshots/nba/latest/1040x760/1429.png
1563,Kevin Ollie,Kevin,Ollie,False,https://cdn.nba.com/headshots/nba/latest/1040x760/1563.png
77764,Gene Ollrich,Gene,Ollrich,False,https://cdn.nba.com/headshots/nba/latest/1040x760/77764.png
1709,Michael Olowokandi,Michael,Olowokandi,False,https://cdn.nba.com/headshots/nba/latest/1040x760/1709.png
77765,Enoch Olsen,Enoch,Olsen,False,https://cdn.nba.com/headshots/nba/latest/1040x760/77765.png
203482,Kelly Olynyk,Kelly,Olynyk,True,https://cdn.nba.com/headshots/nba/latest/1040x760/203482.png
1630647,Eugene Omoruyi,Eugene,Omoruyi,False,https://cdn.nba.com/headshots/nba/latest/1040x760/1630647.png
1629671,Miye Oni,Miye,Oni,False,https://cdn.nba.com/headshots/nba/latest/1040x760/1629671.png
202620,Arinze Onuaku,Arinze,Onuaku,False,https://cdn.nba.com/headshots/nba/latest/1040x760/202620.png
1627778,Chinanu Onuaku,Chinanu,Onuaku,False,https://cdn.nba.com/headshots/nba/latest/1040x760/1627778.png
77768,Barry Orms,Barry,Orms,False,https://cdn.nba.com/headshots/nba/latest/1040x760/77768.png
77769,Johnny Orr,Johnny,Orr,False,https://cdn.nba.com/headshots/nba/latest/1040x760/77769.png
77770,Louis Orr,Louis,Orr,False,https://cdn.nba.com/headshots/nba/latest/1040x760/77770.png
77771,Jose Ortiz,Jose,Ortiz,False,https://cdn.nba.com/headshots/nba/latest/1040x760/77771.png
202350,Daniel Orton,Daniel,Orton,False,https://cdn.nba.com/headshots/nba/latest/1040x760/202350.png
77772,Chuck Osborne,Chuck,Osborne,False,https://cdn.nba.com/headshots/nba/latest/1040x760/77772.png
1626224,Cedi Osman,Cedi,Osman,False,https://cdn.nba.com/headshots/nba/latest/1040x760/1626224.png
77775,Wally Osterkorn,Wally,Osterkorn,False,https://cdn.nba.com/headshots/nba/latest/1040x760/77775.png
731,Greg Ostertag,Greg,Ostertag,False,https://cdn.nba.com/headshots/nba/latest/1040x760/731.png
77777,Matt Othick,Matt,Othick,False,https://cdn.nba.com/headshots/nba/latest/1040x760/77777.png
77778,Don Otten,Don,Otten,False,https://cdn.nba.com/headshots/nba/latest/1040x760/77778.png
77779,Mac Otten,Mac,Otten,False,https://cdn.nba.com/headshots/nba/latest/1040x760/77779.png
1630187,Daniel Oturu,Daniel,Oturu,False,https://cdn.nba.com/headshots/nba/latest/1040x760/1630187.png
1626162,Kelly Oubre Jr.,Kelly,Oubre Jr.,True,https://cdn.nba.com/headshots/nba/latest/1040x760/1626162.png
448,Bo Outlaw,Bo,Outlaw,False,https://cdn.nba.com/headshots/nba/latest/1040x760/448.png
2566,Travis Outlaw,Travis,Outlaw,False,https://cdn.nba.com/headshots/nba/latest/1040x760/2566.png
77780,Claude Overton,Claude,Overton,False,https://cdn.nba.com/headshots/nba/latest/1040x760/77780.png
77,Doug Overton,Doug,Overton,False,https://cdn.nba.com/headshots/nba/latest/1040x760/77.png
101261,Andre Owens,Andre,Owens,False,https://cdn.nba.com/headshots/nba/latest/1040x760/101261.png
182,Billy Owens,Billy,Owens,False,https://cdn.nba.com/headshots/nba/latest/1040x760/182.png
2442,Chris Owens,Chris,Owens,False,https://cdn.nba.com/headshots/nba/latest/1040x760/2442.png
77782,Eddie Owens,Eddie,Owens,False,https://cdn.nba.com/headshots/nba/latest/1040x760/77782.png
77783,James Owens,James,Owens,False,https://cdn.nba.com/headshots/nba/latest/1040x760/77783.png
77784,Jim Owens,Jim,Owens,False,https://cdn.nba.com/headshots/nba/latest/1040x760/77784.png
77785,Keith Owens,Keith,Owens,False,https://cdn.nba.com/headshots/nba/latest/1040x760/77785.png
202082,Larry Owens,Larry,Owens,False,https://cdn.nba.com/headshots/nba/latest/1040x760/202082.png
1629745,Tariq Owens,Tariq,Owens,False,https://cdn.nba.com/headshots/nba/latest/1040x760/1629745.png
77786,Tom Owens,Tom,Owens,False,https://cdn.nba.com/headshots/nba/latest/1040x760/77786.png
1077,Ray Owes,Ray,Owes,False,https://cdn.nba.com/headshots/nba/latest/1040x760/1077.png
2071,Olumide Oyedeji,Olumide,Oyedeji,False,https://cdn.nba.com/headshots/nba/latest/1040x760/2071.png
77788,Joe Pace,Joe,Pace,False,https://cdn.nba.com/headshots/nba/latest/1040x760/77788.png
2585,Zaza Pachulia,Zaza,Pachulia,False,https://cdn.nba.com/headshots/nba/latest/1040x760/2585.png
123,Robert Pack,Robert,Pack,False,https://cdn.nba.com/headshots/nba/latest/1040x760/123.png
77789,Gerald Paddio,Gerald,Paddio,False,https://cdn.nba.com/headshots/nba/latest/1040x760/77789.png
1909,Scott Padgett,Scott,Padgett,False,https://cdn.nba.com/headshots/nba/latest/1040x760/1909.png
1629873,Jaysean Paige,Jaysean,Paige,False,https://cdn.nba.com/headshots/nba/latest/1040x760/1629873.png
1627779,Marcus Paige,Marcus,Paige,False,https://cdn.nba.com/headshots/nba/latest/1040x760/1627779.png
77790,Fred Paine,Fred,Paine,False,https://cdn.nba.com/headshots/nba/latest/1040x760/77790.png
1960,Milt Palacio,Milt,Palacio,False,https://cdn.nba.com/headshots/nba/latest/1040x760/1960.png
77791,Togo Palazzi,Togo,Palazzi,False,https://cdn.nba.com/headshots/nba/latest/1040x760/77791.png
77792,Jim Palmer,Jim,Palmer,False,https://cdn.nba.com/headshots/nba/latest/1040x760/77792.png
77793,John Palmer,John,Palmer,False,https://cdn.nba.com/headshots/nba/latest/1040x760/77793.png
1629309,Trayvon Palmer,Trayvon,Palmer,False,https://cdn.nba.com/headshots/nba/latest/1040x760/1629309.png
77794,Walter Palmer,Walter,Palmer,False,https://cdn.nba.com/headshots/nba/latest/1040x760/77794.png
1630698,Kevin Pangos,Kevin,Pangos,False,https://cdn.nba.com/headshots/nba/latest/1040x760/1630698.png
1950,Andy Panko,Andy,Panko,False,https://cdn.nba.com/headshots/nba/latest/1040x760/1950.png
1627834,Georgios Papagiannis,Georgios,Papagiannis,False,https://cdn.nba.com/headshots/nba/latest/1040x760/1627834.png
203123,Kostas Papanikolaou,Kostas,Papanikolaou,False,https://cdn.nba.com/headshots/nba/latest/1040x760/203123.png
2457,Jannero Pargo,Jannero,Pargo,False,https://cdn.nba.com/headshots/nba/latest/1040x760/2457.png
202951,Jeremy Pargo,Jeremy,Pargo,False,https://cdn.nba.com/headshots/nba/latest/1040x760/202951.png
77797,Estes Parham,Estes,Parham,False,https://cdn.nba.com/headshots/nba/latest/1040x760/77797.png
305,Robert Parish,Robert,Parish,False,https://cdn.nba.com/headshots/nba/latest/1040x760/305.png
77799,Medford Park,Medford,Park,False,https://cdn.nba.com/headshots/nba/latest/1040x760/77799.png
1515,Anthony Parker,Anthony,Parker,False,https://cdn.nba.com/headshots/nba/latest/1040x760/1515.png
203953,Jabari Parker,Jabari,Parker,False,https://cdn.nba.com/headshots/nba/latest/1040x760/203953.png
2470,Smush Parker,Smush,Parker,False,https://cdn.nba.com/headshots/nba/latest/1040x760/2470.png
77800,Sonny Parker,Sonny,Parker,False,https://cdn.nba.com/headshots/nba/latest/1040x760/77800.png
2225,Tony Parker,Tony,Parker,False,https://cdn.nba.com/headshots/nba/latest/1040x760/2225.png
77801,Jack Parkinson,Jack,Parkinson,False,https://cdn.nba.com/headshots/nba/latest/1040x760/77801.png
685,Cherokee Parks,Cherokee,Parks,False,https://cdn.nba.com/headshots/nba/latest/1040x760/685.png
77802,Jack Parr,Jack,Parr,False,https://cdn.nba.com/headshots/nba/latest/1040x760/77802.png
77803,Doyle Parrack,Doyle,Parrack,False,https://cdn.nba.com/headshots/nba/latest/1040x760/77803.png
77804,Charlie Parsley,Charlie,Parsley,False,https://cdn.nba.com/headshots/nba/latest/1040x760/77804.png
202718,Chandler Parsons,Chandler,Parsons,False,https://cdn.nba.com/headshots/nba/latest/1040x760/202718.png
1629672,Eric Paschall,Eric,Paschall,False,https://cdn.nba.com/headshots/nba/latest/1040x760/1629672.png
1628394,Anžejs Pasečņiks,Anžejs,Pasečņiks,False,https://cdn.nba.com/headshots/nba/latest/1040x760/1628394.png
1097,Zarko Paspalj,Zarko,Paspalj,False,https://cdn.nba.com/headshots/nba/latest/1040x760/1097.png
77806,Marty Passaglia,Marty,Passaglia,False,https://cdn.nba.com/headshots/nba/latest/1040x760/77806.png
77807,George A. Pastushok,George A.,Pastushok,False,https://cdn.nba.com/headshots/nba/latest/1040x760/77807.png
77808,Myles Patrick,Myles,Patrick,False,https://cdn.nba.com/headshots/nba/latest/1040x760/77808.png
77809,Stan Patrick,Stan,Patrick,False,https://cdn.nba.com/headshots/nba/latest/1040x760/77809.png
1754,Andrae Patterson,Andrae,Patterson,False,https://cdn.nba.com/headshots/nba/latest/1040x760/1754.png
77811,George Patterson,George,Patterson,False,https://cdn.nba.com/headshots/nba/latest/1040x760/77811.png
203934,Lamar Patterson,Lamar,Patterson,False,https://cdn.nba.com/headshots/nba/latest/1040x760/203934.png
202335,Patrick Patterson,Patrick,Patterson,False,https://cdn.nba.com/headshots/nba/latest/1040x760/202335.png
1739,Ruben Patterson,Ruben,Patterson,False,https://cdn.nba.com/headshots/nba/latest/1040x760/1739.png
77812,Steve Patterson,Steve,Patterson,False,https://cdn.nba.com/headshots/nba/latest/1040x760/77812.png
77813,Tommy Patterson,Tommy,Patterson,False,https://cdn.nba.com/headshots/nba/latest/1040x760/77813.png
77814,Worthy Patterson,Worthy,Patterson,False,https://cdn.nba.com/headshots/nba/latest/1040x760/77814.png
1628383,Justin Patton,Justin,Patton,False,https://cdn.nba.com/headshots/nba/latest/1040x760/1628383.png
203464,Brandon Paul,Brandon,Paul,False,https://cdn.nba.com/headshots/nba/latest/1040x760/203464.png
101108,Chris Paul,Chris,Paul,True,https://cdn.nba.com/headshots/nba/latest/1040x760/101108.png
77815,Charlie Paulk,Charlie,Paulk,False,https://cdn.nba.com/headshots/nba/latest/1040x760/77815.png
77816,Jerry Paulson,Jerry,Paulson,False,https://cdn.nba.com/headshots/nba/latest/1040x760/77816.png
77817,Billy Paultz,Billy,Paultz,False,https://cdn.nba.com/headshots/nba/latest/1040x760/77817.png
2562,Sasha Pavlovic,Sasha,Pavlovic,False,https://cdn.nba.com/headshots/nba/latest/1040x760/2562.png
77818,Jim Paxson,Jim,Paxson,False,https://cdn.nba.com/headshots/nba/latest/1040x760/77818.png
77819,Jim Paxson,Jim,Paxson,False,https://cdn.nba.com/headshots/nba/latest/1040x760/77819.png
77820,John Paxson,John,Paxson,False,https://cdn.nba.com/headshots/nba/latest/1040x760/77820.png
77821,Johnny Payak,Johnny,Payak,False,https://cdn.nba.com/headshots/nba/latest/1040x760/77821.png
203940,Adreian Payne,Adreian,Payne,False,https://cdn.nba.com/headshots/nba/latest/1040x760/203940.png
1626166,Cameron Payne,Cameron,Payne,True,https://cdn.nba.com/headshots/nba/latest/1040x760/1626166.png
77822,Kenny Payne,Kenny,Payne,False,https://cdn.nba.com/headshots/nba/latest/1040x760/77822.png
77823,Tom Payne,Tom,Payne,False,https://cdn.nba.com/headshots/nba/latest/1040x760/77823.png
203901,Elfrid Payton,Elfrid,Payton,True,https://cdn.nba.com/headshots/nba/latest/1040x760/203901.png
56,Gary Payton,Gary,Payton,False,https://cdn.nba.com/headshots/nba/latest/1040x760/56.png
77824,Mel Payton,Mel,Payton,False,https://cdn.nba.com/headshots/nba/latest/1040x760/77824.png
1627780,Gary Payton II,Gary,Payton II,True,https://cdn.nba.com/headshots/nba/latest/1040x760/1627780.png
77825,George Pearcy,George,Pearcy,False,https://cdn.nba.com/headshots/nba/latest/1040x760/77825.png
77826,Henry Pearcy,Henry,Pearcy,False,https://cdn.nba.com/headshots/nba/latest/1040x760/77826.png
200762,Oleksiy Pecherov,Oleksiy,Pecherov,False,https://cdn.nba.com/headshots/nba/latest/1040x760/200762.png
77827,Wiley Peck,Wiley,Peck,False,https://cdn.nba.com/headshots/nba/latest/1040x760/77827.png
324,Anthony Peeler,Anthony,Peeler,False,https://cdn.nba.com/headshots/nba/latest/1040x760/324.png
201593,Nikola Pekovic,Nikola,Pekovic,False,https://cdn.nba.com/headshots/nba/latest/1040x760/201593.png
77828,Jake Pelkington,Jake,Pelkington,False,https://cdn.nba.com/headshots/nba/latest/1040x760/77828.png
203658,Norvel Pelle,Norvel,Pelle,False,https://cdn.nba.com/headshots/nba/latest/1040x760/203658.png
77829,Sam Pellom,Sam,Pellom,False,https://cdn.nba.com/headshots/nba/latest/1040x760/77829.png
2130,Mike Penberthy,Mike,Penberthy,False,https://cdn.nba.com/headshots/nba/latest/1040x760/2130.png
2667,Desmond Penigar,Desmond,Penigar,False,https://cdn.nba.com/headshots/nba/latest/1040x760/2667.png
2632,Kirk Penney,Kirk,Penney,False,https://cdn.nba.com/headshots/nba/latest/1040x760/2632.png
46,Mike Peplowski,Mike,Peplowski,False,https://cdn.nba.com/headshots/nba/latest/1040x760/46.png
781,Will Perdue,Will,Perdue,False,https://cdn.nba.com/headshots/nba/latest/1040x760/781.png
1641970,Maozinha Pereira,Maozinha,Pereira,False,https://cdn.nba.com/headshots/nba/latest/1040x760/1641970.png
2570,Kendrick Perkins,Kendrick,Perkins,False,https://cdn.nba.com/headshots/nba/latest/1040x760/2570.png
64,Sam Perkins,Sam,Perkins,False,https://cdn.nba.com/headshots/nba/latest/1040x760/64.png
77834,Warren Perkins,Warren,Perkins,False,https://cdn.nba.com/headshots/nba/latest/1040x760/77834.png
200785,Kosta Perovic,Kosta,Perovic,False,https://cdn.nba.com/headshots/nba/latest/1040x760/200785.png
1628506,London Perrantes,London,Perrantes,False,https://cdn.nba.com/headshots/nba/latest/1040x760/1628506.png
77835,Curtis Perry,Curtis,Perry,False,https://cdn.nba.com/headshots/nba/latest/1040x760/77835.png
386,Elliot Perry,Elliot,Perry,False,https://cdn.nba.com/headshots/nba/latest/1040x760/386.png
1629617,Reggie Perry,Reggie,Perry,False,https://cdn.nba.com/headshots/nba/latest/1040x760/1629617.png
897,Tim Perry,Tim,Perry,False,https://cdn.nba.com/headshots/nba/latest/1040x760/897.png
456,Chuck Person,Chuck,Person,False,https://cdn.nba.com/headshots/nba/latest/1040x760/456.png
445,Wesley Person,Wesley,Person,False,https://cdn.nba.com/headshots/nba/latest/1040x760/445.png
1628409,Alec Peters,Alec,Peters,False,https://cdn.nba.com/headshots/nba/latest/1040x760/1628409.png
77839,Jim Petersen,Jim,Petersen,False,https://cdn.nba.com/headshots/nba/latest/1040x760/77839.png
77840,Loy Petersen,Loy,Petersen,False,https://cdn.nba.com/headshots/nba/latest/1040x760/77840.png
77843,Bob Peterson,Bob,Peterson,False,https://cdn.nba.com/headshots/nba/latest/1040x760/77843.png
1641809,Drew Peterson,Drew,Peterson,True,https://cdn.nba.com/headshots/nba/latest/1040x760/1641809.png
77841,Ed Peterson,Ed,Peterson,False,https://cdn.nba.com/headshots/nba/latest/1040x760/77841.png
77842,Mel Peterson,Mel,Peterson,False,https://cdn.nba.com/headshots/nba/latest/1040x760/77842.png
2050,Morris Peterson,Morris,Peterson,False,https://cdn.nba.com/headshots/nba/latest/1040x760/2050.png
77844,Geoff Petrie,Geoff,Petrie,False,https://cdn.nba.com/headshots/nba/latest/1040x760/77844.png
101130,Johan Petro,Johan,Petro,False,https://cdn.nba.com/headshots/nba/latest/1040x760/101130.png
77845,Drazen Petrovic,Drazen,Petrovic,False,https://cdn.nba.com/headshots/nba/latest/1040x760/77845.png
1630196,Filip Petrusev,Filip,Petrusev,False,https://cdn.nba.com/headshots/nba/latest/1040x760/1630196.png
77846,Richard Petruska,Richard,Petruska,False,https://cdn.nba.com/headshots/nba/latest/1040x760/77846.png
77847,Bob Pettit,Bob,Pettit,False,https://cdn.nba.com/headshots/nba/latest/1040x760/77847.png
77848,Roger Phegley,Roger,Phegley,False,https://cdn.nba.com/headshots/nba/latest/1040x760/77848.png
77850,Jack Phelan,Jack,Phelan,False,https://cdn.nba.com/headshots/nba/latest/1040x760/77850.png
77849,Jim Phelan,Jim,Phelan,False,https://cdn.nba.com/headshots/nba/latest/1040x760/77849.png
74,Derrick Phelps,Derrick,Phelps,False,https://cdn.nba.com/headshots/nba/latest/1040x760/74.png
77852,Mike Phelps,Mike,Phelps,False,https://cdn.nba.com/headshots/nba/latest/1040x760/77852.png
77853,Andy Phillip,Andy,Phillip,False,https://cdn.nba.com/headshots/nba/latest/1040x760/77853.png
1629341,Tarik Phillip,Tarik,Phillip,False,https://cdn.nba.com/headshots/nba/latest/1040x760/1629341.png
77854,Eddie Phillips,Eddie,Phillips,False,https://cdn.nba.com/headshots/nba/latest/1040x760/77854.png
77855,Gary Phillips,Gary,Phillips,False,https://cdn.nba.com/headshots/nba/latest/1040x760/77855.png
1641763,Julian Phillips,Julian,Phillips,True,https://cdn.nba.com/headshots/nba/latest/1040x760/1641763.png
184,Bobby Phills,Bobby,Phills,False,https://cdn.nba.com/headshots/nba/latest/1040x760/184.png
15,Eric Piatkowski,Eric,Piatkowski,False,https://cdn.nba.com/headshots/nba/latest/1040x760/15.png
1629618,Jalen Pickett,Jalen,Pickett,True,https://cdn.nba.com/headshots/nba/latest/1040x760/1629618.png
1630691,Jamorko Pickett,Jamorko,Pickett,False,https://cdn.nba.com/headshots/nba/latest/1040x760/1630691.png
1718,Paul Pierce,Paul,Pierce,False,https://cdn.nba.com/headshots/nba/latest/1040x760/1718.png
894,Ricky Pierce,Ricky,Pierce,False,https://cdn.nba.com/headshots/nba/latest/1040x760/894.png
77858,Stan Pietkiewicz,Stan,Pietkiewicz,False,https://cdn.nba.com/headshots/nba/latest/1040x760/77858.png
2554,Mickael Pietrus,Mickael,Pietrus,False,https://cdn.nba.com/headshots/nba/latest/1040x760/2554.png
77859,John Pilch,John,Pilch,False,https://cdn.nba.com/headshots/nba/latest/1040x760/77859.png
291,Ed Pinckney,Ed,Pinckney,False,https://cdn.nba.com/headshots/nba/latest/1040x760/291.png
200838,Kevinn Pinkney,Kevinn,Pinkney,False,https://cdn.nba.com/headshots/nba/latest/1040x760/200838.png
77861,John Pinone,John,Pinone,False,https://cdn.nba.com/headshots/nba/latest/1040x760/77861.png
1629033,Theo Pinson,Theo,Pinson,False,https://cdn.nba.com/headshots/nba/latest/1040x760/1629033.png
77862,Dave Piontek,Dave,Piontek,False,https://cdn.nba.com/headshots/nba/latest/1040x760/77862.png
77863,Tom Piotrowski,Tom,Piotrowski,False,https://cdn.nba.com/headshots/nba/latest/1040x760/77863.png
937,Scottie Pippen,Scottie,Pippen,False,https://cdn.nba.com/headshots/nba/latest/1040x760/937.png
1630590,Scotty Pippen Jr.,Scotty,Pippen Jr.,True,https://cdn.nba.com/headshots/nba/latest/1040x760/1630590.png
77864,Charlie Pittman,Charlie,Pittman,False,https://cdn.nba.com/headshots/nba/latest/1040x760/77864.png
202354,Dexter Pittman,Dexter,Pittman,False,https://cdn.nba.com/headshots/nba/latest/1040x760/202354.png
2565,Zoran Planinic,Zoran,Planinic,False,https://cdn.nba.com/headshots/nba/latest/1040x760/2565.png
202353,Tibor Pleiss,Tibor,Pleiss,False,https://cdn.nba.com/headshots/nba/latest/1040x760/202353.png
1631342,Daeqwon Plowden,Daeqwon,Plowden,True,https://cdn.nba.com/headshots/nba/latest/1040x760/1631342.png
1627850,Marshall Plumlee,Marshall,Plumlee,False,https://cdn.nba.com/headshots/nba/latest/1040x760/1627850.png
203486,Mason Plumlee,Mason,Plumlee,True,https://cdn.nba.com/headshots/nba/latest/1040x760/203486.png
203101,Miles Plumlee,Miles,Plumlee,False,https://cdn.nba.com/headshots/nba/latest/1040x760/203101.png
77865,Gary Plummer,Gary,Plummer,False,https://cdn.nba.com/headshots/nba/latest/1040x760/77865.png
2750,Pavel Podkolzin,Pavel,Podkolzin,False,https://cdn.nba.com/headshots/nba/latest/1040x760/2750.png
1641764,Brandin Podziemski,Brandin,Podziemski,True,https://cdn.nba.com/headshots/nba/latest/1040x760/1641764.png
1627751,Jakob Poeltl,Jakob,Poeltl,True,https://cdn.nba.com/headshots/nba/latest/1040x760/1627751.png
1629738,Vincent Poirier,Vincent,Poirier,False,https://cdn.nba.com/headshots/nba/latest/1040x760/1629738.png
1630197,Aleksej Pokusevski,Aleksej,Pokusevski,False,https://cdn.nba.com/headshots/nba/latest/1040x760/1630197.png
77866,Dwayne Polee,Dwayne,Polee,False,https://cdn.nba.com/headshots/nba/latest/1040x760/77866.png
77867,Jim Pollard,Jim,Pollard,False,https://cdn.nba.com/headshots/nba/latest/1040x760/77867.png
1513,Scot Pollard,Scot,Pollard,False,https://cdn.nba.com/headshots/nba/latest/1040x760/1513.png
77868,Ralph Polson,Ralph,Polson,False,https://cdn.nba.com/headshots/nba/latest/1040x760/77868.png
178,Olden Polynice,Olden,Polynice,False,https://cdn.nba.com/headshots/nba/latest/1040x760/178.png
77869,Cliff Pondexter,Cliff,Pondexter,False,https://cdn.nba.com/headshots/nba/latest/1040x760/77869.png
202347,Quincy Pondexter,Quincy,Pondexter,False,https://cdn.nba.com/headshots/nba/latest/1040x760/202347.png
1629044,Shamorie Ponds,Shamorie,Ponds,False,https://cdn.nba.com/headshots/nba/latest/1040x760/1629044.png
1630582,Yves Pons,Yves,Pons,False,https://cdn.nba.com/headshots/nba/latest/1040x760/1630582.png
1629673,Jordan Poole,Jordan,Poole,True,https://cdn.nba.com/headshots/nba/latest/1040x760/1629673.png
77870,David Pope,David,Pope,False,https://cdn.nba.com/headshots/nba/latest/1040x760/77870.png
998,Mark Pope,Mark,Pope,False,https://cdn.nba.com/headshots/nba/latest/1040x760/998.png
77872,Dave Popson,Dave,Popson,False,https://cdn.nba.com/headshots/nba/latest/1040x760/77872.png
77873,Ben Poquette,Ben,Poquette,False,https://cdn.nba.com/headshots/nba/latest/1040x760/77873.png
2084,Chris Porter,Chris,Porter,False,https://cdn.nba.com/headshots/nba/latest/1040x760/2084.png
77875,Howard Porter,Howard,Porter,False,https://cdn.nba.com/headshots/nba/latest/1040x760/77875.png
1629007,Jontay Porter,Jontay,Porter,False,https://cdn.nba.com/headshots/nba/latest/1040x760/1629007.png
77876,Kevin Porter,Kevin,Porter,False,https://cdn.nba.com/headshots/nba/latest/1040x760/77876.png
345,Terry Porter,Terry,Porter,False,https://cdn.nba.com/headshots/nba/latest/1040x760/345.png
1641854,Craig Porter Jr.,Craig,Porter Jr.,True,https://cdn.nba.com/headshots/nba/latest/1040x760/1641854.png
1629645,Kevin Porter Jr.,Kevin,Porter Jr.,True,https://cdn.nba.com/headshots/nba/latest/1040x760/1629645.png
1629008,Michael Porter Jr.,Michael,Porter Jr.,True,https://cdn.nba.com/headshots/nba/latest/1040x760/1629008.png
203490,Otto Porter Jr.,Otto,Porter Jr.,False,https://cdn.nba.com/headshots/nba/latest/1040x760/203490.png
1626171,Bobby Portis,Bobby,Portis,True,https://cdn.nba.com/headshots/nba/latest/1040x760/1626171.png
77878,Bob Portman,Bob,Portman,False,https://cdn.nba.com/headshots/nba/latest/1040x760/77878.png
204001,Kristaps Porziņģis,Kristaps,Porziņģis,True,https://cdn.nba.com/headshots/nba/latest/1040x760/204001.png
1899,James Posey,James,Posey,False,https://cdn.nba.com/headshots/nba/latest/1040x760/1899.png
1642366,Quinten Post,Quinten,Post,True,https://cdn.nba.com/headshots/nba/latest/1040x760/1642366.png
2068,Lavor Postell,Lavor,Postell,False,https://cdn.nba.com/headshots/nba/latest/1040x760/2068.png
958,Vitaly Potapenko,Vitaly,Potapenko,False,https://cdn.nba.com/headshots/nba/latest/1040x760/958.png
1630695,Micah Potter,Micah,Potter,True,https://cdn.nba.com/headshots/nba/latest/1040x760/1630695.png
200796,Leon Powe,Leon,Powe,False,https://cdn.nba.com/headshots/nba/latest/1040x760/200796.png
203939,Dwight Powell,Dwight,Powell,True,https://cdn.nba.com/headshots/nba/latest/1040x760/203939.png
2694,Josh Powell,Josh,Powell,False,https://cdn.nba.com/headshots/nba/latest/1040x760/2694.png
2867,Kasib Powell,Kasib,Powell,False,https://cdn.nba.com/headshots/nba/latest/1040x760/2867.png
1629619,Myles Powell,Myles,Powell,False,https://cdn.nba.com/headshots/nba/latest/1040x760/1629619.png
1626181,Norman Powell,Norman,Powell,True,https://cdn.nba.com/headshots/nba/latest/1040x760/1626181.png
101232,Roger Powell,Roger,Powell,False,https://cdn.nba.com/headshots/nba/latest/1040x760/101232.png
1627816,Alex Poythress,Alex,Poythress,False,https://cdn.nba.com/headshots/nba/latest/1040x760/1627816.png
77879,Paul Pressey,Paul,Pressey,False,https://cdn.nba.com/headshots/nba/latest/1040x760/77879.png
203515,Phil Pressey,Phil,Pressey,False,https://cdn.nba.com/headshots/nba/latest/1040x760/203515.png
77880,Dominic Pressley,Dominic,Pressley,False,https://cdn.nba.com/headshots/nba/latest/1040x760/77880.png
77881,Harold Pressley,Harold,Pressley,False,https://cdn.nba.com/headshots/nba/latest/1040x760/77881.png
1630554,Jason Preston,Jason,Preston,False,https://cdn.nba.com/headshots/nba/latest/1040x760/1630554.png
201985,AJ Price,AJ,Price,False,https://cdn.nba.com/headshots/nba/latest/1040x760/201985.png
85,Brent Price,Brent,Price,False,https://cdn.nba.com/headshots/nba/latest/1040x760/85.png
77883,Jim Price,Jim,Price,False,https://cdn.nba.com/headshots/nba/latest/1040x760/77883.png
899,Mark Price,Mark,Price,False,https://cdn.nba.com/headshots/nba/latest/1040x760/899.png
77884,Mike Price,Mike,Price,False,https://cdn.nba.com/headshots/nba/latest/1040x760/77884.png
101179,Ronnie Price,Ronnie,Price,False,https://cdn.nba.com/headshots/nba/latest/1040x760/101179.png
77882,Tony Price,Tony,Price,False,https://cdn.nba.com/headshots/nba/latest/1040x760/77882.png
77886,Bob Priddy,Bob,Priddy,False,https://cdn.nba.com/headshots/nba/latest/1040x760/77886.png
203143,Pablo Prigioni,Pablo,Prigioni,False,https://cdn.nba.com/headshots/nba/latest/1040x760/203143.png
1630563,Joshua Primo,Joshua,Primo,False,https://cdn.nba.com/headshots/nba/latest/1040x760/1630563.png
1627752,Taurean Prince,Taurean,Prince,True,https://cdn.nba.com/headshots/nba/latest/1040x760/1627752.png
2419,Tayshaun Prince,Tayshaun,Prince,False,https://cdn.nba.com/headshots/nba/latest/1040x760/2419.png
77887,John Pritchard,John,Pritchard,False,https://cdn.nba.com/headshots/nba/latest/1040x760/77887.png
340,Kevin Pritchard,Kevin,Pritchard,False,https://cdn.nba.com/headshots/nba/latest/1040x760/340.png
1630202,Payton Pritchard,Payton,Pritchard,True,https://cdn.nba.com/headshots/nba/latest/1040x760/1630202.png
1919,Laron Profit,Laron,Profit,False,https://cdn.nba.com/headshots/nba/latest/1040x760/1919.png
1641765,Olivier-Maxence Prosper,Olivier-Maxence,Prosper,True,https://cdn.nba.com/headshots/nba/latest/1040x760/1641765.png
201172,Gabe Pruitt,Gabe,Pruitt,False,https://cdn.nba.com/headshots/nba/latest/1040x760/201172.png
2038,Joel Przybilla,Joel,Przybilla,False,https://cdn.nba.com/headshots/nba/latest/1040x760/2038.png
77888,Les Pugh,Les,Pugh,False,https://cdn.nba.com/headshots/nba/latest/1040x760/77888.png
77889,Roy Pugh,Roy,Pugh,False,https://cdn.nba.com/headshots/nba/latest/1040x760/77889.png
77890,Anthony Pullard,Anthony,Pullard,False,https://cdn.nba.com/headshots/nba/latest/1040x760/77890.png
1626643,Jacob Pullen,Jacob,Pullen,False,https://cdn.nba.com/headshots/nba/latest/1040x760/1626643.png
1642389,Zyon Pullin,Zyon,Pullin,True,https://cdn.nba.com/headshots/nba/latest/1040x760/1642389.png
1628681,Rodney Purvis,Rodney,Purvis,False,https://cdn.nba.com/headshots/nba/latest/1040x760/1628681.png
77891,Don Putman,Don,Putman,False,https://cdn.nba.com/headshots/nba/latest/1040x760/77891.png
1627817,Tim Quarterman,Tim,Quarterman,False,https://cdn.nba.com/headshots/nba/latest/1040x760/1627817.png
1630243,Trevelin Queen,Trevelin,Queen,True,https://cdn.nba.com/headshots/nba/latest/1040x760/1630243.png
1629674,Neemias Queta,Neemias,Queta,True,https://cdn.nba.com/headshots/nba/latest/1040x760/1629674.png
77892,Bob Quick,Bob,Quick,False,https://cdn.nba.com/headshots/nba/latest/1040x760/77892.png
1630193,Immanuel Quickley,Immanuel,Quickley,True,https://cdn.nba.com/headshots/nba/latest/1040x760/1630193.png
200809,Chris Quinn,Chris,Quinn,False,https://cdn.nba.com/headshots/nba/latest/1040x760/200809.png
77893,Brian Quinnett,Brian,Quinnett,False,https://cdn.nba.com/headshots/nba/latest/1040x760/77893.png
1631311,Lester Quinones,Lester,Quinones,True,https://cdn.nba.com/headshots/nba/latest/1040x760/1631311.png
1628397,Ivan Rabb,Ivan,Rabb,False,https://cdn.nba.com/headshots/nba/latest/1040x760/1628397.png
77894,Luke Rackley,Luke,Rackley,False,https://cdn.nba.com/headshots/nba/latest/1040x760/77894.png
77895,Howie Rader,Howie,Rader,False,https://cdn.nba.com/headshots/nba/latest/1040x760/77895.png
77896,Mark Radford,Mark,Radford,False,https://cdn.nba.com/headshots/nba/latest/1040x760/77896.png
77897,Wayne Radford,Wayne,Radford,False,https://cdn.nba.com/headshots/nba/latest/1040x760/77897.png
129,Dino Radja,Dino,Radja,False,https://cdn.nba.com/headshots/nba/latest/1040x760/129.png
2209,Vladimir Radmanovic,Vladimir,Radmanovic,False,https://cdn.nba.com/headshots/nba/latest/1040x760/2209.png
1893,Aleksandar Radojevic,Aleksandar,Radojevic,False,https://cdn.nba.com/headshots/nba/latest/1040x760/1893.png
77899,Frank Radovich,Frank,Radovich,False,https://cdn.nba.com/headshots/nba/latest/1040x760/77899.png
77900,Moe Radovich,Moe,Radovich,False,https://cdn.nba.com/headshots/nba/latest/1040x760/77900.png
203545,Miroslav Raduljica,Miroslav,Raduljica,False,https://cdn.nba.com/headshots/nba/latest/1040x760/203545.png
77901,Ray Radziszewski,Ray,Radziszewski,False,https://cdn.nba.com/headshots/nba/latest/1040x760/77901.png
77902,Ray Ragelis,Ray,Ragelis,False,https://cdn.nba.com/headshots/nba/latest/1040x760/77902.png
77903,Sherwin Raiken,Sherwin,Raiken,False,https://cdn.nba.com/headshots/nba/latest/1040x760/77903.png
77904,Ed Rains,Ed,Rains,False,https://cdn.nba.com/headshots/nba/latest/1040x760/77904.png
2080,Igor Rakocevic,Igor,Rakocevic,False,https://cdn.nba.com/headshots/nba/latest/1040x760/2080.png
77905,Kurt Rambis,Kurt,Rambis,False,https://cdn.nba.com/headshots/nba/latest/1040x760/77905.png
2762,Peter John Ramos,Peter John,Ramos,False,https://cdn.nba.com/headshots/nba/latest/1040x760/2762.png
77906,Cal Ramsey,Cal,Ramsey,False,https://cdn.nba.com/headshots/nba/latest/1040x760/77906.png
77907,Frank Ramsey,Frank,Ramsey,False,https://cdn.nba.com/headshots/nba/latest/1040x760/77907.png
1630186,Jahmi'us Ramsey,Jahmi'us,Ramsey,False,https://cdn.nba.com/headshots/nba/latest/1040x760/1630186.png
77908,Ray Ramsey,Ray,Ramsey,False,https://cdn.nba.com/headshots/nba/latest/1040x760/77908.png
1821,Mark Randall,Mark,Randall,False,https://cdn.nba.com/headshots/nba/latest/1040x760/1821.png
1626184,Chasson Randle,Chasson,Randle,False,https://cdn.nba.com/headshots/nba/latest/1040x760/1626184.png
203944,Julius Randle,Julius,Randle,True,https://cdn.nba.com/headshots/nba/latest/1040x760/203944.png
201576,Anthony Randolph,Anthony,Randolph,False,https://cdn.nba.com/headshots/nba/latest/1040x760/201576.png
101183,Shavlik Randolph,Shavlik,Randolph,False,https://cdn.nba.com/headshots/nba/latest/1040x760/101183.png
2216,Zach Randolph,Zach,Randolph,False,https://cdn.nba.com/headshots/nba/latest/1040x760/2216.png
77910,Wally Rank,Wally,Rank,False,https://cdn.nba.com/headshots/nba/latest/1040x760/77910.png
77911,Kelvin Ransey,Kelvin,Ransey,False,https://cdn.nba.com/headshots/nba/latest/1040x760/77911.png
77912,Sam Ranzino,Sam,Ranzino,False,https://cdn.nba.com/headshots/nba/latest/1040x760/77912.png
78656,Blair Rasmussen,Blair,Rasmussen,False,https://cdn.nba.com/headshots/nba/latest/1040x760/78656.png
1628504,Xavier Rathan-Mayes,Xavier,Rathan-Mayes,False,https://cdn.nba.com/headshots/nba/latest/1040x760/1628504.png
77913,George Ratkovicz,George,Ratkovicz,False,https://cdn.nba.com/headshots/nba/latest/1040x760/77913.png
77914,Ed Ratleff,Ed,Ratleff,False,https://cdn.nba.com/headshots/nba/latest/1040x760/77914.png
77915,Mike Ratliff,Mike,Ratliff,False,https://cdn.nba.com/headshots/nba/latest/1040x760/77915.png
689,Theo Ratliff,Theo,Ratliff,False,https://cdn.nba.com/headshots/nba/latest/1040x760/689.png
202360,Andy Rautins,Andy,Rautins,False,https://cdn.nba.com/headshots/nba/latest/1040x760/202360.png
77916,Leo Rautins,Leo,Rautins,False,https://cdn.nba.com/headshots/nba/latest/1040x760/77916.png
200810,Allan Ray,Allan,Ray,False,https://cdn.nba.com/headshots/nba/latest/1040x760/200810.png
77917,Clifford Ray,Clifford,Ray,False,https://cdn.nba.com/headshots/nba/latest/1040x760/77917.png
77918,Don Ray,Don,Ray,False,https://cdn.nba.com/headshots/nba/latest/1040x760/77918.png
77920,Jamesearl Ray,Jamesearl,Ray,False,https://cdn.nba.com/headshots/nba/latest/1040x760/77920.png
77919,Jim Ray,Jim,Ray,False,https://cdn.nba.com/headshots/nba/latest/1040x760/77919.png
77921,Craig Raymond,Craig,Raymond,False,https://cdn.nba.com/headshots/nba/latest/1040x760/77921.png
77922,Connie Rea,Connie,Rea,False,https://cdn.nba.com/headshots/nba/latest/1040x760/77922.png
1641871,Duop Reath,Duop,Reath,True,https://cdn.nba.com/headshots/nba/latest/1040x760/1641871.png
1630559,Austin Reaves,Austin,Reaves,True,https://cdn.nba.com/headshots/nba/latest/1040x760/1630559.png
77923,Joe Reaves,Joe,Reaves,False,https://cdn.nba.com/headshots/nba/latest/1040x760/77923.png
1629729,Josh Reaves,Josh,Reaves,False,https://cdn.nba.com/headshots/nba/latest/1040x760/1629729.png
1442,Zeljko Rebraca,Zeljko,Rebraca,False,https://cdn.nba.com/headshots/nba/latest/1040x760/1442.png
695,Eldridge Recasner,Eldridge,Recasner,False,https://cdn.nba.com/headshots/nba/latest/1040x760/695.png
2072,Michael Redd,Michael,Redd,False,https://cdn.nba.com/headshots/nba/latest/1040x760/2072.png
1629629,Cam Reddish,Cam,Reddish,True,https://cdn.nba.com/headshots/nba/latest/1040x760/1629629.png
77925,Frank Reddout,Frank,Reddout,False,https://cdn.nba.com/headshots/nba/latest/1040x760/77925.png
200755,JJ Redick,JJ,Redick,False,https://cdn.nba.com/headshots/nba/latest/1040x760/200755.png
77926,Marlon Redmond,Marlon,Redmond,False,https://cdn.nba.com/headshots/nba/latest/1040x760/77926.png
1628432,Davon Reed,Davon,Reed,False,https://cdn.nba.com/headshots/nba/latest/1040x760/1628432.png
77927,Hub Reed,Hub,Reed,False,https://cdn.nba.com/headshots/nba/latest/1040x760/77927.png
2770,Justin Reed,Justin,Reed,False,https://cdn.nba.com/headshots/nba/latest/1040x760/2770.png
1630194,Paul Reed,Paul,Reed,True,https://cdn.nba.com/headshots/nba/latest/1040x760/1630194.png
77928,Ron Reed,Ron,Reed,False,https://cdn.nba.com/headshots/nba/latest/1040x760/77928.png
203186,Willie Reed,Willie,Reed,False,https://cdn.nba.com/headshots/nba/latest/1040x760/203186.png
77929,Willis Reed,Willis,Reed,False,https://cdn.nba.com/headshots/nba/latest/1040x760/77929.png
1642024,Alex Reese,Alex,Reese,True,https://cdn.nba.com/headshots/nba/latest/1040x760/1642024.png
1641810,Antonio Reeves,Antonio,Reeves,True,https://cdn.nba.com/headshots/nba/latest/1040x760/1641810.png
735,Bryant Reeves,Bryant,Reeves,False,https://cdn.nba.com/headshots/nba/latest/1040x760/735.png
234,Khalid Reeves,Khalid,Reeves,False,https://cdn.nba.com/headshots/nba/latest/1040x760/234.png
77932,Richie Regan,Richie,Regan,False,https://cdn.nba.com/headshots/nba/latest/1040x760/77932.png
77933,Don Rehfeldt,Don,Rehfeldt,False,https://cdn.nba.com/headshots/nba/latest/1040x760/77933.png
77937,Billy Reid,Billy,Reid,False,https://cdn.nba.com/headshots/nba/latest/1040x760/77937.png
690,Don Reid,Don,Reid,False,https://cdn.nba.com/headshots/nba/latest/1040x760/690.png
462,J.R. Reid,J.R.,Reid,False,https://cdn.nba.com/headshots/nba/latest/1040x760/462.png
77935,Jim Reid,Jim,Reid,False,https://cdn.nba.com/headshots/nba/latest/1040x760/77935.png
1629675,Naz Reid,Naz,Reid,True,https://cdn.nba.com/headshots/nba/latest/1040x760/1629675.png
77936,Robert Reid,Robert,Reid,False,https://cdn.nba.com/headshots/nba/latest/1040x760/77936.png
202385,Ryan Reid,Ryan,Reid,False,https://cdn.nba.com/headshots/nba/latest/1040x760/202385.png
2876,Jared Reiner,Jared,Reiner,False,https://cdn.nba.com/headshots/nba/latest/1040x760/2876.png
77938,Joseph Reiser,Joseph,Reiser,False,https://cdn.nba.com/headshots/nba/latest/1040x760/77938.png
77939,Richard Rellford,Richard,Rellford,False,https://cdn.nba.com/headshots/nba/latest/1040x760/77939.png
720,Terrence Rencher,Terrence,Rencher,False,https://cdn.nba.com/headshots/nba/latest/1040x760/720.png
77941,John Rennicke,John,Rennicke,False,https://cdn.nba.com/headshots/nba/latest/1040x760/77941.png
77942,Rob Rensberger,Rob,Rensberger,False,https://cdn.nba.com/headshots/nba/latest/1040x760/77942.png
981,Efthimios Rentzias,Efthimios,Rentzias,False,https://cdn.nba.com/headshots/nba/latest/1040x760/981.png
704,Shawn Respert,Shawn,Respert,False,https://cdn.nba.com/headshots/nba/latest/1040x760/704.png
77944,Kevin Restani,Kevin,Restani,False,https://cdn.nba.com/headshots/nba/latest/1040x760/77944.png
1629244,Cam Reynolds,Cam,Reynolds,False,https://cdn.nba.com/headshots/nba/latest/1040x760/1629244.png
77945,George Reynolds,George,Reynolds,False,https://cdn.nba.com/headshots/nba/latest/1040x760/77945.png
77946,Jerry Reynolds,Jerry,Reynolds,False,https://cdn.nba.com/headshots/nba/latest/1040x760/77946.png
1631197,Jared Rhoden,Jared,Rhoden,True,https://cdn.nba.com/headshots/nba/latest/1040x760/1631197.png
77947,Gene Rhodes,Gene,Rhodes,False,https://cdn.nba.com/headshots/nba/latest/1040x760/77947.png
1518,Rodrick Rhodes,Rodrick,Rhodes,False,https://cdn.nba.com/headshots/nba/latest/1040x760/1518.png
779,Glen Rice,Glen,Rice,False,https://cdn.nba.com/headshots/nba/latest/1040x760/779.png
203318,Glen Rice,Glen,Rice,False,https://cdn.nba.com/headshots/nba/latest/1040x760/203318.png
201181,Chris Richard,Chris,Richard,False,https://cdn.nba.com/headshots/nba/latest/1040x760/201181.png
1630208,Nick Richards,Nick,Richards,True,https://cdn.nba.com/headshots/nba/latest/1040x760/1630208.png
77950,Clint Richardson,Clint,Richardson,False,https://cdn.nba.com/headshots/nba/latest/1040x760/77950.png
2202,Jason Richardson,Jason,Richardson,False,https://cdn.nba.com/headshots/nba/latest/1040x760/2202.png
200978,Jeremy Richardson,Jeremy,Richardson,False,https://cdn.nba.com/headshots/nba/latest/1040x760/200978.png
1626196,Josh Richardson,Josh,Richardson,True,https://cdn.nba.com/headshots/nba/latest/1040x760/1626196.png
1627781,Malachi Richardson,Malachi,Richardson,False,https://cdn.nba.com/headshots/nba/latest/1040x760/1627781.png
77952,Micheal Ray Richardson,Micheal Ray,Richardson,False,https://cdn.nba.com/headshots/nba/latest/1040x760/77952.png
2369,Norman Richardson,Norman,Richardson,False,https://cdn.nba.com/headshots/nba/latest/1040x760/2369.png
71,Pooh Richardson,Pooh,Richardson,False,https://cdn.nba.com/headshots/nba/latest/1040x760/71.png
2047,Quentin Richardson,Quentin,Richardson,False,https://cdn.nba.com/headshots/nba/latest/1040x760/2047.png
782,Mitch Richmond,Mitch,Richmond,False,https://cdn.nba.com/headshots/nba/latest/1040x760/782.png
77954,John Richter,John,Richter,False,https://cdn.nba.com/headshots/nba/latest/1040x760/77954.png
77955,Dick Ricketts,Dick,Ricketts,False,https://cdn.nba.com/headshots/nba/latest/1040x760/77955.png
375,Isaiah Rider,Isaiah,Rider,False,https://cdn.nba.com/headshots/nba/latest/1040x760/375.png
77957,Jackie Ridgle,Jackie,Ridgle,False,https://cdn.nba.com/headshots/nba/latest/1040x760/77957.png
2557,Luke Ridnour,Luke,Ridnour,False,https://cdn.nba.com/headshots/nba/latest/1040x760/2557.png
77958,Mel Riebe,Mel,Riebe,False,https://cdn.nba.com/headshots/nba/latest/1040x760/77958.png
77959,Jim Riffey,Jim,Riffey,False,https://cdn.nba.com/headshots/nba/latest/1040x760/77959.png
2541,Antoine Rigaudeau,Antoine,Rigaudeau,False,https://cdn.nba.com/headshots/nba/latest/1040x760/2541.png
77960,Tom Riker,Tom,Riker,False,https://cdn.nba.com/headshots/nba/latest/1040x760/77960.png
77963,Bob Riley,Bob,Riley,False,https://cdn.nba.com/headshots/nba/latest/1040x760/77963.png
35,Eric Riley,Eric,Riley,False,https://cdn.nba.com/headshots/nba/latest/1040x760/35.png
77962,Pat Riley,Pat,Riley,False,https://cdn.nba.com/headshots/nba/latest/1040x760/77962.png
77964,Ron Riley,Ron,Riley,False,https://cdn.nba.com/headshots/nba/latest/1040x760/77964.png
1630203,Grant Riller,Grant,Riller,False,https://cdn.nba.com/headshots/nba/latest/1040x760/1630203.png
77965,Rich Rinaldi,Rich,Rinaldi,False,https://cdn.nba.com/headshots/nba/latest/1040x760/77965.png
77966,Mike Riordan,Mike,Riordan,False,https://cdn.nba.com/headshots/nba/latest/1040x760/77966.png
1642258,Zaccharie Risacher,Zaccharie,Risacher,True,https://cdn.nba.com/headshots/nba/latest/1040x760/1642258.png
77967,Arnie Risen,Arnie,Risen,False,https://cdn.nba.com/headshots/nba/latest/1040x760/77967.png
77968,Goebel Ritter,Goebel,Ritter,False,https://cdn.nba.com/headshots/nba/latest/1040x760/77968.png
77969,Ramon Rivas,Ramon,Rivas,False,https://cdn.nba.com/headshots/nba/latest/1040x760/77969.png
203085,Austin Rivers,Austin,Rivers,False,https://cdn.nba.com/headshots/nba/latest/1040x760/203085.png
77970,David Rivers,David,Rivers,False,https://cdn.nba.com/headshots/nba/latest/1040x760/77970.png
470,Doc Rivers,Doc,Rivers,False,https://cdn.nba.com/headshots/nba/latest/1040x760/470.png
77972,Lee Robbins,Lee,Robbins,False,https://cdn.nba.com/headshots/nba/latest/1040x760/77972.png
1641857,Liam Robbins,Liam,Robbins,True,https://cdn.nba.com/headshots/nba/latest/1040x760/1641857.png
203460,Andre Roberson,Andre,Roberson,False,https://cdn.nba.com/headshots/nba/latest/1040x760/203460.png
101194,Anthony Roberson,Anthony,Roberson,False,https://cdn.nba.com/headshots/nba/latest/1040x760/101194.png
77973,Rick Roberson,Rick,Roberson,False,https://cdn.nba.com/headshots/nba/latest/1040x760/77973.png
2121,Terrance Roberson,Terrance,Roberson,False,https://cdn.nba.com/headshots/nba/latest/1040x760/2121.png
77975,Anthony Roberts,Anthony,Roberts,False,https://cdn.nba.com/headshots/nba/latest/1040x760/77975.png
77979,Bill Roberts,Bill,Roberts,False,https://cdn.nba.com/headshots/nba/latest/1040x760/77979.png
203148,Brian Roberts,Brian,Roberts,False,https://cdn.nba.com/headshots/nba/latest/1040x760/203148.png
122,Fred Roberts,Fred,Roberts,False,https://cdn.nba.com/headshots/nba/latest/1040x760/122.png
77977,Joe Roberts,Joe,Roberts,False,https://cdn.nba.com/headshots/nba/latest/1040x760/77977.png
101160,Lawrence Roberts,Lawrence,Roberts,False,https://cdn.nba.com/headshots/nba/latest/1040x760/101160.png
77978,Marv Roberts,Marv,Roberts,False,https://cdn.nba.com/headshots/nba/latest/1040x760/77978.png
914,Stanley Roberts,Stanley,Roberts,False,https://cdn.nba.com/headshots/nba/latest/1040x760/914.png
926,Alvin Robertson,Alvin,Robertson,False,https://cdn.nba.com/headshots/nba/latest/1040x760/926.png
600015,Oscar Robertson,Oscar,Robertson,False,https://cdn.nba.com/headshots/nba/latest/1040x760/600015.png
1926,Ryan Robertson,Ryan,Robertson,False,https://cdn.nba.com/headshots/nba/latest/1040x760/1926.png
77983,Tony Robertson,Tony,Robertson,False,https://cdn.nba.com/headshots/nba/latest/1040x760/77983.png
77984,Rick Robey,Rick,Robey,False,https://cdn.nba.com/headshots/nba/latest/1040x760/77984.png
2774,Bernard Robinson,Bernard,Robinson,False,https://cdn.nba.com/headshots/nba/latest/1040x760/2774.png
997,Chris Robinson,Chris,Robinson,False,https://cdn.nba.com/headshots/nba/latest/1040x760/997.png
77986,Cliff T. Robinson,Cliff T.,Robinson,False,https://cdn.nba.com/headshots/nba/latest/1040x760/77986.png
361,Clifford Robinson,Clifford,Robinson,False,https://cdn.nba.com/headshots/nba/latest/1040x760/361.png
764,David Robinson,David,Robinson,False,https://cdn.nba.com/headshots/nba/latest/1040x760/764.png
1628421,Devin Robinson,Devin,Robinson,False,https://cdn.nba.com/headshots/nba/latest/1040x760/1628421.png
1629130,Duncan Robinson,Duncan,Robinson,True,https://cdn.nba.com/headshots/nba/latest/1040x760/1629130.png
1944,Eddie Robinson,Eddie,Robinson,False,https://cdn.nba.com/headshots/nba/latest/1040x760/1944.png
77988,Flynn Robinson,Flynn,Robinson,False,https://cdn.nba.com/headshots/nba/latest/1040x760/77988.png
299,Glenn Robinson,Glenn,Robinson,False,https://cdn.nba.com/headshots/nba/latest/1040x760/299.png
77989,Jackie Robinson,Jackie,Robinson,False,https://cdn.nba.com/headshots/nba/latest/1040x760/77989.png
1554,Jamal Robinson,Jamal,Robinson,False,https://cdn.nba.com/headshots/nba/latest/1040x760/1554.png
381,James Robinson,James,Robinson,False,https://cdn.nba.com/headshots/nba/latest/1040x760/381.png
1629010,Jerome Robinson,Jerome,Robinson,False,https://cdn.nba.com/headshots/nba/latest/1040x760/1629010.png
1629620,Justin Robinson,Justin,Robinson,False,https://cdn.nba.com/headshots/nba/latest/1040x760/1629620.png
1683,Larry Robinson,Larry,Robinson,False,https://cdn.nba.com/headshots/nba/latest/1040x760/1683.png
1629011,Mitchell Robinson,Mitchell,Robinson,True,https://cdn.nba.com/headshots/nba/latest/1040x760/1629011.png
101126,Nate Robinson,Nate,Robinson,False,https://cdn.nba.com/headshots/nba/latest/1040x760/101126.png
77994,Oliver Robinson,Oliver,Robinson,False,https://cdn.nba.com/headshots/nba/latest/1040x760/77994.png
1631115,Orlando Robinson,Orlando,Robinson,True,https://cdn.nba.com/headshots/nba/latest/1040x760/1631115.png
716,Rumeal Robinson,Rumeal,Robinson,False,https://cdn.nba.com/headshots/nba/latest/1040x760/716.png
203080,Thomas Robinson,Thomas,Robinson,False,https://cdn.nba.com/headshots/nba/latest/1040x760/203080.png
77993,Truck Robinson,Truck,Robinson,False,https://cdn.nba.com/headshots/nba/latest/1040x760/77993.png
77996,Wayne Robinson,Wayne,Robinson,False,https://cdn.nba.com/headshots/nba/latest/1040x760/77996.png
203922,Glenn Robinson III,Glenn,Robinson III,False,https://cdn.nba.com/headshots/nba/latest/1040x760/203922.png
1630526,Jeremiah Robinson-Earl,Jeremiah,Robinson-Earl,True,https://cdn.nba.com/headshots/nba/latest/1040x760/1630526.png
77997,Bill Robinzine,Bill,Robinzine,False,https://cdn.nba.com/headshots/nba/latest/1040x760/77997.png
77998,Dave Robisch,Dave,Robisch,False,https://cdn.nba.com/headshots/nba/latest/1040x760/77998.png
1629676,Isaiah Roby,Isaiah,Roby,False,https://cdn.nba.com/headshots/nba/latest/1040x760/1629676.png
77999,Red Rocha,Red,Rocha,False,https://cdn.nba.com/headshots/nba/latest/1040x760/77999.png
78000,John Roche,John,Roche,False,https://cdn.nba.com/headshots/nba/latest/1040x760/78000.png
78001,Gene Rock,Gene,Rock,False,https://cdn.nba.com/headshots/nba/latest/1040x760/78001.png
78002,Jack Rocker,Jack,Rocker,False,https://cdn.nba.com/headshots/nba/latest/1040x760/78002.png
1631223,David Roddy,David,Roddy,True,https://cdn.nba.com/headshots/nba/latest/1040x760/1631223.png
78003,Guy Rodgers,Guy,Rodgers,False,https://cdn.nba.com/headshots/nba/latest/1040x760/78003.png
23,Dennis Rodman,Dennis,Rodman,False,https://cdn.nba.com/headshots/nba/latest/1040x760/23.png
200771,Sergio Rodriguez,Sergio,Rodriguez,False,https://cdn.nba.com/headshots/nba/latest/1040x760/200771.png
691,Lou Roe,Lou,Roe,False,https://cdn.nba.com/headshots/nba/latest/1040x760/691.png
435,Carlos Rogers,Carlos,Rogers,False,https://cdn.nba.com/headshots/nba/latest/1040x760/435.png
78007,Johnny Rogers,Johnny,Rogers,False,https://cdn.nba.com/headshots/nba/latest/1040x760/78007.png
78008,Marshall Rogers,Marshall,Rogers,False,https://cdn.nba.com/headshots/nba/latest/1040x760/78008.png
915,Rodney Rogers,Rodney,Rogers,False,https://cdn.nba.com/headshots/nba/latest/1040x760/915.png
964,Roy Rogers,Roy,Rogers,False,https://cdn.nba.com/headshots/nba/latest/1040x760/964.png
78010,Al Roges,Al,Roges,False,https://cdn.nba.com/headshots/nba/latest/1040x760/78010.png
78011,Ken Rohloff,Ken,Rohloff,False,https://cdn.nba.com/headshots/nba/latest/1040x760/78011.png
202375,Magnum Rolle,Magnum,Rolle,False,https://cdn.nba.com/headshots/nba/latest/1040x760/202375.png
78012,Kenny Rollins,Kenny,Rollins,False,https://cdn.nba.com/headshots/nba/latest/1040x760/78012.png
78013,Phil Rollins,Phil,Rollins,False,https://cdn.nba.com/headshots/nba/latest/1040x760/78013.png
1631157,Ryan Rollins,Ryan,Rollins,True,https://cdn.nba.com/headshots/nba/latest/1040x760/1631157.png
78014,Tree Rollins,Tree,Rollins,False,https://cdn.nba.com/headshots/nba/latest/1040x760/78014.png
78015,Lorenzo Romar,Lorenzo,Romar,False,https://cdn.nba.com/headshots/nba/latest/1040x760/78015.png
200765,Rajon Rondo,Rajon,Rondo,False,https://cdn.nba.com/headshots/nba/latest/1040x760/200765.png
399,Sean Rooks,Sean,Rooks,False,https://cdn.nba.com/headshots/nba/latest/1040x760/399.png
201565,Derrick Rose,Derrick,Rose,False,https://cdn.nba.com/headshots/nba/latest/1040x760/201565.png
147,Jalen Rose,Jalen,Rose,False,https://cdn.nba.com/headshots/nba/latest/1040x760/147.png
990,Malik Rose,Malik,Rose,False,https://cdn.nba.com/headshots/nba/latest/1040x760/990.png
78016,Robert Rose,Robert,Rose,False,https://cdn.nba.com/headshots/nba/latest/1040x760/78016.png
78017,Alexander Rosenberg,Alexander,Rosenberg,False,https://cdn.nba.com/headshots/nba/latest/1040x760/78017.png
78018,Lennie Rosenbluth,Lennie,Rosenbluth,False,https://cdn.nba.com/headshots/nba/latest/1040x760/78018.png
78019,Hank Rosenstein,Hank,Rosenstein,False,https://cdn.nba.com/headshots/nba/latest/1040x760/78019.png
78020,Dick Rosenthal,Dick,Rosenthal,False,https://cdn.nba.com/headshots/nba/latest/1040x760/78020.png
2624,Quinton Ross,Quinton,Ross,False,https://cdn.nba.com/headshots/nba/latest/1040x760/2624.png
203082,Terrence Ross,Terrence,Ross,False,https://cdn.nba.com/headshots/nba/latest/1040x760/203082.png
78021,Doug Roth,Doug,Roth,False,https://cdn.nba.com/headshots/nba/latest/1040x760/78021.png
78022,Scott Roth,Scott,Roth,False,https://cdn.nba.com/headshots/nba/latest/1040x760/78022.png
78023,Irv Rothenberg,Irv,Rothenberg,False,https://cdn.nba.com/headshots/nba/latest/1040x760/78023.png
78024,Mickey Rottner,Mickey,Rottner,False,https://cdn.nba.com/headshots/nba/latest/1040x760/78024.png
78025,Dan Roundfield,Dan,Roundfield,False,https://cdn.nba.com/headshots/nba/latest/1040x760/78025.png
78026,Giff Roux,Giff,Roux,False,https://cdn.nba.com/headshots/nba/latest/1040x760/78026.png
78027,Ron Rowan,Ron,Rowan,False,https://cdn.nba.com/headshots/nba/latest/1040x760/78027.png
78028,Curtis Rowe,Curtis,Rowe,False,https://cdn.nba.com/headshots/nba/latest/1040x760/78028.png
1642050,Jackson Rowe,Jackson,Rowe,True,https://cdn.nba.com/headshots/nba/latest/1040x760/1642050.png
78029,Jim Rowinski,Jim,Rowinski,False,https://cdn.nba.com/headshots/nba/latest/1040x760/78029.png
78030,Derrick Rowland,Derrick,Rowland,False,https://cdn.nba.com/headshots/nba/latest/1040x760/78030.png
78031,Brian Rowsom,Brian,Rowsom,False,https://cdn.nba.com/headshots/nba/latest/1040x760/78031.png
200750,Brandon Roy,Brandon,Roy,False,https://cdn.nba.com/headshots/nba/latest/1040x760/200750.png
140,Donald Royal,Donald,Royal,False,https://cdn.nba.com/headshots/nba/latest/1040x760/140.png
78033,Bob Royer,Bob,Royer,False,https://cdn.nba.com/headshots/nba/latest/1040x760/78033.png
32,Clifford Rozier,Clifford,Rozier,False,https://cdn.nba.com/headshots/nba/latest/1040x760/32.png
1626179,Terry Rozier,Terry,Rozier,True,https://cdn.nba.com/headshots/nba/latest/1040x760/1626179.png
201937,Ricky Rubio,Ricky,Rubio,False,https://cdn.nba.com/headshots/nba/latest/1040x760/201937.png
2462,Guy Rucker,Guy,Rucker,False,https://cdn.nba.com/headshots/nba/latest/1040x760/2462.png
78035,Delaney Rudd,Delaney,Rudd,False,https://cdn.nba.com/headshots/nba/latest/1040x760/78035.png
78036,John Rudd,John,Rudd,False,https://cdn.nba.com/headshots/nba/latest/1040x760/78036.png
204014,Damjan Rudez,Damjan,Rudez,False,https://cdn.nba.com/headshots/nba/latest/1040x760/204014.png
78037,John Rudometkin,John,Rudometkin,False,https://cdn.nba.com/headshots/nba/latest/1040x760/78037.png
1913,Michael Ruffin,Michael,Ruffin,False,https://cdn.nba.com/headshots/nba/latest/1040x760/1913.png
460,Trevor Ruffin,Trevor,Ruffin,False,https://cdn.nba.com/headshots/nba/latest/1040x760/460.png
78039,Paul Ruffner,Paul,Ruffner,False,https://cdn.nba.com/headshots/nba/latest/1040x760/78039.png
78040,Joe Ruklick,Joe,Ruklick,False,https://cdn.nba.com/headshots/nba/latest/1040x760/78040.png
78041,Jeff Ruland,Jeff,Ruland,False,https://cdn.nba.com/headshots/nba/latest/1040x760/78041.png
78042,Bob Rule,Bob,Rule,False,https://cdn.nba.com/headshots/nba/latest/1040x760/78042.png
78043,Jerry Rullo,Jerry,Rullo,False,https://cdn.nba.com/headshots/nba/latest/1040x760/78043.png
1641712,Rayan Rupert,Rayan,Rupert,True,https://cdn.nba.com/headshots/nba/latest/1040x760/1641712.png
474,Stefano Rusconi,Stefano,Rusconi,False,https://cdn.nba.com/headshots/nba/latest/1040x760/474.png
201575,Brandon Rush,Brandon,Rush,False,https://cdn.nba.com/headshots/nba/latest/1040x760/201575.png
2416,Kareem Rush,Kareem,Rush,False,https://cdn.nba.com/headshots/nba/latest/1040x760/2416.png
78049,Bill Russell,Bill,Russell,False,https://cdn.nba.com/headshots/nba/latest/1040x760/78049.png
935,Bryon Russell,Bryon,Russell,False,https://cdn.nba.com/headshots/nba/latest/1040x760/935.png
78047,Campy Russell,Campy,Russell,False,https://cdn.nba.com/headshots/nba/latest/1040x760/78047.png
78045,Cazzie Russell,Cazzie,Russell,False,https://cdn.nba.com/headshots/nba/latest/1040x760/78045.png
1626156,D'Angelo Russell,D'Angelo,Russell,True,https://cdn.nba.com/headshots/nba/latest/1040x760/1626156.png
78046,Frank Russell,Frank,Russell,False,https://cdn.nba.com/headshots/nba/latest/1040x760/78046.png
78048,Walker Russell,Walker,Russell,False,https://cdn.nba.com/headshots/nba/latest/1040x760/78048.png
201041,Walker Russell,Walker,Russell,False,https://cdn.nba.com/headshots/nba/latest/1040x760/201041.png
1630346,Matt Ryan,Matt,Ryan,True,https://cdn.nba.com/headshots/nba/latest/1040x760/1630346.png
717,Arvydas Sabonis,Arvydas,Sabonis,False,https://cdn.nba.com/headshots/nba/latest/1040x760/717.png
1627734,Domantas Sabonis,Domantas,Sabonis,True,https://cdn.nba.com/headshots/nba/latest/1040x760/1627734.png
203135,Robert Sacre,Robert,Sacre,False,https://cdn.nba.com/headshots/nba/latest/1040x760/203135.png
78050,Ed Sadowski,Ed,Sadowski,False,https://cdn.nba.com/headshots/nba/latest/1040x760/78050.png
78051,Kenny Sailors,Kenny,Sailors,False,https://cdn.nba.com/headshots/nba/latest/1040x760/78051.png
1642275,Tidjane Salaün,Tidjane,Salaün,True,https://cdn.nba.com/headshots/nba/latest/1040x760/1642275.png
927,John Salley,John,Salley,False,https://cdn.nba.com/headshots/nba/latest/1040x760/927.png
2422,John Salmons,John,Salmons,False,https://cdn.nba.com/headshots/nba/latest/1040x760/2422.png
1089,Kevin Salvadori,Kevin,Salvadori,False,https://cdn.nba.com/headshots/nba/latest/1040x760/1089.png
2066,Soumaila Samake,Soumaila,Samake,False,https://cdn.nba.com/headshots/nba/latest/1040x760/2066.png
1629677,Luka Samanic,Luka,Samanic,False,https://cdn.nba.com/headshots/nba/latest/1040x760/1629677.png
200798,Cheikh Samb,Cheikh,Samb,False,https://cdn.nba.com/headshots/nba/latest/1040x760/200798.png
1629102,Brandon Sampson,Brandon,Sampson,False,https://cdn.nba.com/headshots/nba/latest/1040x760/1629102.png
203960,JaKarr Sampson,JaKarr,Sampson,False,https://cdn.nba.com/headshots/nba/latest/1040x760/203960.png
2441,Jamal Sampson,Jamal,Sampson,False,https://cdn.nba.com/headshots/nba/latest/1040x760/2441.png
78055,Ralph Sampson,Ralph,Sampson,False,https://cdn.nba.com/headshots/nba/latest/1040x760/78055.png
202396,Samardo Samuels,Samardo,Samuels,False,https://cdn.nba.com/headshots/nba/latest/1040x760/202396.png
1631257,Jermaine Samuels Jr.,Jermaine,Samuels Jr.,False,https://cdn.nba.com/headshots/nba/latest/1040x760/1631257.png
2143,Pepe Sanchez,Pepe,Sanchez,False,https://cdn.nba.com/headshots/nba/latest/1040x760/2143.png
78057,Frankie Sanders,Frankie,Sanders,False,https://cdn.nba.com/headshots/nba/latest/1040x760/78057.png
1874,Jeff Sanders,Jeff,Sanders,False,https://cdn.nba.com/headshots/nba/latest/1040x760/1874.png
202336,Larry Sanders,Larry,Sanders,False,https://cdn.nba.com/headshots/nba/latest/1040x760/202336.png
2684,Melvin Sanders,Melvin,Sanders,False,https://cdn.nba.com/headshots/nba/latest/1040x760/2684.png
78059,Mike Sanders,Mike,Sanders,False,https://cdn.nba.com/headshots/nba/latest/1040x760/78059.png
78060,Thomas Sanders,Thomas,Sanders,False,https://cdn.nba.com/headshots/nba/latest/1040x760/78060.png
1641766,Adama Sanogo,Adama,Sanogo,True,https://cdn.nba.com/headshots/nba/latest/1040x760/1641766.png
2091,Daniel Santiago,Daniel,Santiago,False,https://cdn.nba.com/headshots/nba/latest/1040x760/2091.png
78061,Bob Santini,Bob,Santini,False,https://cdn.nba.com/headshots/nba/latest/1040x760/78061.png
1630611,Gui Santos,Gui,Santos,True,https://cdn.nba.com/headshots/nba/latest/1040x760/1630611.png
78062,Wayne Sappleton,Wayne,Sappleton,False,https://cdn.nba.com/headshots/nba/latest/1040x760/78062.png
1642259,Alex Sarr,Alex,Sarr,True,https://cdn.nba.com/headshots/nba/latest/1040x760/1642259.png
1630846,Olivier Sarr,Olivier,Sarr,False,https://cdn.nba.com/headshots/nba/latest/1040x760/1630846.png
987,Jason Sasser,Jason,Sasser,False,https://cdn.nba.com/headshots/nba/latest/1040x760/987.png
2219,Jeryl Sasser,Jeryl,Sasser,False,https://cdn.nba.com/headshots/nba/latest/1040x760/2219.png
1631204,Marcus Sasser,Marcus,Sasser,True,https://cdn.nba.com/headshots/nba/latest/1040x760/1631204.png
203107,Tomas Satoransky,Tomas,Satoransky,False,https://cdn.nba.com/headshots/nba/latest/1040x760/203107.png
2261,Kenny Satterfield,Kenny,Satterfield,False,https://cdn.nba.com/headshots/nba/latest/1040x760/2261.png
78063,Frank Saul,Frank,Saul,False,https://cdn.nba.com/headshots/nba/latest/1040x760/78063.png
78064,Woody Sauldsberry,Woody,Sauldsberry,False,https://cdn.nba.com/headshots/nba/latest/1040x760/78064.png
78065,Fred Saunders,Fred,Saunders,False,https://cdn.nba.com/headshots/nba/latest/1040x760/78065.png
78066,Don Savage,Don,Savage,False,https://cdn.nba.com/headshots/nba/latest/1040x760/78066.png
2453,Predrag Savovic,Predrag,Savovic,False,https://cdn.nba.com/headshots/nba/latest/1040x760/2453.png
78067,Alan Sawyer,Alan,Sawyer,False,https://cdn.nba.com/headshots/nba/latest/1040x760/78067.png
2243,Brian Scalabrine,Brian,Scalabrine,False,https://cdn.nba.com/headshots/nba/latest/1040x760/2243.png
2637,Alex Scales,Alex,Scales,False,https://cdn.nba.com/headshots/nba/latest/1040x760/2637.png
78068,Dewayne Scales,Dewayne,Scales,False,https://cdn.nba.com/headshots/nba/latest/1040x760/78068.png
78069,Frank Schade,Frank,Schade,False,https://cdn.nba.com/headshots/nba/latest/1040x760/78069.png
78070,Ben Schadler,Ben,Schadler,False,https://cdn.nba.com/headshots/nba/latest/1040x760/78070.png
78071,Herm Schaefer,Herm,Schaefer,False,https://cdn.nba.com/headshots/nba/latest/1040x760/78071.png
78072,Bob Schafer,Bob,Schafer,False,https://cdn.nba.com/headshots/nba/latest/1040x760/78072.png
1630648,Jordan Schakel,Jordan,Schakel,False,https://cdn.nba.com/headshots/nba/latest/1040x760/1630648.png
78073,Ben Scharnus,Ben,Scharnus,False,https://cdn.nba.com/headshots/nba/latest/1040x760/78073.png
78074,Marv Schatzman,Marv,Schatzman,False,https://cdn.nba.com/headshots/nba/latest/1040x760/78074.png
78075,Fred Schaus,Fred,Schaus,False,https://cdn.nba.com/headshots/nba/latest/1040x760/78075.png
7,Dan Schayes,Dan,Schayes,False,https://cdn.nba.com/headshots/nba/latest/1040x760/7.png
78076,Dolph Schayes,Dolph,Schayes,False,https://cdn.nba.com/headshots/nba/latest/1040x760/78076.png
78078,Ossie Schectman,Ossie,Schectman,False,https://cdn.nba.com/headshots/nba/latest/1040x760/78078.png
88,Steve Scheffler,Steve,Scheffler,False,https://cdn.nba.com/headshots/nba/latest/1040x760/88.png
78080,Tom Scheffler,Tom,Scheffler,False,https://cdn.nba.com/headshots/nba/latest/1040x760/78080.png
1631248,Baylor Scheierman,Baylor,Scheierman,True,https://cdn.nba.com/headshots/nba/latest/1040x760/1631248.png
78081,Dave Schellhase,Dave,Schellhase,False,https://cdn.nba.com/headshots/nba/latest/1040x760/78081.png
101195,Luke Schenscher,Luke,Schenscher,False,https://cdn.nba.com/headshots/nba/latest/1040x760/101195.png
78082,Herb Scherer,Herb,Scherer,False,https://cdn.nba.com/headshots/nba/latest/1040x760/78082.png
368,Dwayne Schintzius,Dwayne,Schintzius,False,https://cdn.nba.com/headshots/nba/latest/1040x760/368.png
78084,Dale Schlueter,Dale,Schlueter,False,https://cdn.nba.com/headshots/nba/latest/1040x760/78084.png
78085,Otto Schnellbacher,Otto,Schnellbacher,False,https://cdn.nba.com/headshots/nba/latest/1040x760/78085.png
78086,Dick Schnittker,Dick,Schnittker,False,https://cdn.nba.com/headshots/nba/latest/1040x760/78086.png
78087,Russ Schoene,Russ,Schoene,False,https://cdn.nba.com/headshots/nba/latest/1040x760/78087.png
1629678,Admiral Schofield,Admiral,Schofield,False,https://cdn.nba.com/headshots/nba/latest/1040x760/1629678.png
78088,Dave Scholz,Dave,Scholz,False,https://cdn.nba.com/headshots/nba/latest/1040x760/78088.png
78089,Milt Schoon,Milt,Schoon,False,https://cdn.nba.com/headshots/nba/latest/1040x760/78089.png
96,Detlef Schrempf,Detlef,Schrempf,False,https://cdn.nba.com/headshots/nba/latest/1040x760/96.png
203471,Dennis Schröder,Dennis,Schröder,True,https://cdn.nba.com/headshots/nba/latest/1040x760/203471.png
78091,Howie Schultz,Howie,Schultz,False,https://cdn.nba.com/headshots/nba/latest/1040x760/78091.png
78092,Dick Schulz,Dick,Schulz,False,https://cdn.nba.com/headshots/nba/latest/1040x760/78092.png
78093,John Schweitz,John,Schweitz,False,https://cdn.nba.com/headshots/nba/latest/1040x760/78093.png
2449,Luis Scola,Luis,Scola,False,https://cdn.nba.com/headshots/nba/latest/1040x760/2449.png
78094,Freddie Scolari,Freddie,Scolari,False,https://cdn.nba.com/headshots/nba/latest/1040x760/78094.png
78095,Alvin Scott,Alvin,Scott,False,https://cdn.nba.com/headshots/nba/latest/1040x760/78095.png
1064,Brent Scott,Brent,Scott,False,https://cdn.nba.com/headshots/nba/latest/1040x760/1064.png
2,Byron Scott,Byron,Scott,False,https://cdn.nba.com/headshots/nba/latest/1040x760/2.png
78097,Charlie Scott,Charlie,Scott,False,https://cdn.nba.com/headshots/nba/latest/1040x760/78097.png
192,Dennis Scott,Dennis,Scott,False,https://cdn.nba.com/headshots/nba/latest/1040x760/192.png
1109,James Scott,James,Scott,False,https://cdn.nba.com/headshots/nba/latest/1040x760/1109.png
203118,Mike Scott,Mike,Scott,False,https://cdn.nba.com/headshots/nba/latest/1040x760/203118.png
78100,Ray Scott,Ray,Scott,False,https://cdn.nba.com/headshots/nba/latest/1040x760/78100.png
1035,Shawnelle Scott,Shawnelle,Scott,False,https://cdn.nba.com/headshots/nba/latest/1040x760/1035.png
1630286,Trevon Scott,Trevon,Scott,False,https://cdn.nba.com/headshots/nba/latest/1040x760/1630286.png
1630206,Jay Scrubb,Jay,Scrubb,False,https://cdn.nba.com/headshots/nba/latest/1040x760/1630206.png
78102,Carey Scurry,Carey,Scurry,False,https://cdn.nba.com/headshots/nba/latest/1040x760/78102.png
1631220,Dereon Seabron,Dereon,Seabron,False,https://cdn.nba.com/headshots/nba/latest/1040x760/1631220.png
78103,Bruce Seals,Bruce,Seals,False,https://cdn.nba.com/headshots/nba/latest/1040x760/78103.png
1578,Shea Seals,Shea,Seals,False,https://cdn.nba.com/headshots/nba/latest/1040x760/1578.png
907,Malik Sealy,Malik,Sealy,False,https://cdn.nba.com/headshots/nba/latest/1040x760/907.png
78105,Ed Searcy,Ed,Searcy,False,https://cdn.nba.com/headshots/nba/latest/1040x760/78105.png
78106,Ken Sears,Ken,Sears,False,https://cdn.nba.com/headshots/nba/latest/1040x760/78106.png
78107,Wayne See,Wayne,See,False,https://cdn.nba.com/headshots/nba/latest/1040x760/78107.png
200757,Thabo Sefolosha,Thabo,Sefolosha,False,https://cdn.nba.com/headshots/nba/latest/1040x760/200757.png
938,Rony Seikaly,Rony,Seikaly,False,https://cdn.nba.com/headshots/nba/latest/1040x760/938.png
78109,Glen Selbo,Glen,Selbo,False,https://cdn.nba.com/headshots/nba/latest/1040x760/78109.png
202729,Josh Selby,Josh,Selby,False,https://cdn.nba.com/headshots/nba/latest/1040x760/202729.png
1627782,Wayne Selden,Wayne,Selden,False,https://cdn.nba.com/headshots/nba/latest/1040x760/1627782.png
78110,Brad Sellers,Brad,Sellers,False,https://cdn.nba.com/headshots/nba/latest/1040x760/78110.png
78111,Phil Sellers,Phil,Sellers,False,https://cdn.nba.com/headshots/nba/latest/1040x760/78111.png
78112,Rollie Seltz,Rollie,Seltz,False,https://cdn.nba.com/headshots/nba/latest/1040x760/78112.png
78113,Frank Selvy,Frank,Selvy,False,https://cdn.nba.com/headshots/nba/latest/1040x760/78113.png
78114,Jim Seminoff,Jim,Seminoff,False,https://cdn.nba.com/headshots/nba/latest/1040x760/78114.png
200754,Mouhamed Sene,Mouhamed,Sene,False,https://cdn.nba.com/headshots/nba/latest/1040x760/200754.png
78115,George Senesky,George,Senesky,False,https://cdn.nba.com/headshots/nba/latest/1040x760/78115.png
1630578,Alperen Sengun,Alperen,Sengun,True,https://cdn.nba.com/headshots/nba/latest/1040x760/1630578.png
1641729,Brice Sensabaugh,Brice,Sensabaugh,True,https://cdn.nba.com/headshots/nba/latest/1040x760/1641729.png
202338,Kevin Seraphin,Kevin,Seraphin,False,https://cdn.nba.com/headshots/nba/latest/1040x760/202338.png
1738,Ansu Sesay,Ansu,Sesay,False,https://cdn.nba.com/headshots/nba/latest/1040x760/1738.png
201196,Ramon Sessions,Ramon,Sessions,False,https://cdn.nba.com/headshots/nba/latest/1040x760/201196.png
78116,Tom Sewell,Tom,Sewell,False,https://cdn.nba.com/headshots/nba/latest/1040x760/78116.png
1629012,Collin Sexton,Collin,Sexton,True,https://cdn.nba.com/headshots/nba/latest/1040x760/1629012.png
78117,Paul Seymour,Paul,Seymour,False,https://cdn.nba.com/headshots/nba/latest/1040x760/78117.png
78118,Nick Shaback,Nick,Shaback,False,https://cdn.nba.com/headshots/nba/latest/1040x760/78118.png
1593,Charles Shackleford,Charles,Shackleford,False,https://cdn.nba.com/headshots/nba/latest/1040x760/1593.png
78120,Carl Shaeffer,Carl,Shaeffer,False,https://cdn.nba.com/headshots/nba/latest/1040x760/78120.png
78121,Lee Shaffer,Lee,Shaffer,False,https://cdn.nba.com/headshots/nba/latest/1040x760/78121.png
201203,Mustafa Shakur,Mustafa,Shakur,False,https://cdn.nba.com/headshots/nba/latest/1040x760/201203.png
1629013,Landry Shamet,Landry,Shamet,True,https://cdn.nba.com/headshots/nba/latest/1040x760/1629013.png
1539,God Shammgod,God,Shammgod,False,https://cdn.nba.com/headshots/nba/latest/1040x760/1539.png
78123,Earl Shannon,Earl,Shannon,False,https://cdn.nba.com/headshots/nba/latest/1040x760/78123.png
78124,Howie Shannon,Howie,Shannon,False,https://cdn.nba.com/headshots/nba/latest/1040x760/78124.png
1630545,Terrence Shannon Jr.,Terrence,Shannon Jr.,True,https://cdn.nba.com/headshots/nba/latest/1040x760/1630545.png
78125,Charlie Share,Charlie,Share,False,https://cdn.nba.com/headshots/nba/latest/1040x760/78125.png
78126,Bill Sharman,Bill,Sharman,False,https://cdn.nba.com/headshots/nba/latest/1040x760/78126.png
1630549,Day'Ron Sharpe,Day'Ron,Sharpe,True,https://cdn.nba.com/headshots/nba/latest/1040x760/1630549.png
1631101,Shaedon Sharpe,Shaedon,Sharpe,True,https://cdn.nba.com/headshots/nba/latest/1040x760/1631101.png
201594,Walter Sharpe,Walter,Sharpe,False,https://cdn.nba.com/headshots/nba/latest/1040x760/201594.png
1117,John Shasky,John,Shasky,False,https://cdn.nba.com/headshots/nba/latest/1040x760/1117.png
78128,Ron Shavlik,Ron,Shavlik,False,https://cdn.nba.com/headshots/nba/latest/1040x760/78128.png
216,Brian Shaw,Brian,Shaw,False,https://cdn.nba.com/headshots/nba/latest/1040x760/216.png
1745,Casey Shaw,Casey,Shaw,False,https://cdn.nba.com/headshots/nba/latest/1040x760/1745.png
1629621,Marial Shayok,Marial,Shayok,False,https://cdn.nba.com/headshots/nba/latest/1040x760/1629621.png
78130,Bob Shea,Bob,Shea,False,https://cdn.nba.com/headshots/nba/latest/1040x760/78130.png
1642347,Jamal Shead,Jamal,Shead,True,https://cdn.nba.com/headshots/nba/latest/1040x760/1642347.png
78131,Fred Sheffield,Fred,Sheffield,False,https://cdn.nba.com/headshots/nba/latest/1040x760/78131.png
78132,Craig Shelton,Craig,Shelton,False,https://cdn.nba.com/headshots/nba/latest/1040x760/78132.png
78133,Lonnie Shelton,Lonnie,Shelton,False,https://cdn.nba.com/headshots/nba/latest/1040x760/78133.png
203129,Tornike Shengelia,Tornike,Shengelia,False,https://cdn.nba.com/headshots/nba/latest/1040x760/203129.png
1641767,Ben Sheppard,Ben,Sheppard,True,https://cdn.nba.com/headshots/nba/latest/1040x760/1641767.png
1852,Jeff Sheppard,Jeff,Sheppard,False,https://cdn.nba.com/headshots/nba/latest/1040x760/1852.png
1642263,Reed Sheppard,Reed,Sheppard,True,https://cdn.nba.com/headshots/nba/latest/1040x760/1642263.png
78135,Steve Sheppard,Steve,Sheppard,False,https://cdn.nba.com/headshots/nba/latest/1040x760/78135.png
78136,Edmund Sherod,Edmund,Sherod,False,https://cdn.nba.com/headshots/nba/latest/1040x760/78136.png
78653,Charlie Shipp,Charlie,Shipp,False,https://cdn.nba.com/headshots/nba/latest/1040x760/78653.png
2321,Paul Shirley,Paul,Shirley,False,https://cdn.nba.com/headshots/nba/latest/1040x760/2321.png
78138,Gene Short,Gene,Short,False,https://cdn.nba.com/headshots/nba/latest/1040x760/78138.png
78139,Purvis Short,Purvis,Short,False,https://cdn.nba.com/headshots/nba/latest/1040x760/78139.png
78140,Dexter Shouse,Dexter,Shouse,False,https://cdn.nba.com/headshots/nba/latest/1040x760/78140.png
78141,Dick Shrider,Dick,Shrider,False,https://cdn.nba.com/headshots/nba/latest/1040x760/78141.png
78142,Gene Shue,Gene,Shue,False,https://cdn.nba.com/headshots/nba/latest/1040x760/78142.png
78143,John Shumate,John,Shumate,False,https://cdn.nba.com/headshots/nba/latest/1040x760/78143.png
202697,Iman Shumpert,Iman,Shumpert,False,https://cdn.nba.com/headshots/nba/latest/1040x760/202697.png
203144,Alexey Shved,Alexey,Shved,False,https://cdn.nba.com/headshots/nba/latest/1040x760/203144.png
1627783,Pascal Siakam,Pascal,Siakam,True,https://cdn.nba.com/headshots/nba/latest/1040x760/1627783.png
1626296,Jordan Sibert,Jordan,Sibert,False,https://cdn.nba.com/headshots/nba/latest/1040x760/1626296.png
78144,Sam Sibert,Sam,Sibert,False,https://cdn.nba.com/headshots/nba/latest/1040x760/78144.png
78145,Mark Sibley,Mark,Sibley,False,https://cdn.nba.com/headshots/nba/latest/1040x760/78145.png
78146,Jerry Sichting,Jerry,Sichting,False,https://cdn.nba.com/headshots/nba/latest/1040x760/78146.png
78147,Larry Siegfried,Larry,Siegfried,False,https://cdn.nba.com/headshots/nba/latest/1040x760/78147.png
78148,Ralph Siewert,Ralph,Siewert,False,https://cdn.nba.com/headshots/nba/latest/1040x760/78148.png
78149,Jack Sikma,Jack,Sikma,False,https://cdn.nba.com/headshots/nba/latest/1040x760/78149.png
78150,James Silas,James,Silas,False,https://cdn.nba.com/headshots/nba/latest/1040x760/78150.png
78151,Paul Silas,Paul,Silas,False,https://cdn.nba.com/headshots/nba/latest/1040x760/78151.png
202918,Xavier Silas,Xavier,Silas,False,https://cdn.nba.com/headshots/nba/latest/1040x760/202918.png
202081,Garret Siler,Garret,Siler,False,https://cdn.nba.com/headshots/nba/latest/1040x760/202081.png
78152,Mike Silliman,Mike,Silliman,False,https://cdn.nba.com/headshots/nba/latest/1040x760/78152.png
1629735,Chris Silva,Chris,Silva,False,https://cdn.nba.com/headshots/nba/latest/1040x760/1629735.png
101134,Wayne Simien,Wayne,Simien,False,https://cdn.nba.com/headshots/nba/latest/1040x760/101134.png
1627732,Ben Simmons,Ben,Simmons,True,https://cdn.nba.com/headshots/nba/latest/1040x760/1627732.png
2250,Bobby Simmons,Bobby,Simmons,False,https://cdn.nba.com/headshots/nba/latest/1040x760/2250.png
200759,Cedric Simmons,Cedric,Simmons,False,https://cdn.nba.com/headshots/nba/latest/1040x760/200759.png
78153,Connie Simmons,Connie,Simmons,False,https://cdn.nba.com/headshots/nba/latest/1040x760/78153.png
78154,Johnny Simmons,Johnny,Simmons,False,https://cdn.nba.com/headshots/nba/latest/1040x760/78154.png
203613,Jonathon Simmons,Jonathon,Simmons,False,https://cdn.nba.com/headshots/nba/latest/1040x760/203613.png
1628424,Kobi Simmons,Kobi,Simmons,False,https://cdn.nba.com/headshots/nba/latest/1040x760/1628424.png
1489,Lionel Simmons,Lionel,Simmons,False,https://cdn.nba.com/headshots/nba/latest/1040x760/1489.png
1750,Miles Simon,Miles,Simon,False,https://cdn.nba.com/headshots/nba/latest/1040x760/1750.png
1630250,Marko Simonovic,Marko,Simonovic,False,https://cdn.nba.com/headshots/nba/latest/1040x760/1630250.png
1629014,Anfernee Simons,Anfernee,Simons,True,https://cdn.nba.com/headshots/nba/latest/1040x760/1629014.png
54,Dickey Simpkins,Dickey,Simpkins,False,https://cdn.nba.com/headshots/nba/latest/1040x760/54.png
202067,Diamon Simpson,Diamon,Simpson,False,https://cdn.nba.com/headshots/nba/latest/1040x760/202067.png
1642354,KJ Simpson,KJ,Simpson,True,https://cdn.nba.com/headshots/nba/latest/1040x760/1642354.png
78157,Ralph Simpson,Ralph,Simpson,False,https://cdn.nba.com/headshots/nba/latest/1040x760/78157.png
1630285,Zavier Simpson,Zavier,Simpson,False,https://cdn.nba.com/headshots/nba/latest/1040x760/1630285.png
1591,Alvin Sims,Alvin,Sims,False,https://cdn.nba.com/headshots/nba/latest/1040x760/1591.png
78160,Bob Sims,Bob,Sims,False,https://cdn.nba.com/headshots/nba/latest/1040x760/78160.png
201235,Courtney Sims,Courtney,Sims,False,https://cdn.nba.com/headshots/nba/latest/1040x760/201235.png
78159,Doug Sims,Doug,Sims,False,https://cdn.nba.com/headshots/nba/latest/1040x760/78159.png
203156,Henry Sims,Henry,Sims,False,https://cdn.nba.com/headshots/nba/latest/1040x760/203156.png
1630579,Jericho Sims,Jericho,Sims,True,https://cdn.nba.com/headshots/nba/latest/1040x760/1630579.png
78161,Scott Sims,Scott,Sims,False,https://cdn.nba.com/headshots/nba/latest/1040x760/78161.png
202713,Kyle Singler,Kyle,Singler,False,https://cdn.nba.com/headshots/nba/latest/1040x760/202713.png
201606,Sean Singletary,Sean,Singletary,False,https://cdn.nba.com/headshots/nba/latest/1040x760/201606.png
202698,Chris Singleton,Chris,Singleton,False,https://cdn.nba.com/headshots/nba/latest/1040x760/202698.png
101189,James Singleton,James,Singleton,False,https://cdn.nba.com/headshots/nba/latest/1040x760/101189.png
78162,Mckinley Singleton,Mckinley,Singleton,False,https://cdn.nba.com/headshots/nba/latest/1040x760/78162.png
78163,Zeke Sinicola,Zeke,Sinicola,False,https://cdn.nba.com/headshots/nba/latest/1040x760/78163.png
1629686,Deividas Sirvydis,Deividas,Sirvydis,False,https://cdn.nba.com/headshots/nba/latest/1040x760/1629686.png
78164,Charlie Sitton,Charlie,Sitton,False,https://cdn.nba.com/headshots/nba/latest/1040x760/78164.png
203491,Peyton Siva,Peyton,Siva,False,https://cdn.nba.com/headshots/nba/latest/1040x760/203491.png
1631376,Dmytro Skapintsev,Dmytro,Skapintsev,False,https://cdn.nba.com/headshots/nba/latest/1040x760/1631376.png
101,Scott Skiles,Scott,Skiles,False,https://cdn.nba.com/headshots/nba/latest/1040x760/101.png
78167,Al Skinner,Al,Skinner,False,https://cdn.nba.com/headshots/nba/latest/1040x760/78167.png
1730,Brian Skinner,Brian,Skinner,False,https://cdn.nba.com/headshots/nba/latest/1040x760/1730.png
78168,Talvin Skinner,Talvin,Skinner,False,https://cdn.nba.com/headshots/nba/latest/1040x760/78168.png
78169,Whitey Skoog,Whitey,Skoog,False,https://cdn.nba.com/headshots/nba/latest/1040x760/78169.png
78170,Jeff Slade,Jeff,Slade,False,https://cdn.nba.com/headshots/nba/latest/1040x760/78170.png
1073,Reggie Slater,Reggie,Slater,False,https://cdn.nba.com/headshots/nba/latest/1040x760/1073.png
78171,Jim Slaughter,Jim,Slaughter,False,https://cdn.nba.com/headshots/nba/latest/1040x760/78171.png
78172,Jose Slaughter,Jose,Slaughter,False,https://cdn.nba.com/headshots/nba/latest/1040x760/78172.png
1641771,Jalen Slawson,Jalen,Slawson,False,https://cdn.nba.com/headshots/nba/latest/1040x760/1641771.png
2447,Tamar Slay,Tamar,Slay,False,https://cdn.nba.com/headshots/nba/latest/1040x760/2447.png
202388,Donald Sloan,Donald,Sloan,False,https://cdn.nba.com/headshots/nba/latest/1040x760/202388.png
78173,Jerry Sloan,Jerry,Sloan,False,https://cdn.nba.com/headshots/nba/latest/1040x760/78173.png
101166,Uros Slokar,Uros,Slokar,False,https://cdn.nba.com/headshots/nba/latest/1040x760/101166.png
78174,Tom Sluby,Tom,Sluby,False,https://cdn.nba.com/headshots/nba/latest/1040x760/78174.png
1629346,Alen Smailagic,Alen,Smailagic,False,https://cdn.nba.com/headshots/nba/latest/1040x760/1629346.png
1630606,Javonte Smart,Javonte,Smart,False,https://cdn.nba.com/headshots/nba/latest/1040x760/1630606.png
78175,Keith Smart,Keith,Smart,False,https://cdn.nba.com/headshots/nba/latest/1040x760/78175.png
203935,Marcus Smart,Marcus,Smart,True,https://cdn.nba.com/headshots/nba/latest/1040x760/203935.png
78176,Belus Smawley,Belus,Smawley,False,https://cdn.nba.com/headshots/nba/latest/1040x760/78176.png
78177,Jack Smiley,Jack,Smiley,False,https://cdn.nba.com/headshots/nba/latest/1040x760/78177.png
78178,Adrian Smith,Adrian,Smith,False,https://cdn.nba.com/headshots/nba/latest/1040x760/78178.png
78207,Bill Smith,Bill,Smith,False,https://cdn.nba.com/headshots/nba/latest/1040x760/78207.png
78209,Bill Smith,Bill,Smith,False,https://cdn.nba.com/headshots/nba/latest/1040x760/78209.png
78202,Bingo Smith,Bingo,Smith,False,https://cdn.nba.com/headshots/nba/latest/1040x760/78202.png
78203,Bobby Smith,Bobby,Smith,False,https://cdn.nba.com/headshots/nba/latest/1040x760/78203.png
293,Charles Smith,Charles,Smith,False,https://cdn.nba.com/headshots/nba/latest/1040x760/293.png
1520,Charles Smith,Charles,Smith,False,https://cdn.nba.com/headshots/nba/latest/1040x760/1520.png
78179,Charles Smith,Charles,Smith,False,https://cdn.nba.com/headshots/nba/latest/1040x760/78179.png
1814,Chris Smith,Chris,Smith,False,https://cdn.nba.com/headshots/nba/latest/1040x760/1814.png
203147,Chris Smith,Chris,Smith,False,https://cdn.nba.com/headshots/nba/latest/1040x760/203147.png
78181,Clinton Smith,Clinton,Smith,False,https://cdn.nba.com/headshots/nba/latest/1040x760/78181.png
200783,Craig Smith,Craig,Smith,False,https://cdn.nba.com/headshots/nba/latest/1040x760/200783.png
78182,Deb Smith,Deb,Smith,False,https://cdn.nba.com/headshots/nba/latest/1040x760/78182.png
78183,Derek Smith,Derek,Smith,False,https://cdn.nba.com/headshots/nba/latest/1040x760/78183.png
78184,Don Smith,Don,Smith,False,https://cdn.nba.com/headshots/nba/latest/1040x760/78184.png
78185,Donald Smith,Donald,Smith,False,https://cdn.nba.com/headshots/nba/latest/1040x760/78185.png
2764,Donta Smith,Donta,Smith,False,https://cdn.nba.com/headshots/nba/latest/1040x760/2764.png
475,Doug Smith,Doug,Smith,False,https://cdn.nba.com/headshots/nba/latest/1040x760/475.png
1630696,Dru Smith,Dru,Smith,True,https://cdn.nba.com/headshots/nba/latest/1040x760/1630696.png
78187,Ed Smith,Ed,Smith,False,https://cdn.nba.com/headshots/nba/latest/1040x760/78187.png
78188,Elmore Smith,Elmore,Smith,False,https://cdn.nba.com/headshots/nba/latest/1040x760/78188.png
78189,Garfield Smith,Garfield,Smith,False,https://cdn.nba.com/headshots/nba/latest/1040x760/78189.png
78190,Greg Smith,Greg,Smith,False,https://cdn.nba.com/headshots/nba/latest/1040x760/78190.png
202962,Greg Smith,Greg,Smith,False,https://cdn.nba.com/headshots/nba/latest/1040x760/202962.png
202397,Ish Smith,Ish,Smith,False,https://cdn.nba.com/headshots/nba/latest/1040x760/202397.png
2747,JR Smith,JR,Smith,False,https://cdn.nba.com/headshots/nba/latest/1040x760/2747.png
2074,Jabari Smith,Jabari,Smith,False,https://cdn.nba.com/headshots/nba/latest/1040x760/2074.png
1630188,Jalen Smith,Jalen,Smith,True,https://cdn.nba.com/headshots/nba/latest/1040x760/1630188.png
201160,Jason Smith,Jason,Smith,False,https://cdn.nba.com/headshots/nba/latest/1040x760/201160.png
202536,Jerry Smith,Jerry,Smith,False,https://cdn.nba.com/headshots/nba/latest/1040x760/202536.png
78191,Jim Smith,Jim,Smith,False,https://cdn.nba.com/headshots/nba/latest/1040x760/78191.png
693,Joe Smith,Joe,Smith,False,https://cdn.nba.com/headshots/nba/latest/1040x760/693.png
2746,Josh Smith,Josh,Smith,False,https://cdn.nba.com/headshots/nba/latest/1040x760/2746.png
78192,Keith Smith,Keith,Smith,False,https://cdn.nba.com/headshots/nba/latest/1040x760/78192.png
181,Kenny Smith,Kenny,Smith,False,https://cdn.nba.com/headshots/nba/latest/1040x760/181.png
78194,Labradford Smith,Labradford,Smith,False,https://cdn.nba.com/headshots/nba/latest/1040x760/78194.png
78195,Larry Smith,Larry,Smith,False,https://cdn.nba.com/headshots/nba/latest/1040x760/78195.png
1910,Leon Smith,Leon,Smith,False,https://cdn.nba.com/headshots/nba/latest/1040x760/1910.png
63,Michael Smith,Michael,Smith,False,https://cdn.nba.com/headshots/nba/latest/1040x760/63.png
78197,Michael Smith,Michael,Smith,False,https://cdn.nba.com/headshots/nba/latest/1040x760/78197.png
2065,Mike Smith,Mike,Smith,False,https://cdn.nba.com/headshots/nba/latest/1040x760/2065.png
202701,Nolan Smith,Nolan,Smith,False,https://cdn.nba.com/headshots/nba/latest/1040x760/202701.png
78198,Otis Smith,Otis,Smith,False,https://cdn.nba.com/headshots/nba/latest/1040x760/78198.png
78199,Phil Smith,Phil,Smith,False,https://cdn.nba.com/headshots/nba/latest/1040x760/78199.png
78200,Randy Smith,Randy,Smith,False,https://cdn.nba.com/headshots/nba/latest/1040x760/78200.png
78201,Reggie Smith,Reggie,Smith,False,https://cdn.nba.com/headshots/nba/latest/1040x760/78201.png
78204,Robert Smith,Robert,Smith,False,https://cdn.nba.com/headshots/nba/latest/1040x760/78204.png
203893,Russ Smith,Russ,Smith,False,https://cdn.nba.com/headshots/nba/latest/1040x760/203893.png
78205,Sammy Smith,Sammy,Smith,False,https://cdn.nba.com/headshots/nba/latest/1040x760/78205.png
120,Steven Smith,Steven,Smith,False,https://cdn.nba.com/headshots/nba/latest/1040x760/120.png
200848,Steven Smith,Steven,Smith,False,https://cdn.nba.com/headshots/nba/latest/1040x760/200848.png
1478,Stevin Smith,Stevin,Smith,False,https://cdn.nba.com/headshots/nba/latest/1040x760/1478.png
1631173,Terquavion Smith,Terquavion,Smith,False,https://cdn.nba.com/headshots/nba/latest/1040x760/1631173.png
2604,Theron Smith,Theron,Smith,False,https://cdn.nba.com/headshots/nba/latest/1040x760/2604.png
1642449,Tolu Smith,Tolu,Smith,True,https://cdn.nba.com/headshots/nba/latest/1040x760/1642449.png
380,Tony Smith,Tony,Smith,False,https://cdn.nba.com/headshots/nba/latest/1040x760/380.png
1641890,Tyler Smith,Tyler,Smith,True,https://cdn.nba.com/headshots/nba/latest/1040x760/1641890.png
78208,Willie Smith,Willie,Smith,False,https://cdn.nba.com/headshots/nba/latest/1040x760/78208.png
1629015,Zhaire Smith,Zhaire,Smith,False,https://cdn.nba.com/headshots/nba/latest/1040x760/1629015.png
1628372,Dennis Smith Jr.,Dennis,Smith Jr.,False,https://cdn.nba.com/headshots/nba/latest/1040x760/1628372.png
1631095,Jabari Smith Jr.,Jabari,Smith Jr.,True,https://cdn.nba.com/headshots/nba/latest/1040x760/1631095.png
1641733,Nick Smith Jr.,Nick,Smith Jr.,True,https://cdn.nba.com/headshots/nba/latest/1040x760/1641733.png
22,Rik Smits,Rik,Smits,False,https://cdn.nba.com/headshots/nba/latest/1040x760/22.png
1091,Mike Smrek,Mike,Smrek,False,https://cdn.nba.com/headshots/nba/latest/1040x760/1091.png
78212,Joe Smyth,Joe,Smyth,False,https://cdn.nba.com/headshots/nba/latest/1040x760/78212.png
1630270,Xavier Sneed,Xavier,Sneed,False,https://cdn.nba.com/headshots/nba/latest/1040x760/1630270.png
203503,Tony Snell,Tony,Snell,False,https://cdn.nba.com/headshots/nba/latest/1040x760/203503.png
727,Eric Snow,Eric,Snow,False,https://cdn.nba.com/headshots/nba/latest/1040x760/727.png
78213,Dick Snyder,Dick,Snyder,False,https://cdn.nba.com/headshots/nba/latest/1040x760/78213.png
2745,Kirk Snyder,Kirk,Snyder,False,https://cdn.nba.com/headshots/nba/latest/1040x760/2745.png
78214,George Sobek,George,Sobek,False,https://cdn.nba.com/headshots/nba/latest/1040x760/78214.png
78215,Ricky Sobers,Ricky,Sobers,False,https://cdn.nba.com/headshots/nba/latest/1040x760/78215.png
78216,Ron Sobie,Ron,Sobie,False,https://cdn.nba.com/headshots/nba/latest/1040x760/78216.png
1631110,Jeremy Sochan,Jeremy,Sochan,True,https://cdn.nba.com/headshots/nba/latest/1040x760/1631110.png
78217,Mike Sojourner,Mike,Sojourner,False,https://cdn.nba.com/headshots/nba/latest/1040x760/78217.png
2226,Will Solomon,Will,Solomon,False,https://cdn.nba.com/headshots/nba/latest/1040x760/2226.png
78219,Willie Somerset,Willie,Somerset,False,https://cdn.nba.com/headshots/nba/latest/1040x760/78219.png
2443,Darius Songaila,Darius,Songaila,False,https://cdn.nba.com/headshots/nba/latest/1040x760/2443.png
78220,Dave Sorenson,Dave,Sorenson,False,https://cdn.nba.com/headshots/nba/latest/1040x760/78220.png
203480,James Southerland,James,Southerland,False,https://cdn.nba.com/headshots/nba/latest/1040x760/203480.png
78221,Gino Sovran,Gino,Sovran,False,https://cdn.nba.com/headshots/nba/latest/1040x760/78221.png
2776,Pape Sow,Pape,Sow,False,https://cdn.nba.com/headshots/nba/latest/1040x760/2776.png
1629034,Ray Spalding,Ray,Spalding,False,https://cdn.nba.com/headshots/nba/latest/1040x760/1629034.png
78222,Jim Spanarkel,Jim,Spanarkel,False,https://cdn.nba.com/headshots/nba/latest/1040x760/78222.png
2779,Vassilis Spanoulis,Vassilis,Spanoulis,False,https://cdn.nba.com/headshots/nba/latest/1040x760/2779.png
78223,Guy Sparrow,Guy,Sparrow,False,https://cdn.nba.com/headshots/nba/latest/1040x760/78223.png
600009,Rory Sparrow,Rory,Sparrow,False,https://cdn.nba.com/headshots/nba/latest/1040x760/600009.png
78225,Odie Spears,Odie,Spears,False,https://cdn.nba.com/headshots/nba/latest/1040x760/78225.png
78226,Art Spector,Art,Spector,False,https://cdn.nba.com/headshots/nba/latest/1040x760/78226.png
201578,Marreese Speights,Marreese,Speights,False,https://cdn.nba.com/headshots/nba/latest/1040x760/201578.png
1629016,Omari Spellman,Omari,Spellman,False,https://cdn.nba.com/headshots/nba/latest/1040x760/1629016.png
78227,Andre Spencer,Andre,Spencer,False,https://cdn.nba.com/headshots/nba/latest/1040x760/78227.png
1642285,Cam Spencer,Cam,Spencer,True,https://cdn.nba.com/headshots/nba/latest/1040x760/1642285.png
771,Elmore Spencer,Elmore,Spencer,False,https://cdn.nba.com/headshots/nba/latest/1040x760/771.png
280,Felton Spencer,Felton,Spencer,False,https://cdn.nba.com/headshots/nba/latest/1040x760/280.png
1630311,Pat Spencer,Pat,Spencer,True,https://cdn.nba.com/headshots/nba/latest/1040x760/1630311.png
78230,Lou Spicer,Lou,Spicer,False,https://cdn.nba.com/headshots/nba/latest/1040x760/78230.png
78231,Craig Spitzer,Craig,Spitzer,False,https://cdn.nba.com/headshots/nba/latest/1040x760/78231.png
201168,Tiago Splitter,Tiago,Splitter,False,https://cdn.nba.com/headshots/nba/latest/1040x760/201168.png
78232,Art Spoelstra,Art,Spoelstra,False,https://cdn.nba.com/headshots/nba/latest/1040x760/78232.png
84,Latrell Sprewell,Latrell,Sprewell,False,https://cdn.nba.com/headshots/nba/latest/1040x760/84.png
78233,Larry Spriggs,Larry,Spriggs,False,https://cdn.nba.com/headshots/nba/latest/1040x760/78233.png
1630531,Jaden Springer,Jaden,Springer,True,https://cdn.nba.com/headshots/nba/latest/1040x760/1630531.png
78234,Jim Springer,Jim,Springer,False,https://cdn.nba.com/headshots/nba/latest/1040x760/78234.png
78235,Jim Spruill,Jim,Spruill,False,https://cdn.nba.com/headshots/nba/latest/1040x760/78235.png
1756,Ryan Stack,Ryan,Stack,False,https://cdn.nba.com/headshots/nba/latest/1040x760/1756.png
711,Jerry Stackhouse,Jerry,Stackhouse,False,https://cdn.nba.com/headshots/nba/latest/1040x760/711.png
78237,Kevin Stacom,Kevin,Stacom,False,https://cdn.nba.com/headshots/nba/latest/1040x760/78237.png
78238,Dave Stallworth,Dave,Stallworth,False,https://cdn.nba.com/headshots/nba/latest/1040x760/78238.png
78239,Isaac Stallworth,Isaac,Stallworth,False,https://cdn.nba.com/headshots/nba/latest/1040x760/78239.png
78240,Ed Stanczak,Ed,Stanczak,False,https://cdn.nba.com/headshots/nba/latest/1040x760/78240.png
1630199,Cassius Stanley,Cassius,Stanley,False,https://cdn.nba.com/headshots/nba/latest/1040x760/1630199.png
78241,Terence Stansbury,Terence,Stansbury,False,https://cdn.nba.com/headshots/nba/latest/1040x760/78241.png
317,John Starks,John,Starks,False,https://cdn.nba.com/headshots/nba/latest/1040x760/317.png
78243,Keith Starr,Keith,Starr,False,https://cdn.nba.com/headshots/nba/latest/1040x760/78243.png
203917,Nik Stauskas,Nik,Stauskas,False,https://cdn.nba.com/headshots/nba/latest/1040x760/203917.png
78244,Larry Staverman,Larry,Staverman,False,https://cdn.nba.com/headshots/nba/latest/1040x760/78244.png
78245,Larry Steele,Larry,Steele,False,https://cdn.nba.com/headshots/nba/latest/1040x760/78245.png
1099,Matt Steigenga,Matt,Steigenga,False,https://cdn.nba.com/headshots/nba/latest/1040x760/1099.png
1735,Vladimir Stepania,Vladimir,Stepania,False,https://cdn.nba.com/headshots/nba/latest/1040x760/1735.png
203474,DJ Stephens,DJ,Stephens,False,https://cdn.nba.com/headshots/nba/latest/1040x760/203474.png
78247,Everette Stephens,Everette,Stephens,False,https://cdn.nba.com/headshots/nba/latest/1040x760/78247.png
78249,Jack Stephens,Jack,Stephens,False,https://cdn.nba.com/headshots/nba/latest/1040x760/78249.png
1086,Joe Stephens,Joe,Stephens,False,https://cdn.nba.com/headshots/nba/latest/1040x760/1086.png
202362,Lance Stephenson,Lance,Stephenson,False,https://cdn.nba.com/headshots/nba/latest/1040x760/202362.png
1627293,Alex Stepheson,Alex,Stepheson,False,https://cdn.nba.com/headshots/nba/latest/1040x760/1627293.png
78250,Brook Steppe,Brook,Steppe,False,https://cdn.nba.com/headshots/nba/latest/1040x760/78250.png
78251,Barry Stevens,Barry,Stevens,False,https://cdn.nba.com/headshots/nba/latest/1040x760/78251.png
1641815,Isaiah Stevens,Isaiah,Stevens,True,https://cdn.nba.com/headshots/nba/latest/1040x760/1641815.png
1630205,Lamar Stevens,Lamar,Stevens,True,https://cdn.nba.com/headshots/nba/latest/1040x760/1630205.png
78252,Wayne Stevens,Wayne,Stevens,False,https://cdn.nba.com/headshots/nba/latest/1040x760/78252.png
2052,DeShawn Stevenson,DeShawn,Stevenson,False,https://cdn.nba.com/headshots/nba/latest/1040x760/2052.png
1630597,DJ Stewart,DJ,Stewart,False,https://cdn.nba.com/headshots/nba/latest/1040x760/1630597.png
78253,Dennis Stewart,Dennis,Stewart,False,https://cdn.nba.com/headshots/nba/latest/1040x760/78253.png
1630191,Isaiah Stewart,Isaiah,Stewart,True,https://cdn.nba.com/headshots/nba/latest/1040x760/1630191.png
1529,Kebu Stewart,Kebu,Stewart,False,https://cdn.nba.com/headshots/nba/latest/1040x760/1529.png
1125,Larry Stewart,Larry,Stewart,False,https://cdn.nba.com/headshots/nba/latest/1040x760/1125.png
1565,Michael Stewart,Michael,Stewart,False,https://cdn.nba.com/headshots/nba/latest/1040x760/1565.png
78256,Norm Stewart,Norm,Stewart,False,https://cdn.nba.com/headshots/nba/latest/1040x760/78256.png
201880,Greg Stiemsma,Greg,Stiemsma,False,https://cdn.nba.com/headshots/nba/latest/1040x760/201880.png
78257,Steve Stipanovich,Steve,Stipanovich,False,https://cdn.nba.com/headshots/nba/latest/1040x760/78257.png
179,Bryant Stith,Bryant,Stith,False,https://cdn.nba.com/headshots/nba/latest/1040x760/179.png
78259,Sam Stith,Sam,Stith,False,https://cdn.nba.com/headshots/nba/latest/1040x760/78259.png
78260,Tom Stith,Tom,Stith,False,https://cdn.nba.com/headshots/nba/latest/1040x760/78260.png
78261,Alex Stivrins,Alex,Stivrins,False,https://cdn.nba.com/headshots/nba/latest/1040x760/78261.png
204065,David Stockton,David,Stockton,False,https://cdn.nba.com/headshots/nba/latest/1040x760/204065.png
304,John Stockton,John,Stockton,False,https://cdn.nba.com/headshots/nba/latest/1040x760/304.png
978,Peja Stojakovic,Peja,Stojakovic,False,https://cdn.nba.com/headshots/nba/latest/1040x760/978.png
1055,Ed Stokes,Ed,Stokes,False,https://cdn.nba.com/headshots/nba/latest/1040x760/1055.png
78264,Greg Stokes,Greg,Stokes,False,https://cdn.nba.com/headshots/nba/latest/1040x760/78264.png
203950,Jarnell Stokes,Jarnell,Stokes,False,https://cdn.nba.com/headshots/nba/latest/1040x760/203950.png
600016,Maurice Stokes,Maurice,Stokes,False,https://cdn.nba.com/headshots/nba/latest/1040x760/600016.png
78266,Art Stolkey,Art,Stolkey,False,https://cdn.nba.com/headshots/nba/latest/1040x760/78266.png
1627754,Diamond Stone,Diamond,Stone,False,https://cdn.nba.com/headshots/nba/latest/1040x760/1627754.png
202933,Julyan Stone,Julyan,Stone,False,https://cdn.nba.com/headshots/nba/latest/1040x760/202933.png
2852,Awvee Storey,Awvee,Storey,False,https://cdn.nba.com/headshots/nba/latest/1040x760/2852.png
757,Damon Stoudamire,Damon,Stoudamire,False,https://cdn.nba.com/headshots/nba/latest/1040x760/757.png
101136,Salim Stoudamire,Salim,Stoudamire,False,https://cdn.nba.com/headshots/nba/latest/1040x760/101136.png
2405,Amar'e Stoudemire,Amar'e,Stoudemire,False,https://cdn.nba.com/headshots/nba/latest/1040x760/2405.png
78267,Paul Stovall,Paul,Stovall,False,https://cdn.nba.com/headshots/nba/latest/1040x760/78267.png
201199,DJ Strawberry,DJ,Strawberry,False,https://cdn.nba.com/headshots/nba/latest/1040x760/201199.png
78268,Joe Strawder,Joe,Strawder,False,https://cdn.nba.com/headshots/nba/latest/1040x760/78268.png
1631124,Julian Strawther,Julian,Strawther,True,https://cdn.nba.com/headshots/nba/latest/1040x760/1631124.png
78269,Bill Stricker,Bill,Stricker,False,https://cdn.nba.com/headshots/nba/latest/1040x760/78269.png
1065,Erick Strickland,Erick,Strickland,False,https://cdn.nba.com/headshots/nba/latest/1040x760/1065.png
1110,Mark Strickland,Mark,Strickland,False,https://cdn.nba.com/headshots/nba/latest/1040x760/1110.png
393,Rod Strickland,Rod,Strickland,False,https://cdn.nba.com/headshots/nba/latest/1040x760/393.png
78270,Roger Strickland,Roger,Strickland,False,https://cdn.nba.com/headshots/nba/latest/1040x760/78270.png
78271,John Stroeder,John,Stroeder,False,https://cdn.nba.com/headshots/nba/latest/1040x760/78271.png
400,Derek Strong,Derek,Strong,False,https://cdn.nba.com/headshots/nba/latest/1040x760/400.png
78273,Lamont Strothers,Lamont,Strothers,False,https://cdn.nba.com/headshots/nba/latest/1040x760/78273.png
78274,John Stroud,John,Stroud,False,https://cdn.nba.com/headshots/nba/latest/1040x760/78274.png
1629622,Max Strus,Max,Strus,True,https://cdn.nba.com/headshots/nba/latest/1040x760/1629622.png
201155,Rodney Stuckey,Rodney,Stuckey,False,https://cdn.nba.com/headshots/nba/latest/1040x760/201155.png
78275,Gene Stump,Gene,Stump,False,https://cdn.nba.com/headshots/nba/latest/1040x760/78275.png
78276,Stan Stutz,Stan,Stutz,False,https://cdn.nba.com/headshots/nba/latest/1040x760/78276.png
1630591,Jalen Suggs,Jalen,Suggs,True,https://cdn.nba.com/headshots/nba/latest/1040x760/1630591.png
78277,Gary Suiter,Gary,Suiter,False,https://cdn.nba.com/headshots/nba/latest/1040x760/78277.png
203096,Jared Sullinger,Jared,Sullinger,False,https://cdn.nba.com/headshots/nba/latest/1040x760/203096.png
201969,DaJuan Summers,DaJuan,Summers,False,https://cdn.nba.com/headshots/nba/latest/1040x760/201969.png
1628410,Edmond Sumner,Edmond,Sumner,False,https://cdn.nba.com/headshots/nba/latest/1040x760/1628410.png
78654,Barry Sumpter,Barry,Sumpter,False,https://cdn.nba.com/headshots/nba/latest/1040x760/78654.png
201180,Sun Yue,,Sun Yue,False,https://cdn.nba.com/headshots/nba/latest/1040x760/201180.png
78278,Don Sunderlage,Don,Sunderlage,False,https://cdn.nba.com/headshots/nba/latest/1040x760/78278.png
1743,Bruno Sundov,Bruno,Sundov,False,https://cdn.nba.com/headshots/nba/latest/1040x760/1743.png
78279,Jon Sundvold,Jon,Sundvold,False,https://cdn.nba.com/headshots/nba/latest/1040x760/78279.png
682,Bob Sura,Bob,Sura,False,https://cdn.nba.com/headshots/nba/latest/1040x760/682.png
78280,Dick Surhoff,Dick,Surhoff,False,https://cdn.nba.com/headshots/nba/latest/1040x760/78280.png
78281,Dane Suttle,Dane,Suttle,False,https://cdn.nba.com/headshots/nba/latest/1040x760/78281.png
357,Greg Sutton,Greg,Sutton,False,https://cdn.nba.com/headshots/nba/latest/1040x760/357.png
78283,Bennie Swain,Bennie,Swain,False,https://cdn.nba.com/headshots/nba/latest/1040x760/78283.png
1628403,Caleb Swanigan,Caleb,Swanigan,False,https://cdn.nba.com/headshots/nba/latest/1040x760/1628403.png
78284,Norm Swanson,Norm,Swanson,False,https://cdn.nba.com/headshots/nba/latest/1040x760/78284.png
78285,Dan Swartz,Dan,Swartz,False,https://cdn.nba.com/headshots/nba/latest/1040x760/78285.png
2552,Michael Sweetney,Michael,Sweetney,False,https://cdn.nba.com/headshots/nba/latest/1040x760/2552.png
1631306,Cole Swider,Cole,Swider,True,https://cdn.nba.com/headshots/nba/latest/1040x760/1631306.png
2741,Robert Swift,Robert,Swift,False,https://cdn.nba.com/headshots/nba/latest/1040x760/2741.png
2031,Stromile Swift,Stromile,Swift,False,https://cdn.nba.com/headshots/nba/latest/1040x760/2031.png
78286,Aaron Swinson,Aaron,Swinson,False,https://cdn.nba.com/headshots/nba/latest/1040x760/78286.png
1628591,Craig Sword,Craig,Sword,False,https://cdn.nba.com/headshots/nba/latest/1040x760/1628591.png
202377,Pape Sy,Pape,Sy,False,https://cdn.nba.com/headshots/nba/latest/1040x760/202377.png
78287,Wallace Sydnor,Wallace,Sydnor,False,https://cdn.nba.com/headshots/nba/latest/1040x760/78287.png
1626208,Keifer Sykes,Keifer,Sykes,False,https://cdn.nba.com/headshots/nba/latest/1040x760/1626208.png
1132,Larry Sykes,Larry,Sykes,False,https://cdn.nba.com/headshots/nba/latest/1040x760/1132.png
1136,Brett Szabo,Brett,Szabo,False,https://cdn.nba.com/headshots/nba/latest/1040x760/1136.png
1887,Wally Szczerbiak,Wally,Szczerbiak,False,https://cdn.nba.com/headshots/nba/latest/1040x760/1887.png
440,Zan Tabak,Zan,Tabak,False,https://cdn.nba.com/headshots/nba/latest/1040x760/440.png
2657,Yuta Tabuse,Yuta,Tabuse,False,https://cdn.nba.com/headshots/nba/latest/1040x760/2657.png
101147,Chris Taft,Chris,Taft,False,https://cdn.nba.com/headshots/nba/latest/1040x760/101147.png
78291,Sid Tannenbaum,Sid,Tannenbaum,False,https://cdn.nba.com/headshots/nba/latest/1040x760/78291.png
1434,Dragan Tarlac,Dragan,Tarlac,False,https://cdn.nba.com/headshots/nba/latest/1040x760/1434.png
78293,Roy Tarpley,Roy,Tarpley,False,https://cdn.nba.com/headshots/nba/latest/1040x760/78293.png
1630256,Jae'Sean Tate,Jae'Sean,Tate,True,https://cdn.nba.com/headshots/nba/latest/1040x760/1630256.png
78294,Earl Tatum,Earl,Tatum,False,https://cdn.nba.com/headshots/nba/latest/1040x760/78294.png
1628369,Jayson Tatum,Jayson,Tatum,True,https://cdn.nba.com/headshots/nba/latest/1040x760/1628369.png
204002,Edy Tavares,Edy,Tavares,False,https://cdn.nba.com/headshots/nba/latest/1040x760/204002.png
78295,Anthony Taylor,Anthony,Taylor,False,https://cdn.nba.com/headshots/nba/latest/1040x760/78295.png
78296,Brian Taylor,Brian,Taylor,False,https://cdn.nba.com/headshots/nba/latest/1040x760/78296.png
101182,Donell Taylor,Donell,Taylor,False,https://cdn.nba.com/headshots/nba/latest/1040x760/101182.png
78298,Fred Taylor,Fred,Taylor,False,https://cdn.nba.com/headshots/nba/latest/1040x760/78298.png
1627819,Isaiah Taylor,Isaiah,Taylor,False,https://cdn.nba.com/headshots/nba/latest/1040x760/1627819.png
78297,Jay Taylor,Jay,Taylor,False,https://cdn.nba.com/headshots/nba/latest/1040x760/78297.png
78299,Jeff Taylor,Jeff,Taylor,False,https://cdn.nba.com/headshots/nba/latest/1040x760/78299.png
203106,Jeffery Taylor,Jeffery,Taylor,False,https://cdn.nba.com/headshots/nba/latest/1040x760/203106.png
201966,Jermaine Taylor,Jermaine,Taylor,False,https://cdn.nba.com/headshots/nba/latest/1040x760/201966.png
1511,Johnny Taylor,Johnny,Taylor,False,https://cdn.nba.com/headshots/nba/latest/1040x760/1511.png
78301,Leonard Taylor,Leonard,Taylor,False,https://cdn.nba.com/headshots/nba/latest/1040x760/78301.png
1508,Maurice Taylor,Maurice,Taylor,False,https://cdn.nba.com/headshots/nba/latest/1040x760/1508.png
201446,Mike Taylor,Mike,Taylor,False,https://cdn.nba.com/headshots/nba/latest/1040x760/201446.png
78302,Roland Taylor,Roland,Taylor,False,https://cdn.nba.com/headshots/nba/latest/1040x760/78302.png
1630678,Terry Taylor,Terry,Taylor,True,https://cdn.nba.com/headshots/nba/latest/1040x760/1630678.png
203116,Tyshawn Taylor,Tyshawn,Taylor,False,https://cdn.nba.com/headshots/nba/latest/1040x760/203116.png
78303,Vince Taylor,Vince,Taylor,False,https://cdn.nba.com/headshots/nba/latest/1040x760/78303.png
78304,Terry Teagle,Terry,Teagle,False,https://cdn.nba.com/headshots/nba/latest/1040x760/78304.png
201952,Jeff Teague,Jeff,Teague,False,https://cdn.nba.com/headshots/nba/latest/1040x760/201952.png
203104,Marquis Teague,Marquis,Teague,False,https://cdn.nba.com/headshots/nba/latest/1040x760/203104.png
203141,Mirza Teletovic,Mirza,Teletovic,False,https://cdn.nba.com/headshots/nba/latest/1040x760/203141.png
2742,Sebastian Telfair,Sebastian,Telfair,False,https://cdn.nba.com/headshots/nba/latest/1040x760/2742.png
202066,Garrett Temple,Garrett,Temple,True,https://cdn.nba.com/headshots/nba/latest/1040x760/202066.png
1628462,Milos Teodosic,Milos,Teodosic,False,https://cdn.nba.com/headshots/nba/latest/1040x760/1628462.png
78305,Ira Terrell,Ira,Terrell,False,https://cdn.nba.com/headshots/nba/latest/1040x760/78305.png
1629123,Jared Terrell,Jared,Terrell,False,https://cdn.nba.com/headshots/nba/latest/1040x760/1629123.png
78307,Carlos Terry,Carlos,Terry,False,https://cdn.nba.com/headshots/nba/latest/1040x760/78307.png
78306,Chuck Terry,Chuck,Terry,False,https://cdn.nba.com/headshots/nba/latest/1040x760/78306.png
78308,Claude Terry,Claude,Terry,False,https://cdn.nba.com/headshots/nba/latest/1040x760/78308.png
1631207,Dalen Terry,Dalen,Terry,True,https://cdn.nba.com/headshots/nba/latest/1040x760/1631207.png
1629150,Emanuel Terry,Emanuel,Terry,False,https://cdn.nba.com/headshots/nba/latest/1040x760/1629150.png
1891,Jason Terry,Jason,Terry,False,https://cdn.nba.com/headshots/nba/latest/1040x760/1891.png
1630179,Tyrell Terry,Tyrell,Terry,False,https://cdn.nba.com/headshots/nba/latest/1040x760/1630179.png
1630257,Jon Teske,Jon,Teske,False,https://cdn.nba.com/headshots/nba/latest/1040x760/1630257.png
201934,Hasheem Thabeet,Hasheem,Thabeet,False,https://cdn.nba.com/headshots/nba/latest/1040x760/201934.png
78309,Tom Thacker,Tom,Thacker,False,https://cdn.nba.com/headshots/nba/latest/1040x760/78309.png
1628464,Daniel Theis,Daniel,Theis,True,https://cdn.nba.com/headshots/nba/latest/1040x760/1628464.png
78310,Reggie Theus,Reggie,Theus,False,https://cdn.nba.com/headshots/nba/latest/1040x760/78310.png
78311,Peter Thibeaux,Peter,Thibeaux,False,https://cdn.nba.com/headshots/nba/latest/1040x760/78311.png
78312,Bill Thieben,Bill,Thieben,False,https://cdn.nba.com/headshots/nba/latest/1040x760/78312.png
78313,Justus Thigpen,Justus,Thigpen,False,https://cdn.nba.com/headshots/nba/latest/1040x760/78313.png
78314,David Thirdkill,David,Thirdkill,False,https://cdn.nba.com/headshots/nba/latest/1040x760/78314.png
203519,Adonis Thomas,Adonis,Thomas,False,https://cdn.nba.com/headshots/nba/latest/1040x760/203519.png
2873,Billy Thomas,Billy,Thomas,False,https://cdn.nba.com/headshots/nba/latest/1040x760/2873.png
1630271,Brodric Thomas,Brodric,Thomas,False,https://cdn.nba.com/headshots/nba/latest/1040x760/1630271.png
1630560,Cam Thomas,Cam,Thomas,True,https://cdn.nba.com/headshots/nba/latest/1040x760/1630560.png
1063,Carl Thomas,Carl,Thomas,False,https://cdn.nba.com/headshots/nba/latest/1040x760/1063.png
78316,Charles Thomas,Charles,Thomas,False,https://cdn.nba.com/headshots/nba/latest/1040x760/78316.png
2041,Etan Thomas,Etan,Thomas,False,https://cdn.nba.com/headshots/nba/latest/1040x760/2041.png
78317,Irving Thomas,Irving,Thomas,False,https://cdn.nba.com/headshots/nba/latest/1040x760/78317.png
202738,Isaiah Thomas,Isaiah,Thomas,False,https://cdn.nba.com/headshots/nba/latest/1040x760/202738.png
78318,Isiah Thomas,Isiah,Thomas,False,https://cdn.nba.com/headshots/nba/latest/1040x760/78318.png
1975,Jamel Thomas,Jamel,Thomas,False,https://cdn.nba.com/headshots/nba/latest/1040x760/1975.png
2839,James Thomas,James,Thomas,False,https://cdn.nba.com/headshots/nba/latest/1040x760/2839.png
78320,Jim Thomas,Jim,Thomas,False,https://cdn.nba.com/headshots/nba/latest/1040x760/78320.png
78321,Joe Thomas,Joe,Thomas,False,https://cdn.nba.com/headshots/nba/latest/1040x760/78321.png
1519,John Thomas,John,Thomas,False,https://cdn.nba.com/headshots/nba/latest/1040x760/1519.png
1903,Kenny Thomas,Kenny,Thomas,False,https://cdn.nba.com/headshots/nba/latest/1040x760/1903.png
1629017,Khyri Thomas,Khyri,Thomas,False,https://cdn.nba.com/headshots/nba/latest/1040x760/1629017.png
703,Kurt Thomas,Kurt,Thomas,False,https://cdn.nba.com/headshots/nba/latest/1040x760/703.png
202498,Lance Thomas,Lance,Thomas,False,https://cdn.nba.com/headshots/nba/latest/1040x760/202498.png
202952,Malcolm Thomas,Malcolm,Thomas,False,https://cdn.nba.com/headshots/nba/latest/1040x760/202952.png
1629744,Matt Thomas,Matt,Thomas,False,https://cdn.nba.com/headshots/nba/latest/1040x760/1629744.png
78322,Terry Thomas,Terry,Thomas,False,https://cdn.nba.com/headshots/nba/latest/1040x760/78322.png
1501,Tim Thomas,Tim,Thomas,False,https://cdn.nba.com/headshots/nba/latest/1040x760/1501.png
200748,Tyrus Thomas,Tyrus,Thomas,False,https://cdn.nba.com/headshots/nba/latest/1040x760/200748.png
202717,Trey Thompkins,Trey,Thompkins,False,https://cdn.nba.com/headshots/nba/latest/1040x760/202717.png
1641708,Amen Thompson,Amen,Thompson,True,https://cdn.nba.com/headshots/nba/latest/1040x760/1641708.png
1641709,Ausar Thompson,Ausar,Thompson,True,https://cdn.nba.com/headshots/nba/latest/1040x760/1641709.png
78323,Bernard Thompson,Bernard,Thompson,False,https://cdn.nba.com/headshots/nba/latest/1040x760/78323.png
1631,Billy Thompson,Billy,Thompson,False,https://cdn.nba.com/headshots/nba/latest/1040x760/1631.png
240,Brooks Thompson,Brooks,Thompson,False,https://cdn.nba.com/headshots/nba/latest/1040x760/240.png
78325,Corny Thompson,Corny,Thompson,False,https://cdn.nba.com/headshots/nba/latest/1040x760/78325.png
78326,David Thompson,David,Thompson,False,https://cdn.nba.com/headshots/nba/latest/1040x760/78326.png
101159,Dijon Thompson,Dijon,Thompson,False,https://cdn.nba.com/headshots/nba/latest/1040x760/101159.png
1630679,Ethan Thompson,Ethan,Thompson,True,https://cdn.nba.com/headshots/nba/latest/1040x760/1630679.png
78327,George Thompson,George,Thompson,False,https://cdn.nba.com/headshots/nba/latest/1040x760/78327.png
203138,Hollis Thompson,Hollis,Thompson,False,https://cdn.nba.com/headshots/nba/latest/1040x760/203138.png
201574,Jason Thompson,Jason,Thompson,False,https://cdn.nba.com/headshots/nba/latest/1040x760/201574.png
78328,John Thompson,John,Thompson,False,https://cdn.nba.com/headshots/nba/latest/1040x760/78328.png
78329,Kevin Thompson,Kevin,Thompson,False,https://cdn.nba.com/headshots/nba/latest/1040x760/78329.png
202691,Klay Thompson,Klay,Thompson,True,https://cdn.nba.com/headshots/nba/latest/1040x760/202691.png
78,LaSalle Thompson,LaSalle,Thompson,False,https://cdn.nba.com/headshots/nba/latest/1040x760/78.png
78331,Mychal Thompson,Mychal,Thompson,False,https://cdn.nba.com/headshots/nba/latest/1040x760/78331.png
202814,Mychel Thompson,Mychel,Thompson,False,https://cdn.nba.com/headshots/nba/latest/1040x760/202814.png
78332,Paul Thompson,Paul,Thompson,False,https://cdn.nba.com/headshots/nba/latest/1040x760/78332.png
78333,Stephen Thompson,Stephen,Thompson,False,https://cdn.nba.com/headshots/nba/latest/1040x760/78333.png
202684,Tristan Thompson,Tristan,Thompson,True,https://cdn.nba.com/headshots/nba/latest/1040x760/202684.png
1630550,JT Thor,JT,Thor,True,https://cdn.nba.com/headshots/nba/latest/1040x760/1630550.png
78335,Rod Thorn,Rod,Thorn,False,https://cdn.nba.com/headshots/nba/latest/1040x760/78335.png
201154,Al Thornton,Al,Thornton,False,https://cdn.nba.com/headshots/nba/latest/1040x760/201154.png
738,Bob Thornton,Bob,Thornton,False,https://cdn.nba.com/headshots/nba/latest/1040x760/738.png
201977,Marcus Thornton,Marcus,Thornton,False,https://cdn.nba.com/headshots/nba/latest/1040x760/201977.png
1628414,Sindarius Thornwell,Sindarius,Thornwell,False,https://cdn.nba.com/headshots/nba/latest/1040x760/1628414.png
901,Otis Thorpe,Otis,Thorpe,False,https://cdn.nba.com/headshots/nba/latest/1040x760/901.png
9,Sedale Threatt,Sedale,Threatt,False,https://cdn.nba.com/headshots/nba/latest/1040x760/9.png
600001,Nate Thurmond,Nate,Thurmond,False,https://cdn.nba.com/headshots/nba/latest/1040x760/600001.png
78340,Mel Thurston,Mel,Thurston,False,https://cdn.nba.com/headshots/nba/latest/1040x760/78340.png
1629680,Matisse Thybulle,Matisse,Thybulle,True,https://cdn.nba.com/headshots/nba/latest/1040x760/1629680.png
78341,Howard Tidrick,Howard,Tidrick,False,https://cdn.nba.com/headshots/nba/latest/1040x760/78341.png
78342,Dan Tieman,Dan,Tieman,False,https://cdn.nba.com/headshots/nba/latest/1040x760/78342.png
1629681,Killian Tillie,Killian,Tillie,False,https://cdn.nba.com/headshots/nba/latest/1040x760/1629681.png
78343,Darren Tillis,Darren,Tillis,False,https://cdn.nba.com/headshots/nba/latest/1040x760/78343.png
1630214,Xavier Tillman,Xavier,Tillman,True,https://cdn.nba.com/headshots/nba/latest/1040x760/1630214.png
1631166,Drew Timme,Drew,Timme,True,https://cdn.nba.com/headshots/nba/latest/1040x760/1631166.png
78344,Jack Tingle,Jack,Tingle,False,https://cdn.nba.com/headshots/nba/latest/1040x760/78344.png
2224,Jamaal Tinsley,Jamaal,Tinsley,False,https://cdn.nba.com/headshots/nba/latest/1040x760/2224.png
47,Wayman Tisdale,Wayman,Tisdale,False,https://cdn.nba.com/headshots/nba/latest/1040x760/47.png
1627861,Mike Tobey,Mike,Tobey,False,https://cdn.nba.com/headshots/nba/latest/1040x760/1627861.png
1630225,Isaiah Todd,Isaiah,Todd,False,https://cdn.nba.com/headshots/nba/latest/1040x760/1630225.png
78346,Marko Todorovich,Marko,Todorovich,False,https://cdn.nba.com/headshots/nba/latest/1040x760/78346.png
78348,Ray Tolbert,Ray,Tolbert,False,https://cdn.nba.com/headshots/nba/latest/1040x760/78348.png
78347,Tom Tolbert,Tom,Tolbert,False,https://cdn.nba.com/headshots/nba/latest/1040x760/78347.png
201229,Anthony Tolliver,Anthony,Tolliver,False,https://cdn.nba.com/headshots/nba/latest/1040x760/201229.png
78349,Dean Tolson,Dean,Tolson,False,https://cdn.nba.com/headshots/nba/latest/1040x760/78349.png
78350,Rudy Tomjanovich,Rudy,Tomjanovich,False,https://cdn.nba.com/headshots/nba/latest/1040x760/78350.png
1641772,Nae'Qwan Tomlin,Nae'Qwan,Tomlin,True,https://cdn.nba.com/headshots/nba/latest/1040x760/1641772.png
78351,Andrew Toney,Andrew,Toney,False,https://cdn.nba.com/headshots/nba/latest/1040x760/78351.png
78352,Sedric Toney,Sedric,Toney,False,https://cdn.nba.com/headshots/nba/latest/1040x760/78352.png
78353,Andy Tonkovich,Andy,Tonkovich,False,https://cdn.nba.com/headshots/nba/latest/1040x760/78353.png
342,Andy Toolson,Andy,Toolson,False,https://cdn.nba.com/headshots/nba/latest/1040x760/342.png
78355,Jack Toomay,Jack,Toomay,False,https://cdn.nba.com/headshots/nba/latest/1040x760/78355.png
78356,Bernard Toone,Bernard,Toone,False,https://cdn.nba.com/headshots/nba/latest/1040x760/78356.png
1642260,Nikola Topić,Nikola,Topić,True,https://cdn.nba.com/headshots/nba/latest/1040x760/1642260.png
1631210,Jacob Toppin,Jacob,Toppin,True,https://cdn.nba.com/headshots/nba/latest/1040x760/1631210.png
1630167,Obi Toppin,Obi,Toppin,True,https://cdn.nba.com/headshots/nba/latest/1040x760/1630167.png
78357,Irv Torgoff,Irv,Torgoff,False,https://cdn.nba.com/headshots/nba/latest/1040x760/78357.png
78358,Gene Tormohlen,Gene,Tormohlen,False,https://cdn.nba.com/headshots/nba/latest/1040x760/78358.png
2351,Oscar Torres,Oscar,Torres,False,https://cdn.nba.com/headshots/nba/latest/1040x760/2351.png
1629308,Juan Toscano-Anderson,Juan,Toscano-Anderson,False,https://cdn.nba.com/headshots/nba/latest/1040x760/1629308.png
78359,Bill Tosheff,Bill,Tosheff,False,https://cdn.nba.com/headshots/nba/latest/1040x760/78359.png
78360,Bob Tough,Bob,Tough,False,https://cdn.nba.com/headshots/nba/latest/1040x760/78360.png
1626253,Axel Toupane,Axel,Toupane,False,https://cdn.nba.com/headshots/nba/latest/1040x760/1626253.png
78361,Monte Towe,Monte,Towe,False,https://cdn.nba.com/headshots/nba/latest/1040x760/78361.png
700,Keith Tower,Keith,Tower,False,https://cdn.nba.com/headshots/nba/latest/1040x760/700.png
78363,William Towery,William,Towery,False,https://cdn.nba.com/headshots/nba/latest/1040x760/78363.png
78364,Linton Townes,Linton,Townes,False,https://cdn.nba.com/headshots/nba/latest/1040x760/78364.png
1626157,Karl-Anthony Towns,Karl-Anthony,Towns,True,https://cdn.nba.com/headshots/nba/latest/1040x760/1626157.png
78365,Raymond Townsend,Raymond,Townsend,False,https://cdn.nba.com/headshots/nba/latest/1040x760/78365.png
1642422,Armel Traoré,Armel,Traoré,True,https://cdn.nba.com/headshots/nba/latest/1040x760/1642422.png
78366,George Trapp,George,Trapp,False,https://cdn.nba.com/headshots/nba/latest/1040x760/78366.png
78367,John Trapp,John,Trapp,False,https://cdn.nba.com/headshots/nba/latest/1040x760/78367.png
1631247,Luke Travers,Luke,Travers,True,https://cdn.nba.com/headshots/nba/latest/1040x760/1631247.png
1714,Robert Traylor,Robert,Traylor,False,https://cdn.nba.com/headshots/nba/latest/1040x760/1714.png
718,Gary Trent,Gary,Trent,False,https://cdn.nba.com/headshots/nba/latest/1040x760/718.png
1629018,Gary Trent Jr.,Gary,Trent Jr.,True,https://cdn.nba.com/headshots/nba/latest/1040x760/1629018.png
2244,Jeff Trepagnier,Jeff,Trepagnier,False,https://cdn.nba.com/headshots/nba/latest/1040x760/2244.png
78651,John Tresvant,John,Tresvant,False,https://cdn.nba.com/headshots/nba/latest/1040x760/78651.png
1629019,Allonzo Trier,Allonzo,Trier,False,https://cdn.nba.com/headshots/nba/latest/1040x760/1629019.png
78368,Dick Triptow,Dick,Triptow,False,https://cdn.nba.com/headshots/nba/latest/1040x760/78368.png
78369,Kelly Tripucka,Kelly,Tripucka,False,https://cdn.nba.com/headshots/nba/latest/1040x760/78369.png
2456,Cezary Trybanski,Cezary,Trybanski,False,https://cdn.nba.com/headshots/nba/latest/1040x760/2456.png
2054,Jake Tsakalidis,Jake,Tsakalidis,False,https://cdn.nba.com/headshots/nba/latest/1040x760/2054.png
78370,John Tschogl,John,Tschogl,False,https://cdn.nba.com/headshots/nba/latest/1040x760/78370.png
1631131,Oscar Tshiebwe,Oscar,Tshiebwe,True,https://cdn.nba.com/headshots/nba/latest/1040x760/1631131.png
78371,Lou Tsioropoulos,Lou,Tsioropoulos,False,https://cdn.nba.com/headshots/nba/latest/1040x760/78371.png
2401,Nikoloz Tskitishvili,Nikoloz,Tskitishvili,False,https://cdn.nba.com/headshots/nba/latest/1040x760/2401.png
78372,Al Tucker,Al,Tucker,False,https://cdn.nba.com/headshots/nba/latest/1040x760/78372.png
201169,Alando Tucker,Alando,Tucker,False,https://cdn.nba.com/headshots/nba/latest/1040x760/201169.png
141,Anthony Tucker,Anthony,Tucker,False,https://cdn.nba.com/headshots/nba/latest/1040x760/141.png
78374,Jim Tucker,Jim,Tucker,False,https://cdn.nba.com/headshots/nba/latest/1040x760/78374.png
200782,P.J. Tucker,P.J.,Tucker,True,https://cdn.nba.com/headshots/nba/latest/1040x760/200782.png
1629730,Rayjon Tucker,Rayjon,Tucker,False,https://cdn.nba.com/headshots/nba/latest/1040x760/1629730.png
78375,Trent Tucker,Trent,Tucker,False,https://cdn.nba.com/headshots/nba/latest/1040x760/78375.png
101142,Ronny Turiaf,Ronny,Turiaf,False,https://cdn.nba.com/headshots/nba/latest/1040x760/101142.png
1726,Mirsad Turkcan,Mirsad,Turkcan,False,https://cdn.nba.com/headshots/nba/latest/1040x760/1726.png
2045,Hedo Turkoglu,Hedo,Turkoglu,False,https://cdn.nba.com/headshots/nba/latest/1040x760/2045.png
78377,Andre Turner,Andre,Turner,False,https://cdn.nba.com/headshots/nba/latest/1040x760/78377.png
78385,Bill Turner,Bill,Turner,False,https://cdn.nba.com/headshots/nba/latest/1040x760/78385.png
78378,Elston Turner,Elston,Turner,False,https://cdn.nba.com/headshots/nba/latest/1040x760/78378.png
202323,Evan Turner,Evan,Turner,False,https://cdn.nba.com/headshots/nba/latest/1040x760/202323.png
78379,Henry Turner,Henry,Turner,False,https://cdn.nba.com/headshots/nba/latest/1040x760/78379.png
78380,Jack Turner,Jack,Turner,False,https://cdn.nba.com/headshots/nba/latest/1040x760/78380.png
78382,Jack Turner,Jack,Turner,False,https://cdn.nba.com/headshots/nba/latest/1040x760/78382.png
78381,Jeff Turner,Jeff,Turner,False,https://cdn.nba.com/headshots/nba/latest/1040x760/78381.png
1819,John Turner,John,Turner,False,https://cdn.nba.com/headshots/nba/latest/1040x760/1819.png
1626167,Myles Turner,Myles,Turner,True,https://cdn.nba.com/headshots/nba/latest/1040x760/1626167.png
1943,Wayne Turner,Wayne,Turner,False,https://cdn.nba.com/headshots/nba/latest/1040x760/1943.png
78386,Mel Turpin,Mel,Turpin,False,https://cdn.nba.com/headshots/nba/latest/1040x760/78386.png
78387,Dave Twardzik,Dave,Twardzik,False,https://cdn.nba.com/headshots/nba/latest/1040x760/78387.png
78388,Jack Twyman,Jack,Twyman,False,https://cdn.nba.com/headshots/nba/latest/1040x760/78388.png
189,B.J. Tyler,B.J.,Tyler,False,https://cdn.nba.com/headshots/nba/latest/1040x760/189.png
202719,Jeremy Tyler,Jeremy,Tyler,False,https://cdn.nba.com/headshots/nba/latest/1040x760/202719.png
78390,Terry Tyler,Terry,Tyler,False,https://cdn.nba.com/headshots/nba/latest/1040x760/78390.png
78391,Charlie Tyra,Charlie,Tyra,False,https://cdn.nba.com/headshots/nba/latest/1040x760/78391.png
1641816,Hunter Tyson,Hunter,Tyson,True,https://cdn.nba.com/headshots/nba/latest/1040x760/1641816.png
1642281,Jaylon Tyson,Jaylon,Tyson,True,https://cdn.nba.com/headshots/nba/latest/1040x760/1642281.png
202775,Edwin Ubiles,Edwin,Ubiles,False,https://cdn.nba.com/headshots/nba/latest/1040x760/202775.png
202327,Ekpe Udoh,Ekpe,Udoh,False,https://cdn.nba.com/headshots/nba/latest/1040x760/202327.png
2137,Ime Udoka,Ime,Udoka,False,https://cdn.nba.com/headshots/nba/latest/1040x760/2137.png
2757,Beno Udrih,Beno,Udrih,False,https://cdn.nba.com/headshots/nba/latest/1040x760/2757.png
101146,Roko Ukic,Roko,Ukic,False,https://cdn.nba.com/headshots/nba/latest/1040x760/101146.png
1627755,Tyler Ulis,Tyler,Ulis,False,https://cdn.nba.com/headshots/nba/latest/1040x760/1627755.png
1630649,Stanley Umude,Stanley,Umude,True,https://cdn.nba.com/headshots/nba/latest/1040x760/1630649.png
78392,Wes Unseld,Wes,Unseld,False,https://cdn.nba.com/headshots/nba/latest/1040x760/78392.png
78393,Hal Uplinger,Hal,Uplinger,False,https://cdn.nba.com/headshots/nba/latest/1040x760/78393.png
78394,Kelvin Upshaw,Kelvin,Upshaw,False,https://cdn.nba.com/headshots/nba/latest/1040x760/78394.png
1627784,Jarrod Uthoff,Jarrod,Uthoff,False,https://cdn.nba.com/headshots/nba/latest/1040x760/1627784.png
202386,Ben Uzoh,Ben,Uzoh,False,https://cdn.nba.com/headshots/nba/latest/1040x760/202386.png
201987,Robert Vaden,Robert,Vaden,False,https://cdn.nba.com/headshots/nba/latest/1040x760/201987.png
202685,Jonas Valančiūnas,Jonas,Valančiūnas,True,https://cdn.nba.com/headshots/nba/latest/1040x760/202685.png
78395,Darnell Valentine,Darnell,Valentine,False,https://cdn.nba.com/headshots/nba/latest/1040x760/78395.png
1627756,Denzel Valentine,Denzel,Valentine,False,https://cdn.nba.com/headshots/nba/latest/1040x760/1627756.png
78396,Ron Valentine,Ron,Valentine,False,https://cdn.nba.com/headshots/nba/latest/1040x760/78396.png
78397,John Vallely,John,Vallely,False,https://cdn.nba.com/headshots/nba/latest/1040x760/78397.png
78398,Dick Van Arsdale,Dick,Van Arsdale,False,https://cdn.nba.com/headshots/nba/latest/1040x760/78398.png
78399,Tom Van Arsdale,Tom,Van Arsdale,False,https://cdn.nba.com/headshots/nba/latest/1040x760/78399.png
78401,Butch Van Breda Kolff,Butch,Van Breda Kolff,False,https://cdn.nba.com/headshots/nba/latest/1040x760/78401.png
78400,Jan Van Breda Kolff,Jan,Van Breda Kolff,False,https://cdn.nba.com/headshots/nba/latest/1040x760/78400.png
89,Nick Van Exel,Nick,Van Exel,False,https://cdn.nba.com/headshots/nba/latest/1040x760/89.png
1496,Keith Van Horn,Keith,Van Horn,False,https://cdn.nba.com/headshots/nba/latest/1040x760/1496.png
78406,Norm Van Lier,Norm,Van Lier,False,https://cdn.nba.com/headshots/nba/latest/1040x760/78406.png
1627832,Fred VanVleet,Fred,VanVleet,True,https://cdn.nba.com/headshots/nba/latest/1040x760/1627832.png
78402,Gene Vance,Gene,Vance,False,https://cdn.nba.com/headshots/nba/latest/1040x760/78402.png
78403,Log Vander Velden,Log,Vander Velden,False,https://cdn.nba.com/headshots/nba/latest/1040x760/78403.png
1629020,Jarred Vanderbilt,Jarred,Vanderbilt,True,https://cdn.nba.com/headshots/nba/latest/1040x760/1629020.png
78405,Ernie Vandeweghe,Ernie,Vandeweghe,False,https://cdn.nba.com/headshots/nba/latest/1040x760/78405.png
78404,Kiki Vandeweghe,Kiki,Vandeweghe,False,https://cdn.nba.com/headshots/nba/latest/1040x760/78404.png
78407,Nick Vanos,Nick,Vanos,False,https://cdn.nba.com/headshots/nba/latest/1040x760/78407.png
2128,David Vanterpool,David,Vanterpool,False,https://cdn.nba.com/headshots/nba/latest/1040x760/2128.png
2237,Ratko Varda,Ratko,Varda,False,https://cdn.nba.com/headshots/nba/latest/1040x760/2237.png
2760,Anderson Varejao,Anderson,Varejao,False,https://cdn.nba.com/headshots/nba/latest/1040x760/2760.png
202363,Jarvis Varnado,Jarvis,Varnado,False,https://cdn.nba.com/headshots/nba/latest/1040x760/202363.png
202349,Greivis Vasquez,Greivis,Vasquez,False,https://cdn.nba.com/headshots/nba/latest/1040x760/202349.png
1630170,Devin Vassell,Devin,Vassell,True,https://cdn.nba.com/headshots/nba/latest/1040x760/1630170.png
78409,Charles Vaughn,Charles,Vaughn,False,https://cdn.nba.com/headshots/nba/latest/1040x760/78409.png
710,David Vaughn,David,Vaughn,False,https://cdn.nba.com/headshots/nba/latest/1040x760/710.png
1521,Jacque Vaughn,Jacque,Vaughn,False,https://cdn.nba.com/headshots/nba/latest/1040x760/1521.png
1626173,Rashad Vaughn,Rashad,Vaughn,False,https://cdn.nba.com/headshots/nba/latest/1040x760/1626173.png
78411,Virgil Vaughn,Virgil,Vaughn,False,https://cdn.nba.com/headshots/nba/latest/1040x760/78411.png
919,Loy Vaught,Loy,Vaught,False,https://cdn.nba.com/headshots/nba/latest/1040x760/919.png
78413,Bob Verga,Bob,Verga,False,https://cdn.nba.com/headshots/nba/latest/1040x760/78413.png
78414,Peter Verhoeven,Peter,Verhoeven,False,https://cdn.nba.com/headshots/nba/latest/1040x760/78414.png
202686,Jan Vesely,Jan,Vesely,False,https://cdn.nba.com/headshots/nba/latest/1040x760/202686.png
78415,Gundars Vetra,Gundars,Vetra,False,https://cdn.nba.com/headshots/nba/latest/1040x760/78415.png
1628426,Sasha Vezenkov,Sasha,Vezenkov,False,https://cdn.nba.com/headshots/nba/latest/1040x760/1628426.png
78416,Joao Vianna,Joao,Vianna,False,https://cdn.nba.com/headshots/nba/latest/1040x760/78416.png
1630492,Luca Vildoza,Luca,Vildoza,False,https://cdn.nba.com/headshots/nba/latest/1040x760/1630492.png
101111,Charlie Villanueva,Charlie,Villanueva,False,https://cdn.nba.com/headshots/nba/latest/1040x760/101111.png
1629216,Gabe Vincent,Gabe,Vincent,True,https://cdn.nba.com/headshots/nba/latest/1040x760/1629216.png
78418,Jay Vincent,Jay,Vincent,False,https://cdn.nba.com/headshots/nba/latest/1040x760/78418.png
78417,Sam Vincent,Sam,Vincent,False,https://cdn.nba.com/headshots/nba/latest/1040x760/78417.png
200790,Marcus Vinicius,Marcus,Vinicius,False,https://cdn.nba.com/headshots/nba/latest/1040x760/200790.png
1844,Fred Vinson,Fred,Vinson,False,https://cdn.nba.com/headshots/nba/latest/1040x760/1844.png
78419,Gary Voce,Gary,Voce,False,https://cdn.nba.com/headshots/nba/latest/1040x760/78419.png
78420,Floyd Volker,Floyd,Volker,False,https://cdn.nba.com/headshots/nba/latest/1040x760/78420.png
78421,Alexander Volkov,Alexander,Volkov,False,https://cdn.nba.com/headshots/nba/latest/1040x760/78421.png
78422,Whitey Von Nieda,Whitey,Von Nieda,False,https://cdn.nba.com/headshots/nba/latest/1040x760/78422.png
203943,Noah Vonleh,Noah,Vonleh,False,https://cdn.nba.com/headshots/nba/latest/1040x760/203943.png
2063,Jake Voskuhl,Jake,Voskuhl,False,https://cdn.nba.com/headshots/nba/latest/1040x760/2063.png
78423,Danny Vranes,Danny,Vranes,False,https://cdn.nba.com/headshots/nba/latest/1040x760/78423.png
2582,Slavko Vranes,Slavko,Vranes,False,https://cdn.nba.com/headshots/nba/latest/1040x760/2582.png
1037,Stojko Vrankovic,Stojko,Vrankovic,False,https://cdn.nba.com/headshots/nba/latest/1040x760/1037.png
78425,Brett Vroman,Brett,Vroman,False,https://cdn.nba.com/headshots/nba/latest/1040x760/78425.png
2761,Jackson Vroman,Jackson,Vroman,False,https://cdn.nba.com/headshots/nba/latest/1040x760/2761.png
2756,Sasha Vujacic,Sasha,Vujacic,False,https://cdn.nba.com/headshots/nba/latest/1040x760/2756.png
1641774,Tristan Vukcevic,Tristan,Vukcevic,True,https://cdn.nba.com/headshots/nba/latest/1040x760/1641774.png
202696,Nikola Vučević,Nikola,Vučević,True,https://cdn.nba.com/headshots/nba/latest/1040x760/202696.png
1629731,Dean Wade,Dean,Wade,True,https://cdn.nba.com/headshots/nba/latest/1040x760/1629731.png
2548,Dwyane Wade,Dwyane,Wade,False,https://cdn.nba.com/headshots/nba/latest/1040x760/2548.png
78426,Mark Wade,Mark,Wade,False,https://cdn.nba.com/headshots/nba/latest/1040x760/78426.png
101144,Von Wafer,Von,Wafer,False,https://cdn.nba.com/headshots/nba/latest/1040x760/101144.png
78427,Clint Wager,Clint,Wager,False,https://cdn.nba.com/headshots/nba/latest/1040x760/78427.png
2402,Dajuan Wagner,Dajuan,Wagner,False,https://cdn.nba.com/headshots/nba/latest/1040x760/2402.png
78428,Danny Wagner,Danny,Wagner,False,https://cdn.nba.com/headshots/nba/latest/1040x760/78428.png
1630532,Franz Wagner,Franz,Wagner,True,https://cdn.nba.com/headshots/nba/latest/1040x760/1630532.png
78429,Milt Wagner,Milt,Wagner,False,https://cdn.nba.com/headshots/nba/latest/1040x760/78429.png
1629021,Moritz Wagner,Moritz,Wagner,True,https://cdn.nba.com/headshots/nba/latest/1040x760/1629021.png
1630688,Ish Wainright,Ish,Wainright,False,https://cdn.nba.com/headshots/nba/latest/1040x760/1630688.png
203079,Dion Waiters,Dion,Waiters,False,https://cdn.nba.com/headshots/nba/latest/1040x760/203079.png
78430,Granville Waiters,Granville,Waiters,False,https://cdn.nba.com/headshots/nba/latest/1040x760/78430.png
78431,Andre Wakefield,Andre,Wakefield,False,https://cdn.nba.com/headshots/nba/latest/1040x760/78431.png
78432,Neal Walk,Neal,Walk,False,https://cdn.nba.com/headshots/nba/latest/1040x760/78432.png
78433,Andy Walker,Andy,Walker,False,https://cdn.nba.com/headshots/nba/latest/1040x760/78433.png
952,Antoine Walker,Antoine,Walker,False,https://cdn.nba.com/headshots/nba/latest/1040x760/952.png
78434,Brady Walker,Brady,Walker,False,https://cdn.nba.com/headshots/nba/latest/1040x760/78434.png
78435,Chet Walker,Chet,Walker,False,https://cdn.nba.com/headshots/nba/latest/1040x760/78435.png
78437,Darrell Walker,Darrell,Walker,False,https://cdn.nba.com/headshots/nba/latest/1040x760/78437.png
78436,Foots Walker,Foots,Walker,False,https://cdn.nba.com/headshots/nba/latest/1040x760/78436.png
201611,Henry Walker,Henry,Walker,False,https://cdn.nba.com/headshots/nba/latest/1040x760/201611.png
78438,Horace Walker,Horace,Walker,False,https://cdn.nba.com/headshots/nba/latest/1040x760/78438.png
1631133,Jabari Walker,Jabari,Walker,True,https://cdn.nba.com/headshots/nba/latest/1040x760/1631133.png
1641716,Jarace Walker,Jarace,Walker,True,https://cdn.nba.com/headshots/nba/latest/1040x760/1641716.png
78439,Jimmy Walker,Jimmy,Walker,False,https://cdn.nba.com/headshots/nba/latest/1040x760/78439.png
202689,Kemba Walker,Kemba,Walker,False,https://cdn.nba.com/headshots/nba/latest/1040x760/202689.png
78440,Kenny Walker,Kenny,Walker,False,https://cdn.nba.com/headshots/nba/latest/1040x760/78440.png
1630640,MJ Walker,MJ,Walker,False,https://cdn.nba.com/headshots/nba/latest/1040x760/1630640.png
78441,Phil Walker,Phil,Walker,False,https://cdn.nba.com/headshots/nba/latest/1040x760/78441.png
955,Samaki Walker,Samaki,Walker,False,https://cdn.nba.com/headshots/nba/latest/1040x760/955.png
78442,Wally Walker,Wally,Walker,False,https://cdn.nba.com/headshots/nba/latest/1040x760/78442.png
1629022,Lonnie Walker IV,Lonnie,Walker IV,True,https://cdn.nba.com/headshots/nba/latest/1040x760/1629022.png
202322,John Wall,John,Wall,False,https://cdn.nba.com/headshots/nba/latest/1040x760/202322.png
1112,Ben Wallace,Ben,Wallace,False,https://cdn.nba.com/headshots/nba/latest/1040x760/1112.png
1641717,Cason Wallace,Cason,Wallace,True,https://cdn.nba.com/headshots/nba/latest/1040x760/1641717.png
2222,Gerald Wallace,Gerald,Wallace,False,https://cdn.nba.com/headshots/nba/latest/1040x760/2222.png
961,John Wallace,John,Wallace,False,https://cdn.nba.com/headshots/nba/latest/1040x760/961.png
1630811,Keaton Wallace,Keaton,Wallace,True,https://cdn.nba.com/headshots/nba/latest/1040x760/1630811.png
78443,Michael Wallace,Michael,Wallace,False,https://cdn.nba.com/headshots/nba/latest/1040x760/78443.png
739,Rasheed Wallace,Rasheed,Wallace,False,https://cdn.nba.com/headshots/nba/latest/1040x760/739.png
1627820,Tyrone Wallace,Tyrone,Wallace,False,https://cdn.nba.com/headshots/nba/latest/1040x760/1627820.png
78444,Dwight Waller,Dwight,Waller,False,https://cdn.nba.com/headshots/nba/latest/1040x760/78444.png
78445,Jamie Waller,Jamie,Waller,False,https://cdn.nba.com/headshots/nba/latest/1040x760/78445.png
78446,Jim Walsh,Jim,Walsh,False,https://cdn.nba.com/headshots/nba/latest/1040x760/78446.png
1641775,Jordan Walsh,Jordan,Walsh,True,https://cdn.nba.com/headshots/nba/latest/1040x760/1641775.png
101190,Matt Walsh,Matt,Walsh,False,https://cdn.nba.com/headshots/nba/latest/1040x760/101190.png
1642266,Ja'Kobe Walter,Ja'Kobe,Walter,True,https://cdn.nba.com/headshots/nba/latest/1040x760/1642266.png
777,Rex Walters,Rex,Walters,False,https://cdn.nba.com/headshots/nba/latest/1040x760/777.png
78447,Paul Walther,Paul,Walther,False,https://cdn.nba.com/headshots/nba/latest/1040x760/78447.png
78448,Rabbit Walthour,Rabbit,Walthour,False,https://cdn.nba.com/headshots/nba/latest/1040x760/78448.png
78450,Bill Walton,Bill,Walton,False,https://cdn.nba.com/headshots/nba/latest/1040x760/78450.png
78449,Lloyd Walton,Lloyd,Walton,False,https://cdn.nba.com/headshots/nba/latest/1040x760/78449.png
2575,Luke Walton,Luke,Walton,False,https://cdn.nba.com/headshots/nba/latest/1040x760/2575.png
1628476,Derrick Walton Jr.,Derrick,Walton Jr.,False,https://cdn.nba.com/headshots/nba/latest/1040x760/1628476.png
202954,Brad Wanamaker,Brad,Wanamaker,False,https://cdn.nba.com/headshots/nba/latest/1040x760/202954.png
78453,Bobby Wanzer,Bobby,Wanzer,False,https://cdn.nba.com/headshots/nba/latest/1040x760/78453.png
78454,Perry Warbington,Perry,Warbington,False,https://cdn.nba.com/headshots/nba/latest/1040x760/78454.png
369,Charlie Ward,Charlie,Ward,False,https://cdn.nba.com/headshots/nba/latest/1040x760/369.png
78455,Gerry Ward,Gerry,Ward,False,https://cdn.nba.com/headshots/nba/latest/1040x760/78455.png
78456,Henry Ward,Henry,Ward,False,https://cdn.nba.com/headshots/nba/latest/1040x760/78456.png
203810,Casper Ware,Casper,Ware,False,https://cdn.nba.com/headshots/nba/latest/1040x760/203810.png
78457,Jim Ware,Jim,Ware,False,https://cdn.nba.com/headshots/nba/latest/1040x760/78457.png
1642276,Kel'el Ware,Kel'el,Ware,True,https://cdn.nba.com/headshots/nba/latest/1040x760/1642276.png
78458,Ben Warley,Ben,Warley,False,https://cdn.nba.com/headshots/nba/latest/1040x760/78458.png
78459,Bob Warlick,Bob,Warlick,False,https://cdn.nba.com/headshots/nba/latest/1040x760/78459.png
78460,Cornell Warner,Cornell,Warner,False,https://cdn.nba.com/headshots/nba/latest/1040x760/78460.png
1627866,Jameel Warney,Jameel,Warney,False,https://cdn.nba.com/headshots/nba/latest/1040x760/1627866.png
78461,Johnny Warren,Johnny,Warren,False,https://cdn.nba.com/headshots/nba/latest/1040x760/78461.png
203933,T.J. Warren,T.J.,Warren,False,https://cdn.nba.com/headshots/nba/latest/1040x760/203933.png
202378,Willie Warren,Willie,Warren,False,https://cdn.nba.com/headshots/nba/latest/1040x760/202378.png
78462,Bryan Warrick,Bryan,Warrick,False,https://cdn.nba.com/headshots/nba/latest/1040x760/78462.png
101124,Hakim Warrick,Hakim,Warrick,False,https://cdn.nba.com/headshots/nba/latest/1040x760/101124.png
78463,Chris Washburn,Chris,Washburn,False,https://cdn.nba.com/headshots/nba/latest/1040x760/78463.png
1627395,Julian Washburn,Julian,Washburn,False,https://cdn.nba.com/headshots/nba/latest/1040x760/1627395.png
78469,Bobby Washington,Bobby,Washington,False,https://cdn.nba.com/headshots/nba/latest/1040x760/78469.png
200827,Darius Washington,Darius,Washington,False,https://cdn.nba.com/headshots/nba/latest/1040x760/200827.png
78464,Duane Washington,Duane,Washington,False,https://cdn.nba.com/headshots/nba/latest/1040x760/78464.png
78465,Dwayne Washington,Dwayne,Washington,False,https://cdn.nba.com/headshots/nba/latest/1040x760/78465.png
1540,Eric Washington,Eric,Washington,False,https://cdn.nba.com/headshots/nba/latest/1040x760/1540.png
78466,Jim Washington,Jim,Washington,False,https://cdn.nba.com/headshots/nba/latest/1040x760/78466.png
78467,Kermit Washington,Kermit,Washington,False,https://cdn.nba.com/headshots/nba/latest/1040x760/78467.png
1629023,P.J. Washington,P.J.,Washington,True,https://cdn.nba.com/headshots/nba/latest/1040x760/1629023.png
78468,Richard Washington,Richard,Washington,False,https://cdn.nba.com/headshots/nba/latest/1040x760/78468.png
78470,Stan Washington,Stan,Washington,False,https://cdn.nba.com/headshots/nba/latest/1040x760/78470.png
78471,Wilson Washington,Wilson,Washington,False,https://cdn.nba.com/headshots/nba/latest/1040x760/78471.png
1630613,Duane Washington Jr.,Duane,Washington Jr.,False,https://cdn.nba.com/headshots/nba/latest/1040x760/1630613.png
1631102,TyTy Washington Jr.,TyTy,Washington Jr.,True,https://cdn.nba.com/headshots/nba/latest/1040x760/1631102.png
1629139,Yuta Watanabe,Yuta,Watanabe,False,https://cdn.nba.com/headshots/nba/latest/1040x760/1629139.png
1629682,Tremont Waters,Tremont,Waters,False,https://cdn.nba.com/headshots/nba/latest/1040x760/1629682.png
1630322,Lindy Waters III,Lindy,Waters III,True,https://cdn.nba.com/headshots/nba/latest/1040x760/1630322.png
1630570,Trendon Watford,Trendon,Watford,True,https://cdn.nba.com/headshots/nba/latest/1040x760/1630570.png
201208,Darryl Watkins,Darryl,Watkins,False,https://cdn.nba.com/headshots/nba/latest/1040x760/201208.png
1641817,Anton Watson,Anton,Watson,True,https://cdn.nba.com/headshots/nba/latest/1040x760/1641817.png
201228,C.J. Watson,C.J.,Watson,False,https://cdn.nba.com/headshots/nba/latest/1040x760/201228.png
2248,Earl Watson,Earl,Watson,False,https://cdn.nba.com/headshots/nba/latest/1040x760/2248.png
320,Jamie Watson,Jamie,Watson,False,https://cdn.nba.com/headshots/nba/latest/1040x760/320.png
1628778,Paul Watson,Paul,Watson,False,https://cdn.nba.com/headshots/nba/latest/1040x760/1628778.png
1631212,Peyton Watson,Peyton,Watson,True,https://cdn.nba.com/headshots/nba/latest/1040x760/1631212.png
78474,Ron Watts,Ron,Watts,False,https://cdn.nba.com/headshots/nba/latest/1040x760/78474.png
78473,Slick Watts,Slick,Watts,False,https://cdn.nba.com/headshots/nba/latest/1040x760/78473.png
203146,Maalik Wayns,Maalik,Wayns,False,https://cdn.nba.com/headshots/nba/latest/1040x760/203146.png
204033,David Wear,David,Wear,False,https://cdn.nba.com/headshots/nba/latest/1040x760/204033.png
204037,Travis Wear,Travis,Wear,False,https://cdn.nba.com/headshots/nba/latest/1040x760/204037.png
221,Clar. Weatherspoon,Clar.,Weatherspoon,False,https://cdn.nba.com/headshots/nba/latest/1040x760/221.png
78475,Nick Weatherspoon,Nick,Weatherspoon,False,https://cdn.nba.com/headshots/nba/latest/1040x760/78475.png
1629683,Quinndary Weatherspoon,Quinndary,Weatherspoon,False,https://cdn.nba.com/headshots/nba/latest/1040x760/1629683.png
201602,Kyle Weaver,Kyle,Weaver,False,https://cdn.nba.com/headshots/nba/latest/1040x760/201602.png
78477,Jeff Webb,Jeff,Webb,False,https://cdn.nba.com/headshots/nba/latest/1040x760/78477.png
78478,Marcus Webb,Marcus,Webb,False,https://cdn.nba.com/headshots/nba/latest/1040x760/78478.png
892,Spud Webb,Spud,Webb,False,https://cdn.nba.com/headshots/nba/latest/1040x760/892.png
1627821,James Webb III,James,Webb III,False,https://cdn.nba.com/headshots/nba/latest/1040x760/1627821.png
185,Chris Webber,Chris,Webber,False,https://cdn.nba.com/headshots/nba/latest/1040x760/185.png
1627362,Briante Weber,Briante,Weber,False,https://cdn.nba.com/headshots/nba/latest/1040x760/1627362.png
78479,Forest Weber,Forest,Weber,False,https://cdn.nba.com/headshots/nba/latest/1040x760/78479.png
1067,Jeff Webster,Jeff,Webster,False,https://cdn.nba.com/headshots/nba/latest/1040x760/1067.png
101110,Martell Webster,Martell,Webster,False,https://cdn.nba.com/headshots/nba/latest/1040x760/101110.png
78481,Marvin Webster,Marvin,Webster,False,https://cdn.nba.com/headshots/nba/latest/1040x760/78481.png
78482,Scott Wedman,Scott,Wedman,False,https://cdn.nba.com/headshots/nba/latest/1040x760/78482.png
201603,Sonny Weems,Sonny,Weems,False,https://cdn.nba.com/headshots/nba/latest/1040x760/201603.png
78483,Dick Wehr,Dick,Wehr,False,https://cdn.nba.com/headshots/nba/latest/1040x760/78483.png
78484,Brant Weidner,Brant,Weidner,False,https://cdn.nba.com/headshots/nba/latest/1040x760/78484.png
78485,Bob Weiss,Bob,Weiss,False,https://cdn.nba.com/headshots/nba/latest/1040x760/78485.png
78486,Rick Weitzman,Rick,Weitzman,False,https://cdn.nba.com/headshots/nba/latest/1040x760/78486.png
1719,Bonzi Wells,Bonzi,Wells,False,https://cdn.nba.com/headshots/nba/latest/1040x760/1719.png
1528,Bubba Wells,Bubba,Wells,False,https://cdn.nba.com/headshots/nba/latest/1040x760/1528.png
1642377,Jaylen Wells,Jaylen,Wells,True,https://cdn.nba.com/headshots/nba/latest/1040x760/1642377.png
78488,Owen Wells,Owen,Wells,False,https://cdn.nba.com/headshots/nba/latest/1040x760/78488.png
78489,Ralph Wells,Ralph,Wells,False,https://cdn.nba.com/headshots/nba/latest/1040x760/78489.png
1846,Chris Welp,Chris,Welp,False,https://cdn.nba.com/headshots/nba/latest/1040x760/1846.png
2412,Jiri Welsch,Jiri,Welsch,False,https://cdn.nba.com/headshots/nba/latest/1040x760/2412.png
1629118,Thomas Welsh,Thomas,Welsh,False,https://cdn.nba.com/headshots/nba/latest/1040x760/1629118.png
1641705,Victor Wembanyama,Victor,Wembanyama,True,https://cdn.nba.com/headshots/nba/latest/1040x760/1641705.png
82,Bill Wennington,Bill,Wennington,False,https://cdn.nba.com/headshots/nba/latest/1040x760/82.png
78492,Matt Wenstrom,Matt,Wenstrom,False,https://cdn.nba.com/headshots/nba/latest/1040x760/78492.png
438,Robert Werdann,Robert,Werdann,False,https://cdn.nba.com/headshots/nba/latest/1040x760/438.png
78494,Ray Wertis,Ray,Wertis,False,https://cdn.nba.com/headshots/nba/latest/1040x760/78494.png
1631104,Blake Wesley,Blake,Wesley,True,https://cdn.nba.com/headshots/nba/latest/1040x760/1631104.png
133,David Wesley,David,Wesley,False,https://cdn.nba.com/headshots/nba/latest/1040x760/133.png
78495,Walt Wesley,Walt,Wesley,False,https://cdn.nba.com/headshots/nba/latest/1040x760/78495.png
2561,David West,David,West,False,https://cdn.nba.com/headshots/nba/latest/1040x760/2561.png
2753,Delonte West,Delonte,West,False,https://cdn.nba.com/headshots/nba/latest/1040x760/2753.png
28,Doug West,Doug,West,False,https://cdn.nba.com/headshots/nba/latest/1040x760/28.png
78497,Jerry West,Jerry,West,False,https://cdn.nba.com/headshots/nba/latest/1040x760/78497.png
201238,Mario West,Mario,West,False,https://cdn.nba.com/headshots/nba/latest/1040x760/201238.png
770,Mark West,Mark,West,False,https://cdn.nba.com/headshots/nba/latest/1040x760/770.png
78499,Roland West,Roland,West,False,https://cdn.nba.com/headshots/nba/latest/1040x760/78499.png
201566,Russell Westbrook,Russell,Westbrook,True,https://cdn.nba.com/headshots/nba/latest/1040x760/201566.png
78500,Paul Westphal,Paul,Westphal,False,https://cdn.nba.com/headshots/nba/latest/1040x760/78500.png
78501,John Wetzel,John,Wetzel,False,https://cdn.nba.com/headshots/nba/latest/1040x760/78501.png
101156,Robert Whaley,Robert,Whaley,False,https://cdn.nba.com/headshots/nba/latest/1040x760/101156.png
941,Ennis Whatley,Ennis,Whatley,False,https://cdn.nba.com/headshots/nba/latest/1040x760/941.png
1545,DeJuan Wheat,DeJuan,Wheat,False,https://cdn.nba.com/headshots/nba/latest/1040x760/1545.png
78504,Clinton Wheeler,Clinton,Wheeler,False,https://cdn.nba.com/headshots/nba/latest/1040x760/78504.png
1630762,Phillip Wheeler,Phillip,Wheeler,True,https://cdn.nba.com/headshots/nba/latest/1040x760/1630762.png
1755,Tyson Wheeler,Tyson,Wheeler,False,https://cdn.nba.com/headshots/nba/latest/1040x760/1755.png
78506,Lucian Whitaker,Lucian,Whitaker,False,https://cdn.nba.com/headshots/nba/latest/1040x760/78506.png
1629632,Coby White,Coby,White,True,https://cdn.nba.com/headshots/nba/latest/1040x760/1629632.png
201591,DJ White,DJ,White,False,https://cdn.nba.com/headshots/nba/latest/1040x760/201591.png
1628401,Derrick White,Derrick,White,True,https://cdn.nba.com/headshots/nba/latest/1040x760/1628401.png
78507,Eric White,Eric,White,False,https://cdn.nba.com/headshots/nba/latest/1040x760/78507.png
78508,Herb White,Herb,White,False,https://cdn.nba.com/headshots/nba/latest/1040x760/78508.png
78509,Hubie White,Hubie,White,False,https://cdn.nba.com/headshots/nba/latest/1040x760/78509.png
1631298,Jack White,Jack,White,False,https://cdn.nba.com/headshots/nba/latest/1040x760/1631298.png
1751,Jahidi White,Jahidi,White,False,https://cdn.nba.com/headshots/nba/latest/1040x760/1751.png
200778,James White,James,White,False,https://cdn.nba.com/headshots/nba/latest/1040x760/200778.png
78510,Jojo White,Jojo,White,False,https://cdn.nba.com/headshots/nba/latest/1040x760/78510.png
1627855,Okaro White,Okaro,White,False,https://cdn.nba.com/headshots/nba/latest/1040x760/1627855.png
1839,Randy White,Randy,White,False,https://cdn.nba.com/headshots/nba/latest/1040x760/1839.png
2206,Rodney White,Rodney,White,False,https://cdn.nba.com/headshots/nba/latest/1040x760/2206.png
78512,Rory White,Rory,White,False,https://cdn.nba.com/headshots/nba/latest/1040x760/78512.png
203091,Royce White,Royce,White,False,https://cdn.nba.com/headshots/nba/latest/1040x760/203091.png
78513,Rudy White,Rudy,White,False,https://cdn.nba.com/headshots/nba/latest/1040x760/78513.png
202358,Terrico White,Terrico,White,False,https://cdn.nba.com/headshots/nba/latest/1040x760/202358.png
78514,Tony White,Tony,White,False,https://cdn.nba.com/headshots/nba/latest/1040x760/78514.png
78515,Willie White,Willie,White,False,https://cdn.nba.com/headshots/nba/latest/1040x760/78515.png
1628510,Andrew White III,Andrew,White III,False,https://cdn.nba.com/headshots/nba/latest/1040x760/1628510.png
1641727,Dariq Whitehead,Dariq,Whitehead,True,https://cdn.nba.com/headshots/nba/latest/1040x760/1641727.png
1627785,Isaiah Whitehead,Isaiah,Whitehead,False,https://cdn.nba.com/headshots/nba/latest/1040x760/1627785.png
78516,Jerome Whitehead,Jerome,Whitehead,False,https://cdn.nba.com/headshots/nba/latest/1040x760/78516.png
1126,Donald Whiteside,Donald,Whiteside,False,https://cdn.nba.com/headshots/nba/latest/1040x760/1126.png
202355,Hassan Whiteside,Hassan,Whiteside,False,https://cdn.nba.com/headshots/nba/latest/1040x760/202355.png
730,Dwayne Whitfield,Dwayne,Whitfield,False,https://cdn.nba.com/headshots/nba/latest/1040x760/730.png
1641715,Cam Whitmore,Cam,Whitmore,True,https://cdn.nba.com/headshots/nba/latest/1040x760/1641715.png
78519,Charles Whitney,Charles,Whitney,False,https://cdn.nba.com/headshots/nba/latest/1040x760/78519.png
43,Chris Whitney,Chris,Whitney,False,https://cdn.nba.com/headshots/nba/latest/1040x760/43.png
204222,Greg Whittington,Greg,Whittington,False,https://cdn.nba.com/headshots/nba/latest/1040x760/204222.png
203963,Shayne Whittington,Shayne,Whittington,False,https://cdn.nba.com/headshots/nba/latest/1040x760/203963.png
78520,Sidney Wicks,Sidney,Wicks,False,https://cdn.nba.com/headshots/nba/latest/1040x760/78520.png
78521,Murray Wier,Murray,Wier,False,https://cdn.nba.com/headshots/nba/latest/1040x760/78521.png
78522,Bob Wiesenhahn,Bob,Wiesenhahn,False,https://cdn.nba.com/headshots/nba/latest/1040x760/78522.png
1630580,Joe Wieskamp,Joe,Wieskamp,False,https://cdn.nba.com/headshots/nba/latest/1040x760/1630580.png
1630598,Aaron Wiggins,Aaron,Wiggins,True,https://cdn.nba.com/headshots/nba/latest/1040x760/1630598.png
203952,Andrew Wiggins,Andrew,Wiggins,True,https://cdn.nba.com/headshots/nba/latest/1040x760/203952.png
78523,Mitchell Wiggins,Mitchell,Wiggins,False,https://cdn.nba.com/headshots/nba/latest/1040x760/78523.png
1629623,Lindell Wigginton,Lindell,Wigginton,False,https://cdn.nba.com/headshots/nba/latest/1040x760/1629623.png
78524,Ken Wilburn,Ken,Wilburn,False,https://cdn.nba.com/headshots/nba/latest/1040x760/78524.png
203912,C.J. Wilcox,C.J.,Wilcox,False,https://cdn.nba.com/headshots/nba/latest/1040x760/203912.png
2404,Chris Wilcox,Chris,Wilcox,False,https://cdn.nba.com/headshots/nba/latest/1040x760/2404.png
78525,D.C. Wilcutt,D.C.,Wilcutt,False,https://cdn.nba.com/headshots/nba/latest/1040x760/78525.png
78526,Gene Wiley,Gene,Wiley,False,https://cdn.nba.com/headshots/nba/latest/1040x760/78526.png
1628451,Jacob Wiley,Jacob,Wiley,False,https://cdn.nba.com/headshots/nba/latest/1040x760/1628451.png
78527,Michael Wiley,Michael,Wiley,False,https://cdn.nba.com/headshots/nba/latest/1040x760/78527.png
78528,Morlon Wiley,Morlon,Wiley,False,https://cdn.nba.com/headshots/nba/latest/1040x760/78528.png
78529,Win Wilfong,Win,Wilfong,False,https://cdn.nba.com/headshots/nba/latest/1040x760/78529.png
78530,Lenny Wilkens,Lenny,Wilkens,False,https://cdn.nba.com/headshots/nba/latest/1040x760/78530.png
78531,Bob Wilkerson,Bob,Wilkerson,False,https://cdn.nba.com/headshots/nba/latest/1040x760/78531.png
78532,Jamaal Wilkes,Jamaal,Wilkes,False,https://cdn.nba.com/headshots/nba/latest/1040x760/78532.png
78533,James Wilkes,James,Wilkes,False,https://cdn.nba.com/headshots/nba/latest/1040x760/78533.png
2863,Damien Wilkins,Damien,Wilkins,False,https://cdn.nba.com/headshots/nba/latest/1040x760/2863.png
1122,Dominique Wilkins,Dominique,Wilkins,False,https://cdn.nba.com/headshots/nba/latest/1040x760/1122.png
78534,Eddielee Wilkins,Eddielee,Wilkins,False,https://cdn.nba.com/headshots/nba/latest/1040x760/78534.png
786,Gerald Wilkins,Gerald,Wilkins,False,https://cdn.nba.com/headshots/nba/latest/1040x760/786.png
78537,Jeff Wilkins,Jeff,Wilkins,False,https://cdn.nba.com/headshots/nba/latest/1040x760/78537.png
78538,Dale Wilkinson,Dale,Wilkinson,False,https://cdn.nba.com/headshots/nba/latest/1040x760/78538.png
2366,Mike Wilks,Mike,Wilks,False,https://cdn.nba.com/headshots/nba/latest/1040x760/2366.png
1425,Aaron Williams,Aaron,Williams,False,https://cdn.nba.com/headshots/nba/latest/1040x760/1425.png
1626210,Alan Williams,Alan,Williams,False,https://cdn.nba.com/headshots/nba/latest/1040x760/1626210.png
1631214,Alondes Williams,Alondes,Williams,True,https://cdn.nba.com/headshots/nba/latest/1040x760/1631214.png
1541,Alvin Williams,Alvin,Williams,False,https://cdn.nba.com/headshots/nba/latest/1040x760/1541.png
78539,Arthur Williams,Arthur,Williams,False,https://cdn.nba.com/headshots/nba/latest/1040x760/78539.png
78540,Bernie Williams,Bernie,Williams,False,https://cdn.nba.com/headshots/nba/latest/1040x760/78540.png
78564,Bob Williams,Bob,Williams,False,https://cdn.nba.com/headshots/nba/latest/1040x760/78564.png
1585,Brandon Williams,Brandon,Williams,False,https://cdn.nba.com/headshots/nba/latest/1040x760/1585.png
1630314,Brandon Williams,Brandon,Williams,True,https://cdn.nba.com/headshots/nba/latest/1040x760/1630314.png
433,Buck Williams,Buck,Williams,False,https://cdn.nba.com/headshots/nba/latest/1040x760/433.png
203710,C.J. Williams,C.J.,Williams,False,https://cdn.nba.com/headshots/nba/latest/1040x760/203710.png
78547,Chuck Williams,Chuck,Williams,False,https://cdn.nba.com/headshots/nba/latest/1040x760/78547.png
78541,Chuckie Williams,Chuckie,Williams,False,https://cdn.nba.com/headshots/nba/latest/1040x760/78541.png
78543,Cliff Williams,Cliff,Williams,False,https://cdn.nba.com/headshots/nba/latest/1040x760/78543.png
1642262,Cody Williams,Cody,Williams,True,https://cdn.nba.com/headshots/nba/latest/1040x760/1642262.png
101258,Corey Williams,Corey,Williams,False,https://cdn.nba.com/headshots/nba/latest/1040x760/101258.png
101114,Deron Williams,Deron,Williams,False,https://cdn.nba.com/headshots/nba/latest/1040x760/101114.png
202682,Derrick Williams,Derrick,Williams,False,https://cdn.nba.com/headshots/nba/latest/1040x760/202682.png
78545,Don Williams,Don,Williams,False,https://cdn.nba.com/headshots/nba/latest/1040x760/78545.png
1631495,Donovan Williams,Donovan,Williams,False,https://cdn.nba.com/headshots/nba/latest/1040x760/1631495.png
78546,Earl Williams,Earl,Williams,False,https://cdn.nba.com/headshots/nba/latest/1040x760/78546.png
202343,Elliot Williams,Elliot,Williams,False,https://cdn.nba.com/headshots/nba/latest/1040x760/202343.png
677,Eric Williams,Eric,Williams,False,https://cdn.nba.com/headshots/nba/latest/1040x760/677.png
2421,Frank Williams,Frank,Williams,False,https://cdn.nba.com/headshots/nba/latest/1040x760/2421.png
78548,Freeman Williams,Freeman,Williams,False,https://cdn.nba.com/headshots/nba/latest/1040x760/78548.png
1629684,Grant Williams,Grant,Williams,True,https://cdn.nba.com/headshots/nba/latest/1040x760/1629684.png
78549,Gus Williams,Gus,Williams,False,https://cdn.nba.com/headshots/nba/latest/1040x760/78549.png
78550,Guy Williams,Guy,Williams,False,https://cdn.nba.com/headshots/nba/latest/1040x760/78550.png
1006,Herb Williams,Herb,Williams,False,https://cdn.nba.com/headshots/nba/latest/1040x760/1006.png
73,Hot Rod Williams,Hot Rod,Williams,False,https://cdn.nba.com/headshots/nba/latest/1040x760/73.png
1631114,Jalen Williams,Jalen,Williams,True,https://cdn.nba.com/headshots/nba/latest/1040x760/1631114.png
1715,Jason Williams,Jason,Williams,False,https://cdn.nba.com/headshots/nba/latest/1040x760/1715.png
101214,Jawad Williams,Jawad,Williams,False,https://cdn.nba.com/headshots/nba/latest/1040x760/101214.png
2398,Jay Williams,Jay,Williams,False,https://cdn.nba.com/headshots/nba/latest/1040x760/2398.png
1631119,Jaylin Williams,Jaylin,Williams,True,https://cdn.nba.com/headshots/nba/latest/1040x760/1631119.png
420,Jayson Williams,Jayson,Williams,False,https://cdn.nba.com/headshots/nba/latest/1040x760/420.png
966,Jerome Williams,Jerome,Williams,False,https://cdn.nba.com/headshots/nba/latest/1040x760/966.png
78554,John Williams,John,Williams,False,https://cdn.nba.com/headshots/nba/latest/1040x760/78554.png
1629140,Johnathan Williams,Johnathan,Williams,False,https://cdn.nba.com/headshots/nba/latest/1040x760/1629140.png
202716,Jordan Williams,Jordan,Williams,False,https://cdn.nba.com/headshots/nba/latest/1040x760/202716.png
200818,Justin Williams,Justin,Williams,False,https://cdn.nba.com/headshots/nba/latest/1040x760/200818.png
78555,Kenny Williams,Kenny,Williams,False,https://cdn.nba.com/headshots/nba/latest/1040x760/78555.png
1629026,Kenrich Williams,Kenrich,Williams,True,https://cdn.nba.com/headshots/nba/latest/1040x760/1629026.png
78556,Kevin Williams,Kevin,Williams,False,https://cdn.nba.com/headshots/nba/latest/1040x760/78556.png
31,Lorenzo Williams,Lorenzo,Williams,False,https://cdn.nba.com/headshots/nba/latest/1040x760/31.png
101150,Lou Williams,Lou,Williams,False,https://cdn.nba.com/headshots/nba/latest/1040x760/101150.png
1642013,Malik Williams,Malik,Williams,False,https://cdn.nba.com/headshots/nba/latest/1040x760/1642013.png
200766,Marcus Williams,Marcus,Williams,False,https://cdn.nba.com/headshots/nba/latest/1040x760/200766.png
201173,Marcus Williams,Marcus,Williams,False,https://cdn.nba.com/headshots/nba/latest/1040x760/201173.png
1631109,Mark Williams,Mark,Williams,True,https://cdn.nba.com/headshots/nba/latest/1040x760/1631109.png
101107,Marvin Williams,Marvin,Williams,False,https://cdn.nba.com/headshots/nba/latest/1040x760/101107.png
52,Micheal Williams,Micheal,Williams,False,https://cdn.nba.com/headshots/nba/latest/1040x760/52.png
78558,Mike Williams,Mike,Williams,False,https://cdn.nba.com/headshots/nba/latest/1040x760/78558.png
78560,Milt Williams,Milt,Williams,False,https://cdn.nba.com/headshots/nba/latest/1040x760/78560.png
2590,Mo Williams,Mo,Williams,False,https://cdn.nba.com/headshots/nba/latest/1040x760/2590.png
42,Monty Williams,Monty,Williams,False,https://cdn.nba.com/headshots/nba/latest/1040x760/42.png
78561,Nate Williams,Nate,Williams,False,https://cdn.nba.com/headshots/nba/latest/1040x760/78561.png
1631466,Nate Williams,Nate,Williams,True,https://cdn.nba.com/headshots/nba/latest/1040x760/1631466.png
1630172,Patrick Williams,Patrick,Williams,True,https://cdn.nba.com/headshots/nba/latest/1040x760/1630172.png
78566,Pete Williams,Pete,Williams,False,https://cdn.nba.com/headshots/nba/latest/1040x760/78566.png
78571,Ray Williams,Ray,Williams,False,https://cdn.nba.com/headshots/nba/latest/1040x760/78571.png
199,Reggie Williams,Reggie,Williams,False,https://cdn.nba.com/headshots/nba/latest/1040x760/199.png
202130,Reggie Williams,Reggie,Williams,False,https://cdn.nba.com/headshots/nba/latest/1040x760/202130.png
78563,Rickey Williams,Rickey,Williams,False,https://cdn.nba.com/headshots/nba/latest/1040x760/78563.png
78565,Rob Williams,Rob,Williams,False,https://cdn.nba.com/headshots/nba/latest/1040x760/78565.png
78567,Ron Williams,Ron,Williams,False,https://cdn.nba.com/headshots/nba/latest/1040x760/78567.png
78568,Sam Williams,Sam,Williams,False,https://cdn.nba.com/headshots/nba/latest/1040x760/78568.png
78569,Samuel Williams,Samuel,Williams,False,https://cdn.nba.com/headshots/nba/latest/1040x760/78569.png
281,Scott Williams,Scott,Williams,False,https://cdn.nba.com/headshots/nba/latest/1040x760/281.png
201157,Sean Williams,Sean,Williams,False,https://cdn.nba.com/headshots/nba/latest/1040x760/201157.png
1742,Shammond Williams,Shammond,Williams,False,https://cdn.nba.com/headshots/nba/latest/1040x760/1742.png
200761,Shawne Williams,Shawne,Williams,False,https://cdn.nba.com/headshots/nba/latest/1040x760/200761.png
200749,Shelden Williams,Shelden,Williams,False,https://cdn.nba.com/headshots/nba/latest/1040x760/200749.png
78570,Sly Williams,Sly,Williams,False,https://cdn.nba.com/headshots/nba/latest/1040x760/78570.png
201944,Terrence Williams,Terrence,Williams,False,https://cdn.nba.com/headshots/nba/latest/1040x760/201944.png
1576,Travis Williams,Travis,Williams,False,https://cdn.nba.com/headshots/nba/latest/1040x760/1576.png
1627786,Troy Williams,Troy,Williams,False,https://cdn.nba.com/headshots/nba/latest/1040x760/1627786.png
1005,Walt Williams,Walt,Williams,False,https://cdn.nba.com/headshots/nba/latest/1040x760/1005.png
78573,Ward Williams,Ward,Williams,False,https://cdn.nba.com/headshots/nba/latest/1040x760/78573.png
78574,Willie Williams,Willie,Williams,False,https://cdn.nba.com/headshots/nba/latest/1040x760/78574.png
1630533,Ziaire Williams,Ziaire,Williams,True,https://cdn.nba.com/headshots/nba/latest/1040x760/1630533.png
1629057,Robert Williams III,Robert,Williams III,True,https://cdn.nba.com/headshots/nba/latest/1040x760/1629057.png
1628475,Matt Williams Jr.,Matt,Williams Jr.,False,https://cdn.nba.com/headshots/nba/latest/1040x760/1628475.png
1631246,Vince Williams Jr.,Vince,Williams Jr.,True,https://cdn.nba.com/headshots/nba/latest/1040x760/1631246.png
1628430,Nigel Williams-Goss,Nigel,Williams-Goss,False,https://cdn.nba.com/headshots/nba/latest/1040x760/1628430.png
722,Corliss Williamson,Corliss,Williamson,False,https://cdn.nba.com/headshots/nba/latest/1040x760/722.png
78575,John Williamson,John,Williamson,False,https://cdn.nba.com/headshots/nba/latest/1040x760/78575.png
1629627,Zion Williamson,Zion,Williamson,True,https://cdn.nba.com/headshots/nba/latest/1040x760/1629627.png
788,Kevin Willis,Kevin,Willis,False,https://cdn.nba.com/headshots/nba/latest/1040x760/788.png
78577,Bill Willoughby,Bill,Willoughby,False,https://cdn.nba.com/headshots/nba/latest/1040x760/78577.png
2000,Dedric Willoughby,Dedric,Willoughby,False,https://cdn.nba.com/headshots/nba/latest/1040x760/2000.png
78586,Bob Wilson,Bob,Wilson,False,https://cdn.nba.com/headshots/nba/latest/1040x760/78586.png
78585,Bobby Wilson,Bobby,Wilson,False,https://cdn.nba.com/headshots/nba/latest/1040x760/78585.png
1628391,D.J. Wilson,D.J.,Wilson,False,https://cdn.nba.com/headshots/nba/latest/1040x760/1628391.png
78579,George Wilson,George,Wilson,False,https://cdn.nba.com/headshots/nba/latest/1040x760/78579.png
78580,Isaiah Wilson,Isaiah,Wilson,False,https://cdn.nba.com/headshots/nba/latest/1040x760/78580.png
1630592,Jalen Wilson,Jalen,Wilson,True,https://cdn.nba.com/headshots/nba/latest/1040x760/1630592.png
203966,Jamil Wilson,Jamil,Wilson,False,https://cdn.nba.com/headshots/nba/latest/1040x760/203966.png
78581,Mike Wilson,Mike,Wilson,False,https://cdn.nba.com/headshots/nba/latest/1040x760/78581.png
78582,Nikita Wilson,Nikita,Wilson,False,https://cdn.nba.com/headshots/nba/latest/1040x760/78582.png
78578,Othell Wilson,Othell,Wilson,False,https://cdn.nba.com/headshots/nba/latest/1040x760/78578.png
78583,Rick Wilson,Rick,Wilson,False,https://cdn.nba.com/headshots/nba/latest/1040x760/78583.png
78584,Ricky Wilson,Ricky,Wilson,False,https://cdn.nba.com/headshots/nba/latest/1040x760/78584.png
78587,Thomas Wilson,Thomas,Wilson,False,https://cdn.nba.com/headshots/nba/latest/1040x760/78587.png
1027,Trevor Wilson,Trevor,Wilson,False,https://cdn.nba.com/headshots/nba/latest/1040x760/1027.png
1627787,Kyle Wiltjer,Kyle,Wiltjer,False,https://cdn.nba.com/headshots/nba/latest/1040x760/1627787.png
78589,Kennard Winchester,Kennard,Winchester,False,https://cdn.nba.com/headshots/nba/latest/1040x760/78589.png
78590,Tony Windis,Tony,Windis,False,https://cdn.nba.com/headshots/nba/latest/1040x760/78590.png
1629685,Dylan Windler,Dylan,Windler,False,https://cdn.nba.com/headshots/nba/latest/1040x760/1629685.png
78591,John Windsor,John,Windsor,False,https://cdn.nba.com/headshots/nba/latest/1040x760/78591.png
78592,Lee Winfield,Lee,Winfield,False,https://cdn.nba.com/headshots/nba/latest/1040x760/78592.png
766,David Wingate,David,Wingate,False,https://cdn.nba.com/headshots/nba/latest/1040x760/766.png
112,Dontonio Wingfield,Dontonio,Wingfield,False,https://cdn.nba.com/headshots/nba/latest/1040x760/112.png
78596,Harthorne Wingo,Harthorne,Wingo,False,https://cdn.nba.com/headshots/nba/latest/1040x760/78596.png
78597,Marv Winkler,Marv,Winkler,False,https://cdn.nba.com/headshots/nba/latest/1040x760/78597.png
1626159,Justise Winslow,Justise,Winslow,False,https://cdn.nba.com/headshots/nba/latest/1040x760/1626159.png
1984,Rickie Winslow,Rickie,Winslow,False,https://cdn.nba.com/headshots/nba/latest/1040x760/1984.png
1630216,Cassius Winston,Cassius,Winston,False,https://cdn.nba.com/headshots/nba/latest/1040x760/1630216.png
1868,Trevor Winter,Trevor,Winter,False,https://cdn.nba.com/headshots/nba/latest/1040x760/1868.png
78600,Brian Winters,Brian,Winters,False,https://cdn.nba.com/headshots/nba/latest/1040x760/78600.png
78601,Voise Winters,Voise,Winters,False,https://cdn.nba.com/headshots/nba/latest/1040x760/78601.png
78602,Willie Wise,Willie,Wise,False,https://cdn.nba.com/headshots/nba/latest/1040x760/78602.png
1630164,James Wiseman,James,Wiseman,True,https://cdn.nba.com/headshots/nba/latest/1040x760/1630164.png
203481,Jeff Withey,Jeff,Withey,False,https://cdn.nba.com/headshots/nba/latest/1040x760/203481.png
78603,Luke Witte,Luke,Witte,False,https://cdn.nba.com/headshots/nba/latest/1040x760/78603.png
1456,Randy Wittman,Randy,Wittman,False,https://cdn.nba.com/headshots/nba/latest/1040x760/1456.png
78605,Garry Witts,Garry,Witts,False,https://cdn.nba.com/headshots/nba/latest/1040x760/78605.png
78606,Dave Wohl,Dave,Wohl,False,https://cdn.nba.com/headshots/nba/latest/1040x760/78606.png
341,Joe Wolf,Joe,Wolf,False,https://cdn.nba.com/headshots/nba/latest/1040x760/341.png
2106,Ruben Wolkowyski,Ruben,Wolkowyski,False,https://cdn.nba.com/headshots/nba/latest/1040x760/2106.png
203489,Nate Wolters,Nate,Wolters,False,https://cdn.nba.com/headshots/nba/latest/1040x760/203489.png
1631209,Isaiah Wong,Isaiah,Wong,True,https://cdn.nba.com/headshots/nba/latest/1040x760/1631209.png
78610,Al Wood,Al,Wood,False,https://cdn.nba.com/headshots/nba/latest/1040x760/78610.png
78612,Bob Wood,Bob,Wood,False,https://cdn.nba.com/headshots/nba/latest/1040x760/78612.png
1626174,Christian Wood,Christian,Wood,False,https://cdn.nba.com/headshots/nba/latest/1040x760/1626174.png
116,David Wood,David,Wood,False,https://cdn.nba.com/headshots/nba/latest/1040x760/116.png
78609,Howard Wood,Howard,Wood,False,https://cdn.nba.com/headshots/nba/latest/1040x760/78609.png
78611,Leon Wood,Leon,Wood,False,https://cdn.nba.com/headshots/nba/latest/1040x760/78611.png
1630218,Robert Woodard II,Robert,Woodard II,False,https://cdn.nba.com/headshots/nba/latest/1040x760/1630218.png
2254,Loren Woods,Loren,Woods,False,https://cdn.nba.com/headshots/nba/latest/1040x760/2254.png
2417,Qyntel Woods,Qyntel,Woods,False,https://cdn.nba.com/headshots/nba/latest/1040x760/2417.png
1010,Randy Woods,Randy,Woods,False,https://cdn.nba.com/headshots/nba/latest/1040x760/1010.png
78614,Mike Woodson,Mike,Woodson,False,https://cdn.nba.com/headshots/nba/latest/1040x760/78614.png
78615,Orlando Woolridge,Orlando,Woolridge,False,https://cdn.nba.com/headshots/nba/latest/1040x760/78615.png
1629624,Kenny Wooten,Kenny,Wooten,False,https://cdn.nba.com/headshots/nba/latest/1040x760/1629624.png
906,Haywoode Workman,Haywoode,Workman,False,https://cdn.nba.com/headshots/nba/latest/1040x760/906.png
78616,Mark Workman,Mark,Workman,False,https://cdn.nba.com/headshots/nba/latest/1040x760/78616.png
78617,Tom Workman,Tom,Workman,False,https://cdn.nba.com/headshots/nba/latest/1040x760/78617.png
1897,Metta World Peace,Metta,World Peace,False,https://cdn.nba.com/headshots/nba/latest/1040x760/1897.png
78618,Sam Worthen,Sam,Worthen,False,https://cdn.nba.com/headshots/nba/latest/1040x760/78618.png
1460,James Worthy,James,Worthy,False,https://cdn.nba.com/headshots/nba/latest/1040x760/1460.png
101120,Antoine Wright,Antoine,Wright,False,https://cdn.nba.com/headshots/nba/latest/1040x760/101120.png
101152,Bracey Wright,Bracey,Wright,False,https://cdn.nba.com/headshots/nba/latest/1040x760/101152.png
78620,Brad Wright,Brad,Wright,False,https://cdn.nba.com/headshots/nba/latest/1040x760/78620.png
201148,Brandan Wright,Brandan,Wright,False,https://cdn.nba.com/headshots/nba/latest/1040x760/201148.png
202874,Chris Wright,Chris,Wright,False,https://cdn.nba.com/headshots/nba/latest/1040x760/202874.png
203203,Chris Wright,Chris,Wright,False,https://cdn.nba.com/headshots/nba/latest/1040x760/203203.png
1626153,Delon Wright,Delon,Wright,True,https://cdn.nba.com/headshots/nba/latest/1040x760/1626153.png
2748,Dorell Wright,Dorell,Wright,False,https://cdn.nba.com/headshots/nba/latest/1040x760/2748.png
78621,Howard Wright,Howard,Wright,False,https://cdn.nba.com/headshots/nba/latest/1040x760/78621.png
78622,Joby Wright,Joby,Wright,False,https://cdn.nba.com/headshots/nba/latest/1040x760/78622.png
201153,Julian Wright,Julian,Wright,False,https://cdn.nba.com/headshots/nba/latest/1040x760/201153.png
78623,Larry Wright,Larry,Wright,False,https://cdn.nba.com/headshots/nba/latest/1040x760/78623.png
953,Lorenzen Wright,Lorenzen,Wright,False,https://cdn.nba.com/headshots/nba/latest/1040x760/953.png
1007,Luther Wright,Luther,Wright,False,https://cdn.nba.com/headshots/nba/latest/1040x760/1007.png
1630589,Moses Wright,Moses,Wright,False,https://cdn.nba.com/headshots/nba/latest/1040x760/1630589.png
412,Sharone Wright,Sharone,Wright,False,https://cdn.nba.com/headshots/nba/latest/1040x760/412.png
1630593,McKinley Wright IV,McKinley,Wright IV,False,https://cdn.nba.com/headshots/nba/latest/1040x760/1630593.png
1629625,Justin Wright-Foreman,Justin,Wright-Foreman,False,https://cdn.nba.com/headshots/nba/latest/1040x760/1629625.png
203100,Tony Wroten,Tony,Wroten,False,https://cdn.nba.com/headshots/nba/latest/1040x760/203100.png
78627,A.J. Wynder,A.J.,Wynder,False,https://cdn.nba.com/headshots/nba/latest/1040x760/78627.png
1627824,Guerschon Yabusele,Guerschon,Yabusele,True,https://cdn.nba.com/headshots/nba/latest/1040x760/1627824.png
2397,Yao Ming,,Yao Ming,False,https://cdn.nba.com/headshots/nba/latest/1040x760/2397.png
2428,Vincent Yarbrough,Vincent,Yarbrough,False,https://cdn.nba.com/headshots/nba/latest/1040x760/2428.png
78628,George Yardley,George,Yardley,False,https://cdn.nba.com/headshots/nba/latest/1040x760/78628.png
78629,Barry Yates,Barry,Yates,False,https://cdn.nba.com/headshots/nba/latest/1040x760/78629.png
78630,Wayne Yates,Wayne,Yates,False,https://cdn.nba.com/headshots/nba/latest/1040x760/78630.png
78631,Charlie Yelverton,Charlie,Yelverton,False,https://cdn.nba.com/headshots/nba/latest/1040x760/78631.png
201146,Yi Jianlian,,Yi Jianlian,False,https://cdn.nba.com/headshots/nba/latest/1040x760/201146.png
78632,Rich Yonakor,Rich,Yonakor,False,https://cdn.nba.com/headshots/nba/latest/1040x760/78632.png
1642385,Cui Yongxi,Cui,Yongxi,True,https://cdn.nba.com/headshots/nba/latest/1040x760/1642385.png
1628221,Gabe York,Gabe,York,False,https://cdn.nba.com/headshots/nba/latest/1040x760/1628221.png
78633,Danny Young,Danny,Young,False,https://cdn.nba.com/headshots/nba/latest/1040x760/78633.png
1642443,Jahmir Young,Jahmir,Young,True,https://cdn.nba.com/headshots/nba/latest/1040x760/1642443.png
203923,James Young,James,Young,False,https://cdn.nba.com/headshots/nba/latest/1040x760/203923.png
1626202,Joe Young,Joe,Young,False,https://cdn.nba.com/headshots/nba/latest/1040x760/1626202.png
1748,Korleone Young,Korleone,Young,False,https://cdn.nba.com/headshots/nba/latest/1040x760/1748.png
78634,Michael Young,Michael,Young,False,https://cdn.nba.com/headshots/nba/latest/1040x760/78634.png
201156,Nick Young,Nick,Young,False,https://cdn.nba.com/headshots/nba/latest/1040x760/201156.png
78635,Perry Young,Perry,Young,False,https://cdn.nba.com/headshots/nba/latest/1040x760/78635.png
201970,Sam Young,Sam,Young,False,https://cdn.nba.com/headshots/nba/latest/1040x760/201970.png
201152,Thaddeus Young,Thaddeus,Young,False,https://cdn.nba.com/headshots/nba/latest/1040x760/201152.png
1937,Tim Young,Tim,Young,False,https://cdn.nba.com/headshots/nba/latest/1040x760/1937.png
1629027,Trae Young,Trae,Young,True,https://cdn.nba.com/headshots/nba/latest/1040x760/1629027.png
1630209,Omer Yurtseven,Omer,Yurtseven,False,https://cdn.nba.com/headshots/nba/latest/1040x760/1630209.png
78638,Max Zaslofsky,Max,Zaslofsky,False,https://cdn.nba.com/headshots/nba/latest/1040x760/78638.png
78639,Robert Zawoluk,Robert,Zawoluk,False,https://cdn.nba.com/headshots/nba/latest/1040x760/78639.png
203469,Cody Zeller,Cody,Zeller,False,https://cdn.nba.com/headshots/nba/latest/1040x760/203469.png
78640,Dave Zeller,Dave,Zeller,False,https://cdn.nba.com/headshots/nba/latest/1040x760/78640.png
78641,Gary Zeller,Gary,Zeller,False,https://cdn.nba.com/headshots/nba/latest/1040x760/78641.png
78642,Hank Zeller,Hank,Zeller,False,https://cdn.nba.com/headshots/nba/latest/1040x760/78642.png
202545,Luke Zeller,Luke,Zeller,False,https://cdn.nba.com/headshots/nba/latest/1040x760/202545.png
203092,Tyler Zeller,Tyler,Zeller,False,https://cdn.nba.com/headshots/nba/latest/1040x760/203092.png
78643,Tony Zeno,Tony,Zeno,False,https://cdn.nba.com/headshots/nba/latest/1040x760/78643.png
78644,Phil Zevenbergen,Phil,Zevenbergen,False,https://cdn.nba.com/headshots/nba/latest/1040x760/78644.png
1917,Wang Zhi-zhi,Wang,Zhi-zhi,False,https://cdn.nba.com/headshots/nba/latest/1040x760/1917.png
1627753,Zhou Qi,,Zhou Qi,False,https://cdn.nba.com/headshots/nba/latest/1040x760/1627753.png
678,George Zidek,George,Zidek,False,https://cdn.nba.com/headshots/nba/latest/1040x760/678.png
2583,Derrick Zimmerman,Derrick,Zimmerman,False,https://cdn.nba.com/headshots/nba/latest/1040x760/2583.png
1627757,Stephen Zimmerman,Stephen,Zimmerman,False,https://cdn.nba.com/headshots/nba/latest/1040x760/1627757.png
1627835,Paul Zipser,Paul,Zipser,False,https://cdn.nba.com/headshots/nba/latest/1040x760/1627835.png
1627790,Ante Zizic,Ante,Zizic,False,https://cdn.nba.com/headshots/nba/latest/1040x760/1627790.png
78647,Jim Zoet,Jim,Zoet,False,https://cdn.nba.com/headshots/nba/latest/1040x760/78647.png
78648,Bill Zopf,Bill,Zopf,False,https://cdn.nba.com/headshots/nba/latest/1040x760/78648.png
1627826,Ivica Zubac,Ivica,Zubac,True,https://cdn.nba.com/headshots/nba/latest/1040x760/1627826.png
78650,Matt Zunic,Matt,Zunic,False,https://cdn.nba.com/headshots/nba/latest/1040x760/78650.png
1641783,Tristan da Silva,Tristan,da Silva,True,https://cdn.nba.com/headshots/nba/latest/1040x760/1641783.png
1628427,Vlatko Čančar,Vlatko,Čančar,True,https://cdn.nba.com/headshots/nba/latest/1040x760/1628427.png
203967,Dario Šarić,Dario,Šarić,True,https://cdn.nba.com/headshots/nba/latest/1040x760/203967.png
